open,high,low,close,tick_volume,spread,real_volume,state_hat_H2,margin_H2,ctx_session_bucket,ctx_state_age,ctx_dist_vwap_atr,ctx_vwap_source,ctx_vwap_anchor,LOOK_FOR_balance_compression,LOOK_FOR_transition_inventory_reset,LOOK_FOR_transition_initiative,LOOK_FOR_trend_orderly_pullback_asia,LOOK_FOR_trend_orderly_pullback_west,LOOK_FOR_trend_overextended,quality_label,quality_label_full,base_state
4745.15,4745.95,4744.45,4744.65,0,0,0,2,0.7969416129663738,ASIA,3,0.06746281164891632,day_anchor_std,server_midnight,0,0,0,1,0,0,TREND_STRONG,TREND_STRONG,TREND
4744.75,4745.75,4744.45,4744.75,0,0,0,2,0.7969416129663738,ASIA,3,0.06746281164891632,day_anchor_std,server_midnight,0,0,0,1,0,0,TREND_STRONG,TREND_STRONG,TREND
4744.75,4744.95,4744.45,4744.45,0,0,0,2,0.7969416129663738,ASIA,3,0.06746281164891632,day_anchor_std,server_midnight,0,0,0,1,0,0,TREND_STRONG,TREND_STRONG,TREND
4744.45,4744.75,4743.25,4743.45,0,0,0,2,0.7969416129663738,ASIA,3,0.06746281164891632,day_anchor_std,server_midnight,0,0,0,1,0,0,TREND_STRONG,TREND_STRONG,TREND
4743.45,4743.75,4741.95,4742.95,0,0,0,2,0.6010061970230045,ASIA,4,0.04761904761900398,day_anchor_std,server_midnight,0,0,0,1,0,0,UNCLASSIFIED,TREND_UNCLASSIFIED,TREND
4742.95,4743.95,4742.95,4743.95,0,0,0,2,0.6010061970230045,ASIA,4,0.04761904761900398,day_anchor_std,server_midnight,0,0,0,1,0,0,UNCLASSIFIED,TREND_UNCLASSIFIED,TREND
4743.75,4745.75,4743.25,4745.75,0,0,0,2,0.6010061970230045,ASIA,4,0.04761904761900398,day_anchor_std,server_midnight,0,0,0,1,0,0,UNCLASSIFIED,TREND_UNCLASSIFIED,TREND
4745.45,4745.75,4744.45,4744.75,0,0,0,2,0.6010061970230045,ASIA,4,0.04761904761900398,day_anchor_std,server_midnight,0,0,0,1,0,0,UNCLASSIFIED,TREND_UNCLASSIFIED,TREND
4744.45,4745.35,4743.25,4745.25,0,0,0,2,0.822649646814336,ASIA,5,0.1938417028311832,day_anchor_std,server_midnight,0,0,0,1,0,0,TREND_STRONG,TREND_STRONG,TREND
4745.45,4746.25,4744.25,4745.25,0,0,0,2,0.822649646814336,ASIA,5,0.1938417028311832,day_anchor_std,server_midnight,0,0,0,1,0,0,TREND_STRONG,TREND_STRONG,TREND
4745.45,4748.95,4743.45,4744.45,0,0,0,2,0.822649646814336,ASIA,5,0.1938417028311832,day_anchor_std,server_midnight,0,0,0,1,0,0,TREND_STRONG,TREND_STRONG,TREND
4744.7,4747.25,4741.45,4741.95,0,0,0,2,0.822649646814336,ASIA,5,0.1938417028311832,day_anchor_std,server_midnight,0,0,0,1,0,0,TREND_STRONG,TREND_STRONG,TREND
4741.95,4742.95,4737.45,4739.45,0,0,0,2,0.7686381736174429,ASIA,6,0.5186746987951473,day_anchor_std,server_midnight,0,0,0,1,0,0,TREND_STRONG,TREND_STRONG,TREND
4739.75,4739.95,4735.75,4735.75,0,0,0,2,0.7686381736174429,ASIA,6,0.5186746987951473,day_anchor_std,server_midnight,0,0,0,1,0,0,TREND_STRONG,TREND_STRONG,TREND
4735.75,4738.25,4734.75,4735.75,0,0,0,2,0.7686381736174429,ASIA,6,0.5186746987951473,day_anchor_std,server_midnight,0,0,0,1,0,0,TREND_STRONG,TREND_STRONG,TREND
4735.45,4739.95,4735.25,4737.05,0,0,0,2,0.7686381736174429,ASIA,6,0.5186746987951473,day_anchor_std,server_midnight,0,0,0,1,0,0,TREND_STRONG,TREND_STRONG,TREND
4706.9,4709.4,4701.0,4701.65,0,0,0,1,0.7388366166103806,NY,2,1.5400282314982978,day_anchor_std,server_midnight,0,0,1,0,0,0,UNCLASSIFIED,TRANSITION_UNCLASSIFIED,TRANSITION
4701.55,4705.95,4697.75,4702.95,0,0,0,1,0.7388366166103806,NY,2,1.5400282314982978,day_anchor_std,server_midnight,0,0,1,0,0,0,UNCLASSIFIED,TRANSITION_UNCLASSIFIED,TRANSITION
4702.75,4706.45,4696.75,4698.95,0,0,0,1,0.7388366166103806,NY,2,1.5400282314982978,day_anchor_std,server_midnight,0,0,1,0,0,0,UNCLASSIFIED,TRANSITION_UNCLASSIFIED,TRANSITION
4698.95,4703.15,4688.25,4691.55,0,0,0,1,0.7388366166103806,NY,2,1.5400282314982978,day_anchor_std,server_midnight,0,0,1,0,0,0,UNCLASSIFIED,TRANSITION_UNCLASSIFIED,TRANSITION
4693.85,4694.9,4693.85,4694.6,0,0,0,2,0.8741863581747301,ASIA,3,0.09021345146991354,day_anchor_std,server_midnight,0,0,0,1,0,0,UNCLASSIFIED,TREND_UNCLASSIFIED,TREND
4694.6,4694.7,4692.85,4693.1,0,0,0,2,0.8741863581747301,ASIA,3,0.09021345146991354,day_anchor_std,server_midnight,0,0,0,1,0,0,UNCLASSIFIED,TREND_UNCLASSIFIED,TREND
4693.4,4695.6,4693.1,4695.6,0,0,0,2,0.8741863581747301,ASIA,3,0.09021345146991354,day_anchor_std,server_midnight,0,0,0,1,0,0,UNCLASSIFIED,TREND_UNCLASSIFIED,TREND
4695.6,4695.6,4692.4,4692.8,0,0,0,2,0.8741863581747301,ASIA,3,0.09021345146991354,day_anchor_std,server_midnight,0,0,0,1,0,0,UNCLASSIFIED,TREND_UNCLASSIFIED,TREND
4692.9,4693.4,4690.35,4691.4,0,0,0,2,0.898619504571433,ASIA,4,0.5346295590290864,day_anchor_std,server_midnight,0,0,0,1,0,0,TREND_STRONG,TREND_STRONG,TREND
4691.6,4692.1,4690.85,4690.85,0,0,0,2,0.898619504571433,ASIA,4,0.5346295590290864,day_anchor_std,server_midnight,0,0,0,1,0,0,TREND_STRONG,TREND_STRONG,TREND
4691.1,4692.35,4688.55,4688.55,0,0,0,2,0.898619504571433,ASIA,4,0.5346295590290864,day_anchor_std,server_midnight,0,0,0,1,0,0,TREND_STRONG,TREND_STRONG,TREND
4688.25,4688.55,4682.4,4685.75,0,0,0,2,0.898619504571433,ASIA,4,0.5346295590290864,day_anchor_std,server_midnight,0,0,0,1,0,0,TREND_STRONG,TREND_STRONG,TREND
4683.75,4685.6,4678.55,4683.95,0,0,0,1,0.9985498791134914,ASIA,2,0.8601340033500775,day_anchor_std,server_midnight,0,0,1,0,0,0,TRANSITION_NOISY,TRANSITION_NOISY,TRANSITION
4683.95,4684.15,4678.7,4679.35,0,0,0,1,0.9985498791134914,ASIA,2,0.8601340033500775,day_anchor_std,server_midnight,0,0,1,0,0,0,TRANSITION_NOISY,TRANSITION_NOISY,TRANSITION
4679.75,4681.75,4677.95,4678.75,0,0,0,1,0.9985498791134914,ASIA,2,0.8601340033500775,day_anchor_std,server_midnight,0,0,1,0,0,0,TRANSITION_NOISY,TRANSITION_NOISY,TRANSITION
4678.45,4679.75,4674.75,4679.45,0,0,0,1,0.9985498791134914,ASIA,2,0.8601340033500775,day_anchor_std,server_midnight,0,0,1,0,0,0,TRANSITION_NOISY,TRANSITION_NOISY,TRANSITION
4761.6,4762.1,4760.8,4761.3,0,0,0,2,0.9992381228213062,ASIA,6,0.02344273275284673,day_anchor_std,server_midnight,0,0,0,1,0,0,TREND_STRONG,TREND_STRONG,TREND
4761.1,4761.6,4760.55,4761.3,0,0,0,2,0.9992381228213062,ASIA,6,0.02344273275284673,day_anchor_std,server_midnight,0,0,0,1,0,0,TREND_STRONG,TREND_STRONG,TREND
4761.3,4761.3,4758.75,4758.8,0,0,0,2,0.9992381228213062,ASIA,6,0.02344273275284673,day_anchor_std,server_midnight,0,0,0,1,0,0,TREND_STRONG,TREND_STRONG,TREND
4759.05,4760.6,4759.05,4760.05,0,0,0,2,0.9992381228213062,ASIA,6,0.02344273275284673,day_anchor_std,server_midnight,0,0,0,1,0,0,TREND_STRONG,TREND_STRONG,TREND
4760.05,4760.6,4759.25,4759.55,0,0,0,2,0.9963543664494231,ASIA,7,0.007365836548561619,day_anchor_std,server_midnight,0,0,0,1,0,0,TREND_STRONG,TREND_STRONG,TREND
4759.3,4760.3,4758.3,4758.8,0,0,0,2,0.9963543664494231,ASIA,7,0.007365836548561619,day_anchor_std,server_midnight,0,0,0,1,0,0,TREND_STRONG,TREND_STRONG,TREND
4758.8,4759.6,4758.05,4759.3,0,0,0,2,0.9963543664494231,ASIA,7,0.007365836548561619,day_anchor_std,server_midnight,0,0,0,1,0,0,TREND_STRONG,TREND_STRONG,TREND
4759.3,4761.1,4758.75,4760.3,0,0,0,2,0.9963543664494231,ASIA,7,0.007365836548561619,day_anchor_std,server_midnight,0,0,0,1,0,0,TREND_STRONG,TREND_STRONG,TREND
4760.1,4760.3,4757.55,4758.3,0,0,0,2,0.9935982391469892,ASIA,8,0.5515967273687105,day_anchor_std,server_midnight,0,0,0,1,0,0,TREND_STRONG,TREND_STRONG,TREND
4758.15,4758.8,4757.45,4757.75,0,0,0,2,0.9935982391469892,ASIA,8,0.5515967273687105,day_anchor_std,server_midnight,0,0,0,1,0,0,TREND_STRONG,TREND_STRONG,TREND
4757.75,4757.75,4752.25,4752.55,0,0,0,2,0.9935982391469892,ASIA,8,0.5515967273687105,day_anchor_std,server_midnight,0,0,0,1,0,0,TREND_STRONG,TREND_STRONG,TREND
4752.3,4753.3,4750.8,4752.75,0,0,0,2,0.9935982391469892,ASIA,8,0.5515967273687105,day_anchor_std,server_midnight,0,0,0,1,0,0,TREND_STRONG,TREND_STRONG,TREND
4753.05,4753.75,4747.05,4749.75,0,0,0,2,0.9772436455055362,ASIA,9,0.6377201840009635,day_anchor_std,server_midnight,0,0,0,1,0,0,TREND_STRONG,TREND_STRONG,TREND
4749.8,4753.6,4749.75,4752.25,0,0,0,2,0.9772436455055362,ASIA,9,0.6377201840009635,day_anchor_std,server_midnight,0,0,0,1,0,0,TREND_STRONG,TREND_STRONG,TREND
4752.25,4753.05,4750.05,4751.75,0,0,0,2,0.9772436455055362,ASIA,9,0.6377201840009635,day_anchor_std,server_midnight,0,0,0,1,0,0,TREND_STRONG,TREND_STRONG,TREND
4751.8,4752.3,4748.55,4750.45,0,0,0,2,0.9772436455055362,ASIA,9,0.6377201840009635,day_anchor_std,server_midnight,0,0,0,1,0,0,TREND_STRONG,TREND_STRONG,TREND
4750.5,4751.3,4746.05,4746.55,0,0,0,2,0.8764219746565659,LONDON,10,0.7073062402842293,day_anchor_std,server_midnight,0,0,0,0,1,0,TREND_STRONG,TREND_STRONG,TREND
4746.5,4747.75,4741.55,4742.75,0,0,0,2,0.8764219746565659,LONDON,10,0.7073062402842293,day_anchor_std,server_midnight,0,0,0,0,1,0,TREND_STRONG,TREND_STRONG,TREND
4742.75,4747.1,4741.25,4746.1,0,0,0,2,0.8764219746565659,LONDON,10,0.7073062402842293,day_anchor_std,server_midnight,0,0,0,0,1,0,TREND_STRONG,TREND_STRONG,TREND
4746.05,4749.25,4745.05,4748.3,0,0,0,2,0.8764219746565659,LONDON,10,0.7073062402842293,day_anchor_std,server_midnight,0,0,0,0,1,0,TREND_STRONG,TREND_STRONG,TREND
4767.65,4770.0,4764.15,4769.45,0,0,0,1,0.9138466698573042,NY,1,1.4593419260189768,day_anchor_std,server_midnight,0,0,1,0,0,0,UNCLASSIFIED,TRANSITION_UNCLASSIFIED,TRANSITION
4769.5,4773.0,4768.95,4772.1,0,0,0,1,0.9138466698573042,NY,1,1.4593419260189768,day_anchor_std,server_midnight,0,0,1,0,0,0,UNCLASSIFIED,TRANSITION_UNCLASSIFIED,TRANSITION
4772.15,4777.6,4766.4,4771.2,0,0,0,1,0.9138466698573042,NY,1,1.4593419260189768,day_anchor_std,server_midnight,0,0,1,0,0,0,UNCLASSIFIED,TRANSITION_UNCLASSIFIED,TRANSITION
4771.35,4776.95,4770.6,4775.95,0,0,0,1,0.9138466698573042,NY,1,1.4593419260189768,day_anchor_std,server_midnight,0,0,1,0,0,0,UNCLASSIFIED,TRANSITION_UNCLASSIFIED,TRANSITION
4779.05,4779.45,4751.45,4765.4,0,0,0,1,0.8419904524777695,LONDON,3,3.383709016393455,day_anchor_std,server_midnight,0,0,1,0,0,0,UNCLASSIFIED,TRANSITION_UNCLASSIFIED,TRANSITION
4765.4,4771.25,4754.45,4755.45,0,0,0,1,0.8419904524777695,LONDON,3,3.383709016393455,day_anchor_std,server_midnight,0,0,1,0,0,0,UNCLASSIFIED,TRANSITION_UNCLASSIFIED,TRANSITION
4755.65,4758.45,4740.65,4745.45,0,0,0,1,0.8419904524777695,LONDON,3,3.383709016393455,day_anchor_std,server_midnight,0,0,1,0,0,0,UNCLASSIFIED,TRANSITION_UNCLASSIFIED,TRANSITION
4745.75,4750.25,4737.75,4741.25,0,0,0,1,0.8419904524777695,LONDON,3,3.383709016393455,day_anchor_std,server_midnight,0,0,1,0,0,0,UNCLASSIFIED,TRANSITION_UNCLASSIFIED,TRANSITION
4773.05,4777.65,4768.95,4776.55,0,0,0,0,0.810341417496232,NY,2,0.33525221459926857,day_anchor_std,server_midnight,1,0,0,0,0,0,UNCLASSIFIED,BALANCE_UNCLASSIFIED,BALANCE
4776.65,4785.35,4774.75,4783.65,0,0,0,0,0.810341417496232,NY,2,0.33525221459926857,day_anchor_std,server_midnight,1,0,0,0,0,0,UNCLASSIFIED,BALANCE_UNCLASSIFIED,BALANCE
4783.85,4784.65,4770.5,4774.9,0,0,0,0,0.810341417496232,NY,2,0.33525221459926857,day_anchor_std,server_midnight,1,0,0,0,0,0,UNCLASSIFIED,BALANCE_UNCLASSIFIED,BALANCE
4774.9,4783.3,4771.5,4779.8,0,0,0,0,0.810341417496232,NY,2,0.33525221459926857,day_anchor_std,server_midnight,1,0,0,0,0,0,UNCLASSIFIED,BALANCE_UNCLASSIFIED,BALANCE
4778.2,4780.35,4777.05,4777.55,0,0,0,1,0.7203584687867791,NY_PM,4,1.673821907013313,day_anchor_std,server_midnight,0,0,1,0,0,0,UNCLASSIFIED,TRANSITION_UNCLASSIFIED,TRANSITION
4777.75,4777.75,4775.35,4775.55,0,0,0,1,0.7203584687867791,NY_PM,4,1.673821907013313,day_anchor_std,server_midnight,0,0,1,0,0,0,UNCLASSIFIED,TRANSITION_UNCLASSIFIED,TRANSITION
4775.55,4775.55,4770.85,4771.85,0,0,0,1,0.7203584687867791,NY_PM,4,1.673821907013313,day_anchor_std,server_midnight,0,0,1,0,0,0,UNCLASSIFIED,TRANSITION_UNCLASSIFIED,TRANSITION
4771.55,4772.35,4766.25,4766.85,0,0,0,1,0.7203584687867791,NY_PM,4,1.673821907013313,day_anchor_std,server_midnight,0,0,1,0,0,0,UNCLASSIFIED,TRANSITION_UNCLASSIFIED,TRANSITION
4803.85,4809.65,4803.85,4805.45,0,0,0,2,0.8225415903679194,LONDON,4,0.19913906045296406,day_anchor_std,server_midnight,0,0,0,0,1,0,TREND_STRONG,TREND_STRONG,TREND
4805.15,4806.25,4797.75,4798.75,0,0,0,2,0.8225415903679194,LONDON,4,0.19913906045296406,day_anchor_std,server_midnight,0,0,0,0,1,0,TREND_STRONG,TREND_STRONG,TREND
4798.75,4799.75,4788.75,4789.45,0,0,0,2,0.8225415903679194,LONDON,4,0.19913906045296406,day_anchor_std,server_midnight,0,0,0,0,1,0,TREND_STRONG,TREND_STRONG,TREND
4789.75,4792.75,4782.85,4792.25,0,0,0,2,0.8225415903679194,LONDON,4,0.19913906045296406,day_anchor_std,server_midnight,0,0,0,0,1,0,TREND_STRONG,TREND_STRONG,TREND
4792.95,4797.05,4783.15,4792.65,0,0,0,2,0.9901685552471485,LONDON,5,0.8468372423595989,day_anchor_std,server_midnight,0,0,0,0,1,0,TREND_STRONG,TREND_STRONG,TREND
4792.55,4798.55,4786.55,4796.25,0,0,0,2,0.9901685552471485,LONDON,5,0.8468372423595989,day_anchor_std,server_midnight,0,0,0,0,1,0,TREND_STRONG,TREND_STRONG,TREND
4796.45,4805.65,4793.55,4802.15,0,0,0,2,0.9901685552471485,LONDON,5,0.8468372423595989,day_anchor_std,server_midnight,0,0,0,0,1,0,TREND_STRONG,TREND_STRONG,TREND
4802.15,4802.85,4795.65,4802.15,0,0,0,2,0.9901685552471485,LONDON,5,0.8468372423595989,day_anchor_std,server_midnight,0,0,0,0,1,0,TREND_STRONG,TREND_STRONG,TREND
4831.05,4840.75,4829.55,4833.25,0,0,0,2,0.9998806533942254,NY,7,2.9224657183135,day_anchor_std,server_midnight,0,0,0,0,0,1,TREND_STRONG,TREND_STRONG,TREND
4833.65,4836.25,4827.05,4835.95,0,0,0,2,0.9998806533942254,NY,7,2.9224657183135,day_anchor_std,server_midnight,0,0,0,0,0,1,TREND_STRONG,TREND_STRONG,TREND
4836.05,4839.35,4832.65,4835.95,0,0,0,2,0.9998806533942254,NY,7,2.9224657183135,day_anchor_std,server_midnight,0,0,0,0,0,1,TREND_STRONG,TREND_STRONG,TREND
4835.95,4839.15,4832.85,4838.85,0,0,0,2,0.9998806533942254,NY,7,2.9224657183135,day_anchor_std,server_midnight,0,0,0,0,0,1,TREND_STRONG,TREND_STRONG,TREND
4837.65,4841.65,4835.45,4840.65,0,0,0,2,0.99592878539051,NY_PM,8,3.1419733333332602,day_anchor_std,server_midnight,0,0,0,0,0,1,TREND_STRONG,TREND_STRONG,TREND
4840.65,4842.05,4840.15,4841.15,0,0,0,2,0.99592878539051,NY_PM,8,3.1419733333332602,day_anchor_std,server_midnight,0,0,0,0,0,1,TREND_STRONG,TREND_STRONG,TREND
4843.4,4848.95,4843.35,4844.15,0,0,0,2,0.9981251881929221,NY_PM,9,0.31799650553295106,day_anchor_std,server_midnight,0,0,0,0,1,0,TREND_STRONG,TREND_STRONG,TREND
4844.35,4846.35,4843.85,4844.65,0,0,0,2,0.9981251881929221,NY_PM,9,0.31799650553295106,day_anchor_std,server_midnight,0,0,0,0,1,0,TREND_STRONG,TREND_STRONG,TREND
4844.65,4846.85,4843.65,4846.85,0,0,0,2,0.9981251881929221,NY_PM,9,0.31799650553295106,day_anchor_std,server_midnight,0,0,0,0,1,0,TREND_STRONG,TREND_STRONG,TREND
4846.85,4856.65,4846.65,4855.85,0,0,0,2,0.9981251881929221,NY_PM,9,0.31799650553295106,day_anchor_std,server_midnight,0,0,0,0,1,0,TREND_STRONG,TREND_STRONG,TREND
4855.85,4857.35,4852.05,4854.35,0,0,0,2,0.9991169353643256,NY_PM,10,0.036479444122815244,day_anchor_std,server_midnight,0,0,0,0,1,0,UNCLASSIFIED,TREND_UNCLASSIFIED,TREND
4854.55,4855.15,4851.35,4852.85,0,0,0,2,0.9991169353643256,NY_PM,10,0.036479444122815244,day_anchor_std,server_midnight,0,0,0,0,1,0,UNCLASSIFIED,TREND_UNCLASSIFIED,TREND
4853.15,4855.05,4851.65,4851.65,0,0,0,2,0.9991169353643256,NY_PM,10,0.036479444122815244,day_anchor_std,server_midnight,0,0,0,0,1,0,UNCLASSIFIED,TREND_UNCLASSIFIED,TREND
4851.85,4852.85,4849.85,4851.85,0,0,0,2,0.9991169353643256,NY_PM,10,0.036479444122815244,day_anchor_std,server_midnight,0,0,0,0,1,0,UNCLASSIFIED,TREND_UNCLASSIFIED,TREND
4853.35,4856.15,4853.15,4855.3,0,0,0,2,0.9990086276740724,LONDON,3,0.5940150614347584,day_anchor_std,server_midnight,0,0,0,0,1,0,TREND_STRONG,TREND_STRONG,TREND
4855.15,4857.35,4854.15,4854.15,0,0,0,2,0.9990086276740724,LONDON,3,0.5940150614347584,day_anchor_std,server_midnight,0,0,0,0,1,0,TREND_STRONG,TREND_STRONG,TREND
4854.15,4859.65,4854.15,4859.15,0,0,0,2,0.9990086276740724,LONDON,3,0.5940150614347584,day_anchor_std,server_midnight,0,0,0,0,1,0,TREND_STRONG,TREND_STRONG,TREND
4859.15,4860.35,4857.35,4859.65,0,0,0,2,0.9990086276740724,LONDON,3,0.5940150614347584,day_anchor_std,server_midnight,0,0,0,0,1,0,TREND_STRONG,TREND_STRONG,TREND
4866.45,4868.4,4858.45,4859.75,0,0,0,2,0.996688124750853,LONDON,5,0.14475990185766047,day_anchor_std,server_midnight,0,0,0,0,1,0,UNCLASSIFIED,TREND_UNCLASSIFIED,TREND
4859.85,4859.95,4849.45,4851.35,0,0,0,2,0.996688124750853,LONDON,5,0.14475990185766047,day_anchor_std,server_midnight,0,0,0,0,1,0,UNCLASSIFIED,TREND_UNCLASSIFIED,TREND
4851.55,4857.05,4846.55,4856.35,0,0,0,2,0.996688124750853,LONDON,5,0.14475990185766047,day_anchor_std,server_midnight,0,0,0,0,1,0,UNCLASSIFIED,TREND_UNCLASSIFIED,TREND
4856.55,4857.75,4850.7,4856.3,0,0,0,2,0.996688124750853,LONDON,5,0.14475990185766047,day_anchor_std,server_midnight,0,0,0,0,1,0,UNCLASSIFIED,TREND_UNCLASSIFIED,TREND
4856.35,4857.25,4848.15,4854.85,0,0,0,2,0.9421387859341468,NY,6,0.03950338600458576,day_anchor_std,server_midnight,0,0,0,0,1,0,UNCLASSIFIED,TREND_UNCLASSIFIED,TREND
4854.85,4855.95,4850.65,4853.15,0,0,0,2,0.9421387859341468,NY,6,0.03950338600458576,day_anchor_std,server_midnight,0,0,0,0,1,0,UNCLASSIFIED,TREND_UNCLASSIFIED,TREND
4853.25,4853.35,4843.45,4844.45,0,0,0,2,0.9421387859341468,NY,6,0.03950338600458576,day_anchor_std,server_midnight,0,0,0,0,1,0,UNCLASSIFIED,TREND_UNCLASSIFIED,TREND
4844.45,4855.35,4844.25,4853.95,0,0,0,2,0.9421387859341468,NY,6,0.03950338600458576,day_anchor_std,server_midnight,0,0,0,0,1,0,UNCLASSIFIED,TREND_UNCLASSIFIED,TREND
4851.85,4852.65,4851.35,4851.85,0,0,0,0,0.7902275863343523,ASIA,2,0.11276332094177023,day_anchor_std,server_midnight,1,0,0,0,0,0,UNCLASSIFIED,BALANCE_UNCLASSIFIED,BALANCE
4852.05,4852.85,4850.65,4851.35,0,0,0,0,0.7902275863343523,ASIA,2,0.11276332094177023,day_anchor_std,server_midnight,1,0,0,0,0,0,UNCLASSIFIED,BALANCE_UNCLASSIFIED,BALANCE
4851.35,4852.65,4851.15,4852.15,0,0,0,0,0.7902275863343523,ASIA,2,0.11276332094177023,day_anchor_std,server_midnight,1,0,0,0,0,0,UNCLASSIFIED,BALANCE_UNCLASSIFIED,BALANCE
4852.15,4853.35,4851.35,4852.85,0,0,0,0,0.7902275863343523,ASIA,2,0.11276332094177023,day_anchor_std,server_midnight,1,0,0,0,0,0,UNCLASSIFIED,BALANCE_UNCLASSIFIED,BALANCE
4855.05,4855.95,4851.85,4853.85,0,0,0,1,0.9491022337308835,NY,1,1.496706715652149,day_anchor_std,server_midnight,0,0,1,0,0,0,TRANSITION_NOISY,TRANSITION_NOISY,TRANSITION
4853.9,4860.25,4852.15,4858.85,0,0,0,1,0.9491022337308835,NY,1,1.496706715652149,day_anchor_std,server_midnight,0,0,1,0,0,0,TRANSITION_NOISY,TRANSITION_NOISY,TRANSITION
4858.95,4865.05,4857.55,4862.35,0,0,0,1,0.9491022337308835,NY,1,1.496706715652149,day_anchor_std,server_midnight,0,0,1,0,0,0,TRANSITION_NOISY,TRANSITION_NOISY,TRANSITION
4862.15,4866.85,4859.05,4864.95,0,0,0,1,0.9491022337308835,NY,1,1.496706715652149,day_anchor_std,server_midnight,0,0,1,0,0,0,TRANSITION_NOISY,TRANSITION_NOISY,TRANSITION
4866.0,4870.35,4863.35,4870.35,0,0,0,1,0.9102950735241532,NY_PM,2,2.3615241635685997,day_anchor_std,server_midnight,0,0,1,0,0,0,UNCLASSIFIED,TRANSITION_UNCLASSIFIED,TRANSITION
4870.65,4872.85,4870.1,4872.15,0,0,0,1,0.9102950735241532,NY_PM,2,2.3615241635685997,day_anchor_std,server_midnight,0,0,1,0,0,0,UNCLASSIFIED,TRANSITION_UNCLASSIFIED,TRANSITION
4872.25,4876.85,4872.25,4875.85,0,0,0,1,0.9566420571335107,NY_PM,3,3.0095614902735535,day_anchor_std,server_midnight,0,0,1,0,0,0,UNCLASSIFIED,TRANSITION_UNCLASSIFIED,TRANSITION
4876.15,4876.85,4875.35,4876.15,0,0,0,1,0.9566420571335107,NY_PM,3,3.0095614902735535,day_anchor_std,server_midnight,0,0,1,0,0,0,UNCLASSIFIED,TRANSITION_UNCLASSIFIED,TRANSITION
4875.85,4876.15,4875.05,4875.15,0,0,0,1,0.9566420571335107,NY_PM,3,3.0095614902735535,day_anchor_std,server_midnight,0,0,1,0,0,0,UNCLASSIFIED,TRANSITION_UNCLASSIFIED,TRANSITION
4875.35,4877.65,4874.65,4876.85,0,0,0,1,0.9566420571335107,NY_PM,3,3.0095614902735535,day_anchor_std,server_midnight,0,0,1,0,0,0,UNCLASSIFIED,TRANSITION_UNCLASSIFIED,TRANSITION
4888.35,4895.35,4888.15,4895.15,0,0,0,2,0.9978191320686342,LONDON,3,0.7088749799390021,day_anchor_std,server_midnight,0,0,0,0,1,0,UNCLASSIFIED,TREND_UNCLASSIFIED,TREND
4895.35,4895.85,4889.35,4891.15,0,0,0,2,0.9978191320686342,LONDON,3,0.7088749799390021,day_anchor_std,server_midnight,0,0,0,0,1,0,UNCLASSIFIED,TREND_UNCLASSIFIED,TREND
4891.15,4895.05,4890.35,4894.85,0,0,0,2,0.9978191320686342,LONDON,3,0.7088749799390021,day_anchor_std,server_midnight,0,0,0,0,1,0,UNCLASSIFIED,TREND_UNCLASSIFIED,TREND
4895.05,4895.15,4886.35,4887.55,0,0,0,2,0.9978191320686342,LONDON,3,0.7088749799390021,day_anchor_std,server_midnight,0,0,0,0,1,0,UNCLASSIFIED,TREND_UNCLASSIFIED,TREND
4900.35,4902.35,4895.45,4900.35,0,0,0,2,0.9643975788927756,NY,5,0.609239059862367,day_anchor_std,server_midnight,0,0,0,0,1,0,UNCLASSIFIED,TREND_UNCLASSIFIED,TREND
4900.75,4905.05,4900.55,4904.45,0,0,0,2,0.9643975788927756,NY,5,0.609239059862367,day_anchor_std,server_midnight,0,0,0,0,1,0,UNCLASSIFIED,TREND_UNCLASSIFIED,TREND
4904.55,4904.75,4891.75,4897.45,0,0,0,2,0.9643975788927756,NY,5,0.609239059862367,day_anchor_std,server_midnight,0,0,0,0,1,0,UNCLASSIFIED,TREND_UNCLASSIFIED,TREND
4897.55,4897.65,4886.45,4890.25,0,0,0,2,0.9643975788927756,NY,5,0.609239059862367,day_anchor_std,server_midnight,0,0,0,0,1,0,UNCLASSIFIED,TREND_UNCLASSIFIED,TREND
4870.15,4871.15,4869.15,4870.65,0,0,0,0,0.22340991939521282,ASIA,2,0.26545316647705286,day_anchor_std,server_midnight,1,0,0,0,0,0,BALANCE_LEAKING,BALANCE_LEAKING,BALANCE
4870.55,4873.65,4869.95,4873.45,0,0,0,0,0.22340991939521282,ASIA,2,0.26545316647705286,day_anchor_std,server_midnight,1,0,0,0,0,0,BALANCE_LEAKING,BALANCE_LEAKING,BALANCE
4873.45,4873.65,4871.15,4872.45,0,0,0,0,0.22340991939521282,ASIA,2,0.26545316647705286,day_anchor_std,server_midnight,1,0,0,0,0,0,BALANCE_LEAKING,BALANCE_LEAKING,BALANCE
4872.15,4873.95,4870.95,4872.65,0,0,0,0,0.22340991939521282,ASIA,2,0.26545316647705286,day_anchor_std,server_midnight,1,0,0,0,0,0,BALANCE_LEAKING,BALANCE_LEAKING,BALANCE
4872.65,4876.95,4871.95,4874.65,0,0,0,0,0.29763049602429903,ASIA,3,0.2830349531117413,day_anchor_std,server_midnight,1,0,0,0,0,0,BALANCE_LEAKING,BALANCE_LEAKING,BALANCE
4874.85,4875.45,4872.95,4872.95,0,0,0,0,0.29763049602429903,ASIA,3,0.2830349531117413,day_anchor_std,server_midnight,1,0,0,0,0,0,BALANCE_LEAKING,BALANCE_LEAKING,BALANCE
4872.95,4874.45,4869.65,4872.35,0,0,0,0,0.29763049602429903,ASIA,3,0.2830349531117413,day_anchor_std,server_midnight,1,0,0,0,0,0,BALANCE_LEAKING,BALANCE_LEAKING,BALANCE
4872.15,4875.45,4871.65,4873.65,0,0,0,0,0.29763049602429903,ASIA,3,0.2830349531117413,day_anchor_std,server_midnight,1,0,0,0,0,0,BALANCE_LEAKING,BALANCE_LEAKING,BALANCE
4883.35,4883.55,4877.35,4880.85,0,0,0,0,0.966171821890028,NY_PM,2,0.06522659889879381,day_anchor_std,server_midnight,1,0,0,0,0,0,BALANCE_LEAKING,BALANCE_LEAKING,BALANCE
4880.55,4881.35,4878.85,4879.35,0,0,0,0,0.966171821890028,NY_PM,2,0.06522659889879381,day_anchor_std,server_midnight,1,0,0,0,0,0,BALANCE_LEAKING,BALANCE_LEAKING,BALANCE
4879.55,4880.05,4878.95,4879.05,0,0,0,0,0.966171821890028,NY_PM,2,0.06522659889879381,day_anchor_std,server_midnight,1,0,0,0,0,0,BALANCE_LEAKING,BALANCE_LEAKING,BALANCE
4878.95,4881.85,4878.85,4881.55,0,0,0,0,0.966171821890028,NY_PM,2,0.06522659889879381,day_anchor_std,server_midnight,1,0,0,0,0,0,BALANCE_LEAKING,BALANCE_LEAKING,BALANCE
4881.85,4887.05,4881.45,4886.05,0,0,0,0,0.959455669889523,NY_PM,3,0.3625172450387313,day_anchor_std,server_midnight,1,0,0,0,0,0,UNCLASSIFIED,BALANCE_UNCLASSIFIED,BALANCE
4886.35,4887.55,4885.85,4887.35,0,0,0,0,0.959455669889523,NY_PM,3,0.3625172450387313,day_anchor_std,server_midnight,1,0,0,0,0,0,UNCLASSIFIED,BALANCE_UNCLASSIFIED,BALANCE
4887.35,4887.55,4884.85,4885.85,0,0,0,0,0.959455669889523,NY_PM,3,0.3625172450387313,day_anchor_std,server_midnight,1,0,0,0,0,0,UNCLASSIFIED,BALANCE_UNCLASSIFIED,BALANCE
4885.55,4886.35,4884.85,4886.35,0,0,0,0,0.959455669889523,NY_PM,3,0.3625172450387313,day_anchor_std,server_midnight,1,0,0,0,0,0,UNCLASSIFIED,BALANCE_UNCLASSIFIED,BALANCE
4886.55,4888.35,4885.05,4885.55,0,0,0,0,0.9185726744961283,ASIA,4,0.015171218032103957,day_anchor_std,server_midnight,1,0,0,0,0,0,BALANCE_LEAKING,BALANCE_LEAKING,BALANCE
4885.55,4887.35,4884.85,4887.05,0,0,0,0,0.9185726744961283,ASIA,4,0.015171218032103957,day_anchor_std,server_midnight,1,0,0,0,0,0,BALANCE_LEAKING,BALANCE_LEAKING,BALANCE
4887.05,4887.35,4886.35,4886.55,0,0,0,0,0.9185726744961283,ASIA,4,0.015171218032103957,day_anchor_std,server_midnight,1,0,0,0,0,0,BALANCE_LEAKING,BALANCE_LEAKING,BALANCE
4886.55,4887.35,4886.35,4886.85,0,0,0,0,0.9185726744961283,ASIA,4,0.015171218032103957,day_anchor_std,server_midnight,1,0,0,0,0,0,BALANCE_LEAKING,BALANCE_LEAKING,BALANCE
4887.05,4887.85,4886.35,4887.05,0,0,0,0,0.9345459981267991,ASIA,5,0.14511729405343646,day_anchor_std,server_midnight,1,0,0,0,0,0,BALANCE_LEAKING,BALANCE_LEAKING,BALANCE
4887.05,4888.35,4887.05,4888.35,0,0,0,0,0.9345459981267991,ASIA,5,0.14511729405343646,day_anchor_std,server_midnight,1,0,0,0,0,0,BALANCE_LEAKING,BALANCE_LEAKING,BALANCE
4888.55,4890.85,4888.05,4889.55,0,0,0,0,0.9345459981267991,ASIA,5,0.14511729405343646,day_anchor_std,server_midnight,1,0,0,0,0,0,BALANCE_LEAKING,BALANCE_LEAKING,BALANCE
4889.85,4890.55,4888.85,4889.05,0,0,0,0,0.9345459981267991,ASIA,5,0.14511729405343646,day_anchor_std,server_midnight,1,0,0,0,0,0,BALANCE_LEAKING,BALANCE_LEAKING,BALANCE
4930.45,4931.25,4929.95,4930.85,0,0,0,2,0.9947720706671621,ASIA,6,0.10894941634247798,day_anchor_std,server_midnight,0,0,0,1,0,0,TREND_STRONG,TREND_STRONG,TREND
4930.75,4930.75,4928.25,4928.25,0,0,0,2,0.9947720706671621,ASIA,6,0.10894941634247798,day_anchor_std,server_midnight,0,0,0,1,0,0,TREND_STRONG,TREND_STRONG,TREND
4928.25,4929.75,4927.95,4929.45,0,0,0,2,0.9947720706671621,ASIA,6,0.10894941634247798,day_anchor_std,server_midnight,0,0,0,1,0,0,TREND_STRONG,TREND_STRONG,TREND
4929.45,4929.95,4928.25,4928.25,0,0,0,2,0.9947720706671621,ASIA,6,0.10894941634247798,day_anchor_std,server_midnight,0,0,0,1,0,0,TREND_STRONG,TREND_STRONG,TREND
4928.45,4930.25,4928.25,4930.25,0,0,0,2,0.9578206227838355,ASIA,7,0.23936869793958915,day_anchor_std,server_midnight,0,0,0,1,0,0,TREND_STRONG,TREND_STRONG,TREND
4930.25,4931.25,4929.45,4929.75,0,0,0,2,0.9578206227838355,ASIA,7,0.23936869793958915,day_anchor_std,server_midnight,0,0,0,1,0,0,TREND_STRONG,TREND_STRONG,TREND
4929.95,4930.45,4927.45,4928.95,0,0,0,2,0.9578206227838355,ASIA,7,0.23936869793958915,day_anchor_std,server_midnight,0,0,0,1,0,0,TREND_STRONG,TREND_STRONG,TREND
4928.95,4929.25,4926.75,4926.75,0,0,0,2,0.9578206227838355,ASIA,7,0.23936869793958915,day_anchor_std,server_midnight,0,0,0,1,0,0,TREND_STRONG,TREND_STRONG,TREND
4926.45,4926.75,4921.75,4923.95,0,0,0,2,0.9834561588008613,ASIA,8,0.010568530313707586,day_anchor_std,server_midnight,0,0,0,1,0,0,TREND_STRONG,TREND_STRONG,TREND
4924.05,4925.35,4922.95,4924.95,0,0,0,2,0.9834561588008613,ASIA,8,0.010568530313707586,day_anchor_std,server_midnight,0,0,0,1,0,0,TREND_STRONG,TREND_STRONG,TREND
4924.45,4926.95,4922.75,4926.95,0,0,0,2,0.9834561588008613,ASIA,8,0.010568530313707586,day_anchor_std,server_midnight,0,0,0,1,0,0,TREND_STRONG,TREND_STRONG,TREND
4927.45,4928.95,4925.95,4928.25,0,0,0,2,0.9834561588008613,ASIA,8,0.010568530313707586,day_anchor_std,server_midnight,0,0,0,1,0,0,TREND_STRONG,TREND_STRONG,TREND
4927.95,4929.25,4924.1,4924.15,0,0,0,2,0.895485488265147,ASIA,9,0.2596948061039488,day_anchor_std,server_midnight,0,0,0,1,0,0,TREND_STRONG,TREND_STRONG,TREND
4923.95,4925.45,4923.45,4924.95,0,0,0,2,0.895485488265147,ASIA,9,0.2596948061039488,day_anchor_std,server_midnight,0,0,0,1,0,0,TREND_STRONG,TREND_STRONG,TREND
4924.75,4927.95,4924.25,4926.95,0,0,0,2,0.895485488265147,ASIA,9,0.2596948061039488,day_anchor_std,server_midnight,0,0,0,1,0,0,TREND_STRONG,TREND_STRONG,TREND
4926.95,4927.95,4924.95,4925.45,0,0,0,2,0.895485488265147,ASIA,9,0.2596948061039488,day_anchor_std,server_midnight,0,0,0,1,0,0,TREND_STRONG,TREND_STRONG,TREND
4924.95,4925.45,4921.95,4923.95,0,0,0,2,0.8353776980004467,LONDON,10,0.5650063856960201,day_anchor_std,server_midnight,0,0,0,0,1,0,TREND_STRONG,TREND_STRONG,TREND
4923.95,4924.75,4923.15,4924.65,0,0,0,2,0.8353776980004467,LONDON,10,0.5650063856960201,day_anchor_std,server_midnight,0,0,0,0,1,0,TREND_STRONG,TREND_STRONG,TREND
4924.65,4925.65,4923.35,4925.15,0,0,0,2,0.8353776980004467,LONDON,10,0.5650063856960201,day_anchor_std,server_midnight,0,0,0,0,1,0,TREND_STRONG,TREND_STRONG,TREND
4925.15,4925.15,4920.85,4922.35,0,0,0,2,0.8353776980004467,LONDON,10,0.5650063856960201,day_anchor_std,server_midnight,0,0,0,0,1,0,TREND_STRONG,TREND_STRONG,TREND
4922.55,4922.85,4916.85,4919.55,0,0,0,2,0.9724550918479863,LONDON,11,0.2623444125290132,day_anchor_std,server_midnight,0,0,0,0,1,0,TREND_STRONG,TREND_STRONG,TREND
4919.85,4920.85,4918.35,4919.05,0,0,0,2,0.9724550918479863,LONDON,11,0.2623444125290132,day_anchor_std,server_midnight,0,0,0,0,1,0,TREND_STRONG,TREND_STRONG,TREND
4919.35,4922.55,4917.85,4921.55,0,0,0,2,0.9724550918479863,LONDON,11,0.2623444125290132,day_anchor_std,server_midnight,0,0,0,0,1,0,TREND_STRONG,TREND_STRONG,TREND
4922.35,4929.25,4922.35,4929.15,0,0,0,2,0.9724550918479863,LONDON,11,0.2623444125290132,day_anchor_std,server_midnight,0,0,0,0,1,0,TREND_STRONG,TREND_STRONG,TREND
4929.45,4929.55,4919.75,4924.05,0,0,0,2,0.9602294672811721,LONDON,12,0.33971603490950497,day_anchor_std,server_midnight,0,0,0,0,1,0,TREND_STRONG,TREND_STRONG,TREND
4924.15,4925.85,4919.85,4922.85,0,0,0,2,0.9602294672811721,LONDON,12,0.33971603490950497,day_anchor_std,server_midnight,0,0,0,0,1,0,TREND_STRONG,TREND_STRONG,TREND
4922.75,4927.55,4921.05,4927.15,0,0,0,2,0.9602294672811721,LONDON,12,0.33971603490950497,day_anchor_std,server_midnight,0,0,0,0,1,0,TREND_STRONG,TREND_STRONG,TREND
4927.15,4931.35,4926.15,4929.85,0,0,0,2,0.9602294672811721,LONDON,12,0.33971603490950497,day_anchor_std,server_midnight,0,0,0,0,1,0,TREND_STRONG,TREND_STRONG,TREND
4929.75,4931.25,4921.65,4921.85,0,0,0,2,0.22042474675771367,NY,12,0.2687586120506218,day_anchor_std,server_midnight,0,0,0,0,1,0,TREND_STRONG,TREND_STRONG,TREND
4921.75,4923.1,4917.35,4920.35,0,0,0,2,0.22042474675771367,NY,12,0.2687586120506218,day_anchor_std,server_midnight,0,0,0,0,1,0,TREND_STRONG,TREND_STRONG,TREND
4920.35,4925.85,4917.85,4925.65,0,0,0,2,0.22042474675771367,NY,12,0.2687586120506218,day_anchor_std,server_midnight,0,0,0,0,1,0,TREND_STRONG,TREND_STRONG,TREND
4925.75,4926.85,4922.05,4923.85,0,0,0,2,0.22042474675771367,NY,12,0.2687586120506218,day_anchor_std,server_midnight,0,0,0,0,1,0,TREND_STRONG,TREND_STRONG,TREND
4925.05,4927.35,4914.55,4916.25,0,0,0,1,0.8586631152661485,NY_PM,2,1.547589388696677,day_anchor_std,server_midnight,0,0,1,0,0,0,UNCLASSIFIED,TRANSITION_UNCLASSIFIED,TRANSITION
4916.25,4917.75,4908.85,4909.35,0,0,0,1,0.8586631152661485,NY_PM,2,1.547589388696677,day_anchor_std,server_midnight,0,0,1,0,0,0,UNCLASSIFIED,TRANSITION_UNCLASSIFIED,TRANSITION
4906.55,4909.55,4905.05,4906.95,0,0,0,1,0.99719958616442,LONDON,6,1.2270396270396842,day_anchor_std,server_midnight,0,0,1,0,0,0,TRANSITION_NOISY,TRANSITION_NOISY,TRANSITION
4908.95,4912.65,4899.35,4901.05,0,0,0,1,0.99719958616442,LONDON,6,1.2270396270396842,day_anchor_std,server_midnight,0,0,1,0,0,0,TRANSITION_NOISY,TRANSITION_NOISY,TRANSITION
4901.05,4903.05,4896.85,4901.85,0,0,0,1,0.99719958616442,LONDON,6,1.2270396270396842,day_anchor_std,server_midnight,0,0,1,0,0,0,TRANSITION_NOISY,TRANSITION_NOISY,TRANSITION
4902.05,4906.65,4890.85,4893.15,0,0,0,1,0.99719958616442,LONDON,6,1.2270396270396842,day_anchor_std,server_midnight,0,0,1,0,0,0,TRANSITION_NOISY,TRANSITION_NOISY,TRANSITION
4955.05,4955.25,4954.05,4954.75,0,0,0,0,0.9678767898997371,ASIA,2,0.17310664605877127,day_anchor_std,server_midnight,1,0,0,0,0,0,BALANCE_LEAKING,BALANCE_LEAKING,BALANCE
4955.05,4955.55,4953.25,4955.05,0,0,0,0,0.9678767898997371,ASIA,2,0.17310664605877127,day_anchor_std,server_midnight,1,0,0,0,0,0,BALANCE_LEAKING,BALANCE_LEAKING,BALANCE
4955.05,4955.15,4951.25,4951.65,0,0,0,0,0.9678767898997371,ASIA,2,0.17310664605877127,day_anchor_std,server_midnight,1,0,0,0,0,0,BALANCE_LEAKING,BALANCE_LEAKING,BALANCE
4951.75,4954.55,4950.75,4954.15,0,0,0,0,0.9678767898997371,ASIA,2,0.17310664605877127,day_anchor_std,server_midnight,1,0,0,0,0,0,BALANCE_LEAKING,BALANCE_LEAKING,BALANCE
4954.25,4955.05,4952.75,4953.55,0,0,0,0,0.9690437035307716,ASIA,3,0.15663165086682584,day_anchor_std,server_midnight,1,0,0,0,0,0,BALANCE_LEAKING,BALANCE_LEAKING,BALANCE
4953.35,4953.55,4951.05,4951.85,0,0,0,0,0.9690437035307716,ASIA,3,0.15663165086682584,day_anchor_std,server_midnight,1,0,0,0,0,0,BALANCE_LEAKING,BALANCE_LEAKING,BALANCE
4951.75,4953.55,4951.25,4952.25,0,0,0,0,0.9690437035307716,ASIA,3,0.15663165086682584,day_anchor_std,server_midnight,1,0,0,0,0,0,BALANCE_LEAKING,BALANCE_LEAKING,BALANCE
4952.55,4954.25,4952.05,4954.05,0,0,0,0,0.9690437035307716,ASIA,3,0.15663165086682584,day_anchor_std,server_midnight,1,0,0,0,0,0,BALANCE_LEAKING,BALANCE_LEAKING,BALANCE
4962.75,4969.25,4962.25,4968.55,0,0,0,1,0.9958790076515996,LONDON,2,1.5973601125947396,day_anchor_std,server_midnight,0,0,1,0,0,0,UNCLASSIFIED,TRANSITION_UNCLASSIFIED,TRANSITION
4968.75,4971.35,4967.35,4970.35,0,0,0,1,0.9958790076515996,LONDON,2,1.5973601125947396,day_anchor_std,server_midnight,0,0,1,0,0,0,UNCLASSIFIED,TRANSITION_UNCLASSIFIED,TRANSITION
4970.6,4978.55,4970.35,4978.55,0,0,0,1,0.9958790076515996,LONDON,2,1.5973601125947396,day_anchor_std,server_midnight,0,0,1,0,0,0,UNCLASSIFIED,TRANSITION_UNCLASSIFIED,TRANSITION
4978.5,4979.75,4969.5,4974.55,0,0,0,1,0.9958790076515996,LONDON,2,1.5973601125947396,day_anchor_std,server_midnight,0,0,1,0,0,0,UNCLASSIFIED,TRANSITION_UNCLASSIFIED,TRANSITION
4974.3,4995.15,4970.7,4995.05,0,0,0,1,0.9983132026384846,LONDON,3,2.60754832770792,day_anchor_std,server_midnight,0,0,1,0,0,0,UNCLASSIFIED,TRANSITION_UNCLASSIFIED,TRANSITION
4995.15,4995.7,4985.85,4988.0,0,0,0,1,0.9983132026384846,LONDON,3,2.60754832770792,day_anchor_std,server_midnight,0,0,1,0,0,0,UNCLASSIFIED,TRANSITION_UNCLASSIFIED,TRANSITION
4988.0,4991.75,4983.75,4986.55,0,0,0,1,0.9983132026384846,LONDON,3,2.60754832770792,day_anchor_std,server_midnight,0,0,1,0,0,0,UNCLASSIFIED,TRANSITION_UNCLASSIFIED,TRANSITION
4986.75,4993.85,4984.05,4991.25,0,0,0,1,0.9983132026384846,LONDON,3,2.60754832770792,day_anchor_std,server_midnight,0,0,1,0,0,0,UNCLASSIFIED,TRANSITION_UNCLASSIFIED,TRANSITION
4995.95,4998.75,4995.75,4998.25,0,0,0,1,0.9863903901242516,ASIA,1,0.9394480841772128,day_anchor_std,server_midnight,0,0,1,0,0,0,UNCLASSIFIED,TRANSITION_UNCLASSIFIED,TRANSITION
4997.95,4999.25,4997.25,4998.95,0,0,0,1,0.9863903901242516,ASIA,1,0.9394480841772128,day_anchor_std,server_midnight,0,0,1,0,0,0,UNCLASSIFIED,TRANSITION_UNCLASSIFIED,TRANSITION
4998.95,5004.2,4998.95,5003.95,0,0,0,1,0.9863903901242516,ASIA,1,0.9394480841772128,day_anchor_std,server_midnight,0,0,1,0,0,0,UNCLASSIFIED,TRANSITION_UNCLASSIFIED,TRANSITION
5004.2,5004.75,5001.45,5003.75,0,0,0,1,0.9863903901242516,ASIA,1,0.9394480841772128,day_anchor_std,server_midnight,0,0,1,0,0,0,UNCLASSIFIED,TRANSITION_UNCLASSIFIED,TRANSITION
5028.45,5030.2,5027.45,5028.7,0,0,0,2,0.9596874684278192,LONDON,3,0.20022598870054054,day_anchor_std,server_midnight,0,0,0,0,1,0,TREND_STRONG,TREND_STRONG,TREND
5028.7,5029.4,5027.6,5028.7,0,0,0,2,0.9596874684278192,LONDON,3,0.20022598870054054,day_anchor_std,server_midnight,0,0,0,0,1,0,TREND_STRONG,TREND_STRONG,TREND
5028.9,5029.7,5027.4,5027.5,0,0,0,2,0.9596874684278192,LONDON,3,0.20022598870054054,day_anchor_std,server_midnight,0,0,0,0,1,0,TREND_STRONG,TREND_STRONG,TREND
5027.2,5028.2,5026.9,5028.2,0,0,0,2,0.9596874684278192,LONDON,3,0.20022598870054054,day_anchor_std,server_midnight,0,0,0,0,1,0,TREND_STRONG,TREND_STRONG,TREND
5028.2,5029.4,5027.15,5027.15,0,0,0,2,0.9870945570264048,LONDON,4,0.34766324702809637,day_anchor_std,server_midnight,0,0,0,0,1,0,TREND_STRONG,TREND_STRONG,TREND
5027.35,5027.35,5025.35,5025.65,0,0,0,2,0.9870945570264048,LONDON,4,0.34766324702809637,day_anchor_std,server_midnight,0,0,0,0,1,0,TREND_STRONG,TREND_STRONG,TREND
5025.85,5027.15,5023.85,5026.85,0,0,0,2,0.9870945570264048,LONDON,4,0.34766324702809637,day_anchor_std,server_midnight,0,0,0,0,1,0,TREND_STRONG,TREND_STRONG,TREND
5026.85,5029.65,5026.85,5029.45,0,0,0,2,0.9870945570264048,LONDON,4,0.34766324702809637,day_anchor_std,server_midnight,0,0,0,0,1,0,TREND_STRONG,TREND_STRONG,TREND
5019.15,5019.3,5018.0,5018.5,0,0,0,0,0.9020121453656345,ASIA,2,0.0856269113150265,day_anchor_std,server_midnight,1,0,0,0,0,0,UNCLASSIFIED,BALANCE_UNCLASSIFIED,BALANCE
5018.35,5018.35,5016.5,5016.8,0,0,0,0,0.9020121453656345,ASIA,2,0.0856269113150265,day_anchor_std,server_midnight,1,0,0,0,0,0,UNCLASSIFIED,BALANCE_UNCLASSIFIED,BALANCE
5016.8,5017.5,5016.5,5017.5,0,0,0,0,0.9020121453656345,ASIA,2,0.0856269113150265,day_anchor_std,server_midnight,1,0,0,0,0,0,UNCLASSIFIED,BALANCE_UNCLASSIFIED,BALANCE
5017.4,5017.5,5016.3,5016.8,0,0,0,0,0.9020121453656345,ASIA,2,0.0856269113150265,day_anchor_std,server_midnight,1,0,0,0,0,0,UNCLASSIFIED,BALANCE_UNCLASSIFIED,BALANCE
5016.8,5019.0,5016.8,5019.0,0,0,0,0,0.9268536092561894,ASIA,3,0.32550930026561803,day_anchor_std,server_midnight,1,0,0,0,0,0,BALANCE_LEAKING,BALANCE_LEAKING,BALANCE
5018.8,5019.0,5018.0,5018.0,0,0,0,0,0.9268536092561894,ASIA,3,0.32550930026561803,day_anchor_std,server_midnight,1,0,0,0,0,0,BALANCE_LEAKING,BALANCE_LEAKING,BALANCE
5018.3,5022.8,5018.25,5022.5,0,0,0,0,0.9268536092561894,ASIA,3,0.32550930026561803,day_anchor_std,server_midnight,1,0,0,0,0,0,BALANCE_LEAKING,BALANCE_LEAKING,BALANCE
5022.5,5023.3,5021.0,5021.55,0,0,0,0,0.9268536092561894,ASIA,3,0.32550930026561803,day_anchor_std,server_midnight,1,0,0,0,0,0,BALANCE_LEAKING,BALANCE_LEAKING,BALANCE
5021.55,5021.8,5020.25,5021.55,0,0,0,1,0.9758376279274562,ASIA,1,0.8852604097526596,day_anchor_std,server_midnight,0,0,1,0,0,0,TRANSITION_NOISY,TRANSITION_NOISY,TRANSITION
5022.3,5023.5,5020.5,5023.5,0,0,0,1,0.9758376279274562,ASIA,1,0.8852604097526596,day_anchor_std,server_midnight,0,0,1,0,0,0,TRANSITION_NOISY,TRANSITION_NOISY,TRANSITION
5023.8,5024.0,5018.0,5018.0,0,0,0,1,0.9758376279274562,ASIA,1,0.8852604097526596,day_anchor_std,server_midnight,0,0,1,0,0,0,TRANSITION_NOISY,TRANSITION_NOISY,TRANSITION
5018.05,5018.05,5008.3,5009.3,0,0,0,1,0.9758376279274562,ASIA,1,0.8852604097526596,day_anchor_std,server_midnight,0,0,1,0,0,0,TRANSITION_NOISY,TRANSITION_NOISY,TRANSITION
5005.55,5009.9,5004.55,5007.4,0,0,0,1,0.9943656140150444,LONDON,4,4.095385674931151,day_anchor_std,server_midnight,0,0,1,0,0,0,UNCLASSIFIED,TRANSITION_UNCLASSIFIED,TRANSITION
5007.7,5011.95,4959.35,4961.85,0,0,0,1,0.9943656140150444,LONDON,4,4.095385674931151,day_anchor_std,server_midnight,0,0,1,0,0,0,UNCLASSIFIED,TRANSITION_UNCLASSIFIED,TRANSITION
4962.15,4962.15,4951.45,4958.65,0,0,0,1,0.9943656140150444,LONDON,4,4.095385674931151,day_anchor_std,server_midnight,0,0,1,0,0,0,UNCLASSIFIED,TRANSITION_UNCLASSIFIED,TRANSITION
4958.65,4965.45,4949.95,4951.45,0,0,0,1,0.9943656140150444,LONDON,4,4.095385674931151,day_anchor_std,server_midnight,0,0,1,0,0,0,UNCLASSIFIED,TRANSITION_UNCLASSIFIED,TRANSITION
5001.35,5002.75,5001.1,5001.6,0,0,0,2,0.642546602327053,ASIA,6,0.0026432549797372317,day_anchor_std,server_midnight,0,0,0,1,0,0,TREND_STRONG,TREND_STRONG,TREND
5001.85,5002.6,5001.35,5001.6,0,0,0,2,0.642546602327053,ASIA,6,0.0026432549797372317,day_anchor_std,server_midnight,0,0,0,1,0,0,TREND_STRONG,TREND_STRONG,TREND
5001.35,5002.35,5000.85,5002.1,0,0,0,2,0.642546602327053,ASIA,6,0.0026432549797372317,day_anchor_std,server_midnight,0,0,0,1,0,0,TREND_STRONG,TREND_STRONG,TREND
5002.35,5002.35,5001.1,5001.85,0,0,0,2,0.642546602327053,ASIA,6,0.0026432549797372317,day_anchor_std,server_midnight,0,0,0,1,0,0,TREND_STRONG,TREND_STRONG,TREND
5002.1,5003.6,5001.35,5003.6,0,0,0,2,0.6164018108803181,ASIA,7,0.29736010410857483,day_anchor_std,server_midnight,0,0,0,1,0,0,TREND_STRONG,TREND_STRONG,TREND
5003.35,5003.6,5002.1,5002.6,0,0,0,2,0.6164018108803181,ASIA,7,0.29736010410857483,day_anchor_std,server_midnight,0,0,0,1,0,0,TREND_STRONG,TREND_STRONG,TREND
5002.6,5003.35,5000.6,5002.75,0,0,0,2,0.6164018108803181,ASIA,7,0.29736010410857483,day_anchor_std,server_midnight,0,0,0,1,0,0,TREND_STRONG,TREND_STRONG,TREND
5002.5,5007.85,5002.35,5007.35,0,0,0,2,0.6164018108803181,ASIA,7,0.29736010410857483,day_anchor_std,server_midnight,0,0,0,1,0,0,TREND_STRONG,TREND_STRONG,TREND
5007.35,5011.35,5006.35,5011.35,0,0,0,2,0.7903389459349442,ASIA,8,0.6173241645554386,day_anchor_std,server_midnight,0,0,0,1,0,0,TREND_STRONG,TREND_STRONG,TREND
5011.1,5011.6,5008.6,5008.6,0,0,0,2,0.7903389459349442,ASIA,8,0.6173241645554386,day_anchor_std,server_midnight,0,0,0,1,0,0,TREND_STRONG,TREND_STRONG,TREND
5008.5,5013.85,5008.35,5013.5,0,0,0,2,0.7903389459349442,ASIA,8,0.6173241645554386,day_anchor_std,server_midnight,0,0,0,1,0,0,TREND_STRONG,TREND_STRONG,TREND
5013.5,5013.85,5011.1,5013.6,0,0,0,2,0.7903389459349442,ASIA,8,0.6173241645554386,day_anchor_std,server_midnight,0,0,0,1,0,0,TREND_STRONG,TREND_STRONG,TREND
5008.95,5015.3,5007.45,5015.3,0,0,0,1,0.998340172549088,NY,5,1.1818695161150758,day_anchor_std,server_midnight,0,0,1,0,0,0,UNCLASSIFIED,TRANSITION_UNCLASSIFIED,TRANSITION
5015.55,5016.55,5010.8,5011.3,0,0,0,1,0.998340172549088,NY,5,1.1818695161150758,day_anchor_std,server_midnight,0,0,1,0,0,0,UNCLASSIFIED,TRANSITION_UNCLASSIFIED,TRANSITION
5010.9,5025.5,5010.2,5025.25,0,0,0,1,0.998340172549088,NY,5,1.1818695161150758,day_anchor_std,server_midnight,0,0,1,0,0,0,UNCLASSIFIED,TRANSITION_UNCLASSIFIED,TRANSITION
5025.75,5027.45,5019.7,5024.3,0,0,0,1,0.998340172549088,NY,5,1.1818695161150758,day_anchor_std,server_midnight,0,0,1,0,0,0,UNCLASSIFIED,TRANSITION_UNCLASSIFIED,TRANSITION
5028.25,5029.75,5028.25,5028.75,0,0,0,2,0.7523321063103983,ASIA,3,0.16803840877911586,day_anchor_std,server_midnight,0,0,0,1,0,0,UNCLASSIFIED,TREND_UNCLASSIFIED,TREND
5028.75,5029.2,5027.0,5027.1,0,0,0,2,0.7523321063103983,ASIA,3,0.16803840877911586,day_anchor_std,server_midnight,0,0,0,1,0,0,UNCLASSIFIED,TREND_UNCLASSIFIED,TREND
5027.2,5028.3,5027.1,5027.85,0,0,0,2,0.7523321063103983,ASIA,3,0.16803840877911586,day_anchor_std,server_midnight,0,0,0,1,0,0,UNCLASSIFIED,TREND_UNCLASSIFIED,TREND
5027.55,5030.45,5027.35,5030.45,0,0,0,2,0.7523321063103983,ASIA,3,0.16803840877911586,day_anchor_std,server_midnight,0,0,0,1,0,0,UNCLASSIFIED,TREND_UNCLASSIFIED,TREND
5030.45,5031.8,5029.45,5031.5,0,0,0,2,0.7810294817404101,ASIA,4,0.6774389714187423,day_anchor_std,server_midnight,0,0,0,1,0,0,UNCLASSIFIED,TREND_UNCLASSIFIED,TREND
5031.5,5032.75,5029.95,5031.05,0,0,0,2,0.7810294817404101,ASIA,4,0.6774389714187423,day_anchor_std,server_midnight,0,0,0,1,0,0,UNCLASSIFIED,TREND_UNCLASSIFIED,TREND
5030.65,5036.2,5030.65,5036.1,0,0,0,2,0.7810294817404101,ASIA,4,0.6774389714187423,day_anchor_std,server_midnight,0,0,0,1,0,0,UNCLASSIFIED,TREND_UNCLASSIFIED,TREND
5036.2,5037.75,5036.1,5036.8,0,0,0,2,0.7810294817404101,ASIA,4,0.6774389714187423,day_anchor_std,server_midnight,0,0,0,1,0,0,UNCLASSIFIED,TREND_UNCLASSIFIED,TREND
5036.95,5040.0,5035.25,5039.95,0,0,0,2,0.8776250854012095,ASIA,5,0.973588342440852,day_anchor_std,server_midnight,0,0,0,1,0,0,TREND_STRONG,TREND_STRONG,TREND
5040.1,5040.25,5037.25,5037.95,0,0,0,2,0.8776250854012095,ASIA,5,0.973588342440852,day_anchor_std,server_midnight,0,0,0,1,0,0,TREND_STRONG,TREND_STRONG,TREND
5037.75,5042.45,5037.75,5041.6,0,0,0,2,0.8776250854012095,ASIA,5,0.973588342440852,day_anchor_std,server_midnight,0,0,0,1,0,0,TREND_STRONG,TREND_STRONG,TREND
5041.6,5042.7,5040.75,5041.1,0,0,0,2,0.8776250854012095,ASIA,5,0.973588342440852,day_anchor_std,server_midnight,0,0,0,1,0,0,TREND_STRONG,TREND_STRONG,TREND
5040.75,5042.75,5040.0,5040.7,0,0,0,2,0.6823401214403508,LONDON,6,0.372525888058711,day_anchor_std,server_midnight,0,0,0,0,1,0,TREND_FRAGILE,TREND_FRAGILE,TREND
5040.75,5041.7,5039.05,5040.8,0,0,0,2,0.6823401214403508,LONDON,6,0.372525888058711,day_anchor_std,server_midnight,0,0,0,0,1,0,TREND_FRAGILE,TREND_FRAGILE,TREND
5040.5,5040.8,5037.25,5037.6,0,0,0,2,0.6823401214403508,LONDON,6,0.372525888058711,day_anchor_std,server_midnight,0,0,0,0,1,0,TREND_FRAGILE,TREND_FRAGILE,TREND
5037.6,5038.7,5036.2,5036.2,0,0,0,2,0.6823401214403508,LONDON,6,0.372525888058711,day_anchor_std,server_midnight,0,0,0,0,1,0,TREND_FRAGILE,TREND_FRAGILE,TREND
4970.35,4971.95,4963.55,4971.4,0,0,0,2,0.4583032113261708,NY,4,0.5524505204843998,day_anchor_std,server_midnight,0,0,0,0,1,0,TREND_STRONG,TREND_STRONG,TREND
4971.35,4979.55,4968.25,4978.65,0,0,0,2,0.4583032113261708,NY,4,0.5524505204843998,day_anchor_std,server_midnight,0,0,0,0,1,0,TREND_STRONG,TREND_STRONG,TREND
4978.95,4980.2,4973.95,4978.8,0,0,0,2,0.4583032113261708,NY,4,0.5524505204843998,day_anchor_std,server_midnight,0,0,0,0,1,0,TREND_STRONG,TREND_STRONG,TREND
4978.9,4980.15,4962.5,4979.65,0,0,0,2,0.4583032113261708,NY,4,0.5524505204843998,day_anchor_std,server_midnight,0,0,0,0,1,0,TREND_STRONG,TREND_STRONG,TREND
4979.6,4979.85,4973.4,4975.95,0,0,0,2,0.7202555953112098,NY_PM,5,0.7314129775622192,day_anchor_std,server_midnight,0,0,0,0,1,0,TREND_STRONG,TREND_STRONG,TREND
4976.0,4978.75,4975.55,4976.7,0,0,0,2,0.7202555953112098,NY_PM,5,0.7314129775622192,day_anchor_std,server_midnight,0,0,0,0,1,0,TREND_STRONG,TREND_STRONG,TREND
4972.25,4972.25,4968.75,4970.45,0,0,0,2,0.5210728601342367,NY_PM,7,1.0748551715159353,day_anchor_std,server_midnight,0,0,0,0,0,1,UNCLASSIFIED,TREND_UNCLASSIFIED,TREND
4970.45,4972.45,4968.25,4971.95,0,0,0,2,0.5210728601342367,NY_PM,7,1.0748551715159353,day_anchor_std,server_midnight,0,0,0,0,0,1,UNCLASSIFIED,TREND_UNCLASSIFIED,TREND
4971.95,4972.95,4971.0,4971.2,0,0,0,2,0.5210728601342367,NY_PM,7,1.0748551715159353,day_anchor_std,server_midnight,0,0,0,0,0,1,UNCLASSIFIED,TREND_UNCLASSIFIED,TREND
4971.2,4971.45,4968.85,4970.6,0,0,0,2,0.5210728601342367,NY_PM,7,1.0748551715159353,day_anchor_std,server_midnight,0,0,0,0,0,1,UNCLASSIFIED,TREND_UNCLASSIFIED,TREND
5029.15,5029.45,5026.65,5027.85,0,0,0,1,0.9955762242673225,ASIA,3,0.9657139945997837,day_anchor_std,server_midnight,0,0,1,0,0,0,UNCLASSIFIED,TRANSITION_UNCLASSIFIED,TRANSITION
5028.05,5032.05,5027.05,5031.35,0,0,0,1,0.9955762242673225,ASIA,3,0.9657139945997837,day_anchor_std,server_midnight,0,0,1,0,0,0,UNCLASSIFIED,TRANSITION_UNCLASSIFIED,TRANSITION
5031.35,5045.35,5031.35,5045.05,0,0,0,1,0.9955762242673225,ASIA,3,0.9657139945997837,day_anchor_std,server_midnight,0,0,1,0,0,0,UNCLASSIFIED,TRANSITION_UNCLASSIFIED,TRANSITION
5044.95,5045.55,5040.55,5042.15,0,0,0,1,0.9955762242673225,ASIA,3,0.9657139945997837,day_anchor_std,server_midnight,0,0,1,0,0,0,UNCLASSIFIED,TRANSITION_UNCLASSIFIED,TRANSITION
5046.35,5051.15,5044.55,5048.35,0,0,0,1,0.998744541119218,LONDON,6,1.5173041894353048,day_anchor_std,server_midnight,0,0,1,0,0,0,TRANSITION_NOISY,TRANSITION_NOISY,TRANSITION
5048.35,5053.85,5045.35,5052.3,0,0,0,1,0.998744541119218,LONDON,6,1.5173041894353048,day_anchor_std,server_midnight,0,0,1,0,0,0,TRANSITION_NOISY,TRANSITION_NOISY,TRANSITION
5052.15,5053.35,5047.3,5050.2,0,0,0,1,0.998744541119218,LONDON,6,1.5173041894353048,day_anchor_std,server_midnight,0,0,1,0,0,0,TRANSITION_NOISY,TRANSITION_NOISY,TRANSITION
5050.35,5064.55,5040.4,5060.05,0,0,0,1,0.998744541119218,LONDON,6,1.5173041894353048,day_anchor_std,server_midnight,0,0,1,0,0,0,TRANSITION_NOISY,TRANSITION_NOISY,TRANSITION
5091.05,5092.25,5090.55,5092.05,0,0,0,2,0.9968235707235666,ASIA,3,0.029230608623002526,day_anchor_std,server_midnight,0,0,0,1,0,0,UNCLASSIFIED,TREND_UNCLASSIFIED,TREND
5091.85,5092.05,5090.05,5091.75,0,0,0,2,0.9968235707235666,ASIA,3,0.029230608623002526,day_anchor_std,server_midnight,0,0,0,1,0,0,UNCLASSIFIED,TREND_UNCLASSIFIED,TREND
5091.55,5092.75,5089.95,5090.85,0,0,0,2,0.9968235707235666,ASIA,3,0.029230608623002526,day_anchor_std,server_midnight,0,0,0,1,0,0,UNCLASSIFIED,TREND_UNCLASSIFIED,TREND
5091.05,5091.05,5088.55,5090.05,0,0,0,2,0.9968235707235666,ASIA,3,0.029230608623002526,day_anchor_std,server_midnight,0,0,0,1,0,0,UNCLASSIFIED,TREND_UNCLASSIFIED,TREND
5089.85,5089.85,5086.85,5087.5,0,0,0,2,0.9786254268207215,ASIA,4,0.41392872885086857,day_anchor_std,server_midnight,0,0,0,1,0,0,TREND_STRONG,TREND_STRONG,TREND
5087.65,5090.25,5087.35,5088.75,0,0,0,2,0.9786254268207215,ASIA,4,0.41392872885086857,day_anchor_std,server_midnight,0,0,0,1,0,0,TREND_STRONG,TREND_STRONG,TREND
5088.75,5088.95,5083.65,5085.35,0,0,0,2,0.9786254268207215,ASIA,4,0.41392872885086857,day_anchor_std,server_midnight,0,0,0,1,0,0,TREND_STRONG,TREND_STRONG,TREND
5085.35,5087.15,5083.35,5084.35,0,0,0,2,0.9786254268207215,ASIA,4,0.41392872885086857,day_anchor_std,server_midnight,0,0,0,1,0,0,TREND_STRONG,TREND_STRONG,TREND
5084.35,5085.85,5080.65,5081.65,0,0,0,2,0.9777213429745647,ASIA,5,0.32527881040891715,day_anchor_std,server_midnight,0,0,0,1,0,0,TREND_STRONG,TREND_STRONG,TREND
5081.85,5083.75,5080.85,5083.35,0,0,0,2,0.9777213429745647,ASIA,5,0.32527881040891715,day_anchor_std,server_midnight,0,0,0,1,0,0,TREND_STRONG,TREND_STRONG,TREND
5083.15,5085.15,5081.35,5084.35,0,0,0,2,0.9777213429745647,ASIA,5,0.32527881040891715,day_anchor_std,server_midnight,0,0,0,1,0,0,TREND_STRONG,TREND_STRONG,TREND
5084.35,5087.65,5084.35,5084.65,0,0,0,2,0.9777213429745647,ASIA,5,0.32527881040891715,day_anchor_std,server_midnight,0,0,0,1,0,0,TREND_STRONG,TREND_STRONG,TREND
5084.65,5087.65,5084.15,5086.35,0,0,0,2,0.9654988901677891,LONDON,6,0.1304793756967745,day_anchor_std,server_midnight,0,0,0,0,1,0,TREND_STRONG,TREND_STRONG,TREND
5086.65,5087.85,5085.35,5087.65,0,0,0,2,0.9654988901677891,LONDON,6,0.1304793756967745,day_anchor_std,server_midnight,0,0,0,0,1,0,TREND_STRONG,TREND_STRONG,TREND
5087.65,5089.85,5085.85,5089.65,0,0,0,2,0.9654988901677891,LONDON,6,0.1304793756967745,day_anchor_std,server_midnight,0,0,0,0,1,0,TREND_STRONG,TREND_STRONG,TREND
5089.65,5091.15,5087.85,5089.65,0,0,0,2,0.9654988901677891,LONDON,6,0.1304793756967745,day_anchor_std,server_midnight,0,0,0,0,1,0,TREND_STRONG,TREND_STRONG,TREND
5089.35,5093.35,5087.65,5092.15,0,0,0,2,0.9994510616289732,LONDON,7,1.504561546840973,day_anchor_std,server_midnight,0,0,0,0,0,1,TREND_STRONG,TREND_STRONG,TREND
5091.85,5096.35,5090.85,5095.75,0,0,0,2,0.9994510616289732,LONDON,7,1.504561546840973,day_anchor_std,server_midnight,0,0,0,0,0,1,TREND_STRONG,TREND_STRONG,TREND
5095.45,5104.45,5095.45,5102.95,0,0,0,2,0.9994510616289732,LONDON,7,1.504561546840973,day_anchor_std,server_midnight,0,0,0,0,0,1,TREND_STRONG,TREND_STRONG,TREND
5102.75,5111.55,5101.25,5107.75,0,0,0,2,0.9994510616289732,LONDON,7,1.504561546840973,day_anchor_std,server_midnight,0,0,0,0,0,1,TREND_STRONG,TREND_STRONG,TREND
5108.15,5109.65,5102.55,5102.65,0,0,0,2,0.6449574135133674,LONDON,8,0.31692766592103916,day_anchor_std,server_midnight,0,0,0,0,1,0,UNCLASSIFIED,TREND_UNCLASSIFIED,TREND
5102.75,5106.95,5094.55,5097.15,0,0,0,2,0.6449574135133674,LONDON,8,0.31692766592103916,day_anchor_std,server_midnight,0,0,0,0,1,0,UNCLASSIFIED,TREND_UNCLASSIFIED,TREND
5097.95,5098.15,5081.15,5091.75,0,0,0,2,0.6449574135133674,LONDON,8,0.31692766592103916,day_anchor_std,server_midnight,0,0,0,0,1,0,UNCLASSIFIED,TREND_UNCLASSIFIED,TREND
5091.75,5095.25,5087.65,5095.05,0,0,0,2,0.6449574135133674,LONDON,8,0.31692766592103916,day_anchor_std,server_midnight,0,0,0,0,1,0,UNCLASSIFIED,TREND_UNCLASSIFIED,TREND
5081.95,5084.25,5081.45,5083.45,0,0,0,0,0.7865167648883231,ASIA,2,0.041682173427671186,day_anchor_std,server_midnight,1,0,0,0,0,0,BALANCE_LEAKING,BALANCE_LEAKING,BALANCE
5083.25,5083.95,5081.45,5081.85,0,0,0,0,0.7865167648883231,ASIA,2,0.041682173427671186,day_anchor_std,server_midnight,1,0,0,0,0,0,BALANCE_LEAKING,BALANCE_LEAKING,BALANCE
5081.95,5082.95,5081.25,5081.95,0,0,0,0,0.7865167648883231,ASIA,2,0.041682173427671186,day_anchor_std,server_midnight,1,0,0,0,0,0,BALANCE_LEAKING,BALANCE_LEAKING,BALANCE
5081.95,5081.95,5079.45,5081.25,0,0,0,0,0.7865167648883231,ASIA,2,0.041682173427671186,day_anchor_std,server_midnight,1,0,0,0,0,0,BALANCE_LEAKING,BALANCE_LEAKING,BALANCE
5081.45,5083.95,5080.25,5083.95,0,0,0,0,0.839127532792015,ASIA,3,0.07003953844912254,day_anchor_std,server_midnight,1,0,0,0,0,0,UNCLASSIFIED,BALANCE_UNCLASSIFIED,BALANCE
5084.25,5084.45,5082.95,5083.85,0,0,0,0,0.839127532792015,ASIA,3,0.07003953844912254,day_anchor_std,server_midnight,1,0,0,0,0,0,UNCLASSIFIED,BALANCE_UNCLASSIFIED,BALANCE
5083.95,5086.45,5083.25,5083.75,0,0,0,0,0.839127532792015,ASIA,3,0.07003953844912254,day_anchor_std,server_midnight,1,0,0,0,0,0,UNCLASSIFIED,BALANCE_UNCLASSIFIED,BALANCE
5083.75,5084.45,5081.75,5082.75,0,0,0,0,0.839127532792015,ASIA,3,0.07003953844912254,day_anchor_std,server_midnight,1,0,0,0,0,0,UNCLASSIFIED,BALANCE_UNCLASSIFIED,BALANCE
5058.85,5060.55,5054.45,5056.15,0,0,0,1,0.9744343145839356,LONDON,1,1.873980386765641,day_anchor_std,server_midnight,0,0,1,0,0,0,UNCLASSIFIED,TRANSITION_UNCLASSIFIED,TRANSITION
5056.25,5089.25,5056.15,5086.45,0,0,0,1,0.9744343145839356,LONDON,1,1.873980386765641,day_anchor_std,server_midnight,0,0,1,0,0,0,UNCLASSIFIED,TRANSITION_UNCLASSIFIED,TRANSITION
5086.75,5091.25,5086.45,5089.05,0,0,0,1,0.9744343145839356,LONDON,1,1.873980386765641,day_anchor_std,server_midnight,0,0,1,0,0,0,UNCLASSIFIED,TRANSITION_UNCLASSIFIED,TRANSITION
5088.85,5096.6,5088.85,5093.15,0,0,0,1,0.9744343145839356,LONDON,1,1.873980386765641,day_anchor_std,server_midnight,0,0,1,0,0,0,UNCLASSIFIED,TRANSITION_UNCLASSIFIED,TRANSITION
5124.65,5125.35,5124.35,5124.85,0,0,0,2,0.8565316791026968,ASIA,3,0.09621993127139096,day_anchor_std,server_midnight,0,0,0,1,0,0,UNCLASSIFIED,TREND_UNCLASSIFIED,TREND
5125.15,5127.15,5124.65,5126.35,0,0,0,2,0.8565316791026968,ASIA,3,0.09621993127139096,day_anchor_std,server_midnight,0,0,0,1,0,0,UNCLASSIFIED,TREND_UNCLASSIFIED,TREND
5126.65,5127.15,5124.85,5125.35,0,0,0,2,0.8565316791026968,ASIA,3,0.09621993127139096,day_anchor_std,server_midnight,0,0,0,1,0,0,UNCLASSIFIED,TREND_UNCLASSIFIED,TREND
5125.35,5125.65,5124.65,5124.85,0,0,0,2,0.8565316791026968,ASIA,3,0.09621993127139096,day_anchor_std,server_midnight,0,0,0,1,0,0,UNCLASSIFIED,TREND_UNCLASSIFIED,TREND
5124.65,5124.85,5122.85,5122.85,0,0,0,2,0.9761311042837095,ASIA,4,0.45741556534501904,day_anchor_std,server_midnight,0,0,0,1,0,0,TREND_STRONG,TREND_STRONG,TREND
5122.85,5123.15,5120.65,5121.65,0,0,0,2,0.9761311042837095,ASIA,4,0.45741556534501904,day_anchor_std,server_midnight,0,0,0,1,0,0,TREND_STRONG,TREND_STRONG,TREND
5121.65,5122.65,5119.05,5119.45,0,0,0,2,0.9761311042837095,ASIA,4,0.45741556534501904,day_anchor_std,server_midnight,0,0,0,1,0,0,TREND_STRONG,TREND_STRONG,TREND
5119.55,5121.15,5118.55,5120.85,0,0,0,2,0.9761311042837095,ASIA,4,0.45741556534501904,day_anchor_std,server_midnight,0,0,0,1,0,0,TREND_STRONG,TREND_STRONG,TREND
5121.05,5122.35,5118.35,5119.85,0,0,0,2,0.9816819826709989,ASIA,5,0.8827096921844795,day_anchor_std,server_midnight,0,0,0,1,0,0,TREND_STRONG,TREND_STRONG,TREND
5119.85,5122.35,5118.65,5121.85,0,0,0,2,0.9816819826709989,ASIA,5,0.8827096921844795,day_anchor_std,server_midnight,0,0,0,1,0,0,TREND_STRONG,TREND_STRONG,TREND
5122.15,5124.15,5120.15,5121.15,0,0,0,2,0.9816819826709989,ASIA,5,0.8827096921844795,day_anchor_std,server_midnight,0,0,0,1,0,0,TREND_STRONG,TREND_STRONG,TREND
5121.15,5122.15,5115.85,5116.35,0,0,0,2,0.9816819826709989,ASIA,5,0.8827096921844795,day_anchor_std,server_midnight,0,0,0,1,0,0,TREND_STRONG,TREND_STRONG,TREND
5116.45,5119.35,5115.85,5119.15,0,0,0,2,0.9537617065161473,ASIA,6,0.46254497873735073,day_anchor_std,server_midnight,0,0,0,1,0,0,UNCLASSIFIED,TREND_UNCLASSIFIED,TREND
5118.85,5119.65,5114.35,5115.15,0,0,0,2,0.9537617065161473,ASIA,6,0.46254497873735073,day_anchor_std,server_midnight,0,0,0,1,0,0,UNCLASSIFIED,TREND_UNCLASSIFIED,TREND
5115.35,5116.35,5112.85,5114.85,0,0,0,2,0.9537617065161473,ASIA,6,0.46254497873735073,day_anchor_std,server_midnight,0,0,0,1,0,0,UNCLASSIFIED,TREND_UNCLASSIFIED,TREND
5115.15,5118.85,5115.15,5118.35,0,0,0,2,0.9537617065161473,ASIA,6,0.46254497873735073,day_anchor_std,server_midnight,0,0,0,1,0,0,UNCLASSIFIED,TREND_UNCLASSIFIED,TREND
5118.45,5120.65,5118.35,5118.85,0,0,0,2,0.9679380373993766,LONDON,7,0.8392969240428385,day_anchor_std,server_midnight,0,0,0,0,1,1,UNCLASSIFIED,TREND_UNCLASSIFIED,TREND
5119.15,5120.65,5117.65,5119.35,0,0,0,2,0.9679380373993766,LONDON,7,0.8392969240428385,day_anchor_std,server_midnight,0,0,0,0,1,1,UNCLASSIFIED,TREND_UNCLASSIFIED,TREND
5119.65,5122.15,5119.15,5120.65,0,0,0,2,0.9679380373993766,LONDON,7,0.8392969240428385,day_anchor_std,server_midnight,0,0,0,0,1,1,UNCLASSIFIED,TREND_UNCLASSIFIED,TREND
5120.65,5120.85,5113.65,5114.65,0,0,0,2,0.9679380373993766,LONDON,7,0.8392969240428385,day_anchor_std,server_midnight,0,0,0,0,1,1,UNCLASSIFIED,TREND_UNCLASSIFIED,TREND
5114.35,5119.35,5113.35,5113.65,0,0,0,2,0.999574566359023,LONDON,8,1.6822946445589064,day_anchor_std,server_midnight,0,0,0,0,0,1,UNCLASSIFIED,TREND_UNCLASSIFIED,TREND
5113.85,5114.65,5109.35,5111.15,0,0,0,2,0.999574566359023,LONDON,8,1.6822946445589064,day_anchor_std,server_midnight,0,0,0,0,0,1,UNCLASSIFIED,TREND_UNCLASSIFIED,TREND
5111.35,5112.35,5108.15,5111.35,0,0,0,2,0.999574566359023,LONDON,8,1.6822946445589064,day_anchor_std,server_midnight,0,0,0,0,0,1,UNCLASSIFIED,TREND_UNCLASSIFIED,TREND
5111.65,5112.45,5102.45,5105.45,0,0,0,2,0.999574566359023,LONDON,8,1.6822946445589064,day_anchor_std,server_midnight,0,0,0,0,0,1,UNCLASSIFIED,TREND_UNCLASSIFIED,TREND
5107.95,5116.35,5090.15,5093.05,0,0,0,2,0.9996595468871327,LONDON,9,2.892921146953508,day_anchor_std,server_midnight,0,0,0,0,0,1,UNCLASSIFIED,TREND_UNCLASSIFIED,TREND
5092.95,5092.95,5084.55,5090.75,0,0,0,2,0.9996595468871327,LONDON,9,2.892921146953508,day_anchor_std,server_midnight,0,0,0,0,0,1,UNCLASSIFIED,TREND_UNCLASSIFIED,TREND
5090.95,5091.55,5085.55,5091.0,0,0,0,2,0.9996595468871327,LONDON,9,2.892921146953508,day_anchor_std,server_midnight,0,0,0,0,0,1,UNCLASSIFIED,TREND_UNCLASSIFIED,TREND
5090.75,5093.2,5078.25,5085.5,0,0,0,2,0.9996595468871327,LONDON,9,2.892921146953508,day_anchor_std,server_midnight,0,0,0,0,0,1,UNCLASSIFIED,TREND_UNCLASSIFIED,TREND
5085.35,5093.8,5084.15,5093.15,0,0,0,2,0.9990815231182882,NY,10,3.2741158407454973,day_anchor_std,server_midnight,0,0,0,0,0,1,UNCLASSIFIED,TREND_UNCLASSIFIED,TREND
5093.35,5093.7,5085.65,5088.85,0,0,0,2,0.9990815231182882,NY,10,3.2741158407454973,day_anchor_std,server_midnight,0,0,0,0,0,1,UNCLASSIFIED,TREND_UNCLASSIFIED,TREND
5089.0,5090.35,5082.55,5086.45,0,0,0,2,0.9990815231182882,NY,10,3.2741158407454973,day_anchor_std,server_midnight,0,0,0,0,0,1,UNCLASSIFIED,TREND_UNCLASSIFIED,TREND
5086.15,5090.05,5075.75,5076.55,0,0,0,2,0.9990815231182882,NY,10,3.2741158407454973,day_anchor_std,server_midnight,0,0,0,0,0,1,UNCLASSIFIED,TREND_UNCLASSIFIED,TREND
5076.55,5082.55,5075.45,5079.15,0,0,0,2,0.9979813519335564,NY,11,2.3900625604096266,day_anchor_std,server_midnight,0,0,0,0,0,1,UNCLASSIFIED,TREND_UNCLASSIFIED,TREND
5079.4,5079.45,5064.75,5066.25,0,0,0,2,0.9979813519335564,NY,11,2.3900625604096266,day_anchor_std,server_midnight,0,0,0,0,0,1,UNCLASSIFIED,TREND_UNCLASSIFIED,TREND
5066.05,5069.55,5057.95,5059.05,0,0,0,2,0.9979813519335564,NY,11,2.3900625604096266,day_anchor_std,server_midnight,0,0,0,0,0,1,UNCLASSIFIED,TREND_UNCLASSIFIED,TREND
5059.05,5082.9,5058.25,5080.85,0,0,0,2,0.9979813519335564,NY,11,2.3900625604096266,day_anchor_std,server_midnight,0,0,0,0,0,1,UNCLASSIFIED,TREND_UNCLASSIFIED,TREND
5080.55,5086.7,5080.35,5084.65,0,0,0,2,0.8745334714733469,NY_PM,12,1.8137777777777893,day_anchor_std,server_midnight,0,0,0,0,0,1,UNCLASSIFIED,TREND_UNCLASSIFIED,TREND
5084.65,5086.45,5083.15,5086.25,0,0,0,2,0.8745334714733469,NY_PM,12,1.8137777777777893,day_anchor_std,server_midnight,0,0,0,0,0,1,UNCLASSIFIED,TREND_UNCLASSIFIED,TREND
5086.25,5086.25,5082.55,5084.05,0,0,0,2,0.993456691344659,NY_PM,12,2.388559370366169,day_anchor_std,server_midnight,0,0,0,0,0,1,UNCLASSIFIED,TREND_UNCLASSIFIED,TREND
5084.45,5084.75,5081.55,5083.4,0,0,0,2,0.993456691344659,NY_PM,12,2.388559370366169,day_anchor_std,server_midnight,0,0,0,0,0,1,UNCLASSIFIED,TREND_UNCLASSIFIED,TREND
5083.25,5083.55,5081.25,5082.95,0,0,0,2,0.993456691344659,NY_PM,12,2.388559370366169,day_anchor_std,server_midnight,0,0,0,0,0,1,UNCLASSIFIED,TREND_UNCLASSIFIED,TREND
5083.05,5083.45,5079.25,5079.55,0,0,0,2,0.993456691344659,NY_PM,12,2.388559370366169,day_anchor_std,server_midnight,0,0,0,0,0,1,UNCLASSIFIED,TREND_UNCLASSIFIED,TREND
5079.7,5084.0,5079.05,5082.45,0,0,0,2,0.9847127316515402,NY_PM,12,1.926729069162799,day_anchor_std,server_midnight,0,0,0,0,0,1,TREND_STRONG,TREND_STRONG,TREND
5082.55,5082.75,5079.55,5081.7,0,0,0,2,0.9847127316515402,NY_PM,12,1.926729069162799,day_anchor_std,server_midnight,0,0,0,0,0,1,TREND_STRONG,TREND_STRONG,TREND
5081.95,5084.55,5081.25,5083.55,0,0,0,2,0.9847127316515402,NY_PM,12,1.926729069162799,day_anchor_std,server_midnight,0,0,0,0,0,1,TREND_STRONG,TREND_STRONG,TREND
5083.55,5085.0,5083.25,5083.25,0,0,0,2,0.9847127316515402,NY_PM,12,1.926729069162799,day_anchor_std,server_midnight,0,0,0,0,0,1,TREND_STRONG,TREND_STRONG,TREND
5083.45,5085.55,5082.75,5085.25,0,0,0,2,0.9465626792602618,ASIA,12,0.044025157232704906,day_anchor_std,server_midnight,0,0,0,1,0,0,TREND_STRONG,TREND_STRONG,TREND
5085.45,5087.25,5085.15,5086.45,0,0,0,2,0.9465626792602618,ASIA,12,0.044025157232704906,day_anchor_std,server_midnight,0,0,0,1,0,0,TREND_STRONG,TREND_STRONG,TREND
5086.7,5086.95,5085.05,5085.05,0,0,0,2,0.9465626792602618,ASIA,12,0.044025157232704906,day_anchor_std,server_midnight,0,0,0,1,0,0,TREND_STRONG,TREND_STRONG,TREND
5085.05,5086.2,5084.55,5085.75,0,0,0,2,0.9465626792602618,ASIA,12,0.044025157232704906,day_anchor_std,server_midnight,0,0,0,1,0,0,TREND_STRONG,TREND_STRONG,TREND
5085.95,5086.7,5085.05,5085.05,0,0,0,2,0.8386570020511555,ASIA,12,0.06670902160109833,day_anchor_std,server_midnight,0,0,0,1,0,0,TREND_STRONG,TREND_STRONG,TREND
5085.2,5086.7,5085.2,5085.95,0,0,0,2,0.8386570020511555,ASIA,12,0.06670902160109833,day_anchor_std,server_midnight,0,0,0,1,0,0,TREND_STRONG,TREND_STRONG,TREND
5085.95,5086.95,5084.05,5084.25,0,0,0,2,0.8386570020511555,ASIA,12,0.06670902160109833,day_anchor_std,server_midnight,0,0,0,1,0,0,TREND_STRONG,TREND_STRONG,TREND
5084.25,5086.05,5084.25,5086.05,0,0,0,2,0.8386570020511555,ASIA,12,0.06670902160109833,day_anchor_std,server_midnight,0,0,0,1,0,0,TREND_STRONG,TREND_STRONG,TREND
5110.15,5113.25,5094.05,5110.55,0,0,0,2,0.9769284013798879,NY,3,0.6704911950224645,day_anchor_std,server_midnight,0,0,0,0,1,0,UNCLASSIFIED,TREND_UNCLASSIFIED,TREND
5110.85,5113.05,5096.65,5101.2,0,0,0,2,0.9769284013798879,NY,3,0.6704911950224645,day_anchor_std,server_midnight,0,0,0,0,1,0,UNCLASSIFIED,TREND_UNCLASSIFIED,TREND
5101.2,5106.35,5094.6,5100.6,0,0,0,2,0.9769284013798879,NY,3,0.6704911950224645,day_anchor_std,server_midnight,0,0,0,0,1,0,UNCLASSIFIED,TREND_UNCLASSIFIED,TREND
5100.85,5111.6,5094.65,5107.1,0,0,0,2,0.9769284013798879,NY,3,0.6704911950224645,day_anchor_std,server_midnight,0,0,0,0,1,0,UNCLASSIFIED,TREND_UNCLASSIFIED,TREND
5107.1,5109.35,5106.15,5108.15,0,0,0,2,0.21625927224913283,NY_PM,4,0.7378917378917486,day_anchor_std,server_midnight,0,0,0,0,1,0,UNCLASSIFIED,TREND_UNCLASSIFIED,TREND
5108.35,5110.9,5107.85,5108.25,0,0,0,2,0.21625927224913283,NY_PM,4,0.7378917378917486,day_anchor_std,server_midnight,0,0,0,0,1,0,UNCLASSIFIED,TREND_UNCLASSIFIED,TREND
5096.35,5099.8,5096.35,5098.15,0,0,0,0,0.8807185063424923,ASIA,2,0.03275313494293956,day_anchor_std,server_midnight,1,0,0,0,0,0,BALANCE_LEAKING,BALANCE_LEAKING,BALANCE
5097.95,5098.45,5095.95,5097.15,0,0,0,0,0.8807185063424923,ASIA,2,0.03275313494293956,day_anchor_std,server_midnight,1,0,0,0,0,0,BALANCE_LEAKING,BALANCE_LEAKING,BALANCE
5097.35,5100.15,5096.45,5099.95,0,0,0,0,0.8807185063424923,ASIA,2,0.03275313494293956,day_anchor_std,server_midnight,1,0,0,0,0,0,BALANCE_LEAKING,BALANCE_LEAKING,BALANCE
5100.1,5100.35,5093.15,5093.95,0,0,0,0,0.8807185063424923,ASIA,2,0.03275313494293956,day_anchor_std,server_midnight,1,0,0,0,0,0,BALANCE_LEAKING,BALANCE_LEAKING,BALANCE
5093.65,5094.75,5088.95,5089.1,0,0,0,0,0.9089441155780256,ASIA,3,0.0591878051684697,day_anchor_std,server_midnight,1,0,0,0,0,0,UNCLASSIFIED,BALANCE_UNCLASSIFIED,BALANCE
5088.95,5091.65,5088.35,5088.35,0,0,0,0,0.9089441155780256,ASIA,3,0.0591878051684697,day_anchor_std,server_midnight,1,0,0,0,0,0,UNCLASSIFIED,BALANCE_UNCLASSIFIED,BALANCE
5088.45,5093.9,5081.95,5092.6,0,0,0,0,0.9089441155780256,ASIA,3,0.0591878051684697,day_anchor_std,server_midnight,1,0,0,0,0,0,UNCLASSIFIED,BALANCE_UNCLASSIFIED,BALANCE
5092.65,5094.95,5091.95,5094.45,0,0,0,0,0.9089441155780256,ASIA,3,0.0591878051684697,day_anchor_std,server_midnight,1,0,0,0,0,0,UNCLASSIFIED,BALANCE_UNCLASSIFIED,BALANCE
5119.1,5125.95,5115.95,5124.85,0,0,0,1,0.7695925536478038,LONDON,1,2.388243471353302,day_anchor_std,server_midnight,0,0,1,0,0,0,UNCLASSIFIED,TRANSITION_UNCLASSIFIED,TRANSITION
5124.75,5131.15,5123.85,5127.95,0,0,0,1,0.7695925536478038,LONDON,1,2.388243471353302,day_anchor_std,server_midnight,0,0,1,0,0,0,UNCLASSIFIED,TRANSITION_UNCLASSIFIED,TRANSITION
5127.95,5139.75,5126.4,5137.95,0,0,0,1,0.7695925536478038,LONDON,1,2.388243471353302,day_anchor_std,server_midnight,0,0,1,0,0,0,UNCLASSIFIED,TRANSITION_UNCLASSIFIED,TRANSITION
5138.25,5142.85,5128.7,5141.05,0,0,0,1,0.7695925536478038,LONDON,1,2.388243471353302,day_anchor_std,server_midnight,0,0,1,0,0,0,UNCLASSIFIED,TRANSITION_UNCLASSIFIED,TRANSITION
5141.15,5148.95,5137.05,5148.85,0,0,0,1,0.24123634639470143,LONDON,2,2.7923614080090577,day_anchor_std,server_midnight,0,0,1,0,0,0,UNCLASSIFIED,TRANSITION_UNCLASSIFIED,TRANSITION
5148.95,5155.65,5145.25,5150.45,0,0,0,1,0.24123634639470143,LONDON,2,2.7923614080090577,day_anchor_std,server_midnight,0,0,1,0,0,0,UNCLASSIFIED,TRANSITION_UNCLASSIFIED,TRANSITION
5150.45,5152.8,5146.65,5151.45,0,0,0,1,0.24123634639470143,LONDON,2,2.7923614080090577,day_anchor_std,server_midnight,0,0,1,0,0,0,UNCLASSIFIED,TRANSITION_UNCLASSIFIED,TRANSITION
5151.45,5154.35,5145.1,5153.45,0,0,0,1,0.24123634639470143,LONDON,2,2.7923614080090577,day_anchor_std,server_midnight,0,0,1,0,0,0,UNCLASSIFIED,TRANSITION_UNCLASSIFIED,TRANSITION
5151.65,5160.35,5147.15,5157.65,0,0,0,1,0.9788194840100293,NY,1,1.7341968228857536,day_anchor_std,server_midnight,0,0,1,0,0,0,TRANSITION_NOISY,TRANSITION_NOISY,TRANSITION
5157.95,5159.75,5136.05,5138.25,0,0,0,1,0.9788194840100293,NY,1,1.7341968228857536,day_anchor_std,server_midnight,0,0,1,0,0,0,TRANSITION_NOISY,TRANSITION_NOISY,TRANSITION
5138.45,5145.45,5134.05,5135.55,0,0,0,1,0.9788194840100293,NY,1,1.7341968228857536,day_anchor_std,server_midnight,0,0,1,0,0,0,TRANSITION_NOISY,TRANSITION_NOISY,TRANSITION
5135.45,5137.8,5123.65,5129.25,0,0,0,1,0.9788194840100293,NY,1,1.7341968228857536,day_anchor_std,server_midnight,0,0,1,0,0,0,TRANSITION_NOISY,TRANSITION_NOISY,TRANSITION
5149.25,5150.1,5137.55,5147.5,0,0,0,1,0.9932927059575424,LONDON,2,1.600603599405283,day_anchor_std,server_midnight,0,0,1,0,0,0,UNCLASSIFIED,TRANSITION_UNCLASSIFIED,TRANSITION
5147.55,5150.8,5121.35,5147.55,0,0,0,1,0.9932927059575424,LONDON,2,1.600603599405283,day_anchor_std,server_midnight,0,0,1,0,0,0,UNCLASSIFIED,TRANSITION_UNCLASSIFIED,TRANSITION
5147.55,5164.8,5143.05,5164.05,0,0,0,1,0.9932927059575424,LONDON,2,1.600603599405283,day_anchor_std,server_midnight,0,0,1,0,0,0,UNCLASSIFIED,TRANSITION_UNCLASSIFIED,TRANSITION
5164.25,5178.85,5164.25,5173.75,0,0,0,1,0.9932927059575424,LONDON,2,1.600603599405283,day_anchor_std,server_midnight,0,0,1,0,0,0,UNCLASSIFIED,TRANSITION_UNCLASSIFIED,TRANSITION
5182.85,5185.15,5182.65,5184.85,0,0,0,2,0.7035003923510431,ASIA,3,0.15635997988941835,day_anchor_std,server_midnight,0,0,0,1,0,0,TREND_FRAGILE,TREND_FRAGILE,TREND
5184.65,5186.6,5183.85,5185.65,0,0,0,2,0.7035003923510431,ASIA,3,0.15635997988941835,day_anchor_std,server_midnight,0,0,0,1,0,0,TREND_FRAGILE,TREND_FRAGILE,TREND
5185.35,5185.4,5182.65,5182.65,0,0,0,2,0.7035003923510431,ASIA,3,0.15635997988941835,day_anchor_std,server_midnight,0,0,0,1,0,0,TREND_FRAGILE,TREND_FRAGILE,TREND
5182.65,5184.65,5182.65,5184.4,0,0,0,2,0.7035003923510431,ASIA,3,0.15635997988941835,day_anchor_std,server_midnight,0,0,0,1,0,0,TREND_FRAGILE,TREND_FRAGILE,TREND
5184.35,5189.6,5184.35,5189.15,0,0,0,2,0.7297351129971481,ASIA,4,0.03395839164105106,day_anchor_std,server_midnight,0,0,0,1,0,0,TREND_STRONG,TREND_STRONG,TREND
5189.15,5189.15,5186.35,5186.9,0,0,0,2,0.7297351129971481,ASIA,4,0.03395839164105106,day_anchor_std,server_midnight,0,0,0,1,0,0,TREND_STRONG,TREND_STRONG,TREND
5186.9,5189.15,5181.15,5181.15,0,0,0,2,0.7297351129971481,ASIA,4,0.03395839164105106,day_anchor_std,server_midnight,0,0,0,1,0,0,TREND_STRONG,TREND_STRONG,TREND
5181.35,5182.9,5179.15,5182.85,0,0,0,2,0.7297351129971481,ASIA,4,0.03395839164105106,day_anchor_std,server_midnight,0,0,0,1,0,0,TREND_STRONG,TREND_STRONG,TREND
5166.85,5170.55,5165.15,5167.65,0,0,0,2,0.7173055941076325,NY,4,0.47579923446004707,day_anchor_std,server_midnight,0,0,0,0,1,0,UNCLASSIFIED,TREND_UNCLASSIFIED,TREND
5167.75,5170.15,5154.55,5159.05,0,0,0,2,0.7173055941076325,NY,4,0.47579923446004707,day_anchor_std,server_midnight,0,0,0,0,1,0,UNCLASSIFIED,TREND_UNCLASSIFIED,TREND
5159.45,5161.1,5155.15,5159.05,0,0,0,2,0.7173055941076325,NY,4,0.47579923446004707,day_anchor_std,server_midnight,0,0,0,0,1,0,UNCLASSIFIED,TREND_UNCLASSIFIED,TREND
5159.05,5160.65,5157.55,5158.55,0,0,0,2,0.7173055941076325,NY,4,0.47579923446004707,day_anchor_std,server_midnight,0,0,0,0,1,0,UNCLASSIFIED,TREND_UNCLASSIFIED,TREND
5181.15,5181.6,5179.85,5181.35,0,0,0,2,0.8083467985931124,ASIA,4,0.08267425920068064,day_anchor_std,server_midnight,0,0,0,1,0,0,UNCLASSIFIED,TREND_UNCLASSIFIED,TREND
5181.45,5181.6,5180.85,5181.6,0,0,0,2,0.8083467985931124,ASIA,4,0.08267425920068064,day_anchor_std,server_midnight,0,0,0,1,0,0,UNCLASSIFIED,TREND_UNCLASSIFIED,TREND
5181.35,5181.65,5180.35,5181.6,0,0,0,2,0.8083467985931124,ASIA,4,0.08267425920068064,day_anchor_std,server_midnight,0,0,0,1,0,0,UNCLASSIFIED,TREND_UNCLASSIFIED,TREND
5181.6,5182.65,5179.85,5179.85,0,0,0,2,0.8083467985931124,ASIA,4,0.08267425920068064,day_anchor_std,server_midnight,0,0,0,1,0,0,UNCLASSIFIED,TREND_UNCLASSIFIED,TREND
5179.85,5180.65,5179.35,5180.35,0,0,0,2,0.8904841449200803,ASIA,5,0.05998481397110249,day_anchor_std,server_midnight,0,0,0,1,0,0,TREND_STRONG,TREND_STRONG,TREND
5180.6,5182.25,5180.35,5181.35,0,0,0,2,0.8904841449200803,ASIA,5,0.05998481397110249,day_anchor_std,server_midnight,0,0,0,1,0,0,TREND_STRONG,TREND_STRONG,TREND
5181.6,5182.85,5180.35,5181.1,0,0,0,2,0.8904841449200803,ASIA,5,0.05998481397110249,day_anchor_std,server_midnight,0,0,0,1,0,0,TREND_STRONG,TREND_STRONG,TREND
5180.85,5182.05,5180.35,5181.7,0,0,0,2,0.8904841449200803,ASIA,5,0.05998481397110249,day_anchor_std,server_midnight,0,0,0,1,0,0,TREND_STRONG,TREND_STRONG,TREND
5182.1,5186.15,5181.65,5185.6,0,0,0,2,0.9485733087210129,ASIA,6,0.0015386306188108895,day_anchor_std,server_midnight,0,0,0,1,0,0,TREND_STRONG,TREND_STRONG,TREND
5185.65,5186.35,5182.85,5183.15,0,0,0,2,0.9485733087210129,ASIA,6,0.0015386306188108895,day_anchor_std,server_midnight,0,0,0,1,0,0,TREND_STRONG,TREND_STRONG,TREND
5182.85,5184.85,5180.85,5181.85,0,0,0,2,0.9485733087210129,ASIA,6,0.0015386306188108895,day_anchor_std,server_midnight,0,0,0,1,0,0,TREND_STRONG,TREND_STRONG,TREND
5181.65,5183.35,5178.35,5181.35,0,0,0,2,0.9485733087210129,ASIA,6,0.0015386306188108895,day_anchor_std,server_midnight,0,0,0,1,0,0,TREND_STRONG,TREND_STRONG,TREND
5189.15,5189.15,5180.65,5181.65,0,0,0,1,0.9932506883486323,NY,2,2.5485085646780656,day_anchor_std,server_midnight,0,0,1,0,0,0,UNCLASSIFIED,TRANSITION_UNCLASSIFIED,TRANSITION
5181.45,5184.45,5178.35,5182.25,0,0,0,1,0.9932506883486323,NY,2,2.5485085646780656,day_anchor_std,server_midnight,0,0,1,0,0,0,UNCLASSIFIED,TRANSITION_UNCLASSIFIED,TRANSITION
5182.25,5212.05,5182.05,5204.15,0,0,0,1,0.9932506883486323,NY,2,2.5485085646780656,day_anchor_std,server_midnight,0,0,1,0,0,0,UNCLASSIFIED,TRANSITION_UNCLASSIFIED,TRANSITION
5204.25,5223.45,5186.35,5217.15,0,0,0,1,0.9932506883486323,NY,2,2.5485085646780656,day_anchor_std,server_midnight,0,0,1,0,0,0,UNCLASSIFIED,TRANSITION_UNCLASSIFIED,TRANSITION
5217.55,5233.35,5216.45,5232.05,0,0,0,1,0.9969571876023501,NY,3,4.305896833389295,day_anchor_std,server_midnight,0,0,1,0,0,0,UNCLASSIFIED,TRANSITION_UNCLASSIFIED,TRANSITION
5232.05,5234.45,5219.45,5233.35,0,0,0,1,0.9969571876023501,NY,3,4.305896833389295,day_anchor_std,server_midnight,0,0,1,0,0,0,UNCLASSIFIED,TRANSITION_UNCLASSIFIED,TRANSITION
5232.45,5240.65,5230.15,5239.55,0,0,0,1,0.9969571876023501,NY,3,4.305896833389295,day_anchor_std,server_midnight,0,0,1,0,0,0,UNCLASSIFIED,TRANSITION_UNCLASSIFIED,TRANSITION
5239.65,5242.65,5239.55,5241.05,0,0,0,1,0.9969571876023501,NY,3,4.305896833389295,day_anchor_std,server_midnight,0,0,1,0,0,0,UNCLASSIFIED,TRANSITION_UNCLASSIFIED,TRANSITION
5253.95,5254.45,5253.25,5253.65,0,0,0,2,0.9996879269106035,ASIA,3,0.23356690023357057,day_anchor_std,server_midnight,0,0,0,1,0,0,TREND_STRONG,TREND_STRONG,TREND
5253.5,5255.45,5253.3,5254.8,0,0,0,2,0.9996879269106035,ASIA,3,0.23356690023357057,day_anchor_std,server_midnight,0,0,0,1,0,0,TREND_STRONG,TREND_STRONG,TREND
5254.75,5255.95,5253.75,5255.75,0,0,0,2,0.9996879269106035,ASIA,3,0.23356690023357057,day_anchor_std,server_midnight,0,0,0,1,0,0,TREND_STRONG,TREND_STRONG,TREND
5255.6,5256.0,5253.95,5256.0,0,0,0,2,0.9996879269106035,ASIA,3,0.23356690023357057,day_anchor_std,server_midnight,0,0,0,1,0,0,TREND_STRONG,TREND_STRONG,TREND
5255.8,5258.25,5254.95,5257.45,0,0,0,2,0.9995275654680809,ASIA,4,0.031201696682164336,day_anchor_std,server_midnight,0,0,0,1,0,0,TREND_STRONG,TREND_STRONG,TREND
5257.35,5261.25,5256.75,5261.25,0,0,0,2,0.9995275654680809,ASIA,4,0.031201696682164336,day_anchor_std,server_midnight,0,0,0,1,0,0,TREND_STRONG,TREND_STRONG,TREND
5261.0,5261.0,5254.45,5255.5,0,0,0,2,0.9995275654680809,ASIA,4,0.031201696682164336,day_anchor_std,server_midnight,0,0,0,1,0,0,TREND_STRONG,TREND_STRONG,TREND
5255.35,5257.45,5253.75,5254.45,0,0,0,2,0.9995275654680809,ASIA,4,0.031201696682164336,day_anchor_std,server_midnight,0,0,0,1,0,0,TREND_STRONG,TREND_STRONG,TREND
5254.45,5254.75,5248.25,5249.95,0,0,0,2,0.9878680532908816,ASIA,5,0.39711609304285195,day_anchor_std,server_midnight,0,0,0,1,0,0,TREND_STRONG,TREND_STRONG,TREND
5249.75,5252.8,5247.95,5250.45,0,0,0,2,0.9878680532908816,ASIA,5,0.39711609304285195,day_anchor_std,server_midnight,0,0,0,1,0,0,TREND_STRONG,TREND_STRONG,TREND
5250.5,5251.0,5247.45,5250.0,0,0,0,2,0.9878680532908816,ASIA,5,0.39711609304285195,day_anchor_std,server_midnight,0,0,0,1,0,0,TREND_STRONG,TREND_STRONG,TREND
5250.25,5250.75,5247.45,5249.25,0,0,0,2,0.9878680532908816,ASIA,5,0.39711609304285195,day_anchor_std,server_midnight,0,0,0,1,0,0,TREND_STRONG,TREND_STRONG,TREND
5249.3,5253.25,5249.25,5251.45,0,0,0,2,0.9799631150133808,LONDON,6,0.3388664387110259,day_anchor_std,server_midnight,0,0,0,0,1,0,TREND_STRONG,TREND_STRONG,TREND
5251.3,5256.0,5250.95,5254.15,0,0,0,2,0.9799631150133808,LONDON,6,0.3388664387110259,day_anchor_std,server_midnight,0,0,0,0,1,0,TREND_STRONG,TREND_STRONG,TREND
5254.75,5259.45,5254.45,5259.15,0,0,0,2,0.9799631150133808,LONDON,6,0.3388664387110259,day_anchor_std,server_midnight,0,0,0,0,1,0,TREND_STRONG,TREND_STRONG,TREND
5259.3,5259.75,5255.95,5258.0,0,0,0,2,0.9799631150133808,LONDON,6,0.3388664387110259,day_anchor_std,server_midnight,0,0,0,0,1,0,TREND_STRONG,TREND_STRONG,TREND
5257.95,5263.25,5255.95,5260.45,0,0,0,2,0.9952684923230479,LONDON,7,0.6938516514711414,day_anchor_std,server_midnight,0,0,0,0,1,0,TREND_STRONG,TREND_STRONG,TREND
5260.75,5266.95,5254.45,5261.05,0,0,0,2,0.9952684923230479,LONDON,7,0.6938516514711414,day_anchor_std,server_midnight,0,0,0,0,1,0,TREND_STRONG,TREND_STRONG,TREND
5260.75,5266.75,5258.55,5264.7,0,0,0,2,0.9952684923230479,LONDON,7,0.6938516514711414,day_anchor_std,server_midnight,0,0,0,0,1,0,TREND_STRONG,TREND_STRONG,TREND
5264.75,5266.8,5258.7,5263.2,0,0,0,2,0.9952684923230479,LONDON,7,0.6938516514711414,day_anchor_std,server_midnight,0,0,0,0,1,0,TREND_STRONG,TREND_STRONG,TREND
5263.05,5265.25,5257.2,5261.05,0,0,0,2,0.9954980076963681,LONDON,8,0.7458370724898211,day_anchor_std,server_midnight,0,0,0,0,1,0,UNCLASSIFIED,TREND_UNCLASSIFIED,TREND
5261.05,5266.2,5259.65,5264.65,0,0,0,2,0.9954980076963681,LONDON,8,0.7458370724898211,day_anchor_std,server_midnight,0,0,0,0,1,0,UNCLASSIFIED,TREND_UNCLASSIFIED,TREND
5264.55,5267.8,5263.2,5267.35,0,0,0,2,0.9954980076963681,LONDON,8,0.7458370724898211,day_anchor_std,server_midnight,0,0,0,0,1,0,UNCLASSIFIED,TREND_UNCLASSIFIED,TREND
5267.35,5268.35,5261.55,5264.6,0,0,0,2,0.9954980076963681,LONDON,8,0.7458370724898211,day_anchor_std,server_midnight,0,0,0,0,1,0,UNCLASSIFIED,TREND_UNCLASSIFIED,TREND
5264.55,5264.6,5259.0,5260.75,0,0,0,2,0.9526978786335129,NY,9,0.4540238233585263,day_anchor_std,server_midnight,0,0,0,0,1,0,TREND_FRAGILE,TREND_FRAGILE,TREND
5260.7,5262.45,5254.45,5255.05,0,0,0,2,0.9526978786335129,NY,9,0.4540238233585263,day_anchor_std,server_midnight,0,0,0,0,1,0,TREND_FRAGILE,TREND_FRAGILE,TREND
5254.95,5258.05,5252.05,5257.25,0,0,0,2,0.9526978786335129,NY,9,0.4540238233585263,day_anchor_std,server_midnight,0,0,0,0,1,0,TREND_FRAGILE,TREND_FRAGILE,TREND
5257.15,5257.25,5247.15,5250.05,0,0,0,2,0.9526978786335129,NY,9,0.4540238233585263,day_anchor_std,server_midnight,0,0,0,0,1,0,TREND_FRAGILE,TREND_FRAGILE,TREND
5251.75,5253.45,5251.25,5252.25,0,0,0,0,0.9457188101874859,ASIA,2,0.1079115764978368,day_anchor_std,server_midnight,1,0,0,0,0,0,BALANCE_LEAKING,BALANCE_LEAKING,BALANCE
5252.25,5252.95,5251.45,5251.95,0,0,0,0,0.9457188101874859,ASIA,2,0.1079115764978368,day_anchor_std,server_midnight,1,0,0,0,0,0,BALANCE_LEAKING,BALANCE_LEAKING,BALANCE
5252.05,5253.8,5251.75,5252.05,0,0,0,0,0.9457188101874859,ASIA,2,0.1079115764978368,day_anchor_std,server_midnight,1,0,0,0,0,0,BALANCE_LEAKING,BALANCE_LEAKING,BALANCE
5252.25,5252.25,5250.25,5250.95,0,0,0,0,0.9457188101874859,ASIA,2,0.1079115764978368,day_anchor_std,server_midnight,1,0,0,0,0,0,BALANCE_LEAKING,BALANCE_LEAKING,BALANCE
5235.5,5235.9,5227.1,5229.4,0,0,0,1,0.8922651075845774,NY,5,1.9579845256216089,day_anchor_std,server_midnight,0,0,1,0,0,0,UNCLASSIFIED,TRANSITION_UNCLASSIFIED,TRANSITION
5229.6,5229.6,5211.5,5214.8,0,0,0,1,0.8922651075845774,NY,5,1.9579845256216089,day_anchor_std,server_midnight,0,0,1,0,0,0,UNCLASSIFIED,TRANSITION_UNCLASSIFIED,TRANSITION
5214.4,5220.85,5213.2,5220.4,0,0,0,1,0.8922651075845774,NY,5,1.9579845256216089,day_anchor_std,server_midnight,0,0,1,0,0,0,UNCLASSIFIED,TRANSITION_UNCLASSIFIED,TRANSITION
5220.5,5222.4,5220.0,5221.0,0,0,0,1,0.8922651075845774,NY,5,1.9579845256216089,day_anchor_std,server_midnight,0,0,1,0,0,0,UNCLASSIFIED,TRANSITION_UNCLASSIFIED,TRANSITION
5225.5,5227.75,5225.5,5227.5,0,0,0,0,0.8552366850696413,ASIA,2,0.2702702702702717,day_anchor_std,server_midnight,1,0,0,0,0,0,UNCLASSIFIED,BALANCE_UNCLASSIFIED,BALANCE
5227.4,5227.8,5226.8,5227.0,0,0,0,0,0.8552366850696413,ASIA,2,0.2702702702702717,day_anchor_std,server_midnight,1,0,0,0,0,0,UNCLASSIFIED,BALANCE_UNCLASSIFIED,BALANCE
5226.85,5229.7,5226.8,5229.7,0,0,0,0,0.8552366850696413,ASIA,2,0.2702702702702717,day_anchor_std,server_midnight,1,0,0,0,0,0,UNCLASSIFIED,BALANCE_UNCLASSIFIED,BALANCE
5229.5,5231.5,5229.5,5231.5,0,0,0,0,0.8552366850696413,ASIA,2,0.2702702702702717,day_anchor_std,server_midnight,1,0,0,0,0,0,UNCLASSIFIED,BALANCE_UNCLASSIFIED,BALANCE
5259.8,5260.75,5255.85,5257.05,0,0,0,2,0.9489714128220476,NY,3,0.9513683431952741,day_anchor_std,server_midnight,0,0,0,0,1,0,TREND_STRONG,TREND_STRONG,TREND
5256.95,5260.45,5255.1,5259.15,0,0,0,2,0.9489714128220476,NY,3,0.9513683431952741,day_anchor_std,server_midnight,0,0,0,0,1,0,TREND_STRONG,TREND_STRONG,TREND
5259.4,5261.65,5256.5,5260.4,0,0,0,2,0.9489714128220476,NY,3,0.9513683431952741,day_anchor_std,server_midnight,0,0,0,0,1,0,TREND_STRONG,TREND_STRONG,TREND
5260.55,5267.4,5255.35,5266.3,0,0,0,2,0.9489714128220476,NY,3,0.9513683431952741,day_anchor_std,server_midnight,0,0,0,0,1,0,TREND_STRONG,TREND_STRONG,TREND
5281.75,5282.5,5281.2,5281.6,0,0,0,2,0.8294572918961297,NY_PM,3,0.2912743251727109,day_anchor_std,server_midnight,0,0,0,0,1,0,TREND_FRAGILE,TREND_FRAGILE,TREND
5281.7,5282.25,5279.7,5280.1,0,0,0,2,0.8294572918961297,NY_PM,3,0.2912743251727109,day_anchor_std,server_midnight,0,0,0,0,1,0,TREND_FRAGILE,TREND_FRAGILE,TREND
5280.1,5280.1,5278.9,5279.6,0,0,0,2,0.8294572918961297,NY_PM,3,0.2912743251727109,day_anchor_std,server_midnight,0,0,0,0,1,0,TREND_FRAGILE,TREND_FRAGILE,TREND
5279.6,5279.8,5278.3,5279.6,0,0,0,2,0.8294572918961297,NY_PM,3,0.2912743251727109,day_anchor_std,server_midnight,0,0,0,0,1,0,TREND_FRAGILE,TREND_FRAGILE,TREND
5279.6,5279.8,5278.3,5279.1,0,0,0,2,0.7052422425108824,ASIA,4,0.1519468186134514,day_anchor_std,server_midnight,0,0,0,1,0,0,TREND_FRAGILE,TREND_FRAGILE,TREND
5279.1,5281.3,5278.8,5281.3,0,0,0,2,0.7052422425108824,ASIA,4,0.1519468186134514,day_anchor_std,server_midnight,0,0,0,1,0,0,TREND_FRAGILE,TREND_FRAGILE,TREND
5281.3,5281.8,5280.8,5281.6,0,0,0,2,0.7052422425108824,ASIA,4,0.1519468186134514,day_anchor_std,server_midnight,0,0,0,1,0,0,TREND_FRAGILE,TREND_FRAGILE,TREND
5281.65,5282.3,5281.0,5282.3,0,0,0,2,0.7052422425108824,ASIA,4,0.1519468186134514,day_anchor_std,server_midnight,0,0,0,1,0,0,TREND_FRAGILE,TREND_FRAGILE,TREND
5282.1,5282.6,5280.8,5281.3,0,0,0,2,0.6366138058220316,ASIA,5,0.09199178644765953,day_anchor_std,server_midnight,0,0,0,1,0,0,TREND_FRAGILE,TREND_FRAGILE,TREND
5281.3,5281.35,5279.3,5279.6,0,0,0,2,0.6366138058220316,ASIA,5,0.09199178644765953,day_anchor_std,server_midnight,0,0,0,1,0,0,TREND_FRAGILE,TREND_FRAGILE,TREND
5279.3,5281.3,5279.3,5280.6,0,0,0,2,0.6366138058220316,ASIA,5,0.09199178644765953,day_anchor_std,server_midnight,0,0,0,1,0,0,TREND_FRAGILE,TREND_FRAGILE,TREND
5280.6,5281.2,5279.2,5279.8,0,0,0,2,0.6366138058220316,ASIA,5,0.09199178644765953,day_anchor_std,server_midnight,0,0,0,1,0,0,TREND_FRAGILE,TREND_FRAGILE,TREND
5280.0,5283.25,5280.0,5282.7,0,0,0,2,0.7096473018319518,ASIA,6,0.1318374335405367,day_anchor_std,server_midnight,0,0,0,1,0,0,TREND_FRAGILE,TREND_FRAGILE,TREND
5282.7,5283.25,5281.7,5282.7,0,0,0,2,0.7096473018319518,ASIA,6,0.1318374335405367,day_anchor_std,server_midnight,0,0,0,1,0,0,TREND_FRAGILE,TREND_FRAGILE,TREND
5282.7,5282.7,5278.5,5281.0,0,0,0,2,0.7096473018319518,ASIA,6,0.1318374335405367,day_anchor_std,server_midnight,0,0,0,1,0,0,TREND_FRAGILE,TREND_FRAGILE,TREND
5281.0,5282.0,5280.7,5281.95,0,0,0,2,0.7096473018319518,ASIA,6,0.1318374335405367,day_anchor_std,server_midnight,0,0,0,1,0,0,TREND_FRAGILE,TREND_FRAGILE,TREND
5267.8,5267.85,5260.25,5263.65,0,0,0,1,0.9565192817605719,LONDON,1,2.5090099948931566,day_anchor_std,server_midnight,0,0,1,0,0,0,UNCLASSIFIED,TRANSITION_UNCLASSIFIED,TRANSITION
5263.55,5269.4,5260.1,5266.6,0,0,0,1,0.9565192817605719,LONDON,1,2.5090099948931566,day_anchor_std,server_midnight,0,0,1,0,0,0,UNCLASSIFIED,TRANSITION_UNCLASSIFIED,TRANSITION
5264.25,5267.6,5253.8,5255.5,0,0,0,1,0.9565192817605719,LONDON,1,2.5090099948931566,day_anchor_std,server_midnight,0,0,1,0,0,0,UNCLASSIFIED,TRANSITION_UNCLASSIFIED,TRANSITION
5255.4,5256.4,5246.5,5248.4,0,0,0,1,0.9565192817605719,LONDON,1,2.5090099948931566,day_anchor_std,server_midnight,0,0,1,0,0,0,UNCLASSIFIED,TRANSITION_UNCLASSIFIED,TRANSITION
5258.15,5258.3,5255.5,5255.6,0,0,0,1,0.8064544984483358,NY,1,3.391998977505108,day_anchor_std,server_midnight,0,0,1,0,0,0,UNCLASSIFIED,TRANSITION_UNCLASSIFIED,TRANSITION
5255.7,5255.7,5240.8,5242.0,0,0,0,1,0.8064544984483358,NY,1,3.391998977505108,day_anchor_std,server_midnight,0,0,1,0,0,0,UNCLASSIFIED,TRANSITION_UNCLASSIFIED,TRANSITION
5241.8,5241.8,5201.45,5202.8,0,0,0,1,0.8064544984483358,NY,1,3.391998977505108,day_anchor_std,server_midnight,0,0,1,0,0,0,UNCLASSIFIED,TRANSITION_UNCLASSIFIED,TRANSITION
5202.2,5202.2,5176.2,5180.25,0,0,0,1,0.8064544984483358,NY,1,3.391998977505108,day_anchor_std,server_midnight,0,0,1,0,0,0,UNCLASSIFIED,TRANSITION_UNCLASSIFIED,TRANSITION
5221.7,5222.8,5221.6,5222.8,0,0,0,0,0.613310754022574,ASIA,4,0.11654398878371477,day_anchor_std,server_midnight,1,0,0,0,0,0,UNCLASSIFIED,BALANCE_UNCLASSIFIED,BALANCE
5222.6,5223.3,5222.3,5222.3,0,0,0,0,0.613310754022574,ASIA,4,0.11654398878371477,day_anchor_std,server_midnight,1,0,0,0,0,0,UNCLASSIFIED,BALANCE_UNCLASSIFIED,BALANCE
5222.55,5223.1,5222.1,5222.6,0,0,0,0,0.613310754022574,ASIA,4,0.11654398878371477,day_anchor_std,server_midnight,1,0,0,0,0,0,UNCLASSIFIED,BALANCE_UNCLASSIFIED,BALANCE
5222.6,5224.35,5219.6,5219.6,0,0,0,0,0.613310754022574,ASIA,4,0.11654398878371477,day_anchor_std,server_midnight,1,0,0,0,0,0,UNCLASSIFIED,BALANCE_UNCLASSIFIED,BALANCE
5219.8,5222.4,5219.6,5222.15,0,0,0,0,0.7719137078913767,ASIA,5,0.07826313052520843,day_anchor_std,server_midnight,1,0,0,0,0,0,BALANCE_LEAKING,BALANCE_LEAKING,BALANCE
5222.4,5222.9,5220.3,5220.3,0,0,0,0,0.7719137078913767,ASIA,5,0.07826313052520843,day_anchor_std,server_midnight,1,0,0,0,0,0,BALANCE_LEAKING,BALANCE_LEAKING,BALANCE
5220.4,5224.4,5220.4,5223.7,0,0,0,0,0.7719137078913767,ASIA,5,0.07826313052520843,day_anchor_std,server_midnight,1,0,0,0,0,0,BALANCE_LEAKING,BALANCE_LEAKING,BALANCE
5223.9,5224.9,5221.4,5222.9,0,0,0,0,0.7719137078913767,ASIA,5,0.07826313052520843,day_anchor_std,server_midnight,1,0,0,0,0,0,BALANCE_LEAKING,BALANCE_LEAKING,BALANCE
5194.15,5194.65,5189.45,5193.5,0,0,0,2,0.6424858094781944,ASIA,3,0.6454745198100211,day_anchor_std,server_midnight,0,0,0,1,0,0,TREND_STRONG,TREND_STRONG,TREND
5193.3,5193.95,5173.15,5178.15,0,0,0,2,0.6424858094781944,ASIA,3,0.6454745198100211,day_anchor_std,server_midnight,0,0,0,1,0,0,TREND_STRONG,TREND_STRONG,TREND
5177.8,5182.95,5175.65,5182.95,0,0,0,2,0.6424858094781944,ASIA,3,0.6454745198100211,day_anchor_std,server_midnight,0,0,0,1,0,0,TREND_STRONG,TREND_STRONG,TREND
5183.45,5190.65,5182.45,5187.45,0,0,0,2,0.6424858094781944,ASIA,3,0.6454745198100211,day_anchor_std,server_midnight,0,0,0,1,0,0,TREND_STRONG,TREND_STRONG,TREND
5129.5,5140.1,5127.05,5139.3,0,0,0,2,0.6960275227450085,NY_PM,4,0.2583063063063467,day_anchor_std,server_midnight,0,0,0,0,1,0,TREND_STRONG,TREND_STRONG,TREND
5139.6,5146.0,5137.8,5140.9,0,0,0,2,0.6960275227450085,NY_PM,4,0.2583063063063467,day_anchor_std,server_midnight,0,0,0,0,1,0,TREND_STRONG,TREND_STRONG,TREND
5141.1,5142.9,5139.4,5141.45,0,0,0,2,0.6960275227450085,NY_PM,4,0.2583063063063467,day_anchor_std,server_midnight,0,0,0,0,1,0,TREND_STRONG,TREND_STRONG,TREND
5141.65,5146.75,5141.4,5143.3,0,0,0,2,0.6960275227450085,NY_PM,4,0.2583063063063467,day_anchor_std,server_midnight,0,0,0,0,1,0,TREND_STRONG,TREND_STRONG,TREND
5142.85,5145.35,5122.95,5125.15,0,0,0,1,0.8604050314551435,LONDON,1,2.641889858561551,day_anchor_std,server_midnight,0,0,1,0,0,0,UNCLASSIFIED,TRANSITION_UNCLASSIFIED,TRANSITION
5125.05,5125.15,5114.05,5119.5,0,0,0,1,0.8604050314551435,LONDON,1,2.641889858561551,day_anchor_std,server_midnight,0,0,1,0,0,0,UNCLASSIFIED,TRANSITION_UNCLASSIFIED,TRANSITION
5119.45,5124.65,5084.05,5084.05,0,0,0,1,0.8604050314551435,LONDON,1,2.641889858561551,day_anchor_std,server_midnight,0,0,1,0,0,0,UNCLASSIFIED,TRANSITION_UNCLASSIFIED,TRANSITION
5084.25,5086.95,5068.45,5082.15,0,0,0,1,0.8604050314551435,LONDON,1,2.641889858561551,day_anchor_std,server_midnight,0,0,1,0,0,0,UNCLASSIFIED,TRANSITION_UNCLASSIFIED,TRANSITION
5002.95,5004.75,4990.95,4994.75,0,0,0,1,0.8986410935206672,NY_PM,2,3.7608656807408334,day_anchor_std,server_midnight,0,0,1,0,0,0,UNCLASSIFIED,TRANSITION_UNCLASSIFIED,TRANSITION
4994.95,4994.95,4984.45,4987.45,0,0,0,1,0.8986410935206672,NY_PM,2,3.7608656807408334,day_anchor_std,server_midnight,0,0,1,0,0,0,UNCLASSIFIED,TRANSITION_UNCLASSIFIED,TRANSITION
4987.25,4989.55,4960.3,4961.4,0,0,0,1,0.8986410935206672,NY_PM,2,3.7608656807408334,day_anchor_std,server_midnight,0,0,1,0,0,0,UNCLASSIFIED,TRANSITION_UNCLASSIFIED,TRANSITION
4961.2,4962.15,4938.45,4949.55,0,0,0,1,0.8986410935206672,NY_PM,2,3.7608656807408334,day_anchor_std,server_midnight,0,0,1,0,0,0,UNCLASSIFIED,TRANSITION_UNCLASSIFIED,TRANSITION
5013.9,5015.2,5007.4,5011.9,0,0,0,2,0.33922223043732297,NY,3,0.9565296957923509,day_anchor_std,server_midnight,0,0,0,0,1,0,UNCLASSIFIED,TREND_UNCLASSIFIED,TREND
5012.0,5015.05,5011.5,5015.05,0,0,0,2,0.33922223043732297,NY,3,0.9565296957923509,day_anchor_std,server_midnight,0,0,0,0,1,0,UNCLASSIFIED,TREND_UNCLASSIFIED,TREND
5091.85,5092.05,5090.35,5091.05,0,0,0,2,0.993701253493178,ASIA,7,0.06198118428335703,day_anchor_std,server_midnight,0,0,0,1,0,0,UNCLASSIFIED,TREND_UNCLASSIFIED,TREND
5091.05,5091.65,5090.35,5090.95,0,0,0,2,0.993701253493178,ASIA,7,0.06198118428335703,day_anchor_std,server_midnight,0,0,0,1,0,0,UNCLASSIFIED,TREND_UNCLASSIFIED,TREND
5091.05,5094.05,5090.55,5092.35,0,0,0,2,0.993701253493178,ASIA,7,0.06198118428335703,day_anchor_std,server_midnight,0,0,0,1,0,0,UNCLASSIFIED,TREND_UNCLASSIFIED,TREND
5092.55,5095.35,5091.85,5094.05,0,0,0,2,0.993701253493178,ASIA,7,0.06198118428335703,day_anchor_std,server_midnight,0,0,0,1,0,0,UNCLASSIFIED,TREND_UNCLASSIFIED,TREND
5094.1,5094.1,5089.55,5090.35,0,0,0,2,0.9977531409002224,ASIA,8,0.39015151515148916,day_anchor_std,server_midnight,0,0,0,1,0,0,UNCLASSIFIED,TREND_UNCLASSIFIED,TREND
5090.25,5090.55,5086.35,5087.85,0,0,0,2,0.9977531409002224,ASIA,8,0.39015151515148916,day_anchor_std,server_midnight,0,0,0,1,0,0,UNCLASSIFIED,TREND_UNCLASSIFIED,TREND
5088.05,5088.85,5082.55,5084.35,0,0,0,2,0.9977531409002224,ASIA,8,0.39015151515148916,day_anchor_std,server_midnight,0,0,0,1,0,0,UNCLASSIFIED,TREND_UNCLASSIFIED,TREND
5084.55,5087.05,5082.85,5085.35,0,0,0,2,0.9977531409002224,ASIA,8,0.39015151515148916,day_anchor_std,server_midnight,0,0,0,1,0,0,UNCLASSIFIED,TREND_UNCLASSIFIED,TREND
5085.4,5086.55,5083.05,5083.45,0,0,0,2,0.8171127779116393,ASIA,9,0.8702351987023715,day_anchor_std,server_midnight,0,0,0,1,0,1,UNCLASSIFIED,TREND_UNCLASSIFIED,TREND
5083.45,5085.85,5080.05,5080.35,0,0,0,2,0.8171127779116393,ASIA,9,0.8702351987023715,day_anchor_std,server_midnight,0,0,0,1,0,1,UNCLASSIFIED,TREND_UNCLASSIFIED,TREND
5080.55,5082.05,5078.05,5078.85,0,0,0,2,0.8171127779116393,ASIA,9,0.8702351987023715,day_anchor_std,server_midnight,0,0,0,1,0,1,UNCLASSIFIED,TREND_UNCLASSIFIED,TREND
5079.05,5079.85,5073.35,5075.55,0,0,0,2,0.8171127779116393,ASIA,9,0.8702351987023715,day_anchor_std,server_midnight,0,0,0,1,0,1,UNCLASSIFIED,TREND_UNCLASSIFIED,TREND
5075.35,5081.05,5075.35,5080.85,0,0,0,2,0.9923291618609545,ASIA,10,0.05704377980063803,day_anchor_std,server_midnight,0,0,0,1,0,0,TREND_STRONG,TREND_STRONG,TREND
5080.75,5081.2,5075.85,5077.05,0,0,0,2,0.9923291618609545,ASIA,10,0.05704377980063803,day_anchor_std,server_midnight,0,0,0,1,0,0,TREND_STRONG,TREND_STRONG,TREND
5077.35,5083.55,5076.55,5083.35,0,0,0,2,0.9923291618609545,ASIA,10,0.05704377980063803,day_anchor_std,server_midnight,0,0,0,1,0,0,TREND_STRONG,TREND_STRONG,TREND
5083.05,5087.05,5082.05,5086.05,0,0,0,2,0.9923291618609545,ASIA,10,0.05704377980063803,day_anchor_std,server_midnight,0,0,0,1,0,0,TREND_STRONG,TREND_STRONG,TREND
5085.85,5088.55,5083.55,5087.3,0,0,0,2,0.9649104821427521,LONDON,11,0.4082601789148195,day_anchor_std,server_midnight,0,0,0,0,1,0,UNCLASSIFIED,TREND_UNCLASSIFIED,TREND
5087.55,5091.55,5076.55,5078.05,0,0,0,2,0.9649104821427521,LONDON,11,0.4082601789148195,day_anchor_std,server_midnight,0,0,0,0,1,0,UNCLASSIFIED,TREND_UNCLASSIFIED,TREND
5077.85,5084.05,5075.3,5083.85,0,0,0,2,0.9649104821427521,LONDON,11,0.4082601789148195,day_anchor_std,server_midnight,0,0,0,0,1,0,UNCLASSIFIED,TREND_UNCLASSIFIED,TREND
5082.95,5091.25,5076.85,5080.25,0,0,0,2,0.9649104821427521,LONDON,11,0.4082601789148195,day_anchor_std,server_midnight,0,0,0,0,1,0,UNCLASSIFIED,TREND_UNCLASSIFIED,TREND
5041.7,5042.15,5040.75,5041.1,0,0,0,2,0.7205075889056974,ASIA,3,0.11168811620385095,day_anchor_std,server_midnight,0,0,0,1,0,0,TREND_STRONG,TREND_STRONG,TREND
5041.15,5043.25,5040.75,5041.9,0,0,0,2,0.7205075889056974,ASIA,3,0.11168811620385095,day_anchor_std,server_midnight,0,0,0,1,0,0,TREND_STRONG,TREND_STRONG,TREND
5041.95,5042.25,5035.55,5037.0,0,0,0,2,0.7205075889056974,ASIA,3,0.11168811620385095,day_anchor_std,server_midnight,0,0,0,1,0,0,TREND_STRONG,TREND_STRONG,TREND
5036.95,5039.35,5034.85,5036.4,0,0,0,2,0.7205075889056974,ASIA,3,0.11168811620385095,day_anchor_std,server_midnight,0,0,0,1,0,0,TREND_STRONG,TREND_STRONG,TREND
5036.6,5038.95,5034.55,5035.3,0,0,0,2,0.5052177311087893,ASIA,4,0.06882531233830179,day_anchor_std,server_midnight,0,0,0,1,0,0,TREND_FRAGILE,TREND_FRAGILE,TREND
5035.25,5044.0,5034.2,5043.25,0,0,0,2,0.5052177311087893,ASIA,4,0.06882531233830179,day_anchor_std,server_midnight,0,0,0,1,0,0,TREND_FRAGILE,TREND_FRAGILE,TREND
5043.15,5044.9,5036.55,5037.45,0,0,0,2,0.5052177311087893,ASIA,4,0.06882531233830179,day_anchor_std,server_midnight,0,0,0,1,0,0,TREND_FRAGILE,TREND_FRAGILE,TREND
5037.4,5042.8,5037.4,5040.05,0,0,0,2,0.5052177311087893,ASIA,4,0.06882531233830179,day_anchor_std,server_midnight,0,0,0,1,0,0,TREND_FRAGILE,TREND_FRAGILE,TREND
5049.9,5099.15,5047.05,5091.75,0,0,0,1,0.8983947906374781,NY,4,2.7669075252499273,day_anchor_std,server_midnight,0,0,1,0,0,0,UNCLASSIFIED,TRANSITION_UNCLASSIFIED,TRANSITION
5091.6,5100.25,5090.25,5099.7,0,0,0,1,0.8983947906374781,NY,4,2.7669075252499273,day_anchor_std,server_midnight,0,0,1,0,0,0,UNCLASSIFIED,TRANSITION_UNCLASSIFIED,TRANSITION
5102.55,5105.45,5097.85,5104.65,0,0,0,2,0.9804198006179027,LONDON,3,0.848295421658893,day_anchor_std,server_midnight,0,0,0,0,1,0,TREND_STRONG,TREND_STRONG,TREND
5104.8,5111.85,5102.3,5111.85,0,0,0,2,0.9804198006179027,LONDON,3,0.848295421658893,day_anchor_std,server_midnight,0,0,0,0,1,0,TREND_STRONG,TREND_STRONG,TREND
5111.75,5114.2,5109.0,5112.2,0,0,0,2,0.9804198006179027,LONDON,3,0.848295421658893,day_anchor_std,server_midnight,0,0,0,0,1,0,TREND_STRONG,TREND_STRONG,TREND
5112.45,5115.05,5107.1,5110.45,0,0,0,2,0.9804198006179027,LONDON,3,0.848295421658893,day_anchor_std,server_midnight,0,0,0,0,1,0,TREND_STRONG,TREND_STRONG,TREND
5110.5,5111.05,5103.8,5105.7,0,0,0,2,0.743012145027263,NY,4,0.24783944982045872,day_anchor_std,server_midnight,0,0,0,0,1,0,TREND_STRONG,TREND_STRONG,TREND
5105.7,5110.25,5101.6,5110.0,0,0,0,2,0.743012145027263,NY,4,0.24783944982045872,day_anchor_std,server_midnight,0,0,0,0,1,0,TREND_STRONG,TREND_STRONG,TREND
5109.9,5112.45,5106.6,5112.35,0,0,0,2,0.743012145027263,NY,4,0.24783944982045872,day_anchor_std,server_midnight,0,0,0,0,1,0,TREND_STRONG,TREND_STRONG,TREND
5112.15,5112.2,5097.45,5098.15,0,0,0,2,0.743012145027263,NY,4,0.24783944982045872,day_anchor_std,server_midnight,0,0,0,0,1,0,TREND_STRONG,TREND_STRONG,TREND
5032.85,5033.25,5030.05,5032.85,0,0,0,2,0.9968092093364959,NY_PM,7,3.155309347946896,day_anchor_std,server_midnight,0,0,0,0,0,1,UNCLASSIFIED,TREND_UNCLASSIFIED,TREND
5032.9,5036.25,5032.75,5035.25,0,0,0,2,0.9968092093364959,NY_PM,7,3.155309347946896,day_anchor_std,server_midnight,0,0,0,0,0,1,UNCLASSIFIED,TREND_UNCLASSIFIED,TREND
5035.1,5037.35,5035.1,5036.65,0,0,0,2,0.9968092093364959,NY_PM,7,3.155309347946896,day_anchor_std,server_midnight,0,0,0,0,0,1,UNCLASSIFIED,TREND_UNCLASSIFIED,TREND
5036.8,5038.45,5036.1,5038.1,0,0,0,2,0.9968092093364959,NY_PM,7,3.155309347946896,day_anchor_std,server_midnight,0,0,0,0,0,1,UNCLASSIFIED,TREND_UNCLASSIFIED,TREND
5038.35,5038.75,5036.85,5037.25,0,0,0,2,0.9893951607615299,ASIA,8,0.09982761322675109,day_anchor_std,server_midnight,0,0,0,1,0,0,UNCLASSIFIED,TREND_UNCLASSIFIED,TREND
5037.4,5038.95,5036.9,5038.35,0,0,0,2,0.9893951607615299,ASIA,8,0.09982761322675109,day_anchor_std,server_midnight,0,0,0,1,0,0,UNCLASSIFIED,TREND_UNCLASSIFIED,TREND
5038.2,5038.45,5034.25,5034.25,0,0,0,2,0.9893951607615299,ASIA,8,0.09982761322675109,day_anchor_std,server_midnight,0,0,0,1,0,0,UNCLASSIFIED,TREND_UNCLASSIFIED,TREND
5034.6,5035.45,5033.1,5033.75,0,0,0,2,0.9893951607615299,ASIA,8,0.09982761322675109,day_anchor_std,server_midnight,0,0,0,1,0,0,UNCLASSIFIED,TREND_UNCLASSIFIED,TREND
5033.85,5035.7,5029.25,5029.75,0,0,0,2,0.9353296961169452,ASIA,9,0.49736157562242067,day_anchor_std,server_midnight,0,0,0,1,0,0,UNCLASSIFIED,TREND_UNCLASSIFIED,TREND
5030.1,5030.1,5026.05,5029.05,0,0,0,2,0.9353296961169452,ASIA,9,0.49736157562242067,day_anchor_std,server_midnight,0,0,0,1,0,0,UNCLASSIFIED,TREND_UNCLASSIFIED,TREND
5028.8,5031.4,5027.05,5028.75,0,0,0,2,0.9353296961169452,ASIA,9,0.49736157562242067,day_anchor_std,server_midnight,0,0,0,1,0,0,UNCLASSIFIED,TREND_UNCLASSIFIED,TREND
5028.75,5028.75,5021.05,5023.6,0,0,0,2,0.9353296961169452,ASIA,9,0.49736157562242067,day_anchor_std,server_midnight,0,0,0,1,0,0,UNCLASSIFIED,TREND_UNCLASSIFIED,TREND
5023.45,5027.35,5022.55,5024.95,0,0,0,2,0.983855168616156,ASIA,10,0.7320854331653639,day_anchor_std,server_midnight,0,0,0,1,0,0,TREND_STRONG,TREND_STRONG,TREND
5025.05,5026.6,5022.1,5025.45,0,0,0,2,0.983855168616156,ASIA,10,0.7320854331653639,day_anchor_std,server_midnight,0,0,0,1,0,0,TREND_STRONG,TREND_STRONG,TREND
5025.05,5025.6,5015.05,5016.0,0,0,0,2,0.983855168616156,ASIA,10,0.7320854331653639,day_anchor_std,server_midnight,0,0,0,1,0,0,TREND_STRONG,TREND_STRONG,TREND
5016.1,5019.25,5012.2,5016.45,0,0,0,2,0.983855168616156,ASIA,10,0.7320854331653639,day_anchor_std,server_midnight,0,0,0,1,0,0,TREND_STRONG,TREND_STRONG,TREND
5016.6,5016.75,5012.05,5012.05,0,0,0,2,0.9655816232716922,ASIA,11,0.6230340988170046,day_anchor_std,server_midnight,0,0,0,1,0,0,UNCLASSIFIED,TREND_UNCLASSIFIED,TREND
5011.95,5019.4,5010.15,5019.1,0,0,0,2,0.9655816232716922,ASIA,11,0.6230340988170046,day_anchor_std,server_midnight,0,0,0,1,0,0,UNCLASSIFIED,TREND_UNCLASSIFIED,TREND
5018.85,5022.85,5017.3,5019.6,0,0,0,2,0.9655816232716922,ASIA,11,0.6230340988170046,day_anchor_std,server_midnight,0,0,0,1,0,0,UNCLASSIFIED,TREND_UNCLASSIFIED,TREND
5019.85,5021.35,5014.85,5016.2,0,0,0,2,0.9655816232716922,ASIA,11,0.6230340988170046,day_anchor_std,server_midnight,0,0,0,1,0,0,UNCLASSIFIED,TREND_UNCLASSIFIED,TREND
5016.25,5022.4,5015.4,5019.5,0,0,0,2,0.9528481130594306,LONDON,12,0.08715808993972754,day_anchor_std,server_midnight,0,0,0,0,1,0,UNCLASSIFIED,TREND_UNCLASSIFIED,TREND
5019.35,5029.75,5017.95,5025.55,0,0,0,2,0.9528481130594306,LONDON,12,0.08715808993972754,day_anchor_std,server_midnight,0,0,0,0,1,0,UNCLASSIFIED,TREND_UNCLASSIFIED,TREND
5025.45,5032.45,5024.75,5030.45,0,0,0,2,0.9528481130594306,LONDON,12,0.08715808993972754,day_anchor_std,server_midnight,0,0,0,0,1,0,UNCLASSIFIED,TREND_UNCLASSIFIED,TREND
5029.65,5034.95,5020.45,5024.85,0,0,0,2,0.9528481130594306,LONDON,12,0.08715808993972754,day_anchor_std,server_midnight,0,0,0,0,1,0,UNCLASSIFIED,TREND_UNCLASSIFIED,TREND
5024.55,5029.0,5017.25,5024.45,0,0,0,2,0.9946254963322838,LONDON,12,0.37392010948592797,day_anchor_std,server_midnight,0,0,0,0,1,0,TREND_STRONG,TREND_STRONG,TREND
5024.55,5032.2,5022.05,5029.85,0,0,0,2,0.9946254963322838,LONDON,12,0.37392010948592797,day_anchor_std,server_midnight,0,0,0,0,1,0,TREND_STRONG,TREND_STRONG,TREND
5029.75,5031.2,5016.85,5024.7,0,0,0,2,0.9946254963322838,LONDON,12,0.37392010948592797,day_anchor_std,server_midnight,0,0,0,0,1,0,TREND_STRONG,TREND_STRONG,TREND
5024.65,5030.35,5018.6,5018.85,0,0,0,2,0.9946254963322838,LONDON,12,0.37392010948592797,day_anchor_std,server_midnight,0,0,0,0,1,0,TREND_STRONG,TREND_STRONG,TREND
5018.55,5027.85,5014.95,5026.85,0,0,0,2,0.6489373578169586,LONDON,12,0.0391451967245755,day_anchor_std,server_midnight,0,0,0,0,1,0,TREND_STRONG,TREND_STRONG,TREND
5026.55,5027.05,5019.25,5020.6,0,0,0,2,0.6489373578169586,LONDON,12,0.0391451967245755,day_anchor_std,server_midnight,0,0,0,0,1,0,TREND_STRONG,TREND_STRONG,TREND
5020.6,5024.1,5015.35,5023.45,0,0,0,2,0.6489373578169586,LONDON,12,0.0391451967245755,day_anchor_std,server_midnight,0,0,0,0,1,0,TREND_STRONG,TREND_STRONG,TREND
5023.6,5030.2,5022.45,5026.4,0,0,0,2,0.6489373578169586,LONDON,12,0.0391451967245755,day_anchor_std,server_midnight,0,0,0,0,1,0,TREND_STRONG,TREND_STRONG,TREND
5051.05,5053.6,5048.3,5049.95,0,0,0,2,0.7186104816682011,ASIA,3,0.18168584007954877,day_anchor_std,server_midnight,0,0,0,1,0,0,TREND_STRONG,TREND_STRONG,TREND
5050.1,5055.75,5049.3,5054.25,0,0,0,2,0.7186104816682011,ASIA,3,0.18168584007954877,day_anchor_std,server_midnight,0,0,0,1,0,0,TREND_STRONG,TREND_STRONG,TREND
5054.35,5058.45,5053.05,5054.55,0,0,0,2,0.7186104816682011,ASIA,3,0.18168584007954877,day_anchor_std,server_midnight,0,0,0,1,0,0,TREND_STRONG,TREND_STRONG,TREND
5054.2,5054.2,5049.3,5050.5,0,0,0,2,0.7186104816682011,ASIA,3,0.18168584007954877,day_anchor_std,server_midnight,0,0,0,1,0,0,TREND_STRONG,TREND_STRONG,TREND
5080.0,5080.75,5078.95,5079.55,0,0,0,2,0.9630851958903788,ASIA,7,0.03427434779279286,day_anchor_std,server_midnight,0,0,0,1,0,0,TREND_STRONG,TREND_STRONG,TREND
5079.4,5079.5,5076.9,5077.35,0,0,0,2,0.9630851958903788,ASIA,7,0.03427434779279286,day_anchor_std,server_midnight,0,0,0,1,0,0,TREND_STRONG,TREND_STRONG,TREND
5077.1,5078.45,5076.45,5076.7,0,0,0,2,0.9630851958903788,ASIA,7,0.03427434779279286,day_anchor_std,server_midnight,0,0,0,1,0,0,TREND_STRONG,TREND_STRONG,TREND
5076.7,5080.05,5076.7,5079.4,0,0,0,2,0.9630851958903788,ASIA,7,0.03427434779279286,day_anchor_std,server_midnight,0,0,0,1,0,0,TREND_STRONG,TREND_STRONG,TREND
5079.2,5079.4,5075.55,5076.85,0,0,0,2,0.8110872737158493,ASIA,8,0.02552997492589454,day_anchor_std,server_midnight,0,0,0,1,0,0,UNCLASSIFIED,TREND_UNCLASSIFIED,TREND
5076.9,5079.05,5076.3,5078.05,0,0,0,2,0.8110872737158493,ASIA,8,0.02552997492589454,day_anchor_std,server_midnight,0,0,0,1,0,0,UNCLASSIFIED,TREND_UNCLASSIFIED,TREND
5077.8,5078.55,5072.95,5073.15,0,0,0,2,0.8110872737158493,ASIA,8,0.02552997492589454,day_anchor_std,server_midnight,0,0,0,1,0,0,UNCLASSIFIED,TREND_UNCLASSIFIED,TREND
5073.4,5077.5,5072.55,5077.5,0,0,0,2,0.8110872737158493,ASIA,8,0.02552997492589454,day_anchor_std,server_midnight,0,0,0,1,0,0,UNCLASSIFIED,TREND_UNCLASSIFIED,TREND
5077.3,5080.85,5076.8,5080.5,0,0,0,2,0.9690115316254468,ASIA,9,0.29761815124361785,day_anchor_std,server_midnight,0,0,0,1,0,0,UNCLASSIFIED,TREND_UNCLASSIFIED,TREND
5080.25,5082.95,5079.3,5081.05,0,0,0,2,0.9690115316254468,ASIA,9,0.29761815124361785,day_anchor_std,server_midnight,0,0,0,1,0,0,UNCLASSIFIED,TREND_UNCLASSIFIED,TREND
5081.3,5082.25,5078.55,5079.25,0,0,0,2,0.9690115316254468,ASIA,9,0.29761815124361785,day_anchor_std,server_midnight,0,0,0,1,0,0,UNCLASSIFIED,TREND_UNCLASSIFIED,TREND
5079.3,5083.3,5078.95,5083.2,0,0,0,2,0.9690115316254468,ASIA,9,0.29761815124361785,day_anchor_std,server_midnight,0,0,0,1,0,0,UNCLASSIFIED,TREND_UNCLASSIFIED,TREND
5083.2,5087.1,5082.8,5085.55,0,0,0,2,0.9589199834143177,ASIA,10,0.13133764832791311,day_anchor_std,server_midnight,0,0,0,1,0,0,UNCLASSIFIED,TREND_UNCLASSIFIED,TREND
5085.95,5086.25,5081.7,5081.75,0,0,0,2,0.9589199834143177,ASIA,10,0.13133764832791311,day_anchor_std,server_midnight,0,0,0,1,0,0,UNCLASSIFIED,TREND_UNCLASSIFIED,TREND
5081.75,5085.85,5080.3,5085.75,0,0,0,2,0.9589199834143177,ASIA,10,0.13133764832791311,day_anchor_std,server_midnight,0,0,0,1,0,0,UNCLASSIFIED,TREND_UNCLASSIFIED,TREND
5085.85,5085.85,5078.75,5080.95,0,0,0,2,0.9589199834143177,ASIA,10,0.13133764832791311,day_anchor_std,server_midnight,0,0,0,1,0,0,UNCLASSIFIED,TREND_UNCLASSIFIED,TREND
5081.1,5088.35,5081.05,5084.0,0,0,0,2,0.9986721922754417,LONDON,11,2.4371563738652386,day_anchor_std,server_midnight,0,0,0,0,0,1,TREND_STRONG,TREND_STRONG,TREND
5081.8,5130.15,5081.8,5121.75,0,0,0,2,0.9986721922754417,LONDON,11,2.4371563738652386,day_anchor_std,server_midnight,0,0,0,0,0,1,TREND_STRONG,TREND_STRONG,TREND
5121.8,5127.15,5115.7,5126.75,0,0,0,2,0.9986721922754417,LONDON,11,2.4371563738652386,day_anchor_std,server_midnight,0,0,0,0,0,1,TREND_STRONG,TREND_STRONG,TREND
5126.85,5135.05,5110.8,5131.1,0,0,0,2,0.9986721922754417,LONDON,11,2.4371563738652386,day_anchor_std,server_midnight,0,0,0,0,0,1,TREND_STRONG,TREND_STRONG,TREND
5137.7,5140.1,5101.5,5111.55,0,0,0,2,0.9988084316549203,LONDON,12,1.4374019213839735,day_anchor_std,server_midnight,0,0,0,0,0,1,TREND_STRONG,TREND_STRONG,TREND
5111.8,5119.15,5101.75,5106.5,0,0,0,2,0.9988084316549203,LONDON,12,1.4374019213839735,day_anchor_std,server_midnight,0,0,0,0,0,1,TREND_STRONG,TREND_STRONG,TREND
5106.55,5113.3,5100.35,5112.25,0,0,0,2,0.9988084316549203,LONDON,12,1.4374019213839735,day_anchor_std,server_midnight,0,0,0,0,0,1,TREND_STRONG,TREND_STRONG,TREND
5112.95,5124.1,5112.15,5119.7,0,0,0,2,0.9988084316549203,LONDON,12,1.4374019213839735,day_anchor_std,server_midnight,0,0,0,0,0,1,TREND_STRONG,TREND_STRONG,TREND
5145.1,5145.1,5137.95,5139.95,0,0,0,2,0.9077945436476673,NY_PM,3,0.1928190430698725,day_anchor_std,server_midnight,0,0,0,0,1,0,TREND_STRONG,TREND_STRONG,TREND
5139.95,5140.2,5138.75,5138.95,0,0,0,2,0.9077945436476673,NY_PM,3,0.1928190430698725,day_anchor_std,server_midnight,0,0,0,0,1,0,TREND_STRONG,TREND_STRONG,TREND
5139.25,5139.95,5137.75,5138.75,0,0,0,2,0.9077945436476673,NY_PM,3,0.1928190430698725,day_anchor_std,server_midnight,0,0,0,0,1,0,TREND_STRONG,TREND_STRONG,TREND
5138.45,5138.95,5134.55,5135.5,0,0,0,2,0.9077945436476673,NY_PM,3,0.1928190430698725,day_anchor_std,server_midnight,0,0,0,0,1,0,TREND_STRONG,TREND_STRONG,TREND
5135.8,5137.3,5131.95,5132.85,0,0,0,2,0.9624917345517585,NY_PM,4,0.1268845315904317,day_anchor_std,server_midnight,0,0,0,0,1,0,TREND_STRONG,TREND_STRONG,TREND
5133.1,5135.3,5131.65,5134.8,0,0,0,2,0.9624917345517585,NY_PM,4,0.1268845315904317,day_anchor_std,server_midnight,0,0,0,0,1,0,TREND_STRONG,TREND_STRONG,TREND
5134.5,5136.55,5134.25,5135.65,0,0,0,2,0.9624917345517585,NY_PM,4,0.1268845315904317,day_anchor_std,server_midnight,0,0,0,0,1,0,TREND_STRONG,TREND_STRONG,TREND
5135.45,5136.45,5133.75,5136.3,0,0,0,2,0.9624917345517585,NY_PM,4,0.1268845315904317,day_anchor_std,server_midnight,0,0,0,0,1,0,TREND_STRONG,TREND_STRONG,TREND
5182.95,5183.15,5178.65,5180.75,0,0,0,2,0.9992345706754682,NY,7,3.672857339386363,day_anchor_std,server_midnight,0,0,0,0,0,1,UNCLASSIFIED,TREND_UNCLASSIFIED,TREND
5180.7,5181.6,5180.25,5180.7,0,0,0,2,0.9992345706754682,NY,7,3.672857339386363,day_anchor_std,server_midnight,0,0,0,0,0,1,UNCLASSIFIED,TREND_UNCLASSIFIED,TREND
5179.6,5181.4,5178.15,5180.4,0,0,0,2,0.9995855920739427,NY_PM,8,3.6487722269263716,day_anchor_std,server_midnight,0,0,0,0,0,1,UNCLASSIFIED,TREND_UNCLASSIFIED,TREND
5180.15,5182.8,5179.85,5182.4,0,0,0,2,0.9995855920739427,NY_PM,8,3.6487722269263716,day_anchor_std,server_midnight,0,0,0,0,0,1,UNCLASSIFIED,TREND_UNCLASSIFIED,TREND
5182.55,5183.55,5179.7,5180.6,0,0,0,2,0.9995855920739427,NY_PM,8,3.6487722269263716,day_anchor_std,server_midnight,0,0,0,0,0,1,UNCLASSIFIED,TREND_UNCLASSIFIED,TREND
5180.55,5181.35,5179.75,5181.35,0,0,0,2,0.9995855920739427,NY_PM,8,3.6487722269263716,day_anchor_std,server_midnight,0,0,0,0,0,1,UNCLASSIFIED,TREND_UNCLASSIFIED,TREND
5190.6,5192.2,5189.95,5190.65,0,0,0,0,0.9602353153782035,NY_PM,3,0.28785857687593963,day_anchor_std,server_midnight,1,0,0,0,0,0,BALANCE_LEAKING,BALANCE_LEAKING,BALANCE
5190.85,5191.25,5189.55,5190.85,0,0,0,0,0.9602353153782035,NY_PM,3,0.28785857687593963,day_anchor_std,server_midnight,1,0,0,0,0,0,BALANCE_LEAKING,BALANCE_LEAKING,BALANCE
5190.6,5192.15,5189.45,5190.3,0,0,0,0,0.9602353153782035,NY_PM,3,0.28785857687593963,day_anchor_std,server_midnight,1,0,0,0,0,0,BALANCE_LEAKING,BALANCE_LEAKING,BALANCE
5190.1,5190.65,5188.7,5189.35,0,0,0,0,0.9602353153782035,NY_PM,3,0.28785857687593963,day_anchor_std,server_midnight,1,0,0,0,0,0,BALANCE_LEAKING,BALANCE_LEAKING,BALANCE
5186.85,5190.35,5185.5,5189.1,0,0,0,0,0.8563041597078672,NY,2,0.36837478020599673,day_anchor_std,server_midnight,1,0,0,0,0,0,UNCLASSIFIED,BALANCE_UNCLASSIFIED,BALANCE
5189.05,5190.65,5185.45,5186.6,0,0,0,0,0.8563041597078672,NY,2,0.36837478020599673,day_anchor_std,server_midnight,1,0,0,0,0,0,UNCLASSIFIED,BALANCE_UNCLASSIFIED,BALANCE
5186.6,5191.15,5182.1,5189.55,0,0,0,0,0.8563041597078672,NY,2,0.36837478020599673,day_anchor_std,server_midnight,1,0,0,0,0,0,UNCLASSIFIED,BALANCE_UNCLASSIFIED,BALANCE
5189.45,5193.55,5188.45,5188.45,0,0,0,0,0.8563041597078672,NY,2,0.36837478020599673,day_anchor_std,server_midnight,1,0,0,0,0,0,UNCLASSIFIED,BALANCE_UNCLASSIFIED,BALANCE
5188.05,5188.75,5184.75,5185.75,0,0,0,0,0.9288101522957521,NY,3,0.19308393195879928,day_anchor_std,server_midnight,1,0,0,0,0,0,UNCLASSIFIED,BALANCE_UNCLASSIFIED,BALANCE
5185.65,5187.45,5184.75,5186.25,0,0,0,0,0.9288101522957521,NY,3,0.19308393195879928,day_anchor_std,server_midnight,1,0,0,0,0,0,UNCLASSIFIED,BALANCE_UNCLASSIFIED,BALANCE
5184.55,5189.05,5184.45,5188.85,0,0,0,0,0.8975174367064216,NY_PM,4,0.28144111413863854,day_anchor_std,server_midnight,1,0,0,0,0,0,BALANCE_LEAKING,BALANCE_LEAKING,BALANCE
5188.95,5189.05,5187.35,5187.55,0,0,0,0,0.8975174367064216,NY_PM,4,0.28144111413863854,day_anchor_std,server_midnight,1,0,0,0,0,0,BALANCE_LEAKING,BALANCE_LEAKING,BALANCE
5187.45,5187.7,5185.85,5187.25,0,0,0,0,0.8975174367064216,NY_PM,4,0.28144111413863854,day_anchor_std,server_midnight,1,0,0,0,0,0,BALANCE_LEAKING,BALANCE_LEAKING,BALANCE
5187.25,5188.2,5185.85,5186.55,0,0,0,0,0.8975174367064216,NY_PM,4,0.28144111413863854,day_anchor_std,server_midnight,1,0,0,0,0,0,BALANCE_LEAKING,BALANCE_LEAKING,BALANCE
5188.1,5188.1,5185.35,5185.6,0,0,0,0,0.6938777135632149,NY_PM,6,0.08356741573043303,day_anchor_std,server_midnight,1,0,0,0,0,0,UNCLASSIFIED,BALANCE_UNCLASSIFIED,BALANCE
5185.9,5186.25,5185.05,5186.05,0,0,0,0,0.6938777135632149,NY_PM,6,0.08356741573043303,day_anchor_std,server_midnight,1,0,0,0,0,0,UNCLASSIFIED,BALANCE_UNCLASSIFIED,BALANCE
5186.05,5186.75,5185.2,5186.25,0,0,0,0,0.6938777135632149,NY_PM,6,0.08356741573043303,day_anchor_std,server_midnight,1,0,0,0,0,0,UNCLASSIFIED,BALANCE_UNCLASSIFIED,BALANCE
5185.95,5186.25,5184.1,5184.55,0,0,0,0,0.6938777135632149,NY_PM,6,0.08356741573043303,day_anchor_std,server_midnight,1,0,0,0,0,0,UNCLASSIFIED,BALANCE_UNCLASSIFIED,BALANCE
5217.85,5218.9,5217.65,5218.4,0,0,0,2,0.9983644757257797,NY_PM,7,3.0454137115839526,day_anchor_std,server_midnight,0,0,0,0,0,1,UNCLASSIFIED,TREND_UNCLASSIFIED,TREND
5218.4,5218.65,5217.4,5218.4,0,0,0,2,0.9983644757257797,NY_PM,7,3.0454137115839526,day_anchor_std,server_midnight,0,0,0,0,0,1,UNCLASSIFIED,TREND_UNCLASSIFIED,TREND
5218.65,5219.15,5218.35,5218.75,0,0,0,2,0.9983644757257797,NY_PM,7,3.0454137115839526,day_anchor_std,server_midnight,0,0,0,0,0,1,UNCLASSIFIED,TREND_UNCLASSIFIED,TREND
5218.9,5219.05,5217.4,5218.25,0,0,0,2,0.9983644757257797,NY_PM,7,3.0454137115839526,day_anchor_std,server_midnight,0,0,0,0,0,1,UNCLASSIFIED,TREND_UNCLASSIFIED,TREND
5218.05,5219.25,5217.85,5219.25,0,0,0,2,0.9980985569432345,ASIA,8,0.043687943262317765,day_anchor_std,server_midnight,0,0,0,1,0,0,UNCLASSIFIED,TREND_UNCLASSIFIED,TREND
5219.4,5221.55,5219.4,5221.1,0,0,0,2,0.9980985569432345,ASIA,8,0.043687943262317765,day_anchor_std,server_midnight,0,0,0,1,0,0,UNCLASSIFIED,TREND_UNCLASSIFIED,TREND
5221.05,5222.55,5220.55,5220.65,0,0,0,2,0.9980985569432345,ASIA,8,0.043687943262317765,day_anchor_std,server_midnight,0,0,0,1,0,0,UNCLASSIFIED,TREND_UNCLASSIFIED,TREND
5220.6,5222.15,5220.55,5220.75,0,0,0,2,0.9980985569432345,ASIA,8,0.043687943262317765,day_anchor_std,server_midnight,0,0,0,1,0,0,UNCLASSIFIED,TREND_UNCLASSIFIED,TREND
5221.05,5223.55,5219.55,5223.25,0,0,0,2,0.9994382961935977,ASIA,9,0.42899850523167965,day_anchor_std,server_midnight,0,0,0,1,0,0,UNCLASSIFIED,TREND_UNCLASSIFIED,TREND
5222.85,5225.0,5221.35,5224.6,0,0,0,2,0.9994382961935977,ASIA,9,0.42899850523167965,day_anchor_std,server_midnight,0,0,0,1,0,0,UNCLASSIFIED,TREND_UNCLASSIFIED,TREND
5224.85,5228.7,5224.75,5227.0,0,0,0,2,0.9994382961935977,ASIA,9,0.42899850523167965,day_anchor_std,server_midnight,0,0,0,1,0,0,UNCLASSIFIED,TREND_UNCLASSIFIED,TREND
5227.1,5228.0,5225.55,5226.05,0,0,0,2,0.9994382961935977,ASIA,9,0.42899850523167965,day_anchor_std,server_midnight,0,0,0,1,0,0,UNCLASSIFIED,TREND_UNCLASSIFIED,TREND
5226.0,5228.35,5222.55,5227.7,0,0,0,2,0.9999200196085379,ASIA,10,1.1783801874162656,day_anchor_std,server_midnight,0,0,0,0,0,1,TREND_STRONG,TREND_STRONG,TREND
5227.9,5233.55,5227.05,5233.55,0,0,0,2,0.9999200196085379,ASIA,10,1.1783801874162656,day_anchor_std,server_midnight,0,0,0,0,0,1,TREND_STRONG,TREND_STRONG,TREND
5233.35,5237.35,5233.05,5235.45,0,0,0,2,0.9999200196085379,ASIA,10,1.1783801874162656,day_anchor_std,server_midnight,0,0,0,0,0,1,TREND_STRONG,TREND_STRONG,TREND
5235.35,5237.4,5234.85,5236.2,0,0,0,2,0.9999200196085379,ASIA,10,1.1783801874162656,day_anchor_std,server_midnight,0,0,0,0,0,1,TREND_STRONG,TREND_STRONG,TREND
5221.25,5221.25,5218.55,5220.85,0,0,0,0,0.9587177328619378,NY_PM,3,0.07351975843511349,day_anchor_std,server_midnight,1,0,0,0,0,0,UNCLASSIFIED,BALANCE_UNCLASSIFIED,BALANCE
5221.15,5222.5,5220.55,5220.55,0,0,0,0,0.9587177328619378,NY_PM,3,0.07351975843511349,day_anchor_std,server_midnight,1,0,0,0,0,0,UNCLASSIFIED,BALANCE_UNCLASSIFIED,BALANCE
5220.7,5223.15,5219.4,5222.65,0,0,0,0,0.9587177328619378,NY_PM,3,0.07351975843511349,day_anchor_std,server_midnight,1,0,0,0,0,0,UNCLASSIFIED,BALANCE_UNCLASSIFIED,BALANCE
5222.5,5222.65,5221.65,5221.85,0,0,0,0,0.9587177328619378,NY_PM,3,0.07351975843511349,day_anchor_std,server_midnight,1,0,0,0,0,0,UNCLASSIFIED,BALANCE_UNCLASSIFIED,BALANCE
5222.05,5223.85,5220.4,5221.95,0,0,0,0,0.9705074780404785,NY_PM,4,0.2967836257310424,day_anchor_std,server_midnight,1,0,0,0,0,0,UNCLASSIFIED,BALANCE_UNCLASSIFIED,BALANCE
5222.05,5224.35,5221.15,5224.05,0,0,0,0,0.9705074780404785,NY_PM,4,0.2967836257310424,day_anchor_std,server_midnight,1,0,0,0,0,0,UNCLASSIFIED,BALANCE_UNCLASSIFIED,BALANCE
5223.9,5224.55,5222.65,5223.5,0,0,0,0,0.9705074780404785,NY_PM,4,0.2967836257310424,day_anchor_std,server_midnight,1,0,0,0,0,0,UNCLASSIFIED,BALANCE_UNCLASSIFIED,BALANCE
5223.45,5224.7,5223.35,5224.55,0,0,0,0,0.9705074780404785,NY_PM,4,0.2967836257310424,day_anchor_std,server_midnight,1,0,0,0,0,0,UNCLASSIFIED,BALANCE_UNCLASSIFIED,BALANCE
5228.45,5228.95,5227.25,5227.45,0,0,0,0,0.9453524735471024,ASIA,6,0.1041998936735857,day_anchor_std,server_midnight,1,0,0,0,0,0,BALANCE_LEAKING,BALANCE_LEAKING,BALANCE
5227.65,5229.85,5227.65,5229.75,0,0,0,0,0.9453524735471024,ASIA,6,0.1041998936735857,day_anchor_std,server_midnight,1,0,0,0,0,0,BALANCE_LEAKING,BALANCE_LEAKING,BALANCE
5229.85,5230.5,5229.15,5230.0,0,0,0,0,0.9453524735471024,ASIA,6,0.1041998936735857,day_anchor_std,server_midnight,1,0,0,0,0,0,BALANCE_LEAKING,BALANCE_LEAKING,BALANCE
5230.15,5231.25,5229.85,5230.65,0,0,0,0,0.9453524735471024,ASIA,6,0.1041998936735857,day_anchor_std,server_midnight,1,0,0,0,0,0,BALANCE_LEAKING,BALANCE_LEAKING,BALANCE
5252.2,5253.75,5250.55,5251.85,0,0,0,2,0.9949854016096653,ASIA,3,0.294523988947529,day_anchor_std,server_midnight,0,0,0,1,0,0,UNCLASSIFIED,TREND_UNCLASSIFIED,TREND
5251.45,5252.15,5250.45,5251.35,0,0,0,2,0.9949854016096653,ASIA,3,0.294523988947529,day_anchor_std,server_midnight,0,0,0,1,0,0,UNCLASSIFIED,TREND_UNCLASSIFIED,TREND
5251.0,5252.65,5248.35,5248.35,0,0,0,2,0.9949854016096653,ASIA,3,0.294523988947529,day_anchor_std,server_midnight,0,0,0,1,0,0,UNCLASSIFIED,TREND_UNCLASSIFIED,TREND
5248.5,5250.15,5247.2,5248.45,0,0,0,2,0.9949854016096653,ASIA,3,0.294523988947529,day_anchor_std,server_midnight,0,0,0,1,0,0,UNCLASSIFIED,TREND_UNCLASSIFIED,TREND
5249.7,5250.85,5245.15,5248.25,0,0,0,1,0.9986517979543962,LONDON,3,1.4264257028112666,day_anchor_std,server_midnight,0,0,1,0,0,0,UNCLASSIFIED,TRANSITION_UNCLASSIFIED,TRANSITION
5250.05,5282.1,5250.05,5275.15,0,0,0,1,0.9986517979543962,LONDON,3,1.4264257028112666,day_anchor_std,server_midnight,0,0,1,0,0,0,UNCLASSIFIED,TRANSITION_UNCLASSIFIED,TRANSITION
5275.25,5276.25,5271.0,5272.8,0,0,0,1,0.9986517979543962,LONDON,3,1.4264257028112666,day_anchor_std,server_midnight,0,0,1,0,0,0,UNCLASSIFIED,TRANSITION_UNCLASSIFIED,TRANSITION
5273.45,5282.05,5265.95,5270.85,0,0,0,1,0.9986517979543962,LONDON,3,1.4264257028112666,day_anchor_std,server_midnight,0,0,1,0,0,0,UNCLASSIFIED,TRANSITION_UNCLASSIFIED,TRANSITION
5270.95,5280.8,5270.55,5278.4,0,0,0,1,0.9979420906281674,LONDON,4,2.618443092656254,day_anchor_std,server_midnight,0,0,1,0,0,0,UNCLASSIFIED,TRANSITION_UNCLASSIFIED,TRANSITION
5278.45,5286.75,5277.55,5285.85,0,0,0,1,0.9979420906281674,LONDON,4,2.618443092656254,day_anchor_std,server_midnight,0,0,1,0,0,0,UNCLASSIFIED,TRANSITION_UNCLASSIFIED,TRANSITION
5286.0,5295.7,5285.75,5295.55,0,0,0,1,0.9979420906281674,LONDON,4,2.618443092656254,day_anchor_std,server_midnight,0,0,1,0,0,0,UNCLASSIFIED,TRANSITION_UNCLASSIFIED,TRANSITION
5295.45,5296.3,5291.85,5293.35,0,0,0,1,0.9979420906281674,LONDON,4,2.618443092656254,day_anchor_std,server_midnight,0,0,1,0,0,0,UNCLASSIFIED,TRANSITION_UNCLASSIFIED,TRANSITION
5293.7,5295.0,5288.55,5294.85,0,0,0,1,0.9996363977363826,LONDON,5,3.5246513455116846,day_anchor_std,server_midnight,0,0,1,0,0,0,UNCLASSIFIED,TRANSITION_UNCLASSIFIED,TRANSITION
5295.0,5300.55,5293.9,5300.2,0,0,0,1,0.9996363977363826,LONDON,5,3.5246513455116846,day_anchor_std,server_midnight,0,0,1,0,0,0,UNCLASSIFIED,TRANSITION_UNCLASSIFIED,TRANSITION
5300.05,5303.1,5298.95,5302.8,0,0,0,1,0.9996363977363826,LONDON,5,3.5246513455116846,day_anchor_std,server_midnight,0,0,1,0,0,0,UNCLASSIFIED,TRANSITION_UNCLASSIFIED,TRANSITION
5302.75,5304.8,5298.15,5304.55,0,0,0,1,0.9996363977363826,LONDON,5,3.5246513455116846,day_anchor_std,server_midnight,0,0,1,0,0,0,UNCLASSIFIED,TRANSITION_UNCLASSIFIED,TRANSITION
5304.65,5309.1,5302.95,5304.7,0,0,0,1,0.9960147412155492,NY,6,3.9759735086146546,day_anchor_std,server_midnight,0,0,1,0,0,0,TRANSITION_NOISY,TRANSITION_NOISY,TRANSITION
5304.85,5304.95,5300.9,5304.75,0,0,0,1,0.9960147412155492,NY,6,3.9759735086146546,day_anchor_std,server_midnight,0,0,1,0,0,0,TRANSITION_NOISY,TRANSITION_NOISY,TRANSITION
5304.05,5307.85,5301.75,5305.5,0,0,0,1,0.9960147412155492,NY,6,3.9759735086146546,day_anchor_std,server_midnight,0,0,1,0,0,0,TRANSITION_NOISY,TRANSITION_NOISY,TRANSITION
5305.2,5316.0,5304.25,5313.05,0,0,0,1,0.9960147412155492,NY,6,3.9759735086146546,day_anchor_std,server_midnight,0,0,1,0,0,0,TRANSITION_NOISY,TRANSITION_NOISY,TRANSITION
5300.0,5301.85,5299.55,5301.85,0,0,0,2,0.7974822236297635,ASIA,3,0.06913580246907293,day_anchor_std,server_midnight,0,0,0,1,0,0,UNCLASSIFIED,TREND_UNCLASSIFIED,TREND
5301.6,5302.75,5300.05,5300.15,0,0,0,2,0.7974822236297635,ASIA,3,0.06913580246907293,day_anchor_std,server_midnight,0,0,0,1,0,0,UNCLASSIFIED,TREND_UNCLASSIFIED,TREND
5300.3,5302.15,5298.65,5300.05,0,0,0,2,0.7974822236297635,ASIA,3,0.06913580246907293,day_anchor_std,server_midnight,0,0,0,1,0,0,UNCLASSIFIED,TREND_UNCLASSIFIED,TREND
5299.75,5300.85,5298.25,5298.85,0,0,0,2,0.7974822236297635,ASIA,3,0.06913580246907293,day_anchor_std,server_midnight,0,0,0,1,0,0,UNCLASSIFIED,TREND_UNCLASSIFIED,TREND
5315.8,5316.15,5313.0,5315.3,0,0,0,2,0.8874866432406523,NY_PM,3,0.0895336141007712,day_anchor_std,server_midnight,0,0,0,0,1,0,UNCLASSIFIED,TREND_UNCLASSIFIED,TREND
5315.45,5316.85,5314.95,5315.45,0,0,0,2,0.8874866432406523,NY_PM,3,0.0895336141007712,day_anchor_std,server_midnight,0,0,0,0,1,0,UNCLASSIFIED,TREND_UNCLASSIFIED,TREND
5315.4,5315.95,5314.4,5314.45,0,0,0,2,0.8874866432406523,NY_PM,3,0.0895336141007712,day_anchor_std,server_midnight,0,0,0,0,1,0,UNCLASSIFIED,TREND_UNCLASSIFIED,TREND
5314.8,5315.2,5314.2,5314.75,0,0,0,2,0.8874866432406523,NY_PM,3,0.0895336141007712,day_anchor_std,server_midnight,0,0,0,0,1,0,UNCLASSIFIED,TREND_UNCLASSIFIED,TREND
5314.75,5315.05,5313.3,5314.95,0,0,0,2,0.9329534924684477,NY_PM,4,0.11385720321085224,day_anchor_std,server_midnight,0,0,0,0,1,0,TREND_STRONG,TREND_STRONG,TREND
5314.95,5316.5,5314.75,5316.25,0,0,0,2,0.9329534924684477,NY_PM,4,0.11385720321085224,day_anchor_std,server_midnight,0,0,0,0,1,0,TREND_STRONG,TREND_STRONG,TREND
5316.25,5316.95,5315.45,5316.25,0,0,0,2,0.9329534924684477,NY_PM,4,0.11385720321085224,day_anchor_std,server_midnight,0,0,0,0,1,0,TREND_STRONG,TREND_STRONG,TREND
5316.25,5316.3,5314.7,5314.9,0,0,0,2,0.9329534924684477,NY_PM,4,0.11385720321085224,day_anchor_std,server_midnight,0,0,0,0,1,0,TREND_STRONG,TREND_STRONG,TREND
5323.15,5325.45,5319.75,5321.2,0,0,0,2,0.7727472959665345,LONDON,3,0.10819209039541651,day_anchor_std,server_midnight,0,0,0,0,1,0,UNCLASSIFIED,TREND_UNCLASSIFIED,TREND
5321.1,5325.25,5320.55,5325.25,0,0,0,2,0.7727472959665345,LONDON,3,0.10819209039541651,day_anchor_std,server_midnight,0,0,0,0,1,0,UNCLASSIFIED,TREND_UNCLASSIFIED,TREND
5325.25,5325.9,5315.25,5316.85,0,0,0,2,0.7727472959665345,LONDON,3,0.10819209039541651,day_anchor_std,server_midnight,0,0,0,0,1,0,UNCLASSIFIED,TREND_UNCLASSIFIED,TREND
5316.85,5318.45,5313.8,5315.55,0,0,0,2,0.7727472959665345,LONDON,3,0.10819209039541651,day_anchor_std,server_midnight,0,0,0,0,1,0,UNCLASSIFIED,TREND_UNCLASSIFIED,TREND
5312.65,5314.2,5312.1,5313.9,0,0,0,0,0.7476155633160889,NY_PM,3,0.37151584574249347,day_anchor_std,server_midnight,1,0,0,0,0,0,UNCLASSIFIED,BALANCE_UNCLASSIFIED,BALANCE
5313.65,5313.9,5312.65,5313.15,0,0,0,0,0.7476155633160889,NY_PM,3,0.37151584574249347,day_anchor_std,server_midnight,1,0,0,0,0,0,UNCLASSIFIED,BALANCE_UNCLASSIFIED,BALANCE
5313.05,5314.3,5312.95,5313.35,0,0,0,0,0.7476155633160889,NY_PM,3,0.37151584574249347,day_anchor_std,server_midnight,1,0,0,0,0,0,UNCLASSIFIED,BALANCE_UNCLASSIFIED,BALANCE
5313.25,5313.8,5312.25,5313.8,0,0,0,0,0.7476155633160889,NY_PM,3,0.37151584574249347,day_anchor_std,server_midnight,1,0,0,0,0,0,UNCLASSIFIED,BALANCE_UNCLASSIFIED,BALANCE
5313.8,5314.8,5313.55,5314.55,0,0,0,0,0.9167709030379155,ASIA,4,0.0652300524169475,day_anchor_std,server_midnight,1,0,0,0,0,0,UNCLASSIFIED,BALANCE_UNCLASSIFIED,BALANCE
5314.65,5315.25,5314.05,5314.75,0,0,0,0,0.9167709030379155,ASIA,4,0.0652300524169475,day_anchor_std,server_midnight,1,0,0,0,0,0,UNCLASSIFIED,BALANCE_UNCLASSIFIED,BALANCE
5314.75,5315.65,5314.5,5314.75,0,0,0,0,0.9167709030379155,ASIA,4,0.0652300524169475,day_anchor_std,server_midnight,1,0,0,0,0,0,UNCLASSIFIED,BALANCE_UNCLASSIFIED,BALANCE
5315.15,5315.15,5313.25,5313.85,0,0,0,0,0.9167709030379155,ASIA,4,0.0652300524169475,day_anchor_std,server_midnight,1,0,0,0,0,0,UNCLASSIFIED,BALANCE_UNCLASSIFIED,BALANCE
5327.95,5328.65,5327.95,5328.25,0,0,0,2,0.6468308236680695,ASIA,6,0.07900040306321099,day_anchor_std,server_midnight,0,0,0,1,0,0,TREND_FRAGILE,TREND_FRAGILE,TREND
5328.25,5328.25,5327.45,5327.75,0,0,0,2,0.6468308236680695,ASIA,6,0.07900040306321099,day_anchor_std,server_midnight,0,0,0,1,0,0,TREND_FRAGILE,TREND_FRAGILE,TREND
5327.75,5328.65,5327.45,5328.4,0,0,0,2,0.6468308236680695,ASIA,6,0.07900040306321099,day_anchor_std,server_midnight,0,0,0,1,0,0,TREND_FRAGILE,TREND_FRAGILE,TREND
5328.45,5329.45,5327.75,5329.15,0,0,0,2,0.6468308236680695,ASIA,6,0.07900040306321099,day_anchor_std,server_midnight,0,0,0,1,0,0,TREND_FRAGILE,TREND_FRAGILE,TREND
5327.75,5328.75,5326.9,5328.55,0,0,0,1,0.7540214530976863,NY_PM,4,1.9965165869062707,day_anchor_std,server_midnight,0,0,1,0,0,0,UNCLASSIFIED,TRANSITION_UNCLASSIFIED,TRANSITION
5328.75,5339.05,5328.75,5339.05,0,0,0,1,0.7540214530976863,NY_PM,4,1.9965165869062707,day_anchor_std,server_midnight,0,0,1,0,0,0,UNCLASSIFIED,TRANSITION_UNCLASSIFIED,TRANSITION
5339.25,5343.95,5337.45,5342.45,0,0,0,1,0.7540214530976863,NY_PM,4,1.9965165869062707,day_anchor_std,server_midnight,0,0,1,0,0,0,UNCLASSIFIED,TRANSITION_UNCLASSIFIED,TRANSITION
5342.7,5344.75,5342.15,5343.95,0,0,0,1,0.7540214530976863,NY_PM,4,1.9965165869062707,day_anchor_std,server_midnight,0,0,1,0,0,0,UNCLASSIFIED,TRANSITION_UNCLASSIFIED,TRANSITION
5320.65,5324.15,5313.15,5322.45,0,0,0,1,0.8746740365197097,LONDON,3,2.675721356996286,day_anchor_std,server_midnight,0,0,1,0,0,0,UNCLASSIFIED,TRANSITION_UNCLASSIFIED,TRANSITION
5322.15,5323.45,5304.85,5305.15,0,0,0,1,0.8746740365197097,LONDON,3,2.675721356996286,day_anchor_std,server_midnight,0,0,1,0,0,0,UNCLASSIFIED,TRANSITION_UNCLASSIFIED,TRANSITION
5305.45,5308.05,5298.05,5304.65,0,0,0,1,0.8746740365197097,LONDON,3,2.675721356996286,day_anchor_std,server_midnight,0,0,1,0,0,0,UNCLASSIFIED,TRANSITION_UNCLASSIFIED,TRANSITION
5304.45,5304.45,5274.9,5277.05,0,0,0,1,0.8746740365197097,LONDON,3,2.675721356996286,day_anchor_std,server_midnight,0,0,1,0,0,0,UNCLASSIFIED,TRANSITION_UNCLASSIFIED,TRANSITION
5276.05,5277.55,5275.7,5276.25,0,0,0,2,0.994015092771933,ASIA,4,0.002196595277348125,day_anchor_std,server_midnight,0,0,0,1,0,0,TREND_STRONG,TREND_STRONG,TREND
5276.25,5277.15,5275.25,5276.75,0,0,0,2,0.994015092771933,ASIA,4,0.002196595277348125,day_anchor_std,server_midnight,0,0,0,1,0,0,TREND_STRONG,TREND_STRONG,TREND
5276.55,5276.75,5275.6,5276.25,0,0,0,2,0.994015092771933,ASIA,4,0.002196595277348125,day_anchor_std,server_midnight,0,0,0,1,0,0,TREND_STRONG,TREND_STRONG,TREND
5276.25,5276.75,5274.05,5275.75,0,0,0,2,0.994015092771933,ASIA,4,0.002196595277348125,day_anchor_std,server_midnight,0,0,0,1,0,0,TREND_STRONG,TREND_STRONG,TREND
5275.75,5275.75,5270.25,5272.75,0,0,0,2,0.9925193029569096,ASIA,5,0.10734603017556198,day_anchor_std,server_midnight,0,0,0,1,0,0,TREND_STRONG,TREND_STRONG,TREND
5272.55,5273.05,5270.45,5271.05,0,0,0,2,0.9925193029569096,ASIA,5,0.10734603017556198,day_anchor_std,server_midnight,0,0,0,1,0,0,TREND_STRONG,TREND_STRONG,TREND
5271.2,5274.05,5269.55,5273.55,0,0,0,2,0.9925193029569096,ASIA,5,0.10734603017556198,day_anchor_std,server_midnight,0,0,0,1,0,0,TREND_STRONG,TREND_STRONG,TREND
5273.25,5277.1,5270.75,5276.75,0,0,0,2,0.9925193029569096,ASIA,5,0.10734603017556198,day_anchor_std,server_midnight,0,0,0,1,0,0,TREND_STRONG,TREND_STRONG,TREND
5276.65,5279.3,5276.1,5277.6,0,0,0,2,0.9888670874325137,ASIA,6,0.36653016653015286,day_anchor_std,server_midnight,0,0,0,1,0,0,TREND_STRONG,TREND_STRONG,TREND
5277.6,5283.3,5277.6,5282.1,0,0,0,2,0.9888670874325137,ASIA,6,0.36653016653015286,day_anchor_std,server_midnight,0,0,0,1,0,0,TREND_STRONG,TREND_STRONG,TREND
5282.1,5282.85,5279.9,5280.65,0,0,0,2,0.9888670874325137,ASIA,6,0.36653016653015286,day_anchor_std,server_midnight,0,0,0,1,0,0,TREND_STRONG,TREND_STRONG,TREND
5280.6,5281.9,5279.3,5281.5,0,0,0,2,0.9888670874325137,ASIA,6,0.36653016653015286,day_anchor_std,server_midnight,0,0,0,1,0,0,TREND_STRONG,TREND_STRONG,TREND
5281.05,5283.85,5280.5,5282.6,0,0,0,2,0.9465527631457998,ASIA,7,0.5766184994693148,day_anchor_std,server_midnight,0,0,0,1,0,0,TREND_STRONG,TREND_STRONG,TREND
5282.6,5285.15,5282.0,5283.45,0,0,0,2,0.9465527631457998,ASIA,7,0.5766184994693148,day_anchor_std,server_midnight,0,0,0,1,0,0,TREND_STRONG,TREND_STRONG,TREND
5283.65,5285.15,5281.95,5283.15,0,0,0,2,0.9465527631457998,ASIA,7,0.5766184994693148,day_anchor_std,server_midnight,0,0,0,1,0,0,TREND_STRONG,TREND_STRONG,TREND
5283.45,5286.15,5281.3,5285.65,0,0,0,2,0.9465527631457998,ASIA,7,0.5766184994693148,day_anchor_std,server_midnight,0,0,0,1,0,0,TREND_STRONG,TREND_STRONG,TREND
5306.5,5308.55,5306.35,5307.55,0,0,0,2,0.8686232953355091,LONDON,3,0.02883031301482732,day_anchor_std,server_midnight,0,0,0,0,1,0,TREND_STRONG,TREND_STRONG,TREND
5307.45,5308.75,5304.2,5304.2,0,0,0,2,0.8686232953355091,LONDON,3,0.02883031301482732,day_anchor_std,server_midnight,0,0,0,0,1,0,TREND_STRONG,TREND_STRONG,TREND
5304.35,5306.55,5304.1,5306.1,0,0,0,2,0.8686232953355091,LONDON,3,0.02883031301482732,day_anchor_std,server_midnight,0,0,0,0,1,0,TREND_STRONG,TREND_STRONG,TREND
5306.0,5310.95,5305.65,5306.1,0,0,0,2,0.8686232953355091,LONDON,3,0.02883031301482732,day_anchor_std,server_midnight,0,0,0,0,1,0,TREND_STRONG,TREND_STRONG,TREND
5279.95,5283.15,5278.95,5281.6,0,0,0,2,0.6879210544371986,ASIA,3,0.610357037474242,day_anchor_std,server_midnight,0,0,0,1,0,0,TREND_STRONG,TREND_STRONG,TREND
5281.95,5282.95,5278.9,5279.65,0,0,0,2,0.6879210544371986,ASIA,3,0.610357037474242,day_anchor_std,server_midnight,0,0,0,1,0,0,TREND_STRONG,TREND_STRONG,TREND
5279.75,5281.15,5275.65,5277.15,0,0,0,2,0.6879210544371986,ASIA,3,0.610357037474242,day_anchor_std,server_midnight,0,0,0,1,0,0,TREND_STRONG,TREND_STRONG,TREND
5277.45,5283.45,5277.15,5280.15,0,0,0,2,0.6879210544371986,ASIA,3,0.610357037474242,day_anchor_std,server_midnight,0,0,0,1,0,0,TREND_STRONG,TREND_STRONG,TREND
5280.3,5284.45,5278.15,5278.95,0,0,0,2,0.8111128960416872,LONDON,4,0.8944774851317463,day_anchor_std,server_midnight,0,0,0,0,1,0,TREND_STRONG,TREND_STRONG,TREND
5278.65,5278.95,5272.2,5272.85,0,0,0,2,0.8111128960416872,LONDON,4,0.8944774851317463,day_anchor_std,server_midnight,0,0,0,0,1,0,TREND_STRONG,TREND_STRONG,TREND
5273.15,5273.5,5269.0,5269.45,0,0,0,2,0.8111128960416872,LONDON,4,0.8944774851317463,day_anchor_std,server_midnight,0,0,0,0,1,0,TREND_STRONG,TREND_STRONG,TREND
5269.8,5277.15,5267.1,5274.75,0,0,0,2,0.8111128960416872,LONDON,4,0.8944774851317463,day_anchor_std,server_midnight,0,0,0,0,1,0,TREND_STRONG,TREND_STRONG,TREND
5274.7,5282.75,5271.85,5280.45,0,0,0,2,0.7857327394238919,LONDON,5,0.49175627240149744,day_anchor_std,server_midnight,0,0,0,0,1,0,UNCLASSIFIED,TREND_UNCLASSIFIED,TREND
5280.55,5286.15,5280.15,5283.55,0,0,0,2,0.7857327394238919,LONDON,5,0.49175627240149744,day_anchor_std,server_midnight,0,0,0,0,1,0,UNCLASSIFIED,TREND_UNCLASSIFIED,TREND
5283.55,5283.75,5273.75,5278.05,0,0,0,2,0.7857327394238919,LONDON,5,0.49175627240149744,day_anchor_std,server_midnight,0,0,0,0,1,0,UNCLASSIFIED,TREND_UNCLASSIFIED,TREND
5277.95,5280.55,5274.75,5279.0,0,0,0,2,0.7857327394238919,LONDON,5,0.49175627240149744,day_anchor_std,server_midnight,0,0,0,0,1,0,UNCLASSIFIED,TREND_UNCLASSIFIED,TREND
5246.75,5247.15,5244.65,5244.65,0,0,0,2,0.9879308015918786,ASIA,6,0.03074772886094711,day_anchor_std,server_midnight,0,0,0,1,0,0,UNCLASSIFIED,TREND_UNCLASSIFIED,TREND
5244.95,5246.65,5242.45,5244.45,0,0,0,2,0.9879308015918786,ASIA,6,0.03074772886094711,day_anchor_std,server_midnight,0,0,0,1,0,0,UNCLASSIFIED,TREND_UNCLASSIFIED,TREND
5244.3,5244.35,5240.45,5240.8,0,0,0,2,0.9879308015918786,ASIA,6,0.03074772886094711,day_anchor_std,server_midnight,0,0,0,1,0,0,UNCLASSIFIED,TREND_UNCLASSIFIED,TREND
5240.8,5243.45,5239.25,5242.65,0,0,0,2,0.9879308015918786,ASIA,6,0.03074772886094711,day_anchor_std,server_midnight,0,0,0,1,0,0,UNCLASSIFIED,TREND_UNCLASSIFIED,TREND
5242.9,5245.15,5241.7,5243.55,0,0,0,2,0.9006872826693932,ASIA,7,0.30055788005583645,day_anchor_std,server_midnight,0,0,0,1,0,0,UNCLASSIFIED,TREND_UNCLASSIFIED,TREND
5243.45,5243.6,5239.6,5239.6,0,0,0,2,0.9006872826693932,ASIA,7,0.30055788005583645,day_anchor_std,server_midnight,0,0,0,1,0,0,UNCLASSIFIED,TREND_UNCLASSIFIED,TREND
5239.6,5246.15,5239.6,5245.95,0,0,0,2,0.9006872826693932,ASIA,7,0.30055788005583645,day_anchor_std,server_midnight,0,0,0,1,0,0,UNCLASSIFIED,TREND_UNCLASSIFIED,TREND
5245.45,5248.9,5245.45,5247.75,0,0,0,2,0.9006872826693932,ASIA,7,0.30055788005583645,day_anchor_std,server_midnight,0,0,0,1,0,0,UNCLASSIFIED,TREND_UNCLASSIFIED,TREND
5247.6,5249.65,5245.85,5247.3,0,0,0,2,0.832266106096034,ASIA,8,0.3997702081643721,day_anchor_std,server_midnight,0,0,0,1,0,0,TREND_FRAGILE,TREND_FRAGILE,TREND
5247.65,5252.65,5247.3,5251.95,0,0,0,2,0.832266106096034,ASIA,8,0.3997702081643721,day_anchor_std,server_midnight,0,0,0,1,0,0,TREND_FRAGILE,TREND_FRAGILE,TREND
5252.25,5253.15,5249.35,5249.95,0,0,0,2,0.832266106096034,ASIA,8,0.3997702081643721,day_anchor_std,server_midnight,0,0,0,1,0,0,TREND_FRAGILE,TREND_FRAGILE,TREND
5249.85,5251.05,5248.2,5249.95,0,0,0,2,0.832266106096034,ASIA,8,0.3997702081643721,day_anchor_std,server_midnight,0,0,0,1,0,0,TREND_FRAGILE,TREND_FRAGILE,TREND
5249.95,5250.15,5247.1,5248.55,0,0,0,2,0.6360885000240485,ASIA,9,0.47289468239189875,day_anchor_std,server_midnight,0,0,0,1,0,0,TREND_FRAGILE,TREND_FRAGILE,TREND
5248.7,5254.05,5247.95,5252.95,0,0,0,2,0.6360885000240485,ASIA,9,0.47289468239189875,day_anchor_std,server_midnight,0,0,0,1,0,0,TREND_FRAGILE,TREND_FRAGILE,TREND
5252.85,5253.65,5250.75,5253.25,0,0,0,2,0.6360885000240485,ASIA,9,0.47289468239189875,day_anchor_std,server_midnight,0,0,0,1,0,0,TREND_FRAGILE,TREND_FRAGILE,TREND
5253.6,5254.65,5250.95,5251.5,0,0,0,2,0.6360885000240485,ASIA,9,0.47289468239189875,day_anchor_std,server_midnight,0,0,0,1,0,0,TREND_FRAGILE,TREND_FRAGILE,TREND
5218.65,5223.45,5215.95,5218.25,0,0,0,1,0.6074388613512407,NY,1,2.4413241611517287,day_anchor_std,server_midnight,0,0,1,0,0,0,UNCLASSIFIED,TRANSITION_UNCLASSIFIED,TRANSITION
5218.75,5227.85,5216.35,5224.75,0,0,0,1,0.6074388613512407,NY,1,2.4413241611517287,day_anchor_std,server_midnight,0,0,1,0,0,0,UNCLASSIFIED,TRANSITION_UNCLASSIFIED,TRANSITION
5224.85,5238.25,5220.6,5233.1,0,0,0,1,0.6074388613512407,NY,1,2.4413241611517287,day_anchor_std,server_midnight,0,0,1,0,0,0,UNCLASSIFIED,TRANSITION_UNCLASSIFIED,TRANSITION
5232.95,5287.3,5230.65,5283.65,0,0,0,1,0.6074388613512407,NY,1,2.4413241611517287,day_anchor_std,server_midnight,0,0,1,0,0,0,UNCLASSIFIED,TRANSITION_UNCLASSIFIED,TRANSITION
5292.3,5300.95,5291.75,5300.85,0,0,0,2,0.9890212670873113,NY_PM,3,0.23730292266469488,day_anchor_std,server_midnight,0,0,0,0,1,0,TREND_FRAGILE,TREND_FRAGILE,TREND
5300.6,5300.75,5297.0,5297.25,0,0,0,2,0.9890212670873113,NY_PM,3,0.23730292266469488,day_anchor_std,server_midnight,0,0,0,0,1,0,TREND_FRAGILE,TREND_FRAGILE,TREND
5297.7,5299.45,5293.65,5294.75,0,0,0,2,0.9890212670873113,NY_PM,3,0.23730292266469488,day_anchor_std,server_midnight,0,0,0,0,1,0,TREND_FRAGILE,TREND_FRAGILE,TREND
5294.4,5296.45,5292.6,5294.95,0,0,0,2,0.9890212670873113,NY_PM,3,0.23730292266469488,day_anchor_std,server_midnight,0,0,0,0,1,0,TREND_FRAGILE,TREND_FRAGILE,TREND
5311.4,5312.95,5306.75,5308.9,0,0,0,2,0.8540877903890474,LONDON,3,0.4817460317460121,day_anchor_std,server_midnight,0,0,0,0,1,0,UNCLASSIFIED,TREND_UNCLASSIFIED,TREND
5308.75,5315.55,5306.05,5315.55,0,0,0,2,0.8540877903890474,LONDON,3,0.4817460317460121,day_anchor_std,server_midnight,0,0,0,0,1,0,UNCLASSIFIED,TREND_UNCLASSIFIED,TREND
5315.4,5319.25,5315.0,5318.25,0,0,0,2,0.8540877903890474,LONDON,3,0.4817460317460121,day_anchor_std,server_midnight,0,0,0,0,1,0,UNCLASSIFIED,TREND_UNCLASSIFIED,TREND
5318.0,5318.75,5305.5,5310.6,0,0,0,2,0.8540877903890474,LONDON,3,0.4817460317460121,day_anchor_std,server_midnight,0,0,0,0,1,0,UNCLASSIFIED,TREND_UNCLASSIFIED,TREND
5357.2,5357.8,5352.45,5357.25,0,0,0,2,0.9981980620146836,NY,7,3.2940555447826343,day_anchor_std,server_midnight,0,0,0,0,0,1,UNCLASSIFIED,TREND_UNCLASSIFIED,TREND
5357.05,5358.85,5356.35,5356.65,0,0,0,2,0.9981980620146836,NY,7,3.2940555447826343,day_anchor_std,server_midnight,0,0,0,0,0,1,UNCLASSIFIED,TREND_UNCLASSIFIED,TREND
5357.7,5359.05,5355.85,5356.55,0,0,0,2,0.9990822205820419,NY_PM,8,3.870169748080855,day_anchor_std,server_midnight,0,0,0,0,0,1,UNCLASSIFIED,TREND_UNCLASSIFIED,TREND
5356.55,5362.05,5356.55,5361.55,0,0,0,2,0.9990822205820419,NY_PM,8,3.870169748080855,day_anchor_std,server_midnight,0,0,0,0,0,1,UNCLASSIFIED,TREND_UNCLASSIFIED,TREND
5361.6,5363.9,5361.05,5361.75,0,0,0,2,0.9990822205820419,NY_PM,8,3.870169748080855,day_anchor_std,server_midnight,0,0,0,0,0,1,UNCLASSIFIED,TREND_UNCLASSIFIED,TREND
5361.75,5362.0,5360.75,5361.25,0,0,0,2,0.9990822205820419,NY_PM,8,3.870169748080855,day_anchor_std,server_midnight,0,0,0,0,0,1,UNCLASSIFIED,TREND_UNCLASSIFIED,TREND
5361.2,5361.2,5357.4,5358.9,0,0,0,2,0.9992276457216736,NY_PM,9,3.7596985276933967,day_anchor_std,server_midnight,0,0,0,0,0,1,UNCLASSIFIED,TREND_UNCLASSIFIED,TREND
5359.35,5359.7,5356.05,5359.6,0,0,0,2,0.9992276457216736,NY_PM,9,3.7596985276933967,day_anchor_std,server_midnight,0,0,0,0,0,1,UNCLASSIFIED,TREND_UNCLASSIFIED,TREND
5359.35,5360.4,5357.75,5360.05,0,0,0,2,0.9992276457216736,NY_PM,9,3.7596985276933967,day_anchor_std,server_midnight,0,0,0,0,0,1,UNCLASSIFIED,TREND_UNCLASSIFIED,TREND
5360.35,5363.6,5359.0,5362.45,0,0,0,2,0.9992276457216736,NY_PM,9,3.7596985276933967,day_anchor_std,server_midnight,0,0,0,0,0,1,UNCLASSIFIED,TREND_UNCLASSIFIED,TREND
5362.25,5363.25,5360.95,5362.35,0,0,0,2,0.9988919151935536,NY_PM,10,3.683275482402147,day_anchor_std,server_midnight,0,0,0,0,0,1,UNCLASSIFIED,TREND_UNCLASSIFIED,TREND
5362.05,5362.35,5361.25,5361.5,0,0,0,2,0.9988919151935536,NY_PM,10,3.683275482402147,day_anchor_std,server_midnight,0,0,0,0,0,1,UNCLASSIFIED,TREND_UNCLASSIFIED,TREND
5361.35,5364.35,5361.25,5363.85,0,0,0,2,0.9988919151935536,NY_PM,10,3.683275482402147,day_anchor_std,server_midnight,0,0,0,0,0,1,UNCLASSIFIED,TREND_UNCLASSIFIED,TREND
5363.55,5363.95,5361.25,5361.5,0,0,0,2,0.9988919151935536,NY_PM,10,3.683275482402147,day_anchor_std,server_midnight,0,0,0,0,0,1,UNCLASSIFIED,TREND_UNCLASSIFIED,TREND
5361.4,5361.65,5359.95,5360.75,0,0,0,2,0.9981104543672593,ASIA,11,0.11646992692517592,day_anchor_std,server_midnight,0,0,0,1,0,0,UNCLASSIFIED,TREND_UNCLASSIFIED,TREND
5361.05,5361.05,5359.95,5360.65,0,0,0,2,0.9981104543672593,ASIA,11,0.11646992692517592,day_anchor_std,server_midnight,0,0,0,1,0,0,UNCLASSIFIED,TREND_UNCLASSIFIED,TREND
5360.5,5360.8,5357.65,5358.05,0,0,0,2,0.9981104543672593,ASIA,11,0.11646992692517592,day_anchor_std,server_midnight,0,0,0,1,0,0,UNCLASSIFIED,TREND_UNCLASSIFIED,TREND
5357.75,5358.8,5356.75,5357.35,0,0,0,2,0.9981104543672593,ASIA,11,0.11646992692517592,day_anchor_std,server_midnight,0,0,0,1,0,0,UNCLASSIFIED,TREND_UNCLASSIFIED,TREND
5357.15,5358.35,5355.25,5356.65,0,0,0,2,0.9955763909897872,ASIA,12,0.05135045014998184,day_anchor_std,server_midnight,0,0,0,1,0,0,UNCLASSIFIED,TREND_UNCLASSIFIED,TREND
5357.05,5358.55,5354.65,5358.3,0,0,0,2,0.9955763909897872,ASIA,12,0.05135045014998184,day_anchor_std,server_midnight,0,0,0,1,0,0,UNCLASSIFIED,TREND_UNCLASSIFIED,TREND
5358.4,5360.05,5356.35,5357.5,0,0,0,2,0.9955763909897872,ASIA,12,0.05135045014998184,day_anchor_std,server_midnight,0,0,0,1,0,0,UNCLASSIFIED,TREND_UNCLASSIFIED,TREND
5357.85,5358.05,5355.3,5357.75,0,0,0,2,0.9955763909897872,ASIA,12,0.05135045014998184,day_anchor_std,server_midnight,0,0,0,1,0,0,UNCLASSIFIED,TREND_UNCLASSIFIED,TREND
5357.85,5361.3,5356.65,5360.65,0,0,0,2,0.9983695972431124,ASIA,12,0.18052377320107163,day_anchor_std,server_midnight,0,0,0,1,0,0,UNCLASSIFIED,TREND_UNCLASSIFIED,TREND
5360.35,5361.05,5355.8,5356.25,0,0,0,2,0.9983695972431124,ASIA,12,0.18052377320107163,day_anchor_std,server_midnight,0,0,0,1,0,0,UNCLASSIFIED,TREND_UNCLASSIFIED,TREND
5356.0,5358.5,5355.85,5356.35,0,0,0,2,0.9983695972431124,ASIA,12,0.18052377320107163,day_anchor_std,server_midnight,0,0,0,1,0,0,UNCLASSIFIED,TREND_UNCLASSIFIED,TREND
5356.0,5356.85,5354.3,5356.0,0,0,0,2,0.9983695972431124,ASIA,12,0.18052377320107163,day_anchor_std,server_midnight,0,0,0,1,0,0,UNCLASSIFIED,TREND_UNCLASSIFIED,TREND
5360.35,5370.95,5357.95,5370.75,0,0,0,1,0.42970343954118106,NY,3,1.8246706758304856,day_anchor_std,server_midnight,0,0,1,0,0,0,UNCLASSIFIED,TRANSITION_UNCLASSIFIED,TRANSITION
5370.75,5375.35,5367.65,5370.75,0,0,0,1,0.42970343954118106,NY,3,1.8246706758304856,day_anchor_std,server_midnight,0,0,1,0,0,0,UNCLASSIFIED,TRANSITION_UNCLASSIFIED,TRANSITION
5370.95,5374.25,5366.65,5367.15,0,0,0,1,0.42970343954118106,NY,3,1.8246706758304856,day_anchor_std,server_midnight,0,0,1,0,0,0,UNCLASSIFIED,TRANSITION_UNCLASSIFIED,TRANSITION
5367.25,5378.8,5364.7,5377.75,0,0,0,1,0.42970343954118106,NY,3,1.8246706758304856,day_anchor_std,server_midnight,0,0,1,0,0,0,UNCLASSIFIED,TRANSITION_UNCLASSIFIED,TRANSITION
5498.35,5499.85,5498.05,5499.85,0,0,0,1,0.9855950076344393,NY_PM,1,1.012596352697705,day_anchor_std,server_midnight,0,0,1,0,0,0,UNCLASSIFIED,TRANSITION_UNCLASSIFIED,TRANSITION
5499.85,5502.45,5499.55,5501.95,0,0,0,1,0.9855950076344393,NY_PM,1,1.012596352697705,day_anchor_std,server_midnight,0,0,1,0,0,0,UNCLASSIFIED,TRANSITION_UNCLASSIFIED,TRANSITION
5502.15,5503.15,5501.95,5502.95,0,0,0,1,0.9855950076344393,NY_PM,1,1.012596352697705,day_anchor_std,server_midnight,0,0,1,0,0,0,UNCLASSIFIED,TRANSITION_UNCLASSIFIED,TRANSITION
5502.95,5504.45,5502.65,5503.25,0,0,0,1,0.9855950076344393,NY_PM,1,1.012596352697705,day_anchor_std,server_midnight,0,0,1,0,0,0,UNCLASSIFIED,TRANSITION_UNCLASSIFIED,TRANSITION
5503.15,5503.15,5502.45,5503.15,0,0,0,1,0.9519572894332936,NY_PM,2,1.8624066390039298,day_anchor_std,server_midnight,0,0,1,0,0,0,UNCLASSIFIED,TRANSITION_UNCLASSIFIED,TRANSITION
5503.15,5503.15,5501.15,5502.05,0,0,0,1,0.9519572894332936,NY_PM,2,1.8624066390039298,day_anchor_std,server_midnight,0,0,1,0,0,0,UNCLASSIFIED,TRANSITION_UNCLASSIFIED,TRANSITION
5502.15,5503.15,5501.8,5501.95,0,0,0,1,0.9519572894332936,NY_PM,2,1.8624066390039298,day_anchor_std,server_midnight,0,0,1,0,0,0,UNCLASSIFIED,TRANSITION_UNCLASSIFIED,TRANSITION
5501.95,5507.55,5501.95,5506.75,0,0,0,1,0.9519572894332936,NY_PM,2,1.8624066390039298,day_anchor_std,server_midnight,0,0,1,0,0,0,UNCLASSIFIED,TRANSITION_UNCLASSIFIED,TRANSITION
5506.8,5508.6,5505.95,5507.95,0,0,0,1,0.9954996428978113,ASIA,3,0.4278684278683149,day_anchor_std,server_midnight,0,1,0,0,0,0,UNCLASSIFIED,TRANSITION_UNCLASSIFIED,TRANSITION
5508.15,5511.25,5507.65,5510.25,0,0,0,1,0.9954996428978113,ASIA,3,0.4278684278683149,day_anchor_std,server_midnight,0,1,0,0,0,0,UNCLASSIFIED,TRANSITION_UNCLASSIFIED,TRANSITION
5510.05,5515.05,5509.75,5511.8,0,0,0,1,0.9954996428978113,ASIA,3,0.4278684278683149,day_anchor_std,server_midnight,0,1,0,0,0,0,UNCLASSIFIED,TRANSITION_UNCLASSIFIED,TRANSITION
5511.95,5514.45,5511.65,5513.45,0,0,0,1,0.9954996428978113,ASIA,3,0.4278684278683149,day_anchor_std,server_midnight,0,1,0,0,0,0,UNCLASSIFIED,TRANSITION_UNCLASSIFIED,TRANSITION
5502.15,5502.35,5499.75,5499.95,0,0,0,2,0.5860063045580906,ASIA,4,0.09429280397020576,day_anchor_std,server_midnight,0,0,0,1,0,0,TREND_STRONG,TREND_STRONG,TREND
5499.85,5500.35,5498.55,5499.45,0,0,0,2,0.5860063045580906,ASIA,4,0.09429280397020576,day_anchor_std,server_midnight,0,0,0,1,0,0,TREND_STRONG,TREND_STRONG,TREND
5499.35,5499.8,5498.25,5498.35,0,0,0,2,0.5860063045580906,ASIA,4,0.09429280397020576,day_anchor_std,server_midnight,0,0,0,1,0,0,TREND_STRONG,TREND_STRONG,TREND
5498.55,5499.0,5497.1,5498.3,0,0,0,2,0.5860063045580906,ASIA,4,0.09429280397020576,day_anchor_std,server_midnight,0,0,0,1,0,0,TREND_STRONG,TREND_STRONG,TREND
5498.15,5503.8,5498.15,5503.05,0,0,0,2,0.7611389073111186,ASIA,5,0.050011712344888916,day_anchor_std,server_midnight,0,0,0,1,0,0,TREND_STRONG,TREND_STRONG,TREND
5502.95,5503.85,5500.95,5502.2,0,0,0,2,0.7611389073111186,ASIA,5,0.050011712344888916,day_anchor_std,server_midnight,0,0,0,1,0,0,TREND_STRONG,TREND_STRONG,TREND
5501.95,5504.85,5500.5,5502.45,0,0,0,2,0.7611389073111186,ASIA,5,0.050011712344888916,day_anchor_std,server_midnight,0,0,0,1,0,0,TREND_STRONG,TREND_STRONG,TREND
5502.6,5502.8,5500.05,5500.55,0,0,0,2,0.7611389073111186,ASIA,5,0.050011712344888916,day_anchor_std,server_midnight,0,0,0,1,0,0,TREND_STRONG,TREND_STRONG,TREND
5500.35,5502.55,5498.3,5502.35,0,0,0,2,0.7441571395273068,ASIA,6,0.5354208046111028,day_anchor_std,server_midnight,0,0,0,1,0,0,TREND_STRONG,TREND_STRONG,TREND
5502.55,5504.35,5501.9,5504.15,0,0,0,2,0.7441571395273068,ASIA,6,0.5354208046111028,day_anchor_std,server_midnight,0,0,0,1,0,0,TREND_STRONG,TREND_STRONG,TREND
5504.1,5507.35,5504.1,5506.45,0,0,0,2,0.7441571395273068,ASIA,6,0.5354208046111028,day_anchor_std,server_midnight,0,0,0,1,0,0,TREND_STRONG,TREND_STRONG,TREND
5506.45,5508.35,5505.6,5506.85,0,0,0,2,0.7441571395273068,ASIA,6,0.5354208046111028,day_anchor_std,server_midnight,0,0,0,1,0,0,TREND_STRONG,TREND_STRONG,TREND
5506.55,5507.25,5504.7,5506.05,0,0,0,2,0.9130410126084693,ASIA,7,0.40043596088136985,day_anchor_std,server_midnight,0,0,0,1,0,0,UNCLASSIFIED,TREND_UNCLASSIFIED,TREND
5506.35,5508.05,5505.55,5507.65,0,0,0,2,0.9130410126084693,ASIA,7,0.40043596088136985,day_anchor_std,server_midnight,0,0,0,1,0,0,UNCLASSIFIED,TREND_UNCLASSIFIED,TREND
5507.55,5507.95,5504.55,5505.5,0,0,0,2,0.9130410126084693,ASIA,7,0.40043596088136985,day_anchor_std,server_midnight,0,0,0,1,0,0,UNCLASSIFIED,TREND_UNCLASSIFIED,TREND
5505.55,5506.85,5504.85,5506.05,0,0,0,2,0.9130410126084693,ASIA,7,0.40043596088136985,day_anchor_std,server_midnight,0,0,0,1,0,0,UNCLASSIFIED,TREND_UNCLASSIFIED,TREND
5482.55,5485.25,5477.45,5484.65,0,0,0,1,0.7478956263801326,LONDON,3,1.9753733714649682,day_anchor_std,server_midnight,0,0,1,0,0,0,UNCLASSIFIED,TRANSITION_UNCLASSIFIED,TRANSITION
5484.45,5486.15,5482.15,5486.05,0,0,0,1,0.7478956263801326,LONDON,3,1.9753733714649682,day_anchor_std,server_midnight,0,0,1,0,0,0,UNCLASSIFIED,TRANSITION_UNCLASSIFIED,TRANSITION
5485.95,5495.5,5484.95,5492.75,0,0,0,1,0.7478956263801326,LONDON,3,1.9753733714649682,day_anchor_std,server_midnight,0,0,1,0,0,0,UNCLASSIFIED,TRANSITION_UNCLASSIFIED,TRANSITION
5492.9,5500.95,5490.75,5499.0,0,0,0,1,0.7478956263801326,LONDON,3,1.9753733714649682,day_anchor_std,server_midnight,0,0,1,0,0,0,UNCLASSIFIED,TRANSITION_UNCLASSIFIED,TRANSITION
5519.15,5525.0,5516.0,5517.5,0,0,0,1,0.9912681427730052,LONDON,6,1.156971375807971,day_anchor_std,server_midnight,0,0,1,0,0,0,UNCLASSIFIED,TRANSITION_UNCLASSIFIED,TRANSITION
5517.5,5524.85,5516.75,5523.75,0,0,0,1,0.9912681427730052,LONDON,6,1.156971375807971,day_anchor_std,server_midnight,0,0,1,0,0,0,UNCLASSIFIED,TRANSITION_UNCLASSIFIED,TRANSITION
5523.7,5530.25,5520.25,5525.45,0,0,0,1,0.9912681427730052,LONDON,6,1.156971375807971,day_anchor_std,server_midnight,0,0,1,0,0,0,UNCLASSIFIED,TRANSITION_UNCLASSIFIED,TRANSITION
5525.6,5529.25,5524.15,5529.1,0,0,0,1,0.9912681427730052,LONDON,6,1.156971375807971,day_anchor_std,server_midnight,0,0,1,0,0,0,UNCLASSIFIED,TRANSITION_UNCLASSIFIED,TRANSITION
5563.6,5569.1,5562.25,5566.5,0,0,0,2,0.6889091076380094,NY_PM,5,0.15362690608516497,day_anchor_std,server_midnight,0,0,0,0,1,0,TREND_STRONG,TREND_STRONG,TREND
5566.55,5567.25,5565.45,5565.95,0,0,0,2,0.6889091076380094,NY_PM,5,0.15362690608516497,day_anchor_std,server_midnight,0,0,0,0,1,0,TREND_STRONG,TREND_STRONG,TREND
5565.95,5567.45,5565.45,5566.25,0,0,0,2,0.6889091076380094,NY_PM,5,0.15362690608516497,day_anchor_std,server_midnight,0,0,0,0,1,0,TREND_STRONG,TREND_STRONG,TREND
5566.45,5566.45,5563.45,5563.75,0,0,0,2,0.6889091076380094,NY_PM,5,0.15362690608516497,day_anchor_std,server_midnight,0,0,0,0,1,0,TREND_STRONG,TREND_STRONG,TREND
5563.9,5565.95,5562.45,5565.25,0,0,0,2,0.32954454314892734,NY_PM,6,0.047118216238914386,day_anchor_std,server_midnight,0,0,0,0,1,0,TREND_STRONG,TREND_STRONG,TREND
5564.75,5564.75,5562.45,5563.25,0,0,0,2,0.32954454314892734,NY_PM,6,0.047118216238914386,day_anchor_std,server_midnight,0,0,0,0,1,0,TREND_STRONG,TREND_STRONG,TREND
5563.1,5565.45,5561.95,5565.45,0,0,0,2,0.32954454314892734,NY_PM,6,0.047118216238914386,day_anchor_std,server_midnight,0,0,0,0,1,0,TREND_STRONG,TREND_STRONG,TREND
5565.25,5565.75,5564.35,5564.75,0,0,0,2,0.32954454314892734,NY_PM,6,0.047118216238914386,day_anchor_std,server_midnight,0,0,0,0,1,0,TREND_STRONG,TREND_STRONG,TREND
5564.65,5566.25,5563.95,5565.95,0,0,0,2,0.6992189456405309,NY_PM,7,0.0006610945837369044,day_anchor_std,server_midnight,0,0,0,0,1,0,TREND_STRONG,TREND_STRONG,TREND
5565.75,5565.95,5564.95,5565.45,0,0,0,2,0.6992189456405309,NY_PM,7,0.0006610945837369044,day_anchor_std,server_midnight,0,0,0,0,1,0,TREND_STRONG,TREND_STRONG,TREND
5565.45,5566.25,5564.6,5565.25,0,0,0,2,0.6992189456405309,NY_PM,7,0.0006610945837369044,day_anchor_std,server_midnight,0,0,0,0,1,0,TREND_STRONG,TREND_STRONG,TREND
5565.45,5566.25,5565.15,5565.25,0,0,0,2,0.6992189456405309,NY_PM,7,0.0006610945837369044,day_anchor_std,server_midnight,0,0,0,0,1,0,TREND_STRONG,TREND_STRONG,TREND
5565.2,5565.25,5564.4,5564.75,0,0,0,2,0.7485288984897487,ASIA,8,0.12158054711246336,day_anchor_std,server_midnight,0,0,0,1,0,0,UNCLASSIFIED,TREND_UNCLASSIFIED,TREND
5564.95,5564.95,5563.55,5563.75,0,0,0,2,0.7485288984897487,ASIA,8,0.12158054711246336,day_anchor_std,server_midnight,0,0,0,1,0,0,UNCLASSIFIED,TREND_UNCLASSIFIED,TREND
5563.5,5563.95,5562.25,5563.25,0,0,0,2,0.7485288984897487,ASIA,8,0.12158054711246336,day_anchor_std,server_midnight,0,0,0,1,0,0,UNCLASSIFIED,TREND_UNCLASSIFIED,TREND
5563.2,5564.75,5562.25,5562.25,0,0,0,2,0.7485288984897487,ASIA,8,0.12158054711246336,day_anchor_std,server_midnight,0,0,0,1,0,0,UNCLASSIFIED,TREND_UNCLASSIFIED,TREND
5562.25,5564.75,5561.75,5563.95,0,0,0,2,0.7604266994898632,ASIA,9,0.5124565066108824,day_anchor_std,server_midnight,0,0,0,1,0,0,TREND_STRONG,TREND_STRONG,TREND
5564.15,5565.45,5563.55,5564.95,0,0,0,2,0.7604266994898632,ASIA,9,0.5124565066108824,day_anchor_std,server_midnight,0,0,0,1,0,0,TREND_STRONG,TREND_STRONG,TREND
5564.95,5566.75,5562.95,5566.45,0,0,0,2,0.7604266994898632,ASIA,9,0.5124565066108824,day_anchor_std,server_midnight,0,0,0,1,0,0,TREND_STRONG,TREND_STRONG,TREND
5566.55,5569.45,5565.35,5569.45,0,0,0,2,0.7604266994898632,ASIA,9,0.5124565066108824,day_anchor_std,server_midnight,0,0,0,1,0,0,TREND_STRONG,TREND_STRONG,TREND
5569.45,5570.65,5568.75,5570.25,0,0,0,2,0.9274132975297711,ASIA,10,0.48965164410960105,day_anchor_std,server_midnight,0,0,0,1,0,0,TREND_STRONG,TREND_STRONG,TREND
5570.45,5572.25,5569.9,5569.95,0,0,0,2,0.9274132975297711,ASIA,10,0.48965164410960105,day_anchor_std,server_midnight,0,0,0,1,0,0,TREND_STRONG,TREND_STRONG,TREND
5570.25,5570.95,5568.95,5570.75,0,0,0,2,0.9274132975297711,ASIA,10,0.48965164410960105,day_anchor_std,server_midnight,0,0,0,1,0,0,TREND_STRONG,TREND_STRONG,TREND
5570.75,5571.45,5569.75,5570.25,0,0,0,2,0.9274132975297711,ASIA,10,0.48965164410960105,day_anchor_std,server_midnight,0,0,0,1,0,0,TREND_STRONG,TREND_STRONG,TREND
5570.0,5571.35,5569.95,5570.75,0,0,0,2,0.9345975485313074,ASIA,11,0.858058225379553,day_anchor_std,server_midnight,0,0,0,1,0,1,TREND_STRONG,TREND_STRONG,TREND
5570.75,5570.95,5569.25,5569.75,0,0,0,2,0.9345975485313074,ASIA,11,0.858058225379553,day_anchor_std,server_midnight,0,0,0,1,0,1,TREND_STRONG,TREND_STRONG,TREND
5569.45,5573.75,5569.35,5573.25,0,0,0,2,0.9345975485313074,ASIA,11,0.858058225379553,day_anchor_std,server_midnight,0,0,0,1,0,1,TREND_STRONG,TREND_STRONG,TREND
5573.35,5574.55,5573.25,5574.45,0,0,0,2,0.9345975485313074,ASIA,11,0.858058225379553,day_anchor_std,server_midnight,0,0,0,1,0,1,TREND_STRONG,TREND_STRONG,TREND
5574.25,5576.25,5573.45,5576.25,0,0,0,2,0.9925770058590311,LONDON,12,1.8081753707285066,day_anchor_std,server_midnight,0,0,0,0,0,1,TREND_STRONG,TREND_STRONG,TREND
5575.95,5577.75,5575.85,5577.5,0,0,0,2,0.9925770058590311,LONDON,12,1.8081753707285066,day_anchor_std,server_midnight,0,0,0,0,0,1,TREND_STRONG,TREND_STRONG,TREND
5577.5,5580.75,5577.15,5580.25,0,0,0,2,0.9925770058590311,LONDON,12,1.8081753707285066,day_anchor_std,server_midnight,0,0,0,0,0,1,TREND_STRONG,TREND_STRONG,TREND
5580.25,5588.55,5578.95,5586.15,0,0,0,2,0.9925770058590311,LONDON,12,1.8081753707285066,day_anchor_std,server_midnight,0,0,0,0,0,1,TREND_STRONG,TREND_STRONG,TREND
5589.7,5590.4,5589.65,5590.2,0,0,0,2,0.6482422106201854,ASIA,4,0.03131991051457389,day_anchor_std,server_midnight,0,0,0,1,0,0,UNCLASSIFIED,TREND_UNCLASSIFIED,TREND
5590.35,5591.0,5589.15,5590.7,0,0,0,2,0.6482422106201854,ASIA,4,0.03131991051457389,day_anchor_std,server_midnight,0,0,0,1,0,0,UNCLASSIFIED,TREND_UNCLASSIFIED,TREND
5590.95,5591.7,5589.15,5589.7,0,0,0,2,0.6482422106201854,ASIA,4,0.03131991051457389,day_anchor_std,server_midnight,0,0,0,1,0,0,UNCLASSIFIED,TREND_UNCLASSIFIED,TREND
5589.9,5591.0,5589.0,5590.0,0,0,0,2,0.6482422106201854,ASIA,4,0.03131991051457389,day_anchor_std,server_midnight,0,0,0,1,0,0,UNCLASSIFIED,TREND_UNCLASSIFIED,TREND
5589.7,5589.95,5587.7,5587.7,0,0,0,2,0.6059343730944625,ASIA,5,0.01418108150217234,day_anchor_std,server_midnight,0,0,0,1,0,0,TREND_STRONG,TREND_STRONG,TREND
5587.95,5588.15,5586.35,5587.7,0,0,0,2,0.6059343730944625,ASIA,5,0.01418108150217234,day_anchor_std,server_midnight,0,0,0,1,0,0,TREND_STRONG,TREND_STRONG,TREND
5587.65,5588.75,5585.45,5588.75,0,0,0,2,0.6059343730944625,ASIA,5,0.01418108150217234,day_anchor_std,server_midnight,0,0,0,1,0,0,TREND_STRONG,TREND_STRONG,TREND
5588.45,5590.4,5588.45,5589.7,0,0,0,2,0.6059343730944625,ASIA,5,0.01418108150217234,day_anchor_std,server_midnight,0,0,0,1,0,0,TREND_STRONG,TREND_STRONG,TREND
5589.95,5591.2,5587.95,5588.5,0,0,0,2,0.503891254572007,ASIA,6,0.0765856427723093,day_anchor_std,server_midnight,0,0,0,1,0,0,UNCLASSIFIED,TREND_UNCLASSIFIED,TREND
5588.6,5591.2,5588.45,5590.35,0,0,0,2,0.503891254572007,ASIA,6,0.0765856427723093,day_anchor_std,server_midnight,0,0,0,1,0,0,UNCLASSIFIED,TREND_UNCLASSIFIED,TREND
5590.5,5591.5,5590.0,5591.5,0,0,0,2,0.503891254572007,ASIA,6,0.0765856427723093,day_anchor_std,server_midnight,0,0,0,1,0,0,UNCLASSIFIED,TREND_UNCLASSIFIED,TREND
5591.2,5591.65,5590.0,5590.0,0,0,0,2,0.503891254572007,ASIA,6,0.0765856427723093,day_anchor_std,server_midnight,0,0,0,1,0,0,UNCLASSIFIED,TREND_UNCLASSIFIED,TREND
5633.65,5635.7,5631.75,5634.85,0,0,0,1,0.5003140204515819,ASIA,2,1.8418209876543115,day_anchor_std,server_midnight,0,0,1,0,0,0,UNCLASSIFIED,TRANSITION_UNCLASSIFIED,TRANSITION
5634.65,5636.15,5626.85,5628.65,0,0,0,1,0.5003140204515819,ASIA,2,1.8418209876543115,day_anchor_std,server_midnight,0,0,1,0,0,0,UNCLASSIFIED,TRANSITION_UNCLASSIFIED,TRANSITION
5629.15,5631.85,5615.65,5617.65,0,0,0,1,0.5003140204515819,ASIA,2,1.8418209876543115,day_anchor_std,server_midnight,0,0,1,0,0,0,UNCLASSIFIED,TRANSITION_UNCLASSIFIED,TRANSITION
5617.4,5622.25,5612.75,5620.85,0,0,0,1,0.5003140204515819,ASIA,2,1.8418209876543115,day_anchor_std,server_midnight,0,0,1,0,0,0,UNCLASSIFIED,TRANSITION_UNCLASSIFIED,TRANSITION
5607.15,5610.95,5607.15,5610.15,0,0,0,2,0.9512240704081779,NY_PM,7,1.4454775022957846,day_anchor_std,server_midnight,0,0,0,0,0,1,UNCLASSIFIED,TREND_UNCLASSIFIED,TREND
5610.45,5611.95,5609.65,5609.95,0,0,0,2,0.9512240704081779,NY_PM,7,1.4454775022957846,day_anchor_std,server_midnight,0,0,0,0,0,1,UNCLASSIFIED,TREND_UNCLASSIFIED,TREND
5609.95,5612.9,5608.45,5611.75,0,0,0,2,0.9512240704081779,NY_PM,7,1.4454775022957846,day_anchor_std,server_midnight,0,0,0,0,0,1,UNCLASSIFIED,TREND_UNCLASSIFIED,TREND
5612.0,5612.5,5610.7,5612.4,0,0,0,2,0.9512240704081779,NY_PM,7,1.4454775022957846,day_anchor_std,server_midnight,0,0,0,0,0,1,UNCLASSIFIED,TREND_UNCLASSIFIED,TREND
5612.55,5612.75,5609.45,5609.95,0,0,0,2,0.9697293101312082,NY_PM,8,1.6527777777779034,day_anchor_std,server_midnight,0,0,0,0,0,1,UNCLASSIFIED,TREND_UNCLASSIFIED,TREND
5609.95,5611.95,5609.15,5610.95,0,0,0,2,0.9697293101312082,NY_PM,8,1.6527777777779034,day_anchor_std,server_midnight,0,0,0,0,0,1,UNCLASSIFIED,TREND_UNCLASSIFIED,TREND
5610.95,5611.45,5608.15,5609.15,0,0,0,2,0.9697293101312082,NY_PM,8,1.6527777777779034,day_anchor_std,server_midnight,0,0,0,0,0,1,UNCLASSIFIED,TREND_UNCLASSIFIED,TREND
5609.35,5609.95,5604.95,5608.65,0,0,0,2,0.9697293101312082,NY_PM,8,1.6527777777779034,day_anchor_std,server_midnight,0,0,0,0,0,1,UNCLASSIFIED,TREND_UNCLASSIFIED,TREND
5613.05,5619.95,5608.85,5613.15,0,0,0,1,0.9779246338576923,LONDON,1,2.8941809946385835,day_anchor_std,server_midnight,0,0,1,0,0,0,UNCLASSIFIED,TRANSITION_UNCLASSIFIED,TRANSITION
5613.05,5613.05,5580.95,5593.65,0,0,0,1,0.9779246338576923,LONDON,1,2.8941809946385835,day_anchor_std,server_midnight,0,0,1,0,0,0,UNCLASSIFIED,TRANSITION_UNCLASSIFIED,TRANSITION
5593.75,5596.15,5562.35,5562.75,0,0,0,1,0.9779246338576923,LONDON,1,2.8941809946385835,day_anchor_std,server_midnight,0,0,1,0,0,0,UNCLASSIFIED,TRANSITION_UNCLASSIFIED,TRANSITION
5562.45,5568.45,5551.95,5553.95,0,0,0,1,0.9779246338576923,LONDON,1,2.8941809946385835,day_anchor_std,server_midnight,0,0,1,0,0,0,UNCLASSIFIED,TRANSITION_UNCLASSIFIED,TRANSITION
5538.4,5546.45,5536.25,5539.05,0,0,0,1,0.8829953373848372,NY_PM,4,1.864160049820929,day_anchor_std,server_midnight,0,0,1,0,0,0,UNCLASSIFIED,TRANSITION_UNCLASSIFIED,TRANSITION
5538.9,5545.75,5538.9,5542.75,0,0,0,1,0.8829953373848372,NY_PM,4,1.864160049820929,day_anchor_std,server_midnight,0,0,1,0,0,0,UNCLASSIFIED,TRANSITION_UNCLASSIFIED,TRANSITION
5543.05,5543.05,5539.25,5540.25,0,0,0,1,0.8829953373848372,NY_PM,4,1.864160049820929,day_anchor_std,server_midnight,0,0,1,0,0,0,UNCLASSIFIED,TRANSITION_UNCLASSIFIED,TRANSITION
5540.2,5541.15,5537.75,5537.75,0,0,0,1,0.8829953373848372,NY_PM,4,1.864160049820929,day_anchor_std,server_midnight,0,0,1,0,0,0,UNCLASSIFIED,TRANSITION_UNCLASSIFIED,TRANSITION
5435.55,5447.4,5433.85,5446.25,0,0,0,2,0.9897179167525282,NY,7,2.982999622213906,day_anchor_std,server_midnight,0,0,0,0,0,1,UNCLASSIFIED,TREND_UNCLASSIFIED,TREND
5446.2,5447.45,5444.75,5446.45,0,0,0,2,0.9897179167525282,NY,7,2.982999622213906,day_anchor_std,server_midnight,0,0,0,0,0,1,UNCLASSIFIED,TREND_UNCLASSIFIED,TREND
5446.6,5453.3,5446.55,5448.95,0,0,0,2,0.9969063618191562,NY_PM,8,2.8836283185841243,day_anchor_std,server_midnight,0,0,0,0,0,1,UNCLASSIFIED,TREND_UNCLASSIFIED,TREND
5449.05,5452.45,5448.95,5449.95,0,0,0,2,0.9969063618191562,NY_PM,8,2.8836283185841243,day_anchor_std,server_midnight,0,0,0,0,0,1,UNCLASSIFIED,TREND_UNCLASSIFIED,TREND
5450.15,5451.95,5447.75,5449.95,0,0,0,2,0.9969063618191562,NY_PM,8,2.8836283185841243,day_anchor_std,server_midnight,0,0,0,0,0,1,UNCLASSIFIED,TREND_UNCLASSIFIED,TREND
5449.75,5451.25,5448.35,5448.45,0,0,0,2,0.9969063618191562,NY_PM,8,2.8836283185841243,day_anchor_std,server_midnight,0,0,0,0,0,1,UNCLASSIFIED,TREND_UNCLASSIFIED,TREND
5447.95,5453.95,5446.25,5451.75,0,0,0,2,0.9958184325977765,NY_PM,9,2.9869698228651385,day_anchor_std,server_midnight,0,0,0,0,0,1,TREND_STRONG,TREND_STRONG,TREND
5451.45,5453.75,5448.95,5451.95,0,0,0,2,0.9958184325977765,NY_PM,9,2.9869698228651385,day_anchor_std,server_midnight,0,0,0,0,0,1,TREND_STRONG,TREND_STRONG,TREND
5451.75,5453.45,5449.45,5451.35,0,0,0,2,0.9958184325977765,NY_PM,9,2.9869698228651385,day_anchor_std,server_midnight,0,0,0,0,0,1,TREND_STRONG,TREND_STRONG,TREND
5451.35,5452.25,5444.45,5445.6,0,0,0,2,0.9958184325977765,NY_PM,9,2.9869698228651385,day_anchor_std,server_midnight,0,0,0,0,0,1,TREND_STRONG,TREND_STRONG,TREND
5445.8,5449.45,5445.45,5446.75,0,0,0,2,0.9954537933061405,NY_PM,10,2.8727183633468396,day_anchor_std,server_midnight,0,0,0,0,0,1,TREND_STRONG,TREND_STRONG,TREND
5446.95,5447.65,5437.45,5439.75,0,0,0,2,0.9954537933061405,NY_PM,10,2.8727183633468396,day_anchor_std,server_midnight,0,0,0,0,0,1,TREND_STRONG,TREND_STRONG,TREND
5439.85,5448.35,5439.85,5448.35,0,0,0,2,0.9954537933061405,NY_PM,10,2.8727183633468396,day_anchor_std,server_midnight,0,0,0,0,0,1,TREND_STRONG,TREND_STRONG,TREND
5448.45,5451.25,5447.3,5448.25,0,0,0,2,0.9954537933061405,NY_PM,10,2.8727183633468396,day_anchor_std,server_midnight,0,0,0,0,0,1,TREND_STRONG,TREND_STRONG,TREND
5466.5,5477.55,5464.65,5474.55,0,0,0,2,0.6929165862204366,NY_PM,3,0.26322693484915977,day_anchor_std,server_midnight,0,0,0,0,1,0,TREND_STRONG,TREND_STRONG,TREND
5474.3,5478.35,5473.25,5477.5,0,0,0,2,0.6929165862204366,NY_PM,3,0.26322693484915977,day_anchor_std,server_midnight,0,0,0,0,1,0,TREND_STRONG,TREND_STRONG,TREND
5477.35,5481.55,5476.55,5479.75,0,0,0,2,0.6929165862204366,NY_PM,3,0.26322693484915977,day_anchor_std,server_midnight,0,0,0,0,1,0,TREND_STRONG,TREND_STRONG,TREND
5479.55,5481.55,5478.25,5479.55,0,0,0,2,0.6929165862204366,NY_PM,3,0.26322693484915977,day_anchor_std,server_midnight,0,0,0,0,1,0,TREND_STRONG,TREND_STRONG,TREND
5479.7,5489.25,5478.15,5488.45,0,0,0,2,0.8244056061661834,NY_PM,4,0.5855626326964122,day_anchor_std,server_midnight,0,0,0,0,1,0,TREND_STRONG,TREND_STRONG,TREND
5488.25,5496.75,5487.15,5491.75,0,0,0,2,0.8244056061661834,NY_PM,4,0.5855626326964122,day_anchor_std,server_midnight,0,0,0,0,1,0,TREND_STRONG,TREND_STRONG,TREND
5491.55,5493.05,5488.55,5489.75,0,0,0,2,0.8244056061661834,NY_PM,4,0.5855626326964122,day_anchor_std,server_midnight,0,0,0,0,1,0,TREND_STRONG,TREND_STRONG,TREND
5489.65,5494.05,5487.85,5489.25,0,0,0,2,0.8244056061661834,NY_PM,4,0.5855626326964122,day_anchor_std,server_midnight,0,0,0,0,1,0,TREND_STRONG,TREND_STRONG,TREND
5560.55,5564.1,5518.1,5518.3,0,0,0,1,0.9207653760203016,LONDON,1,2.696879348042136,day_anchor_std,server_midnight,0,0,1,0,0,0,UNCLASSIFIED,TRANSITION_UNCLASSIFIED,TRANSITION
5518.9,5522.9,5492.85,5494.95,0,0,0,1,0.9207653760203016,LONDON,1,2.696879348042136,day_anchor_std,server_midnight,0,0,1,0,0,0,UNCLASSIFIED,TRANSITION_UNCLASSIFIED,TRANSITION
5494.95,5497.05,5479.75,5481.65,0,0,0,1,0.9207653760203016,LONDON,1,2.696879348042136,day_anchor_std,server_midnight,0,0,1,0,0,0,UNCLASSIFIED,TRANSITION_UNCLASSIFIED,TRANSITION
5481.15,5486.05,5461.65,5467.05,0,0,0,1,0.9207653760203016,LONDON,1,2.696879348042136,day_anchor_std,server_midnight,0,0,1,0,0,0,UNCLASSIFIED,TRANSITION_UNCLASSIFIED,TRANSITION
5294.25,5307.55,5293.05,5301.15,0,0,0,1,0.5188542730575467,LONDON,4,2.625189107412988,day_anchor_std,server_midnight,0,0,1,0,0,0,UNCLASSIFIED,TRANSITION_UNCLASSIFIED,TRANSITION
5301.45,5301.55,5283.65,5295.65,0,0,0,1,0.5188542730575467,LONDON,4,2.625189107412988,day_anchor_std,server_midnight,0,0,1,0,0,0,UNCLASSIFIED,TRANSITION_UNCLASSIFIED,TRANSITION
5295.65,5317.2,5284.25,5316.95,0,0,0,1,0.5188542730575467,LONDON,4,2.625189107412988,day_anchor_std,server_midnight,0,0,1,0,0,0,UNCLASSIFIED,TRANSITION_UNCLASSIFIED,TRANSITION
5317.15,5322.35,5314.35,5319.75,0,0,0,1,0.5188542730575467,LONDON,4,2.625189107412988,day_anchor_std,server_midnight,0,0,1,0,0,0,UNCLASSIFIED,TRANSITION_UNCLASSIFIED,TRANSITION
5330.65,5334.05,5327.75,5327.75,0,0,0,2,0.9765141014599875,ASIA,6,0.05564526145821633,day_anchor_std,server_midnight,0,0,0,1,0,0,TREND_STRONG,TREND_STRONG,TREND
5327.65,5328.7,5304.05,5308.75,0,0,0,2,0.9765141014599875,ASIA,6,0.05564526145821633,day_anchor_std,server_midnight,0,0,0,1,0,0,TREND_STRONG,TREND_STRONG,TREND
5308.75,5317.8,5304.35,5317.25,0,0,0,2,0.9765141014599875,ASIA,6,0.05564526145821633,day_anchor_std,server_midnight,0,0,0,1,0,0,TREND_STRONG,TREND_STRONG,TREND
5317.15,5324.75,5316.15,5321.45,0,0,0,2,0.9765141014599875,ASIA,6,0.05564526145821633,day_anchor_std,server_midnight,0,0,0,1,0,0,TREND_STRONG,TREND_STRONG,TREND
5321.75,5322.75,5315.75,5319.65,0,0,0,2,0.9975071762567638,ASIA,7,0.24458359423921072,day_anchor_std,server_midnight,0,0,0,1,0,0,TREND_STRONG,TREND_STRONG,TREND
5319.75,5328.75,5318.55,5325.55,0,0,0,2,0.9975071762567638,ASIA,7,0.24458359423921072,day_anchor_std,server_midnight,0,0,0,1,0,0,TREND_STRONG,TREND_STRONG,TREND
5325.7,5329.65,5317.8,5324.65,0,0,0,2,0.9975071762567638,ASIA,7,0.24458359423921072,day_anchor_std,server_midnight,0,0,0,1,0,0,TREND_STRONG,TREND_STRONG,TREND
5324.75,5329.25,5319.65,5327.9,0,0,0,2,0.9975071762567638,ASIA,7,0.24458359423921072,day_anchor_std,server_midnight,0,0,0,1,0,0,TREND_STRONG,TREND_STRONG,TREND
5328.05,5336.05,5327.9,5334.05,0,0,0,2,0.9994186924493155,ASIA,8,0.5801040093943799,day_anchor_std,server_midnight,0,0,0,1,0,0,TREND_STRONG,TREND_STRONG,TREND
5334.25,5347.4,5332.55,5344.55,0,0,0,2,0.9994186924493155,ASIA,8,0.5801040093943799,day_anchor_std,server_midnight,0,0,0,1,0,0,TREND_STRONG,TREND_STRONG,TREND
5344.55,5346.25,5340.6,5344.45,0,0,0,2,0.9994186924493155,ASIA,8,0.5801040093943799,day_anchor_std,server_midnight,0,0,0,1,0,0,TREND_STRONG,TREND_STRONG,TREND
5344.25,5344.75,5335.35,5340.65,0,0,0,2,0.9994186924493155,ASIA,8,0.5801040093943799,day_anchor_std,server_midnight,0,0,0,1,0,0,TREND_STRONG,TREND_STRONG,TREND
5340.75,5340.75,5327.7,5334.75,0,0,0,2,0.9959916690982002,ASIA,9,0.023680241327284732,day_anchor_std,server_midnight,0,0,0,1,0,0,UNCLASSIFIED,TREND_UNCLASSIFIED,TREND
5334.75,5335.05,5328.25,5331.15,0,0,0,2,0.9959916690982002,ASIA,9,0.023680241327284732,day_anchor_std,server_midnight,0,0,0,1,0,0,UNCLASSIFIED,TREND_UNCLASSIFIED,TREND
5331.25,5339.75,5322.85,5325.65,0,0,0,2,0.9959916690982002,ASIA,9,0.023680241327284732,day_anchor_std,server_midnight,0,0,0,1,0,0,UNCLASSIFIED,TREND_UNCLASSIFIED,TREND
5326.05,5327.05,5316.75,5323.75,0,0,0,2,0.9959916690982002,ASIA,9,0.023680241327284732,day_anchor_std,server_midnight,0,0,0,1,0,0,UNCLASSIFIED,TREND_UNCLASSIFIED,TREND
5342.5,5352.45,5327.55,5334.75,0,0,0,0,0.9786210483302351,NY_PM,3,0.21698652935973609,day_anchor_std,server_midnight,1,0,0,0,0,0,BALANCE_LEAKING,BALANCE_LEAKING,BALANCE
5334.75,5345.25,5333.6,5342.35,0,0,0,0,0.9786210483302351,NY_PM,3,0.21698652935973609,day_anchor_std,server_midnight,1,0,0,0,0,0,BALANCE_LEAKING,BALANCE_LEAKING,BALANCE
5342.35,5346.45,5341.85,5343.45,0,0,0,0,0.9786210483302351,NY_PM,3,0.21698652935973609,day_anchor_std,server_midnight,1,0,0,0,0,0,BALANCE_LEAKING,BALANCE_LEAKING,BALANCE
5343.25,5349.85,5339.15,5347.45,0,0,0,0,0.9786210483302351,NY_PM,3,0.21698652935973609,day_anchor_std,server_midnight,1,0,0,0,0,0,BALANCE_LEAKING,BALANCE_LEAKING,BALANCE
5347.3,5347.75,5340.45,5341.75,0,0,0,0,0.938825847336622,NY_PM,4,0.0536821094652612,day_anchor_std,server_midnight,1,0,0,0,0,0,UNCLASSIFIED,BALANCE_UNCLASSIFIED,BALANCE
5341.85,5345.35,5340.25,5341.85,0,0,0,0,0.938825847336622,NY_PM,4,0.0536821094652612,day_anchor_std,server_midnight,1,0,0,0,0,0,UNCLASSIFIED,BALANCE_UNCLASSIFIED,BALANCE
5341.4,5345.95,5337.45,5344.75,0,0,0,0,0.938825847336622,NY_PM,4,0.0536821094652612,day_anchor_std,server_midnight,1,0,0,0,0,0,UNCLASSIFIED,BALANCE_UNCLASSIFIED,BALANCE
5344.95,5347.25,5340.45,5342.95,0,0,0,0,0.938825847336622,NY_PM,4,0.0536821094652612,day_anchor_std,server_midnight,1,0,0,0,0,0,UNCLASSIFIED,BALANCE_UNCLASSIFIED,BALANCE
5339.9,5347.55,5337.95,5342.15,0,0,0,0,0.988913922087354,NY,2,0.06946694750486099,day_anchor_std,server_midnight,1,0,0,0,0,0,UNCLASSIFIED,BALANCE_UNCLASSIFIED,BALANCE
5341.95,5348.25,5340.0,5347.75,0,0,0,0,0.988913922087354,NY,2,0.06946694750486099,day_anchor_std,server_midnight,1,0,0,0,0,0,UNCLASSIFIED,BALANCE_UNCLASSIFIED,BALANCE
5348.05,5348.15,5339.8,5342.35,0,0,0,0,0.988913922087354,NY,2,0.06946694750486099,day_anchor_std,server_midnight,1,0,0,0,0,0,UNCLASSIFIED,BALANCE_UNCLASSIFIED,BALANCE
5342.35,5348.6,5333.2,5348.6,0,0,0,0,0.988913922087354,NY,2,0.06946694750486099,day_anchor_std,server_midnight,1,0,0,0,0,0,UNCLASSIFIED,BALANCE_UNCLASSIFIED,BALANCE
5436.9,5438.15,5436.25,5437.95,0,0,0,2,0.9988147841195242,ASIA,3,0.07533825338255302,day_anchor_std,server_midnight,0,0,0,1,0,0,UNCLASSIFIED,TREND_UNCLASSIFIED,TREND
5437.65,5438.65,5436.65,5437.15,0,0,0,2,0.9988147841195242,ASIA,3,0.07533825338255302,day_anchor_std,server_midnight,0,0,0,1,0,0,UNCLASSIFIED,TREND_UNCLASSIFIED,TREND
5436.95,5438.15,5436.15,5436.65,0,0,0,2,0.9988147841195242,ASIA,3,0.07533825338255302,day_anchor_std,server_midnight,0,0,0,1,0,0,UNCLASSIFIED,TREND_UNCLASSIFIED,TREND
5436.45,5440.25,5435.95,5439.85,0,0,0,2,0.9988147841195242,ASIA,3,0.07533825338255302,day_anchor_std,server_midnight,0,0,0,1,0,0,UNCLASSIFIED,TREND_UNCLASSIFIED,TREND
5439.5,5441.15,5437.65,5440.35,0,0,0,2,0.9993495596847777,ASIA,4,0.1450216450216599,day_anchor_std,server_midnight,0,0,0,1,0,0,UNCLASSIFIED,TREND_UNCLASSIFIED,TREND
5440.45,5442.45,5438.45,5438.45,0,0,0,2,0.9993495596847777,ASIA,4,0.1450216450216599,day_anchor_std,server_midnight,0,0,0,1,0,0,UNCLASSIFIED,TREND_UNCLASSIFIED,TREND
5438.65,5440.95,5435.65,5438.1,0,0,0,2,0.9993495596847777,ASIA,4,0.1450216450216599,day_anchor_std,server_midnight,0,0,0,1,0,0,UNCLASSIFIED,TREND_UNCLASSIFIED,TREND
5438.25,5438.95,5435.75,5436.15,0,0,0,2,0.9993495596847777,ASIA,4,0.1450216450216599,day_anchor_std,server_midnight,0,0,0,1,0,0,UNCLASSIFIED,TREND_UNCLASSIFIED,TREND
5436.15,5438.65,5432.45,5435.95,0,0,0,2,0.9989375468919885,ASIA,5,0.011573535870161005,day_anchor_std,server_midnight,0,0,0,1,0,0,UNCLASSIFIED,TREND_UNCLASSIFIED,TREND
5436.15,5438.95,5435.95,5438.15,0,0,0,2,0.9989375468919885,ASIA,5,0.011573535870161005,day_anchor_std,server_midnight,0,0,0,1,0,0,UNCLASSIFIED,TREND_UNCLASSIFIED,TREND
5438.45,5439.65,5436.95,5438.15,0,0,0,2,0.9989375468919885,ASIA,5,0.011573535870161005,day_anchor_std,server_midnight,0,0,0,1,0,0,UNCLASSIFIED,TREND_UNCLASSIFIED,TREND
5438.45,5439.65,5437.65,5437.95,0,0,0,2,0.9989375468919885,ASIA,5,0.011573535870161005,day_anchor_std,server_midnight,0,0,0,1,0,0,UNCLASSIFIED,TREND_UNCLASSIFIED,TREND
5437.95,5440.65,5436.95,5439.35,0,0,0,2,0.9981429753614385,ASIA,6,0.05500633713565292,day_anchor_std,server_midnight,0,0,0,1,0,0,UNCLASSIFIED,TREND_UNCLASSIFIED,TREND
5439.5,5441.35,5437.85,5438.9,0,0,0,2,0.9981429753614385,ASIA,6,0.05500633713565292,day_anchor_std,server_midnight,0,0,0,1,0,0,UNCLASSIFIED,TREND_UNCLASSIFIED,TREND
5438.95,5440.35,5435.95,5437.45,0,0,0,2,0.9981429753614385,ASIA,6,0.05500633713565292,day_anchor_std,server_midnight,0,0,0,1,0,0,UNCLASSIFIED,TREND_UNCLASSIFIED,TREND
5437.5,5440.45,5436.8,5438.85,0,0,0,2,0.9981429753614385,ASIA,6,0.05500633713565292,day_anchor_std,server_midnight,0,0,0,1,0,0,UNCLASSIFIED,TREND_UNCLASSIFIED,TREND
5438.75,5443.2,5436.25,5442.15,0,0,0,2,0.9982990385656468,LONDON,7,0.4032921810698902,day_anchor_std,server_midnight,0,0,0,0,1,0,TREND_STRONG,TREND_STRONG,TREND
5441.45,5452.05,5427.95,5445.55,0,0,0,2,0.9982990385656468,LONDON,7,0.4032921810698902,day_anchor_std,server_midnight,0,0,0,0,1,0,TREND_STRONG,TREND_STRONG,TREND
5445.7,5447.75,5441.95,5445.15,0,0,0,2,0.9982990385656468,LONDON,7,0.4032921810698902,day_anchor_std,server_midnight,0,0,0,0,1,0,TREND_STRONG,TREND_STRONG,TREND
5445.35,5449.05,5429.75,5431.85,0,0,0,2,0.9982990385656468,LONDON,7,0.4032921810698902,day_anchor_std,server_midnight,0,0,0,0,1,0,TREND_STRONG,TREND_STRONG,TREND
5431.95,5436.85,5425.35,5435.6,0,0,0,2,0.9993959049502085,LONDON,8,1.4455734311788284,day_anchor_std,server_midnight,0,0,0,0,0,1,TREND_STRONG,TREND_STRONG,TREND
5435.55,5441.05,5418.05,5440.25,0,0,0,2,0.9993959049502085,LONDON,8,1.4455734311788284,day_anchor_std,server_midnight,0,0,0,0,0,1,TREND_STRONG,TREND_STRONG,TREND
5440.15,5448.35,5439.35,5448.35,0,0,0,2,0.9993959049502085,LONDON,8,1.4455734311788284,day_anchor_std,server_midnight,0,0,0,0,0,1,TREND_STRONG,TREND_STRONG,TREND
5448.35,5464.75,5448.35,5464.15,0,0,0,2,0.9993959049502085,LONDON,8,1.4455734311788284,day_anchor_std,server_midnight,0,0,0,0,0,1,TREND_STRONG,TREND_STRONG,TREND
5566.25,5566.45,5564.65,5565.65,0,0,0,0,0.6373049504461586,ASIA,2,0.260974143114883,day_anchor_std,server_midnight,1,0,0,0,0,0,BALANCE_LEAKING,BALANCE_LEAKING,BALANCE
5565.55,5565.55,5556.15,5559.55,0,0,0,0,0.6373049504461586,ASIA,2,0.260974143114883,day_anchor_std,server_midnight,1,0,0,0,0,0,BALANCE_LEAKING,BALANCE_LEAKING,BALANCE
5559.65,5562.2,5555.45,5556.9,0,0,0,0,0.6373049504461586,ASIA,2,0.260974143114883,day_anchor_std,server_midnight,1,0,0,0,0,0,BALANCE_LEAKING,BALANCE_LEAKING,BALANCE
5556.95,5559.15,5554.15,5555.65,0,0,0,0,0.6373049504461586,ASIA,2,0.260974143114883,day_anchor_std,server_midnight,1,0,0,0,0,0,BALANCE_LEAKING,BALANCE_LEAKING,BALANCE
5555.65,5557.7,5551.15,5552.05,0,0,0,0,0.702010915780669,ASIA,3,0.22817869415812936,day_anchor_std,server_midnight,1,0,0,0,0,0,UNCLASSIFIED,BALANCE_UNCLASSIFIED,BALANCE
5551.95,5554.1,5551.15,5551.65,0,0,0,0,0.702010915780669,ASIA,3,0.22817869415812936,day_anchor_std,server_midnight,1,0,0,0,0,0,UNCLASSIFIED,BALANCE_UNCLASSIFIED,BALANCE
5552.15,5557.7,5551.6,5557.65,0,0,0,0,0.702010915780669,ASIA,3,0.22817869415812936,day_anchor_std,server_midnight,1,0,0,0,0,0,UNCLASSIFIED,BALANCE_UNCLASSIFIED,BALANCE
5557.75,5559.1,5554.15,5555.45,0,0,0,0,0.702010915780669,ASIA,3,0.22817869415812936,day_anchor_std,server_midnight,1,0,0,0,0,0,UNCLASSIFIED,BALANCE_UNCLASSIFIED,BALANCE
5555.25,5557.15,5545.85,5554.65,0,0,0,0,0.39903572331851295,ASIA,4,0.10427301036954197,day_anchor_std,server_midnight,1,0,0,0,0,0,BALANCE_LEAKING,BALANCE_LEAKING,BALANCE
5554.55,5557.95,5552.45,5557.5,0,0,0,0,0.39903572331851295,ASIA,4,0.10427301036954197,day_anchor_std,server_midnight,1,0,0,0,0,0,BALANCE_LEAKING,BALANCE_LEAKING,BALANCE
5557.5,5557.95,5552.45,5556.7,0,0,0,0,0.39903572331851295,ASIA,4,0.10427301036954197,day_anchor_std,server_midnight,1,0,0,0,0,0,BALANCE_LEAKING,BALANCE_LEAKING,BALANCE
5556.65,5558.15,5553.45,5556.25,0,0,0,0,0.39903572331851295,ASIA,4,0.10427301036954197,day_anchor_std,server_midnight,1,0,0,0,0,0,BALANCE_LEAKING,BALANCE_LEAKING,BALANCE
5609.85,5610.65,5609.15,5610.35,0,0,0,2,0.9989867781422096,NY_PM,7,3.39356049329264,day_anchor_std,server_midnight,0,0,0,0,0,1,TREND_STRONG,TREND_STRONG,TREND
5610.55,5610.55,5608.65,5610.35,0,0,0,2,0.9989867781422096,NY_PM,7,3.39356049329264,day_anchor_std,server_midnight,0,0,0,0,0,1,TREND_STRONG,TREND_STRONG,TREND
5610.35,5611.15,5606.85,5609.85,0,0,0,2,0.9989867781422096,NY_PM,7,3.39356049329264,day_anchor_std,server_midnight,0,0,0,0,0,1,TREND_STRONG,TREND_STRONG,TREND
5609.7,5612.85,5609.7,5612.85,0,0,0,2,0.9989867781422096,NY_PM,7,3.39356049329264,day_anchor_std,server_midnight,0,0,0,0,0,1,TREND_STRONG,TREND_STRONG,TREND
5612.85,5614.35,5611.85,5614.35,0,0,0,2,0.9983701997543513,NY_PM,8,3.1777536755845155,day_anchor_std,server_midnight,0,0,0,0,0,1,TREND_STRONG,TREND_STRONG,TREND
5614.15,5617.35,5614.15,5617.35,0,0,0,2,0.9983701997543513,NY_PM,8,3.1777536755845155,day_anchor_std,server_midnight,0,0,0,0,0,1,TREND_STRONG,TREND_STRONG,TREND
5617.2,5617.25,5611.65,5612.35,0,0,0,2,0.9983701997543513,NY_PM,8,3.1777536755845155,day_anchor_std,server_midnight,0,0,0,0,0,1,TREND_STRONG,TREND_STRONG,TREND
5612.4,5612.4,5609.65,5610.35,0,0,0,2,0.9983701997543513,NY_PM,8,3.1777536755845155,day_anchor_std,server_midnight,0,0,0,0,0,1,TREND_STRONG,TREND_STRONG,TREND
5610.15,5614.05,5610.15,5613.25,0,0,0,2,0.9992182422159517,ASIA,9,0.0944848676579076,day_anchor_std,server_midnight,0,0,0,1,0,0,TREND_STRONG,TREND_STRONG,TREND
5613.15,5613.3,5610.25,5612.35,0,0,0,2,0.9992182422159517,ASIA,9,0.0944848676579076,day_anchor_std,server_midnight,0,0,0,1,0,0,TREND_STRONG,TREND_STRONG,TREND
5612.25,5614.15,5611.4,5613.65,0,0,0,2,0.9992182422159517,ASIA,9,0.0944848676579076,day_anchor_std,server_midnight,0,0,0,1,0,0,TREND_STRONG,TREND_STRONG,TREND
5613.65,5613.85,5611.75,5613.75,0,0,0,2,0.9992182422159517,ASIA,9,0.0944848676579076,day_anchor_std,server_midnight,0,0,0,1,0,0,TREND_STRONG,TREND_STRONG,TREND
5613.45,5613.65,5611.35,5613.55,0,0,0,2,0.9889694594975398,ASIA,10,0.420057542129065,day_anchor_std,server_midnight,0,0,0,1,0,0,TREND_STRONG,TREND_STRONG,TREND
5613.35,5617.35,5613.35,5616.3,0,0,0,2,0.9889694594975398,ASIA,10,0.420057542129065,day_anchor_std,server_midnight,0,0,0,1,0,0,TREND_STRONG,TREND_STRONG,TREND
5616.25,5620.65,5614.65,5620.3,0,0,0,2,0.9889694594975398,ASIA,10,0.420057542129065,day_anchor_std,server_midnight,0,0,0,1,0,0,TREND_STRONG,TREND_STRONG,TREND
5620.25,5621.85,5618.15,5619.85,0,0,0,2,0.9889694594975398,ASIA,10,0.420057542129065,day_anchor_std,server_midnight,0,0,0,1,0,0,TREND_STRONG,TREND_STRONG,TREND
5619.7,5620.15,5614.15,5614.15,0,0,0,2,0.9975789005069571,ASIA,11,0.10485810485807463,day_anchor_std,server_midnight,0,0,0,1,0,0,UNCLASSIFIED,TREND_UNCLASSIFIED,TREND
5614.35,5615.0,5608.35,5614.2,0,0,0,2,0.9975789005069571,ASIA,11,0.10485810485807463,day_anchor_std,server_midnight,0,0,0,1,0,0,UNCLASSIFIED,TREND_UNCLASSIFIED,TREND
5614.15,5617.65,5614.15,5616.85,0,0,0,2,0.9975789005069571,ASIA,11,0.10485810485807463,day_anchor_std,server_midnight,0,0,0,1,0,0,UNCLASSIFIED,TREND_UNCLASSIFIED,TREND
5616.85,5617.15,5613.1,5613.65,0,0,0,2,0.9975789005069571,ASIA,11,0.10485810485807463,day_anchor_std,server_midnight,0,0,0,1,0,0,UNCLASSIFIED,TREND_UNCLASSIFIED,TREND
5636.9,5645.4,5636.55,5640.3,0,0,0,2,0.6517664747924895,NY_PM,4,0.12182741116740275,day_anchor_std,server_midnight,0,0,0,0,1,0,TREND_STRONG,TREND_STRONG,TREND
5640.5,5641.25,5629.1,5629.5,0,0,0,2,0.6517664747924895,NY_PM,4,0.12182741116740275,day_anchor_std,server_midnight,0,0,0,0,1,0,TREND_STRONG,TREND_STRONG,TREND
5629.7,5631.5,5626.7,5629.8,0,0,0,2,0.6517664747924895,NY_PM,4,0.12182741116740275,day_anchor_std,server_midnight,0,0,0,0,1,0,TREND_STRONG,TREND_STRONG,TREND
5630.0,5633.95,5628.5,5633.35,0,0,0,2,0.6517664747924895,NY_PM,4,0.12182741116740275,day_anchor_std,server_midnight,0,0,0,0,1,0,TREND_STRONG,TREND_STRONG,TREND
5633.65,5637.05,5630.55,5634.05,0,0,0,2,0.7759907576187585,NY_PM,5,0.19781524578487494,day_anchor_std,server_midnight,0,0,0,0,1,0,TREND_STRONG,TREND_STRONG,TREND
5634.35,5643.05,5633.55,5641.55,0,0,0,2,0.7759907576187585,NY_PM,5,0.19781524578487494,day_anchor_std,server_midnight,0,0,0,0,1,0,TREND_STRONG,TREND_STRONG,TREND
5641.85,5645.75,5640.85,5643.05,0,0,0,2,0.7759907576187585,NY_PM,5,0.19781524578487494,day_anchor_std,server_midnight,0,0,0,0,1,0,TREND_STRONG,TREND_STRONG,TREND
5642.8,5644.2,5639.05,5639.15,0,0,0,2,0.7759907576187585,NY_PM,5,0.19781524578487494,day_anchor_std,server_midnight,0,0,0,0,1,0,TREND_STRONG,TREND_STRONG,TREND
5625.4,5627.3,5618.9,5625.3,0,0,0,1,0.9755410033795917,LONDON,2,2.1458614181720987,day_anchor_std,server_midnight,0,0,1,0,0,0,UNCLASSIFIED,TRANSITION_UNCLASSIFIED,TRANSITION
5625.4,5627.5,5609.0,5611.0,0,0,0,1,0.9755410033795917,LONDON,2,2.1458614181720987,day_anchor_std,server_midnight,0,0,1,0,0,0,UNCLASSIFIED,TRANSITION_UNCLASSIFIED,TRANSITION
5610.7,5611.2,5591.7,5597.7,0,0,0,1,0.9755410033795917,LONDON,2,2.1458614181720987,day_anchor_std,server_midnight,0,0,1,0,0,0,UNCLASSIFIED,TRANSITION_UNCLASSIFIED,TRANSITION
5597.2,5600.3,5591.35,5598.9,0,0,0,1,0.9755410033795917,LONDON,2,2.1458614181720987,day_anchor_std,server_midnight,0,0,1,0,0,0,UNCLASSIFIED,TRANSITION_UNCLASSIFIED,TRANSITION
5646.5,5649.75,5644.55,5644.85,0,0,0,2,0.8051675985086572,NY_PM,4,0.1346344222882057,day_anchor_std,server_midnight,0,0,0,0,1,0,UNCLASSIFIED,TREND_UNCLASSIFIED,TREND
5644.55,5645.45,5641.55,5642.55,0,0,0,2,0.8051675985086572,NY_PM,4,0.1346344222882057,day_anchor_std,server_midnight,0,0,0,0,1,0,UNCLASSIFIED,TREND_UNCLASSIFIED,TREND
5642.65,5644.55,5642.25,5643.75,0,0,0,2,0.8051675985086572,NY_PM,4,0.1346344222882057,day_anchor_std,server_midnight,0,0,0,0,1,0,UNCLASSIFIED,TREND_UNCLASSIFIED,TREND
5643.75,5645.05,5641.55,5642.25,0,0,0,2,0.8051675985086572,NY_PM,4,0.1346344222882057,day_anchor_std,server_midnight,0,0,0,0,1,0,UNCLASSIFIED,TREND_UNCLASSIFIED,TREND
5642.4,5644.85,5641.25,5644.25,0,0,0,2,0.7268107043995488,NY_PM,5,0.18968968968971636,day_anchor_std,server_midnight,0,0,0,0,1,0,UNCLASSIFIED,TREND_UNCLASSIFIED,TREND
5644.0,5647.8,5644.0,5645.75,0,0,0,2,0.7268107043995488,NY_PM,5,0.18968968968971636,day_anchor_std,server_midnight,0,0,0,0,1,0,UNCLASSIFIED,TREND_UNCLASSIFIED,TREND
5645.65,5649.25,5645.65,5648.55,0,0,0,2,0.7268107043995488,NY_PM,5,0.18968968968971636,day_anchor_std,server_midnight,0,0,0,0,1,0,UNCLASSIFIED,TREND_UNCLASSIFIED,TREND
5648.75,5649.75,5648.05,5648.7,0,0,0,2,0.7268107043995488,NY_PM,5,0.18968968968971636,day_anchor_std,server_midnight,0,0,0,0,1,0,UNCLASSIFIED,TREND_UNCLASSIFIED,TREND
5648.95,5649.15,5646.35,5648.55,0,0,0,0,0.9764580659743908,NY_PM,2,0.06365135453475718,day_anchor_std,server_midnight,1,0,0,0,0,0,UNCLASSIFIED,BALANCE_UNCLASSIFIED,BALANCE
5648.85,5648.85,5640.35,5641.05,0,0,0,0,0.9764580659743908,NY_PM,2,0.06365135453475718,day_anchor_std,server_midnight,1,0,0,0,0,0,UNCLASSIFIED,BALANCE_UNCLASSIFIED,BALANCE
5640.85,5641.4,5634.45,5637.35,0,0,0,0,0.9764580659743908,NY_PM,2,0.06365135453475718,day_anchor_std,server_midnight,1,0,0,0,0,0,UNCLASSIFIED,BALANCE_UNCLASSIFIED,BALANCE
5637.05,5642.8,5636.85,5642.8,0,0,0,0,0.9764580659743908,NY_PM,2,0.06365135453475718,day_anchor_std,server_midnight,1,0,0,0,0,0,UNCLASSIFIED,BALANCE_UNCLASSIFIED,BALANCE
5642.55,5642.85,5640.05,5641.05,0,0,0,0,0.9627428004623326,ASIA,3,0.1681075888568092,day_anchor_std,server_midnight,1,0,0,0,0,0,UNCLASSIFIED,BALANCE_UNCLASSIFIED,BALANCE
5640.95,5642.05,5640.45,5641.05,0,0,0,0,0.9627428004623326,ASIA,3,0.1681075888568092,day_anchor_std,server_midnight,1,0,0,0,0,0,UNCLASSIFIED,BALANCE_UNCLASSIFIED,BALANCE
5641.35,5644.65,5641.35,5643.35,0,0,0,0,0.9627428004623326,ASIA,3,0.1681075888568092,day_anchor_std,server_midnight,1,0,0,0,0,0,UNCLASSIFIED,BALANCE_UNCLASSIFIED,BALANCE
5643.5,5645.05,5641.85,5645.05,0,0,0,0,0.9627428004623326,ASIA,3,0.1681075888568092,day_anchor_std,server_midnight,1,0,0,0,0,0,UNCLASSIFIED,BALANCE_UNCLASSIFIED,BALANCE
5652.45,5654.35,5644.05,5645.15,0,0,0,1,0.9354745769047353,ASIA,1,1.6569858222472247,day_anchor_std,server_midnight,0,0,1,0,0,0,TRANSITION_NOISY,TRANSITION_NOISY,TRANSITION
5645.35,5645.35,5628.95,5628.95,0,0,0,1,0.9354745769047353,ASIA,1,1.6569858222472247,day_anchor_std,server_midnight,0,0,1,0,0,0,TRANSITION_NOISY,TRANSITION_NOISY,TRANSITION
5629.4,5632.35,5620.15,5623.35,0,0,0,1,0.9354745769047353,ASIA,1,1.6569858222472247,day_anchor_std,server_midnight,0,0,1,0,0,0,TRANSITION_NOISY,TRANSITION_NOISY,TRANSITION
5623.05,5626.2,5617.85,5619.85,0,0,0,1,0.9354745769047353,ASIA,1,1.6569858222472247,day_anchor_std,server_midnight,0,0,1,0,0,0,TRANSITION_NOISY,TRANSITION_NOISY,TRANSITION
5622.25,5625.7,5618.85,5621.75,0,0,0,1,0.9451724952535412,LONDON,1,2.18290304073439,day_anchor_std,server_midnight,0,0,1,0,0,0,UNCLASSIFIED,TRANSITION_UNCLASSIFIED,TRANSITION
5621.55,5626.3,5617.55,5617.9,0,0,0,1,0.9451724952535412,LONDON,1,2.18290304073439,day_anchor_std,server_midnight,0,0,1,0,0,0,UNCLASSIFIED,TRANSITION_UNCLASSIFIED,TRANSITION
5618.05,5622.55,5613.55,5615.85,0,0,0,1,0.9451724952535412,LONDON,1,2.18290304073439,day_anchor_std,server_midnight,0,0,1,0,0,0,UNCLASSIFIED,TRANSITION_UNCLASSIFIED,TRANSITION
5615.55,5619.45,5593.05,5602.55,0,0,0,1,0.9451724952535412,LONDON,1,2.18290304073439,day_anchor_std,server_midnight,0,0,1,0,0,0,UNCLASSIFIED,TRANSITION_UNCLASSIFIED,TRANSITION
5602.6,5602.6,5574.85,5583.55,0,0,0,1,0.9987174375789271,LONDON,2,3.70002452783911,day_anchor_std,server_midnight,0,0,1,0,0,0,UNCLASSIFIED,TRANSITION_UNCLASSIFIED,TRANSITION
5583.6,5583.6,5562.95,5565.35,0,0,0,1,0.9987174375789271,LONDON,2,3.70002452783911,day_anchor_std,server_midnight,0,0,1,0,0,0,UNCLASSIFIED,TRANSITION_UNCLASSIFIED,TRANSITION
5565.25,5579.5,5563.35,5575.6,0,0,0,1,0.9987174375789271,LONDON,2,3.70002452783911,day_anchor_std,server_midnight,0,0,1,0,0,0,UNCLASSIFIED,TRANSITION_UNCLASSIFIED,TRANSITION
5575.55,5581.65,5567.15,5567.95,0,0,0,1,0.9987174375789271,LONDON,2,3.70002452783911,day_anchor_std,server_midnight,0,0,1,0,0,0,UNCLASSIFIED,TRANSITION_UNCLASSIFIED,TRANSITION
5528.55,5546.15,5524.65,5538.2,0,0,0,1,0.9811824766306412,LONDON,1,1.3517704702732423,day_anchor_std,server_midnight,0,0,1,0,0,0,UNCLASSIFIED,TRANSITION_UNCLASSIFIED,TRANSITION
5538.35,5544.05,5513.4,5513.9,0,0,0,1,0.9811824766306412,LONDON,1,1.3517704702732423,day_anchor_std,server_midnight,0,0,1,0,0,0,UNCLASSIFIED,TRANSITION_UNCLASSIFIED,TRANSITION
5513.85,5515.4,5488.25,5489.3,0,0,0,1,0.9811824766306412,LONDON,1,1.3517704702732423,day_anchor_std,server_midnight,0,0,1,0,0,0,UNCLASSIFIED,TRANSITION_UNCLASSIFIED,TRANSITION
5489.05,5495.45,5483.9,5484.85,0,0,0,1,0.9811824766306412,LONDON,1,1.3517704702732423,day_anchor_std,server_midnight,0,0,1,0,0,0,UNCLASSIFIED,TRANSITION_UNCLASSIFIED,TRANSITION
5494.9,5499.25,5493.55,5497.75,0,0,0,0,0.804822349789533,ASIA,7,0.04908180300501715,day_anchor_std,server_midnight,1,0,0,0,0,0,BALANCE_LEAKING,BALANCE_LEAKING,BALANCE
5498.05,5499.65,5496.25,5498.6,0,0,0,0,0.804822349789533,ASIA,7,0.04908180300501715,day_anchor_std,server_midnight,1,0,0,0,0,0,BALANCE_LEAKING,BALANCE_LEAKING,BALANCE
5498.25,5498.55,5491.15,5493.6,0,0,0,0,0.804822349789533,ASIA,7,0.04908180300501715,day_anchor_std,server_midnight,1,0,0,0,0,0,BALANCE_LEAKING,BALANCE_LEAKING,BALANCE
5493.25,5497.75,5486.4,5494.6,0,0,0,0,0.804822349789533,ASIA,7,0.04908180300501715,day_anchor_std,server_midnight,1,0,0,0,0,0,BALANCE_LEAKING,BALANCE_LEAKING,BALANCE
5486.85,5490.2,5453.85,5454.1,0,0,0,1,0.9937376056314602,LONDON,5,2.092041936574831,day_anchor_std,server_midnight,0,0,1,0,0,0,UNCLASSIFIED,TRANSITION_UNCLASSIFIED,TRANSITION
5454.1,5458.65,5422.95,5429.75,0,0,0,1,0.9937376056314602,LONDON,5,2.092041936574831,day_anchor_std,server_midnight,0,0,1,0,0,0,UNCLASSIFIED,TRANSITION_UNCLASSIFIED,TRANSITION
5429.75,5462.7,5416.6,5422.1,0,0,0,1,0.9937376056314602,LONDON,5,2.092041936574831,day_anchor_std,server_midnight,0,0,1,0,0,0,UNCLASSIFIED,TRANSITION_UNCLASSIFIED,TRANSITION
5422.2,5433.8,5409.95,5412.75,0,0,0,1,0.9937376056314602,LONDON,5,2.092041936574831,day_anchor_std,server_midnight,0,0,1,0,0,0,UNCLASSIFIED,TRANSITION_UNCLASSIFIED,TRANSITION
5406.65,5408.25,5398.75,5404.65,0,0,0,2,0.868219279754121,NY_PM,3,0.12494929006085913,day_anchor_std,server_midnight,0,0,0,0,1,0,UNCLASSIFIED,TREND_UNCLASSIFIED,TREND
5404.85,5409.65,5404.85,5406.25,0,0,0,2,0.868219279754121,NY_PM,3,0.12494929006085913,day_anchor_std,server_midnight,0,0,0,0,1,0,UNCLASSIFIED,TREND_UNCLASSIFIED,TREND
5406.15,5413.35,5401.45,5411.45,0,0,0,2,0.868219279754121,NY_PM,3,0.12494929006085913,day_anchor_std,server_midnight,0,0,0,0,1,0,UNCLASSIFIED,TREND_UNCLASSIFIED,TREND
5411.25,5413.65,5408.65,5411.15,0,0,0,2,0.868219279754121,NY_PM,3,0.12494929006085913,day_anchor_std,server_midnight,0,0,0,0,1,0,UNCLASSIFIED,TREND_UNCLASSIFIED,TREND
5410.95,5420.5,5410.6,5420.3,0,0,0,2,0.8102380400156102,NY_PM,4,0.44398060867225414,day_anchor_std,server_midnight,0,0,0,0,1,0,TREND_FRAGILE,TREND_FRAGILE,TREND
5420.0,5422.15,5416.65,5417.95,0,0,0,2,0.8102380400156102,NY_PM,4,0.44398060867225414,day_anchor_std,server_midnight,0,0,0,0,1,0,TREND_FRAGILE,TREND_FRAGILE,TREND
5418.05,5424.95,5418.05,5423.45,0,0,0,2,0.8102380400156102,NY_PM,4,0.44398060867225414,day_anchor_std,server_midnight,0,0,0,0,1,0,TREND_FRAGILE,TREND_FRAGILE,TREND
5423.6,5426.05,5422.95,5423.8,0,0,0,2,0.8102380400156102,NY_PM,4,0.44398060867225414,day_anchor_std,server_midnight,0,0,0,0,1,0,TREND_FRAGILE,TREND_FRAGILE,TREND
5424.05,5426.55,5422.15,5422.5,0,0,0,2,0.6578359522784694,NY_PM,5,0.43220454236367534,day_anchor_std,server_midnight,0,0,0,0,1,0,TREND_FRAGILE,TREND_FRAGILE,TREND
5422.45,5424.95,5422.15,5424.45,0,0,0,2,0.6578359522784694,NY_PM,5,0.43220454236367534,day_anchor_std,server_midnight,0,0,0,0,1,0,TREND_FRAGILE,TREND_FRAGILE,TREND
5424.35,5425.45,5423.65,5424.95,0,0,0,2,0.6578359522784694,NY_PM,5,0.43220454236367534,day_anchor_std,server_midnight,0,0,0,0,1,0,TREND_FRAGILE,TREND_FRAGILE,TREND
5633.0,5639.05,5632.55,5638.35,0,0,0,2,0.759234233326918,NY,3,0.925882880678527,day_anchor_std,server_midnight,0,0,0,0,1,0,TREND_FRAGILE,TREND_FRAGILE,TREND
5638.3,5641.35,5634.85,5636.65,0,0,0,2,0.759234233326918,NY,3,0.925882880678527,day_anchor_std,server_midnight,0,0,0,0,1,0,TREND_FRAGILE,TREND_FRAGILE,TREND
5636.55,5640.75,5623.2,5624.65,0,0,0,2,0.759234233326918,NY,3,0.925882880678527,day_anchor_std,server_midnight,0,0,0,0,1,0,TREND_FRAGILE,TREND_FRAGILE,TREND
5624.65,5629.45,5621.8,5625.25,0,0,0,2,0.759234233326918,NY,3,0.925882880678527,day_anchor_std,server_midnight,0,0,0,0,1,0,TREND_FRAGILE,TREND_FRAGILE,TREND
5627.7,5631.75,5624.15,5625.25,0,0,0,2,0.5044150879160222,NY_PM,5,0.02802802802807886,day_anchor_std,server_midnight,0,0,0,0,1,0,TREND_FRAGILE,TREND_FRAGILE,TREND
5625.65,5628.95,5625.15,5628.45,0,0,0,2,0.5044150879160222,NY_PM,5,0.02802802802807886,day_anchor_std,server_midnight,0,0,0,0,1,0,TREND_FRAGILE,TREND_FRAGILE,TREND
5628.25,5634.8,5627.95,5634.15,0,0,0,2,0.7125741442748967,NY_PM,6,0.2503301838870298,day_anchor_std,server_midnight,0,0,0,0,1,0,TREND_FRAGILE,TREND_FRAGILE,TREND
5633.95,5636.15,5632.45,5635.35,0,0,0,2,0.7125741442748967,NY_PM,6,0.2503301838870298,day_anchor_std,server_midnight,0,0,0,0,1,0,TREND_FRAGILE,TREND_FRAGILE,TREND
5635.15,5635.65,5632.15,5632.65,0,0,0,2,0.7125741442748967,NY_PM,6,0.2503301838870298,day_anchor_std,server_midnight,0,0,0,0,1,0,TREND_FRAGILE,TREND_FRAGILE,TREND
5632.45,5635.25,5631.15,5632.45,0,0,0,2,0.7125741442748967,NY_PM,6,0.2503301838870298,day_anchor_std,server_midnight,0,0,0,0,1,0,TREND_FRAGILE,TREND_FRAGILE,TREND
5631.95,5632.95,5627.45,5630.15,0,0,0,2,0.7385980064974795,NY_PM,7,0.2702027870567308,day_anchor_std,server_midnight,0,0,0,0,1,0,UNCLASSIFIED,TREND_UNCLASSIFIED,TREND
5630.45,5633.95,5629.15,5633.65,0,0,0,2,0.7385980064974795,NY_PM,7,0.2702027870567308,day_anchor_std,server_midnight,0,0,0,0,1,0,UNCLASSIFIED,TREND_UNCLASSIFIED,TREND
5633.95,5634.95,5632.8,5633.45,0,0,0,2,0.7385980064974795,NY_PM,7,0.2702027870567308,day_anchor_std,server_midnight,0,0,0,0,1,0,UNCLASSIFIED,TREND_UNCLASSIFIED,TREND
5633.15,5633.65,5631.65,5633.25,0,0,0,2,0.7385980064974795,NY_PM,7,0.2702027870567308,day_anchor_std,server_midnight,0,0,0,0,1,0,UNCLASSIFIED,TREND_UNCLASSIFIED,TREND
5633.45,5635.15,5631.9,5634.45,0,0,0,2,0.6460925640062986,ASIA,8,0.05193199381757226,day_anchor_std,server_midnight,0,0,0,1,0,0,TREND_STRONG,TREND_STRONG,TREND
5634.45,5635.45,5633.45,5635.3,0,0,0,2,0.6460925640062986,ASIA,8,0.05193199381757226,day_anchor_std,server_midnight,0,0,0,1,0,0,TREND_STRONG,TREND_STRONG,TREND
5635.45,5635.6,5634.15,5635.45,0,0,0,2,0.6460925640062986,ASIA,8,0.05193199381757226,day_anchor_std,server_midnight,0,0,0,1,0,0,TREND_STRONG,TREND_STRONG,TREND
5635.35,5635.5,5634.45,5634.65,0,0,0,2,0.6460925640062986,ASIA,8,0.05193199381757226,day_anchor_std,server_midnight,0,0,0,1,0,0,TREND_STRONG,TREND_STRONG,TREND
5634.95,5635.15,5632.65,5633.15,0,0,0,2,0.30465096387358476,ASIA,9,0.34751773049649987,day_anchor_std,server_midnight,0,0,0,1,0,0,TREND_STRONG,TREND_STRONG,TREND
5632.95,5633.95,5631.55,5633.45,0,0,0,2,0.30465096387358476,ASIA,9,0.34751773049649987,day_anchor_std,server_midnight,0,0,0,1,0,0,TREND_STRONG,TREND_STRONG,TREND
5633.65,5633.65,5627.3,5627.65,0,0,0,2,0.30465096387358476,ASIA,9,0.34751773049649987,day_anchor_std,server_midnight,0,0,0,1,0,0,TREND_STRONG,TREND_STRONG,TREND
5627.75,5629.15,5627.15,5628.15,0,0,0,2,0.30465096387358476,ASIA,9,0.34751773049649987,day_anchor_std,server_midnight,0,0,0,1,0,0,TREND_STRONG,TREND_STRONG,TREND
5628.35,5630.15,5626.8,5628.0,0,0,0,2,0.23554156364539608,ASIA,10,0.3572700296736056,day_anchor_std,server_midnight,0,0,0,1,0,0,TREND_STRONG,TREND_STRONG,TREND
5627.95,5634.65,5627.65,5634.45,0,0,0,2,0.23554156364539608,ASIA,10,0.3572700296736056,day_anchor_std,server_midnight,0,0,0,1,0,0,TREND_STRONG,TREND_STRONG,TREND
5634.55,5638.65,5632.65,5637.15,0,0,0,2,0.23554156364539608,ASIA,10,0.3572700296736056,day_anchor_std,server_midnight,0,0,0,1,0,0,TREND_STRONG,TREND_STRONG,TREND
5637.35,5637.65,5634.95,5637.15,0,0,0,2,0.23554156364539608,ASIA,10,0.3572700296736056,day_anchor_std,server_midnight,0,0,0,1,0,0,TREND_STRONG,TREND_STRONG,TREND
5644.15,5650.25,5643.15,5649.75,0,0,0,1,0.7791398086595925,ASIA,2,1.1370990836196602,day_anchor_std,server_midnight,0,0,1,0,0,0,UNCLASSIFIED,TRANSITION_UNCLASSIFIED,TRANSITION
5649.75,5654.85,5649.25,5650.95,0,0,0,1,0.7791398086595925,ASIA,2,1.1370990836196602,day_anchor_std,server_midnight,0,0,1,0,0,0,UNCLASSIFIED,TRANSITION_UNCLASSIFIED,TRANSITION
5650.85,5655.3,5650.75,5652.55,0,0,0,1,0.7791398086595925,ASIA,2,1.1370990836196602,day_anchor_std,server_midnight,0,0,1,0,0,0,UNCLASSIFIED,TRANSITION_UNCLASSIFIED,TRANSITION
5652.85,5655.85,5652.55,5654.55,0,0,0,1,0.7791398086595925,ASIA,2,1.1370990836196602,day_anchor_std,server_midnight,0,0,1,0,0,0,UNCLASSIFIED,TRANSITION_UNCLASSIFIED,TRANSITION
5688.75,5691.95,5683.75,5684.45,0,0,0,2,0.9297954788701378,ASIA,3,0.7037647568143812,day_anchor_std,server_midnight,0,0,0,1,0,0,TREND_STRONG,TREND_STRONG,TREND
5684.35,5696.4,5680.9,5696.15,0,0,0,2,0.9297954788701378,ASIA,3,0.7037647568143812,day_anchor_std,server_midnight,0,0,0,1,0,0,TREND_STRONG,TREND_STRONG,TREND
5696.3,5699.35,5692.05,5696.05,0,0,0,2,0.9297954788701378,ASIA,3,0.7037647568143812,day_anchor_std,server_midnight,0,0,0,1,0,0,TREND_STRONG,TREND_STRONG,TREND
5695.85,5702.55,5695.85,5701.05,0,0,0,2,0.9297954788701378,ASIA,3,0.7037647568143812,day_anchor_std,server_midnight,0,0,0,1,0,0,TREND_STRONG,TREND_STRONG,TREND
5717.15,5718.45,5714.65,5716.3,0,0,0,2,0.8008834901568823,LONDON,5,0.8992750450055831,day_anchor_std,server_midnight,0,0,0,0,1,0,TREND_STRONG,TREND_STRONG,TREND
5716.15,5723.05,5715.55,5718.9,0,0,0,2,0.8008834901568823,LONDON,5,0.8992750450055831,day_anchor_std,server_midnight,0,0,0,0,1,0,TREND_STRONG,TREND_STRONG,TREND
5718.55,5720.2,5716.05,5716.95,0,0,0,2,0.8008834901568823,LONDON,5,0.8992750450055831,day_anchor_std,server_midnight,0,0,0,0,1,0,TREND_STRONG,TREND_STRONG,TREND
5719.2,5719.9,5712.45,5713.55,0,0,0,2,0.8008834901568823,LONDON,5,0.8992750450055831,day_anchor_std,server_midnight,0,0,0,0,1,0,TREND_STRONG,TREND_STRONG,TREND
5713.45,5723.45,5709.05,5722.8,0,0,0,2,0.758796955352098,LONDON,6,0.6794142060950998,day_anchor_std,server_midnight,0,0,0,0,1,0,TREND_STRONG,TREND_STRONG,TREND
5722.85,5723.25,5693.05,5708.2,0,0,0,2,0.758796955352098,LONDON,6,0.6794142060950998,day_anchor_std,server_midnight,0,0,0,0,1,0,TREND_STRONG,TREND_STRONG,TREND
5708.35,5726.65,5706.05,5726.35,0,0,0,2,0.758796955352098,LONDON,6,0.6794142060950998,day_anchor_std,server_midnight,0,0,0,0,1,0,TREND_STRONG,TREND_STRONG,TREND
5726.4,5731.8,5709.7,5711.95,0,0,0,2,0.758796955352098,LONDON,6,0.6794142060950998,day_anchor_std,server_midnight,0,0,0,0,1,0,TREND_STRONG,TREND_STRONG,TREND
5711.85,5724.15,5707.2,5721.55,0,0,0,2,0.7130487013525897,LONDON,7,1.1653610718719014,day_anchor_std,server_midnight,0,0,0,0,0,1,TREND_STRONG,TREND_STRONG,TREND
5721.65,5724.25,5712.85,5716.85,0,0,0,2,0.7130487013525897,LONDON,7,1.1653610718719014,day_anchor_std,server_midnight,0,0,0,0,0,1,TREND_STRONG,TREND_STRONG,TREND
5716.85,5731.35,5715.95,5730.05,0,0,0,2,0.7130487013525897,LONDON,7,1.1653610718719014,day_anchor_std,server_midnight,0,0,0,0,0,1,TREND_STRONG,TREND_STRONG,TREND
5730.35,5733.95,5725.45,5728.65,0,0,0,2,0.7130487013525897,LONDON,7,1.1653610718719014,day_anchor_std,server_midnight,0,0,0,0,0,1,TREND_STRONG,TREND_STRONG,TREND
5728.55,5734.6,5726.75,5732.25,0,0,0,2,0.944502184376007,NY,8,1.2167285769181528,day_anchor_std,server_midnight,0,0,0,0,0,1,TREND_STRONG,TREND_STRONG,TREND
5732.35,5742.65,5732.15,5738.75,0,0,0,2,0.944502184376007,NY,8,1.2167285769181528,day_anchor_std,server_midnight,0,0,0,0,0,1,TREND_STRONG,TREND_STRONG,TREND
5738.65,5740.95,5722.65,5733.55,0,0,0,2,0.944502184376007,NY,8,1.2167285769181528,day_anchor_std,server_midnight,0,0,0,0,0,1,TREND_STRONG,TREND_STRONG,TREND
5733.4,5735.75,5723.9,5732.55,0,0,0,2,0.944502184376007,NY,8,1.2167285769181528,day_anchor_std,server_midnight,0,0,0,0,0,1,TREND_STRONG,TREND_STRONG,TREND
5732.55,5734.65,5720.2,5724.9,0,0,0,2,0.9667791044842244,NY,9,0.7676451855711961,day_anchor_std,server_midnight,0,0,0,0,1,0,TREND_STRONG,TREND_STRONG,TREND
5725.1,5730.95,5717.55,5723.05,0,0,0,2,0.9667791044842244,NY,9,0.7676451855711961,day_anchor_std,server_midnight,0,0,0,0,1,0,TREND_STRONG,TREND_STRONG,TREND
5722.9,5723.75,5717.65,5721.05,0,0,0,2,0.9667791044842244,NY,9,0.7676451855711961,day_anchor_std,server_midnight,0,0,0,0,1,0,TREND_STRONG,TREND_STRONG,TREND
5720.95,5721.75,5719.25,5721.1,0,0,0,2,0.9667791044842244,NY,9,0.7676451855711961,day_anchor_std,server_midnight,0,0,0,0,1,0,TREND_STRONG,TREND_STRONG,TREND
5720.7,5722.45,5718.2,5720.85,0,0,0,2,0.8748485725827936,NY_PM,10,0.7308967012544701,day_anchor_std,server_midnight,0,0,0,0,1,0,TREND_STRONG,TREND_STRONG,TREND
5721.05,5721.45,5714.65,5717.95,0,0,0,2,0.8748485725827936,NY_PM,10,0.7308967012544701,day_anchor_std,server_midnight,0,0,0,0,1,0,TREND_STRONG,TREND_STRONG,TREND
5717.65,5718.65,5716.65,5718.15,0,0,0,2,0.7239491778279559,NY_PM,11,0.49449960902774404,day_anchor_std,server_midnight,0,0,0,0,1,0,TREND_STRONG,TREND_STRONG,TREND
5718.25,5720.45,5714.95,5715.95,0,0,0,2,0.7239491778279559,NY_PM,11,0.49449960902774404,day_anchor_std,server_midnight,0,0,0,0,1,0,TREND_STRONG,TREND_STRONG,TREND
5715.65,5717.0,5710.35,5713.45,0,0,0,2,0.7239491778279559,NY_PM,11,0.49449960902774404,day_anchor_std,server_midnight,0,0,0,0,1,0,TREND_STRONG,TREND_STRONG,TREND
5713.45,5713.45,5711.15,5711.75,0,0,0,2,0.7239491778279559,NY_PM,11,0.49449960902774404,day_anchor_std,server_midnight,0,0,0,0,1,0,TREND_STRONG,TREND_STRONG,TREND
5711.5,5713.85,5711.5,5711.95,0,0,0,2,0.8795566463192717,NY_PM,12,0.486865587840178,day_anchor_std,server_midnight,0,0,0,0,1,0,UNCLASSIFIED,TREND_UNCLASSIFIED,TREND
5712.05,5717.15,5711.75,5716.2,0,0,0,2,0.8795566463192717,NY_PM,12,0.486865587840178,day_anchor_std,server_midnight,0,0,0,0,1,0,UNCLASSIFIED,TREND_UNCLASSIFIED,TREND
5715.95,5718.5,5712.65,5713.45,0,0,0,2,0.8795566463192717,NY_PM,12,0.486865587840178,day_anchor_std,server_midnight,0,0,0,0,1,0,UNCLASSIFIED,TREND_UNCLASSIFIED,TREND
5713.65,5714.95,5711.15,5711.95,0,0,0,2,0.8795566463192717,NY_PM,12,0.486865587840178,day_anchor_std,server_midnight,0,0,0,0,1,0,UNCLASSIFIED,TREND_UNCLASSIFIED,TREND
5712.15,5714.3,5710.95,5714.15,0,0,0,2,0.37945712505989504,ASIA,12,0.10717163577757788,day_anchor_std,server_midnight,0,0,0,1,0,0,TREND_STRONG,TREND_STRONG,TREND
5714.3,5717.3,5713.75,5716.65,0,0,0,2,0.37945712505989504,ASIA,12,0.10717163577757788,day_anchor_std,server_midnight,0,0,0,1,0,0,TREND_STRONG,TREND_STRONG,TREND
5716.95,5717.45,5715.3,5717.05,0,0,0,2,0.37945712505989504,ASIA,12,0.10717163577757788,day_anchor_std,server_midnight,0,0,0,1,0,0,TREND_STRONG,TREND_STRONG,TREND
5717.35,5718.65,5717.35,5717.65,0,0,0,2,0.37945712505989504,ASIA,12,0.10717163577757788,day_anchor_std,server_midnight,0,0,0,1,0,0,TREND_STRONG,TREND_STRONG,TREND
5733.65,5735.75,5728.05,5728.95,0,0,0,1,0.996575030589207,ASIA,1,1.0671785028791132,day_anchor_std,server_midnight,0,0,1,0,0,0,UNCLASSIFIED,TRANSITION_UNCLASSIFIED,TRANSITION
5729.3,5738.25,5727.35,5737.85,0,0,0,1,0.996575030589207,ASIA,1,1.0671785028791132,day_anchor_std,server_midnight,0,0,1,0,0,0,UNCLASSIFIED,TRANSITION_UNCLASSIFIED,TRANSITION
5737.75,5742.25,5734.85,5742.05,0,0,0,1,0.996575030589207,ASIA,1,1.0671785028791132,day_anchor_std,server_midnight,0,0,1,0,0,0,UNCLASSIFIED,TRANSITION_UNCLASSIFIED,TRANSITION
5742.25,5742.25,5737.75,5740.75,0,0,0,1,0.996575030589207,ASIA,1,1.0671785028791132,day_anchor_std,server_midnight,0,0,1,0,0,0,UNCLASSIFIED,TRANSITION_UNCLASSIFIED,TRANSITION
5730.3,5731.55,5718.95,5728.25,0,0,0,0,0.9866905242417081,LONDON,2,0.27868695568950325,day_anchor_std,server_midnight,1,0,0,0,0,0,UNCLASSIFIED,BALANCE_UNCLASSIFIED,BALANCE
5727.95,5734.25,5727.75,5729.75,0,0,0,0,0.9866905242417081,LONDON,2,0.27868695568950325,day_anchor_std,server_midnight,1,0,0,0,0,0,UNCLASSIFIED,BALANCE_UNCLASSIFIED,BALANCE
5729.85,5733.55,5727.75,5730.05,0,0,0,0,0.9866905242417081,LONDON,2,0.27868695568950325,day_anchor_std,server_midnight,1,0,0,0,0,0,UNCLASSIFIED,BALANCE_UNCLASSIFIED,BALANCE
5729.9,5732.05,5726.1,5731.25,0,0,0,0,0.9866905242417081,LONDON,2,0.27868695568950325,day_anchor_std,server_midnight,1,0,0,0,0,0,UNCLASSIFIED,BALANCE_UNCLASSIFIED,BALANCE
5731.05,5736.9,5731.05,5733.55,0,0,0,0,0.9778685560780539,LONDON,3,0.2598621877691984,day_anchor_std,server_midnight,1,0,0,0,0,0,UNCLASSIFIED,BALANCE_UNCLASSIFIED,BALANCE
5733.9,5734.4,5720.9,5721.85,0,0,0,0,0.9778685560780539,LONDON,3,0.2598621877691984,day_anchor_std,server_midnight,1,0,0,0,0,0,UNCLASSIFIED,BALANCE_UNCLASSIFIED,BALANCE
5721.9,5721.9,5705.7,5711.05,0,0,0,0,0.9778685560780539,LONDON,3,0.2598621877691984,day_anchor_std,server_midnight,1,0,0,0,0,0,UNCLASSIFIED,BALANCE_UNCLASSIFIED,BALANCE
5710.95,5725.35,5704.3,5723.45,0,0,0,0,0.9778685560780539,LONDON,3,0.2598621877691984,day_anchor_std,server_midnight,1,0,0,0,0,0,UNCLASSIFIED,BALANCE_UNCLASSIFIED,BALANCE
5710.05,5710.75,5705.45,5709.05,0,0,0,2,0.46570550220727147,ASIA,4,0.11849871923378817,day_anchor_std,server_midnight,0,0,0,1,0,0,TREND_STRONG,TREND_STRONG,TREND
5709.25,5714.25,5709.25,5712.95,0,0,0,2,0.46570550220727147,ASIA,4,0.11849871923378817,day_anchor_std,server_midnight,0,0,0,1,0,0,TREND_STRONG,TREND_STRONG,TREND
5713.2,5713.75,5708.75,5708.75,0,0,0,2,0.46570550220727147,ASIA,4,0.11849871923378817,day_anchor_std,server_midnight,0,0,0,1,0,0,TREND_STRONG,TREND_STRONG,TREND
5708.65,5708.75,5699.55,5703.1,0,0,0,2,0.46570550220727147,ASIA,4,0.11849871923378817,day_anchor_std,server_midnight,0,0,0,1,0,0,TREND_STRONG,TREND_STRONG,TREND
5702.75,5705.25,5694.95,5698.25,0,0,0,2,0.5059395664330475,ASIA,5,0.190821654300669,day_anchor_std,server_midnight,0,0,0,1,0,0,TREND_STRONG,TREND_STRONG,TREND
5698.15,5701.2,5691.9,5700.75,0,0,0,2,0.5059395664330475,ASIA,5,0.190821654300669,day_anchor_std,server_midnight,0,0,0,1,0,0,TREND_STRONG,TREND_STRONG,TREND
5701.05,5701.75,5694.05,5698.25,0,0,0,2,0.5059395664330475,ASIA,5,0.190821654300669,day_anchor_std,server_midnight,0,0,0,1,0,0,TREND_STRONG,TREND_STRONG,TREND
5698.45,5703.35,5695.1,5699.65,0,0,0,2,0.5059395664330475,ASIA,5,0.190821654300669,day_anchor_std,server_midnight,0,0,0,1,0,0,TREND_STRONG,TREND_STRONG,TREND
5700.15,5704.85,5695.4,5702.55,0,0,0,2,0.6216697308025767,ASIA,6,0.014255091103962971,day_anchor_std,server_midnight,0,0,0,1,0,0,TREND_STRONG,TREND_STRONG,TREND
5702.65,5710.05,5702.55,5705.55,0,0,0,2,0.6216697308025767,ASIA,6,0.014255091103962971,day_anchor_std,server_midnight,0,0,0,1,0,0,TREND_STRONG,TREND_STRONG,TREND
5705.25,5707.95,5701.25,5706.85,0,0,0,2,0.6216697308025767,ASIA,6,0.014255091103962971,day_anchor_std,server_midnight,0,0,0,1,0,0,TREND_STRONG,TREND_STRONG,TREND
5706.65,5709.75,5703.05,5703.25,0,0,0,2,0.6216697308025767,ASIA,6,0.014255091103962971,day_anchor_std,server_midnight,0,0,0,1,0,0,TREND_STRONG,TREND_STRONG,TREND
5703.5,5703.75,5694.15,5697.75,0,0,0,2,0.4375284438010744,ASIA,7,0.03835566635500072,day_anchor_std,server_midnight,0,0,0,1,0,0,TREND_STRONG,TREND_STRONG,TREND
5697.95,5700.25,5691.25,5695.3,0,0,0,2,0.4375284438010744,ASIA,7,0.03835566635500072,day_anchor_std,server_midnight,0,0,0,1,0,0,TREND_STRONG,TREND_STRONG,TREND
5695.1,5699.05,5688.75,5698.65,0,0,0,2,0.4375284438010744,ASIA,7,0.03835566635500072,day_anchor_std,server_midnight,0,0,0,1,0,0,TREND_STRONG,TREND_STRONG,TREND
5698.5,5706.75,5698.35,5704.15,0,0,0,2,0.4375284438010744,ASIA,7,0.03835566635500072,day_anchor_std,server_midnight,0,0,0,1,0,0,TREND_STRONG,TREND_STRONG,TREND
5704.65,5704.9,5695.8,5704.05,0,0,0,2,0.6429869111801423,LONDON,8,0.09015971148891011,day_anchor_std,server_midnight,0,0,0,0,1,0,TREND_STRONG,TREND_STRONG,TREND
5704.05,5705.75,5696.15,5696.65,0,0,0,2,0.6429869111801423,LONDON,8,0.09015971148891011,day_anchor_std,server_midnight,0,0,0,0,1,0,TREND_STRONG,TREND_STRONG,TREND
5696.75,5705.7,5695.05,5695.45,0,0,0,2,0.6429869111801423,LONDON,8,0.09015971148891011,day_anchor_std,server_midnight,0,0,0,0,1,0,TREND_STRONG,TREND_STRONG,TREND
5695.7,5710.75,5695.05,5705.25,0,0,0,2,0.6429869111801423,LONDON,8,0.09015971148891011,day_anchor_std,server_midnight,0,0,0,0,1,0,TREND_STRONG,TREND_STRONG,TREND
5715.0,5721.95,5713.55,5720.55,0,0,0,1,0.9687627688491133,LONDON,1,2.1551900170163973,day_anchor_std,server_midnight,0,0,1,0,0,0,UNCLASSIFIED,TRANSITION_UNCLASSIFIED,TRANSITION
5720.85,5722.35,5717.35,5719.35,0,0,0,1,0.9687627688491133,LONDON,1,2.1551900170163973,day_anchor_std,server_midnight,0,0,1,0,0,0,UNCLASSIFIED,TRANSITION_UNCLASSIFIED,TRANSITION
5719.05,5724.25,5716.35,5723.95,0,0,0,1,0.9687627688491133,LONDON,1,2.1551900170163973,day_anchor_std,server_midnight,0,0,1,0,0,0,UNCLASSIFIED,TRANSITION_UNCLASSIFIED,TRANSITION
5722.85,5754.15,5721.35,5753.25,0,0,0,1,0.9687627688491133,LONDON,1,2.1551900170163973,day_anchor_std,server_midnight,0,0,1,0,0,0,UNCLASSIFIED,TRANSITION_UNCLASSIFIED,TRANSITION
5760.95,5764.0,5759.05,5760.35,0,0,0,2,0.41352439580981853,NY_PM,3,0.21778886118038857,day_anchor_std,server_midnight,0,0,0,0,1,0,TREND_FRAGILE,TREND_FRAGILE,TREND
5760.05,5760.95,5758.15,5758.65,0,0,0,2,0.41352439580981853,NY_PM,3,0.21778886118038857,day_anchor_std,server_midnight,0,0,0,0,1,0,TREND_FRAGILE,TREND_FRAGILE,TREND
5758.3,5759.65,5752.15,5752.65,0,0,0,2,0.41352439580981853,NY_PM,3,0.21778886118038857,day_anchor_std,server_midnight,0,0,0,0,1,0,TREND_FRAGILE,TREND_FRAGILE,TREND
5752.85,5755.0,5751.95,5754.15,0,0,0,2,0.41352439580981853,NY_PM,3,0.21778886118038857,day_anchor_std,server_midnight,0,0,0,0,1,0,TREND_FRAGILE,TREND_FRAGILE,TREND
5785.25,5786.75,5782.15,5783.45,0,0,0,1,0.9973545570920607,LONDON,1,1.7323827071484688,day_anchor_std,server_midnight,0,0,1,0,0,0,UNCLASSIFIED,TRANSITION_UNCLASSIFIED,TRANSITION
5783.85,5798.7,5782.45,5797.35,0,0,0,1,0.9973545570920607,LONDON,1,1.7323827071484688,day_anchor_std,server_midnight,0,0,1,0,0,0,UNCLASSIFIED,TRANSITION_UNCLASSIFIED,TRANSITION
5797.55,5825.65,5792.95,5822.65,0,0,0,1,0.9973545570920607,LONDON,1,1.7323827071484688,day_anchor_std,server_midnight,0,0,1,0,0,0,UNCLASSIFIED,TRANSITION_UNCLASSIFIED,TRANSITION
5822.2,5824.45,5811.1,5815.05,0,0,0,1,0.9973545570920607,LONDON,1,1.7323827071484688,day_anchor_std,server_midnight,0,0,1,0,0,0,UNCLASSIFIED,TRANSITION_UNCLASSIFIED,TRANSITION
5828.75,5829.45,5827.45,5829.45,0,0,0,2,0.9902724747679058,ASIA,6,0.04707464694014858,day_anchor_std,server_midnight,0,0,0,1,0,0,TREND_STRONG,TREND_STRONG,TREND
5829.65,5830.95,5828.25,5830.25,0,0,0,2,0.9902724747679058,ASIA,6,0.04707464694014858,day_anchor_std,server_midnight,0,0,0,1,0,0,TREND_STRONG,TREND_STRONG,TREND
5830.45,5830.95,5828.75,5829.25,0,0,0,2,0.9902724747679058,ASIA,6,0.04707464694014858,day_anchor_std,server_midnight,0,0,0,1,0,0,TREND_STRONG,TREND_STRONG,TREND
5828.95,5830.45,5828.95,5829.95,0,0,0,2,0.9902724747679058,ASIA,6,0.04707464694014858,day_anchor_std,server_midnight,0,0,0,1,0,0,TREND_STRONG,TREND_STRONG,TREND
5830.25,5830.25,5826.95,5829.95,0,0,0,2,0.9712673271762201,ASIA,7,0.19733874605328472,day_anchor_std,server_midnight,0,0,0,1,0,0,TREND_STRONG,TREND_STRONG,TREND
5829.8,5829.95,5827.25,5829.2,0,0,0,2,0.9712673271762201,ASIA,7,0.19733874605328472,day_anchor_std,server_midnight,0,0,0,1,0,0,TREND_STRONG,TREND_STRONG,TREND
5828.95,5828.95,5824.45,5826.25,0,0,0,2,0.9712673271762201,ASIA,7,0.19733874605328472,day_anchor_std,server_midnight,0,0,0,1,0,0,TREND_STRONG,TREND_STRONG,TREND
5826.1,5829.2,5825.85,5826.25,0,0,0,2,0.9712673271762201,ASIA,7,0.19733874605328472,day_anchor_std,server_midnight,0,0,0,1,0,0,TREND_STRONG,TREND_STRONG,TREND
5826.45,5827.25,5817.95,5822.95,0,0,0,2,0.8894298303487572,ASIA,8,0.20914191772987809,day_anchor_std,server_midnight,0,0,0,1,0,0,TREND_STRONG,TREND_STRONG,TREND
5823.25,5828.25,5822.8,5827.75,0,0,0,2,0.8894298303487572,ASIA,8,0.20914191772987809,day_anchor_std,server_midnight,0,0,0,1,0,0,TREND_STRONG,TREND_STRONG,TREND
5827.95,5828.45,5821.6,5825.75,0,0,0,2,0.8894298303487572,ASIA,8,0.20914191772987809,day_anchor_std,server_midnight,0,0,0,1,0,0,TREND_STRONG,TREND_STRONG,TREND
5825.85,5826.45,5822.8,5824.75,0,0,0,2,0.8894298303487572,ASIA,8,0.20914191772987809,day_anchor_std,server_midnight,0,0,0,1,0,0,TREND_STRONG,TREND_STRONG,TREND
5856.25,5858.25,5854.65,5857.15,0,0,0,1,0.9995111345238153,ASIA,2,1.951859956236229,day_anchor_std,server_midnight,0,0,1,0,0,0,UNCLASSIFIED,TRANSITION_UNCLASSIFIED,TRANSITION
5857.05,5862.95,5857.05,5861.45,0,0,0,1,0.9995111345238153,ASIA,2,1.951859956236229,day_anchor_std,server_midnight,0,0,1,0,0,0,UNCLASSIFIED,TRANSITION_UNCLASSIFIED,TRANSITION
5861.25,5867.95,5860.65,5867.95,0,0,0,1,0.9995111345238153,ASIA,2,1.951859956236229,day_anchor_std,server_midnight,0,0,1,0,0,0,UNCLASSIFIED,TRANSITION_UNCLASSIFIED,TRANSITION
5868.15,5871.9,5867.05,5871.45,0,0,0,1,0.9995111345238153,ASIA,2,1.951859956236229,day_anchor_std,server_midnight,0,0,1,0,0,0,UNCLASSIFIED,TRANSITION_UNCLASSIFIED,TRANSITION
5871.65,5873.95,5870.65,5871.95,0,0,0,1,0.9983883281638014,ASIA,3,2.093189964157645,day_anchor_std,server_midnight,0,0,1,0,0,0,UNCLASSIFIED,TRANSITION_UNCLASSIFIED,TRANSITION
5871.65,5875.15,5868.95,5874.1,0,0,0,1,0.9983883281638014,ASIA,3,2.093189964157645,day_anchor_std,server_midnight,0,0,1,0,0,0,UNCLASSIFIED,TRANSITION_UNCLASSIFIED,TRANSITION
5873.95,5875.8,5873.35,5874.65,0,0,0,1,0.9983883281638014,ASIA,3,2.093189964157645,day_anchor_std,server_midnight,0,0,1,0,0,0,UNCLASSIFIED,TRANSITION_UNCLASSIFIED,TRANSITION
5874.7,5877.55,5872.15,5877.05,0,0,0,1,0.9983883281638014,ASIA,3,2.093189964157645,day_anchor_std,server_midnight,0,0,1,0,0,0,UNCLASSIFIED,TRANSITION_UNCLASSIFIED,TRANSITION
5850.05,5851.45,5849.15,5850.65,0,0,0,0,0.8927243395334694,ASIA,4,0.013732221677280203,day_anchor_std,server_midnight,1,0,0,0,0,0,UNCLASSIFIED,BALANCE_UNCLASSIFIED,BALANCE
5850.55,5850.95,5846.45,5848.1,0,0,0,0,0.8927243395334694,ASIA,4,0.013732221677280203,day_anchor_std,server_midnight,1,0,0,0,0,0,UNCLASSIFIED,BALANCE_UNCLASSIFIED,BALANCE
5847.95,5849.65,5847.15,5848.45,0,0,0,0,0.8927243395334694,ASIA,4,0.013732221677280203,day_anchor_std,server_midnight,1,0,0,0,0,0,UNCLASSIFIED,BALANCE_UNCLASSIFIED,BALANCE
5848.55,5850.15,5848.45,5849.25,0,0,0,0,0.8927243395334694,ASIA,4,0.013732221677280203,day_anchor_std,server_midnight,1,0,0,0,0,0,UNCLASSIFIED,BALANCE_UNCLASSIFIED,BALANCE
5879.85,5881.4,5879.65,5880.35,0,0,0,2,0.7292950227593218,NY_PM,3,0.023651403938029,day_anchor_std,server_midnight,0,0,0,0,1,0,TREND_STRONG,TREND_STRONG,TREND
5880.55,5880.75,5877.65,5879.55,0,0,0,2,0.7292950227593218,NY_PM,3,0.023651403938029,day_anchor_std,server_midnight,0,0,0,0,1,0,TREND_STRONG,TREND_STRONG,TREND
5879.65,5879.75,5876.65,5877.55,0,0,0,2,0.7292950227593218,NY_PM,3,0.023651403938029,day_anchor_std,server_midnight,0,0,0,0,1,0,TREND_STRONG,TREND_STRONG,TREND
5877.4,5879.85,5877.35,5878.75,0,0,0,2,0.7292950227593218,NY_PM,3,0.023651403938029,day_anchor_std,server_midnight,0,0,0,0,1,0,TREND_STRONG,TREND_STRONG,TREND
5878.65,5879.65,5877.85,5878.85,0,0,0,2,0.6315796377609071,NY_PM,4,0.2926292629263593,day_anchor_std,server_midnight,0,0,0,0,1,0,TREND_STRONG,TREND_STRONG,TREND
5878.65,5880.5,5877.75,5877.85,0,0,0,2,0.6315796377609071,NY_PM,4,0.2926292629263593,day_anchor_std,server_midnight,0,0,0,0,1,0,TREND_STRONG,TREND_STRONG,TREND
5878.1,5878.5,5876.0,5877.75,0,0,0,2,0.6315796377609071,NY_PM,4,0.2926292629263593,day_anchor_std,server_midnight,0,0,0,0,1,0,TREND_STRONG,TREND_STRONG,TREND
5877.85,5877.85,5874.85,5875.45,0,0,0,2,0.6315796377609071,NY_PM,4,0.2926292629263593,day_anchor_std,server_midnight,0,0,0,0,1,0,TREND_STRONG,TREND_STRONG,TREND
5875.65,5876.15,5874.25,5875.65,0,0,0,2,0.03691366608702801,ASIA,5,0.15353226217792723,day_anchor_std,server_midnight,0,0,0,1,0,0,TREND_STRONG,TREND_STRONG,TREND
5875.65,5876.65,5873.65,5874.2,0,0,0,2,0.03691366608702801,ASIA,5,0.15353226217792723,day_anchor_std,server_midnight,0,0,0,1,0,0,TREND_STRONG,TREND_STRONG,TREND
5873.95,5874.35,5873.15,5873.85,0,0,0,2,0.03691366608702801,ASIA,5,0.15353226217792723,day_anchor_std,server_midnight,0,0,0,1,0,0,TREND_STRONG,TREND_STRONG,TREND
5873.95,5874.15,5871.35,5871.85,0,0,0,2,0.03691366608702801,ASIA,5,0.15353226217792723,day_anchor_std,server_midnight,0,0,0,1,0,0,TREND_STRONG,TREND_STRONG,TREND
5819.15,5819.15,5816.15,5817.75,0,0,0,2,0.9771679950756778,NY_PM,7,0.9880952380951429,day_anchor_std,server_midnight,0,0,0,0,1,1,TREND_STRONG,TREND_STRONG,TREND
5817.45,5819.15,5816.65,5817.25,0,0,0,2,0.9771679950756778,NY_PM,7,0.9880952380951429,day_anchor_std,server_midnight,0,0,0,0,1,1,TREND_STRONG,TREND_STRONG,TREND
5816.95,5818.15,5814.15,5817.0,0,0,0,2,0.9771679950756778,NY_PM,7,0.9880952380951429,day_anchor_std,server_midnight,0,0,0,0,1,1,TREND_STRONG,TREND_STRONG,TREND
5816.65,5820.45,5816.45,5819.15,0,0,0,2,0.9771679950756778,NY_PM,7,0.9880952380951429,day_anchor_std,server_midnight,0,0,0,0,1,1,TREND_STRONG,TREND_STRONG,TREND
5819.25,5821.65,5818.15,5821.45,0,0,0,2,0.8380630037068786,ASIA,8,0.07547169811313817,day_anchor_std,server_midnight,0,0,0,1,0,0,TREND_STRONG,TREND_STRONG,TREND
5821.6,5821.6,5816.65,5816.95,0,0,0,2,0.8380630037068786,ASIA,8,0.07547169811313817,day_anchor_std,server_midnight,0,0,0,1,0,0,TREND_STRONG,TREND_STRONG,TREND
5816.75,5817.65,5815.45,5816.95,0,0,0,2,0.8380630037068786,ASIA,8,0.07547169811313817,day_anchor_std,server_midnight,0,0,0,1,0,0,TREND_STRONG,TREND_STRONG,TREND
5817.05,5817.15,5814.65,5816.65,0,0,0,2,0.8380630037068786,ASIA,8,0.07547169811313817,day_anchor_std,server_midnight,0,0,0,1,0,0,TREND_STRONG,TREND_STRONG,TREND
5816.95,5817.45,5814.45,5814.65,0,0,0,2,0.7838890970189553,ASIA,9,0.05627009646295389,day_anchor_std,server_midnight,0,0,0,1,0,0,TREND_STRONG,TREND_STRONG,TREND
5814.65,5817.45,5814.15,5816.65,0,0,0,2,0.7838890970189553,ASIA,9,0.05627009646295389,day_anchor_std,server_midnight,0,0,0,1,0,0,TREND_STRONG,TREND_STRONG,TREND
5816.45,5820.65,5816.45,5819.15,0,0,0,2,0.7838890970189553,ASIA,9,0.05627009646295389,day_anchor_std,server_midnight,0,0,0,1,0,0,TREND_STRONG,TREND_STRONG,TREND
5819.05,5821.45,5816.65,5816.85,0,0,0,2,0.7838890970189553,ASIA,9,0.05627009646295389,day_anchor_std,server_midnight,0,0,0,1,0,0,TREND_STRONG,TREND_STRONG,TREND
5830.1,5830.15,5826.45,5829.65,0,0,0,1,0.578013814199932,LONDON,6,1.4520093126835558,day_anchor_std,server_midnight,0,0,1,0,0,0,UNCLASSIFIED,TRANSITION_UNCLASSIFIED,TRANSITION
5829.5,5835.55,5829.45,5832.75,0,0,0,1,0.578013814199932,LONDON,6,1.4520093126835558,day_anchor_std,server_midnight,0,0,1,0,0,0,UNCLASSIFIED,TRANSITION_UNCLASSIFIED,TRANSITION
5832.65,5837.15,5832.45,5834.65,0,0,0,1,0.578013814199932,LONDON,6,1.4520093126835558,day_anchor_std,server_midnight,0,0,1,0,0,0,UNCLASSIFIED,TRANSITION_UNCLASSIFIED,TRANSITION
5834.35,5840.15,5833.15,5839.6,0,0,0,1,0.578013814199932,LONDON,6,1.4520093126835558,day_anchor_std,server_midnight,0,0,1,0,0,0,UNCLASSIFIED,TRANSITION_UNCLASSIFIED,TRANSITION
5833.15,5840.9,5832.7,5839.4,0,0,0,0,0.9695092746128209,NY_PM,2,0.04226492894485294,day_anchor_std,server_midnight,1,0,0,0,0,0,BALANCE_LEAKING,BALANCE_LEAKING,BALANCE
5839.75,5843.95,5836.75,5837.3,0,0,0,0,0.9695092746128209,NY_PM,2,0.04226492894485294,day_anchor_std,server_midnight,1,0,0,0,0,0,BALANCE_LEAKING,BALANCE_LEAKING,BALANCE
5837.15,5843.2,5836.68,5840.65,0,0,0,0,0.8423840013885631,NY_PM,3,0.05552988293285597,day_anchor_std,server_midnight,1,0,0,0,0,0,UNCLASSIFIED,BALANCE_UNCLASSIFIED,BALANCE
5840.75,5841.6,5838.0,5838.5,0,0,0,0,0.8423840013885631,NY_PM,3,0.05552988293285597,day_anchor_std,server_midnight,1,0,0,0,0,0,UNCLASSIFIED,BALANCE_UNCLASSIFIED,BALANCE
5838.45,5840.5,5836.45,5836.5,0,0,0,0,0.8423840013885631,NY_PM,3,0.05552988293285597,day_anchor_std,server_midnight,1,0,0,0,0,0,UNCLASSIFIED,BALANCE_UNCLASSIFIED,BALANCE
5836.45,5839.6,5836.25,5839.15,0,0,0,0,0.8423840013885631,NY_PM,3,0.05552988293285597,day_anchor_std,server_midnight,1,0,0,0,0,0,UNCLASSIFIED,BALANCE_UNCLASSIFIED,BALANCE
5844.3,5852.15,5843.95,5845.5,0,0,0,1,0.7582973473555517,NY,4,1.3296039094649066,day_anchor_std,server_midnight,0,0,1,0,0,0,UNCLASSIFIED,TRANSITION_UNCLASSIFIED,TRANSITION
5845.75,5847.15,5840.4,5845.15,0,0,0,1,0.7582973473555517,NY,4,1.3296039094649066,day_anchor_std,server_midnight,0,0,1,0,0,0,UNCLASSIFIED,TRANSITION_UNCLASSIFIED,TRANSITION
5845.05,5849.15,5842.45,5849.15,0,0,0,1,0.7582973473555517,NY,4,1.3296039094649066,day_anchor_std,server_midnight,0,0,1,0,0,0,UNCLASSIFIED,TRANSITION_UNCLASSIFIED,TRANSITION
5849.35,5854.35,5848.65,5849.95,0,0,0,1,0.7582973473555517,NY,4,1.3296039094649066,day_anchor_std,server_midnight,0,0,1,0,0,0,UNCLASSIFIED,TRANSITION_UNCLASSIFIED,TRANSITION
5803.55,5804.35,5800.15,5801.25,0,0,0,2,0.9735936769022455,ASIA,5,0.11434405308833658,day_anchor_std,server_midnight,0,0,0,1,0,0,TREND_STRONG,TREND_STRONG,TREND
5801.55,5802.85,5800.05,5800.85,0,0,0,2,0.9735936769022455,ASIA,5,0.11434405308833658,day_anchor_std,server_midnight,0,0,0,1,0,0,TREND_STRONG,TREND_STRONG,TREND
5800.65,5801.05,5798.35,5799.0,0,0,0,2,0.9735936769022455,ASIA,5,0.11434405308833658,day_anchor_std,server_midnight,0,0,0,1,0,0,TREND_STRONG,TREND_STRONG,TREND
5799.35,5800.35,5797.85,5798.7,0,0,0,2,0.9735936769022455,ASIA,5,0.11434405308833658,day_anchor_std,server_midnight,0,0,0,1,0,0,TREND_STRONG,TREND_STRONG,TREND
5798.85,5799.05,5796.35,5797.35,0,0,0,2,0.985243294364516,ASIA,6,0.6498704771454755,day_anchor_std,server_midnight,0,0,0,1,0,0,TREND_STRONG,TREND_STRONG,TREND
5797.5,5798.55,5795.55,5795.85,0,0,0,2,0.985243294364516,ASIA,6,0.6498704771454755,day_anchor_std,server_midnight,0,0,0,1,0,0,TREND_STRONG,TREND_STRONG,TREND
5796.05,5796.85,5793.65,5793.85,0,0,0,2,0.985243294364516,ASIA,6,0.6498704771454755,day_anchor_std,server_midnight,0,0,0,1,0,0,TREND_STRONG,TREND_STRONG,TREND
5794.15,5794.15,5787.05,5787.35,0,0,0,2,0.985243294364516,ASIA,6,0.6498704771454755,day_anchor_std,server_midnight,0,0,0,1,0,0,TREND_STRONG,TREND_STRONG,TREND
5787.05,5787.35,5779.35,5782.35,0,0,0,2,0.9909439924916432,ASIA,7,1.0069393419871024,day_anchor_std,server_midnight,0,0,0,0,0,1,TREND_STRONG,TREND_STRONG,TREND
5782.05,5786.35,5779.35,5780.35,0,0,0,2,0.9909439924916432,ASIA,7,1.0069393419871024,day_anchor_std,server_midnight,0,0,0,0,0,1,TREND_STRONG,TREND_STRONG,TREND
5780.15,5781.65,5775.45,5777.25,0,0,0,2,0.9909439924916432,ASIA,7,1.0069393419871024,day_anchor_std,server_midnight,0,0,0,0,0,1,TREND_STRONG,TREND_STRONG,TREND
5777.65,5781.35,5774.15,5778.25,0,0,0,2,0.9909439924916432,ASIA,7,1.0069393419871024,day_anchor_std,server_midnight,0,0,0,0,0,1,TREND_STRONG,TREND_STRONG,TREND
5778.2,5778.65,5774.65,5775.9,0,0,0,2,0.9958717894358796,ASIA,8,0.6404720782959527,day_anchor_std,server_midnight,0,0,0,1,0,0,UNCLASSIFIED,TREND_UNCLASSIFIED,TREND
5776.1,5780.0,5774.85,5779.75,0,0,0,2,0.9958717894358796,ASIA,8,0.6404720782959527,day_anchor_std,server_midnight,0,0,0,1,0,0,UNCLASSIFIED,TREND_UNCLASSIFIED,TREND
5779.75,5780.85,5775.85,5779.85,0,0,0,2,0.9958717894358796,ASIA,8,0.6404720782959527,day_anchor_std,server_midnight,0,0,0,1,0,0,UNCLASSIFIED,TREND_UNCLASSIFIED,TREND
5780.15,5782.65,5776.85,5782.15,0,0,0,2,0.9958717894358796,ASIA,8,0.6404720782959527,day_anchor_std,server_midnight,0,0,0,1,0,0,UNCLASSIFIED,TREND_UNCLASSIFIED,TREND
5782.25,5785.85,5780.65,5784.15,0,0,0,2,0.9806410875685257,LONDON,9,0.30396518375240145,day_anchor_std,server_midnight,0,0,0,0,1,0,UNCLASSIFIED,TREND_UNCLASSIFIED,TREND
5784.3,5789.85,5780.85,5789.7,0,0,0,2,0.9806410875685257,LONDON,9,0.30396518375240145,day_anchor_std,server_midnight,0,0,0,0,1,0,UNCLASSIFIED,TREND_UNCLASSIFIED,TREND
5789.5,5792.65,5785.35,5791.35,0,0,0,2,0.9806410875685257,LONDON,9,0.30396518375240145,day_anchor_std,server_midnight,0,0,0,0,1,0,UNCLASSIFIED,TREND_UNCLASSIFIED,TREND
5787.05,5792.15,5785.15,5786.3,0,0,0,2,0.9806410875685257,LONDON,9,0.30396518375240145,day_anchor_std,server_midnight,0,0,0,0,1,0,UNCLASSIFIED,TREND_UNCLASSIFIED,TREND
5785.85,5788.3,5778.4,5779.65,0,0,0,2,0.9988612042826991,LONDON,10,2.8520581863200576,day_anchor_std,server_midnight,0,0,0,0,0,1,UNCLASSIFIED,TREND_UNCLASSIFIED,TREND
5779.85,5779.85,5754.1,5760.95,0,0,0,2,0.9988612042826991,LONDON,10,2.8520581863200576,day_anchor_std,server_midnight,0,0,0,0,0,1,UNCLASSIFIED,TREND_UNCLASSIFIED,TREND
5760.55,5761.35,5740.45,5742.35,0,0,0,2,0.9988612042826991,LONDON,10,2.8520581863200576,day_anchor_std,server_midnight,0,0,0,0,0,1,UNCLASSIFIED,TREND_UNCLASSIFIED,TREND
5742.5,5748.25,5732.45,5733.95,0,0,0,2,0.9988612042826991,LONDON,10,2.8520581863200576,day_anchor_std,server_midnight,0,0,0,0,0,1,UNCLASSIFIED,TREND_UNCLASSIFIED,TREND
5733.8,5739.3,5724.65,5732.95,0,0,0,2,0.9835583432124775,LONDON,11,2.5003253937264147,day_anchor_std,server_midnight,0,0,0,0,0,1,UNCLASSIFIED,TREND_UNCLASSIFIED,TREND
5732.85,5735.9,5722.55,5730.95,0,0,0,2,0.9835583432124775,LONDON,11,2.5003253937264147,day_anchor_std,server_midnight,0,0,0,0,0,1,UNCLASSIFIED,TREND_UNCLASSIFIED,TREND
5730.75,5740.45,5726.85,5736.35,0,0,0,2,0.9835583432124775,LONDON,11,2.5003253937264147,day_anchor_std,server_midnight,0,0,0,0,0,1,UNCLASSIFIED,TREND_UNCLASSIFIED,TREND
5736.05,5738.5,5731.85,5734.95,0,0,0,2,0.9835583432124775,LONDON,11,2.5003253937264147,day_anchor_std,server_midnight,0,0,0,0,0,1,UNCLASSIFIED,TREND_UNCLASSIFIED,TREND
5734.85,5741.35,5733.05,5733.45,0,0,0,2,0.9913052291639667,NY,12,2.82870082278917,day_anchor_std,server_midnight,0,0,0,0,0,1,UNCLASSIFIED,TREND_UNCLASSIFIED,TREND
5733.05,5733.95,5722.65,5725.1,0,0,0,2,0.9913052291639667,NY,12,2.82870082278917,day_anchor_std,server_midnight,0,0,0,0,0,1,UNCLASSIFIED,TREND_UNCLASSIFIED,TREND
5725.25,5726.95,5720.15,5726.5,0,0,0,2,0.9913052291639667,NY,12,2.82870082278917,day_anchor_std,server_midnight,0,0,0,0,0,1,UNCLASSIFIED,TREND_UNCLASSIFIED,TREND
5726.35,5729.85,5718.7,5728.2,0,0,0,2,0.9913052291639667,NY,12,2.82870082278917,day_anchor_std,server_midnight,0,0,0,0,0,1,UNCLASSIFIED,TREND_UNCLASSIFIED,TREND
5728.1,5738.45,5727.95,5733.2,0,0,0,2,0.9997771838132857,NY,12,3.4818094321462527,day_anchor_std,server_midnight,0,0,0,0,0,1,UNCLASSIFIED,TREND_UNCLASSIFIED,TREND
5733.55,5741.05,5706.6,5707.1,0,0,0,2,0.9997771838132857,NY,12,3.4818094321462527,day_anchor_std,server_midnight,0,0,0,0,0,1,UNCLASSIFIED,TREND_UNCLASSIFIED,TREND
5707.15,5725.35,5707.15,5718.95,0,0,0,2,0.9997771838132857,NY,12,3.4818094321462527,day_anchor_std,server_midnight,0,0,0,0,0,1,UNCLASSIFIED,TREND_UNCLASSIFIED,TREND
5715.6,5723.85,5704.75,5708.1,0,0,0,2,0.9997771838132857,NY,12,3.4818094321462527,day_anchor_std,server_midnight,0,0,0,0,0,1,UNCLASSIFIED,TREND_UNCLASSIFIED,TREND
5719.2,5724.85,5718.55,5724.7,0,0,0,2,0.9674494148169668,ASIA,3,0.07666181465307698,day_anchor_std,server_midnight,0,0,0,1,0,0,UNCLASSIFIED,TREND_UNCLASSIFIED,TREND
5724.55,5725.85,5722.85,5724.35,0,0,0,2,0.9674494148169668,ASIA,3,0.07666181465307698,day_anchor_std,server_midnight,0,0,0,1,0,0,UNCLASSIFIED,TREND_UNCLASSIFIED,TREND
5724.85,5724.85,5719.35,5720.35,0,0,0,2,0.9674494148169668,ASIA,3,0.07666181465307698,day_anchor_std,server_midnight,0,0,0,1,0,0,UNCLASSIFIED,TREND_UNCLASSIFIED,TREND
5720.55,5722.05,5715.45,5717.55,0,0,0,2,0.9674494148169668,ASIA,3,0.07666181465307698,day_anchor_std,server_midnight,0,0,0,1,0,0,UNCLASSIFIED,TREND_UNCLASSIFIED,TREND
5717.7,5719.55,5711.7,5712.2,0,0,0,2,0.7998565280362706,ASIA,4,0.28494695254585645,day_anchor_std,server_midnight,0,0,0,1,0,0,TREND_STRONG,TREND_STRONG,TREND
5712.35,5722.35,5712.05,5720.95,0,0,0,2,0.7998565280362706,ASIA,4,0.28494695254585645,day_anchor_std,server_midnight,0,0,0,1,0,0,TREND_STRONG,TREND_STRONG,TREND
5721.35,5726.55,5719.55,5725.35,0,0,0,2,0.7998565280362706,ASIA,4,0.28494695254585645,day_anchor_std,server_midnight,0,0,0,1,0,0,TREND_STRONG,TREND_STRONG,TREND
5724.95,5728.05,5721.85,5724.85,0,0,0,2,0.7998565280362706,ASIA,4,0.28494695254585645,day_anchor_std,server_midnight,0,0,0,1,0,0,TREND_STRONG,TREND_STRONG,TREND
5725.35,5728.95,5723.85,5727.85,0,0,0,2,0.7420703840018038,ASIA,5,0.6024242424242688,day_anchor_std,server_midnight,0,0,0,1,0,0,TREND_STRONG,TREND_STRONG,TREND
5728.05,5728.05,5724.55,5726.85,0,0,0,2,0.7420703840018038,ASIA,5,0.6024242424242688,day_anchor_std,server_midnight,0,0,0,1,0,0,TREND_STRONG,TREND_STRONG,TREND
5727.05,5731.45,5726.05,5729.35,0,0,0,2,0.7420703840018038,ASIA,5,0.6024242424242688,day_anchor_std,server_midnight,0,0,0,1,0,0,TREND_STRONG,TREND_STRONG,TREND
5729.55,5733.05,5727.95,5731.85,0,0,0,2,0.7420703840018038,ASIA,5,0.6024242424242688,day_anchor_std,server_midnight,0,0,0,1,0,0,TREND_STRONG,TREND_STRONG,TREND
5731.95,5732.85,5727.7,5731.45,0,0,0,2,0.6902791205039728,LONDON,6,0.8157067362365733,day_anchor_std,server_midnight,0,0,0,0,1,0,TREND_STRONG,TREND_STRONG,TREND
5731.85,5735.35,5730.45,5732.85,0,0,0,2,0.6902791205039728,LONDON,6,0.8157067362365733,day_anchor_std,server_midnight,0,0,0,0,1,0,TREND_STRONG,TREND_STRONG,TREND
5733.2,5734.25,5729.35,5730.45,0,0,0,2,0.6902791205039728,LONDON,6,0.8157067362365733,day_anchor_std,server_midnight,0,0,0,0,1,0,TREND_STRONG,TREND_STRONG,TREND
5730.6,5740.45,5725.6,5737.45,0,0,0,2,0.6902791205039728,LONDON,6,0.8157067362365733,day_anchor_std,server_midnight,0,0,0,0,1,0,TREND_STRONG,TREND_STRONG,TREND
5726.25,5728.75,5723.55,5728.7,0,0,0,1,0.8487136684901996,LONDON,1,1.736020806241869,day_anchor_std,server_midnight,0,0,1,0,0,0,UNCLASSIFIED,TRANSITION_UNCLASSIFIED,TRANSITION
5728.65,5730.7,5724.55,5724.55,0,0,0,1,0.8487136684901996,LONDON,1,1.736020806241869,day_anchor_std,server_midnight,0,0,1,0,0,0,UNCLASSIFIED,TRANSITION_UNCLASSIFIED,TRANSITION
5724.45,5728.15,5721.55,5727.0,0,0,0,1,0.8487136684901996,LONDON,1,1.736020806241869,day_anchor_std,server_midnight,0,0,1,0,0,0,UNCLASSIFIED,TRANSITION_UNCLASSIFIED,TRANSITION
5726.85,5760.05,5724.6,5760.05,0,0,0,1,0.8487136684901996,LONDON,1,1.736020806241869,day_anchor_std,server_midnight,0,0,1,0,0,0,UNCLASSIFIED,TRANSITION_UNCLASSIFIED,TRANSITION
5856.1,5868.15,5852.75,5860.15,0,0,0,2,0.9973095343320263,ASIA,7,0.1196139897965422,day_anchor_std,server_midnight,0,0,0,1,0,0,TREND_STRONG,TREND_STRONG,TREND
5859.85,5859.85,5846.4,5855.7,0,0,0,2,0.9973095343320263,ASIA,7,0.1196139897965422,day_anchor_std,server_midnight,0,0,0,1,0,0,TREND_STRONG,TREND_STRONG,TREND
5855.8,5858.5,5847.9,5856.55,0,0,0,2,0.9973095343320263,ASIA,7,0.1196139897965422,day_anchor_std,server_midnight,0,0,0,1,0,0,TREND_STRONG,TREND_STRONG,TREND
5856.65,5865.75,5856.6,5860.75,0,0,0,2,0.9973095343320263,ASIA,7,0.1196139897965422,day_anchor_std,server_midnight,0,0,0,1,0,0,TREND_STRONG,TREND_STRONG,TREND
5860.7,5860.7,5841.35,5849.55,0,0,0,2,0.999507912981026,ASIA,8,0.5673556265053518,day_anchor_std,server_midnight,0,0,0,1,0,0,TREND_STRONG,TREND_STRONG,TREND
5849.35,5860.75,5849.35,5857.85,0,0,0,2,0.999507912981026,ASIA,8,0.5673556265053518,day_anchor_std,server_midnight,0,0,0,1,0,0,TREND_STRONG,TREND_STRONG,TREND
5858.35,5871.05,5852.55,5871.0,0,0,0,2,0.999507912981026,ASIA,8,0.5673556265053518,day_anchor_std,server_midnight,0,0,0,1,0,0,TREND_STRONG,TREND_STRONG,TREND
5871.0,5882.75,5869.5,5874.35,0,0,0,2,0.999507912981026,ASIA,8,0.5673556265053518,day_anchor_std,server_midnight,0,0,0,1,0,0,TREND_STRONG,TREND_STRONG,TREND
5874.35,5895.65,5874.35,5889.65,0,0,0,2,0.9988774695536389,ASIA,9,1.8544050158360985,day_anchor_std,server_midnight,0,0,0,0,0,1,TREND_STRONG,TREND_STRONG,TREND
5889.55,5902.05,5879.85,5893.75,0,0,0,2,0.9988774695536389,ASIA,9,1.8544050158360985,day_anchor_std,server_midnight,0,0,0,0,0,1,TREND_STRONG,TREND_STRONG,TREND
5892.85,5904.2,5889.35,5903.7,0,0,0,2,0.9988774695536389,ASIA,9,1.8544050158360985,day_anchor_std,server_midnight,0,0,0,0,0,1,TREND_STRONG,TREND_STRONG,TREND
5903.85,5927.45,5902.55,5919.05,0,0,0,2,0.9988774695536389,ASIA,9,1.8544050158360985,day_anchor_std,server_midnight,0,0,0,0,0,1,TREND_STRONG,TREND_STRONG,TREND
5919.05,5919.45,5906.45,5911.25,0,0,0,2,0.9993302839184883,ASIA,10,1.541419141914205,day_anchor_std,server_midnight,0,0,0,0,0,1,TREND_STRONG,TREND_STRONG,TREND
5911.45,5923.45,5910.55,5923.45,0,0,0,2,0.9993302839184883,ASIA,10,1.541419141914205,day_anchor_std,server_midnight,0,0,0,0,0,1,TREND_STRONG,TREND_STRONG,TREND
5923.35,5924.45,5914.9,5923.05,0,0,0,2,0.9993302839184883,ASIA,10,1.541419141914205,day_anchor_std,server_midnight,0,0,0,0,0,1,TREND_STRONG,TREND_STRONG,TREND
5922.6,5924.7,5916.1,5917.95,0,0,0,2,0.9993302839184883,ASIA,10,1.541419141914205,day_anchor_std,server_midnight,0,0,0,0,0,1,TREND_STRONG,TREND_STRONG,TREND
5918.1,5922.25,5914.1,5917.7,0,0,0,2,0.9993529391442134,LONDON,11,1.36462093862819,day_anchor_std,server_midnight,0,0,0,0,0,1,TREND_STRONG,TREND_STRONG,TREND
5918.25,5918.45,5894.75,5900.2,0,0,0,2,0.9993529391442134,LONDON,11,1.36462093862819,day_anchor_std,server_midnight,0,0,0,0,0,1,TREND_STRONG,TREND_STRONG,TREND
5900.25,5918.9,5896.75,5913.25,0,0,0,2,0.9993529391442134,LONDON,11,1.36462093862819,day_anchor_std,server_midnight,0,0,0,0,0,1,TREND_STRONG,TREND_STRONG,TREND
5913.55,5926.5,5910.9,5918.85,0,0,0,2,0.9993529391442134,LONDON,11,1.36462093862819,day_anchor_std,server_midnight,0,0,0,0,0,1,TREND_STRONG,TREND_STRONG,TREND
5919.15,5924.1,5910.55,5919.65,0,0,0,2,0.9931012057538021,LONDON,12,0.040632297952182816,day_anchor_std,server_midnight,0,0,0,0,1,0,TREND_STRONG,TREND_STRONG,TREND
5919.8,5920.95,5906.85,5908.15,0,0,0,2,0.9931012057538021,LONDON,12,0.040632297952182816,day_anchor_std,server_midnight,0,0,0,0,1,0,TREND_STRONG,TREND_STRONG,TREND
5908.2,5914.15,5901.45,5913.7,0,0,0,2,0.9931012057538021,LONDON,12,0.040632297952182816,day_anchor_std,server_midnight,0,0,0,0,1,0,TREND_STRONG,TREND_STRONG,TREND
5913.95,5915.65,5876.2,5883.9,0,0,0,2,0.9931012057538021,LONDON,12,0.040632297952182816,day_anchor_std,server_midnight,0,0,0,0,1,0,TREND_STRONG,TREND_STRONG,TREND
6018.55,6020.05,6018.05,6019.85,0,0,0,1,0.9969987438438519,LONDON,6,1.009471432936162,day_anchor_std,server_midnight,0,0,1,0,0,0,TRANSITION_NOISY,TRANSITION_NOISY,TRANSITION
6020.05,6021.85,6019.9,6021.55,0,0,0,1,0.9969987438438519,LONDON,6,1.009471432936162,day_anchor_std,server_midnight,0,0,1,0,0,0,TRANSITION_NOISY,TRANSITION_NOISY,TRANSITION
6021.85,6026.3,6021.55,6026.25,0,0,0,1,0.9969987438438519,LONDON,6,1.009471432936162,day_anchor_std,server_midnight,0,0,1,0,0,0,TRANSITION_NOISY,TRANSITION_NOISY,TRANSITION
6026.05,6031.95,6025.9,6029.6,0,0,0,1,0.9969987438438519,LONDON,6,1.009471432936162,day_anchor_std,server_midnight,0,0,1,0,0,0,TRANSITION_NOISY,TRANSITION_NOISY,TRANSITION
6003.55,6006.0,6002.85,6005.85,0,0,0,0,0.3722634589384655,ASIA,5,0.0940649496080261,day_anchor_std,server_midnight,1,0,0,0,0,0,BALANCE_LEAKING,BALANCE_LEAKING,BALANCE
6005.65,6006.55,6003.35,6003.4,0,0,0,0,0.3722634589384655,ASIA,5,0.0940649496080261,day_anchor_std,server_midnight,1,0,0,0,0,0,BALANCE_LEAKING,BALANCE_LEAKING,BALANCE
6003.5,6005.55,6002.85,6005.55,0,0,0,0,0.3722634589384655,ASIA,5,0.0940649496080261,day_anchor_std,server_midnight,1,0,0,0,0,0,BALANCE_LEAKING,BALANCE_LEAKING,BALANCE
6005.85,6006.35,6004.35,6006.05,0,0,0,0,0.3722634589384655,ASIA,5,0.0940649496080261,day_anchor_std,server_midnight,1,0,0,0,0,0,BALANCE_LEAKING,BALANCE_LEAKING,BALANCE
6011.9,6012.65,6000.75,6002.25,0,0,0,1,0.9024860897004815,LONDON,1,1.2312278740451243,day_anchor_std,server_midnight,0,0,1,0,0,0,UNCLASSIFIED,TRANSITION_UNCLASSIFIED,TRANSITION
6002.35,6006.25,5994.45,5994.95,0,0,0,1,0.9024860897004815,LONDON,1,1.2312278740451243,day_anchor_std,server_midnight,0,0,1,0,0,0,UNCLASSIFIED,TRANSITION_UNCLASSIFIED,TRANSITION
5994.85,5998.45,5992.4,5994.55,0,0,0,1,0.9024860897004815,LONDON,1,1.2312278740451243,day_anchor_std,server_midnight,0,0,1,0,0,0,UNCLASSIFIED,TRANSITION_UNCLASSIFIED,TRANSITION
5994.3,5996.3,5985.85,5987.05,0,0,0,1,0.9024860897004815,LONDON,1,1.2312278740451243,day_anchor_std,server_midnight,0,0,1,0,0,0,UNCLASSIFIED,TRANSITION_UNCLASSIFIED,TRANSITION
5997.15,5997.15,5993.5,5993.85,0,0,0,0,0.9410414990153857,NY_PM,2,0.05147058823534747,day_anchor_std,server_midnight,1,0,0,0,0,0,UNCLASSIFIED,BALANCE_UNCLASSIFIED,BALANCE
5994.15,5995.85,5993.15,5993.2,0,0,0,0,0.9410414990153857,NY_PM,2,0.05147058823534747,day_anchor_std,server_midnight,1,0,0,0,0,0,UNCLASSIFIED,BALANCE_UNCLASSIFIED,BALANCE
5993.1,5993.15,5989.85,5991.65,0,0,0,0,0.9410414990153857,NY_PM,2,0.05147058823534747,day_anchor_std,server_midnight,1,0,0,0,0,0,UNCLASSIFIED,BALANCE_UNCLASSIFIED,BALANCE
5991.8,5992.35,5989.45,5990.05,0,0,0,0,0.9410414990153857,NY_PM,2,0.05147058823534747,day_anchor_std,server_midnight,1,0,0,0,0,0,UNCLASSIFIED,BALANCE_UNCLASSIFIED,BALANCE
5989.85,5993.35,5989.35,5992.15,0,0,0,0,0.9581090024156593,ASIA,3,0.012501116171109347,day_anchor_std,server_midnight,1,0,0,0,0,0,BALANCE_LEAKING,BALANCE_LEAKING,BALANCE
5992.0,5992.05,5989.15,5990.85,0,0,0,0,0.9581090024156593,ASIA,3,0.012501116171109347,day_anchor_std,server_midnight,1,0,0,0,0,0,BALANCE_LEAKING,BALANCE_LEAKING,BALANCE
5990.75,5995.35,5990.15,5994.85,0,0,0,0,0.9581090024156593,ASIA,3,0.012501116171109347,day_anchor_std,server_midnight,1,0,0,0,0,0,BALANCE_LEAKING,BALANCE_LEAKING,BALANCE
5994.85,5994.95,5991.85,5992.0,0,0,0,0,0.9581090024156593,ASIA,3,0.012501116171109347,day_anchor_std,server_midnight,1,0,0,0,0,0,BALANCE_LEAKING,BALANCE_LEAKING,BALANCE
5992.15,5992.85,5985.95,5988.85,0,0,0,0,0.8414570426537212,ASIA,4,0.3356376850128386,day_anchor_std,server_midnight,1,0,0,0,0,0,BALANCE_LEAKING,BALANCE_LEAKING,BALANCE
5988.65,5990.15,5987.85,5989.85,0,0,0,0,0.8414570426537212,ASIA,4,0.3356376850128386,day_anchor_std,server_midnight,1,0,0,0,0,0,BALANCE_LEAKING,BALANCE_LEAKING,BALANCE
5989.65,5991.15,5988.15,5988.45,0,0,0,0,0.8414570426537212,ASIA,4,0.3356376850128386,day_anchor_std,server_midnight,1,0,0,0,0,0,BALANCE_LEAKING,BALANCE_LEAKING,BALANCE
5988.65,5990.45,5985.95,5986.15,0,0,0,0,0.8414570426537212,ASIA,4,0.3356376850128386,day_anchor_std,server_midnight,1,0,0,0,0,0,BALANCE_LEAKING,BALANCE_LEAKING,BALANCE
5939.25,5941.8,5937.35,5941.35,0,0,0,2,0.9615040500009719,ASIA,6,0.04666666666665773,day_anchor_std,server_midnight,0,0,0,1,0,0,UNCLASSIFIED,TREND_UNCLASSIFIED,TREND
5941.2,5942.15,5938.15,5938.55,0,0,0,2,0.9615040500009719,ASIA,6,0.04666666666665773,day_anchor_std,server_midnight,0,0,0,1,0,0,UNCLASSIFIED,TREND_UNCLASSIFIED,TREND
5938.65,5940.35,5935.65,5940.35,0,0,0,2,0.9615040500009719,ASIA,6,0.04666666666665773,day_anchor_std,server_midnight,0,0,0,1,0,0,UNCLASSIFIED,TREND_UNCLASSIFIED,TREND
5940.2,5940.55,5937.35,5939.85,0,0,0,2,0.9615040500009719,ASIA,6,0.04666666666665773,day_anchor_std,server_midnight,0,0,0,1,0,0,UNCLASSIFIED,TREND_UNCLASSIFIED,TREND
5939.95,5942.35,5939.65,5941.15,0,0,0,2,0.9933017208776653,ASIA,7,0.44636678200690744,day_anchor_std,server_midnight,0,0,0,1,0,0,UNCLASSIFIED,TREND_UNCLASSIFIED,TREND
5941.3,5941.35,5934.85,5935.6,0,0,0,2,0.9933017208776653,ASIA,7,0.44636678200690744,day_anchor_std,server_midnight,0,0,0,1,0,0,UNCLASSIFIED,TREND_UNCLASSIFIED,TREND
5935.35,5935.55,5922.2,5922.35,0,0,0,2,0.9933017208776653,ASIA,7,0.44636678200690744,day_anchor_std,server_midnight,0,0,0,1,0,0,UNCLASSIFIED,TREND_UNCLASSIFIED,TREND
5922.65,5930.15,5922.5,5928.7,0,0,0,2,0.9933017208776653,ASIA,7,0.44636678200690744,day_anchor_std,server_midnight,0,0,0,1,0,0,UNCLASSIFIED,TREND_UNCLASSIFIED,TREND
5928.45,5928.85,5922.85,5925.15,0,0,0,2,0.9549962911725974,ASIA,8,0.6109038142620428,day_anchor_std,server_midnight,0,0,0,1,0,0,UNCLASSIFIED,TREND_UNCLASSIFIED,TREND
5925.25,5925.85,5920.75,5921.15,0,0,0,2,0.9549962911725974,ASIA,8,0.6109038142620428,day_anchor_std,server_midnight,0,0,0,1,0,0,UNCLASSIFIED,TREND_UNCLASSIFIED,TREND
5921.25,5924.3,5910.95,5911.05,0,0,0,2,0.9549962911725974,ASIA,8,0.6109038142620428,day_anchor_std,server_midnight,0,0,0,1,0,0,UNCLASSIFIED,TREND_UNCLASSIFIED,TREND
5910.55,5922.75,5910.55,5922.45,0,0,0,2,0.9549962911725974,ASIA,8,0.6109038142620428,day_anchor_std,server_midnight,0,0,0,1,0,0,UNCLASSIFIED,TREND_UNCLASSIFIED,TREND
5922.65,5922.95,5917.15,5919.55,0,0,0,2,0.993459966824966,ASIA,9,0.6113050900062055,day_anchor_std,server_midnight,0,0,0,1,0,0,UNCLASSIFIED,TREND_UNCLASSIFIED,TREND
5919.6,5922.15,5916.95,5918.15,0,0,0,2,0.993459966824966,ASIA,9,0.6113050900062055,day_anchor_std,server_midnight,0,0,0,1,0,0,UNCLASSIFIED,TREND_UNCLASSIFIED,TREND
5918.3,5920.45,5915.65,5919.65,0,0,0,2,0.993459966824966,ASIA,9,0.6113050900062055,day_anchor_std,server_midnight,0,0,0,1,0,0,UNCLASSIFIED,TREND_UNCLASSIFIED,TREND
5919.45,5921.45,5917.65,5920.6,0,0,0,2,0.993459966824966,ASIA,9,0.6113050900062055,day_anchor_std,server_midnight,0,0,0,1,0,0,UNCLASSIFIED,TREND_UNCLASSIFIED,TREND
5920.95,5925.65,5920.45,5925.45,0,0,0,2,0.983304510245121,LONDON,10,0.07406335423693314,day_anchor_std,server_midnight,0,0,0,0,1,0,UNCLASSIFIED,TREND_UNCLASSIFIED,TREND
5925.15,5925.95,5924.05,5924.65,0,0,0,2,0.983304510245121,LONDON,10,0.07406335423693314,day_anchor_std,server_midnight,0,0,0,0,1,0,UNCLASSIFIED,TREND_UNCLASSIFIED,TREND
5924.95,5928.9,5924.15,5927.05,0,0,0,2,0.983304510245121,LONDON,10,0.07406335423693314,day_anchor_std,server_midnight,0,0,0,0,1,0,UNCLASSIFIED,TREND_UNCLASSIFIED,TREND
5926.95,5931.65,5925.65,5930.65,0,0,0,2,0.983304510245121,LONDON,10,0.07406335423693314,day_anchor_std,server_midnight,0,0,0,0,1,0,UNCLASSIFIED,TREND_UNCLASSIFIED,TREND
5930.55,5930.95,5926.15,5926.55,0,0,0,2,0.9976031596545363,LONDON,11,1.3469208853824202,day_anchor_std,server_midnight,0,0,0,0,0,1,UNCLASSIFIED,TREND_UNCLASSIFIED,TREND
5926.35,5931.65,5920.65,5922.55,0,0,0,2,0.9976031596545363,LONDON,11,1.3469208853824202,day_anchor_std,server_midnight,0,0,0,0,0,1,UNCLASSIFIED,TREND_UNCLASSIFIED,TREND
5922.45,5924.15,5914.6,5916.15,0,0,0,2,0.9976031596545363,LONDON,11,1.3469208853824202,day_anchor_std,server_midnight,0,0,0,0,0,1,UNCLASSIFIED,TREND_UNCLASSIFIED,TREND
5916.45,5920.95,5903.8,5905.55,0,0,0,2,0.9976031596545363,LONDON,11,1.3469208853824202,day_anchor_std,server_midnight,0,0,0,0,0,1,UNCLASSIFIED,TREND_UNCLASSIFIED,TREND
5905.25,5906.05,5885.5,5886.7,0,0,0,2,0.9995719844914396,LONDON,12,2.603137100479133,day_anchor_std,server_midnight,0,0,0,0,0,1,UNCLASSIFIED,TREND_UNCLASSIFIED,TREND
5886.8,5894.65,5878.75,5882.7,0,0,0,2,0.9995719844914396,LONDON,12,2.603137100479133,day_anchor_std,server_midnight,0,0,0,0,0,1,UNCLASSIFIED,TREND_UNCLASSIFIED,TREND
5882.3,5891.3,5879.95,5890.95,0,0,0,2,0.9995719844914396,LONDON,12,2.603137100479133,day_anchor_std,server_midnight,0,0,0,0,0,1,UNCLASSIFIED,TREND_UNCLASSIFIED,TREND
5890.75,5892.35,5873.25,5875.95,0,0,0,2,0.9995719844914396,LONDON,12,2.603137100479133,day_anchor_std,server_midnight,0,0,0,0,0,1,UNCLASSIFIED,TREND_UNCLASSIFIED,TREND
5876.15,5877.75,5870.35,5872.55,0,0,0,2,0.9428096617485437,NY,12,3.1142828724885887,day_anchor_std,server_midnight,0,0,0,0,0,1,TREND_STRONG,TREND_STRONG,TREND
5872.55,5875.9,5864.25,5872.4,0,0,0,2,0.9428096617485437,NY,12,3.1142828724885887,day_anchor_std,server_midnight,0,0,0,0,0,1,TREND_STRONG,TREND_STRONG,TREND
5872.3,5874.35,5867.75,5871.7,0,0,0,2,0.9428096617485437,NY,12,3.1142828724885887,day_anchor_std,server_midnight,0,0,0,0,0,1,TREND_STRONG,TREND_STRONG,TREND
5871.3,5871.3,5856.25,5862.75,0,0,0,2,0.9428096617485437,NY,12,3.1142828724885887,day_anchor_std,server_midnight,0,0,0,0,0,1,TREND_STRONG,TREND_STRONG,TREND
5862.85,5868.05,5857.85,5858.65,0,0,0,2,0.9972782077509762,NY,12,2.1788702475397708,day_anchor_std,server_midnight,0,0,0,0,0,1,UNCLASSIFIED,TREND_UNCLASSIFIED,TREND
5859.05,5875.85,5858.05,5867.55,0,0,0,2,0.9972782077509762,NY,12,2.1788702475397708,day_anchor_std,server_midnight,0,0,0,0,0,1,UNCLASSIFIED,TREND_UNCLASSIFIED,TREND
5867.55,5881.0,5866.8,5870.75,0,0,0,2,0.9972782077509762,NY,12,2.1788702475397708,day_anchor_std,server_midnight,0,0,0,0,0,1,UNCLASSIFIED,TREND_UNCLASSIFIED,TREND
5871.05,5880.2,5865.25,5875.75,0,0,0,2,0.9972782077509762,NY,12,2.1788702475397708,day_anchor_std,server_midnight,0,0,0,0,0,1,UNCLASSIFIED,TREND_UNCLASSIFIED,TREND
5876.1,5883.2,5876.1,5877.8,0,0,0,2,0.9959799850391117,NY_PM,12,2.044233285133927,day_anchor_std,server_midnight,0,0,0,0,0,1,UNCLASSIFIED,TREND_UNCLASSIFIED,TREND
5877.75,5878.75,5876.95,5877.95,0,0,0,2,0.9959799850391117,NY_PM,12,2.044233285133927,day_anchor_std,server_midnight,0,0,0,0,0,1,UNCLASSIFIED,TREND_UNCLASSIFIED,TREND
5882.15,5884.95,5872.8,5883.75,0,0,0,2,0.9202391572353296,NY_PM,12,0.40999138673558566,day_anchor_std,server_midnight,0,0,0,0,1,0,UNCLASSIFIED,TREND_UNCLASSIFIED,TREND
5883.65,5885.3,5881.95,5885.05,0,0,0,2,0.9202391572353296,NY_PM,12,0.40999138673558566,day_anchor_std,server_midnight,0,0,0,0,1,0,UNCLASSIFIED,TREND_UNCLASSIFIED,TREND
5885.45,5891.05,5883.95,5889.55,0,0,0,2,0.9202391572353296,NY_PM,12,0.40999138673558566,day_anchor_std,server_midnight,0,0,0,0,1,0,UNCLASSIFIED,TREND_UNCLASSIFIED,TREND
5889.7,5893.9,5887.25,5893.55,0,0,0,2,0.9202391572353296,NY_PM,12,0.40999138673558566,day_anchor_std,server_midnight,0,0,0,0,1,0,UNCLASSIFIED,TREND_UNCLASSIFIED,TREND
5893.25,5894.05,5891.25,5893.25,0,0,0,2,0.5960474479206972,NY_PM,12,0.32924654480604165,day_anchor_std,server_midnight,0,0,0,0,1,0,UNCLASSIFIED,TREND_UNCLASSIFIED,TREND
5893.55,5893.75,5890.65,5891.75,0,0,0,2,0.5960474479206972,NY_PM,12,0.32924654480604165,day_anchor_std,server_midnight,0,0,0,0,1,0,UNCLASSIFIED,TREND_UNCLASSIFIED,TREND
5891.55,5892.9,5888.75,5891.25,0,0,0,2,0.5960474479206972,NY_PM,12,0.32924654480604165,day_anchor_std,server_midnight,0,0,0,0,1,0,UNCLASSIFIED,TREND_UNCLASSIFIED,TREND
5891.25,5892.25,5890.05,5891.75,0,0,0,2,0.5960474479206972,NY_PM,12,0.32924654480604165,day_anchor_std,server_midnight,0,0,0,0,1,0,UNCLASSIFIED,TREND_UNCLASSIFIED,TREND
5892.05,5892.9,5890.05,5890.25,0,0,0,2,0.6437136556597488,ASIA,12,0.06303369042077381,day_anchor_std,server_midnight,0,0,0,1,0,0,UNCLASSIFIED,TREND_UNCLASSIFIED,TREND
5890.55,5892.05,5889.75,5891.05,0,0,0,2,0.6437136556597488,ASIA,12,0.06303369042077381,day_anchor_std,server_midnight,0,0,0,1,0,0,UNCLASSIFIED,TREND_UNCLASSIFIED,TREND
5891.2,5892.75,5891.05,5892.15,0,0,0,2,0.6437136556597488,ASIA,12,0.06303369042077381,day_anchor_std,server_midnight,0,0,0,1,0,0,UNCLASSIFIED,TREND_UNCLASSIFIED,TREND
5892.25,5894.85,5891.75,5893.75,0,0,0,2,0.6437136556597488,ASIA,12,0.06303369042077381,day_anchor_std,server_midnight,0,0,0,1,0,0,UNCLASSIFIED,TREND_UNCLASSIFIED,TREND
5932.25,5932.75,5928.05,5929.05,0,0,0,0,0.8227731375887095,ASIA,2,0.05433682078976587,day_anchor_std,server_midnight,1,0,0,0,0,0,BALANCE_LEAKING,BALANCE_LEAKING,BALANCE
5928.8,5929.2,5924.3,5926.75,0,0,0,0,0.8227731375887095,ASIA,2,0.05433682078976587,day_anchor_std,server_midnight,1,0,0,0,0,0,BALANCE_LEAKING,BALANCE_LEAKING,BALANCE
5926.7,5930.55,5926.55,5929.75,0,0,0,0,0.8227731375887095,ASIA,2,0.05433682078976587,day_anchor_std,server_midnight,1,0,0,0,0,0,BALANCE_LEAKING,BALANCE_LEAKING,BALANCE
5929.55,5930.75,5929.05,5930.25,0,0,0,0,0.8227731375887095,ASIA,2,0.05433682078976587,day_anchor_std,server_midnight,1,0,0,0,0,0,BALANCE_LEAKING,BALANCE_LEAKING,BALANCE
5930.4,5931.2,5928.15,5930.55,0,0,0,0,0.725641889945546,ASIA,3,0.25208192662618234,day_anchor_std,server_midnight,1,0,0,0,0,0,BALANCE_LEAKING,BALANCE_LEAKING,BALANCE
5930.25,5930.45,5927.25,5929.25,0,0,0,0,0.725641889945546,ASIA,3,0.25208192662618234,day_anchor_std,server_midnight,1,0,0,0,0,0,BALANCE_LEAKING,BALANCE_LEAKING,BALANCE
5929.1,5934.9,5928.75,5934.85,0,0,0,0,0.725641889945546,ASIA,3,0.25208192662618234,day_anchor_std,server_midnight,1,0,0,0,0,0,BALANCE_LEAKING,BALANCE_LEAKING,BALANCE
5934.9,5937.65,5932.05,5936.25,0,0,0,0,0.725641889945546,ASIA,3,0.25208192662618234,day_anchor_std,server_midnight,1,0,0,0,0,0,BALANCE_LEAKING,BALANCE_LEAKING,BALANCE
5956.1,5958.8,5954.05,5957.8,0,0,0,2,0.852360093705314,ASIA,3,0.02963674529478354,day_anchor_std,server_midnight,0,0,0,1,0,0,UNCLASSIFIED,TREND_UNCLASSIFIED,TREND
5957.55,5962.8,5957.3,5957.6,0,0,0,2,0.852360093705314,ASIA,3,0.02963674529478354,day_anchor_std,server_midnight,0,0,0,1,0,0,UNCLASSIFIED,TREND_UNCLASSIFIED,TREND
5957.55,5962.4,5953.2,5958.4,0,0,0,2,0.852360093705314,ASIA,3,0.02963674529478354,day_anchor_std,server_midnight,0,0,0,1,0,0,UNCLASSIFIED,TREND_UNCLASSIFIED,TREND
5958.4,5960.2,5954.9,5956.2,0,0,0,2,0.852360093705314,ASIA,3,0.02963674529478354,day_anchor_std,server_midnight,0,0,0,1,0,0,UNCLASSIFIED,TREND_UNCLASSIFIED,TREND
5953.7,5957.8,5950.6,5954.6,0,0,0,1,0.9905378262089962,LONDON,1,0.9963449214076119,day_anchor_std,server_midnight,0,0,1,0,0,0,UNCLASSIFIED,TRANSITION_UNCLASSIFIED,TRANSITION
5954.8,5955.1,5949.95,5952.1,0,0,0,1,0.9905378262089962,LONDON,1,0.9963449214076119,day_anchor_std,server_midnight,0,0,1,0,0,0,UNCLASSIFIED,TRANSITION_UNCLASSIFIED,TRANSITION
5952.1,5955.3,5949.8,5954.5,0,0,0,1,0.9905378262089962,LONDON,1,0.9963449214076119,day_anchor_std,server_midnight,0,0,1,0,0,0,UNCLASSIFIED,TRANSITION_UNCLASSIFIED,TRANSITION
5955.3,5979.4,5954.0,5977.55,0,0,0,1,0.9905378262089962,LONDON,1,0.9963449214076119,day_anchor_std,server_midnight,0,0,1,0,0,0,UNCLASSIFIED,TRANSITION_UNCLASSIFIED,TRANSITION
5986.5,5990.9,5985.75,5990.1,0,0,0,1,0.9817943183542001,NY_PM,2,0.16487775790100584,day_anchor_std,server_midnight,0,1,0,0,0,0,UNCLASSIFIED,TRANSITION_UNCLASSIFIED,TRANSITION
5990.1,5990.9,5987.65,5988.9,0,0,0,1,0.9817943183542001,NY_PM,2,0.16487775790100584,day_anchor_std,server_midnight,0,1,0,0,0,0,UNCLASSIFIED,TRANSITION_UNCLASSIFIED,TRANSITION
5989.15,5992.4,5989.15,5991.9,0,0,0,1,0.9817943183542001,NY_PM,2,0.16487775790100584,day_anchor_std,server_midnight,0,1,0,0,0,0,UNCLASSIFIED,TRANSITION_UNCLASSIFIED,TRANSITION
5991.9,5993.65,5990.9,5993.65,0,0,0,1,0.9817943183542001,NY_PM,2,0.16487775790100584,day_anchor_std,server_midnight,0,1,0,0,0,0,UNCLASSIFIED,TRANSITION_UNCLASSIFIED,TRANSITION
5992.15,5992.9,5990.4,5990.4,0,0,0,2,0.9409720220920098,ASIA,3,0.019790783149597774,day_anchor_std,server_midnight,0,0,0,1,0,0,UNCLASSIFIED,TREND_UNCLASSIFIED,TREND
5990.4,5992.9,5989.4,5991.65,0,0,0,2,0.9409720220920098,ASIA,3,0.019790783149597774,day_anchor_std,server_midnight,0,0,0,1,0,0,UNCLASSIFIED,TREND_UNCLASSIFIED,TREND
5991.65,5994.4,5990.65,5992.9,0,0,0,2,0.9409720220920098,ASIA,3,0.019790783149597774,day_anchor_std,server_midnight,0,0,0,1,0,0,UNCLASSIFIED,TREND_UNCLASSIFIED,TREND
5992.9,5994.4,5991.65,5993.4,0,0,0,2,0.9409720220920098,ASIA,3,0.019790783149597774,day_anchor_std,server_midnight,0,0,0,1,0,0,UNCLASSIFIED,TREND_UNCLASSIFIED,TREND
5993.4,5995.4,5991.65,5994.9,0,0,0,2,0.9956982209731401,ASIA,4,0.35606060606065015,day_anchor_std,server_midnight,0,0,0,1,0,0,TREND_STRONG,TREND_STRONG,TREND
5994.9,5997.4,5994.15,5996.65,0,0,0,2,0.9956982209731401,ASIA,4,0.35606060606065015,day_anchor_std,server_midnight,0,0,0,1,0,0,TREND_STRONG,TREND_STRONG,TREND
5996.65,5996.9,5995.0,5995.4,0,0,0,2,0.9956982209731401,ASIA,4,0.35606060606065015,day_anchor_std,server_midnight,0,0,0,1,0,0,TREND_STRONG,TREND_STRONG,TREND
5995.4,5998.9,5995.4,5998.65,0,0,0,2,0.9956982209731401,ASIA,4,0.35606060606065015,day_anchor_std,server_midnight,0,0,0,1,0,0,TREND_STRONG,TREND_STRONG,TREND
5998.65,6000.25,5995.65,5999.5,0,0,0,2,0.9830341842995844,LONDON,5,0.22259414225947838,day_anchor_std,server_midnight,0,0,0,0,1,0,UNCLASSIFIED,TREND_UNCLASSIFIED,TREND
5999.5,6000.75,5998.35,5998.75,0,0,0,2,0.9830341842995844,LONDON,5,0.22259414225947838,day_anchor_std,server_midnight,0,0,0,0,1,0,UNCLASSIFIED,TREND_UNCLASSIFIED,TREND
5998.85,5999.5,5992.45,5993.7,0,0,0,2,0.9830341842995844,LONDON,5,0.22259414225947838,day_anchor_std,server_midnight,0,0,0,0,1,0,UNCLASSIFIED,TREND_UNCLASSIFIED,TREND
5993.7,5998.45,5992.45,5997.2,0,0,0,2,0.9830341842995844,LONDON,5,0.22259414225947838,day_anchor_std,server_midnight,0,0,0,0,1,0,UNCLASSIFIED,TREND_UNCLASSIFIED,TREND
5997.2,5999.2,5995.55,5997.95,0,0,0,2,0.968030047538526,LONDON,6,0.6264163255621454,day_anchor_std,server_midnight,0,0,0,0,1,0,UNCLASSIFIED,TREND_UNCLASSIFIED,TREND
5997.95,6012.95,5996.2,6008.45,0,0,0,2,0.968030047538526,LONDON,6,0.6264163255621454,day_anchor_std,server_midnight,0,0,0,0,1,0,UNCLASSIFIED,TREND_UNCLASSIFIED,TREND
6008.45,6014.3,6006.7,6007.45,0,0,0,2,0.968030047538526,LONDON,6,0.6264163255621454,day_anchor_std,server_midnight,0,0,0,0,1,0,UNCLASSIFIED,TREND_UNCLASSIFIED,TREND
6007.7,6020.45,5998.95,6004.3,0,0,0,2,0.968030047538526,LONDON,6,0.6264163255621454,day_anchor_std,server_midnight,0,0,0,0,1,0,UNCLASSIFIED,TREND_UNCLASSIFIED,TREND
6024.8,6024.8,6021.6,6021.6,0,0,0,2,0.7341508633173939,ASIA,3,0.12863502889079248,day_anchor_std,server_midnight,0,0,0,1,0,0,TREND_FRAGILE,TREND_FRAGILE,TREND
6021.6,6022.35,6019.6,6021.35,0,0,0,2,0.7341508633173939,ASIA,3,0.12863502889079248,day_anchor_std,server_midnight,0,0,0,1,0,0,TREND_FRAGILE,TREND_FRAGILE,TREND
6021.35,6021.35,6019.15,6019.4,0,0,0,2,0.7341508633173939,ASIA,3,0.12863502889079248,day_anchor_std,server_midnight,0,0,0,1,0,0,TREND_FRAGILE,TREND_FRAGILE,TREND
6019.4,6019.65,6015.45,6017.7,0,0,0,2,0.7341508633173939,ASIA,3,0.12863502889079248,day_anchor_std,server_midnight,0,0,0,1,0,0,TREND_FRAGILE,TREND_FRAGILE,TREND
6017.7,6018.25,6015.5,6017.75,0,0,0,2,0.6584184028285784,ASIA,4,0.11735249292396946,day_anchor_std,server_midnight,0,0,0,1,0,0,TREND_FRAGILE,TREND_FRAGILE,TREND
6017.75,6019.5,6016.8,6016.8,0,0,0,2,0.6584184028285784,ASIA,4,0.11735249292396946,day_anchor_std,server_midnight,0,0,0,1,0,0,TREND_FRAGILE,TREND_FRAGILE,TREND
6017.05,6020.05,6016.55,6019.3,0,0,0,2,0.6584184028285784,ASIA,4,0.11735249292396946,day_anchor_std,server_midnight,0,0,0,1,0,0,TREND_FRAGILE,TREND_FRAGILE,TREND
6019.3,6020.35,6017.85,6018.1,0,0,0,2,0.6584184028285784,ASIA,4,0.11735249292396946,day_anchor_std,server_midnight,0,0,0,1,0,0,TREND_FRAGILE,TREND_FRAGILE,TREND
6017.95,6021.6,6016.85,6020.35,0,0,0,2,0.659908480164776,ASIA,5,0.5856093360047138,day_anchor_std,server_midnight,0,0,0,1,0,0,TREND_FRAGILE,TREND_FRAGILE,TREND
6020.35,6023.15,6019.4,6019.4,0,0,0,2,0.659908480164776,ASIA,5,0.5856093360047138,day_anchor_std,server_midnight,0,0,0,1,0,0,TREND_FRAGILE,TREND_FRAGILE,TREND
6019.65,6019.9,6010.15,6011.9,0,0,0,2,0.659908480164776,ASIA,5,0.5856093360047138,day_anchor_std,server_midnight,0,0,0,1,0,0,TREND_FRAGILE,TREND_FRAGILE,TREND
6011.9,6014.4,6008.4,6011.25,0,0,0,2,0.659908480164776,ASIA,5,0.5856093360047138,day_anchor_std,server_midnight,0,0,0,1,0,0,TREND_FRAGILE,TREND_FRAGILE,TREND
6011.4,6014.65,6008.9,6010.15,0,0,0,2,0.2831878463970134,ASIA,6,0.4139784946236476,day_anchor_std,server_midnight,0,0,0,1,0,0,TREND_FRAGILE,TREND_FRAGILE,TREND
6010.0,6010.4,6006.4,6010.15,0,0,0,2,0.2831878463970134,ASIA,6,0.4139784946236476,day_anchor_std,server_midnight,0,0,0,1,0,0,TREND_FRAGILE,TREND_FRAGILE,TREND
6010.15,6011.65,6007.4,6010.25,0,0,0,2,0.2831878463970134,ASIA,6,0.4139784946236476,day_anchor_std,server_midnight,0,0,0,1,0,0,TREND_FRAGILE,TREND_FRAGILE,TREND
6010.4,6013.4,6009.15,6012.4,0,0,0,2,0.2831878463970134,ASIA,6,0.4139784946236476,day_anchor_std,server_midnight,0,0,0,1,0,0,TREND_FRAGILE,TREND_FRAGILE,TREND
6046.75,6050.0,6046.75,6049.55,0,0,0,2,0.8621763607754281,ASIA,3,0.029622395833275673,day_anchor_std,server_midnight,0,0,0,1,0,0,TREND_STRONG,TREND_STRONG,TREND
6049.55,6051.8,6049.55,6050.55,0,0,0,2,0.8621763607754281,ASIA,3,0.029622395833275673,day_anchor_std,server_midnight,0,0,0,1,0,0,TREND_STRONG,TREND_STRONG,TREND
6050.55,6052.3,6050.55,6051.55,0,0,0,2,0.8621763607754281,ASIA,3,0.029622395833275673,day_anchor_std,server_midnight,0,0,0,1,0,0,TREND_STRONG,TREND_STRONG,TREND
6051.55,6051.55,6049.85,6049.85,0,0,0,2,0.8621763607754281,ASIA,3,0.029622395833275673,day_anchor_std,server_midnight,0,0,0,1,0,0,TREND_STRONG,TREND_STRONG,TREND
6072.8,6074.55,6069.8,6071.05,0,0,0,1,0.7354000472462123,LONDON,1,2.389970359689087,day_anchor_std,server_midnight,0,0,1,0,0,0,UNCLASSIFIED,TRANSITION_UNCLASSIFIED,TRANSITION
6070.8,6089.55,6065.3,6083.55,0,0,0,1,0.7354000472462123,LONDON,1,2.389970359689087,day_anchor_std,server_midnight,0,0,1,0,0,0,UNCLASSIFIED,TRANSITION_UNCLASSIFIED,TRANSITION
6083.55,6087.8,6082.05,6083.05,0,0,0,1,0.7354000472462123,LONDON,1,2.389970359689087,day_anchor_std,server_midnight,0,0,1,0,0,0,UNCLASSIFIED,TRANSITION_UNCLASSIFIED,TRANSITION
6082.55,6099.8,6082.3,6099.15,0,0,0,1,0.7354000472462123,LONDON,1,2.389970359689087,day_anchor_std,server_midnight,0,0,1,0,0,0,UNCLASSIFIED,TRANSITION_UNCLASSIFIED,TRANSITION
6085.5,6086.25,6083.25,6084.0,0,0,0,0,0.7138868520328748,ASIA,2,0.09146739840582116,day_anchor_std,server_midnight,1,0,0,0,0,0,BALANCE_LEAKING,BALANCE_LEAKING,BALANCE
6084.25,6085.25,6083.25,6083.5,0,0,0,0,0.7138868520328748,ASIA,2,0.09146739840582116,day_anchor_std,server_midnight,1,0,0,0,0,0,BALANCE_LEAKING,BALANCE_LEAKING,BALANCE
6083.5,6084.25,6082.75,6083.25,0,0,0,0,0.7138868520328748,ASIA,2,0.09146739840582116,day_anchor_std,server_midnight,1,0,0,0,0,0,BALANCE_LEAKING,BALANCE_LEAKING,BALANCE
6083.25,6083.25,6081.75,6082.75,0,0,0,0,0.7138868520328748,ASIA,2,0.09146739840582116,day_anchor_std,server_midnight,1,0,0,0,0,0,BALANCE_LEAKING,BALANCE_LEAKING,BALANCE
6082.75,6084.0,6082.25,6083.25,0,0,0,0,0.7895912407844192,ASIA,3,0.06969334926324215,day_anchor_std,server_midnight,1,0,0,0,0,0,BALANCE_LEAKING,BALANCE_LEAKING,BALANCE
6083.25,6083.75,6082.75,6083.75,0,0,0,0,0.7895912407844192,ASIA,3,0.06969334926324215,day_anchor_std,server_midnight,1,0,0,0,0,0,BALANCE_LEAKING,BALANCE_LEAKING,BALANCE
6083.75,6085.0,6083.5,6084.5,0,0,0,0,0.7895912407844192,ASIA,3,0.06969334926324215,day_anchor_std,server_midnight,1,0,0,0,0,0,BALANCE_LEAKING,BALANCE_LEAKING,BALANCE
6084.75,6085.5,6084.0,6084.5,0,0,0,0,0.7895912407844192,ASIA,3,0.06969334926324215,day_anchor_std,server_midnight,1,0,0,0,0,0,BALANCE_LEAKING,BALANCE_LEAKING,BALANCE
6082.9,6083.65,6070.25,6072.05,0,0,0,1,0.989666960231196,LONDON,2,1.308328291994424,day_anchor_std,server_midnight,0,0,1,0,0,0,UNCLASSIFIED,TRANSITION_UNCLASSIFIED,TRANSITION
6072.05,6074.75,6060.65,6061.55,0,0,0,1,0.989666960231196,LONDON,2,1.308328291994424,day_anchor_std,server_midnight,0,0,1,0,0,0,UNCLASSIFIED,TRANSITION_UNCLASSIFIED,TRANSITION
6061.8,6066.65,6054.0,6065.7,0,0,0,1,0.989666960231196,LONDON,2,1.308328291994424,day_anchor_std,server_midnight,0,0,1,0,0,0,UNCLASSIFIED,TRANSITION_UNCLASSIFIED,TRANSITION
6065.45,6069.05,6062.6,6068.05,0,0,0,1,0.989666960231196,LONDON,2,1.308328291994424,day_anchor_std,server_midnight,0,0,1,0,0,0,UNCLASSIFIED,TRANSITION_UNCLASSIFIED,TRANSITION
6041.7,6042.2,6036.0,6036.5,0,0,0,0,0.5327556977085465,ASIA,2,0.09953811822107603,day_anchor_std,server_midnight,1,0,0,0,0,0,BALANCE_LEAKING,BALANCE_LEAKING,BALANCE
6036.5,6039.0,6035.0,6037.0,0,0,0,0,0.5327556977085465,ASIA,2,0.09953811822107603,day_anchor_std,server_midnight,1,0,0,0,0,0,BALANCE_LEAKING,BALANCE_LEAKING,BALANCE
6037.25,6040.0,6036.75,6039.05,0,0,0,0,0.5327556977085465,ASIA,2,0.09953811822107603,day_anchor_std,server_midnight,1,0,0,0,0,0,BALANCE_LEAKING,BALANCE_LEAKING,BALANCE
6039.05,6041.8,6039.05,6040.05,0,0,0,0,0.5327556977085465,ASIA,2,0.09953811822107603,day_anchor_std,server_midnight,1,0,0,0,0,0,BALANCE_LEAKING,BALANCE_LEAKING,BALANCE
6040.75,6045.75,6040.5,6045.4,0,0,0,1,0.7992845490855148,LONDON,3,3.3256603773585294,day_anchor_std,server_midnight,0,0,1,0,0,0,UNCLASSIFIED,TRANSITION_UNCLASSIFIED,TRANSITION
6045.55,6061.2,6042.55,6060.35,0,0,0,1,0.7992845490855148,LONDON,3,3.3256603773585294,day_anchor_std,server_midnight,0,0,1,0,0,0,UNCLASSIFIED,TRANSITION_UNCLASSIFIED,TRANSITION
6060.35,6066.85,6060.1,6065.35,0,0,0,1,0.7992845490855148,LONDON,3,3.3256603773585294,day_anchor_std,server_midnight,0,0,1,0,0,0,UNCLASSIFIED,TRANSITION_UNCLASSIFIED,TRANSITION
6064.85,6074.8,6062.35,6074.55,0,0,0,1,0.7992845490855148,LONDON,3,3.3256603773585294,day_anchor_std,server_midnight,0,0,1,0,0,0,UNCLASSIFIED,TRANSITION_UNCLASSIFIED,TRANSITION
6074.45,6076.05,6067.45,6067.45,0,0,0,2,0.34654092415198645,NY_PM,4,0.9398318906035155,day_anchor_std,server_midnight,0,0,0,0,1,0,TREND_STRONG,TREND_STRONG,TREND
6067.45,6070.4,6067.45,6070.3,0,0,0,2,0.34654092415198645,NY_PM,4,0.9398318906035155,day_anchor_std,server_midnight,0,0,0,0,1,0,TREND_STRONG,TREND_STRONG,TREND
6052.9,6052.9,6046.5,6050.2,0,0,0,1,0.9463236497286059,LONDON,1,1.189321689838745,day_anchor_std,server_midnight,0,0,1,0,0,0,UNCLASSIFIED,TRANSITION_UNCLASSIFIED,TRANSITION
6050.2,6053.8,6047.55,6052.95,0,0,0,1,0.9463236497286059,LONDON,1,1.189321689838745,day_anchor_std,server_midnight,0,0,1,0,0,0,UNCLASSIFIED,TRANSITION_UNCLASSIFIED,TRANSITION
6052.95,6056.3,6048.55,6048.55,0,0,0,1,0.9463236497286059,LONDON,1,1.189321689838745,day_anchor_std,server_midnight,0,0,1,0,0,0,UNCLASSIFIED,TRANSITION_UNCLASSIFIED,TRANSITION
6049.05,6054.95,6043.15,6050.1,0,0,0,1,0.9463236497286059,LONDON,1,1.189321689838745,day_anchor_std,server_midnight,0,0,1,0,0,0,UNCLASSIFIED,TRANSITION_UNCLASSIFIED,TRANSITION
6056.45,6056.45,6053.5,6055.0,0,0,0,0,0.84323016787667,ASIA,2,0.18450352192684083,day_anchor_std,server_midnight,1,0,0,0,0,0,BALANCE_LEAKING,BALANCE_LEAKING,BALANCE
6055.0,6057.0,6054.25,6056.75,0,0,0,0,0.84323016787667,ASIA,2,0.18450352192684083,day_anchor_std,server_midnight,1,0,0,0,0,0,BALANCE_LEAKING,BALANCE_LEAKING,BALANCE
6056.75,6058.25,6055.8,6055.8,0,0,0,0,0.84323016787667,ASIA,2,0.18450352192684083,day_anchor_std,server_midnight,1,0,0,0,0,0,BALANCE_LEAKING,BALANCE_LEAKING,BALANCE
6055.55,6056.8,6053.1,6056.55,0,0,0,0,0.84323016787667,ASIA,2,0.18450352192684083,day_anchor_std,server_midnight,1,0,0,0,0,0,BALANCE_LEAKING,BALANCE_LEAKING,BALANCE
5872.9,5875.6,5868.45,5873.4,0,0,0,2,0.9966438745759758,ASIA,5,0.055562905146216666,day_anchor_std,server_midnight,0,0,0,1,0,0,UNCLASSIFIED,TREND_UNCLASSIFIED,TREND
5873.15,5877.35,5873.15,5875.85,0,0,0,2,0.9966438745759758,ASIA,5,0.055562905146216666,day_anchor_std,server_midnight,0,0,0,1,0,0,UNCLASSIFIED,TREND_UNCLASSIFIED,TREND
5875.85,5878.6,5873.65,5877.6,0,0,0,2,0.9966438745759758,ASIA,5,0.055562905146216666,day_anchor_std,server_midnight,0,0,0,1,0,0,UNCLASSIFIED,TREND_UNCLASSIFIED,TREND
5877.6,5878.85,5873.45,5875.9,0,0,0,2,0.9966438745759758,ASIA,5,0.055562905146216666,day_anchor_std,server_midnight,0,0,0,1,0,0,UNCLASSIFIED,TREND_UNCLASSIFIED,TREND
5875.9,5879.1,5874.2,5875.8,0,0,0,2,0.9990990255359337,ASIA,6,0.03903629155226682,day_anchor_std,server_midnight,0,0,0,1,0,0,TREND_STRONG,TREND_STRONG,TREND
5875.7,5876.45,5865.75,5865.85,0,0,0,2,0.9990990255359337,ASIA,6,0.03903629155226682,day_anchor_std,server_midnight,0,0,0,1,0,0,TREND_STRONG,TREND_STRONG,TREND
5865.85,5875.7,5865.6,5871.3,0,0,0,2,0.9990990255359337,ASIA,6,0.03903629155226682,day_anchor_std,server_midnight,0,0,0,1,0,0,TREND_STRONG,TREND_STRONG,TREND
5871.3,5876.25,5867.6,5872.3,0,0,0,2,0.9990990255359337,ASIA,6,0.03903629155226682,day_anchor_std,server_midnight,0,0,0,1,0,0,TREND_STRONG,TREND_STRONG,TREND
5872.3,5888.45,5871.05,5887.85,0,0,0,2,0.9981504546152968,ASIA,7,0.5916645786352637,day_anchor_std,server_midnight,0,0,0,1,0,0,TREND_STRONG,TREND_STRONG,TREND
5888.1,5891.7,5881.45,5889.7,0,0,0,2,0.9981504546152968,ASIA,7,0.5916645786352637,day_anchor_std,server_midnight,0,0,0,1,0,0,TREND_STRONG,TREND_STRONG,TREND
5889.85,5890.8,5882.7,5886.15,0,0,0,2,0.9981504546152968,ASIA,7,0.5916645786352637,day_anchor_std,server_midnight,0,0,0,1,0,0,TREND_STRONG,TREND_STRONG,TREND
5886.15,5894.8,5884.7,5894.05,0,0,0,2,0.9981504546152968,ASIA,7,0.5916645786352637,day_anchor_std,server_midnight,0,0,0,1,0,0,TREND_STRONG,TREND_STRONG,TREND
5894.05,5895.55,5885.95,5886.2,0,0,0,2,0.9909038148443897,ASIA,8,0.37541819665441595,day_anchor_std,server_midnight,0,0,0,1,0,0,TREND_STRONG,TREND_STRONG,TREND
5886.2,5895.1,5886.2,5893.75,0,0,0,2,0.9909038148443897,ASIA,8,0.37541819665441595,day_anchor_std,server_midnight,0,0,0,1,0,0,TREND_STRONG,TREND_STRONG,TREND
5893.85,5900.5,5892.85,5900.5,0,0,0,2,0.9909038148443897,ASIA,8,0.37541819665441595,day_anchor_std,server_midnight,0,0,0,1,0,0,TREND_STRONG,TREND_STRONG,TREND
5900.25,5900.25,5890.2,5890.2,0,0,0,2,0.9909038148443897,ASIA,8,0.37541819665441595,day_anchor_std,server_midnight,0,0,0,1,0,0,TREND_STRONG,TREND_STRONG,TREND
5890.2,5894.9,5889.1,5891.7,0,0,0,2,0.9824986337209426,LONDON,9,1.1267160265309046,day_anchor_std,server_midnight,0,0,0,0,0,1,TREND_STRONG,TREND_STRONG,TREND
5891.7,5898.0,5888.5,5897.0,0,0,0,2,0.9824986337209426,LONDON,9,1.1267160265309046,day_anchor_std,server_midnight,0,0,0,0,0,1,TREND_STRONG,TREND_STRONG,TREND
5896.9,5913.15,5895.4,5910.7,0,0,0,2,0.9824986337209426,LONDON,9,1.1267160265309046,day_anchor_std,server_midnight,0,0,0,0,0,1,TREND_STRONG,TREND_STRONG,TREND
5910.7,5918.6,5908.0,5918.35,0,0,0,2,0.9824986337209426,LONDON,9,1.1267160265309046,day_anchor_std,server_midnight,0,0,0,0,0,1,TREND_STRONG,TREND_STRONG,TREND
5918.35,5921.05,5913.45,5916.05,0,0,0,2,0.9191290837773612,LONDON,10,0.7549299605603207,day_anchor_std,server_midnight,0,0,0,0,1,0,TREND_STRONG,TREND_STRONG,TREND
5916.05,5919.0,5907.8,5908.3,0,0,0,2,0.9191290837773612,LONDON,10,0.7549299605603207,day_anchor_std,server_midnight,0,0,0,0,1,0,TREND_STRONG,TREND_STRONG,TREND
5908.3,5920.4,5903.85,5917.65,0,0,0,2,0.9191290837773612,LONDON,10,0.7549299605603207,day_anchor_std,server_midnight,0,0,0,0,1,0,TREND_STRONG,TREND_STRONG,TREND
5917.2,5933.45,5903.45,5911.1,0,0,0,2,0.9191290837773612,LONDON,10,0.7549299605603207,day_anchor_std,server_midnight,0,0,0,0,1,0,TREND_STRONG,TREND_STRONG,TREND
5910.85,5914.45,5891.6,5891.7,0,0,0,2,0.9696706424981115,LONDON,11,0.4454611625246735,day_anchor_std,server_midnight,0,0,0,0,1,0,TREND_STRONG,TREND_STRONG,TREND
5891.7,5908.25,5882.55,5902.05,0,0,0,2,0.9696706424981115,LONDON,11,0.4454611625246735,day_anchor_std,server_midnight,0,0,0,0,1,0,TREND_STRONG,TREND_STRONG,TREND
5901.4,5914.55,5883.45,5912.75,0,0,0,2,0.9696706424981115,LONDON,11,0.4454611625246735,day_anchor_std,server_midnight,0,0,0,0,1,0,TREND_STRONG,TREND_STRONG,TREND
5912.25,5919.0,5900.85,5904.2,0,0,0,2,0.9696706424981115,LONDON,11,0.4454611625246735,day_anchor_std,server_midnight,0,0,0,0,1,0,TREND_STRONG,TREND_STRONG,TREND
5904.05,5906.95,5884.15,5885.8,0,0,0,2,0.8637749770923647,NY,12,0.7621701969528105,day_anchor_std,server_midnight,0,0,0,0,1,0,TREND_STRONG,TREND_STRONG,TREND
5885.8,5896.75,5880.25,5895.8,0,0,0,2,0.8637749770923647,NY,12,0.7621701969528105,day_anchor_std,server_midnight,0,0,0,0,1,0,TREND_STRONG,TREND_STRONG,TREND
5895.8,5902.95,5878.6,5901.85,0,0,0,2,0.8637749770923647,NY,12,0.7621701969528105,day_anchor_std,server_midnight,0,0,0,0,1,0,TREND_STRONG,TREND_STRONG,TREND
5901.6,5918.1,5897.9,5917.85,0,0,0,2,0.8637749770923647,NY,12,0.7621701969528105,day_anchor_std,server_midnight,0,0,0,0,1,0,TREND_STRONG,TREND_STRONG,TREND
5879.05,5879.05,5872.05,5875.45,0,0,0,1,0.9699096539062269,NY_PM,3,1.5512483271032507,day_anchor_std,server_midnight,0,0,1,0,0,0,UNCLASSIFIED,TRANSITION_UNCLASSIFIED,TRANSITION
5875.45,5876.2,5867.2,5868.8,0,0,0,1,0.9699096539062269,NY_PM,3,1.5512483271032507,day_anchor_std,server_midnight,0,0,1,0,0,0,UNCLASSIFIED,TRANSITION_UNCLASSIFIED,TRANSITION
5868.95,5872.2,5852.95,5856.95,0,0,0,1,0.9699096539062269,NY_PM,3,1.5512483271032507,day_anchor_std,server_midnight,0,0,1,0,0,0,UNCLASSIFIED,TRANSITION_UNCLASSIFIED,TRANSITION
5857.05,5860.2,5848.2,5849.45,0,0,0,1,0.9699096539062269,NY_PM,3,1.5512483271032507,day_anchor_std,server_midnight,0,0,1,0,0,0,UNCLASSIFIED,TRANSITION_UNCLASSIFIED,TRANSITION
5819.45,5822.7,5812.95,5819.55,0,0,0,2,0.861292889495497,LONDON,3,0.17821146046662428,day_anchor_std,server_midnight,0,0,0,0,1,0,TREND_FRAGILE,TREND_FRAGILE,TREND
5819.05,5847.55,5819.05,5836.95,0,0,0,2,0.861292889495497,LONDON,3,0.17821146046662428,day_anchor_std,server_midnight,0,0,0,0,1,0,TREND_FRAGILE,TREND_FRAGILE,TREND
5836.8,5845.45,5829.7,5841.8,0,0,0,2,0.861292889495497,LONDON,3,0.17821146046662428,day_anchor_std,server_midnight,0,0,0,0,1,0,TREND_FRAGILE,TREND_FRAGILE,TREND
5841.45,5866.2,5833.05,5844.8,0,0,0,2,0.861292889495497,LONDON,3,0.17821146046662428,day_anchor_std,server_midnight,0,0,0,0,1,0,TREND_FRAGILE,TREND_FRAGILE,TREND
5848.3,5895.5,5845.55,5894.7,0,0,0,1,0.9280250641868185,LONDON,1,3.2323605706874186,day_anchor_std,server_midnight,0,0,1,0,0,0,UNCLASSIFIED,TRANSITION_UNCLASSIFIED,TRANSITION
5894.7,5917.7,5894.1,5907.95,0,0,0,1,0.9280250641868185,LONDON,1,3.2323605706874186,day_anchor_std,server_midnight,0,0,1,0,0,0,UNCLASSIFIED,TRANSITION_UNCLASSIFIED,TRANSITION
5908.05,5948.65,5906.25,5948.65,0,0,0,1,0.9280250641868185,LONDON,1,3.2323605706874186,day_anchor_std,server_midnight,0,0,1,0,0,0,UNCLASSIFIED,TRANSITION_UNCLASSIFIED,TRANSITION
5948.4,5973.85,5947.8,5968.9,0,0,0,1,0.9280250641868185,LONDON,1,3.2323605706874186,day_anchor_std,server_midnight,0,0,1,0,0,0,UNCLASSIFIED,TRANSITION_UNCLASSIFIED,TRANSITION
5970.95,5973.15,5968.0,5968.75,0,0,0,0,0.7755917915355593,ASIA,2,0.024883784522836384,day_anchor_std,server_midnight,1,0,0,0,0,0,BALANCE_LEAKING,BALANCE_LEAKING,BALANCE
5968.75,5970.7,5968.25,5969.75,0,0,0,0,0.7755917915355593,ASIA,2,0.024883784522836384,day_anchor_std,server_midnight,1,0,0,0,0,0,BALANCE_LEAKING,BALANCE_LEAKING,BALANCE
5970.0,5970.0,5967.55,5969.75,0,0,0,0,0.7755917915355593,ASIA,2,0.024883784522836384,day_anchor_std,server_midnight,1,0,0,0,0,0,BALANCE_LEAKING,BALANCE_LEAKING,BALANCE
5969.75,5971.0,5969.75,5971.0,0,0,0,0,0.7755917915355593,ASIA,2,0.024883784522836384,day_anchor_std,server_midnight,1,0,0,0,0,0,BALANCE_LEAKING,BALANCE_LEAKING,BALANCE
5971.0,5971.5,5969.05,5969.8,0,0,0,0,0.6630394905168421,ASIA,3,0.07588877155933521,day_anchor_std,server_midnight,1,0,0,0,0,0,BALANCE_LEAKING,BALANCE_LEAKING,BALANCE
5969.55,5970.55,5968.3,5969.55,0,0,0,0,0.6630394905168421,ASIA,3,0.07588877155933521,day_anchor_std,server_midnight,1,0,0,0,0,0,BALANCE_LEAKING,BALANCE_LEAKING,BALANCE
5969.8,5969.85,5968.1,5969.35,0,0,0,0,0.6630394905168421,ASIA,3,0.07588877155933521,day_anchor_std,server_midnight,1,0,0,0,0,0,BALANCE_LEAKING,BALANCE_LEAKING,BALANCE
5969.35,5973.55,5969.1,5972.1,0,0,0,0,0.6630394905168421,ASIA,3,0.07588877155933521,day_anchor_std,server_midnight,1,0,0,0,0,0,BALANCE_LEAKING,BALANCE_LEAKING,BALANCE
5972.1,5976.5,5971.85,5976.5,0,0,0,0,0.7223888401604214,ASIA,4,0.09942386831276559,day_anchor_std,server_midnight,1,0,0,0,0,0,BALANCE_LEAKING,BALANCE_LEAKING,BALANCE
5976.5,5977.65,5974.1,5974.6,0,0,0,0,0.7223888401604214,ASIA,4,0.09942386831276559,day_anchor_std,server_midnight,1,0,0,0,0,0,BALANCE_LEAKING,BALANCE_LEAKING,BALANCE
5974.6,5975.7,5969.15,5972.25,0,0,0,0,0.7223888401604214,ASIA,4,0.09942386831276559,day_anchor_std,server_midnight,1,0,0,0,0,0,BALANCE_LEAKING,BALANCE_LEAKING,BALANCE
5972.25,5974.85,5969.2,5973.15,0,0,0,0,0.7223888401604214,ASIA,4,0.09942386831276559,day_anchor_std,server_midnight,1,0,0,0,0,0,BALANCE_LEAKING,BALANCE_LEAKING,BALANCE
5978.85,5979.2,5976.4,5978.55,0,0,0,1,0.992854872543169,LONDON,3,1.2625014791149085,day_anchor_std,server_midnight,0,0,1,0,0,0,UNCLASSIFIED,TRANSITION_UNCLASSIFIED,TRANSITION
5978.7,5981.35,5977.4,5981.1,0,0,0,1,0.992854872543169,LONDON,3,1.2625014791149085,day_anchor_std,server_midnight,0,0,1,0,0,0,UNCLASSIFIED,TRANSITION_UNCLASSIFIED,TRANSITION
5981.1,5986.85,5980.45,5983.65,0,0,0,1,0.992854872543169,LONDON,3,1.2625014791149085,day_anchor_std,server_midnight,0,0,1,0,0,0,UNCLASSIFIED,TRANSITION_UNCLASSIFIED,TRANSITION
5983.65,5997.7,5977.7,5996.8,0,0,0,1,0.992854872543169,LONDON,3,1.2625014791149085,day_anchor_std,server_midnight,0,0,1,0,0,0,UNCLASSIFIED,TRANSITION_UNCLASSIFIED,TRANSITION
5997.05,6008.95,5996.8,6007.4,0,0,0,1,0.9973122500835916,LONDON,4,2.055498738665011,day_anchor_std,server_midnight,0,0,1,0,0,0,UNCLASSIFIED,TRANSITION_UNCLASSIFIED,TRANSITION
6007.3,6019.05,6006.85,6017.25,0,0,0,1,0.9973122500835916,LONDON,4,2.055498738665011,day_anchor_std,server_midnight,0,0,1,0,0,0,UNCLASSIFIED,TRANSITION_UNCLASSIFIED,TRANSITION
6017.1,6018.95,6013.3,6017.45,0,0,0,1,0.9973122500835916,LONDON,4,2.055498738665011,day_anchor_std,server_midnight,0,0,1,0,0,0,UNCLASSIFIED,TRANSITION_UNCLASSIFIED,TRANSITION
6017.45,6023.4,6013.45,6015.3,0,0,0,1,0.9973122500835916,LONDON,4,2.055498738665011,day_anchor_std,server_midnight,0,0,1,0,0,0,UNCLASSIFIED,TRANSITION_UNCLASSIFIED,TRANSITION
6034.65,6037.15,6032.9,6037.15,0,0,0,2,0.9983322395927686,NY_PM,3,0.0848484848485319,day_anchor_std,server_midnight,0,0,0,0,1,0,UNCLASSIFIED,TREND_UNCLASSIFIED,TREND
6037.15,6038.9,6036.15,6037.65,0,0,0,2,0.9983322395927686,NY_PM,3,0.0848484848485319,day_anchor_std,server_midnight,0,0,0,0,1,0,UNCLASSIFIED,TREND_UNCLASSIFIED,TREND
6037.65,6037.75,6035.65,6037.15,0,0,0,2,0.9983322395927686,NY_PM,3,0.0848484848485319,day_anchor_std,server_midnight,0,0,0,0,1,0,UNCLASSIFIED,TREND_UNCLASSIFIED,TREND
6037.15,6038.65,6036.65,6037.75,0,0,0,2,0.9983322395927686,NY_PM,3,0.0848484848485319,day_anchor_std,server_midnight,0,0,0,0,1,0,UNCLASSIFIED,TREND_UNCLASSIFIED,TREND
6037.9,6042.65,6037.65,6042.65,0,0,0,2,0.9959689858348382,ASIA,4,0.08363201911583437,day_anchor_std,server_midnight,0,0,0,1,0,0,UNCLASSIFIED,TREND_UNCLASSIFIED,TREND
6042.65,6042.9,6042.15,6042.9,0,0,0,2,0.9959689858348382,ASIA,4,0.08363201911583437,day_anchor_std,server_midnight,0,0,0,1,0,0,UNCLASSIFIED,TREND_UNCLASSIFIED,TREND
6042.9,6042.9,6039.4,6040.65,0,0,0,2,0.9959689858348382,ASIA,4,0.08363201911583437,day_anchor_std,server_midnight,0,0,0,1,0,0,UNCLASSIFIED,TREND_UNCLASSIFIED,TREND
6040.65,6041.4,6038.75,6038.9,0,0,0,2,0.9959689858348382,ASIA,4,0.08363201911583437,day_anchor_std,server_midnight,0,0,0,1,0,0,UNCLASSIFIED,TREND_UNCLASSIFIED,TREND
6038.9,6040.5,6038.4,6040.15,0,0,0,2,0.9985892526945239,ASIA,5,0.20224337185587984,day_anchor_std,server_midnight,0,0,0,1,0,0,UNCLASSIFIED,TREND_UNCLASSIFIED,TREND
6040.15,6042.15,6039.9,6040.9,0,0,0,2,0.9985892526945239,ASIA,5,0.20224337185587984,day_anchor_std,server_midnight,0,0,0,1,0,0,UNCLASSIFIED,TREND_UNCLASSIFIED,TREND
6040.9,6041.4,6039.15,6039.9,0,0,0,2,0.9985892526945239,ASIA,5,0.20224337185587984,day_anchor_std,server_midnight,0,0,0,1,0,0,UNCLASSIFIED,TREND_UNCLASSIFIED,TREND
6039.75,6040.4,6037.4,6037.4,0,0,0,2,0.9985892526945239,ASIA,5,0.20224337185587984,day_anchor_std,server_midnight,0,0,0,1,0,0,UNCLASSIFIED,TREND_UNCLASSIFIED,TREND
6023.0,6024.65,6016.15,6019.15,0,0,0,2,0.7849797795495098,ASIA,7,1.72185595844569,day_anchor_std,server_midnight,0,0,0,0,0,1,UNCLASSIFIED,TREND_UNCLASSIFIED,TREND
6019.15,6022.9,6012.65,6014.4,0,0,0,2,0.7849797795495098,ASIA,7,1.72185595844569,day_anchor_std,server_midnight,0,0,0,0,0,1,UNCLASSIFIED,TREND_UNCLASSIFIED,TREND
6014.65,6014.65,6007.4,6010.9,0,0,0,2,0.7849797795495098,ASIA,7,1.72185595844569,day_anchor_std,server_midnight,0,0,0,0,0,1,UNCLASSIFIED,TREND_UNCLASSIFIED,TREND
6010.9,6014.4,6009.15,6011.65,0,0,0,2,0.7849797795495098,ASIA,7,1.72185595844569,day_anchor_std,server_midnight,0,0,0,0,0,1,UNCLASSIFIED,TREND_UNCLASSIFIED,TREND
6011.65,6012.65,6005.9,6012.15,0,0,0,2,0.8984711398092691,LONDON,8,1.1417867435158209,day_anchor_std,server_midnight,0,0,0,0,0,1,UNCLASSIFIED,TREND_UNCLASSIFIED,TREND
6012.15,6015.4,6011.9,6014.9,0,0,0,2,0.8984711398092691,LONDON,8,1.1417867435158209,day_anchor_std,server_midnight,0,0,0,0,0,1,UNCLASSIFIED,TREND_UNCLASSIFIED,TREND
6014.9,6018.15,6014.4,6017.9,0,0,0,2,0.8984711398092691,LONDON,8,1.1417867435158209,day_anchor_std,server_midnight,0,0,0,0,0,1,UNCLASSIFIED,TREND_UNCLASSIFIED,TREND
6017.9,6017.9,6012.9,6015.9,0,0,0,2,0.8984711398092691,LONDON,8,1.1417867435158209,day_anchor_std,server_midnight,0,0,0,0,0,1,UNCLASSIFIED,TREND_UNCLASSIFIED,TREND
6015.75,6018.4,6014.9,6016.0,0,0,0,2,0.8169890078070563,LONDON,9,0.6381401029398708,day_anchor_std,server_midnight,0,0,0,0,1,0,UNCLASSIFIED,TREND_UNCLASSIFIED,TREND
6016.0,6017.65,6009.4,6014.5,0,0,0,2,0.8169890078070563,LONDON,9,0.6381401029398708,day_anchor_std,server_midnight,0,0,0,0,1,0,UNCLASSIFIED,TREND_UNCLASSIFIED,TREND
6014.65,6017.15,6012.0,6017.15,0,0,0,2,0.8169890078070563,LONDON,9,0.6381401029398708,day_anchor_std,server_midnight,0,0,0,0,1,0,UNCLASSIFIED,TREND_UNCLASSIFIED,TREND
6017.65,6024.4,6001.4,6019.9,0,0,0,2,0.8169890078070563,LONDON,9,0.6381401029398708,day_anchor_std,server_midnight,0,0,0,0,1,0,UNCLASSIFIED,TREND_UNCLASSIFIED,TREND
6020.15,6027.75,6018.4,6027.6,0,0,0,2,0.8357891803452719,LONDON,10,0.9765280781864434,day_anchor_std,server_midnight,0,0,0,0,1,1,TREND_STRONG,TREND_STRONG,TREND
6027.25,6034.1,6023.0,6033.85,0,0,0,2,0.8357891803452719,LONDON,10,0.9765280781864434,day_anchor_std,server_midnight,0,0,0,0,1,1,TREND_STRONG,TREND_STRONG,TREND
6033.85,6037.9,6030.6,6033.75,0,0,0,2,0.8357891803452719,LONDON,10,0.9765280781864434,day_anchor_std,server_midnight,0,0,0,0,1,1,TREND_STRONG,TREND_STRONG,TREND
6033.75,6043.9,6033.25,6043.25,0,0,0,2,0.8357891803452719,LONDON,10,0.9765280781864434,day_anchor_std,server_midnight,0,0,0,0,1,1,TREND_STRONG,TREND_STRONG,TREND
6043.35,6049.85,6039.85,6040.1,0,0,0,2,0.750699691888744,NY,11,0.5871762835075998,day_anchor_std,server_midnight,0,0,0,0,1,0,UNCLASSIFIED,TREND_UNCLASSIFIED,TREND
6040.1,6045.4,6028.4,6034.3,0,0,0,2,0.750699691888744,NY,11,0.5871762835075998,day_anchor_std,server_midnight,0,0,0,0,1,0,UNCLASSIFIED,TREND_UNCLASSIFIED,TREND
6034.55,6042.9,6033.6,6041.25,0,0,0,2,0.750699691888744,NY,11,0.5871762835075998,day_anchor_std,server_midnight,0,0,0,0,1,0,UNCLASSIFIED,TREND_UNCLASSIFIED,TREND
6041.5,6042.45,6032.55,6038.1,0,0,0,2,0.750699691888744,NY,11,0.5871762835075998,day_anchor_std,server_midnight,0,0,0,0,1,0,UNCLASSIFIED,TREND_UNCLASSIFIED,TREND
6036.0,6038.15,6034.15,6037.9,0,0,0,0,0.6948494301729362,NY_PM,2,0.17051406103611477,day_anchor_std,server_midnight,1,0,0,0,0,0,UNCLASSIFIED,BALANCE_UNCLASSIFIED,BALANCE
6037.9,6039.65,6035.65,6039.5,0,0,0,0,0.6948494301729362,NY_PM,2,0.17051406103611477,day_anchor_std,server_midnight,1,0,0,0,0,0,UNCLASSIFIED,BALANCE_UNCLASSIFIED,BALANCE
6039.65,6039.65,6027.9,6031.65,0,0,0,0,0.6948494301729362,NY_PM,2,0.17051406103611477,day_anchor_std,server_midnight,1,0,0,0,0,0,UNCLASSIFIED,BALANCE_UNCLASSIFIED,BALANCE
6031.65,6033.5,6029.9,6031.15,0,0,0,0,0.6948494301729362,NY_PM,2,0.17051406103611477,day_anchor_std,server_midnight,1,0,0,0,0,0,UNCLASSIFIED,BALANCE_UNCLASSIFIED,BALANCE
6030.9,6031.65,6028.15,6029.4,0,0,0,0,0.9420151013830084,NY_PM,3,0.06357677902622168,day_anchor_std,server_midnight,1,0,0,0,0,0,UNCLASSIFIED,BALANCE_UNCLASSIFIED,BALANCE
6029.4,6032.4,6029.15,6030.65,0,0,0,0,0.9420151013830084,NY_PM,3,0.06357677902622168,day_anchor_std,server_midnight,1,0,0,0,0,0,UNCLASSIFIED,BALANCE_UNCLASSIFIED,BALANCE
6030.65,6032.0,6029.4,6031.65,0,0,0,0,0.9420151013830084,NY_PM,3,0.06357677902622168,day_anchor_std,server_midnight,1,0,0,0,0,0,UNCLASSIFIED,BALANCE_UNCLASSIFIED,BALANCE
6031.65,6032.15,6029.4,6029.4,0,0,0,0,0.9420151013830084,NY_PM,3,0.06357677902622168,day_anchor_std,server_midnight,1,0,0,0,0,0,UNCLASSIFIED,BALANCE_UNCLASSIFIED,BALANCE
6029.4,6030.65,6027.65,6028.4,0,0,0,0,0.8809237101469816,ASIA,4,0.04922082858229763,day_anchor_std,server_midnight,1,0,0,0,0,0,UNCLASSIFIED,BALANCE_UNCLASSIFIED,BALANCE
6028.5,6029.9,6027.0,6028.9,0,0,0,0,0.8809237101469816,ASIA,4,0.04922082858229763,day_anchor_std,server_midnight,1,0,0,0,0,0,UNCLASSIFIED,BALANCE_UNCLASSIFIED,BALANCE
6029.0,6029.9,6027.9,6028.9,0,0,0,0,0.8809237101469816,ASIA,4,0.04922082858229763,day_anchor_std,server_midnight,1,0,0,0,0,0,UNCLASSIFIED,BALANCE_UNCLASSIFIED,BALANCE
6028.9,6029.65,6027.15,6027.9,0,0,0,0,0.8809237101469816,ASIA,4,0.04922082858229763,day_anchor_std,server_midnight,1,0,0,0,0,0,UNCLASSIFIED,BALANCE_UNCLASSIFIED,BALANCE
6027.9,6030.9,6027.4,6029.9,0,0,0,0,0.8178242474573296,ASIA,5,0.25016371971178586,day_anchor_std,server_midnight,1,0,0,0,0,0,UNCLASSIFIED,BALANCE_UNCLASSIFIED,BALANCE
6029.9,6029.9,6027.15,6027.4,0,0,0,0,0.8178242474573296,ASIA,5,0.25016371971178586,day_anchor_std,server_midnight,1,0,0,0,0,0,UNCLASSIFIED,BALANCE_UNCLASSIFIED,BALANCE
6027.4,6027.5,6022.15,6022.9,0,0,0,0,0.8178242474573296,ASIA,5,0.25016371971178586,day_anchor_std,server_midnight,1,0,0,0,0,0,UNCLASSIFIED,BALANCE_UNCLASSIFIED,BALANCE
6022.75,6024.4,6022.65,6023.9,0,0,0,0,0.8178242474573296,ASIA,5,0.25016371971178586,day_anchor_std,server_midnight,1,0,0,0,0,0,UNCLASSIFIED,BALANCE_UNCLASSIFIED,BALANCE
5974.25,5981.6,5969.15,5970.9,0,0,0,2,0.9583439064883471,NY_PM,6,0.08991845276762421,day_anchor_std,server_midnight,0,0,0,0,1,0,TREND_STRONG,TREND_STRONG,TREND
5970.75,5970.9,5963.15,5970.4,0,0,0,2,0.9583439064883471,NY_PM,6,0.08991845276762421,day_anchor_std,server_midnight,0,0,0,0,1,0,TREND_STRONG,TREND_STRONG,TREND
5970.4,5972.15,5964.15,5971.65,0,0,0,2,0.9583439064883471,NY_PM,6,0.08991845276762421,day_anchor_std,server_midnight,0,0,0,0,1,0,TREND_STRONG,TREND_STRONG,TREND
5971.65,5973.15,5967.4,5970.15,0,0,0,2,0.9583439064883471,NY_PM,6,0.08991845276762421,day_anchor_std,server_midnight,0,0,0,0,1,0,TREND_STRONG,TREND_STRONG,TREND
5958.65,5961.9,5958.65,5961.9,0,0,0,1,0.9979961810523886,LONDON,6,1.8839099197005293,day_anchor_std,server_midnight,0,0,1,0,0,0,UNCLASSIFIED,TRANSITION_UNCLASSIFIED,TRANSITION
5961.75,5961.9,5957.65,5958.65,0,0,0,1,0.9979961810523886,LONDON,6,1.8839099197005293,day_anchor_std,server_midnight,0,0,1,0,0,0,UNCLASSIFIED,TRANSITION_UNCLASSIFIED,TRANSITION
5958.65,5958.9,5950.65,5950.9,0,0,0,1,0.9979961810523886,LONDON,6,1.8839099197005293,day_anchor_std,server_midnight,0,0,1,0,0,0,UNCLASSIFIED,TRANSITION_UNCLASSIFIED,TRANSITION
5950.9,5952.4,5908.9,5917.15,0,0,0,1,0.9979961810523886,LONDON,6,1.8839099197005293,day_anchor_std,server_midnight,0,0,1,0,0,0,UNCLASSIFIED,TRANSITION_UNCLASSIFIED,TRANSITION
