open,high,low,close,tick_volume,spread,real_volume,state_hat_H2,margin_H2,ctx_session_bucket,ctx_state_age,ctx_dist_vwap_atr,ctx_vwap_source,ctx_vwap_anchor,LOOK_FOR_balance_compression,LOOK_FOR_transition_inventory_reset,LOOK_FOR_transition_initiative,LOOK_FOR_trend_orderly_pullback_asia,LOOK_FOR_trend_orderly_pullback_west,LOOK_FOR_trend_overextended,quality_label,quality_label_full,base_state
3847.3,3852.2,3846.1,3850.8,0,0,0,0,0.9320290108776204,NY_PM,4,0.03663783544023121,day_anchor_std,server_midnight,1,0,0,0,0,0,UNCLASSIFIED,BALANCE_UNCLASSIFIED,BALANCE
3850.5,3852.0,3848.3,3848.3,0,0,0,0,0.9320290108776204,NY_PM,4,0.03663783544023121,day_anchor_std,server_midnight,1,0,0,0,0,0,UNCLASSIFIED,BALANCE_UNCLASSIFIED,BALANCE
3848.0,3848.5,3835.6,3836.3,0,0,0,0,0.9320290108776204,NY_PM,4,0.03663783544023121,day_anchor_std,server_midnight,1,0,0,0,0,0,UNCLASSIFIED,BALANCE_UNCLASSIFIED,BALANCE
3836.1,3841.2,3834.6,3839.5,0,0,0,0,0.9320290108776204,NY_PM,4,0.03663783544023121,day_anchor_std,server_midnight,1,0,0,0,0,0,UNCLASSIFIED,BALANCE_UNCLASSIFIED,BALANCE
3839.7,3843.0,3838.1,3840.1,0,0,0,0,0.9604223943081186,ASIA,5,0.20130718954247498,day_anchor_std,server_midnight,1,0,0,0,0,0,UNCLASSIFIED,BALANCE_UNCLASSIFIED,BALANCE
3840.2,3842.0,3838.6,3840.8,0,0,0,0,0.9604223943081186,ASIA,5,0.20130718954247498,day_anchor_std,server_midnight,1,0,0,0,0,0,UNCLASSIFIED,BALANCE_UNCLASSIFIED,BALANCE
3841.0,3847.3,3840.8,3847.3,0,0,0,0,0.9604223943081186,ASIA,5,0.20130718954247498,day_anchor_std,server_midnight,1,0,0,0,0,0,UNCLASSIFIED,BALANCE_UNCLASSIFIED,BALANCE
3847.8,3850.9,3847.5,3850.0,0,0,0,0,0.9604223943081186,ASIA,5,0.20130718954247498,day_anchor_std,server_midnight,1,0,0,0,0,0,UNCLASSIFIED,BALANCE_UNCLASSIFIED,BALANCE
3850.2,3851.7,3848.0,3848.7,0,0,0,0,0.9398709802255105,ASIA,6,0.2122040072859925,day_anchor_std,server_midnight,1,0,0,0,0,0,UNCLASSIFIED,BALANCE_UNCLASSIFIED,BALANCE
3848.5,3850.7,3848.2,3849.8,0,0,0,0,0.9398709802255105,ASIA,6,0.2122040072859925,day_anchor_std,server_midnight,1,0,0,0,0,0,UNCLASSIFIED,BALANCE_UNCLASSIFIED,BALANCE
3849.6,3851.3,3847.0,3848.3,0,0,0,0,0.9398709802255105,ASIA,6,0.2122040072859925,day_anchor_std,server_midnight,1,0,0,0,0,0,UNCLASSIFIED,BALANCE_UNCLASSIFIED,BALANCE
3848.0,3848.3,3841.1,3841.1,0,0,0,0,0.9398709802255105,ASIA,6,0.2122040072859925,day_anchor_std,server_midnight,1,0,0,0,0,0,UNCLASSIFIED,BALANCE_UNCLASSIFIED,BALANCE
3841.3,3844.8,3841.1,3843.1,0,0,0,0,0.9530122992150191,ASIA,7,0.11231231231234927,day_anchor_std,server_midnight,1,0,0,0,0,0,UNCLASSIFIED,BALANCE_UNCLASSIFIED,BALANCE
3843.0,3844.7,3837.7,3839.9,0,0,0,0,0.9530122992150191,ASIA,7,0.11231231231234927,day_anchor_std,server_midnight,1,0,0,0,0,0,UNCLASSIFIED,BALANCE_UNCLASSIFIED,BALANCE
3839.8,3844.8,3838.9,3842.1,0,0,0,0,0.9530122992150191,ASIA,7,0.11231231231234927,day_anchor_std,server_midnight,1,0,0,0,0,0,UNCLASSIFIED,BALANCE_UNCLASSIFIED,BALANCE
3842.3,3844.3,3833.9,3842.1,0,0,0,0,0.9530122992150191,ASIA,7,0.11231231231234927,day_anchor_std,server_midnight,1,0,0,0,0,0,UNCLASSIFIED,BALANCE_UNCLASSIFIED,BALANCE
3889.3,3889.8,3882.1,3883.9,0,0,0,2,0.8038868272548056,LONDON,3,0.4746412863220101,day_anchor_std,server_midnight,0,0,0,0,1,0,UNCLASSIFIED,TREND_UNCLASSIFIED,TREND
3884.0,3884.35,3877.1,3880.3,0,0,0,2,0.8038868272548056,LONDON,3,0.4746412863220101,day_anchor_std,server_midnight,0,0,0,0,1,0,UNCLASSIFIED,TREND_UNCLASSIFIED,TREND
3880.1,3880.9,3871.1,3875.6,0,0,0,2,0.8038868272548056,LONDON,3,0.4746412863220101,day_anchor_std,server_midnight,0,0,0,0,1,0,UNCLASSIFIED,TREND_UNCLASSIFIED,TREND
3875.4,3875.9,3869.9,3875.4,0,0,0,2,0.8038868272548056,LONDON,3,0.4746412863220101,day_anchor_std,server_midnight,0,0,0,0,1,0,UNCLASSIFIED,TREND_UNCLASSIFIED,TREND
3927.3,3934.2,3926.9,3931.7,0,0,0,1,0.9985447901163171,LONDON,2,0.8801075268817597,day_anchor_std,server_midnight,0,0,1,0,0,0,TRANSITION_NOISY,TRANSITION_NOISY,TRANSITION
3931.8,3935.9,3928.0,3935.1,0,0,0,1,0.9985447901163171,LONDON,2,0.8801075268817597,day_anchor_std,server_midnight,0,0,1,0,0,0,TRANSITION_NOISY,TRANSITION_NOISY,TRANSITION
3934.85,3938.1,3930.9,3935.8,0,0,0,1,0.9985447901163171,LONDON,2,0.8801075268817597,day_anchor_std,server_midnight,0,0,1,0,0,0,TRANSITION_NOISY,TRANSITION_NOISY,TRANSITION
3936.15,3945.0,3931.4,3936.8,0,0,0,1,0.9985447901163171,LONDON,2,0.8801075268817597,day_anchor_std,server_midnight,0,0,1,0,0,0,TRANSITION_NOISY,TRANSITION_NOISY,TRANSITION
3941.45,3949.9,3941.2,3948.1,0,0,0,1,0.9973028947231511,NY,4,1.7093269396924493,day_anchor_std,server_midnight,0,0,1,0,0,0,TRANSITION_NOISY,TRANSITION_NOISY,TRANSITION
3948.45,3948.8,3943.1,3945.5,0,0,0,1,0.9973028947231511,NY,4,1.7093269396924493,day_anchor_std,server_midnight,0,0,1,0,0,0,TRANSITION_NOISY,TRANSITION_NOISY,TRANSITION
3945.5,3955.7,3943.1,3952.0,0,0,0,1,0.9973028947231511,NY,4,1.7093269396924493,day_anchor_std,server_midnight,0,0,1,0,0,0,TRANSITION_NOISY,TRANSITION_NOISY,TRANSITION
3952.2,3954.7,3947.5,3950.0,0,0,0,1,0.9973028947231511,NY,4,1.7093269396924493,day_anchor_std,server_midnight,0,0,1,0,0,0,TRANSITION_NOISY,TRANSITION_NOISY,TRANSITION
3950.1,3953.2,3945.35,3951.7,0,0,0,1,0.9957145041288955,NY,5,3.069716169577135,day_anchor_std,server_midnight,0,0,1,0,0,0,UNCLASSIFIED,TRANSITION_UNCLASSIFIED,TRANSITION
3951.9,3958.85,3951.2,3956.5,0,0,0,1,0.9957145041288955,NY,5,3.069716169577135,day_anchor_std,server_midnight,0,0,1,0,0,0,UNCLASSIFIED,TRANSITION_UNCLASSIFIED,TRANSITION
3956.6,3962.6,3956.0,3959.5,0,0,0,1,0.9957145041288955,NY,5,3.069716169577135,day_anchor_std,server_midnight,0,0,1,0,0,0,UNCLASSIFIED,TRANSITION_UNCLASSIFIED,TRANSITION
3959.3,3969.1,3954.0,3968.5,0,0,0,1,0.9957145041288955,NY,5,3.069716169577135,day_anchor_std,server_midnight,0,0,1,0,0,0,UNCLASSIFIED,TRANSITION_UNCLASSIFIED,TRANSITION
3967.3,3969.8,3966.5,3968.8,0,0,0,2,0.9954380419375225,LONDON,3,0.802931889941301,day_anchor_std,server_midnight,0,0,0,0,1,0,UNCLASSIFIED,TREND_UNCLASSIFIED,TREND
3968.5,3970.5,3968.5,3968.8,0,0,0,2,0.9954380419375225,LONDON,3,0.802931889941301,day_anchor_std,server_midnight,0,0,0,0,1,0,UNCLASSIFIED,TREND_UNCLASSIFIED,TREND
3969.05,3974.25,3968.8,3972.0,0,0,0,2,0.9954380419375225,LONDON,3,0.802931889941301,day_anchor_std,server_midnight,0,0,0,0,1,0,UNCLASSIFIED,TREND_UNCLASSIFIED,TREND
3971.9,3978.45,3971.5,3978.2,0,0,0,2,0.9954380419375225,LONDON,3,0.802931889941301,day_anchor_std,server_midnight,0,0,0,0,1,0,UNCLASSIFIED,TREND_UNCLASSIFIED,TREND
4000.8,4003.15,3999.55,4001.3,0,0,0,2,0.819529637625951,NY_PM,3,0.3978220180364132,day_anchor_std,server_midnight,0,0,0,0,1,0,UNCLASSIFIED,TREND_UNCLASSIFIED,TREND
4001.4,4008.7,4000.55,4007.75,0,0,0,2,0.819529637625951,NY_PM,3,0.3978220180364132,day_anchor_std,server_midnight,0,0,0,0,1,0,UNCLASSIFIED,TREND_UNCLASSIFIED,TREND
4007.5,4008.25,4006.5,4006.8,0,0,0,2,0.819529637625951,NY_PM,3,0.3978220180364132,day_anchor_std,server_midnight,0,0,0,0,1,0,UNCLASSIFIED,TREND_UNCLASSIFIED,TREND
4007.0,4007.0,4005.0,4006.5,0,0,0,2,0.819529637625951,NY_PM,3,0.3978220180364132,day_anchor_std,server_midnight,0,0,0,0,1,0,UNCLASSIFIED,TREND_UNCLASSIFIED,TREND
3987.8,3989.8,3987.6,3988.3,0,0,0,0,0.32777826526103643,LONDON,2,0.3872340425531485,day_anchor_std,server_midnight,1,0,0,0,0,0,UNCLASSIFIED,BALANCE_UNCLASSIFIED,BALANCE
3988.6,3992.8,3988.1,3989.8,0,0,0,0,0.32777826526103643,LONDON,2,0.3872340425531485,day_anchor_std,server_midnight,1,0,0,0,0,0,UNCLASSIFIED,BALANCE_UNCLASSIFIED,BALANCE
3989.6,3990.8,3985.8,3986.2,0,0,0,0,0.32777826526103643,LONDON,2,0.3872340425531485,day_anchor_std,server_midnight,1,0,0,0,0,0,UNCLASSIFIED,BALANCE_UNCLASSIFIED,BALANCE
3986.2,3990.8,3985.6,3989.8,0,0,0,0,0.32777826526103643,LONDON,2,0.3872340425531485,day_anchor_std,server_midnight,1,0,0,0,0,0,UNCLASSIFIED,BALANCE_UNCLASSIFIED,BALANCE
3997.3,4000.7,3994.6,3998.0,0,0,0,0,0.9934422233195994,ASIA,2,0.04722592099425478,day_anchor_std,server_midnight,1,0,0,0,0,0,UNCLASSIFIED,BALANCE_UNCLASSIFIED,BALANCE
3997.75,3997.9,3989.0,3991.3,0,0,0,0,0.9934422233195994,ASIA,2,0.04722592099425478,day_anchor_std,server_midnight,1,0,0,0,0,0,UNCLASSIFIED,BALANCE_UNCLASSIFIED,BALANCE
3991.5,3994.0,3989.55,3993.8,0,0,0,0,0.9934422233195994,ASIA,2,0.04722592099425478,day_anchor_std,server_midnight,1,0,0,0,0,0,UNCLASSIFIED,BALANCE_UNCLASSIFIED,BALANCE
3993.5,3996.8,3992.8,3995.8,0,0,0,0,0.9934422233195994,ASIA,2,0.04722592099425478,day_anchor_std,server_midnight,1,0,0,0,0,0,UNCLASSIFIED,BALANCE_UNCLASSIFIED,BALANCE
3995.65,3996.0,3993.05,3993.8,0,0,0,0,0.9820767958974554,ASIA,3,0.2406950160036836,day_anchor_std,server_midnight,1,0,0,0,0,0,UNCLASSIFIED,BALANCE_UNCLASSIFIED,BALANCE
3994.0,3995.5,3992.8,3994.9,0,0,0,0,0.9820767958974554,ASIA,3,0.2406950160036836,day_anchor_std,server_midnight,1,0,0,0,0,0,UNCLASSIFIED,BALANCE_UNCLASSIFIED,BALANCE
3994.9,3997.0,3994.05,3996.3,0,0,0,0,0.9820767958974554,ASIA,3,0.2406950160036836,day_anchor_std,server_midnight,1,0,0,0,0,0,UNCLASSIFIED,BALANCE_UNCLASSIFIED,BALANCE
3996.0,3999.3,3995.8,3998.8,0,0,0,0,0.9820767958974554,ASIA,3,0.2406950160036836,day_anchor_std,server_midnight,1,0,0,0,0,0,UNCLASSIFIED,BALANCE_UNCLASSIFIED,BALANCE
3998.7,4000.8,3998.0,3999.1,0,0,0,0,0.9777057248055961,ASIA,4,0.03430471689857582,day_anchor_std,server_midnight,1,0,0,0,0,0,UNCLASSIFIED,BALANCE_UNCLASSIFIED,BALANCE
3998.9,4000.8,3994.1,3997.7,0,0,0,0,0.9777057248055961,ASIA,4,0.03430471689857582,day_anchor_std,server_midnight,1,0,0,0,0,0,UNCLASSIFIED,BALANCE_UNCLASSIFIED,BALANCE
3997.3,4001.6,3991.4,3993.1,0,0,0,0,0.9777057248055961,ASIA,4,0.03430471689857582,day_anchor_std,server_midnight,1,0,0,0,0,0,UNCLASSIFIED,BALANCE_UNCLASSIFIED,BALANCE
3993.1,3996.1,3989.15,3996.1,0,0,0,0,0.9777057248055961,ASIA,4,0.03430471689857582,day_anchor_std,server_midnight,1,0,0,0,0,0,UNCLASSIFIED,BALANCE_UNCLASSIFIED,BALANCE
3995.9,3996.85,3991.9,3992.9,0,0,0,0,0.9440891877085671,ASIA,5,0.03827128351992337,day_anchor_std,server_midnight,1,0,0,0,0,0,UNCLASSIFIED,BALANCE_UNCLASSIFIED,BALANCE
3992.8,3994.5,3990.65,3993.6,0,0,0,0,0.9440891877085671,ASIA,5,0.03827128351992337,day_anchor_std,server_midnight,1,0,0,0,0,0,UNCLASSIFIED,BALANCE_UNCLASSIFIED,BALANCE
3993.4,3994.9,3991.6,3991.9,0,0,0,0,0.9440891877085671,ASIA,5,0.03827128351992337,day_anchor_std,server_midnight,1,0,0,0,0,0,UNCLASSIFIED,BALANCE_UNCLASSIFIED,BALANCE
3991.9,3997.4,3990.4,3995.0,0,0,0,0,0.9440891877085671,ASIA,5,0.03827128351992337,day_anchor_std,server_midnight,1,0,0,0,0,0,UNCLASSIFIED,BALANCE_UNCLASSIFIED,BALANCE
4008.9,4014.6,3999.0,4007.7,0,0,0,1,0.9781421948108346,LONDON,1,1.8014930217462055,day_anchor_std,server_midnight,0,0,1,0,0,0,UNCLASSIFIED,TRANSITION_UNCLASSIFIED,TRANSITION
4007.4,4008.05,3978.1,3985.3,0,0,0,1,0.9781421948108346,LONDON,1,1.8014930217462055,day_anchor_std,server_midnight,0,0,1,0,0,0,UNCLASSIFIED,TRANSITION_UNCLASSIFIED,TRANSITION
3985.1,3987.2,3962.8,3966.9,0,0,0,1,0.9781421948108346,LONDON,1,1.8014930217462055,day_anchor_std,server_midnight,0,0,1,0,0,0,UNCLASSIFIED,TRANSITION_UNCLASSIFIED,TRANSITION
3966.75,3966.75,3955.2,3961.6,0,0,0,1,0.9781421948108346,LONDON,1,1.8014930217462055,day_anchor_std,server_midnight,0,0,1,0,0,0,UNCLASSIFIED,TRANSITION_UNCLASSIFIED,TRANSITION
3961.4,3963.5,3948.9,3950.4,0,0,0,1,0.991132870063095,NY,2,2.2753247584309335,day_anchor_std,server_midnight,0,0,1,0,0,0,TRANSITION_NOISY,TRANSITION_NOISY,TRANSITION
3950.1,3954.1,3945.45,3946.7,0,0,0,1,0.991132870063095,NY,2,2.2753247584309335,day_anchor_std,server_midnight,0,0,1,0,0,0,TRANSITION_NOISY,TRANSITION_NOISY,TRANSITION
3946.9,3949.4,3938.6,3946.2,0,0,0,1,0.991132870063095,NY,2,2.2753247584309335,day_anchor_std,server_midnight,0,0,1,0,0,0,TRANSITION_NOISY,TRANSITION_NOISY,TRANSITION
3945.9,3953.5,3943.5,3948.9,0,0,0,1,0.991132870063095,NY,2,2.2753247584309335,day_anchor_std,server_midnight,0,0,1,0,0,0,TRANSITION_NOISY,TRANSITION_NOISY,TRANSITION
3949.1,3950.8,3944.2,3950.35,0,0,0,1,0.9976311392427106,NY,3,3.2096632269418386,day_anchor_std,server_midnight,0,0,1,0,0,0,UNCLASSIFIED,TRANSITION_UNCLASSIFIED,TRANSITION
3950.1,3952.2,3943.7,3944.5,0,0,0,1,0.9976311392427106,NY,3,3.2096632269418386,day_anchor_std,server_midnight,0,0,1,0,0,0,UNCLASSIFIED,TRANSITION_UNCLASSIFIED,TRANSITION
3944.35,3948.9,3940.5,3941.4,0,0,0,1,0.9976311392427106,NY,3,3.2096632269418386,day_anchor_std,server_midnight,0,0,1,0,0,0,UNCLASSIFIED,TRANSITION_UNCLASSIFIED,TRANSITION
3941.1,3941.8,3926.2,3929.0,0,0,0,1,0.9976311392427106,NY,3,3.2096632269418386,day_anchor_std,server_midnight,0,0,1,0,0,0,UNCLASSIFIED,TRANSITION_UNCLASSIFIED,TRANSITION
3923.55,3924.8,3922.8,3923.7,0,0,0,2,0.9417048800076282,ASIA,3,0.28655952666508144,day_anchor_std,server_midnight,0,0,0,1,0,0,UNCLASSIFIED,TREND_UNCLASSIFIED,TREND
3923.6,3923.8,3919.85,3920.7,0,0,0,2,0.9417048800076282,ASIA,3,0.28655952666508144,day_anchor_std,server_midnight,0,0,0,1,0,0,UNCLASSIFIED,TREND_UNCLASSIFIED,TREND
3920.7,3922.6,3919.0,3921.9,0,0,0,2,0.9417048800076282,ASIA,3,0.28655952666508144,day_anchor_std,server_midnight,0,0,0,1,0,0,UNCLASSIFIED,TREND_UNCLASSIFIED,TREND
3921.85,3923.1,3918.1,3918.4,0,0,0,2,0.9417048800076282,ASIA,3,0.28655952666508144,day_anchor_std,server_midnight,0,0,0,1,0,0,UNCLASSIFIED,TREND_UNCLASSIFIED,TREND
3918.7,3920.6,3913.9,3917.8,0,0,0,2,0.9944766529859739,ASIA,4,0.5476736523000212,day_anchor_std,server_midnight,0,0,0,1,0,0,UNCLASSIFIED,TREND_UNCLASSIFIED,TREND
3917.6,3920.8,3917.6,3919.2,0,0,0,2,0.9944766529859739,ASIA,4,0.5476736523000212,day_anchor_std,server_midnight,0,0,0,1,0,0,UNCLASSIFIED,TREND_UNCLASSIFIED,TREND
3919.5,3926.7,3919.2,3923.6,0,0,0,2,0.9944766529859739,ASIA,4,0.5476736523000212,day_anchor_std,server_midnight,0,0,0,1,0,0,UNCLASSIFIED,TREND_UNCLASSIFIED,TREND
3924.0,3924.0,3912.7,3912.7,0,0,0,2,0.9944766529859739,ASIA,4,0.5476736523000212,day_anchor_std,server_midnight,0,0,0,1,0,0,UNCLASSIFIED,TREND_UNCLASSIFIED,TREND
3912.8,3918.1,3912.2,3912.2,0,0,0,2,0.9947017257822136,ASIA,5,0.7294685990338328,day_anchor_std,server_midnight,0,0,0,1,0,0,UNCLASSIFIED,TREND_UNCLASSIFIED,TREND
3911.9,3913.7,3909.7,3911.1,0,0,0,2,0.9947017257822136,ASIA,5,0.7294685990338328,day_anchor_std,server_midnight,0,0,0,1,0,0,UNCLASSIFIED,TREND_UNCLASSIFIED,TREND
3911.2,3914.7,3907.2,3907.2,0,0,0,2,0.9947017257822136,ASIA,5,0.7294685990338328,day_anchor_std,server_midnight,0,0,0,1,0,0,UNCLASSIFIED,TREND_UNCLASSIFIED,TREND
3907.5,3908.2,3905.0,3907.7,0,0,0,2,0.9947017257822136,ASIA,5,0.7294685990338328,day_anchor_std,server_midnight,0,0,0,1,0,0,UNCLASSIFIED,TREND_UNCLASSIFIED,TREND
3894.1,3897.7,3892.2,3897.7,0,0,0,2,0.9750534024980271,LONDON,7,0.5627546296296108,day_anchor_std,server_midnight,0,0,0,0,1,0,UNCLASSIFIED,TREND_UNCLASSIFIED,TREND
3897.2,3901.5,3889.3,3900.1,0,0,0,2,0.9750534024980271,LONDON,7,0.5627546296296108,day_anchor_std,server_midnight,0,0,0,0,1,0,UNCLASSIFIED,TREND_UNCLASSIFIED,TREND
3900.4,3904.8,3896.2,3904.8,0,0,0,2,0.9750534024980271,LONDON,7,0.5627546296296108,day_anchor_std,server_midnight,0,0,0,0,1,0,UNCLASSIFIED,TREND_UNCLASSIFIED,TREND
3905.3,3915.95,3898.4,3905.0,0,0,0,2,0.9750534024980271,LONDON,7,0.5627546296296108,day_anchor_std,server_midnight,0,0,0,0,1,0,UNCLASSIFIED,TREND_UNCLASSIFIED,TREND
3904.8,3911.15,3896.8,3903.0,0,0,0,2,0.8881115322724417,LONDON,8,1.2178858599725517,day_anchor_std,server_midnight,0,0,0,0,0,1,UNCLASSIFIED,TREND_UNCLASSIFIED,TREND
3903.2,3903.2,3888.1,3891.85,0,0,0,2,0.8881115322724417,LONDON,8,1.2178858599725517,day_anchor_std,server_midnight,0,0,0,0,0,1,UNCLASSIFIED,TREND_UNCLASSIFIED,TREND
3892.1,3902.75,3889.4,3890.35,0,0,0,2,0.8881115322724417,LONDON,8,1.2178858599725517,day_anchor_std,server_midnight,0,0,0,0,0,1,UNCLASSIFIED,TREND_UNCLASSIFIED,TREND
3890.1,3892.8,3885.0,3890.5,0,0,0,2,0.8881115322724417,LONDON,8,1.2178858599725517,day_anchor_std,server_midnight,0,0,0,0,0,1,UNCLASSIFIED,TREND_UNCLASSIFIED,TREND
3890.2,3902.55,3890.2,3895.9,0,0,0,2,0.7519257548561661,NY,9,0.08704974271011524,day_anchor_std,server_midnight,0,0,0,0,1,0,UNCLASSIFIED,TREND_UNCLASSIFIED,TREND
3895.5,3898.5,3891.6,3898.3,0,0,0,2,0.7519257548561661,NY,9,0.08704974271011524,day_anchor_std,server_midnight,0,0,0,0,1,0,UNCLASSIFIED,TREND_UNCLASSIFIED,TREND
3898.5,3909.3,3897.7,3903.7,0,0,0,2,0.7519257548561661,NY,9,0.08704974271011524,day_anchor_std,server_midnight,0,0,0,0,1,0,UNCLASSIFIED,TREND_UNCLASSIFIED,TREND
3903.9,3918.2,3903.9,3910.4,0,0,0,2,0.7519257548561661,NY,9,0.08704974271011524,day_anchor_std,server_midnight,0,0,0,0,1,0,UNCLASSIFIED,TREND_UNCLASSIFIED,TREND
3910.7,3921.2,3904.9,3918.7,0,0,0,2,0.5463590965488201,NY,10,0.7297373943621978,day_anchor_std,server_midnight,0,0,0,0,1,0,UNCLASSIFIED,TREND_UNCLASSIFIED,TREND
3918.7,3922.9,3915.0,3917.0,0,0,0,2,0.5463590965488201,NY,10,0.7297373943621978,day_anchor_std,server_midnight,0,0,0,0,1,0,UNCLASSIFIED,TREND_UNCLASSIFIED,TREND
3917.2,3921.2,3911.3,3914.9,0,0,0,2,0.5463590965488201,NY,10,0.7297373943621978,day_anchor_std,server_midnight,0,0,0,0,1,0,UNCLASSIFIED,TREND_UNCLASSIFIED,TREND
3915.3,3915.4,3897.3,3899.2,0,0,0,2,0.5463590965488201,NY,10,0.7297373943621978,day_anchor_std,server_midnight,0,0,0,0,1,0,UNCLASSIFIED,TREND_UNCLASSIFIED,TREND
3903.9,3905.2,3903.5,3903.8,0,0,0,0,0.9116394814417728,ASIA,3,0.06992163954189533,day_anchor_std,server_midnight,1,0,0,0,0,0,UNCLASSIFIED,BALANCE_UNCLASSIFIED,BALANCE
3904.1,3906.9,3904.1,3905.35,0,0,0,0,0.9116394814417728,ASIA,3,0.06992163954189533,day_anchor_std,server_midnight,1,0,0,0,0,0,UNCLASSIFIED,BALANCE_UNCLASSIFIED,BALANCE
3905.7,3907.0,3905.0,3905.2,0,0,0,0,0.9116394814417728,ASIA,3,0.06992163954189533,day_anchor_std,server_midnight,1,0,0,0,0,0,UNCLASSIFIED,BALANCE_UNCLASSIFIED,BALANCE
3905.5,3907.2,3905.2,3906.8,0,0,0,0,0.9116394814417728,ASIA,3,0.06992163954189533,day_anchor_std,server_midnight,1,0,0,0,0,0,UNCLASSIFIED,BALANCE_UNCLASSIFIED,BALANCE
3909.3,3922.65,3905.9,3921.9,0,0,0,1,0.3848488357351046,LONDON,1,1.3512127207445044,day_anchor_std,server_midnight,0,0,1,0,0,0,UNCLASSIFIED,TRANSITION_UNCLASSIFIED,TRANSITION
3922.4,3924.1,3916.3,3919.2,0,0,0,1,0.3848488357351046,LONDON,1,1.3512127207445044,day_anchor_std,server_midnight,0,0,1,0,0,0,UNCLASSIFIED,TRANSITION_UNCLASSIFIED,TRANSITION
3919.4,3936.45,3918.45,3936.0,0,0,0,1,0.3848488357351046,LONDON,1,1.3512127207445044,day_anchor_std,server_midnight,0,0,1,0,0,0,UNCLASSIFIED,TRANSITION_UNCLASSIFIED,TRANSITION
3936.2,3937.4,3928.7,3930.4,0,0,0,1,0.3848488357351046,LONDON,1,1.3512127207445044,day_anchor_std,server_midnight,0,0,1,0,0,0,UNCLASSIFIED,TRANSITION_UNCLASSIFIED,TRANSITION
3970.2,3971.2,3967.0,3968.5,0,0,0,2,0.9961495961976355,NY_PM,3,0.03166141668683019,day_anchor_std,server_midnight,0,0,0,0,1,0,TREND_STRONG,TREND_STRONG,TREND
3968.6,3969.0,3965.3,3967.3,0,0,0,2,0.9961495961976355,NY_PM,3,0.03166141668683019,day_anchor_std,server_midnight,0,0,0,0,1,0,TREND_STRONG,TREND_STRONG,TREND
3967.5,3967.75,3964.8,3967.3,0,0,0,2,0.9961495961976355,NY_PM,3,0.03166141668683019,day_anchor_std,server_midnight,0,0,0,0,1,0,TREND_STRONG,TREND_STRONG,TREND
3967.5,3969.5,3965.3,3967.3,0,0,0,2,0.9961495961976355,NY_PM,3,0.03166141668683019,day_anchor_std,server_midnight,0,0,0,0,1,0,TREND_STRONG,TREND_STRONG,TREND
4028.3,4028.6,4023.9,4024.5,0,0,0,2,0.6479578765914613,ASIA,3,0.0772261623325577,day_anchor_std,server_midnight,0,0,0,1,0,0,UNCLASSIFIED,TREND_UNCLASSIFIED,TREND
4024.6,4028.6,4024.1,4025.9,0,0,0,2,0.6479578765914613,ASIA,3,0.0772261623325577,day_anchor_std,server_midnight,0,0,0,1,0,0,UNCLASSIFIED,TREND_UNCLASSIFIED,TREND
4026.3,4032.85,4025.4,4029.1,0,0,0,2,0.6479578765914613,ASIA,3,0.0772261623325577,day_anchor_std,server_midnight,0,0,0,1,0,0,UNCLASSIFIED,TREND_UNCLASSIFIED,TREND
4029.1,4029.6,4024.9,4025.2,0,0,0,2,0.6479578765914613,ASIA,3,0.0772261623325577,day_anchor_std,server_midnight,0,0,0,1,0,0,UNCLASSIFIED,TREND_UNCLASSIFIED,TREND
4025.4,4029.9,4023.2,4023.4,0,0,0,2,0.9562058899319387,ASIA,4,0.009637567909533941,day_anchor_std,server_midnight,0,0,0,1,0,0,UNCLASSIFIED,TREND_UNCLASSIFIED,TREND
4023.2,4023.4,4018.5,4019.2,0,0,0,2,0.9562058899319387,ASIA,4,0.009637567909533941,day_anchor_std,server_midnight,0,0,0,1,0,0,UNCLASSIFIED,TREND_UNCLASSIFIED,TREND
4019.5,4022.95,4019.2,4021.3,0,0,0,2,0.9562058899319387,ASIA,4,0.009637567909533941,day_anchor_std,server_midnight,0,0,0,1,0,0,UNCLASSIFIED,TREND_UNCLASSIFIED,TREND
4021.2,4026.7,4021.2,4024.45,0,0,0,2,0.9562058899319387,ASIA,4,0.009637567909533941,day_anchor_std,server_midnight,0,0,0,1,0,0,UNCLASSIFIED,TREND_UNCLASSIFIED,TREND
4024.6,4026.7,4023.5,4024.5,0,0,0,2,0.9722367519029513,LONDON,5,0.6551548578701863,day_anchor_std,server_midnight,0,0,0,0,1,0,TREND_STRONG,TREND_STRONG,TREND
4024.0,4024.6,4021.6,4023.8,0,0,0,2,0.9722367519029513,LONDON,5,0.6551548578701863,day_anchor_std,server_midnight,0,0,0,0,1,0,TREND_STRONG,TREND_STRONG,TREND
4023.5,4026.3,4023.4,4024.5,0,0,0,2,0.9722367519029513,LONDON,5,0.6551548578701863,day_anchor_std,server_midnight,0,0,0,0,1,0,TREND_STRONG,TREND_STRONG,TREND
4024.65,4041.3,4024.5,4036.9,0,0,0,2,0.9722367519029513,LONDON,5,0.6551548578701863,day_anchor_std,server_midnight,0,0,0,0,1,0,TREND_STRONG,TREND_STRONG,TREND
4036.7,4039.7,4030.9,4035.4,0,0,0,2,0.9300165437429548,LONDON,6,0.0010989996860097983,day_anchor_std,server_midnight,0,0,0,0,1,0,UNCLASSIFIED,TREND_UNCLASSIFIED,TREND
4035.1,4041.1,4023.7,4038.9,0,0,0,2,0.9300165437429548,LONDON,6,0.0010989996860097983,day_anchor_std,server_midnight,0,0,0,0,1,0,UNCLASSIFIED,TREND_UNCLASSIFIED,TREND
4039.0,4047.1,4038.6,4042.5,0,0,0,2,0.9300165437429548,LONDON,6,0.0010989996860097983,day_anchor_std,server_midnight,0,0,0,0,1,0,UNCLASSIFIED,TREND_UNCLASSIFIED,TREND
4043.0,4052.3,4020.2,4027.0,0,0,0,2,0.9300165437429548,LONDON,6,0.0010989996860097983,day_anchor_std,server_midnight,0,0,0,0,1,0,UNCLASSIFIED,TREND_UNCLASSIFIED,TREND
4027.5,4044.7,4021.3,4039.1,0,0,0,2,0.8618133457697162,LONDON,7,0.08174588496394711,day_anchor_std,server_midnight,0,0,0,0,1,0,UNCLASSIFIED,TREND_UNCLASSIFIED,TREND
4039.3,4043.3,4012.9,4015.9,0,0,0,2,0.8618133457697162,LONDON,7,0.08174588496394711,day_anchor_std,server_midnight,0,0,0,0,1,0,UNCLASSIFIED,TREND_UNCLASSIFIED,TREND
4015.8,4028.1,4012.9,4023.0,0,0,0,2,0.8618133457697162,LONDON,7,0.08174588496394711,day_anchor_std,server_midnight,0,0,0,0,1,0,UNCLASSIFIED,TREND_UNCLASSIFIED,TREND
4022.5,4029.9,4020.8,4029.2,0,0,0,2,0.8618133457697162,LONDON,7,0.08174588496394711,day_anchor_std,server_midnight,0,0,0,0,1,0,UNCLASSIFIED,TREND_UNCLASSIFIED,TREND
4029.4,4040.5,4029.2,4035.3,0,0,0,2,0.8974619051727234,NY,8,0.6971819645732853,day_anchor_std,server_midnight,0,0,0,0,1,0,UNCLASSIFIED,TREND_UNCLASSIFIED,TREND
4035.3,4039.85,4029.0,4034.2,0,0,0,2,0.8974619051727234,NY,8,0.6971819645732853,day_anchor_std,server_midnight,0,0,0,0,1,0,UNCLASSIFIED,TREND_UNCLASSIFIED,TREND
4034.5,4038.0,4028.7,4035.5,0,0,0,2,0.8974619051727234,NY,8,0.6971819645732853,day_anchor_std,server_midnight,0,0,0,0,1,0,UNCLASSIFIED,TREND_UNCLASSIFIED,TREND
4035.7,4047.45,4035.5,4041.5,0,0,0,2,0.8974619051727234,NY,8,0.6971819645732853,day_anchor_std,server_midnight,0,0,0,0,1,0,UNCLASSIFIED,TREND_UNCLASSIFIED,TREND
4041.3,4047.65,4037.6,4043.0,0,0,0,2,0.4902642213611727,NY,9,1.7094336144523048,day_anchor_std,server_midnight,0,0,0,0,0,1,UNCLASSIFIED,TREND_UNCLASSIFIED,TREND
4043.2,4049.3,4042.5,4047.0,0,0,0,2,0.4902642213611727,NY,9,1.7094336144523048,day_anchor_std,server_midnight,0,0,0,0,0,1,UNCLASSIFIED,TREND_UNCLASSIFIED,TREND
4047.2,4054.2,4043.8,4051.3,0,0,0,2,0.4902642213611727,NY,9,1.7094336144523048,day_anchor_std,server_midnight,0,0,0,0,0,1,UNCLASSIFIED,TREND_UNCLASSIFIED,TREND
4051.0,4061.6,4047.65,4059.85,0,0,0,2,0.4902642213611727,NY,9,1.7094336144523048,day_anchor_std,server_midnight,0,0,0,0,0,1,UNCLASSIFIED,TREND_UNCLASSIFIED,TREND
4059.6,4061.1,4054.7,4055.9,0,0,0,2,0.10607754488825544,NY_PM,10,1.3024529721595124,day_anchor_std,server_midnight,0,0,0,0,0,1,TREND_FRAGILE,TREND_FRAGILE,TREND
4056.1,4056.1,4052.0,4052.2,0,0,0,2,0.10607754488825544,NY_PM,10,1.3024529721595124,day_anchor_std,server_midnight,0,0,0,0,0,1,TREND_FRAGILE,TREND_FRAGILE,TREND
4049.0,4051.0,4048.75,4051.0,0,0,0,0,0.004612020981640097,ASIA,2,0.02473285074112599,day_anchor_std,server_midnight,1,0,0,0,0,0,BALANCE_LEAKING,BALANCE_LEAKING,BALANCE
4050.9,4051.0,4049.8,4050.0,0,0,0,0,0.004612020981640097,ASIA,2,0.02473285074112599,day_anchor_std,server_midnight,1,0,0,0,0,0,BALANCE_LEAKING,BALANCE_LEAKING,BALANCE
4050.3,4050.5,4048.5,4049.5,0,0,0,0,0.004612020981640097,ASIA,2,0.02473285074112599,day_anchor_std,server_midnight,1,0,0,0,0,0,BALANCE_LEAKING,BALANCE_LEAKING,BALANCE
4049.4,4049.5,4043.6,4047.55,0,0,0,0,0.004612020981640097,ASIA,2,0.02473285074112599,day_anchor_std,server_midnight,1,0,0,0,0,0,BALANCE_LEAKING,BALANCE_LEAKING,BALANCE
4047.55,4047.8,4044.1,4047.6,0,0,0,0,0.6328304738456807,ASIA,3,0.12338795967788488,day_anchor_std,server_midnight,1,0,0,0,0,0,BALANCE_LEAKING,BALANCE_LEAKING,BALANCE
4047.4,4049.8,4046.6,4047.7,0,0,0,0,0.6328304738456807,ASIA,3,0.12338795967788488,day_anchor_std,server_midnight,1,0,0,0,0,0,BALANCE_LEAKING,BALANCE_LEAKING,BALANCE
4047.85,4048.6,4042.1,4044.0,0,0,0,0,0.6328304738456807,ASIA,3,0.12338795967788488,day_anchor_std,server_midnight,1,0,0,0,0,0,BALANCE_LEAKING,BALANCE_LEAKING,BALANCE
4043.8,4048.9,4043.65,4045.6,0,0,0,0,0.6328304738456807,ASIA,3,0.12338795967788488,day_anchor_std,server_midnight,1,0,0,0,0,0,BALANCE_LEAKING,BALANCE_LEAKING,BALANCE
4009.6,4010.6,4003.7,4006.2,0,0,0,1,0.9940409621103264,ASIA,2,1.0249575027043918,day_anchor_std,server_midnight,0,0,1,0,0,0,UNCLASSIFIED,TRANSITION_UNCLASSIFIED,TRANSITION
4005.9,4009.0,4005.2,4006.2,0,0,0,1,0.9940409621103264,ASIA,2,1.0249575027043918,day_anchor_std,server_midnight,0,0,1,0,0,0,UNCLASSIFIED,TRANSITION_UNCLASSIFIED,TRANSITION
4006.3,4006.4,4002.2,4004.2,0,0,0,1,0.9940409621103264,ASIA,2,1.0249575027043918,day_anchor_std,server_midnight,0,0,1,0,0,0,UNCLASSIFIED,TRANSITION_UNCLASSIFIED,TRANSITION
4004.4,4004.9,3998.5,3998.5,0,0,0,1,0.9940409621103264,ASIA,2,1.0249575027043918,day_anchor_std,server_midnight,0,0,1,0,0,0,UNCLASSIFIED,TRANSITION_UNCLASSIFIED,TRANSITION
4062.4,4066.9,4062.2,4065.2,0,0,0,2,0.9889520918409382,ASIA,6,0.0276134122288031,day_anchor_std,server_midnight,0,0,0,1,0,0,TREND_STRONG,TREND_STRONG,TREND
4065.4,4066.4,4064.7,4065.4,0,0,0,2,0.9889520918409382,ASIA,6,0.0276134122288031,day_anchor_std,server_midnight,0,0,0,1,0,0,TREND_STRONG,TREND_STRONG,TREND
4065.3,4068.2,4065.2,4067.7,0,0,0,2,0.9889520918409382,ASIA,6,0.0276134122288031,day_anchor_std,server_midnight,0,0,0,1,0,0,TREND_STRONG,TREND_STRONG,TREND
4067.8,4068.4,4065.45,4065.9,0,0,0,2,0.9889520918409382,ASIA,6,0.0276134122288031,day_anchor_std,server_midnight,0,0,0,1,0,0,TREND_STRONG,TREND_STRONG,TREND
4061.7,4074.6,4044.2,4060.6,0,0,0,1,0.5889344574761584,NY,1,2.691469810991703,day_anchor_std,server_midnight,0,0,1,0,0,0,UNCLASSIFIED,TRANSITION_UNCLASSIFIED,TRANSITION
4060.85,4117.25,4037.7,4105.7,0,0,0,1,0.5889344574761584,NY,1,2.691469810991703,day_anchor_std,server_midnight,0,0,1,0,0,0,UNCLASSIFIED,TRANSITION_UNCLASSIFIED,TRANSITION
4106.75,4132.6,4105.8,4127.15,0,0,0,1,0.5889344574761584,NY,1,2.691469810991703,day_anchor_std,server_midnight,0,0,1,0,0,0,UNCLASSIFIED,TRANSITION_UNCLASSIFIED,TRANSITION
4127.1,4151.6,4114.65,4122.3,0,0,0,1,0.5889344574761584,NY,1,2.691469810991703,day_anchor_std,server_midnight,0,0,1,0,0,0,UNCLASSIFIED,TRANSITION_UNCLASSIFIED,TRANSITION
4158.25,4161.1,4155.75,4159.5,0,0,0,0,0.9644623563808834,NY_PM,2,0.17201480737397856,day_anchor_std,server_midnight,1,0,0,0,0,0,BALANCE_LEAKING,BALANCE_LEAKING,BALANCE
4159.55,4162.25,4158.75,4159.4,0,0,0,0,0.9644623563808834,NY_PM,2,0.17201480737397856,day_anchor_std,server_midnight,1,0,0,0,0,0,BALANCE_LEAKING,BALANCE_LEAKING,BALANCE
4159.55,4160.55,4155.25,4155.8,0,0,0,0,0.9644623563808834,NY_PM,2,0.17201480737397856,day_anchor_std,server_midnight,1,0,0,0,0,0,BALANCE_LEAKING,BALANCE_LEAKING,BALANCE
4155.85,4157.25,4153.05,4154.8,0,0,0,0,0.9644623563808834,NY_PM,2,0.17201480737397856,day_anchor_std,server_midnight,1,0,0,0,0,0,BALANCE_LEAKING,BALANCE_LEAKING,BALANCE
4154.9,4158.25,4154.75,4156.55,0,0,0,0,0.9691417691980964,ASIA,3,0.04795341668093854,day_anchor_std,server_midnight,1,0,0,0,0,0,UNCLASSIFIED,BALANCE_UNCLASSIFIED,BALANCE
4156.5,4158.25,4156.15,4158.05,0,0,0,0,0.9691417691980964,ASIA,3,0.04795341668093854,day_anchor_std,server_midnight,1,0,0,0,0,0,UNCLASSIFIED,BALANCE_UNCLASSIFIED,BALANCE
4158.2,4158.9,4157.2,4158.05,0,0,0,0,0.9691417691980964,ASIA,3,0.04795341668093854,day_anchor_std,server_midnight,1,0,0,0,0,0,UNCLASSIFIED,BALANCE_UNCLASSIFIED,BALANCE
4158.05,4160.05,4158.0,4158.9,0,0,0,0,0.9691417691980964,ASIA,3,0.04795341668093854,day_anchor_std,server_midnight,1,0,0,0,0,0,UNCLASSIFIED,BALANCE_UNCLASSIFIED,BALANCE
4159.05,4160.75,4156.25,4159.75,0,0,0,0,0.8042890695436768,ASIA,4,0.0322204742760352,day_anchor_std,server_midnight,1,0,0,0,0,0,UNCLASSIFIED,BALANCE_UNCLASSIFIED,BALANCE
4159.55,4161.75,4156.55,4157.85,0,0,0,0,0.8042890695436768,ASIA,4,0.0322204742760352,day_anchor_std,server_midnight,1,0,0,0,0,0,UNCLASSIFIED,BALANCE_UNCLASSIFIED,BALANCE
4158.05,4160.55,4157.75,4158.35,0,0,0,0,0.8042890695436768,ASIA,4,0.0322204742760352,day_anchor_std,server_midnight,1,0,0,0,0,0,UNCLASSIFIED,BALANCE_UNCLASSIFIED,BALANCE
4158.25,4158.35,4154.75,4157.25,0,0,0,0,0.8042890695436768,ASIA,4,0.0322204742760352,day_anchor_std,server_midnight,1,0,0,0,0,0,UNCLASSIFIED,BALANCE_UNCLASSIFIED,BALANCE
4145.65,4150.0,4142.55,4148.1,0,0,0,0,0.7773609610553684,ASIA,6,0.2947721255140695,day_anchor_std,server_midnight,1,0,0,0,0,0,UNCLASSIFIED,BALANCE_UNCLASSIFIED,BALANCE
4148.05,4152.0,4147.25,4147.25,0,0,0,0,0.7773609610553684,ASIA,6,0.2947721255140695,day_anchor_std,server_midnight,1,0,0,0,0,0,UNCLASSIFIED,BALANCE_UNCLASSIFIED,BALANCE
4147.25,4149.05,4143.75,4143.75,0,0,0,0,0.7773609610553684,ASIA,6,0.2947721255140695,day_anchor_std,server_midnight,1,0,0,0,0,0,UNCLASSIFIED,BALANCE_UNCLASSIFIED,BALANCE
4143.75,4148.5,4142.75,4147.75,0,0,0,0,0.7773609610553684,ASIA,6,0.2947721255140695,day_anchor_std,server_midnight,1,0,0,0,0,0,UNCLASSIFIED,BALANCE_UNCLASSIFIED,BALANCE
4115.6,4116.5,4109.05,4111.35,0,0,0,2,0.6409818426970926,ASIA,3,0.7692876965772647,day_anchor_std,server_midnight,0,0,0,1,0,0,TREND_STRONG,TREND_STRONG,TREND
4111.55,4114.65,4103.55,4103.85,0,0,0,2,0.6409818426970926,ASIA,3,0.7692876965772647,day_anchor_std,server_midnight,0,0,0,1,0,0,TREND_STRONG,TREND_STRONG,TREND
4103.95,4104.85,4099.35,4101.2,0,0,0,2,0.6409818426970926,ASIA,3,0.7692876965772647,day_anchor_std,server_midnight,0,0,0,1,0,0,TREND_STRONG,TREND_STRONG,TREND
4101.05,4103.05,4096.55,4102.85,0,0,0,2,0.6409818426970926,ASIA,3,0.7692876965772647,day_anchor_std,server_midnight,0,0,0,1,0,0,TREND_STRONG,TREND_STRONG,TREND
4125.45,4132.65,4124.65,4124.95,0,0,0,1,0.8623129737367544,NY,5,1.8374590766353063,day_anchor_std,server_midnight,0,0,1,0,0,0,UNCLASSIFIED,TRANSITION_UNCLASSIFIED,TRANSITION
4124.65,4125.25,4104.65,4112.65,0,0,0,1,0.8623129737367544,NY,5,1.8374590766353063,day_anchor_std,server_midnight,0,0,1,0,0,0,UNCLASSIFIED,TRANSITION_UNCLASSIFIED,TRANSITION
4112.65,4113.65,4105.45,4109.45,0,0,0,1,0.8623129737367544,NY,5,1.8374590766353063,day_anchor_std,server_midnight,0,0,1,0,0,0,UNCLASSIFIED,TRANSITION_UNCLASSIFIED,TRANSITION
4109.65,4116.45,4101.65,4104.65,0,0,0,1,0.8623129737367544,NY,5,1.8374590766353063,day_anchor_std,server_midnight,0,0,1,0,0,0,UNCLASSIFIED,TRANSITION_UNCLASSIFIED,TRANSITION
4066.15,4066.15,4054.85,4055.35,0,0,0,1,0.986830263271468,LONDON,6,1.2596596596596887,day_anchor_std,server_midnight,0,0,1,0,0,0,UNCLASSIFIED,TRANSITION_UNCLASSIFIED,TRANSITION
4055.65,4057.35,4053.55,4055.35,0,0,0,1,0.986830263271468,LONDON,6,1.2596596596596887,day_anchor_std,server_midnight,0,0,1,0,0,0,UNCLASSIFIED,TRANSITION_UNCLASSIFIED,TRANSITION
4055.35,4060.85,4052.65,4059.85,0,0,0,1,0.986830263271468,LONDON,6,1.2596596596596887,day_anchor_std,server_midnight,0,0,1,0,0,0,UNCLASSIFIED,TRANSITION_UNCLASSIFIED,TRANSITION
4060.15,4060.15,4051.35,4052.85,0,0,0,1,0.986830263271468,LONDON,6,1.2596596596596887,day_anchor_std,server_midnight,0,0,1,0,0,0,UNCLASSIFIED,TRANSITION_UNCLASSIFIED,TRANSITION
4072.65,4074.35,4062.85,4069.15,0,0,0,2,0.5238517658117634,NY,3,0.22755255255252194,day_anchor_std,server_midnight,0,0,0,0,1,0,UNCLASSIFIED,TREND_UNCLASSIFIED,TREND
4069.0,4079.35,4067.85,4079.35,0,0,0,2,0.5238517658117634,NY,3,0.22755255255252194,day_anchor_std,server_midnight,0,0,0,0,1,0,UNCLASSIFIED,TREND_UNCLASSIFIED,TREND
4079.35,4091.85,4077.4,4085.85,0,0,0,2,0.5238517658117634,NY,3,0.22755255255252194,day_anchor_std,server_midnight,0,0,0,0,1,0,UNCLASSIFIED,TREND_UNCLASSIFIED,TREND
4086.15,4087.15,4077.65,4077.75,0,0,0,2,0.5238517658117634,NY,3,0.22755255255252194,day_anchor_std,server_midnight,0,0,0,0,1,0,UNCLASSIFIED,TREND_UNCLASSIFIED,TREND
4133.65,4134.55,4131.7,4132.25,0,0,0,2,0.9940265442476348,ASIA,7,0.03721424774059061,day_anchor_std,server_midnight,0,0,0,1,0,0,TREND_STRONG,TREND_STRONG,TREND
4132.55,4135.25,4132.25,4134.75,0,0,0,2,0.9940265442476348,ASIA,7,0.03721424774059061,day_anchor_std,server_midnight,0,0,0,1,0,0,TREND_STRONG,TREND_STRONG,TREND
4134.75,4136.55,4133.7,4135.55,0,0,0,2,0.9940265442476348,ASIA,7,0.03721424774059061,day_anchor_std,server_midnight,0,0,0,1,0,0,TREND_STRONG,TREND_STRONG,TREND
4135.55,4136.05,4134.55,4134.75,0,0,0,2,0.9940265442476348,ASIA,7,0.03721424774059061,day_anchor_std,server_midnight,0,0,0,1,0,0,TREND_STRONG,TREND_STRONG,TREND
4134.75,4135.25,4133.55,4134.05,0,0,0,2,0.9878305391097607,ASIA,8,0.12694704049855066,day_anchor_std,server_midnight,0,0,0,1,0,0,TREND_STRONG,TREND_STRONG,TREND
4133.85,4135.25,4133.55,4134.25,0,0,0,2,0.9878305391097607,ASIA,8,0.12694704049855066,day_anchor_std,server_midnight,0,0,0,1,0,0,TREND_STRONG,TREND_STRONG,TREND
4134.4,4137.15,4133.75,4136.25,0,0,0,2,0.9878305391097607,ASIA,8,0.12694704049855066,day_anchor_std,server_midnight,0,0,0,1,0,0,TREND_STRONG,TREND_STRONG,TREND
4136.25,4137.4,4135.55,4136.05,0,0,0,2,0.9878305391097607,ASIA,8,0.12694704049855066,day_anchor_std,server_midnight,0,0,0,1,0,0,TREND_STRONG,TREND_STRONG,TREND
4135.95,4138.55,4134.75,4137.55,0,0,0,2,0.9910119362975532,ASIA,9,0.17838452787259518,day_anchor_std,server_midnight,0,0,0,1,0,0,TREND_STRONG,TREND_STRONG,TREND
4137.25,4139.55,4136.55,4138.55,0,0,0,2,0.9910119362975532,ASIA,9,0.17838452787259518,day_anchor_std,server_midnight,0,0,0,1,0,0,TREND_STRONG,TREND_STRONG,TREND
4138.85,4139.75,4133.75,4136.55,0,0,0,2,0.9910119362975532,ASIA,9,0.17838452787259518,day_anchor_std,server_midnight,0,0,0,1,0,0,TREND_STRONG,TREND_STRONG,TREND
4136.75,4139.65,4134.25,4137.05,0,0,0,2,0.9910119362975532,ASIA,9,0.17838452787259518,day_anchor_std,server_midnight,0,0,0,1,0,0,TREND_STRONG,TREND_STRONG,TREND
4137.05,4147.7,4136.75,4140.05,0,0,0,2,0.9908827659118854,ASIA,10,0.9532192607216907,day_anchor_std,server_midnight,0,0,0,1,0,1,TREND_STRONG,TREND_STRONG,TREND
4140.05,4144.75,4138.95,4143.75,0,0,0,2,0.9908827659118854,ASIA,10,0.9532192607216907,day_anchor_std,server_midnight,0,0,0,1,0,1,TREND_STRONG,TREND_STRONG,TREND
4144.05,4146.75,4142.05,4146.55,0,0,0,2,0.9908827659118854,ASIA,10,0.9532192607216907,day_anchor_std,server_midnight,0,0,0,1,0,1,TREND_STRONG,TREND_STRONG,TREND
4146.75,4148.9,4145.75,4147.4,0,0,0,2,0.9908827659118854,ASIA,10,0.9532192607216907,day_anchor_std,server_midnight,0,0,0,1,0,1,TREND_STRONG,TREND_STRONG,TREND
4147.25,4150.75,4147.05,4148.55,0,0,0,2,0.9961816584184722,LONDON,11,1.3191364304284128,day_anchor_std,server_midnight,0,0,0,0,0,1,TREND_STRONG,TREND_STRONG,TREND
4148.4,4149.25,4145.55,4146.85,0,0,0,2,0.9961816584184722,LONDON,11,1.3191364304284128,day_anchor_std,server_midnight,0,0,0,0,0,1,TREND_STRONG,TREND_STRONG,TREND
4147.05,4151.05,4146.05,4149.25,0,0,0,2,0.9961816584184722,LONDON,11,1.3191364304284128,day_anchor_std,server_midnight,0,0,0,0,0,1,TREND_STRONG,TREND_STRONG,TREND
4149.55,4153.75,4147.25,4152.75,0,0,0,2,0.9961816584184722,LONDON,11,1.3191364304284128,day_anchor_std,server_midnight,0,0,0,0,0,1,TREND_STRONG,TREND_STRONG,TREND
4152.55,4156.55,4148.25,4149.95,0,0,0,2,0.1608118376539644,LONDON,12,0.2746177851205319,day_anchor_std,server_midnight,0,0,0,0,1,0,TREND_FRAGILE,TREND_FRAGILE,TREND
4149.9,4177.15,4123.9,4136.75,0,0,0,2,0.1608118376539644,LONDON,12,0.2746177851205319,day_anchor_std,server_midnight,0,0,0,0,1,0,TREND_FRAGILE,TREND_FRAGILE,TREND
4137.25,4144.65,4121.75,4122.75,0,0,0,2,0.1608118376539644,LONDON,12,0.2746177851205319,day_anchor_std,server_midnight,0,0,0,0,1,0,TREND_FRAGILE,TREND_FRAGILE,TREND
4123.25,4147.75,4105.55,4143.55,0,0,0,2,0.1608118376539644,LONDON,12,0.2746177851205319,day_anchor_std,server_midnight,0,0,0,0,1,0,TREND_FRAGILE,TREND_FRAGILE,TREND
4143.6,4161.25,4143.6,4144.55,0,0,0,2,0.9584570609177594,LONDON,12,1.6821250552084996,day_anchor_std,server_midnight,0,0,0,0,0,1,UNCLASSIFIED,TREND_UNCLASSIFIED,TREND
4144.75,4148.2,4104.05,4115.55,0,0,0,2,0.9584570609177594,LONDON,12,1.6821250552084996,day_anchor_std,server_midnight,0,0,0,0,0,1,UNCLASSIFIED,TREND_UNCLASSIFIED,TREND
4115.55,4129.75,4108.05,4109.15,0,0,0,2,0.9584570609177594,LONDON,12,1.6821250552084996,day_anchor_std,server_midnight,0,0,0,0,0,1,UNCLASSIFIED,TREND_UNCLASSIFIED,TREND
4109.05,4109.05,4095.25,4105.75,0,0,0,2,0.9584570609177594,LONDON,12,1.6821250552084996,day_anchor_std,server_midnight,0,0,0,0,0,1,UNCLASSIFIED,TREND_UNCLASSIFIED,TREND
4116.75,4120.25,4114.55,4119.25,0,0,0,0,0.3067835228011018,ASIA,2,0.06682178867607846,day_anchor_std,server_midnight,1,0,0,0,0,0,BALANCE_LEAKING,BALANCE_LEAKING,BALANCE
4119.1,4120.25,4117.55,4119.55,0,0,0,0,0.3067835228011018,ASIA,2,0.06682178867607846,day_anchor_std,server_midnight,1,0,0,0,0,0,BALANCE_LEAKING,BALANCE_LEAKING,BALANCE
4119.75,4120.0,4118.25,4118.75,0,0,0,0,0.3067835228011018,ASIA,2,0.06682178867607846,day_anchor_std,server_midnight,1,0,0,0,0,0,BALANCE_LEAKING,BALANCE_LEAKING,BALANCE
4118.75,4120.55,4118.55,4119.55,0,0,0,0,0.3067835228011018,ASIA,2,0.06682178867607846,day_anchor_std,server_midnight,1,0,0,0,0,0,BALANCE_LEAKING,BALANCE_LEAKING,BALANCE
4158.65,4159.15,4155.15,4155.65,0,0,0,2,0.8883684334488108,ASIA,3,0.02678913126671873,day_anchor_std,server_midnight,0,0,0,1,0,0,TREND_STRONG,TREND_STRONG,TREND
4155.65,4156.65,4155.35,4155.95,0,0,0,2,0.8883684334488108,ASIA,3,0.02678913126671873,day_anchor_std,server_midnight,0,0,0,1,0,0,TREND_STRONG,TREND_STRONG,TREND
4155.95,4156.85,4155.65,4156.65,0,0,0,2,0.8883684334488108,ASIA,3,0.02678913126671873,day_anchor_std,server_midnight,0,0,0,1,0,0,TREND_STRONG,TREND_STRONG,TREND
4156.65,4157.65,4155.85,4156.65,0,0,0,2,0.8883684334488108,ASIA,3,0.02678913126671873,day_anchor_std,server_midnight,0,0,0,1,0,0,TREND_STRONG,TREND_STRONG,TREND
4156.35,4156.9,4155.15,4155.65,0,0,0,2,0.8862621566124279,ASIA,4,0.25572669826214106,day_anchor_std,server_midnight,0,0,0,1,0,0,TREND_STRONG,TREND_STRONG,TREND
4155.85,4155.85,4153.75,4155.35,0,0,0,2,0.8862621566124279,ASIA,4,0.25572669826214106,day_anchor_std,server_midnight,0,0,0,1,0,0,TREND_STRONG,TREND_STRONG,TREND
4155.35,4155.65,4152.15,4153.0,0,0,0,2,0.8862621566124279,ASIA,4,0.25572669826214106,day_anchor_std,server_midnight,0,0,0,1,0,0,TREND_STRONG,TREND_STRONG,TREND
4153.15,4153.85,4150.15,4152.35,0,0,0,2,0.8862621566124279,ASIA,4,0.25572669826214106,day_anchor_std,server_midnight,0,0,0,1,0,0,TREND_STRONG,TREND_STRONG,TREND
4152.35,4155.35,4151.25,4153.85,0,0,0,2,0.2755922027628868,ASIA,5,0.3969907407407087,day_anchor_std,server_midnight,0,0,0,1,0,0,TREND_STRONG,TREND_STRONG,TREND
4154.0,4155.85,4152.7,4155.25,0,0,0,2,0.2755922027628868,ASIA,5,0.3969907407407087,day_anchor_std,server_midnight,0,0,0,1,0,0,TREND_STRONG,TREND_STRONG,TREND
4155.35,4159.35,4152.0,4152.35,0,0,0,2,0.2755922027628868,ASIA,5,0.3969907407407087,day_anchor_std,server_midnight,0,0,0,1,0,0,TREND_STRONG,TREND_STRONG,TREND
4152.65,4152.65,4149.35,4149.65,0,0,0,2,0.2755922027628868,ASIA,5,0.3969907407407087,day_anchor_std,server_midnight,0,0,0,1,0,0,TREND_STRONG,TREND_STRONG,TREND
4149.35,4155.35,4147.65,4151.85,0,0,0,2,0.27447457021312877,ASIA,6,0.5942697817517698,day_anchor_std,server_midnight,0,0,0,1,0,0,UNCLASSIFIED,TREND_UNCLASSIFIED,TREND
4151.85,4151.85,4147.65,4147.65,0,0,0,2,0.27447457021312877,ASIA,6,0.5942697817517698,day_anchor_std,server_midnight,0,0,0,1,0,0,UNCLASSIFIED,TREND_UNCLASSIFIED,TREND
4147.4,4149.9,4145.85,4149.35,0,0,0,2,0.27447457021312877,ASIA,6,0.5942697817517698,day_anchor_std,server_midnight,0,0,0,1,0,0,UNCLASSIFIED,TREND_UNCLASSIFIED,TREND
4149.15,4150.45,4145.65,4146.15,0,0,0,2,0.27447457021312877,ASIA,6,0.5942697817517698,day_anchor_std,server_midnight,0,0,0,1,0,0,UNCLASSIFIED,TREND_UNCLASSIFIED,TREND
4059.65,4063.55,4056.45,4062.15,0,0,0,2,0.03809615933289645,LONDON,3,0.1319496116441521,day_anchor_std,server_midnight,0,0,0,0,1,0,TREND_STRONG,TREND_STRONG,TREND
4062.15,4062.95,4057.65,4061.15,0,0,0,2,0.03809615933289645,LONDON,3,0.1319496116441521,day_anchor_std,server_midnight,0,0,0,0,1,0,TREND_STRONG,TREND_STRONG,TREND
4061.15,4066.8,4060.15,4062.65,0,0,0,2,0.03809615933289645,LONDON,3,0.1319496116441521,day_anchor_std,server_midnight,0,0,0,0,1,0,TREND_STRONG,TREND_STRONG,TREND
4062.65,4069.15,4060.35,4066.25,0,0,0,2,0.03809615933289645,LONDON,3,0.1319496116441521,day_anchor_std,server_midnight,0,0,0,0,1,0,TREND_STRONG,TREND_STRONG,TREND
4066.15,4067.2,4061.0,4062.65,0,0,0,2,0.9245415241375364,LONDON,4,0.7133566476470927,day_anchor_std,server_midnight,0,0,0,0,1,0,UNCLASSIFIED,TREND_UNCLASSIFIED,TREND
4062.65,4070.15,4062.45,4068.0,0,0,0,2,0.9245415241375364,LONDON,4,0.7133566476470927,day_anchor_std,server_midnight,0,0,0,0,1,0,UNCLASSIFIED,TREND_UNCLASSIFIED,TREND
4067.65,4073.65,4066.7,4066.95,0,0,0,2,0.9245415241375364,LONDON,4,0.7133566476470927,day_anchor_std,server_midnight,0,0,0,0,1,0,UNCLASSIFIED,TREND_UNCLASSIFIED,TREND
4066.95,4073.95,4047.95,4053.4,0,0,0,2,0.9245415241375364,LONDON,4,0.7133566476470927,day_anchor_std,server_midnight,0,0,0,0,1,0,UNCLASSIFIED,TREND_UNCLASSIFIED,TREND
4053.15,4076.45,4052.65,4065.15,0,0,0,2,0.9837013137875789,LONDON,5,0.5902408329043131,day_anchor_std,server_midnight,0,0,0,0,1,0,UNCLASSIFIED,TREND_UNCLASSIFIED,TREND
4064.65,4078.15,4054.0,4055.45,0,0,0,2,0.9837013137875789,LONDON,5,0.5902408329043131,day_anchor_std,server_midnight,0,0,0,0,1,0,UNCLASSIFIED,TREND_UNCLASSIFIED,TREND
4054.95,4059.65,4048.45,4050.8,0,0,0,2,0.9837013137875789,LONDON,5,0.5902408329043131,day_anchor_std,server_midnight,0,0,0,0,1,0,UNCLASSIFIED,TREND_UNCLASSIFIED,TREND
4050.95,4061.45,4047.45,4053.95,0,0,0,2,0.9837013137875789,LONDON,5,0.5902408329043131,day_anchor_std,server_midnight,0,0,0,0,1,0,UNCLASSIFIED,TREND_UNCLASSIFIED,TREND
4053.65,4065.95,4053.65,4061.1,0,0,0,2,0.9258386496279227,NY,6,0.40949153620976875,day_anchor_std,server_midnight,0,0,0,0,1,0,UNCLASSIFIED,TREND_UNCLASSIFIED,TREND
4060.65,4061.45,4046.65,4050.65,0,0,0,2,0.9258386496279227,NY,6,0.40949153620976875,day_anchor_std,server_midnight,0,0,0,0,1,0,UNCLASSIFIED,TREND_UNCLASSIFIED,TREND
4050.95,4060.65,4048.65,4052.65,0,0,0,2,0.9258386496279227,NY,6,0.40949153620976875,day_anchor_std,server_midnight,0,0,0,0,1,0,UNCLASSIFIED,TREND_UNCLASSIFIED,TREND
4052.65,4059.15,4050.2,4057.95,0,0,0,2,0.9258386496279227,NY,6,0.40949153620976875,day_anchor_std,server_midnight,0,0,0,0,1,0,UNCLASSIFIED,TREND_UNCLASSIFIED,TREND
4057.95,4069.45,4057.35,4067.15,0,0,0,2,0.973188202418074,NY,7,0.7281921054976062,day_anchor_std,server_midnight,0,0,0,0,1,0,UNCLASSIFIED,TREND_UNCLASSIFIED,TREND
4066.95,4078.65,4066.95,4077.4,0,0,0,2,0.973188202418074,NY,7,0.7281921054976062,day_anchor_std,server_midnight,0,0,0,0,1,0,UNCLASSIFIED,TREND_UNCLASSIFIED,TREND
4077.15,4081.15,4070.45,4071.95,0,0,0,2,0.973188202418074,NY,7,0.7281921054976062,day_anchor_std,server_midnight,0,0,0,0,1,0,UNCLASSIFIED,TREND_UNCLASSIFIED,TREND
4071.65,4081.15,4070.15,4078.95,0,0,0,2,0.973188202418074,NY,7,0.7281921054976062,day_anchor_std,server_midnight,0,0,0,0,1,0,UNCLASSIFIED,TREND_UNCLASSIFIED,TREND
4069.95,4075.65,4069.45,4074.8,0,0,0,0,0.9604725819455646,NY_PM,2,0.34801870539011664,day_anchor_std,server_midnight,1,0,0,0,0,0,UNCLASSIFIED,BALANCE_UNCLASSIFIED,BALANCE
4074.8,4075.65,4073.45,4074.65,0,0,0,0,0.9604725819455646,NY_PM,2,0.34801870539011664,day_anchor_std,server_midnight,1,0,0,0,0,0,UNCLASSIFIED,BALANCE_UNCLASSIFIED,BALANCE
4074.65,4076.45,4074.45,4075.45,0,0,0,0,0.9604725819455646,NY_PM,2,0.34801870539011664,day_anchor_std,server_midnight,1,0,0,0,0,0,UNCLASSIFIED,BALANCE_UNCLASSIFIED,BALANCE
4075.45,4079.15,4075.45,4078.55,0,0,0,0,0.9604725819455646,NY_PM,2,0.34801870539011664,day_anchor_std,server_midnight,1,0,0,0,0,0,UNCLASSIFIED,BALANCE_UNCLASSIFIED,BALANCE
4049.1,4049.25,4041.45,4043.95,0,0,0,1,0.9969922868654418,LONDON,2,2.263053980256189,day_anchor_std,server_midnight,0,0,1,0,0,0,UNCLASSIFIED,TRANSITION_UNCLASSIFIED,TRANSITION
4043.95,4047.95,4040.65,4041.45,0,0,0,1,0.9969922868654418,LONDON,2,2.263053980256189,day_anchor_std,server_midnight,0,0,1,0,0,0,UNCLASSIFIED,TRANSITION_UNCLASSIFIED,TRANSITION
4041.65,4045.15,4037.15,4037.95,0,0,0,1,0.9969922868654418,LONDON,2,2.263053980256189,day_anchor_std,server_midnight,0,0,1,0,0,0,UNCLASSIFIED,TRANSITION_UNCLASSIFIED,TRANSITION
4038.15,4048.65,4030.4,4032.5,0,0,0,1,0.9969922868654418,LONDON,2,2.263053980256189,day_anchor_std,server_midnight,0,0,1,0,0,0,UNCLASSIFIED,TRANSITION_UNCLASSIFIED,TRANSITION
4032.2,4036.45,4022.45,4024.45,0,0,0,1,0.9966517975899801,LONDON,3,3.580115401686587,day_anchor_std,server_midnight,0,0,1,0,0,0,UNCLASSIFIED,TRANSITION_UNCLASSIFIED,TRANSITION
4024.4,4032.65,4019.95,4020.45,0,0,0,1,0.9966517975899801,LONDON,3,3.580115401686587,day_anchor_std,server_midnight,0,0,1,0,0,0,UNCLASSIFIED,TRANSITION_UNCLASSIFIED,TRANSITION
4020.45,4024.4,4013.95,4014.65,0,0,0,1,0.9966517975899801,LONDON,3,3.580115401686587,day_anchor_std,server_midnight,0,0,1,0,0,0,UNCLASSIFIED,TRANSITION_UNCLASSIFIED,TRANSITION
4014.8,4017.95,4010.15,4011.95,0,0,0,1,0.9966517975899801,LONDON,3,3.580115401686587,day_anchor_std,server_midnight,0,0,1,0,0,0,UNCLASSIFIED,TRANSITION_UNCLASSIFIED,TRANSITION
4011.65,4014.95,4008.45,4009.95,0,0,0,1,0.9908337641520742,NY,4,3.9130853110968267,day_anchor_std,server_midnight,0,0,1,0,0,0,TRANSITION_NOISY,TRANSITION_NOISY,TRANSITION
4009.95,4016.6,4008.45,4016.05,0,0,0,1,0.9908337641520742,NY,4,3.9130853110968267,day_anchor_std,server_midnight,0,0,1,0,0,0,TRANSITION_NOISY,TRANSITION_NOISY,TRANSITION
4015.95,4016.65,4005.65,4007.45,0,0,0,1,0.9908337641520742,NY,4,3.9130853110968267,day_anchor_std,server_midnight,0,0,1,0,0,0,TRANSITION_NOISY,TRANSITION_NOISY,TRANSITION
4007.65,4007.65,4001.95,4003.45,0,0,0,1,0.9908337641520742,NY,4,3.9130853110968267,day_anchor_std,server_midnight,0,0,1,0,0,0,TRANSITION_NOISY,TRANSITION_NOISY,TRANSITION
4013.55,4017.35,4011.5,4015.05,0,0,0,1,0.8155212069166292,LONDON,5,0.8133868808567997,day_anchor_std,server_midnight,0,0,1,0,0,0,UNCLASSIFIED,TRANSITION_UNCLASSIFIED,TRANSITION
4015.3,4017.6,4004.8,4012.05,0,0,0,1,0.8155212069166292,LONDON,5,0.8133868808567997,day_anchor_std,server_midnight,0,0,1,0,0,0,UNCLASSIFIED,TRANSITION_UNCLASSIFIED,TRANSITION
4012.0,4022.8,4011.05,4022.05,0,0,0,1,0.8155212069166292,LONDON,5,0.8133868808567997,day_anchor_std,server_midnight,0,0,1,0,0,0,UNCLASSIFIED,TRANSITION_UNCLASSIFIED,TRANSITION
4022.15,4028.3,4014.05,4024.35,0,0,0,1,0.8155212069166292,LONDON,5,0.8133868808567997,day_anchor_std,server_midnight,0,0,1,0,0,0,UNCLASSIFIED,TRANSITION_UNCLASSIFIED,TRANSITION
4024.8,4028.0,4011.3,4016.6,0,0,0,1,0.8819876509787508,LONDON,6,2.2372434830837213,day_anchor_std,server_midnight,0,0,1,0,0,0,UNCLASSIFIED,TRANSITION_UNCLASSIFIED,TRANSITION
4016.3,4018.8,3994.6,3997.7,0,0,0,1,0.8819876509787508,LONDON,6,2.2372434830837213,day_anchor_std,server_midnight,0,0,1,0,0,0,UNCLASSIFIED,TRANSITION_UNCLASSIFIED,TRANSITION
3997.65,4002.35,3983.7,3985.65,0,0,0,1,0.8819876509787508,LONDON,6,2.2372434830837213,day_anchor_std,server_midnight,0,0,1,0,0,0,UNCLASSIFIED,TRANSITION_UNCLASSIFIED,TRANSITION
3985.65,3988.1,3970.15,3970.65,0,0,0,1,0.8819876509787508,LONDON,6,2.2372434830837213,day_anchor_std,server_midnight,0,0,1,0,0,0,UNCLASSIFIED,TRANSITION_UNCLASSIFIED,TRANSITION
4010.05,4010.2,4006.05,4006.8,0,0,0,0,0.04940516121926697,NY_PM,2,0.39501426268141715,day_anchor_std,server_midnight,1,0,0,0,0,0,BALANCE_LEAKING,BALANCE_LEAKING,BALANCE
4006.95,4008.15,4006.3,4006.5,0,0,0,0,0.04940516121926697,NY_PM,2,0.39501426268141715,day_anchor_std,server_midnight,1,0,0,0,0,0,BALANCE_LEAKING,BALANCE_LEAKING,BALANCE
4006.45,4011.2,4005.55,4010.7,0,0,0,0,0.04940516121926697,NY_PM,2,0.39501426268141715,day_anchor_std,server_midnight,1,0,0,0,0,0,BALANCE_LEAKING,BALANCE_LEAKING,BALANCE
4010.65,4013.05,4009.7,4012.3,0,0,0,0,0.04940516121926697,NY_PM,2,0.39501426268141715,day_anchor_std,server_midnight,1,0,0,0,0,0,BALANCE_LEAKING,BALANCE_LEAKING,BALANCE
4008.7,4011.55,4008.65,4010.7,0,0,0,0,0.6997164621494941,ASIA,2,0.01374165685117752,day_anchor_std,server_midnight,1,0,0,0,0,0,UNCLASSIFIED,BALANCE_UNCLASSIFIED,BALANCE
4010.55,4010.65,4009.05,4009.55,0,0,0,0,0.6997164621494941,ASIA,2,0.01374165685117752,day_anchor_std,server_midnight,1,0,0,0,0,0,UNCLASSIFIED,BALANCE_UNCLASSIFIED,BALANCE
4009.55,4010.55,4007.55,4009.55,0,0,0,0,0.6997164621494941,ASIA,2,0.01374165685117752,day_anchor_std,server_midnight,1,0,0,0,0,0,UNCLASSIFIED,BALANCE_UNCLASSIFIED,BALANCE
4009.75,4011.3,4009.05,4010.05,0,0,0,0,0.6997164621494941,ASIA,2,0.01374165685117752,day_anchor_std,server_midnight,1,0,0,0,0,0,UNCLASSIFIED,BALANCE_UNCLASSIFIED,BALANCE
3988.55,3994.75,3987.75,3992.9,0,0,0,1,0.9973263642888052,LONDON,2,1.7462598171751982,day_anchor_std,server_midnight,0,0,1,0,0,0,UNCLASSIFIED,TRANSITION_UNCLASSIFIED,TRANSITION
3993.05,4009.55,3991.65,4005.8,0,0,0,1,0.9973263642888052,LONDON,2,1.7462598171751982,day_anchor_std,server_midnight,0,0,1,0,0,0,UNCLASSIFIED,TRANSITION_UNCLASSIFIED,TRANSITION
4005.75,4008.0,4003.05,4005.75,0,0,0,1,0.9973263642888052,LONDON,2,1.7462598171751982,day_anchor_std,server_midnight,0,0,1,0,0,0,UNCLASSIFIED,TRANSITION_UNCLASSIFIED,TRANSITION
4005.35,4010.35,3997.85,4010.0,0,0,0,1,0.9973263642888052,LONDON,2,1.7462598171751982,day_anchor_std,server_midnight,0,0,1,0,0,0,UNCLASSIFIED,TRANSITION_UNCLASSIFIED,TRANSITION
3987.1,3990.2,3985.75,3986.95,0,0,0,0,0.5128533605210641,NY_PM,2,0.1124967162702641,day_anchor_std,server_midnight,1,0,0,0,0,0,BALANCE_LEAKING,BALANCE_LEAKING,BALANCE
3987.15,3988.45,3986.45,3987.25,0,0,0,0,0.5128533605210641,NY_PM,2,0.1124967162702641,day_anchor_std,server_midnight,1,0,0,0,0,0,BALANCE_LEAKING,BALANCE_LEAKING,BALANCE
3987.25,3989.75,3986.95,3988.15,0,0,0,0,0.5128533605210641,NY_PM,2,0.1124967162702641,day_anchor_std,server_midnight,1,0,0,0,0,0,BALANCE_LEAKING,BALANCE_LEAKING,BALANCE
3988.25,3991.45,3988.25,3989.25,0,0,0,0,0.5128533605210641,NY_PM,2,0.1124967162702641,day_anchor_std,server_midnight,1,0,0,0,0,0,BALANCE_LEAKING,BALANCE_LEAKING,BALANCE
3989.3,3991.45,3987.25,3990.75,0,0,0,0,0.5066482479547485,NY_PM,3,0.2144702842376727,day_anchor_std,server_midnight,1,0,0,0,0,0,BALANCE_LEAKING,BALANCE_LEAKING,BALANCE
3990.95,3993.45,3990.75,3991.25,0,0,0,0,0.5066482479547485,NY_PM,3,0.2144702842376727,day_anchor_std,server_midnight,1,0,0,0,0,0,BALANCE_LEAKING,BALANCE_LEAKING,BALANCE
3991.0,3992.75,3988.25,3992.45,0,0,0,0,0.5066482479547485,NY_PM,3,0.2144702842376727,day_anchor_std,server_midnight,1,0,0,0,0,0,BALANCE_LEAKING,BALANCE_LEAKING,BALANCE
3992.45,3992.5,3990.25,3990.95,0,0,0,0,0.5066482479547485,NY_PM,3,0.2144702842376727,day_anchor_std,server_midnight,1,0,0,0,0,0,BALANCE_LEAKING,BALANCE_LEAKING,BALANCE
4046.15,4046.55,4039.1,4039.65,0,0,0,2,0.9995247896003508,NY_PM,5,0.03163412870573499,day_anchor_std,server_midnight,0,0,0,0,1,0,TREND_STRONG,TREND_STRONG,TREND
4039.65,4042.65,4039.5,4042.15,0,0,0,2,0.9995247896003508,NY_PM,5,0.03163412870573499,day_anchor_std,server_midnight,0,0,0,0,1,0,TREND_STRONG,TREND_STRONG,TREND
4042.2,4044.75,4040.45,4044.65,0,0,0,2,0.9995247896003508,NY_PM,5,0.03163412870573499,day_anchor_std,server_midnight,0,0,0,0,1,0,TREND_STRONG,TREND_STRONG,TREND
4044.45,4044.7,4042.5,4043.45,0,0,0,2,0.9995247896003508,NY_PM,5,0.03163412870573499,day_anchor_std,server_midnight,0,0,0,0,1,0,TREND_STRONG,TREND_STRONG,TREND
4043.2,4044.0,4040.85,4043.55,0,0,0,2,0.9992872371281941,NY_PM,6,0.655898743742374,day_anchor_std,server_midnight,0,0,0,0,1,0,TREND_STRONG,TREND_STRONG,TREND
4043.95,4048.15,4043.95,4046.55,0,0,0,2,0.9992872371281941,NY_PM,6,0.655898743742374,day_anchor_std,server_midnight,0,0,0,0,1,0,TREND_STRONG,TREND_STRONG,TREND
4046.5,4046.7,4044.5,4046.65,0,0,0,2,0.9992872371281941,NY_PM,6,0.655898743742374,day_anchor_std,server_midnight,0,0,0,0,1,0,TREND_STRONG,TREND_STRONG,TREND
4046.55,4059.7,4046.55,4055.5,0,0,0,2,0.9992872371281941,NY_PM,6,0.655898743742374,day_anchor_std,server_midnight,0,0,0,0,1,0,TREND_STRONG,TREND_STRONG,TREND
3987.45,3990.65,3986.15,3989.45,0,0,0,2,0.9993599563703517,NY_PM,7,3.9392664509169273,day_anchor_std,server_midnight,0,0,0,0,0,1,TREND_STRONG,TREND_STRONG,TREND
3989.45,3991.15,3987.4,3987.45,0,0,0,2,0.9993599563703517,NY_PM,7,3.9392664509169273,day_anchor_std,server_midnight,0,0,0,0,0,1,TREND_STRONG,TREND_STRONG,TREND
3987.15,3988.95,3986.25,3986.95,0,0,0,2,0.9993599563703517,NY_PM,7,3.9392664509169273,day_anchor_std,server_midnight,0,0,0,0,0,1,TREND_STRONG,TREND_STRONG,TREND
3986.9,3987.4,3981.95,3983.45,0,0,0,2,0.9993599563703517,NY_PM,7,3.9392664509169273,day_anchor_std,server_midnight,0,0,0,0,0,1,TREND_STRONG,TREND_STRONG,TREND
3981.05,3981.55,3977.85,3980.35,0,0,0,1,0.9370395792217433,LONDON,1,1.4691563590231245,day_anchor_std,server_midnight,0,0,1,0,0,0,UNCLASSIFIED,TRANSITION_UNCLASSIFIED,TRANSITION
3980.35,3999.8,3980.35,3999.35,0,0,0,1,0.9370395792217433,LONDON,1,1.4691563590231245,day_anchor_std,server_midnight,0,0,1,0,0,0,UNCLASSIFIED,TRANSITION_UNCLASSIFIED,TRANSITION
3999.05,4005.05,3999.05,4000.35,0,0,0,1,0.9370395792217433,LONDON,1,1.4691563590231245,day_anchor_std,server_midnight,0,0,1,0,0,0,UNCLASSIFIED,TRANSITION_UNCLASSIFIED,TRANSITION
4000.05,4017.15,3996.35,4010.2,0,0,0,1,0.9370395792217433,LONDON,1,1.4691563590231245,day_anchor_std,server_midnight,0,0,1,0,0,0,UNCLASSIFIED,TRANSITION_UNCLASSIFIED,TRANSITION
3993.35,3994.8,3983.85,3994.05,0,0,0,1,0.9980626861814117,NY,1,1.9151077673851238,day_anchor_std,server_midnight,0,0,1,0,0,0,UNCLASSIFIED,TRANSITION_UNCLASSIFIED,TRANSITION
3994.05,3995.05,3979.55,3981.35,0,0,0,1,0.9980626861814117,NY,1,1.9151077673851238,day_anchor_std,server_midnight,0,0,1,0,0,0,UNCLASSIFIED,TRANSITION_UNCLASSIFIED,TRANSITION
3981.55,3984.55,3964.0,3967.05,0,0,0,1,0.9980626861814117,NY,1,1.9151077673851238,day_anchor_std,server_midnight,0,0,1,0,0,0,UNCLASSIFIED,TRANSITION_UNCLASSIFIED,TRANSITION
3965.85,3967.55,3949.85,3953.6,0,0,0,1,0.9980626861814117,NY,1,1.9151077673851238,day_anchor_std,server_midnight,0,0,1,0,0,0,UNCLASSIFIED,TRANSITION_UNCLASSIFIED,TRANSITION
3905.55,3909.2,3900.7,3906.75,0,0,0,2,0.9888034467561558,LONDON,3,0.8442235173123133,day_anchor_std,server_midnight,0,0,0,0,1,0,TREND_FRAGILE,TREND_FRAGILE,TREND
3907.1,3920.05,3907.05,3913.75,0,0,0,2,0.9888034467561558,LONDON,3,0.8442235173123133,day_anchor_std,server_midnight,0,0,0,0,1,0,TREND_FRAGILE,TREND_FRAGILE,TREND
3913.7,3917.8,3910.6,3916.3,0,0,0,2,0.9888034467561558,LONDON,3,0.8442235173123133,day_anchor_std,server_midnight,0,0,0,0,1,0,TREND_FRAGILE,TREND_FRAGILE,TREND
3916.25,3917.6,3908.25,3913.25,0,0,0,2,0.9888034467561558,LONDON,3,0.8442235173123133,day_anchor_std,server_midnight,0,0,0,0,1,0,TREND_FRAGILE,TREND_FRAGILE,TREND
3913.2,3915.15,3905.55,3912.25,0,0,0,2,0.9334472497566831,LONDON,4,0.08930290776045281,day_anchor_std,server_midnight,0,0,0,0,1,0,TREND_STRONG,TREND_STRONG,TREND
3912.4,3940.75,3894.85,3929.2,0,0,0,2,0.9334472497566831,LONDON,4,0.08930290776045281,day_anchor_std,server_midnight,0,0,0,0,1,0,TREND_STRONG,TREND_STRONG,TREND
3929.2,3933.1,3909.6,3913.35,0,0,0,2,0.9334472497566831,LONDON,4,0.08930290776045281,day_anchor_std,server_midnight,0,0,0,0,1,0,TREND_STRONG,TREND_STRONG,TREND
3913.1,3915.45,3878.25,3894.95,0,0,0,2,0.9334472497566831,LONDON,4,0.08930290776045281,day_anchor_std,server_midnight,0,0,0,0,1,0,TREND_STRONG,TREND_STRONG,TREND
3895.45,3908.95,3887.15,3891.05,0,0,0,2,0.9650403252901927,LONDON,5,0.1040342456868651,day_anchor_std,server_midnight,0,0,0,0,1,0,TREND_STRONG,TREND_STRONG,TREND
3891.35,3916.5,3887.15,3915.5,0,0,0,2,0.9650403252901927,LONDON,5,0.1040342456868651,day_anchor_std,server_midnight,0,0,0,0,1,0,TREND_STRONG,TREND_STRONG,TREND
3915.65,3928.25,3904.6,3927.05,0,0,0,2,0.9650403252901927,LONDON,5,0.1040342456868651,day_anchor_std,server_midnight,0,0,0,0,1,0,TREND_STRONG,TREND_STRONG,TREND
3926.5,3934.7,3900.2,3901.4,0,0,0,2,0.9650403252901927,LONDON,5,0.1040342456868651,day_anchor_std,server_midnight,0,0,0,0,1,0,TREND_STRONG,TREND_STRONG,TREND
3927.45,3931.55,3926.15,3928.85,0,0,0,0,0.7332145235524252,ASIA,4,0.04605441387048615,day_anchor_std,server_midnight,1,0,0,0,0,0,UNCLASSIFIED,BALANCE_UNCLASSIFIED,BALANCE
3928.8,3933.35,3926.2,3927.9,0,0,0,0,0.7332145235524252,ASIA,4,0.04605441387048615,day_anchor_std,server_midnight,1,0,0,0,0,0,UNCLASSIFIED,BALANCE_UNCLASSIFIED,BALANCE
3928.05,3931.2,3926.85,3926.9,0,0,0,0,0.7332145235524252,ASIA,4,0.04605441387048615,day_anchor_std,server_midnight,1,0,0,0,0,0,UNCLASSIFIED,BALANCE_UNCLASSIFIED,BALANCE
3927.15,3927.85,3924.7,3926.9,0,0,0,0,0.7332145235524252,ASIA,4,0.04605441387048615,day_anchor_std,server_midnight,1,0,0,0,0,0,UNCLASSIFIED,BALANCE_UNCLASSIFIED,BALANCE
3878.25,3894.35,3864.5,3869.25,0,0,0,1,0.98957082918137,LONDON,1,1.7451828223758135,day_anchor_std,server_midnight,0,0,1,0,0,0,UNCLASSIFIED,TRANSITION_UNCLASSIFIED,TRANSITION
3869.35,3875.15,3860.15,3864.25,0,0,0,1,0.98957082918137,LONDON,1,1.7451828223758135,day_anchor_std,server_midnight,0,0,1,0,0,0,UNCLASSIFIED,TRANSITION_UNCLASSIFIED,TRANSITION
3863.65,3870.65,3835.35,3848.25,0,0,0,1,0.98957082918137,LONDON,1,1.7451828223758135,day_anchor_std,server_midnight,0,0,1,0,0,0,UNCLASSIFIED,TRANSITION_UNCLASSIFIED,TRANSITION
3847.9,3852.15,3806.0,3831.35,0,0,0,1,0.98957082918137,LONDON,1,1.7451828223758135,day_anchor_std,server_midnight,0,0,1,0,0,0,UNCLASSIFIED,TRANSITION_UNCLASSIFIED,TRANSITION
3865.45,3871.9,3865.0,3868.75,0,0,0,0,0.6587065268870247,NY_PM,3,0.24751806846159902,day_anchor_std,server_midnight,1,0,0,0,0,0,BALANCE_LEAKING,BALANCE_LEAKING,BALANCE
3868.85,3870.3,3862.7,3867.85,0,0,0,0,0.6587065268870247,NY_PM,3,0.24751806846159902,day_anchor_std,server_midnight,1,0,0,0,0,0,BALANCE_LEAKING,BALANCE_LEAKING,BALANCE
3867.85,3878.3,3867.45,3877.5,0,0,0,0,0.6587065268870247,NY_PM,3,0.24751806846159902,day_anchor_std,server_midnight,1,0,0,0,0,0,BALANCE_LEAKING,BALANCE_LEAKING,BALANCE
3877.45,3877.75,3874.4,3875.75,0,0,0,0,0.6587065268870247,NY_PM,3,0.24751806846159902,day_anchor_std,server_midnight,1,0,0,0,0,0,BALANCE_LEAKING,BALANCE_LEAKING,BALANCE
3875.85,3877.85,3871.6,3875.6,0,0,0,0,0.6103482925827473,ASIA,4,0.0,day_anchor_std,server_midnight,1,0,0,0,0,0,BALANCE_LEAKING,BALANCE_LEAKING,BALANCE
3875.85,3878.4,3874.25,3875.8,0,0,0,0,0.6103482925827473,ASIA,4,0.0,day_anchor_std,server_midnight,1,0,0,0,0,0,BALANCE_LEAKING,BALANCE_LEAKING,BALANCE
3875.9,3878.35,3875.2,3878.25,0,0,0,0,0.6103482925827473,ASIA,4,0.0,day_anchor_std,server_midnight,1,0,0,0,0,0,BALANCE_LEAKING,BALANCE_LEAKING,BALANCE
3878.2,3878.35,3873.85,3875.0,0,0,0,0,0.6103482925827473,ASIA,4,0.0,day_anchor_std,server_midnight,1,0,0,0,0,0,BALANCE_LEAKING,BALANCE_LEAKING,BALANCE
3915.15,3916.45,3900.65,3903.45,0,0,0,1,0.9918134063738031,ASIA,1,2.3193835525441884,day_anchor_std,server_midnight,0,0,1,0,0,0,UNCLASSIFIED,TRANSITION_UNCLASSIFIED,TRANSITION
3903.3,3905.95,3888.95,3889.45,0,0,0,1,0.9918134063738031,ASIA,1,2.3193835525441884,day_anchor_std,server_midnight,0,0,1,0,0,0,UNCLASSIFIED,TRANSITION_UNCLASSIFIED,TRANSITION
3889.65,3892.45,3865.45,3866.45,0,0,0,1,0.9918134063738031,ASIA,1,2.3193835525441884,day_anchor_std,server_midnight,0,0,1,0,0,0,UNCLASSIFIED,TRANSITION_UNCLASSIFIED,TRANSITION
3866.45,3873.45,3838.65,3848.95,0,0,0,1,0.9918134063738031,ASIA,1,2.3193835525441884,day_anchor_std,server_midnight,0,0,1,0,0,0,UNCLASSIFIED,TRANSITION_UNCLASSIFIED,TRANSITION
4005.55,4005.75,4004.55,4004.7,0,0,0,2,0.9493832597835891,ASIA,6,0.10507355148607833,day_anchor_std,server_midnight,0,0,0,1,0,0,UNCLASSIFIED,TREND_UNCLASSIFIED,TREND
4004.75,4007.3,4004.7,4007.1,0,0,0,2,0.9493832597835891,ASIA,6,0.10507355148607833,day_anchor_std,server_midnight,0,0,0,1,0,0,UNCLASSIFIED,TREND_UNCLASSIFIED,TREND
4007.1,4008.8,4006.3,4008.0,0,0,0,2,0.9493832597835891,ASIA,6,0.10507355148607833,day_anchor_std,server_midnight,0,0,0,1,0,0,UNCLASSIFIED,TREND_UNCLASSIFIED,TREND
4008.0,4010.1,4007.55,4009.2,0,0,0,2,0.9493832597835891,ASIA,6,0.10507355148607833,day_anchor_std,server_midnight,0,0,0,1,0,0,UNCLASSIFIED,TREND_UNCLASSIFIED,TREND
3980.2,3991.25,3978.7,3990.95,0,0,0,1,0.6214616708334191,NY_PM,1,0.15641656416565589,day_anchor_std,server_midnight,0,1,0,0,0,0,UNCLASSIFIED,TRANSITION_UNCLASSIFIED,TRANSITION
3991.0,3992.7,3989.25,3991.15,0,0,0,1,0.6214616708334191,NY_PM,1,0.15641656416565589,day_anchor_std,server_midnight,0,1,0,0,0,0,UNCLASSIFIED,TRANSITION_UNCLASSIFIED,TRANSITION
3972.05,3974.55,3970.55,3974.55,0,0,0,1,0.1106771217228536,LONDON,1,1.3581196581196588,day_anchor_std,server_midnight,0,0,1,0,0,0,UNCLASSIFIED,TRANSITION_UNCLASSIFIED,TRANSITION
3974.55,3977.0,3966.55,3971.55,0,0,0,1,0.1106771217228536,LONDON,1,1.3581196581196588,day_anchor_std,server_midnight,0,0,1,0,0,0,UNCLASSIFIED,TRANSITION_UNCLASSIFIED,TRANSITION
3971.55,3981.55,3967.75,3975.55,0,0,0,1,0.1106771217228536,LONDON,1,1.3581196581196588,day_anchor_std,server_midnight,0,0,1,0,0,0,UNCLASSIFIED,TRANSITION_UNCLASSIFIED,TRANSITION
3975.75,3976.25,3962.25,3964.55,0,0,0,1,0.1106771217228536,LONDON,1,1.3581196581196588,day_anchor_std,server_midnight,0,0,1,0,0,0,UNCLASSIFIED,TRANSITION_UNCLASSIFIED,TRANSITION
3993.7,3995.1,3993.2,3993.3,0,0,0,2,0.7999730831844926,ASIA,3,0.5789758579625519,day_anchor_std,server_midnight,0,0,0,1,0,0,UNCLASSIFIED,TREND_UNCLASSIFIED,TREND
3993.2,4002.2,3992.8,4002.2,0,0,0,2,0.7999730831844926,ASIA,3,0.5789758579625519,day_anchor_std,server_midnight,0,0,0,1,0,0,UNCLASSIFIED,TREND_UNCLASSIFIED,TREND
4002.3,4002.5,3997.2,3999.6,0,0,0,2,0.7999730831844926,ASIA,3,0.5789758579625519,day_anchor_std,server_midnight,0,0,0,1,0,0,UNCLASSIFIED,TREND_UNCLASSIFIED,TREND
3999.7,4001.7,3999.2,4000.9,0,0,0,2,0.7999730831844926,ASIA,3,0.5789758579625519,day_anchor_std,server_midnight,0,0,0,1,0,0,UNCLASSIFIED,TREND_UNCLASSIFIED,TREND
4001.3,4006.75,4000.75,4006.25,0,0,0,2,0.9677611943272788,ASIA,4,0.9905136431060168,day_anchor_std,server_midnight,0,0,0,1,0,0,TREND_STRONG,TREND_STRONG,TREND
4006.55,4007.75,4004.25,4006.15,0,0,0,2,0.9677611943272788,ASIA,4,0.9905136431060168,day_anchor_std,server_midnight,0,0,0,1,0,0,TREND_STRONG,TREND_STRONG,TREND
4006.25,4007.75,4002.75,4007.75,0,0,0,2,0.9677611943272788,ASIA,4,0.9905136431060168,day_anchor_std,server_midnight,0,0,0,1,0,0,TREND_STRONG,TREND_STRONG,TREND
4008.45,4010.55,4006.25,4008.55,0,0,0,2,0.9677611943272788,ASIA,4,0.9905136431060168,day_anchor_std,server_midnight,0,0,0,1,0,0,TREND_STRONG,TREND_STRONG,TREND
4008.45,4011.75,4008.05,4010.25,0,0,0,2,0.9029887528007441,ASIA,5,0.8974930953898472,day_anchor_std,server_midnight,0,0,0,1,0,0,TREND_STRONG,TREND_STRONG,TREND
4010.55,4013.05,4009.55,4012.55,0,0,0,2,0.9029887528007441,ASIA,5,0.8974930953898472,day_anchor_std,server_midnight,0,0,0,1,0,0,TREND_STRONG,TREND_STRONG,TREND
4012.25,4012.55,4008.05,4010.05,0,0,0,2,0.9029887528007441,ASIA,5,0.8974930953898472,day_anchor_std,server_midnight,0,0,0,1,0,0,TREND_STRONG,TREND_STRONG,TREND
4010.25,4010.25,4008.45,4008.75,0,0,0,2,0.9029887528007441,ASIA,5,0.8974930953898472,day_anchor_std,server_midnight,0,0,0,1,0,0,TREND_STRONG,TREND_STRONG,TREND
4008.55,4010.25,4006.05,4007.05,0,0,0,2,0.9972948972191373,LONDON,6,0.9113953220416946,day_anchor_std,server_midnight,0,0,0,0,1,0,TREND_STRONG,TREND_STRONG,TREND
4007.25,4010.4,4006.05,4006.25,0,0,0,2,0.9972948972191373,LONDON,6,0.9113953220416946,day_anchor_std,server_midnight,0,0,0,0,1,0,TREND_STRONG,TREND_STRONG,TREND
4006.55,4008.55,4005.05,4006.05,0,0,0,2,0.9972948972191373,LONDON,6,0.9113953220416946,day_anchor_std,server_midnight,0,0,0,0,1,0,TREND_STRONG,TREND_STRONG,TREND
4006.15,4009.75,4004.55,4009.05,0,0,0,2,0.9972948972191373,LONDON,6,0.9113953220416946,day_anchor_std,server_midnight,0,0,0,0,1,0,TREND_STRONG,TREND_STRONG,TREND
4009.05,4018.05,4008.75,4017.25,0,0,0,2,0.9948133291047377,LONDON,7,0.490310290508116,day_anchor_std,server_midnight,0,0,0,0,1,0,TREND_STRONG,TREND_STRONG,TREND
4017.55,4019.25,4012.55,4016.05,0,0,0,2,0.9948133291047377,LONDON,7,0.490310290508116,day_anchor_std,server_midnight,0,0,0,0,1,0,TREND_STRONG,TREND_STRONG,TREND
4017.05,4021.25,4010.75,4012.55,0,0,0,2,0.9948133291047377,LONDON,7,0.490310290508116,day_anchor_std,server_midnight,0,0,0,0,1,0,TREND_STRONG,TREND_STRONG,TREND
4012.55,4014.05,4005.05,4005.85,0,0,0,2,0.9948133291047377,LONDON,7,0.490310290508116,day_anchor_std,server_midnight,0,0,0,0,1,0,TREND_STRONG,TREND_STRONG,TREND
4005.75,4012.25,4005.25,4011.05,0,0,0,2,0.9970390703278825,LONDON,8,1.1814923427826916,day_anchor_std,server_midnight,0,0,0,0,0,1,TREND_STRONG,TREND_STRONG,TREND
4011.75,4017.25,4010.55,4016.75,0,0,0,2,0.9970390703278825,LONDON,8,1.1814923427826916,day_anchor_std,server_midnight,0,0,0,0,0,1,TREND_STRONG,TREND_STRONG,TREND
4016.75,4019.05,4013.05,4017.05,0,0,0,2,0.9970390703278825,LONDON,8,1.1814923427826916,day_anchor_std,server_midnight,0,0,0,0,0,1,TREND_STRONG,TREND_STRONG,TREND
4016.75,4019.25,4012.75,4014.55,0,0,0,2,0.9970390703278825,LONDON,8,1.1814923427826916,day_anchor_std,server_midnight,0,0,0,0,0,1,TREND_STRONG,TREND_STRONG,TREND
4014.65,4022.25,4012.75,4021.75,0,0,0,2,0.9996902212877263,NY,9,2.001230838088832,day_anchor_std,server_midnight,0,0,0,0,0,1,TREND_STRONG,TREND_STRONG,TREND
4021.75,4021.75,4011.75,4013.55,0,0,0,2,0.9996902212877263,NY,9,2.001230838088832,day_anchor_std,server_midnight,0,0,0,0,0,1,TREND_STRONG,TREND_STRONG,TREND
4013.55,4017.55,4010.25,4016.55,0,0,0,2,0.9996902212877263,NY,9,2.001230838088832,day_anchor_std,server_midnight,0,0,0,0,0,1,TREND_STRONG,TREND_STRONG,TREND
4016.75,4025.05,4015.75,4024.25,0,0,0,2,0.9996902212877263,NY,9,2.001230838088832,day_anchor_std,server_midnight,0,0,0,0,0,1,TREND_STRONG,TREND_STRONG,TREND
4024.25,4031.25,4019.25,4030.25,0,0,0,2,0.9984326934563165,NY,10,2.4613948626044873,day_anchor_std,server_midnight,0,0,0,0,0,1,TREND_STRONG,TREND_STRONG,TREND
4029.75,4034.05,4025.75,4031.55,0,0,0,2,0.9984326934563165,NY,10,2.4613948626044873,day_anchor_std,server_midnight,0,0,0,0,0,1,TREND_STRONG,TREND_STRONG,TREND
4031.55,4032.25,4029.25,4031.55,0,0,0,2,0.9984326934563165,NY,10,2.4613948626044873,day_anchor_std,server_midnight,0,0,0,0,0,1,TREND_STRONG,TREND_STRONG,TREND
4031.55,4033.05,4030.75,4030.75,0,0,0,2,0.9984326934563165,NY,10,2.4613948626044873,day_anchor_std,server_midnight,0,0,0,0,0,1,TREND_STRONG,TREND_STRONG,TREND
4039.7,4043.75,4035.25,4043.05,0,0,0,1,0.9964805261723944,ASIA,6,1.150010345541081,day_anchor_std,server_midnight,0,0,1,0,0,0,TRANSITION_NOISY,TRANSITION_NOISY,TRANSITION
4043.25,4047.25,4043.05,4043.55,0,0,0,1,0.9964805261723944,ASIA,6,1.150010345541081,day_anchor_std,server_midnight,0,0,1,0,0,0,TRANSITION_NOISY,TRANSITION_NOISY,TRANSITION
4043.75,4047.75,4042.25,4044.25,0,0,0,1,0.9964805261723944,ASIA,6,1.150010345541081,day_anchor_std,server_midnight,0,0,1,0,0,0,TRANSITION_NOISY,TRANSITION_NOISY,TRANSITION
4044.25,4047.55,4043.75,4046.05,0,0,0,1,0.9964805261723944,ASIA,6,1.150010345541081,day_anchor_std,server_midnight,0,0,1,0,0,0,TRANSITION_NOISY,TRANSITION_NOISY,TRANSITION
4040.75,4045.05,4039.25,4041.15,0,0,0,2,0.2625199770779563,NY,3,0.6015511138871472,day_anchor_std,server_midnight,0,0,0,0,1,0,UNCLASSIFIED,TREND_UNCLASSIFIED,TREND
4041.05,4041.05,4034.25,4039.95,0,0,0,2,0.2625199770779563,NY,3,0.6015511138871472,day_anchor_std,server_midnight,0,0,0,0,1,0,UNCLASSIFIED,TREND_UNCLASSIFIED,TREND
4039.75,4048.55,4039.25,4047.75,0,0,0,2,0.2625199770779563,NY,3,0.6015511138871472,day_anchor_std,server_midnight,0,0,0,0,1,0,UNCLASSIFIED,TREND_UNCLASSIFIED,TREND
4047.85,4051.55,4045.25,4048.25,0,0,0,2,0.2625199770779563,NY,3,0.6015511138871472,day_anchor_std,server_midnight,0,0,0,0,1,0,UNCLASSIFIED,TREND_UNCLASSIFIED,TREND
4054.55,4057.6,4054.4,4056.6,0,0,0,1,0.022990653125177285,NY_PM,2,2.148908328439113,day_anchor_std,server_midnight,0,0,1,0,0,0,UNCLASSIFIED,TRANSITION_UNCLASSIFIED,TRANSITION
4056.3,4059.7,4056.3,4059.35,0,0,0,1,0.022990653125177285,NY_PM,2,2.148908328439113,day_anchor_std,server_midnight,0,0,1,0,0,0,UNCLASSIFIED,TRANSITION_UNCLASSIFIED,TRANSITION
4058.9,4064.45,4058.9,4064.1,0,0,0,1,0.022990653125177285,NY_PM,2,2.148908328439113,day_anchor_std,server_midnight,0,0,1,0,0,0,UNCLASSIFIED,TRANSITION_UNCLASSIFIED,TRANSITION
4064.15,4067.35,4063.5,4066.1,0,0,0,1,0.022990653125177285,NY_PM,2,2.148908328439113,day_anchor_std,server_midnight,0,0,1,0,0,0,UNCLASSIFIED,TRANSITION_UNCLASSIFIED,TRANSITION
4105.75,4105.95,4103.85,4104.1,0,0,0,2,0.27062679920841226,ASIA,3,0.0449438202247191,day_anchor_std,server_midnight,0,0,0,1,0,0,UNCLASSIFIED,TREND_UNCLASSIFIED,TREND
4104.1,4104.95,4103.6,4104.7,0,0,0,2,0.27062679920841226,ASIA,3,0.0449438202247191,day_anchor_std,server_midnight,0,0,0,1,0,0,UNCLASSIFIED,TREND_UNCLASSIFIED,TREND
4104.7,4105.2,4103.7,4104.45,0,0,0,2,0.27062679920841226,ASIA,3,0.0449438202247191,day_anchor_std,server_midnight,0,0,0,1,0,0,UNCLASSIFIED,TREND_UNCLASSIFIED,TREND
4104.4,4104.6,4102.35,4103.4,0,0,0,2,0.27062679920841226,ASIA,3,0.0449438202247191,day_anchor_std,server_midnight,0,0,0,1,0,0,UNCLASSIFIED,TREND_UNCLASSIFIED,TREND
4103.6,4105.7,4099.35,4105.1,0,0,0,2,0.914073587233518,ASIA,4,0.279712378017474,day_anchor_std,server_midnight,0,0,0,1,0,0,UNCLASSIFIED,TREND_UNCLASSIFIED,TREND
4105.2,4106.45,4103.9,4105.7,0,0,0,2,0.914073587233518,ASIA,4,0.279712378017474,day_anchor_std,server_midnight,0,0,0,1,0,0,UNCLASSIFIED,TREND_UNCLASSIFIED,TREND
4105.7,4106.85,4100.35,4101.65,0,0,0,2,0.914073587233518,ASIA,4,0.279712378017474,day_anchor_std,server_midnight,0,0,0,1,0,0,UNCLASSIFIED,TREND_UNCLASSIFIED,TREND
4101.35,4104.85,4095.65,4098.95,0,0,0,2,0.914073587233518,ASIA,4,0.279712378017474,day_anchor_std,server_midnight,0,0,0,1,0,0,UNCLASSIFIED,TREND_UNCLASSIFIED,TREND
4098.85,4099.15,4094.65,4095.15,0,0,0,2,0.7329057187504342,ASIA,5,0.5682111995644971,day_anchor_std,server_midnight,0,0,0,1,0,0,TREND_STRONG,TREND_STRONG,TREND
4094.85,4097.15,4092.85,4094.85,0,0,0,2,0.7329057187504342,ASIA,5,0.5682111995644971,day_anchor_std,server_midnight,0,0,0,1,0,0,TREND_STRONG,TREND_STRONG,TREND
4094.85,4098.85,4093.85,4094.85,0,0,0,2,0.7329057187504342,ASIA,5,0.5682111995644971,day_anchor_std,server_midnight,0,0,0,1,0,0,TREND_STRONG,TREND_STRONG,TREND
4094.65,4096.35,4092.85,4094.15,0,0,0,2,0.7329057187504342,ASIA,5,0.5682111995644971,day_anchor_std,server_midnight,0,0,0,1,0,0,TREND_STRONG,TREND_STRONG,TREND
4094.35,4096.65,4093.15,4096.65,0,0,0,2,0.6699017841591933,ASIA,6,0.1521892655367443,day_anchor_std,server_midnight,0,0,0,1,0,0,TREND_STRONG,TREND_STRONG,TREND
4096.45,4099.65,4094.65,4099.15,0,0,0,2,0.6699017841591933,ASIA,6,0.1521892655367443,day_anchor_std,server_midnight,0,0,0,1,0,0,TREND_STRONG,TREND_STRONG,TREND
4099.15,4100.85,4097.35,4100.85,0,0,0,2,0.6699017841591933,ASIA,6,0.1521892655367443,day_anchor_std,server_midnight,0,0,0,1,0,0,TREND_STRONG,TREND_STRONG,TREND
4101.15,4102.65,4098.55,4098.65,0,0,0,2,0.6699017841591933,ASIA,6,0.1521892655367443,day_anchor_std,server_midnight,0,0,0,1,0,0,TREND_STRONG,TREND_STRONG,TREND
4098.85,4102.85,4095.85,4098.15,0,0,0,2,0.4695723032106749,LONDON,7,0.07910102919553594,day_anchor_std,server_midnight,0,0,0,0,1,0,TREND_STRONG,TREND_STRONG,TREND
4098.35,4099.15,4092.15,4095.35,0,0,0,2,0.4695723032106749,LONDON,7,0.07910102919553594,day_anchor_std,server_midnight,0,0,0,0,1,0,TREND_STRONG,TREND_STRONG,TREND
4095.65,4097.15,4093.65,4095.15,0,0,0,2,0.4695723032106749,LONDON,7,0.07910102919553594,day_anchor_std,server_midnight,0,0,0,0,1,0,TREND_STRONG,TREND_STRONG,TREND
4095.15,4102.15,4093.65,4099.35,0,0,0,2,0.4695723032106749,LONDON,7,0.07910102919553594,day_anchor_std,server_midnight,0,0,0,0,1,0,TREND_STRONG,TREND_STRONG,TREND
4101.3,4102.65,4087.85,4088.35,0,0,0,2,0.9402218088525324,LONDON,8,0.9809155505250963,day_anchor_std,server_midnight,0,0,0,0,1,1,TREND_STRONG,TREND_STRONG,TREND
4087.85,4093.65,4077.65,4078.85,0,0,0,2,0.9402218088525324,LONDON,8,0.9809155505250963,day_anchor_std,server_midnight,0,0,0,0,1,1,TREND_STRONG,TREND_STRONG,TREND
4078.35,4085.65,4076.85,4081.15,0,0,0,2,0.9402218088525324,LONDON,8,0.9809155505250963,day_anchor_std,server_midnight,0,0,0,0,1,1,TREND_STRONG,TREND_STRONG,TREND
4081.35,4089.65,4080.35,4086.15,0,0,0,2,0.9402218088525324,LONDON,8,0.9809155505250963,day_anchor_std,server_midnight,0,0,0,0,1,1,TREND_STRONG,TREND_STRONG,TREND
4096.05,4101.05,4096.05,4099.35,0,0,0,1,0.16411688179542866,LONDON,1,1.3966594938006547,day_anchor_std,server_midnight,0,0,1,0,0,0,UNCLASSIFIED,TRANSITION_UNCLASSIFIED,TRANSITION
4099.85,4106.35,4099.55,4101.05,0,0,0,1,0.16411688179542866,LONDON,1,1.3966594938006547,day_anchor_std,server_midnight,0,0,1,0,0,0,UNCLASSIFIED,TRANSITION_UNCLASSIFIED,TRANSITION
4101.05,4106.85,4099.35,4104.85,0,0,0,1,0.16411688179542866,LONDON,1,1.3966594938006547,day_anchor_std,server_midnight,0,0,1,0,0,0,UNCLASSIFIED,TRANSITION_UNCLASSIFIED,TRANSITION
4105.05,4107.05,4102.55,4103.85,0,0,0,1,0.16411688179542866,LONDON,1,1.3966594938006547,day_anchor_std,server_midnight,0,0,1,0,0,0,UNCLASSIFIED,TRANSITION_UNCLASSIFIED,TRANSITION
4115.95,4119.65,4115.95,4117.15,0,0,0,1,0.5747833465967185,ASIA,5,0.5889192886456586,day_anchor_std,server_midnight,0,1,0,0,0,0,UNCLASSIFIED,TRANSITION_UNCLASSIFIED,TRANSITION
4117.15,4120.65,4116.65,4120.45,0,0,0,1,0.5747833465967185,ASIA,5,0.5889192886456586,day_anchor_std,server_midnight,0,1,0,0,0,0,UNCLASSIFIED,TRANSITION_UNCLASSIFIED,TRANSITION
4120.65,4123.15,4120.45,4122.65,0,0,0,1,0.5747833465967185,ASIA,5,0.5889192886456586,day_anchor_std,server_midnight,0,1,0,0,0,0,UNCLASSIFIED,TRANSITION_UNCLASSIFIED,TRANSITION
4122.45,4125.45,4122.45,4125.15,0,0,0,1,0.5747833465967185,ASIA,5,0.5889192886456586,day_anchor_std,server_midnight,0,1,0,0,0,0,UNCLASSIFIED,TRANSITION_UNCLASSIFIED,TRANSITION
4115.05,4117.5,4114.65,4116.2,0,0,0,0,0.9724163067764238,NY_PM,2,0.049144542772844434,day_anchor_std,server_midnight,1,0,0,0,0,0,UNCLASSIFIED,BALANCE_UNCLASSIFIED,BALANCE
4116.75,4117.55,4115.5,4116.5,0,0,0,0,0.9724163067764238,NY_PM,2,0.049144542772844434,day_anchor_std,server_midnight,1,0,0,0,0,0,UNCLASSIFIED,BALANCE_UNCLASSIFIED,BALANCE
4116.6,4117.25,4116.05,4117.1,0,0,0,0,0.9724163067764238,NY_PM,2,0.049144542772844434,day_anchor_std,server_midnight,1,0,0,0,0,0,UNCLASSIFIED,BALANCE_UNCLASSIFIED,BALANCE
4117.0,4118.35,4116.35,4117.15,0,0,0,0,0.9724163067764238,NY_PM,2,0.049144542772844434,day_anchor_std,server_midnight,1,0,0,0,0,0,UNCLASSIFIED,BALANCE_UNCLASSIFIED,BALANCE
4117.1,4118.1,4114.85,4115.6,0,0,0,0,0.8790291682537026,NY_PM,3,0.21917286068215036,day_anchor_std,server_midnight,1,0,0,0,0,0,UNCLASSIFIED,BALANCE_UNCLASSIFIED,BALANCE
4115.5,4116.75,4114.55,4116.35,0,0,0,0,0.8790291682537026,NY_PM,3,0.21917286068215036,day_anchor_std,server_midnight,1,0,0,0,0,0,UNCLASSIFIED,BALANCE_UNCLASSIFIED,BALANCE
4116.3,4118.0,4115.3,4115.3,0,0,0,0,0.8790291682537026,NY_PM,3,0.21917286068215036,day_anchor_std,server_midnight,1,0,0,0,0,0,UNCLASSIFIED,BALANCE_UNCLASSIFIED,BALANCE
4115.25,4115.9,4113.6,4115.75,0,0,0,0,0.8790291682537026,NY_PM,3,0.21917286068215036,day_anchor_std,server_midnight,1,0,0,0,0,0,UNCLASSIFIED,BALANCE_UNCLASSIFIED,BALANCE
4097.05,4101.95,4095.55,4101.75,0,0,0,2,0.5881765942076341,LONDON,3,0.24063883617961246,day_anchor_std,server_midnight,0,0,0,0,1,0,UNCLASSIFIED,TREND_UNCLASSIFIED,TREND
4101.95,4114.45,4098.45,4111.05,0,0,0,2,0.5881765942076341,LONDON,3,0.24063883617961246,day_anchor_std,server_midnight,0,0,0,0,1,0,UNCLASSIFIED,TREND_UNCLASSIFIED,TREND
4111.05,4113.0,4106.35,4107.85,0,0,0,2,0.5881765942076341,LONDON,3,0.24063883617961246,day_anchor_std,server_midnight,0,0,0,0,1,0,UNCLASSIFIED,TREND_UNCLASSIFIED,TREND
4108.05,4110.55,4102.35,4106.55,0,0,0,2,0.5881765942076341,LONDON,3,0.24063883617961246,day_anchor_std,server_midnight,0,0,0,0,1,0,UNCLASSIFIED,TREND_UNCLASSIFIED,TREND
4125.35,4130.85,4125.35,4130.05,0,0,0,1,0.43099360428687705,LONDON,2,2.3515416363194777,day_anchor_std,server_midnight,0,0,1,0,0,0,UNCLASSIFIED,TRANSITION_UNCLASSIFIED,TRANSITION
4130.05,4131.55,4127.55,4130.85,0,0,0,1,0.43099360428687705,LONDON,2,2.3515416363194777,day_anchor_std,server_midnight,0,0,1,0,0,0,UNCLASSIFIED,TRANSITION_UNCLASSIFIED,TRANSITION
4131.05,4137.05,4127.05,4135.05,0,0,0,1,0.43099360428687705,LONDON,2,2.3515416363194777,day_anchor_std,server_midnight,0,0,1,0,0,0,UNCLASSIFIED,TRANSITION_UNCLASSIFIED,TRANSITION
4135.35,4143.85,4133.85,4142.85,0,0,0,1,0.43099360428687705,LONDON,2,2.3515416363194777,day_anchor_std,server_midnight,0,0,1,0,0,0,UNCLASSIFIED,TRANSITION_UNCLASSIFIED,TRANSITION
4148.9,4154.95,4148.35,4151.85,0,0,0,1,0.995468124902149,LONDON,6,1.3406716017595033,day_anchor_std,server_midnight,0,0,1,0,0,0,UNCLASSIFIED,TRANSITION_UNCLASSIFIED,TRANSITION
4151.85,4155.55,4140.45,4145.35,0,0,0,1,0.995468124902149,LONDON,6,1.3406716017595033,day_anchor_std,server_midnight,0,0,1,0,0,0,UNCLASSIFIED,TRANSITION_UNCLASSIFIED,TRANSITION
4144.95,4146.45,4141.65,4144.65,0,0,0,1,0.995468124902149,LONDON,6,1.3406716017595033,day_anchor_std,server_midnight,0,0,1,0,0,0,UNCLASSIFIED,TRANSITION_UNCLASSIFIED,TRANSITION
4144.65,4167.15,4144.65,4164.55,0,0,0,1,0.995468124902149,LONDON,6,1.3406716017595033,day_anchor_std,server_midnight,0,0,1,0,0,0,UNCLASSIFIED,TRANSITION_UNCLASSIFIED,TRANSITION
4158.95,4163.05,4158.55,4161.05,0,0,0,1,0.741029907667498,ASIA,6,1.2216655962320464,day_anchor_std,server_midnight,0,0,1,0,0,0,UNCLASSIFIED,TRANSITION_UNCLASSIFIED,TRANSITION
4161.35,4167.05,4161.05,4165.35,0,0,0,1,0.741029907667498,ASIA,6,1.2216655962320464,day_anchor_std,server_midnight,0,0,1,0,0,0,UNCLASSIFIED,TRANSITION_UNCLASSIFIED,TRANSITION
4165.45,4169.85,4164.35,4167.85,0,0,0,1,0.741029907667498,ASIA,6,1.2216655962320464,day_anchor_std,server_midnight,0,0,1,0,0,0,UNCLASSIFIED,TRANSITION_UNCLASSIFIED,TRANSITION
4168.05,4172.55,4168.05,4170.55,0,0,0,1,0.741029907667498,ASIA,6,1.2216655962320464,day_anchor_std,server_midnight,0,0,1,0,0,0,UNCLASSIFIED,TRANSITION_UNCLASSIFIED,TRANSITION
4147.15,4147.95,4138.65,4143.15,0,0,0,1,0.9958002375359435,ASIA,5,1.3534443192723222,day_anchor_std,server_midnight,0,0,1,0,0,0,UNCLASSIFIED,TRANSITION_UNCLASSIFIED,TRANSITION
4143.45,4144.45,4141.65,4142.45,0,0,0,1,0.9958002375359435,ASIA,5,1.3534443192723222,day_anchor_std,server_midnight,0,0,1,0,0,0,UNCLASSIFIED,TRANSITION_UNCLASSIFIED,TRANSITION
4142.45,4142.45,4135.65,4138.65,0,0,0,1,0.9958002375359435,ASIA,5,1.3534443192723222,day_anchor_std,server_midnight,0,0,1,0,0,0,UNCLASSIFIED,TRANSITION_UNCLASSIFIED,TRANSITION
4138.45,4139.15,4133.15,4134.85,0,0,0,1,0.9958002375359435,ASIA,5,1.3534443192723222,day_anchor_std,server_midnight,0,0,1,0,0,0,UNCLASSIFIED,TRANSITION_UNCLASSIFIED,TRANSITION
4097.25,4097.25,4095.25,4096.25,0,0,0,2,0.7428974361257281,NY_PM,7,1.65599956681833,day_anchor_std,server_midnight,0,0,0,0,0,1,TREND_STRONG,TREND_STRONG,TREND
4096.25,4098.45,4095.75,4098.45,0,0,0,2,0.7428974361257281,NY_PM,7,1.65599956681833,day_anchor_std,server_midnight,0,0,0,0,0,1,TREND_STRONG,TREND_STRONG,TREND
4098.75,4098.75,4095.95,4096.75,0,0,0,2,0.7428974361257281,NY_PM,7,1.65599956681833,day_anchor_std,server_midnight,0,0,0,0,0,1,TREND_STRONG,TREND_STRONG,TREND
4096.75,4097.25,4092.75,4092.95,0,0,0,2,0.7428974361257281,NY_PM,7,1.65599956681833,day_anchor_std,server_midnight,0,0,0,0,0,1,TREND_STRONG,TREND_STRONG,TREND
4067.45,4068.25,4060.45,4067.75,0,0,0,1,0.9818499184662812,NY,4,1.7338115396675884,day_anchor_std,server_midnight,0,0,1,0,0,0,UNCLASSIFIED,TRANSITION_UNCLASSIFIED,TRANSITION
4067.45,4067.95,4055.75,4058.25,0,0,0,1,0.9818499184662812,NY,4,1.7338115396675884,day_anchor_std,server_midnight,0,0,1,0,0,0,UNCLASSIFIED,TRANSITION_UNCLASSIFIED,TRANSITION
4058.45,4061.95,4054.25,4057.75,0,0,0,1,0.9818499184662812,NY,4,1.7338115396675884,day_anchor_std,server_midnight,0,0,1,0,0,0,UNCLASSIFIED,TRANSITION_UNCLASSIFIED,TRANSITION
4057.75,4064.25,4052.65,4058.45,0,0,0,1,0.9818499184662812,NY,4,1.7338115396675884,day_anchor_std,server_midnight,0,0,1,0,0,0,UNCLASSIFIED,TRANSITION_UNCLASSIFIED,TRANSITION
4135.85,4137.45,4134.75,4137.45,0,0,0,2,0.9865523578877398,NY_PM,7,3.1049760320526834,day_anchor_std,server_midnight,0,0,0,0,0,1,TREND_STRONG,TREND_STRONG,TREND
4137.25,4137.95,4136.75,4136.85,0,0,0,2,0.9865523578877398,NY_PM,7,3.1049760320526834,day_anchor_std,server_midnight,0,0,0,0,0,1,TREND_STRONG,TREND_STRONG,TREND
4136.75,4136.85,4131.45,4133.25,0,0,0,2,0.9865523578877398,NY_PM,7,3.1049760320526834,day_anchor_std,server_midnight,0,0,0,0,0,1,TREND_STRONG,TREND_STRONG,TREND
4132.95,4133.25,4131.75,4132.45,0,0,0,2,0.9865523578877398,NY_PM,7,3.1049760320526834,day_anchor_std,server_midnight,0,0,0,0,0,1,TREND_STRONG,TREND_STRONG,TREND
4132.45,4135.75,4131.85,4134.25,0,0,0,2,0.9994155780781772,ASIA,8,0.14105793450876908,day_anchor_std,server_midnight,0,0,0,1,0,0,TREND_STRONG,TREND_STRONG,TREND
4134.05,4134.75,4132.75,4133.45,0,0,0,2,0.9994155780781772,ASIA,8,0.14105793450876908,day_anchor_std,server_midnight,0,0,0,1,0,0,TREND_STRONG,TREND_STRONG,TREND
4133.25,4133.95,4131.45,4133.35,0,0,0,2,0.9994155780781772,ASIA,8,0.14105793450876908,day_anchor_std,server_midnight,0,0,0,1,0,0,TREND_STRONG,TREND_STRONG,TREND
4133.25,4139.25,4133.25,4137.75,0,0,0,2,0.9994155780781772,ASIA,8,0.14105793450876908,day_anchor_std,server_midnight,0,0,0,1,0,0,TREND_STRONG,TREND_STRONG,TREND
4137.75,4137.75,4132.45,4133.95,0,0,0,2,0.9336484233421469,ASIA,9,0.5718818163791529,day_anchor_std,server_midnight,0,0,0,1,0,0,TREND_STRONG,TREND_STRONG,TREND
4134.25,4134.25,4129.25,4129.45,0,0,0,2,0.9336484233421469,ASIA,9,0.5718818163791529,day_anchor_std,server_midnight,0,0,0,1,0,0,TREND_STRONG,TREND_STRONG,TREND
4130.45,4131.95,4124.95,4126.25,0,0,0,2,0.9336484233421469,ASIA,9,0.5718818163791529,day_anchor_std,server_midnight,0,0,0,1,0,0,TREND_STRONG,TREND_STRONG,TREND
4126.35,4128.75,4124.75,4126.25,0,0,0,2,0.9336484233421469,ASIA,9,0.5718818163791529,day_anchor_std,server_midnight,0,0,0,1,0,0,TREND_STRONG,TREND_STRONG,TREND
4126.25,4126.95,4121.25,4121.25,0,0,0,2,0.7500257255127499,ASIA,10,0.6354186842275217,day_anchor_std,server_midnight,0,0,0,1,0,0,TREND_STRONG,TREND_STRONG,TREND
4120.75,4122.35,4117.95,4119.45,0,0,0,2,0.7500257255127499,ASIA,10,0.6354186842275217,day_anchor_std,server_midnight,0,0,0,1,0,0,TREND_STRONG,TREND_STRONG,TREND
4119.75,4124.95,4115.95,4123.45,0,0,0,2,0.7500257255127499,ASIA,10,0.6354186842275217,day_anchor_std,server_midnight,0,0,0,1,0,0,TREND_STRONG,TREND_STRONG,TREND
4123.45,4124.95,4121.75,4122.95,0,0,0,2,0.7500257255127499,ASIA,10,0.6354186842275217,day_anchor_std,server_midnight,0,0,0,1,0,0,TREND_STRONG,TREND_STRONG,TREND
4139.25,4161.95,4137.25,4160.95,0,0,0,1,0.9908791380695898,LONDON,3,1.9845164104242232,day_anchor_std,server_midnight,0,0,1,0,0,0,UNCLASSIFIED,TRANSITION_UNCLASSIFIED,TRANSITION
4161.25,4161.95,4142.95,4146.25,0,0,0,1,0.9908791380695898,LONDON,3,1.9845164104242232,day_anchor_std,server_midnight,0,0,1,0,0,0,UNCLASSIFIED,TRANSITION_UNCLASSIFIED,TRANSITION
4146.25,4152.75,4137.25,4151.45,0,0,0,1,0.9908791380695898,LONDON,3,1.9845164104242232,day_anchor_std,server_midnight,0,0,1,0,0,0,UNCLASSIFIED,TRANSITION_UNCLASSIFIED,TRANSITION
4151.75,4162.95,4151.75,4161.75,0,0,0,1,0.9908791380695898,LONDON,3,1.9845164104242232,day_anchor_std,server_midnight,0,0,1,0,0,0,UNCLASSIFIED,TRANSITION_UNCLASSIFIED,TRANSITION
4175.55,4176.75,4171.65,4173.75,0,0,0,2,0.9368766128200253,NY_PM,3,0.1945007235890467,day_anchor_std,server_midnight,0,0,0,0,1,0,UNCLASSIFIED,TREND_UNCLASSIFIED,TREND
4173.65,4173.95,4168.95,4169.95,0,0,0,2,0.9368766128200253,NY_PM,3,0.1945007235890467,day_anchor_std,server_midnight,0,0,0,0,1,0,UNCLASSIFIED,TREND_UNCLASSIFIED,TREND
4170.25,4172.25,4170.25,4170.95,0,0,0,2,0.9368766128200253,NY_PM,3,0.1945007235890467,day_anchor_std,server_midnight,0,0,0,0,1,0,UNCLASSIFIED,TREND_UNCLASSIFIED,TREND
4170.75,4170.95,4166.95,4168.25,0,0,0,2,0.9368766128200253,NY_PM,3,0.1945007235890467,day_anchor_std,server_midnight,0,0,0,0,1,0,UNCLASSIFIED,TREND_UNCLASSIFIED,TREND
4168.25,4171.95,4166.75,4169.25,0,0,0,2,0.9776315596194457,NY_PM,4,0.047501542257802835,day_anchor_std,server_midnight,0,0,0,0,1,0,TREND_STRONG,TREND_STRONG,TREND
4169.35,4173.25,4168.95,4172.75,0,0,0,2,0.9776315596194457,NY_PM,4,0.047501542257802835,day_anchor_std,server_midnight,0,0,0,0,1,0,TREND_STRONG,TREND_STRONG,TREND
4172.95,4173.75,4171.45,4172.45,0,0,0,2,0.9776315596194457,NY_PM,4,0.047501542257802835,day_anchor_std,server_midnight,0,0,0,0,1,0,TREND_STRONG,TREND_STRONG,TREND
4172.45,4172.95,4170.75,4171.75,0,0,0,2,0.9776315596194457,NY_PM,4,0.047501542257802835,day_anchor_std,server_midnight,0,0,0,0,1,0,TREND_STRONG,TREND_STRONG,TREND
4171.75,4172.75,4171.45,4172.75,0,0,0,2,0.9751491675674168,NY_PM,5,0.4076290463691272,day_anchor_std,server_midnight,0,0,0,0,1,0,TREND_STRONG,TREND_STRONG,TREND
4172.45,4177.25,4172.25,4176.95,0,0,0,2,0.9751491675674168,NY_PM,5,0.4076290463691272,day_anchor_std,server_midnight,0,0,0,0,1,0,TREND_STRONG,TREND_STRONG,TREND
4176.75,4176.75,4174.75,4176.25,0,0,0,2,0.9751491675674168,NY_PM,5,0.4076290463691272,day_anchor_std,server_midnight,0,0,0,0,1,0,TREND_STRONG,TREND_STRONG,TREND
4175.95,4178.45,4175.95,4176.75,0,0,0,2,0.9751491675674168,NY_PM,5,0.4076290463691272,day_anchor_std,server_midnight,0,0,0,0,1,0,TREND_STRONG,TREND_STRONG,TREND
4176.85,4177.45,4175.95,4177.25,0,0,0,2,0.9830993735505267,ASIA,6,0.06031233171785187,day_anchor_std,server_midnight,0,0,0,1,0,0,TREND_STRONG,TREND_STRONG,TREND
4176.95,4177.25,4175.75,4176.95,0,0,0,2,0.9830993735505267,ASIA,6,0.06031233171785187,day_anchor_std,server_midnight,0,0,0,1,0,0,TREND_STRONG,TREND_STRONG,TREND
4176.75,4176.95,4174.95,4176.75,0,0,0,2,0.9830993735505267,ASIA,6,0.06031233171785187,day_anchor_std,server_midnight,0,0,0,1,0,0,TREND_STRONG,TREND_STRONG,TREND
4176.65,4178.95,4175.85,4177.95,0,0,0,2,0.9830993735505267,ASIA,6,0.06031233171785187,day_anchor_std,server_midnight,0,0,0,1,0,0,TREND_STRONG,TREND_STRONG,TREND
4177.75,4178.45,4174.45,4178.45,0,0,0,2,0.9967252467175732,ASIA,7,0.05277329025306896,day_anchor_std,server_midnight,0,0,0,1,0,0,TREND_STRONG,TREND_STRONG,TREND
4178.45,4180.95,4177.75,4179.9,0,0,0,2,0.9967252467175732,ASIA,7,0.05277329025306896,day_anchor_std,server_midnight,0,0,0,1,0,0,TREND_STRONG,TREND_STRONG,TREND
4179.9,4180.45,4178.25,4178.45,0,0,0,2,0.9967252467175732,ASIA,7,0.05277329025306896,day_anchor_std,server_midnight,0,0,0,1,0,0,TREND_STRONG,TREND_STRONG,TREND
4178.75,4178.75,4175.45,4176.75,0,0,0,2,0.9967252467175732,ASIA,7,0.05277329025306896,day_anchor_std,server_midnight,0,0,0,1,0,0,TREND_STRONG,TREND_STRONG,TREND
4176.65,4176.85,4171.75,4172.75,0,0,0,2,0.9842084467517936,ASIA,8,0.16027243415569997,day_anchor_std,server_midnight,0,0,0,1,0,0,TREND_STRONG,TREND_STRONG,TREND
4172.45,4173.25,4170.45,4172.25,0,0,0,2,0.9842084467517936,ASIA,8,0.16027243415569997,day_anchor_std,server_midnight,0,0,0,1,0,0,TREND_STRONG,TREND_STRONG,TREND
4172.05,4176.75,4171.95,4175.45,0,0,0,2,0.9842084467517936,ASIA,8,0.16027243415569997,day_anchor_std,server_midnight,0,0,0,1,0,0,TREND_STRONG,TREND_STRONG,TREND
4175.55,4175.95,4173.85,4174.95,0,0,0,2,0.9842084467517936,ASIA,8,0.16027243415569997,day_anchor_std,server_midnight,0,0,0,1,0,0,TREND_STRONG,TREND_STRONG,TREND
4175.05,4175.95,4172.95,4173.45,0,0,0,2,0.8805992808371865,ASIA,9,0.5815482262268427,day_anchor_std,server_midnight,0,0,0,1,0,0,TREND_STRONG,TREND_STRONG,TREND
4173.35,4174.25,4171.35,4173.95,0,0,0,2,0.8805992808371865,ASIA,9,0.5815482262268427,day_anchor_std,server_midnight,0,0,0,1,0,0,TREND_STRONG,TREND_STRONG,TREND
4173.95,4174.45,4171.45,4172.45,0,0,0,2,0.8805992808371865,ASIA,9,0.5815482262268427,day_anchor_std,server_midnight,0,0,0,1,0,0,TREND_STRONG,TREND_STRONG,TREND
4172.45,4173.35,4169.25,4169.75,0,0,0,2,0.8805992808371865,ASIA,9,0.5815482262268427,day_anchor_std,server_midnight,0,0,0,1,0,0,TREND_STRONG,TREND_STRONG,TREND
4169.95,4171.75,4168.25,4170.25,0,0,0,2,0.9961612195838533,LONDON,10,0.3116243264049791,day_anchor_std,server_midnight,0,0,0,0,1,0,TREND_STRONG,TREND_STRONG,TREND
4169.95,4173.45,4167.95,4172.45,0,0,0,2,0.9961612195838533,LONDON,10,0.3116243264049791,day_anchor_std,server_midnight,0,0,0,0,1,0,TREND_STRONG,TREND_STRONG,TREND
4172.25,4172.25,4167.25,4169.75,0,0,0,2,0.9961612195838533,LONDON,10,0.3116243264049791,day_anchor_std,server_midnight,0,0,0,0,1,0,TREND_STRONG,TREND_STRONG,TREND
4169.95,4182.75,4169.95,4179.35,0,0,0,2,0.9961612195838533,LONDON,10,0.3116243264049791,day_anchor_std,server_midnight,0,0,0,0,1,0,TREND_STRONG,TREND_STRONG,TREND
4176.45,4183.25,4173.45,4175.45,0,0,0,2,0.8698111052746703,LONDON,11,0.2172455503715294,day_anchor_std,server_midnight,0,0,0,0,1,0,TREND_STRONG,TREND_STRONG,TREND
4175.75,4186.25,4173.75,4185.25,0,0,0,2,0.8698111052746703,LONDON,11,0.2172455503715294,day_anchor_std,server_midnight,0,0,0,0,1,0,TREND_STRONG,TREND_STRONG,TREND
4185.25,4186.95,4171.25,4173.95,0,0,0,2,0.8698111052746703,LONDON,11,0.2172455503715294,day_anchor_std,server_midnight,0,0,0,0,1,0,TREND_STRONG,TREND_STRONG,TREND
4173.25,4179.25,4172.45,4178.75,0,0,0,2,0.8698111052746703,LONDON,11,0.2172455503715294,day_anchor_std,server_midnight,0,0,0,0,1,0,TREND_STRONG,TREND_STRONG,TREND
4136.15,4148.05,4125.45,4140.15,0,0,0,1,0.9426139493040443,NY,1,2.366173258917729,day_anchor_std,server_midnight,0,0,1,0,0,0,UNCLASSIFIED,TRANSITION_UNCLASSIFIED,TRANSITION
4140.35,4152.65,4117.45,4136.15,0,0,0,1,0.9426139493040443,NY,1,2.366173258917729,day_anchor_std,server_midnight,0,0,1,0,0,0,UNCLASSIFIED,TRANSITION_UNCLASSIFIED,TRANSITION
4136.65,4145.05,4101.55,4102.15,0,0,0,1,0.9426139493040443,NY,1,2.366173258917729,day_anchor_std,server_midnight,0,0,1,0,0,0,UNCLASSIFIED,TRANSITION_UNCLASSIFIED,TRANSITION
4102.45,4104.15,4091.65,4093.45,0,0,0,1,0.9426139493040443,NY,1,2.366173258917729,day_anchor_std,server_midnight,0,0,1,0,0,0,UNCLASSIFIED,TRANSITION_UNCLASSIFIED,TRANSITION
4099.15,4099.15,4096.05,4097.55,0,0,0,2,0.674483601376672,ASIA,5,0.10193099081990797,day_anchor_std,server_midnight,0,0,0,1,0,0,UNCLASSIFIED,TREND_UNCLASSIFIED,TREND
4097.75,4104.05,4097.55,4102.05,0,0,0,2,0.674483601376672,ASIA,5,0.10193099081990797,day_anchor_std,server_midnight,0,0,0,1,0,0,UNCLASSIFIED,TREND_UNCLASSIFIED,TREND
4102.25,4104.45,4102.05,4103.05,0,0,0,2,0.674483601376672,ASIA,5,0.10193099081990797,day_anchor_std,server_midnight,0,0,0,1,0,0,UNCLASSIFIED,TREND_UNCLASSIFIED,TREND
4103.1,4103.85,4100.05,4102.55,0,0,0,2,0.674483601376672,ASIA,5,0.10193099081990797,day_anchor_std,server_midnight,0,0,0,1,0,0,UNCLASSIFIED,TREND_UNCLASSIFIED,TREND
4102.75,4103.25,4095.05,4096.75,0,0,0,2,0.6910497783091809,ASIA,6,0.0692506459948961,day_anchor_std,server_midnight,0,0,0,1,0,0,UNCLASSIFIED,TREND_UNCLASSIFIED,TREND
4096.8,4099.8,4094.35,4099.25,0,0,0,2,0.6910497783091809,ASIA,6,0.0692506459948961,day_anchor_std,server_midnight,0,0,0,1,0,0,UNCLASSIFIED,TREND_UNCLASSIFIED,TREND
4099.25,4099.25,4084.8,4088.25,0,0,0,2,0.6910497783091809,ASIA,6,0.0692506459948961,day_anchor_std,server_midnight,0,0,0,1,0,0,UNCLASSIFIED,TREND_UNCLASSIFIED,TREND
4088.25,4102.05,4085.75,4099.8,0,0,0,2,0.6910497783091809,ASIA,6,0.0692506459948961,day_anchor_std,server_midnight,0,0,0,1,0,0,UNCLASSIFIED,TREND_UNCLASSIFIED,TREND
4100.25,4100.25,4092.65,4095.55,0,0,0,2,0.7600503467105869,ASIA,7,0.4999407596975869,day_anchor_std,server_midnight,0,0,0,1,0,0,UNCLASSIFIED,TREND_UNCLASSIFIED,TREND
4095.25,4095.75,4090.15,4091.55,0,0,0,2,0.7600503467105869,ASIA,7,0.4999407596975869,day_anchor_std,server_midnight,0,0,0,1,0,0,UNCLASSIFIED,TREND_UNCLASSIFIED,TREND
4091.55,4095.55,4090.25,4092.55,0,0,0,2,0.7600503467105869,ASIA,7,0.4999407596975869,day_anchor_std,server_midnight,0,0,0,1,0,0,UNCLASSIFIED,TREND_UNCLASSIFIED,TREND
4092.25,4093.8,4087.25,4088.25,0,0,0,2,0.7600503467105869,ASIA,7,0.4999407596975869,day_anchor_std,server_midnight,0,0,0,1,0,0,UNCLASSIFIED,TREND_UNCLASSIFIED,TREND
4088.05,4091.25,4082.8,4089.25,0,0,0,2,0.8763788567168717,ASIA,8,0.7992620180701758,day_anchor_std,server_midnight,0,0,0,1,0,0,TREND_STRONG,TREND_STRONG,TREND
4089.15,4090.55,4080.25,4083.05,0,0,0,2,0.8763788567168717,ASIA,8,0.7992620180701758,day_anchor_std,server_midnight,0,0,0,1,0,0,TREND_STRONG,TREND_STRONG,TREND
4083.25,4083.25,4077.55,4081.05,0,0,0,2,0.8763788567168717,ASIA,8,0.7992620180701758,day_anchor_std,server_midnight,0,0,0,1,0,0,TREND_STRONG,TREND_STRONG,TREND
4080.8,4083.65,4079.05,4080.55,0,0,0,2,0.8763788567168717,ASIA,8,0.7992620180701758,day_anchor_std,server_midnight,0,0,0,1,0,0,TREND_STRONG,TREND_STRONG,TREND
4074.35,4075.35,4069.85,4072.05,0,0,0,0,0.9418723129320008,NY_PM,3,0.17641764176415048,day_anchor_std,server_midnight,1,0,0,0,0,0,BALANCE_LEAKING,BALANCE_LEAKING,BALANCE
4072.15,4080.05,4071.55,4077.85,0,0,0,0,0.9418723129320008,NY_PM,3,0.17641764176415048,day_anchor_std,server_midnight,1,0,0,0,0,0,BALANCE_LEAKING,BALANCE_LEAKING,BALANCE
4077.6,4078.85,4075.55,4077.85,0,0,0,0,0.9418723129320008,NY_PM,3,0.17641764176415048,day_anchor_std,server_midnight,1,0,0,0,0,0,BALANCE_LEAKING,BALANCE_LEAKING,BALANCE
4077.55,4079.55,4076.1,4078.55,0,0,0,0,0.9418723129320008,NY_PM,3,0.17641764176415048,day_anchor_std,server_midnight,1,0,0,0,0,0,BALANCE_LEAKING,BALANCE_LEAKING,BALANCE
4078.55,4078.85,4076.05,4076.05,0,0,0,0,0.784857037993165,NY_PM,4,0.13330625107711436,day_anchor_std,server_midnight,1,0,0,0,0,0,UNCLASSIFIED,BALANCE_UNCLASSIFIED,BALANCE
4075.85,4077.35,4073.55,4076.35,0,0,0,0,0.784857037993165,NY_PM,4,0.13330625107711436,day_anchor_std,server_midnight,1,0,0,0,0,0,UNCLASSIFIED,BALANCE_UNCLASSIFIED,BALANCE
4076.05,4077.35,4075.85,4076.55,0,0,0,0,0.784857037993165,NY_PM,4,0.13330625107711436,day_anchor_std,server_midnight,1,0,0,0,0,0,UNCLASSIFIED,BALANCE_UNCLASSIFIED,BALANCE
4076.85,4079.35,4076.85,4079.05,0,0,0,0,0.784857037993165,NY_PM,4,0.13330625107711436,day_anchor_std,server_midnight,1,0,0,0,0,0,UNCLASSIFIED,BALANCE_UNCLASSIFIED,BALANCE
4079.05,4079.05,4077.85,4078.55,0,0,0,0,0.7392024386613933,ASIA,5,0.01718450326046634,day_anchor_std,server_midnight,1,0,0,0,0,0,UNCLASSIFIED,BALANCE_UNCLASSIFIED,BALANCE
4078.4,4079.1,4078.05,4078.85,0,0,0,0,0.7392024386613933,ASIA,5,0.01718450326046634,day_anchor_std,server_midnight,1,0,0,0,0,0,UNCLASSIFIED,BALANCE_UNCLASSIFIED,BALANCE
4078.75,4079.15,4077.6,4077.85,0,0,0,0,0.7392024386613933,ASIA,5,0.01718450326046634,day_anchor_std,server_midnight,1,0,0,0,0,0,UNCLASSIFIED,BALANCE_UNCLASSIFIED,BALANCE
4077.6,4077.85,4075.35,4076.85,0,0,0,0,0.7392024386613933,ASIA,5,0.01718450326046634,day_anchor_std,server_midnight,1,0,0,0,0,0,UNCLASSIFIED,BALANCE_UNCLASSIFIED,BALANCE
4077.05,4078.85,4074.55,4078.35,0,0,0,0,0.9084310076229564,ASIA,6,0.03025391680173085,day_anchor_std,server_midnight,1,0,0,0,0,0,BALANCE_LEAKING,BALANCE_LEAKING,BALANCE
4078.55,4080.55,4077.35,4080.55,0,0,0,0,0.9084310076229564,ASIA,6,0.03025391680173085,day_anchor_std,server_midnight,1,0,0,0,0,0,BALANCE_LEAKING,BALANCE_LEAKING,BALANCE
4080.35,4082.35,4073.35,4080.55,0,0,0,0,0.9084310076229564,ASIA,6,0.03025391680173085,day_anchor_std,server_midnight,1,0,0,0,0,0,BALANCE_LEAKING,BALANCE_LEAKING,BALANCE
4080.35,4080.85,4075.85,4076.85,0,0,0,0,0.9084310076229564,ASIA,6,0.03025391680173085,day_anchor_std,server_midnight,1,0,0,0,0,0,BALANCE_LEAKING,BALANCE_LEAKING,BALANCE
4092.05,4093.75,4088.85,4091.55,0,0,0,1,0.9931576872807716,LONDON,2,1.7442949676133364,day_anchor_std,server_midnight,0,0,1,0,0,0,UNCLASSIFIED,TRANSITION_UNCLASSIFIED,TRANSITION
4091.55,4099.55,4080.45,4091.35,0,0,0,1,0.9931576872807716,LONDON,2,1.7442949676133364,day_anchor_std,server_midnight,0,0,1,0,0,0,UNCLASSIFIED,TRANSITION_UNCLASSIFIED,TRANSITION
4091.05,4101.55,4091.05,4100.85,0,0,0,1,0.9931576872807716,LONDON,2,1.7442949676133364,day_anchor_std,server_midnight,0,0,1,0,0,0,UNCLASSIFIED,TRANSITION_UNCLASSIFIED,TRANSITION
4100.85,4115.35,4098.35,4113.35,0,0,0,1,0.9931576872807716,LONDON,2,1.7442949676133364,day_anchor_std,server_midnight,0,0,1,0,0,0,UNCLASSIFIED,TRANSITION_UNCLASSIFIED,TRANSITION
4113.25,4123.05,4112.55,4119.85,0,0,0,1,0.9980561590125341,LONDON,3,2.035555555555512,day_anchor_std,server_midnight,0,0,1,0,0,0,UNCLASSIFIED,TRANSITION_UNCLASSIFIED,TRANSITION
4120.35,4128.35,4120.35,4122.85,0,0,0,1,0.9980561590125341,LONDON,3,2.035555555555512,day_anchor_std,server_midnight,0,0,1,0,0,0,UNCLASSIFIED,TRANSITION_UNCLASSIFIED,TRANSITION
4122.85,4126.85,4118.85,4125.15,0,0,0,1,0.9980561590125341,LONDON,3,2.035555555555512,day_anchor_std,server_midnight,0,0,1,0,0,0,UNCLASSIFIED,TRANSITION_UNCLASSIFIED,TRANSITION
4125.55,4125.55,4119.4,4122.45,0,0,0,1,0.9980561590125341,LONDON,3,2.035555555555512,day_anchor_std,server_midnight,0,0,1,0,0,0,UNCLASSIFIED,TRANSITION_UNCLASSIFIED,TRANSITION
4138.2,4142.05,4137.45,4140.55,0,0,0,2,0.9973722745786555,NY_PM,3,0.19716506630086164,day_anchor_std,server_midnight,0,0,0,0,1,0,TREND_STRONG,TREND_STRONG,TREND
4140.85,4140.85,4138.15,4138.95,0,0,0,2,0.9973722745786555,NY_PM,3,0.19716506630086164,day_anchor_std,server_midnight,0,0,0,0,1,0,TREND_STRONG,TREND_STRONG,TREND
4138.95,4142.0,4138.65,4139.65,0,0,0,2,0.9973722745786555,NY_PM,3,0.19716506630086164,day_anchor_std,server_midnight,0,0,0,0,1,0,TREND_STRONG,TREND_STRONG,TREND
4139.95,4140.2,4133.95,4134.15,0,0,0,2,0.9973722745786555,NY_PM,3,0.19716506630086164,day_anchor_std,server_midnight,0,0,0,0,1,0,TREND_STRONG,TREND_STRONG,TREND
4134.15,4136.0,4130.95,4134.15,0,0,0,2,0.9875088980297917,NY_PM,4,0.08155726058536367,day_anchor_std,server_midnight,0,0,0,0,1,0,TREND_STRONG,TREND_STRONG,TREND
4134.05,4135.0,4132.95,4133.65,0,0,0,2,0.9875088980297917,NY_PM,4,0.08155726058536367,day_anchor_std,server_midnight,0,0,0,0,1,0,TREND_STRONG,TREND_STRONG,TREND
4133.65,4134.45,4131.2,4134.2,0,0,0,2,0.9875088980297917,NY_PM,4,0.08155726058536367,day_anchor_std,server_midnight,0,0,0,0,1,0,TREND_STRONG,TREND_STRONG,TREND
4134.45,4136.95,4134.45,4135.4,0,0,0,2,0.9875088980297917,NY_PM,4,0.08155726058536367,day_anchor_std,server_midnight,0,0,0,0,1,0,TREND_STRONG,TREND_STRONG,TREND
4135.5,4138.2,4134.1,4138.15,0,0,0,2,0.9834808194244664,NY_PM,5,0.1497803266592597,day_anchor_std,server_midnight,0,0,0,0,1,0,TREND_STRONG,TREND_STRONG,TREND
4138.2,4138.7,4136.45,4138.0,0,0,0,2,0.9834808194244664,NY_PM,5,0.1497803266592597,day_anchor_std,server_midnight,0,0,0,0,1,0,TREND_STRONG,TREND_STRONG,TREND
4138.0,4140.15,4137.15,4137.95,0,0,0,2,0.9834808194244664,NY_PM,5,0.1497803266592597,day_anchor_std,server_midnight,0,0,0,0,1,0,TREND_STRONG,TREND_STRONG,TREND
4137.65,4137.95,4134.05,4134.45,0,0,0,2,0.9834808194244664,NY_PM,5,0.1497803266592597,day_anchor_std,server_midnight,0,0,0,0,1,0,TREND_STRONG,TREND_STRONG,TREND
4134.35,4135.15,4133.65,4134.35,0,0,0,2,0.9755494623643683,ASIA,6,0.011780793099810383,day_anchor_std,server_midnight,0,0,0,1,0,0,TREND_STRONG,TREND_STRONG,TREND
4134.5,4135.25,4134.2,4134.2,0,0,0,2,0.9755494623643683,ASIA,6,0.011780793099810383,day_anchor_std,server_midnight,0,0,0,1,0,0,TREND_STRONG,TREND_STRONG,TREND
4134.45,4135.95,4133.95,4135.35,0,0,0,2,0.9755494623643683,ASIA,6,0.011780793099810383,day_anchor_std,server_midnight,0,0,0,1,0,0,TREND_STRONG,TREND_STRONG,TREND
4135.45,4136.65,4133.95,4134.95,0,0,0,2,0.9755494623643683,ASIA,6,0.011780793099810383,day_anchor_std,server_midnight,0,0,0,1,0,0,TREND_STRONG,TREND_STRONG,TREND
4134.85,4137.65,4134.45,4136.7,0,0,0,2,0.9949508972601271,ASIA,7,0.24720254593992885,day_anchor_std,server_midnight,0,0,0,1,0,0,TREND_STRONG,TREND_STRONG,TREND
4136.65,4138.15,4136.0,4137.05,0,0,0,2,0.9949508972601271,ASIA,7,0.24720254593992885,day_anchor_std,server_midnight,0,0,0,1,0,0,TREND_STRONG,TREND_STRONG,TREND
4137.1,4144.15,4136.45,4140.65,0,0,0,2,0.9949508972601271,ASIA,7,0.24720254593992885,day_anchor_std,server_midnight,0,0,0,1,0,0,TREND_STRONG,TREND_STRONG,TREND
4140.85,4142.2,4138.8,4140.05,0,0,0,2,0.9949508972601271,ASIA,7,0.24720254593992885,day_anchor_std,server_midnight,0,0,0,1,0,0,TREND_STRONG,TREND_STRONG,TREND
4124.85,4129.15,4124.85,4128.35,0,0,0,1,0.7639597899446304,ASIA,2,0.9922762380737401,day_anchor_std,server_midnight,0,0,1,0,0,0,UNCLASSIFIED,TRANSITION_UNCLASSIFIED,TRANSITION
4128.55,4128.95,4127.75,4128.65,0,0,0,1,0.7639597899446304,ASIA,2,0.9922762380737401,day_anchor_std,server_midnight,0,0,1,0,0,0,UNCLASSIFIED,TRANSITION_UNCLASSIFIED,TRANSITION
4128.35,4130.85,4126.95,4127.65,0,0,0,1,0.7639597899446304,ASIA,2,0.9922762380737401,day_anchor_std,server_midnight,0,0,1,0,0,0,UNCLASSIFIED,TRANSITION_UNCLASSIFIED,TRANSITION
4127.75,4128.35,4113.85,4114.65,0,0,0,1,0.7639597899446304,ASIA,2,0.9922762380737401,day_anchor_std,server_midnight,0,0,1,0,0,0,UNCLASSIFIED,TRANSITION_UNCLASSIFIED,TRANSITION
4117.35,4121.15,4115.65,4117.25,0,0,0,1,0.800273035336498,LONDON,1,1.2246483590087285,day_anchor_std,server_midnight,0,0,1,0,0,0,TRANSITION_NOISY,TRANSITION_NOISY,TRANSITION
4117.15,4157.4,4117.15,4154.85,0,0,0,1,0.800273035336498,LONDON,1,1.2246483590087285,day_anchor_std,server_midnight,0,0,1,0,0,0,TRANSITION_NOISY,TRANSITION_NOISY,TRANSITION
4155.15,4161.4,4150.15,4151.35,0,0,0,1,0.800273035336498,LONDON,1,1.2246483590087285,day_anchor_std,server_midnight,0,0,1,0,0,0,TRANSITION_NOISY,TRANSITION_NOISY,TRANSITION
4151.15,4157.85,4127.2,4136.85,0,0,0,1,0.800273035336498,LONDON,1,1.2246483590087285,day_anchor_std,server_midnight,0,0,1,0,0,0,TRANSITION_NOISY,TRANSITION_NOISY,TRANSITION
4123.85,4124.85,4109.05,4109.6,0,0,0,1,0.9755851408522522,LONDON,3,2.9057780376108293,day_anchor_std,server_midnight,0,0,1,0,0,0,UNCLASSIFIED,TRANSITION_UNCLASSIFIED,TRANSITION
4109.85,4113.35,4103.35,4104.4,0,0,0,1,0.9755851408522522,LONDON,3,2.9057780376108293,day_anchor_std,server_midnight,0,0,1,0,0,0,UNCLASSIFIED,TRANSITION_UNCLASSIFIED,TRANSITION
4104.35,4115.85,4102.05,4111.85,0,0,0,1,0.9755851408522522,LONDON,3,2.9057780376108293,day_anchor_std,server_midnight,0,0,1,0,0,0,UNCLASSIFIED,TRANSITION_UNCLASSIFIED,TRANSITION
4111.55,4114.85,4100.6,4101.85,0,0,0,1,0.9755851408522522,LONDON,3,2.9057780376108293,day_anchor_std,server_midnight,0,0,1,0,0,0,UNCLASSIFIED,TRANSITION_UNCLASSIFIED,TRANSITION
4128.55,4129.05,4121.35,4122.35,0,0,0,1,0.7470565530115265,NY,4,1.8753443526170364,day_anchor_std,server_midnight,0,0,1,0,0,0,UNCLASSIFIED,TRANSITION_UNCLASSIFIED,TRANSITION
4122.55,4127.85,4119.6,4126.35,0,0,0,1,0.7470565530115265,NY,4,1.8753443526170364,day_anchor_std,server_midnight,0,0,1,0,0,0,UNCLASSIFIED,TRANSITION_UNCLASSIFIED,TRANSITION
4126.55,4128.05,4123.35,4126.55,0,0,0,1,0.7470565530115265,NY,4,1.8753443526170364,day_anchor_std,server_midnight,0,0,1,0,0,0,UNCLASSIFIED,TRANSITION_UNCLASSIFIED,TRANSITION
4126.35,4127.25,4112.05,4112.05,0,0,0,1,0.7470565530115265,NY,4,1.8753443526170364,day_anchor_std,server_midnight,0,0,1,0,0,0,UNCLASSIFIED,TRANSITION_UNCLASSIFIED,TRANSITION
4163.35,4174.85,4161.85,4172.55,0,0,0,1,0.7027368037295374,NY,2,2.304087818464834,day_anchor_std,server_midnight,0,0,1,0,0,0,UNCLASSIFIED,TRANSITION_UNCLASSIFIED,TRANSITION
4172.55,4178.6,4172.55,4177.85,0,0,0,1,0.7027368037295374,NY,2,2.304087818464834,day_anchor_std,server_midnight,0,0,1,0,0,0,UNCLASSIFIED,TRANSITION_UNCLASSIFIED,TRANSITION
4178.05,4187.35,4175.55,4185.35,0,0,0,1,0.7027368037295374,NY,2,2.304087818464834,day_anchor_std,server_midnight,0,0,1,0,0,0,UNCLASSIFIED,TRANSITION_UNCLASSIFIED,TRANSITION
4185.55,4204.05,4184.85,4200.05,0,0,0,1,0.7027368037295374,NY,2,2.304087818464834,day_anchor_std,server_midnight,0,0,1,0,0,0,UNCLASSIFIED,TRANSITION_UNCLASSIFIED,TRANSITION
4132.85,4134.85,4132.85,4133.65,0,0,0,0,0.9370264816630071,ASIA,2,0.02218524681085065,day_anchor_std,server_midnight,1,0,0,0,0,0,UNCLASSIFIED,BALANCE_UNCLASSIFIED,BALANCE
4133.65,4133.85,4132.15,4132.35,0,0,0,0,0.9370264816630071,ASIA,2,0.02218524681085065,day_anchor_std,server_midnight,1,0,0,0,0,0,UNCLASSIFIED,BALANCE_UNCLASSIFIED,BALANCE
4132.4,4134.25,4131.15,4133.15,0,0,0,0,0.9370264816630071,ASIA,2,0.02218524681085065,day_anchor_std,server_midnight,1,0,0,0,0,0,UNCLASSIFIED,BALANCE_UNCLASSIFIED,BALANCE
4132.85,4136.15,4132.65,4134.15,0,0,0,0,0.9370264816630071,ASIA,2,0.02218524681085065,day_anchor_std,server_midnight,1,0,0,0,0,0,UNCLASSIFIED,BALANCE_UNCLASSIFIED,BALANCE
4134.15,4142.65,4133.35,4141.85,0,0,0,0,0.9753009014932322,ASIA,3,0.20188315539739765,day_anchor_std,server_midnight,1,0,0,0,0,0,UNCLASSIFIED,BALANCE_UNCLASSIFIED,BALANCE
4141.9,4146.35,4140.15,4144.15,0,0,0,0,0.9753009014932322,ASIA,3,0.20188315539739765,day_anchor_std,server_midnight,1,0,0,0,0,0,UNCLASSIFIED,BALANCE_UNCLASSIFIED,BALANCE
4144.15,4144.35,4137.15,4138.65,0,0,0,0,0.9753009014932322,ASIA,3,0.20188315539739765,day_anchor_std,server_midnight,1,0,0,0,0,0,UNCLASSIFIED,BALANCE_UNCLASSIFIED,BALANCE
4138.85,4139.35,4127.4,4131.15,0,0,0,0,0.9753009014932322,ASIA,3,0.20188315539739765,day_anchor_std,server_midnight,1,0,0,0,0,0,UNCLASSIFIED,BALANCE_UNCLASSIFIED,BALANCE
4161.65,4163.15,4158.65,4159.75,0,0,0,1,0.9548246583134645,LONDON,1,1.6128397451407828,day_anchor_std,server_midnight,0,0,1,0,0,0,UNCLASSIFIED,TRANSITION_UNCLASSIFIED,TRANSITION
4159.45,4162.55,4148.25,4158.75,0,0,0,1,0.9548246583134645,LONDON,1,1.6128397451407828,day_anchor_std,server_midnight,0,0,1,0,0,0,UNCLASSIFIED,TRANSITION_UNCLASSIFIED,TRANSITION
4158.65,4163.45,4157.65,4158.65,0,0,0,1,0.9548246583134645,LONDON,1,1.6128397451407828,day_anchor_std,server_midnight,0,0,1,0,0,0,UNCLASSIFIED,TRANSITION_UNCLASSIFIED,TRANSITION
4158.95,4179.65,4157.95,4175.65,0,0,0,1,0.9548246583134645,LONDON,1,1.6128397451407828,day_anchor_std,server_midnight,0,0,1,0,0,0,UNCLASSIFIED,TRANSITION_UNCLASSIFIED,TRANSITION
4176.15,4197.65,4174.65,4197.65,0,0,0,1,0.9969594891137847,LONDON,2,2.4617278479454443,day_anchor_std,server_midnight,0,0,1,0,0,0,UNCLASSIFIED,TRANSITION_UNCLASSIFIED,TRANSITION
4197.95,4203.95,4194.65,4199.45,0,0,0,1,0.9969594891137847,LONDON,2,2.4617278479454443,day_anchor_std,server_midnight,0,0,1,0,0,0,UNCLASSIFIED,TRANSITION_UNCLASSIFIED,TRANSITION
4199.65,4202.95,4188.25,4191.0,0,0,0,1,0.9969594891137847,LONDON,2,2.4617278479454443,day_anchor_std,server_midnight,0,0,1,0,0,0,UNCLASSIFIED,TRANSITION_UNCLASSIFIED,TRANSITION
4191.25,4200.0,4190.75,4196.25,0,0,0,1,0.9969594891137847,LONDON,2,2.4617278479454443,day_anchor_std,server_midnight,0,0,1,0,0,0,UNCLASSIFIED,TRANSITION_UNCLASSIFIED,TRANSITION
4234.25,4234.25,4224.15,4227.2,0,0,0,1,0.9981648294568398,NY_PM,2,0.2153469673134761,day_anchor_std,server_midnight,0,1,0,0,0,0,UNCLASSIFIED,TRANSITION_UNCLASSIFIED,TRANSITION
4227.25,4228.2,4223.45,4224.95,0,0,0,1,0.9981648294568398,NY_PM,2,0.2153469673134761,day_anchor_std,server_midnight,0,1,0,0,0,0,UNCLASSIFIED,TRANSITION_UNCLASSIFIED,TRANSITION
4225.15,4226.45,4224.15,4224.95,0,0,0,1,0.9981648294568398,NY_PM,2,0.2153469673134761,day_anchor_std,server_midnight,0,1,0,0,0,0,UNCLASSIFIED,TRANSITION_UNCLASSIFIED,TRANSITION
4224.7,4226.25,4224.0,4224.45,0,0,0,1,0.9981648294568398,NY_PM,2,0.2153469673134761,day_anchor_std,server_midnight,0,1,0,0,0,0,UNCLASSIFIED,TRANSITION_UNCLASSIFIED,TRANSITION
4215.95,4216.75,4215.45,4216.25,0,0,0,2,0.9885409850979174,ASIA,3,0.1283182014699336,day_anchor_std,server_midnight,0,0,0,1,0,0,UNCLASSIFIED,TREND_UNCLASSIFIED,TREND
4216.15,4218.7,4216.15,4218.7,0,0,0,2,0.9885409850979174,ASIA,3,0.1283182014699336,day_anchor_std,server_midnight,0,0,0,1,0,0,UNCLASSIFIED,TREND_UNCLASSIFIED,TREND
4218.45,4218.75,4216.5,4218.5,0,0,0,2,0.9885409850979174,ASIA,3,0.1283182014699336,day_anchor_std,server_midnight,0,0,0,1,0,0,UNCLASSIFIED,TREND_UNCLASSIFIED,TREND
4218.5,4220.75,4218.45,4220.75,0,0,0,2,0.9885409850979174,ASIA,3,0.1283182014699336,day_anchor_std,server_midnight,0,0,0,1,0,0,UNCLASSIFIED,TREND_UNCLASSIFIED,TREND
4220.95,4221.75,4219.2,4221.45,0,0,0,2,0.9961721791691801,ASIA,4,0.0489593995223513,day_anchor_std,server_midnight,0,0,0,1,0,0,UNCLASSIFIED,TREND_UNCLASSIFIED,TREND
4221.45,4225.95,4221.2,4225.5,0,0,0,2,0.9961721791691801,ASIA,4,0.0489593995223513,day_anchor_std,server_midnight,0,0,0,1,0,0,UNCLASSIFIED,TREND_UNCLASSIFIED,TREND
4225.5,4226.25,4221.55,4224.2,0,0,0,2,0.9961721791691801,ASIA,4,0.0489593995223513,day_anchor_std,server_midnight,0,0,0,1,0,0,UNCLASSIFIED,TREND_UNCLASSIFIED,TREND
4224.45,4225.5,4219.95,4220.55,0,0,0,2,0.9961721791691801,ASIA,4,0.0489593995223513,day_anchor_std,server_midnight,0,0,0,1,0,0,UNCLASSIFIED,TREND_UNCLASSIFIED,TREND
4220.45,4222.45,4220.35,4221.95,0,0,0,2,0.9733929948701677,ASIA,5,0.1289458260069073,day_anchor_std,server_midnight,0,0,0,1,0,0,TREND_STRONG,TREND_STRONG,TREND
4221.95,4224.0,4220.75,4220.95,0,0,0,2,0.9733929948701677,ASIA,5,0.1289458260069073,day_anchor_std,server_midnight,0,0,0,1,0,0,TREND_STRONG,TREND_STRONG,TREND
4221.15,4222.15,4217.95,4218.15,0,0,0,2,0.9733929948701677,ASIA,5,0.1289458260069073,day_anchor_std,server_midnight,0,0,0,1,0,0,TREND_STRONG,TREND_STRONG,TREND
4218.45,4218.95,4215.65,4218.05,0,0,0,2,0.9733929948701677,ASIA,5,0.1289458260069073,day_anchor_std,server_midnight,0,0,0,1,0,0,TREND_STRONG,TREND_STRONG,TREND
4218.15,4218.95,4217.65,4217.95,0,0,0,2,0.9743180722385787,ASIA,6,0.20854205114690058,day_anchor_std,server_midnight,0,0,0,1,0,0,TREND_STRONG,TREND_STRONG,TREND
4217.95,4220.45,4215.65,4216.45,0,0,0,2,0.9743180722385787,ASIA,6,0.20854205114690058,day_anchor_std,server_midnight,0,0,0,1,0,0,TREND_STRONG,TREND_STRONG,TREND
4216.45,4217.45,4215.15,4217.15,0,0,0,2,0.9743180722385787,ASIA,6,0.20854205114690058,day_anchor_std,server_midnight,0,0,0,1,0,0,TREND_STRONG,TREND_STRONG,TREND
4216.95,4218.15,4216.65,4216.95,0,0,0,2,0.9743180722385787,ASIA,6,0.20854205114690058,day_anchor_std,server_midnight,0,0,0,1,0,0,TREND_STRONG,TREND_STRONG,TREND
4216.95,4218.15,4215.95,4217.45,0,0,0,2,0.0798038152122863,LONDON,7,0.3297962115091509,day_anchor_std,server_midnight,0,0,0,0,1,0,TREND_STRONG,TREND_STRONG,TREND
4217.15,4217.15,4214.15,4215.95,0,0,0,2,0.0798038152122863,LONDON,7,0.3297962115091509,day_anchor_std,server_midnight,0,0,0,0,1,0,TREND_STRONG,TREND_STRONG,TREND
4215.95,4217.45,4214.95,4215.45,0,0,0,2,0.0798038152122863,LONDON,7,0.3297962115091509,day_anchor_std,server_midnight,0,0,0,0,1,0,TREND_STRONG,TREND_STRONG,TREND
4215.65,4216.15,4214.15,4215.15,0,0,0,2,0.0798038152122863,LONDON,7,0.3297962115091509,day_anchor_std,server_midnight,0,0,0,0,1,0,TREND_STRONG,TREND_STRONG,TREND
4215.2,4218.6,4214.95,4218.45,0,0,0,2,0.9257467305966456,LONDON,8,0.03493081883284212,day_anchor_std,server_midnight,0,0,0,0,1,0,TREND_STRONG,TREND_STRONG,TREND
4218.65,4219.55,4217.65,4217.95,0,0,0,2,0.9257467305966456,LONDON,8,0.03493081883284212,day_anchor_std,server_midnight,0,0,0,0,1,0,TREND_STRONG,TREND_STRONG,TREND
4218.15,4220.45,4217.45,4220.15,0,0,0,2,0.9257467305966456,LONDON,8,0.03493081883284212,day_anchor_std,server_midnight,0,0,0,0,1,0,TREND_STRONG,TREND_STRONG,TREND
4220.15,4220.95,4218.95,4219.15,0,0,0,2,0.9257467305966456,LONDON,8,0.03493081883284212,day_anchor_std,server_midnight,0,0,0,0,1,0,TREND_STRONG,TREND_STRONG,TREND
4223.25,4228.95,4221.75,4225.75,0,0,0,1,0.977009833439636,ASIA,1,1.535477702656591,day_anchor_std,server_midnight,0,0,1,0,0,0,UNCLASSIFIED,TRANSITION_UNCLASSIFIED,TRANSITION
4225.45,4229.0,4224.95,4227.45,0,0,0,1,0.977009833439636,ASIA,1,1.535477702656591,day_anchor_std,server_midnight,0,0,1,0,0,0,UNCLASSIFIED,TRANSITION_UNCLASSIFIED,TRANSITION
4227.25,4232.75,4226.75,4229.95,0,0,0,1,0.977009833439636,ASIA,1,1.535477702656591,day_anchor_std,server_midnight,0,0,1,0,0,0,UNCLASSIFIED,TRANSITION_UNCLASSIFIED,TRANSITION
4229.75,4232.95,4229.25,4230.95,0,0,0,1,0.977009833439636,ASIA,1,1.535477702656591,day_anchor_std,server_midnight,0,0,1,0,0,0,UNCLASSIFIED,TRANSITION_UNCLASSIFIED,TRANSITION
4213.75,4214.75,4206.25,4207.75,0,0,0,1,0.16242628044770363,LONDON,1,2.6471904197920693,day_anchor_std,server_midnight,0,0,1,0,0,0,UNCLASSIFIED,TRANSITION_UNCLASSIFIED,TRANSITION
4207.95,4212.25,4201.75,4211.95,0,0,0,1,0.16242628044770363,LONDON,1,2.6471904197920693,day_anchor_std,server_midnight,0,0,1,0,0,0,UNCLASSIFIED,TRANSITION_UNCLASSIFIED,TRANSITION
4211.95,4211.95,4199.75,4200.95,0,0,0,1,0.16242628044770363,LONDON,1,2.6471904197920693,day_anchor_std,server_midnight,0,0,1,0,0,0,UNCLASSIFIED,TRANSITION_UNCLASSIFIED,TRANSITION
4200.75,4204.45,4196.0,4196.95,0,0,0,1,0.16242628044770363,LONDON,1,2.6471904197920693,day_anchor_std,server_midnight,0,0,1,0,0,0,UNCLASSIFIED,TRANSITION_UNCLASSIFIED,TRANSITION
4229.35,4230.35,4228.85,4230.3,0,0,0,2,0.9915258857561251,ASIA,7,0.020228965210671076,day_anchor_std,server_midnight,0,0,0,1,0,0,TREND_STRONG,TREND_STRONG,TREND
4230.1,4230.85,4229.3,4229.55,0,0,0,2,0.9915258857561251,ASIA,7,0.020228965210671076,day_anchor_std,server_midnight,0,0,0,1,0,0,TREND_STRONG,TREND_STRONG,TREND
4229.55,4231.6,4229.3,4230.1,0,0,0,2,0.9915258857561251,ASIA,7,0.020228965210671076,day_anchor_std,server_midnight,0,0,0,1,0,0,TREND_STRONG,TREND_STRONG,TREND
4230.1,4232.1,4230.1,4230.8,0,0,0,2,0.9915258857561251,ASIA,7,0.020228965210671076,day_anchor_std,server_midnight,0,0,0,1,0,0,TREND_STRONG,TREND_STRONG,TREND
4230.85,4232.55,4228.45,4232.3,0,0,0,2,0.9964457551381946,ASIA,8,0.4085481531079363,day_anchor_std,server_midnight,0,0,0,1,0,0,TREND_STRONG,TREND_STRONG,TREND
4232.35,4234.35,4231.6,4233.35,0,0,0,2,0.9964457551381946,ASIA,8,0.4085481531079363,day_anchor_std,server_midnight,0,0,0,1,0,0,TREND_STRONG,TREND_STRONG,TREND
4233.35,4235.65,4230.85,4232.15,0,0,0,2,0.9964457551381946,ASIA,8,0.4085481531079363,day_anchor_std,server_midnight,0,0,0,1,0,0,TREND_STRONG,TREND_STRONG,TREND
4232.35,4236.65,4232.35,4236.6,0,0,0,2,0.9964457551381946,ASIA,8,0.4085481531079363,day_anchor_std,server_midnight,0,0,0,1,0,0,TREND_STRONG,TREND_STRONG,TREND
4236.6,4238.85,4235.35,4236.6,0,0,0,2,0.9993515202520363,ASIA,9,0.6544715447154883,day_anchor_std,server_midnight,0,0,0,1,0,0,TREND_STRONG,TREND_STRONG,TREND
4236.65,4239.15,4235.85,4239.1,0,0,0,2,0.9993515202520363,ASIA,9,0.6544715447154883,day_anchor_std,server_midnight,0,0,0,1,0,0,TREND_STRONG,TREND_STRONG,TREND
4239.15,4245.35,4237.35,4243.85,0,0,0,2,0.9993515202520363,ASIA,9,0.6544715447154883,day_anchor_std,server_midnight,0,0,0,1,0,0,TREND_STRONG,TREND_STRONG,TREND
4243.85,4244.65,4239.85,4241.6,0,0,0,2,0.9993515202520363,ASIA,9,0.6544715447154883,day_anchor_std,server_midnight,0,0,0,1,0,0,TREND_STRONG,TREND_STRONG,TREND
4241.6,4244.65,4240.65,4243.35,0,0,0,2,0.9989802240087123,ASIA,10,0.5669710806696824,day_anchor_std,server_midnight,0,0,0,1,0,0,TREND_STRONG,TREND_STRONG,TREND
4243.35,4244.15,4241.6,4242.6,0,0,0,2,0.9989802240087123,ASIA,10,0.5669710806696824,day_anchor_std,server_midnight,0,0,0,1,0,0,TREND_STRONG,TREND_STRONG,TREND
4242.65,4245.85,4242.1,4245.35,0,0,0,2,0.9989802240087123,ASIA,10,0.5669710806696824,day_anchor_std,server_midnight,0,0,0,1,0,0,TREND_STRONG,TREND_STRONG,TREND
4245.35,4246.35,4241.15,4241.65,0,0,0,2,0.9989802240087123,ASIA,10,0.5669710806696824,day_anchor_std,server_midnight,0,0,0,1,0,0,TREND_STRONG,TREND_STRONG,TREND
4241.85,4243.15,4237.85,4239.95,0,0,0,2,0.9976755297295411,LONDON,11,0.7394411955815609,day_anchor_std,server_midnight,0,0,0,0,1,0,TREND_STRONG,TREND_STRONG,TREND
4239.75,4249.85,4232.15,4242.85,0,0,0,2,0.9976755297295411,LONDON,11,0.7394411955815609,day_anchor_std,server_midnight,0,0,0,0,1,0,TREND_STRONG,TREND_STRONG,TREND
4242.75,4250.35,4242.6,4248.85,0,0,0,2,0.9976755297295411,LONDON,11,0.7394411955815609,day_anchor_std,server_midnight,0,0,0,0,1,0,TREND_STRONG,TREND_STRONG,TREND
4249.15,4267.6,4247.1,4247.4,0,0,0,2,0.9976755297295411,LONDON,11,0.7394411955815609,day_anchor_std,server_midnight,0,0,0,0,1,0,TREND_STRONG,TREND_STRONG,TREND
4247.85,4262.15,4243.55,4259.15,0,0,0,2,0.9958250236763043,LONDON,12,2.4247820441477095,day_anchor_std,server_midnight,0,0,0,0,0,1,TREND_STRONG,TREND_STRONG,TREND
4259.15,4272.35,4255.15,4272.35,0,0,0,2,0.9958250236763043,LONDON,12,2.4247820441477095,day_anchor_std,server_midnight,0,0,0,0,0,1,TREND_STRONG,TREND_STRONG,TREND
4272.35,4280.85,4272.35,4279.6,0,0,0,2,0.9958250236763043,LONDON,12,2.4247820441477095,day_anchor_std,server_midnight,0,0,0,0,0,1,TREND_STRONG,TREND_STRONG,TREND
4279.85,4281.15,4271.85,4278.35,0,0,0,2,0.9958250236763043,LONDON,12,2.4247820441477095,day_anchor_std,server_midnight,0,0,0,0,0,1,TREND_STRONG,TREND_STRONG,TREND
4278.85,4279.65,4273.4,4278.65,0,0,0,2,0.9889828494901262,LONDON,12,2.753195673549636,day_anchor_std,server_midnight,0,0,0,0,0,1,TREND_STRONG,TREND_STRONG,TREND
4278.6,4285.35,4276.85,4284.6,0,0,0,2,0.9889828494901262,LONDON,12,2.753195673549636,day_anchor_std,server_midnight,0,0,0,0,0,1,TREND_STRONG,TREND_STRONG,TREND
4284.65,4287.85,4280.85,4286.85,0,0,0,2,0.9889828494901262,LONDON,12,2.753195673549636,day_anchor_std,server_midnight,0,0,0,0,0,1,TREND_STRONG,TREND_STRONG,TREND
4287.1,4287.65,4281.4,4285.65,0,0,0,2,0.9889828494901262,LONDON,12,2.753195673549636,day_anchor_std,server_midnight,0,0,0,0,0,1,TREND_STRONG,TREND_STRONG,TREND
4285.85,4287.1,4278.85,4283.35,0,0,0,2,0.9779246126176171,NY,12,2.6999952958886464,day_anchor_std,server_midnight,0,0,0,0,0,1,UNCLASSIFIED,TREND_UNCLASSIFIED,TREND
4283.35,4288.65,4282.85,4287.15,0,0,0,2,0.9779246126176171,NY,12,2.6999952958886464,day_anchor_std,server_midnight,0,0,0,0,0,1,UNCLASSIFIED,TREND_UNCLASSIFIED,TREND
4287.45,4291.6,4284.85,4285.1,0,0,0,2,0.9779246126176171,NY,12,2.6999952958886464,day_anchor_std,server_midnight,0,0,0,0,0,1,UNCLASSIFIED,TREND_UNCLASSIFIED,TREND
4284.85,4287.95,4280.95,4282.55,0,0,0,2,0.9779246126176171,NY,12,2.6999952958886464,day_anchor_std,server_midnight,0,0,0,0,0,1,UNCLASSIFIED,TREND_UNCLASSIFIED,TREND
4282.75,4283.65,4280.95,4282.45,0,0,0,2,0.9953019076980855,NY,12,2.712109813670034,day_anchor_std,server_midnight,0,0,0,0,0,1,UNCLASSIFIED,TREND_UNCLASSIFIED,TREND
4282.45,4283.45,4280.65,4283.45,0,0,0,2,0.9953019076980855,NY,12,2.712109813670034,day_anchor_std,server_midnight,0,0,0,0,0,1,UNCLASSIFIED,TREND_UNCLASSIFIED,TREND
4284.2,4288.25,4280.95,4288.05,0,0,0,2,0.981720975632336,NY_PM,12,0.1985194453133714,day_anchor_std,server_midnight,0,0,0,0,1,0,UNCLASSIFIED,TREND_UNCLASSIFIED,TREND
4287.95,4287.95,4285.25,4287.45,0,0,0,2,0.981720975632336,NY_PM,12,0.1985194453133714,day_anchor_std,server_midnight,0,0,0,0,1,0,UNCLASSIFIED,TREND_UNCLASSIFIED,TREND
4287.45,4287.45,4281.45,4281.75,0,0,0,2,0.981720975632336,NY_PM,12,0.1985194453133714,day_anchor_std,server_midnight,0,0,0,0,1,0,UNCLASSIFIED,TREND_UNCLASSIFIED,TREND
4281.45,4282.95,4277.95,4279.7,0,0,0,2,0.981720975632336,NY_PM,12,0.1985194453133714,day_anchor_std,server_midnight,0,0,0,0,1,0,UNCLASSIFIED,TREND_UNCLASSIFIED,TREND
4279.75,4280.6,4276.05,4279.8,0,0,0,2,0.8530488862807539,NY_PM,12,0.16307852314085583,day_anchor_std,server_midnight,0,0,0,0,1,0,UNCLASSIFIED,TREND_UNCLASSIFIED,TREND
4280.1,4281.6,4279.55,4279.8,0,0,0,2,0.8530488862807539,NY_PM,12,0.16307852314085583,day_anchor_std,server_midnight,0,0,0,0,1,0,UNCLASSIFIED,TREND_UNCLASSIFIED,TREND
4280.05,4282.25,4278.6,4279.3,0,0,0,2,0.8530488862807539,NY_PM,12,0.16307852314085583,day_anchor_std,server_midnight,0,0,0,0,1,0,UNCLASSIFIED,TREND_UNCLASSIFIED,TREND
4279.25,4280.9,4277.05,4279.8,0,0,0,2,0.8530488862807539,NY_PM,12,0.16307852314085583,day_anchor_std,server_midnight,0,0,0,0,1,0,UNCLASSIFIED,TREND_UNCLASSIFIED,TREND
4279.75,4280.6,4278.6,4280.0,0,0,0,2,0.927350846842532,NY_PM,12,0.19126076957399135,day_anchor_std,server_midnight,0,0,0,0,1,0,TREND_STRONG,TREND_STRONG,TREND
4279.8,4280.8,4279.55,4280.55,0,0,0,2,0.927350846842532,NY_PM,12,0.19126076957399135,day_anchor_std,server_midnight,0,0,0,0,1,0,TREND_STRONG,TREND_STRONG,TREND
4280.3,4282.55,4280.25,4281.6,0,0,0,2,0.927350846842532,NY_PM,12,0.19126076957399135,day_anchor_std,server_midnight,0,0,0,0,1,0,TREND_STRONG,TREND_STRONG,TREND
4281.55,4283.1,4279.1,4279.3,0,0,0,2,0.927350846842532,NY_PM,12,0.19126076957399135,day_anchor_std,server_midnight,0,0,0,0,1,0,TREND_STRONG,TREND_STRONG,TREND
4279.25,4279.9,4277.8,4277.8,0,0,0,2,0.7195841142992214,ASIA,12,0.08713396592182325,day_anchor_std,server_midnight,0,0,0,1,0,0,TREND_STRONG,TREND_STRONG,TREND
4277.75,4279.35,4277.05,4279.1,0,0,0,2,0.7195841142992214,ASIA,12,0.08713396592182325,day_anchor_std,server_midnight,0,0,0,1,0,0,TREND_STRONG,TREND_STRONG,TREND
4278.75,4279.55,4277.75,4278.45,0,0,0,2,0.7195841142992214,ASIA,12,0.08713396592182325,day_anchor_std,server_midnight,0,0,0,1,0,0,TREND_STRONG,TREND_STRONG,TREND
4278.3,4281.6,4278.1,4280.85,0,0,0,2,0.7195841142992214,ASIA,12,0.08713396592182325,day_anchor_std,server_midnight,0,0,0,1,0,0,TREND_STRONG,TREND_STRONG,TREND
4281.05,4283.35,4280.55,4281.8,0,0,0,2,0.9792680734054072,ASIA,12,0.28347578347577485,day_anchor_std,server_midnight,0,0,0,1,0,0,TREND_STRONG,TREND_STRONG,TREND
4281.75,4282.6,4280.6,4282.6,0,0,0,2,0.9792680734054072,ASIA,12,0.28347578347577485,day_anchor_std,server_midnight,0,0,0,1,0,0,TREND_STRONG,TREND_STRONG,TREND
4282.8,4285.35,4279.7,4284.8,0,0,0,2,0.9792680734054072,ASIA,12,0.28347578347577485,day_anchor_std,server_midnight,0,0,0,1,0,0,TREND_STRONG,TREND_STRONG,TREND
4284.7,4287.55,4283.55,4284.8,0,0,0,2,0.9792680734054072,ASIA,12,0.28347578347577485,day_anchor_std,server_midnight,0,0,0,1,0,0,TREND_STRONG,TREND_STRONG,TREND
4290.4,4291.15,4289.85,4290.4,0,0,0,0,0.9507740103160424,ASIA,7,0.1013312653483308,day_anchor_std,server_midnight,1,0,0,0,0,0,BALANCE_LEAKING,BALANCE_LEAKING,BALANCE
4290.3,4290.4,4288.15,4289.85,0,0,0,0,0.9507740103160424,ASIA,7,0.1013312653483308,day_anchor_std,server_midnight,1,0,0,0,0,0,BALANCE_LEAKING,BALANCE_LEAKING,BALANCE
4289.65,4290.05,4288.15,4288.65,0,0,0,0,0.9507740103160424,ASIA,7,0.1013312653483308,day_anchor_std,server_midnight,1,0,0,0,0,0,BALANCE_LEAKING,BALANCE_LEAKING,BALANCE
4288.9,4289.55,4287.65,4288.0,0,0,0,0,0.9507740103160424,ASIA,7,0.1013312653483308,day_anchor_std,server_midnight,1,0,0,0,0,0,BALANCE_LEAKING,BALANCE_LEAKING,BALANCE
4292.65,4293.15,4289.65,4289.85,0,0,0,1,0.9754160955843072,LONDON,2,1.046022727272679,day_anchor_std,server_midnight,0,0,1,0,0,0,TRANSITION_NOISY,TRANSITION_NOISY,TRANSITION
4289.9,4290.75,4288.15,4289.85,0,0,0,1,0.9754160955843072,LONDON,2,1.046022727272679,day_anchor_std,server_midnight,0,0,1,0,0,0,TRANSITION_NOISY,TRANSITION_NOISY,TRANSITION
4289.65,4292.15,4288.65,4289.15,0,0,0,1,0.9754160955843072,LONDON,2,1.046022727272679,day_anchor_std,server_midnight,0,0,1,0,0,0,TRANSITION_NOISY,TRANSITION_NOISY,TRANSITION
4289.45,4301.15,4288.45,4297.9,0,0,0,1,0.9754160955843072,LONDON,2,1.046022727272679,day_anchor_std,server_midnight,0,0,1,0,0,0,TRANSITION_NOISY,TRANSITION_NOISY,TRANSITION
4354.65,4356.15,4353.95,4354.45,0,0,0,2,0.9949615849841918,ASIA,7,0.04916593503079555,day_anchor_std,server_midnight,0,0,0,1,0,0,TREND_STRONG,TREND_STRONG,TREND
4354.45,4355.7,4353.95,4354.2,0,0,0,2,0.9949615849841918,ASIA,7,0.04916593503079555,day_anchor_std,server_midnight,0,0,0,1,0,0,TREND_STRONG,TREND_STRONG,TREND
4353.95,4355.2,4353.65,4354.2,0,0,0,2,0.9949615849841918,ASIA,7,0.04916593503079555,day_anchor_std,server_midnight,0,0,0,1,0,0,TREND_STRONG,TREND_STRONG,TREND
4354.0,4355.7,4353.7,4355.5,0,0,0,2,0.9949615849841918,ASIA,7,0.04916593503079555,day_anchor_std,server_midnight,0,0,0,1,0,0,TREND_STRONG,TREND_STRONG,TREND
4355.5,4360.2,4354.15,4357.95,0,0,0,2,0.9967868165777763,ASIA,8,0.03275202041680052,day_anchor_std,server_midnight,0,0,0,1,0,0,UNCLASSIFIED,TREND_UNCLASSIFIED,TREND
4358.2,4359.95,4357.45,4357.95,0,0,0,2,0.9967868165777763,ASIA,8,0.03275202041680052,day_anchor_std,server_midnight,0,0,0,1,0,0,UNCLASSIFIED,TREND_UNCLASSIFIED,TREND
4357.5,4357.7,4353.7,4355.45,0,0,0,2,0.9967868165777763,ASIA,8,0.03275202041680052,day_anchor_std,server_midnight,0,0,0,1,0,0,UNCLASSIFIED,TREND_UNCLASSIFIED,TREND
4355.2,4360.0,4353.65,4355.5,0,0,0,2,0.9967868165777763,ASIA,8,0.03275202041680052,day_anchor_std,server_midnight,0,0,0,1,0,0,UNCLASSIFIED,TREND_UNCLASSIFIED,TREND
4355.15,4357.95,4353.5,4357.15,0,0,0,2,0.985407300244883,ASIA,9,0.3065550906554144,day_anchor_std,server_midnight,0,0,0,1,0,0,UNCLASSIFIED,TREND_UNCLASSIFIED,TREND
4356.95,4358.45,4356.15,4356.75,0,0,0,2,0.985407300244883,ASIA,9,0.3065550906554144,day_anchor_std,server_midnight,0,0,0,1,0,0,UNCLASSIFIED,TREND_UNCLASSIFIED,TREND
4356.65,4358.95,4356.25,4357.15,0,0,0,2,0.985407300244883,ASIA,9,0.3065550906554144,day_anchor_std,server_midnight,0,0,0,1,0,0,UNCLASSIFIED,TREND_UNCLASSIFIED,TREND
4357.15,4357.65,4352.7,4353.0,0,0,0,2,0.985407300244883,ASIA,9,0.3065550906554144,day_anchor_std,server_midnight,0,0,0,1,0,0,UNCLASSIFIED,TREND_UNCLASSIFIED,TREND
4352.7,4353.5,4347.95,4349.0,0,0,0,2,0.47233183462154493,ASIA,10,0.8272817884094313,day_anchor_std,server_midnight,0,0,0,1,0,1,UNCLASSIFIED,TREND_UNCLASSIFIED,TREND
4348.7,4351.5,4348.5,4350.5,0,0,0,2,0.47233183462154493,ASIA,10,0.8272817884094313,day_anchor_std,server_midnight,0,0,0,1,0,1,UNCLASSIFIED,TREND_UNCLASSIFIED,TREND
4350.5,4352.0,4348.45,4350.7,0,0,0,2,0.47233183462154493,ASIA,10,0.8272817884094313,day_anchor_std,server_midnight,0,0,0,1,0,1,UNCLASSIFIED,TREND_UNCLASSIFIED,TREND
4350.45,4350.7,4346.95,4347.7,0,0,0,2,0.47233183462154493,ASIA,10,0.8272817884094313,day_anchor_std,server_midnight,0,0,0,1,0,1,UNCLASSIFIED,TREND_UNCLASSIFIED,TREND
4347.75,4352.95,4345.7,4352.2,0,0,0,2,0.9933262324952047,LONDON,11,0.8350209536754639,day_anchor_std,server_midnight,0,0,0,0,1,1,UNCLASSIFIED,TREND_UNCLASSIFIED,TREND
4352.8,4368.7,4340.65,4368.7,0,0,0,2,0.9933262324952047,LONDON,11,0.8350209536754639,day_anchor_std,server_midnight,0,0,0,0,1,1,UNCLASSIFIED,TREND_UNCLASSIFIED,TREND
4369.0,4373.15,4359.7,4360.5,0,0,0,2,0.9933262324952047,LONDON,11,0.8350209536754639,day_anchor_std,server_midnight,0,0,0,0,1,1,UNCLASSIFIED,TREND_UNCLASSIFIED,TREND
4361.65,4379.5,4358.3,4364.8,0,0,0,2,0.9933262324952047,LONDON,11,0.8350209536754639,day_anchor_std,server_midnight,0,0,0,0,1,1,UNCLASSIFIED,TREND_UNCLASSIFIED,TREND
4365.15,4369.4,4353.85,4364.7,0,0,0,2,0.9934427616555865,LONDON,12,0.9291952169824238,day_anchor_std,server_midnight,0,0,0,0,1,1,UNCLASSIFIED,TREND_UNCLASSIFIED,TREND
4364.5,4371.7,4358.5,4368.0,0,0,0,2,0.9934427616555865,LONDON,12,0.9291952169824238,day_anchor_std,server_midnight,0,0,0,0,1,1,UNCLASSIFIED,TREND_UNCLASSIFIED,TREND
4368.3,4380.8,4364.85,4375.2,0,0,0,2,0.9934427616555865,LONDON,12,0.9291952169824238,day_anchor_std,server_midnight,0,0,0,0,1,1,UNCLASSIFIED,TREND_UNCLASSIFIED,TREND
4375.5,4376.5,4368.0,4368.2,0,0,0,2,0.9934427616555865,LONDON,12,0.9291952169824238,day_anchor_std,server_midnight,0,0,0,0,1,1,UNCLASSIFIED,TREND_UNCLASSIFIED,TREND
4368.25,4374.7,4364.95,4373.8,0,0,0,2,0.9755359985266511,LONDON,12,1.4180111469638959,day_anchor_std,server_midnight,0,0,0,0,0,1,UNCLASSIFIED,TREND_UNCLASSIFIED,TREND
4373.9,4377.5,4372.3,4377.5,0,0,0,2,0.9755359985266511,LONDON,12,1.4180111469638959,day_anchor_std,server_midnight,0,0,0,0,0,1,UNCLASSIFIED,TREND_UNCLASSIFIED,TREND
4377.35,4380.8,4372.1,4377.5,0,0,0,2,0.9755359985266511,LONDON,12,1.4180111469638959,day_anchor_std,server_midnight,0,0,0,0,0,1,UNCLASSIFIED,TREND_UNCLASSIFIED,TREND
4377.7,4379.4,4373.3,4375.7,0,0,0,2,0.9755359985266511,LONDON,12,1.4180111469638959,day_anchor_std,server_midnight,0,0,0,0,0,1,UNCLASSIFIED,TREND_UNCLASSIFIED,TREND
4375.8,4376.85,4363.3,4365.5,0,0,0,2,0.7579723591180613,NY,12,1.2211992445703128,day_anchor_std,server_midnight,0,0,0,0,0,1,UNCLASSIFIED,TREND_UNCLASSIFIED,TREND
4365.85,4369.4,4360.65,4367.5,0,0,0,2,0.7579723591180613,NY,12,1.2211992445703128,day_anchor_std,server_midnight,0,0,0,0,0,1,UNCLASSIFIED,TREND_UNCLASSIFIED,TREND
4368.3,4374.5,4367.5,4370.35,0,0,0,2,0.7579723591180613,NY,12,1.2211992445703128,day_anchor_std,server_midnight,0,0,0,0,0,1,UNCLASSIFIED,TREND_UNCLASSIFIED,TREND
4370.5,4375.45,4368.3,4374.7,0,0,0,2,0.7579723591180613,NY,12,1.2211992445703128,day_anchor_std,server_midnight,0,0,0,0,0,1,UNCLASSIFIED,TREND_UNCLASSIFIED,TREND
4374.15,4374.65,4371.7,4373.65,0,0,0,2,0.29099864801679154,NY,12,1.2536803699460992,day_anchor_std,server_midnight,0,0,0,0,0,1,UNCLASSIFIED,TREND_UNCLASSIFIED,TREND
4373.9,4378.15,4373.65,4375.65,0,0,0,2,0.29099864801679154,NY,12,1.2536803699460992,day_anchor_std,server_midnight,0,0,0,0,0,1,UNCLASSIFIED,TREND_UNCLASSIFIED,TREND
4418.95,4419.45,4417.65,4418.65,0,0,0,2,0.985127705055367,NY_PM,7,2.4489100417180705,day_anchor_std,server_midnight,0,0,0,0,0,1,TREND_STRONG,TREND_STRONG,TREND
4418.95,4420.65,4418.45,4419.15,0,0,0,2,0.985127705055367,NY_PM,7,2.4489100417180705,day_anchor_std,server_midnight,0,0,0,0,0,1,TREND_STRONG,TREND_STRONG,TREND
4419.45,4420.95,4418.15,4419.95,0,0,0,2,0.985127705055367,NY_PM,7,2.4489100417180705,day_anchor_std,server_midnight,0,0,0,0,0,1,TREND_STRONG,TREND_STRONG,TREND
4419.95,4423.15,4419.65,4422.95,0,0,0,2,0.985127705055367,NY_PM,7,2.4489100417180705,day_anchor_std,server_midnight,0,0,0,0,0,1,TREND_STRONG,TREND_STRONG,TREND
4422.95,4425.15,4422.15,4424.95,0,0,0,2,0.8623087177933044,ASIA,8,0.11363636363636409,day_anchor_std,server_midnight,0,0,0,1,0,0,TREND_STRONG,TREND_STRONG,TREND
4424.95,4425.45,4423.2,4423.45,0,0,0,2,0.8623087177933044,ASIA,8,0.11363636363636409,day_anchor_std,server_midnight,0,0,0,1,0,0,TREND_STRONG,TREND_STRONG,TREND
4423.45,4426.65,4422.45,4424.8,0,0,0,2,0.8623087177933044,ASIA,8,0.11363636363636409,day_anchor_std,server_midnight,0,0,0,1,0,0,TREND_STRONG,TREND_STRONG,TREND
4424.95,4427.65,4424.95,4427.15,0,0,0,2,0.8623087177933044,ASIA,8,0.11363636363636409,day_anchor_std,server_midnight,0,0,0,1,0,0,TREND_STRONG,TREND_STRONG,TREND
4426.95,4430.15,4423.25,4428.95,0,0,0,2,0.9837109856931022,ASIA,9,0.03101187311715893,day_anchor_std,server_midnight,0,0,0,1,0,0,TREND_STRONG,TREND_STRONG,TREND
4429.15,4429.95,4426.45,4426.95,0,0,0,2,0.9837109856931022,ASIA,9,0.03101187311715893,day_anchor_std,server_midnight,0,0,0,1,0,0,TREND_STRONG,TREND_STRONG,TREND
4426.65,4426.75,4420.15,4424.2,0,0,0,2,0.9837109856931022,ASIA,9,0.03101187311715893,day_anchor_std,server_midnight,0,0,0,1,0,0,TREND_STRONG,TREND_STRONG,TREND
4424.25,4427.2,4423.15,4425.95,0,0,0,2,0.9837109856931022,ASIA,9,0.03101187311715893,day_anchor_std,server_midnight,0,0,0,1,0,0,TREND_STRONG,TREND_STRONG,TREND
4425.95,4431.45,4425.05,4431.15,0,0,0,2,0.9984924489020689,ASIA,10,0.41775486827035896,day_anchor_std,server_midnight,0,0,0,1,0,0,TREND_STRONG,TREND_STRONG,TREND
4431.15,4435.7,4431.0,4434.2,0,0,0,2,0.9984924489020689,ASIA,10,0.41775486827035896,day_anchor_std,server_midnight,0,0,0,1,0,0,TREND_STRONG,TREND_STRONG,TREND
4434.15,4435.75,4432.45,4433.55,0,0,0,2,0.9984924489020689,ASIA,10,0.41775486827035896,day_anchor_std,server_midnight,0,0,0,1,0,0,TREND_STRONG,TREND_STRONG,TREND
4433.45,4434.15,4431.5,4432.65,0,0,0,2,0.9984924489020689,ASIA,10,0.41775486827035896,day_anchor_std,server_midnight,0,0,0,1,0,0,TREND_STRONG,TREND_STRONG,TREND
4404.65,4406.45,4403.05,4406.05,0,0,0,2,0.8522142241713193,LONDON,3,0.380065037085829,day_anchor_std,server_midnight,0,0,0,0,1,0,TREND_STRONG,TREND_STRONG,TREND
4406.05,4406.55,4404.15,4404.65,0,0,0,2,0.8522142241713193,LONDON,3,0.380065037085829,day_anchor_std,server_midnight,0,0,0,0,1,0,TREND_STRONG,TREND_STRONG,TREND
4404.6,4406.35,4404.05,4405.05,0,0,0,2,0.8522142241713193,LONDON,3,0.380065037085829,day_anchor_std,server_midnight,0,0,0,0,1,0,TREND_STRONG,TREND_STRONG,TREND
4405.05,4407.65,4404.4,4407.65,0,0,0,2,0.8522142241713193,LONDON,3,0.380065037085829,day_anchor_std,server_midnight,0,0,0,0,1,0,TREND_STRONG,TREND_STRONG,TREND
4407.65,4408.35,4407.0,4407.55,0,0,0,2,0.8959540961592778,LONDON,4,0.403697996918338,day_anchor_std,server_midnight,0,0,0,0,1,0,TREND_STRONG,TREND_STRONG,TREND
4407.35,4408.35,4406.15,4407.85,0,0,0,2,0.8959540961592778,LONDON,4,0.403697996918338,day_anchor_std,server_midnight,0,0,0,0,1,0,TREND_STRONG,TREND_STRONG,TREND
4409.55,4411.2,4405.95,4406.1,0,0,0,2,0.7933457772874757,NY_PM,5,0.5423532812952172,day_anchor_std,server_midnight,0,0,0,0,1,0,UNCLASSIFIED,TREND_UNCLASSIFIED,TREND
4406.15,4407.15,4405.6,4406.1,0,0,0,2,0.7933457772874757,NY_PM,5,0.5423532812952172,day_anchor_std,server_midnight,0,0,0,0,1,0,UNCLASSIFIED,TREND_UNCLASSIFIED,TREND
4406.1,4406.95,4404.95,4405.5,0,0,0,2,0.7933457772874757,NY_PM,5,0.5423532812952172,day_anchor_std,server_midnight,0,0,0,0,1,0,UNCLASSIFIED,TREND_UNCLASSIFIED,TREND
4405.45,4408.1,4405.2,4406.95,0,0,0,2,0.7933457772874757,NY_PM,5,0.5423532812952172,day_anchor_std,server_midnight,0,0,0,0,1,0,UNCLASSIFIED,TREND_UNCLASSIFIED,TREND
4374.35,4374.55,4372.05,4372.05,0,0,0,0,0.26400210281152525,NY_PM,2,0.0969006492710956,day_anchor_std,server_midnight,1,0,0,0,0,0,UNCLASSIFIED,BALANCE_UNCLASSIFIED,BALANCE
4371.85,4372.05,4368.85,4370.05,0,0,0,0,0.26400210281152525,NY_PM,2,0.0969006492710956,day_anchor_std,server_midnight,1,0,0,0,0,0,UNCLASSIFIED,BALANCE_UNCLASSIFIED,BALANCE
4370.0,4371.05,4369.85,4370.85,0,0,0,0,0.26400210281152525,NY_PM,2,0.0969006492710956,day_anchor_std,server_midnight,1,0,0,0,0,0,UNCLASSIFIED,BALANCE_UNCLASSIFIED,BALANCE
4370.75,4372.05,4366.85,4367.55,0,0,0,0,0.26400210281152525,NY_PM,2,0.0969006492710956,day_anchor_std,server_midnight,1,0,0,0,0,0,UNCLASSIFIED,BALANCE_UNCLASSIFIED,BALANCE
4367.85,4368.55,4362.35,4362.35,0,0,0,0,0.1460962202361497,ASIA,3,0.16513085145599193,day_anchor_std,server_midnight,1,0,0,0,0,0,UNCLASSIFIED,BALANCE_UNCLASSIFIED,BALANCE
4362.4,4366.15,4362.35,4365.05,0,0,0,0,0.1460962202361497,ASIA,3,0.16513085145599193,day_anchor_std,server_midnight,1,0,0,0,0,0,UNCLASSIFIED,BALANCE_UNCLASSIFIED,BALANCE
4365.05,4367.05,4362.85,4363.85,0,0,0,0,0.1460962202361497,ASIA,3,0.16513085145599193,day_anchor_std,server_midnight,1,0,0,0,0,0,UNCLASSIFIED,BALANCE_UNCLASSIFIED,BALANCE
4363.85,4368.95,4363.65,4368.05,0,0,0,0,0.1460962202361497,ASIA,3,0.16513085145599193,day_anchor_std,server_midnight,1,0,0,0,0,0,UNCLASSIFIED,BALANCE_UNCLASSIFIED,BALANCE
4368.25,4368.35,4364.05,4366.85,0,0,0,0,0.7269248589080528,ASIA,4,0.14339364970979965,day_anchor_std,server_midnight,1,0,0,0,0,0,BALANCE_LEAKING,BALANCE_LEAKING,BALANCE
4366.85,4369.05,4366.35,4368.35,0,0,0,0,0.7269248589080528,ASIA,4,0.14339364970979965,day_anchor_std,server_midnight,1,0,0,0,0,0,BALANCE_LEAKING,BALANCE_LEAKING,BALANCE
4368.35,4374.35,4366.55,4369.05,0,0,0,0,0.7269248589080528,ASIA,4,0.14339364970979965,day_anchor_std,server_midnight,1,0,0,0,0,0,BALANCE_LEAKING,BALANCE_LEAKING,BALANCE
4368.85,4369.35,4358.05,4364.55,0,0,0,0,0.7269248589080528,ASIA,4,0.14339364970979965,day_anchor_std,server_midnight,1,0,0,0,0,0,BALANCE_LEAKING,BALANCE_LEAKING,BALANCE
4364.55,4368.35,4363.05,4364.35,0,0,0,0,0.6899892930967468,ASIA,5,0.020292176831793827,day_anchor_std,server_midnight,1,0,0,0,0,0,UNCLASSIFIED,BALANCE_UNCLASSIFIED,BALANCE
4364.15,4367.45,4361.35,4362.6,0,0,0,0,0.6899892930967468,ASIA,5,0.020292176831793827,day_anchor_std,server_midnight,1,0,0,0,0,0,UNCLASSIFIED,BALANCE_UNCLASSIFIED,BALANCE
4362.35,4365.05,4361.55,4362.35,0,0,0,0,0.6899892930967468,ASIA,5,0.020292176831793827,day_anchor_std,server_midnight,1,0,0,0,0,0,UNCLASSIFIED,BALANCE_UNCLASSIFIED,BALANCE
4362.05,4366.35,4361.75,4365.85,0,0,0,0,0.6899892930967468,ASIA,5,0.020292176831793827,day_anchor_std,server_midnight,1,0,0,0,0,0,UNCLASSIFIED,BALANCE_UNCLASSIFIED,BALANCE
4365.55,4366.1,4361.9,4363.65,0,0,0,0,0.6497670755238597,ASIA,6,0.08723868596375087,day_anchor_std,server_midnight,1,0,0,0,0,0,UNCLASSIFIED,BALANCE_UNCLASSIFIED,BALANCE
4363.7,4363.9,4360.65,4362.4,0,0,0,0,0.6497670755238597,ASIA,6,0.08723868596375087,day_anchor_std,server_midnight,1,0,0,0,0,0,UNCLASSIFIED,BALANCE_UNCLASSIFIED,BALANCE
4362.1,4368.95,4362.1,4367.45,0,0,0,0,0.6497670755238597,ASIA,6,0.08723868596375087,day_anchor_std,server_midnight,1,0,0,0,0,0,UNCLASSIFIED,BALANCE_UNCLASSIFIED,BALANCE
4367.45,4367.65,4363.4,4365.1,0,0,0,0,0.6497670755238597,ASIA,6,0.08723868596375087,day_anchor_std,server_midnight,1,0,0,0,0,0,UNCLASSIFIED,BALANCE_UNCLASSIFIED,BALANCE
4361.7,4361.7,4356.9,4360.25,0,0,0,0,0.6082559038897501,NY_PM,2,0.22561679790018632,day_anchor_std,server_midnight,1,0,0,0,0,0,BALANCE_LEAKING,BALANCE_LEAKING,BALANCE
4360.25,4361.2,4358.7,4360.7,0,0,0,0,0.6082559038897501,NY_PM,2,0.22561679790018632,day_anchor_std,server_midnight,1,0,0,0,0,0,BALANCE_LEAKING,BALANCE_LEAKING,BALANCE
4360.75,4361.45,4357.2,4361.2,0,0,0,0,0.6082559038897501,NY_PM,2,0.22561679790018632,day_anchor_std,server_midnight,1,0,0,0,0,0,BALANCE_LEAKING,BALANCE_LEAKING,BALANCE
4361.4,4364.2,4360.9,4361.4,0,0,0,0,0.6082559038897501,NY_PM,2,0.22561679790018632,day_anchor_std,server_midnight,1,0,0,0,0,0,BALANCE_LEAKING,BALANCE_LEAKING,BALANCE
4361.35,4362.95,4361.2,4362.2,0,0,0,0,0.977884551006859,NY_PM,3,0.3777639579877234,day_anchor_std,server_midnight,1,0,0,0,0,0,UNCLASSIFIED,BALANCE_UNCLASSIFIED,BALANCE
4362.2,4363.9,4361.9,4363.2,0,0,0,0,0.977884551006859,NY_PM,3,0.3777639579877234,day_anchor_std,server_midnight,1,0,0,0,0,0,UNCLASSIFIED,BALANCE_UNCLASSIFIED,BALANCE
4363.35,4365.7,4363.2,4365.4,0,0,0,0,0.977884551006859,NY_PM,3,0.3777639579877234,day_anchor_std,server_midnight,1,0,0,0,0,0,UNCLASSIFIED,BALANCE_UNCLASSIFIED,BALANCE
4365.45,4365.45,4362.9,4363.7,0,0,0,0,0.977884551006859,NY_PM,3,0.3777639579877234,day_anchor_std,server_midnight,1,0,0,0,0,0,UNCLASSIFIED,BALANCE_UNCLASSIFIED,BALANCE
4363.65,4363.9,4361.7,4361.9,0,0,0,0,0.9728434759992599,ASIA,4,0.1014163693372363,day_anchor_std,server_midnight,1,0,0,0,0,0,BALANCE_LEAKING,BALANCE_LEAKING,BALANCE
4361.9,4362.7,4359.9,4360.85,0,0,0,0,0.9728434759992599,ASIA,4,0.1014163693372363,day_anchor_std,server_midnight,1,0,0,0,0,0,BALANCE_LEAKING,BALANCE_LEAKING,BALANCE
4360.9,4361.15,4357.85,4358.7,0,0,0,0,0.9728434759992599,ASIA,4,0.1014163693372363,day_anchor_std,server_midnight,1,0,0,0,0,0,BALANCE_LEAKING,BALANCE_LEAKING,BALANCE
4358.9,4360.7,4358.45,4359.2,0,0,0,0,0.9728434759992599,ASIA,4,0.1014163693372363,day_anchor_std,server_midnight,1,0,0,0,0,0,BALANCE_LEAKING,BALANCE_LEAKING,BALANCE
4377.85,4378.4,4376.2,4376.35,0,0,0,2,0.29418967742185337,ASIA,3,0.11852675812638211,day_anchor_std,server_midnight,0,0,0,1,0,0,TREND_STRONG,TREND_STRONG,TREND
4376.35,4376.9,4375.2,4376.35,0,0,0,2,0.29418967742185337,ASIA,3,0.11852675812638211,day_anchor_std,server_midnight,0,0,0,1,0,0,TREND_STRONG,TREND_STRONG,TREND
4376.15,4377.25,4373.4,4376.35,0,0,0,2,0.29418967742185337,ASIA,3,0.11852675812638211,day_anchor_std,server_midnight,0,0,0,1,0,0,TREND_STRONG,TREND_STRONG,TREND
4376.4,4379.65,4374.9,4375.2,0,0,0,2,0.29418967742185337,ASIA,3,0.11852675812638211,day_anchor_std,server_midnight,0,0,0,1,0,0,TREND_STRONG,TREND_STRONG,TREND
4452.05,4453.25,4446.2,4447.5,0,0,0,2,0.9876253923757161,NY,7,2.377978656622707,day_anchor_std,server_midnight,0,0,0,0,0,1,UNCLASSIFIED,TREND_UNCLASSIFIED,TREND
4447.25,4449.2,4446.7,4448.7,0,0,0,2,0.9876253923757161,NY,7,2.377978656622707,day_anchor_std,server_midnight,0,0,0,0,0,1,UNCLASSIFIED,TREND_UNCLASSIFIED,TREND
4453.7,4458.7,4453.7,4455.4,0,0,0,2,0.9987832502642899,NY_PM,8,0.0435510887772249,day_anchor_std,server_midnight,0,0,0,0,1,0,UNCLASSIFIED,TREND_UNCLASSIFIED,TREND
4455.7,4455.8,4452.9,4453.4,0,0,0,2,0.9987832502642899,NY_PM,8,0.0435510887772249,day_anchor_std,server_midnight,0,0,0,0,1,0,UNCLASSIFIED,TREND_UNCLASSIFIED,TREND
4453.55,4455.9,4453.45,4455.7,0,0,0,2,0.9987832502642899,NY_PM,8,0.0435510887772249,day_anchor_std,server_midnight,0,0,0,0,1,0,UNCLASSIFIED,TREND_UNCLASSIFIED,TREND
4455.85,4456.65,4454.2,4456.45,0,0,0,2,0.9987832502642899,NY_PM,8,0.0435510887772249,day_anchor_std,server_midnight,0,0,0,0,1,0,UNCLASSIFIED,TREND_UNCLASSIFIED,TREND
4456.65,4457.8,4452.9,4453.1,0,0,0,2,0.9950835583334047,NY_PM,9,0.130041152263366,day_anchor_std,server_midnight,0,0,0,0,1,0,UNCLASSIFIED,TREND_UNCLASSIFIED,TREND
4453.2,4453.9,4452.2,4452.95,0,0,0,2,0.9950835583334047,NY_PM,9,0.130041152263366,day_anchor_std,server_midnight,0,0,0,0,1,0,UNCLASSIFIED,TREND_UNCLASSIFIED,TREND
4453.25,4454.2,4452.15,4453.2,0,0,0,2,0.9950835583334047,NY_PM,9,0.130041152263366,day_anchor_std,server_midnight,0,0,0,0,1,0,UNCLASSIFIED,TREND_UNCLASSIFIED,TREND
4453.2,4455.9,4453.2,4454.2,0,0,0,2,0.9950835583334047,NY_PM,9,0.130041152263366,day_anchor_std,server_midnight,0,0,0,0,1,0,UNCLASSIFIED,TREND_UNCLASSIFIED,TREND
4454.4,4455.15,4453.4,4454.2,0,0,0,2,0.9984848601543779,NY_PM,10,0.018320247442308892,day_anchor_std,server_midnight,0,0,0,0,1,0,UNCLASSIFIED,TREND_UNCLASSIFIED,TREND
4454.2,4454.9,4453.4,4454.7,0,0,0,2,0.9984848601543779,NY_PM,10,0.018320247442308892,day_anchor_std,server_midnight,0,0,0,0,1,0,UNCLASSIFIED,TREND_UNCLASSIFIED,TREND
4454.7,4455.7,4453.35,4455.4,0,0,0,2,0.9984848601543779,NY_PM,10,0.018320247442308892,day_anchor_std,server_midnight,0,0,0,0,1,0,UNCLASSIFIED,TREND_UNCLASSIFIED,TREND
4455.4,4456.2,4454.7,4455.7,0,0,0,2,0.9984848601543779,NY_PM,10,0.018320247442308892,day_anchor_std,server_midnight,0,0,0,0,1,0,UNCLASSIFIED,TREND_UNCLASSIFIED,TREND
4455.7,4455.9,4454.7,4455.7,0,0,0,2,0.9555873673358227,ASIA,11,0.07604938271607352,day_anchor_std,server_midnight,0,0,0,1,0,0,UNCLASSIFIED,TREND_UNCLASSIFIED,TREND
4455.75,4456.7,4455.4,4455.9,0,0,0,2,0.9555873673358227,ASIA,11,0.07604938271607352,day_anchor_std,server_midnight,0,0,0,1,0,0,UNCLASSIFIED,TREND_UNCLASSIFIED,TREND
4455.85,4456.4,4454.7,4456.4,0,0,0,2,0.9555873673358227,ASIA,11,0.07604938271607352,day_anchor_std,server_midnight,0,0,0,1,0,0,UNCLASSIFIED,TREND_UNCLASSIFIED,TREND
4456.4,4456.9,4454.7,4454.7,0,0,0,2,0.9555873673358227,ASIA,11,0.07604938271607352,day_anchor_std,server_midnight,0,0,0,1,0,0,UNCLASSIFIED,TREND_UNCLASSIFIED,TREND
4454.75,4454.75,4451.9,4454.75,0,0,0,2,0.992965662178647,ASIA,12,0.07704815509696002,day_anchor_std,server_midnight,0,0,0,1,0,0,TREND_STRONG,TREND_STRONG,TREND
4454.95,4454.95,4453.2,4453.25,0,0,0,2,0.992965662178647,ASIA,12,0.07704815509696002,day_anchor_std,server_midnight,0,0,0,1,0,0,TREND_STRONG,TREND_STRONG,TREND
4453.65,4455.7,4453.4,4455.4,0,0,0,2,0.992965662178647,ASIA,12,0.07704815509696002,day_anchor_std,server_midnight,0,0,0,1,0,0,TREND_STRONG,TREND_STRONG,TREND
4455.4,4456.15,4453.9,4455.9,0,0,0,2,0.992965662178647,ASIA,12,0.07704815509696002,day_anchor_std,server_midnight,0,0,0,1,0,0,TREND_STRONG,TREND_STRONG,TREND
4455.7,4458.4,4455.4,4456.9,0,0,0,2,0.9966682558528396,ASIA,12,0.10656121103882972,day_anchor_std,server_midnight,0,0,0,1,0,0,TREND_STRONG,TREND_STRONG,TREND
4457.15,4459.35,4456.7,4457.9,0,0,0,2,0.9966682558528396,ASIA,12,0.10656121103882972,day_anchor_std,server_midnight,0,0,0,1,0,0,TREND_STRONG,TREND_STRONG,TREND
4457.85,4458.2,4456.4,4457.2,0,0,0,2,0.9966682558528396,ASIA,12,0.10656121103882972,day_anchor_std,server_midnight,0,0,0,1,0,0,TREND_STRONG,TREND_STRONG,TREND
4457.2,4457.25,4455.7,4456.4,0,0,0,2,0.9966682558528396,ASIA,12,0.10656121103882972,day_anchor_std,server_midnight,0,0,0,1,0,0,TREND_STRONG,TREND_STRONG,TREND
4456.35,4460.15,4453.6,4459.7,0,0,0,2,0.09291829323299056,ASIA,12,0.340169028088473,day_anchor_std,server_midnight,0,0,0,1,0,0,TREND_STRONG,TREND_STRONG,TREND
4459.7,4459.9,4456.4,4456.6,0,0,0,2,0.09291829323299056,ASIA,12,0.340169028088473,day_anchor_std,server_midnight,0,0,0,1,0,0,TREND_STRONG,TREND_STRONG,TREND
4456.45,4457.2,4454.9,4455.45,0,0,0,2,0.09291829323299056,ASIA,12,0.340169028088473,day_anchor_std,server_midnight,0,0,0,1,0,0,TREND_STRONG,TREND_STRONG,TREND
4455.7,4455.75,4451.2,4451.9,0,0,0,2,0.09291829323299056,ASIA,12,0.340169028088473,day_anchor_std,server_midnight,0,0,0,1,0,0,TREND_STRONG,TREND_STRONG,TREND
4452.15,4453.25,4450.7,4452.7,0,0,0,2,0.7567929009796244,LONDON,12,0.04028776978408719,day_anchor_std,server_midnight,0,0,0,0,1,0,UNCLASSIFIED,TREND_UNCLASSIFIED,TREND
4452.7,4452.9,4449.95,4451.7,0,0,0,2,0.7567929009796244,LONDON,12,0.04028776978408719,day_anchor_std,server_midnight,0,0,0,0,1,0,UNCLASSIFIED,TREND_UNCLASSIFIED,TREND
4451.9,4453.7,4448.7,4449.9,0,0,0,2,0.7567929009796244,LONDON,12,0.04028776978408719,day_anchor_std,server_midnight,0,0,0,0,1,0,UNCLASSIFIED,TREND_UNCLASSIFIED,TREND
4449.4,4455.4,4446.65,4454.5,0,0,0,2,0.7567929009796244,LONDON,12,0.04028776978408719,day_anchor_std,server_midnight,0,0,0,0,1,0,UNCLASSIFIED,TREND_UNCLASSIFIED,TREND
4455.6,4456.4,4451.4,4451.9,0,0,0,1,0.9358405502962963,ASIA,1,1.165593376264887,day_anchor_std,server_midnight,0,0,1,0,0,0,UNCLASSIFIED,TRANSITION_UNCLASSIFIED,TRANSITION
4451.6,4452.4,4447.1,4447.55,0,0,0,1,0.9358405502962963,ASIA,1,1.165593376264887,day_anchor_std,server_midnight,0,0,1,0,0,0,UNCLASSIFIED,TRANSITION_UNCLASSIFIED,TRANSITION
4447.6,4451.65,4446.6,4449.1,0,0,0,1,0.9358405502962963,ASIA,1,1.165593376264887,day_anchor_std,server_midnight,0,0,1,0,0,0,UNCLASSIFIED,TRANSITION_UNCLASSIFIED,TRANSITION
4449.1,4450.65,4447.6,4449.05,0,0,0,1,0.9358405502962963,ASIA,1,1.165593376264887,day_anchor_std,server_midnight,0,0,1,0,0,0,UNCLASSIFIED,TRANSITION_UNCLASSIFIED,TRANSITION
4448.95,4451.05,4447.1,4449.6,0,0,0,1,0.98563803376548,ASIA,2,2.3386565272495736,day_anchor_std,server_midnight,0,0,1,0,0,0,UNCLASSIFIED,TRANSITION_UNCLASSIFIED,TRANSITION
4449.9,4450.1,4446.9,4447.6,0,0,0,1,0.98563803376548,ASIA,2,2.3386565272495736,day_anchor_std,server_midnight,0,0,1,0,0,0,UNCLASSIFIED,TRANSITION_UNCLASSIFIED,TRANSITION
4447.65,4448.1,4441.1,4441.4,0,0,0,1,0.98563803376548,ASIA,2,2.3386565272495736,day_anchor_std,server_midnight,0,0,1,0,0,0,UNCLASSIFIED,TRANSITION_UNCLASSIFIED,TRANSITION
4441.1,4442.4,4435.45,4439.4,0,0,0,1,0.98563803376548,ASIA,2,2.3386565272495736,day_anchor_std,server_midnight,0,0,1,0,0,0,UNCLASSIFIED,TRANSITION_UNCLASSIFIED,TRANSITION
4449.85,4451.25,4449.4,4450.2,0,0,0,0,0.9043660967756586,NY_PM,2,0.06617088084611288,day_anchor_std,server_midnight,1,0,0,0,0,0,BALANCE_LEAKING,BALANCE_LEAKING,BALANCE
4450.2,4450.45,4448.7,4448.95,0,0,0,0,0.9043660967756586,NY_PM,2,0.06617088084611288,day_anchor_std,server_midnight,1,0,0,0,0,0,BALANCE_LEAKING,BALANCE_LEAKING,BALANCE
4448.95,4450.9,4448.7,4450.9,0,0,0,0,0.9043660967756586,NY_PM,2,0.06617088084611288,day_anchor_std,server_midnight,1,0,0,0,0,0,BALANCE_LEAKING,BALANCE_LEAKING,BALANCE
4450.7,4450.9,4447.9,4448.7,0,0,0,0,0.9043660967756586,NY_PM,2,0.06617088084611288,day_anchor_std,server_midnight,1,0,0,0,0,0,BALANCE_LEAKING,BALANCE_LEAKING,BALANCE
4448.95,4448.95,4444.95,4447.2,0,0,0,0,0.8089493414675928,NY_PM,3,0.02787588111329661,day_anchor_std,server_midnight,1,0,0,0,0,0,BALANCE_LEAKING,BALANCE_LEAKING,BALANCE
4447.0,4447.7,4444.5,4445.2,0,0,0,0,0.8089493414675928,NY_PM,3,0.02787588111329661,day_anchor_std,server_midnight,1,0,0,0,0,0,BALANCE_LEAKING,BALANCE_LEAKING,BALANCE
4445.45,4446.75,4444.7,4446.45,0,0,0,0,0.8089493414675928,NY_PM,3,0.02787588111329661,day_anchor_std,server_midnight,1,0,0,0,0,0,BALANCE_LEAKING,BALANCE_LEAKING,BALANCE
4446.4,4448.0,4446.0,4447.9,0,0,0,0,0.8089493414675928,NY_PM,3,0.02787588111329661,day_anchor_std,server_midnight,1,0,0,0,0,0,BALANCE_LEAKING,BALANCE_LEAKING,BALANCE
4399.25,4406.5,4399.2,4406.3,0,0,0,2,0.9554210799158999,LONDON,5,0.9044056525353081,day_anchor_std,server_midnight,0,0,0,0,1,0,UNCLASSIFIED,TREND_UNCLASSIFIED,TREND
4406.45,4410.55,4405.05,4410.05,0,0,0,2,0.9554210799158999,LONDON,5,0.9044056525353081,day_anchor_std,server_midnight,0,0,0,0,1,0,UNCLASSIFIED,TREND_UNCLASSIFIED,TREND
4410.45,4413.6,4409.25,4411.1,0,0,0,2,0.9554210799158999,LONDON,5,0.9044056525353081,day_anchor_std,server_midnight,0,0,0,0,1,0,UNCLASSIFIED,TREND_UNCLASSIFIED,TREND
4411.0,4415.6,4408.25,4415.45,0,0,0,2,0.9554210799158999,LONDON,5,0.9044056525353081,day_anchor_std,server_midnight,0,0,0,0,1,0,UNCLASSIFIED,TREND_UNCLASSIFIED,TREND
4415.3,4415.8,4410.75,4411.2,0,0,0,2,0.6972237211406169,NY,6,0.8296296296295944,day_anchor_std,server_midnight,0,0,0,0,1,0,UNCLASSIFIED,TREND_UNCLASSIFIED,TREND
4411.05,4419.05,4411.05,4418.45,0,0,0,2,0.6972237211406169,NY,6,0.8296296296295944,day_anchor_std,server_midnight,0,0,0,0,1,0,UNCLASSIFIED,TREND_UNCLASSIFIED,TREND
4418.35,4418.85,4413.95,4415.5,0,0,0,2,0.6972237211406169,NY,6,0.8296296296295944,day_anchor_std,server_midnight,0,0,0,0,1,0,UNCLASSIFIED,TREND_UNCLASSIFIED,TREND
4415.5,4417.95,4412.7,4414.95,0,0,0,2,0.6972237211406169,NY,6,0.8296296296295944,day_anchor_std,server_midnight,0,0,0,0,1,0,UNCLASSIFIED,TREND_UNCLASSIFIED,TREND
4415.05,4417.0,4413.5,4413.7,0,0,0,2,0.8769402052112102,NY,7,0.9247007822070039,day_anchor_std,server_midnight,0,0,0,0,1,1,UNCLASSIFIED,TREND_UNCLASSIFIED,TREND
4413.5,4413.5,4412.2,4413.05,0,0,0,2,0.8769402052112102,NY,7,0.9247007822070039,day_anchor_std,server_midnight,0,0,0,0,1,1,UNCLASSIFIED,TREND_UNCLASSIFIED,TREND
4410.5,4413.2,4410.5,4412.5,0,0,0,2,0.8799497309732048,NY_PM,8,0.851817116060835,day_anchor_std,server_midnight,0,0,0,0,1,1,UNCLASSIFIED,TREND_UNCLASSIFIED,TREND
4412.7,4414.7,4412.7,4413.7,0,0,0,2,0.8799497309732048,NY_PM,8,0.851817116060835,day_anchor_std,server_midnight,0,0,0,0,1,1,UNCLASSIFIED,TREND_UNCLASSIFIED,TREND
4413.5,4415.55,4413.5,4415.0,0,0,0,2,0.8799497309732048,NY_PM,8,0.851817116060835,day_anchor_std,server_midnight,0,0,0,0,1,1,UNCLASSIFIED,TREND_UNCLASSIFIED,TREND
4414.8,4415.05,4413.2,4413.5,0,0,0,2,0.8799497309732048,NY_PM,8,0.851817116060835,day_anchor_std,server_midnight,0,0,0,0,1,1,UNCLASSIFIED,TREND_UNCLASSIFIED,TREND
4413.2,4413.5,4410.2,4413.2,0,0,0,2,0.7922659346209547,NY_PM,9,0.8821344373525881,day_anchor_std,server_midnight,0,0,0,0,1,1,TREND_STRONG,TREND_STRONG,TREND
4413.5,4415.2,4413.25,4415.05,0,0,0,2,0.7922659346209547,NY_PM,9,0.8821344373525881,day_anchor_std,server_midnight,0,0,0,0,1,1,TREND_STRONG,TREND_STRONG,TREND
4415.25,4416.25,4413.7,4414.25,0,0,0,2,0.7922659346209547,NY_PM,9,0.8821344373525881,day_anchor_std,server_midnight,0,0,0,0,1,1,TREND_STRONG,TREND_STRONG,TREND
4414.5,4414.55,4411.05,4412.25,0,0,0,2,0.7922659346209547,NY_PM,9,0.8821344373525881,day_anchor_std,server_midnight,0,0,0,0,1,1,TREND_STRONG,TREND_STRONG,TREND
4420.8,4427.85,4420.5,4427.65,0,0,0,1,0.9897206737299246,LONDON,1,2.042680893631281,day_anchor_std,server_midnight,0,0,1,0,0,0,UNCLASSIFIED,TRANSITION_UNCLASSIFIED,TRANSITION
4427.85,4440.4,4427.65,4440.0,0,0,0,1,0.9897206737299246,LONDON,1,2.042680893631281,day_anchor_std,server_midnight,0,0,1,0,0,0,UNCLASSIFIED,TRANSITION_UNCLASSIFIED,TRANSITION
4440.3,4443.8,4439.9,4443.3,0,0,0,1,0.9897206737299246,LONDON,1,2.042680893631281,day_anchor_std,server_midnight,0,0,1,0,0,0,UNCLASSIFIED,TRANSITION_UNCLASSIFIED,TRANSITION
4443.15,4443.9,4432.4,4435.3,0,0,0,1,0.9897206737299246,LONDON,1,2.042680893631281,day_anchor_std,server_midnight,0,0,1,0,0,0,UNCLASSIFIED,TRANSITION_UNCLASSIFIED,TRANSITION
4415.2,4417.45,4413.4,4414.4,0,0,0,2,0.1821541768741497,ASIA,3,0.24834208063787383,day_anchor_std,server_midnight,0,0,0,1,0,0,TREND_STRONG,TREND_STRONG,TREND
4414.4,4414.9,4409.7,4412.7,0,0,0,2,0.1821541768741497,ASIA,3,0.24834208063787383,day_anchor_std,server_midnight,0,0,0,1,0,0,TREND_STRONG,TREND_STRONG,TREND
4412.9,4416.7,4410.95,4416.2,0,0,0,2,0.1821541768741497,ASIA,3,0.24834208063787383,day_anchor_std,server_midnight,0,0,0,1,0,0,TREND_STRONG,TREND_STRONG,TREND
4416.4,4421.7,4414.8,4420.9,0,0,0,2,0.1821541768741497,ASIA,3,0.24834208063787383,day_anchor_std,server_midnight,0,0,0,1,0,0,TREND_STRONG,TREND_STRONG,TREND
4445.4,4448.4,4445.4,4448.4,0,0,0,2,0.5988459321472532,ASIA,6,0.02944815639688108,day_anchor_std,server_midnight,0,0,0,1,0,0,UNCLASSIFIED,TREND_UNCLASSIFIED,TREND
4448.65,4448.65,4446.6,4447.1,0,0,0,2,0.5988459321472532,ASIA,6,0.02944815639688108,day_anchor_std,server_midnight,0,0,0,1,0,0,UNCLASSIFIED,TREND_UNCLASSIFIED,TREND
4446.95,4448.4,4446.4,4447.95,0,0,0,2,0.5988459321472532,ASIA,6,0.02944815639688108,day_anchor_std,server_midnight,0,0,0,1,0,0,UNCLASSIFIED,TREND_UNCLASSIFIED,TREND
4448.0,4448.0,4446.1,4446.6,0,0,0,2,0.5988459321472532,ASIA,6,0.02944815639688108,day_anchor_std,server_midnight,0,0,0,1,0,0,UNCLASSIFIED,TREND_UNCLASSIFIED,TREND
4446.65,4449.65,4446.6,4447.4,0,0,0,2,0.708615465633869,ASIA,7,0.2545922116091477,day_anchor_std,server_midnight,0,0,0,1,0,0,UNCLASSIFIED,TREND_UNCLASSIFIED,TREND
4447.6,4447.65,4445.4,4446.4,0,0,0,2,0.708615465633869,ASIA,7,0.2545922116091477,day_anchor_std,server_midnight,0,0,0,1,0,0,UNCLASSIFIED,TREND_UNCLASSIFIED,TREND
4446.15,4448.4,4445.4,4447.9,0,0,0,2,0.708615465633869,ASIA,7,0.2545922116091477,day_anchor_std,server_midnight,0,0,0,1,0,0,UNCLASSIFIED,TREND_UNCLASSIFIED,TREND
4447.9,4451.1,4447.1,4450.4,0,0,0,2,0.708615465633869,ASIA,7,0.2545922116091477,day_anchor_std,server_midnight,0,0,0,1,0,0,UNCLASSIFIED,TREND_UNCLASSIFIED,TREND
4450.4,4452.1,4449.1,4450.6,0,0,0,2,0.9911974009657476,ASIA,8,0.45218312153800616,day_anchor_std,server_midnight,0,0,0,1,0,0,TREND_STRONG,TREND_STRONG,TREND
4450.5,4451.6,4450.1,4451.6,0,0,0,2,0.9911974009657476,ASIA,8,0.45218312153800616,day_anchor_std,server_midnight,0,0,0,1,0,0,TREND_STRONG,TREND_STRONG,TREND
4451.55,4453.9,4451.4,4453.1,0,0,0,2,0.9911974009657476,ASIA,8,0.45218312153800616,day_anchor_std,server_midnight,0,0,0,1,0,0,TREND_STRONG,TREND_STRONG,TREND
4452.9,4454.6,4452.6,4453.4,0,0,0,2,0.9911974009657476,ASIA,8,0.45218312153800616,day_anchor_std,server_midnight,0,0,0,1,0,0,TREND_STRONG,TREND_STRONG,TREND
4453.15,4453.6,4450.9,4451.5,0,0,0,2,0.9650950220733786,ASIA,9,0.6305828917486587,day_anchor_std,server_midnight,0,0,0,1,0,0,TREND_STRONG,TREND_STRONG,TREND
4451.55,4452.95,4450.65,4451.1,0,0,0,2,0.9650950220733786,ASIA,9,0.6305828917486587,day_anchor_std,server_midnight,0,0,0,1,0,0,TREND_STRONG,TREND_STRONG,TREND
4451.1,4455.95,4450.6,4455.1,0,0,0,2,0.9650950220733786,ASIA,9,0.6305828917486587,day_anchor_std,server_midnight,0,0,0,1,0,0,TREND_STRONG,TREND_STRONG,TREND
4455.1,4457.15,4455.1,4455.9,0,0,0,2,0.9650950220733786,ASIA,9,0.6305828917486587,day_anchor_std,server_midnight,0,0,0,1,0,0,TREND_STRONG,TREND_STRONG,TREND
4455.65,4457.45,4452.9,4454.7,0,0,0,2,0.9940674384947468,LONDON,10,2.99189475917679,day_anchor_std,server_midnight,0,0,0,0,0,1,TREND_STRONG,TREND_STRONG,TREND
4454.8,4481.25,4454.5,4475.45,0,0,0,2,0.9940674384947468,LONDON,10,2.99189475917679,day_anchor_std,server_midnight,0,0,0,0,0,1,TREND_STRONG,TREND_STRONG,TREND
4475.35,4485.95,4475.35,4483.1,0,0,0,2,0.9940674384947468,LONDON,10,2.99189475917679,day_anchor_std,server_midnight,0,0,0,0,0,1,TREND_STRONG,TREND_STRONG,TREND
4483.4,4489.9,4477.7,4488.45,0,0,0,2,0.9940674384947468,LONDON,10,2.99189475917679,day_anchor_std,server_midnight,0,0,0,0,0,1,TREND_STRONG,TREND_STRONG,TREND
4488.95,4491.5,4484.4,4490.45,0,0,0,2,0.7252983491186512,LONDON,11,0.9754915930464871,day_anchor_std,server_midnight,0,0,0,0,1,1,TREND_STRONG,TREND_STRONG,TREND
4490.35,4492.9,4486.05,4487.85,0,0,0,2,0.7252983491186512,LONDON,11,0.9754915930464871,day_anchor_std,server_midnight,0,0,0,0,1,1,TREND_STRONG,TREND_STRONG,TREND
4488.1,4489.4,4483.7,4484.2,0,0,0,2,0.7252983491186512,LONDON,11,0.9754915930464871,day_anchor_std,server_midnight,0,0,0,0,1,1,TREND_STRONG,TREND_STRONG,TREND
4484.4,4485.2,4467.7,4469.5,0,0,0,2,0.7252983491186512,LONDON,11,0.9754915930464871,day_anchor_std,server_midnight,0,0,0,0,1,1,TREND_STRONG,TREND_STRONG,TREND
4469.55,4475.4,4467.0,4471.25,0,0,0,2,0.9960987807271132,LONDON,12,1.7160877341617145,day_anchor_std,server_midnight,0,0,0,0,0,1,TREND_STRONG,TREND_STRONG,TREND
4471.1,4479.7,4470.25,4476.25,0,0,0,2,0.9960987807271132,LONDON,12,1.7160877341617145,day_anchor_std,server_midnight,0,0,0,0,0,1,TREND_STRONG,TREND_STRONG,TREND
4476.4,4480.4,4474.5,4479.45,0,0,0,2,0.9960987807271132,LONDON,12,1.7160877341617145,day_anchor_std,server_midnight,0,0,0,0,0,1,TREND_STRONG,TREND_STRONG,TREND
4479.5,4482.55,4478.7,4481.25,0,0,0,2,0.9960987807271132,LONDON,12,1.7160877341617145,day_anchor_std,server_midnight,0,0,0,0,0,1,TREND_STRONG,TREND_STRONG,TREND
4481.45,4485.3,4477.9,4484.7,0,0,0,2,0.9928361046036974,NY,12,1.408916981497667,day_anchor_std,server_midnight,0,0,0,0,0,1,TREND_STRONG,TREND_STRONG,TREND
4484.5,4485.3,4478.3,4480.5,0,0,0,2,0.9928361046036974,NY,12,1.408916981497667,day_anchor_std,server_midnight,0,0,0,0,0,1,TREND_STRONG,TREND_STRONG,TREND
4480.5,4481.5,4469.55,4474.0,0,0,0,2,0.9928361046036974,NY,12,1.408916981497667,day_anchor_std,server_midnight,0,0,0,0,0,1,TREND_STRONG,TREND_STRONG,TREND
4474.3,4480.0,4473.5,4478.45,0,0,0,2,0.9928361046036974,NY,12,1.408916981497667,day_anchor_std,server_midnight,0,0,0,0,0,1,TREND_STRONG,TREND_STRONG,TREND
4518.1,4522.25,4518.05,4520.8,0,0,0,1,0.9933208453217021,LONDON,2,1.7690575350916837,day_anchor_std,server_midnight,0,0,1,0,0,0,UNCLASSIFIED,TRANSITION_UNCLASSIFIED,TRANSITION
4520.8,4522.75,4518.25,4521.55,0,0,0,1,0.9933208453217021,LONDON,2,1.7690575350916837,day_anchor_std,server_midnight,0,0,1,0,0,0,UNCLASSIFIED,TRANSITION_UNCLASSIFIED,TRANSITION
4521.45,4522.05,4518.55,4521.05,0,0,0,1,0.9933208453217021,LONDON,2,1.7690575350916837,day_anchor_std,server_midnight,0,0,1,0,0,0,UNCLASSIFIED,TRANSITION_UNCLASSIFIED,TRANSITION
4521.25,4527.35,4520.05,4526.85,0,0,0,1,0.9933208453217021,LONDON,2,1.7690575350916837,day_anchor_std,server_midnight,0,0,1,0,0,0,UNCLASSIFIED,TRANSITION_UNCLASSIFIED,TRANSITION
4558.65,4559.15,4557.65,4558.85,0,0,0,2,0.9993033756446206,NY_PM,7,3.0002676697236326,day_anchor_std,server_midnight,0,0,0,0,0,1,TREND_STRONG,TREND_STRONG,TREND
4558.65,4559.35,4557.35,4558.35,0,0,0,2,0.9993033756446206,NY_PM,7,3.0002676697236326,day_anchor_std,server_midnight,0,0,0,0,0,1,TREND_STRONG,TREND_STRONG,TREND
4558.65,4559.15,4557.65,4558.2,0,0,0,2,0.9993033756446206,NY_PM,7,3.0002676697236326,day_anchor_std,server_midnight,0,0,0,0,0,1,TREND_STRONG,TREND_STRONG,TREND
4558.15,4560.15,4558.15,4559.15,0,0,0,2,0.9993033756446206,NY_PM,7,3.0002676697236326,day_anchor_std,server_midnight,0,0,0,0,0,1,TREND_STRONG,TREND_STRONG,TREND
4577.85,4581.65,4568.95,4571.55,0,0,0,2,0.2720412547586945,LONDON,3,0.3280964559737589,day_anchor_std,server_midnight,0,0,0,0,1,0,UNCLASSIFIED,TREND_UNCLASSIFIED,TREND
4571.45,4571.55,4565.45,4571.35,0,0,0,2,0.2720412547586945,LONDON,3,0.3280964559737589,day_anchor_std,server_midnight,0,0,0,0,1,0,UNCLASSIFIED,TREND_UNCLASSIFIED,TREND
4571.45,4571.95,4564.35,4569.15,0,0,0,2,0.2720412547586945,LONDON,3,0.3280964559737589,day_anchor_std,server_midnight,0,0,0,0,1,0,UNCLASSIFIED,TREND_UNCLASSIFIED,TREND
4568.85,4571.35,4565.65,4568.55,0,0,0,2,0.2720412547586945,LONDON,3,0.3280964559737589,day_anchor_std,server_midnight,0,0,0,0,1,0,UNCLASSIFIED,TREND_UNCLASSIFIED,TREND
4563.4,4564.15,4560.6,4561.45,0,0,0,0,0.980960395678995,NY_PM,2,0.3415976205651115,day_anchor_std,server_midnight,1,0,0,0,0,0,UNCLASSIFIED,BALANCE_UNCLASSIFIED,BALANCE
4561.5,4562.45,4560.15,4562.15,0,0,0,0,0.980960395678995,NY_PM,2,0.3415976205651115,day_anchor_std,server_midnight,1,0,0,0,0,0,UNCLASSIFIED,BALANCE_UNCLASSIFIED,BALANCE
4562.15,4562.65,4561.1,4562.4,0,0,0,0,0.980960395678995,NY_PM,2,0.3415976205651115,day_anchor_std,server_midnight,1,0,0,0,0,0,UNCLASSIFIED,BALANCE_UNCLASSIFIED,BALANCE
4562.2,4563.15,4561.4,4562.95,0,0,0,0,0.980960395678995,NY_PM,2,0.3415976205651115,day_anchor_std,server_midnight,1,0,0,0,0,0,UNCLASSIFIED,BALANCE_UNCLASSIFIED,BALANCE
4563.1,4565.45,4562.95,4564.1,0,0,0,0,0.9201773927362359,ASIA,3,0.05366040628593301,day_anchor_std,server_midnight,1,0,0,0,0,0,UNCLASSIFIED,BALANCE_UNCLASSIFIED,BALANCE
4563.95,4564.45,4563.65,4563.95,0,0,0,0,0.9201773927362359,ASIA,3,0.05366040628593301,day_anchor_std,server_midnight,1,0,0,0,0,0,UNCLASSIFIED,BALANCE_UNCLASSIFIED,BALANCE
4563.95,4564.65,4563.45,4563.65,0,0,0,0,0.9201773927362359,ASIA,3,0.05366040628593301,day_anchor_std,server_midnight,1,0,0,0,0,0,UNCLASSIFIED,BALANCE_UNCLASSIFIED,BALANCE
4563.9,4564.95,4563.4,4564.95,0,0,0,0,0.9201773927362359,ASIA,3,0.05366040628593301,day_anchor_std,server_midnight,1,0,0,0,0,0,UNCLASSIFIED,BALANCE_UNCLASSIFIED,BALANCE
4549.85,4550.95,4536.85,4536.85,0,0,0,1,0.994042617566281,NY,3,1.756841563786066,day_anchor_std,server_midnight,0,0,1,0,0,0,UNCLASSIFIED,TRANSITION_UNCLASSIFIED,TRANSITION
4537.15,4543.6,4536.95,4540.85,0,0,0,1,0.994042617566281,NY,3,1.756841563786066,day_anchor_std,server_midnight,0,0,1,0,0,0,UNCLASSIFIED,TRANSITION_UNCLASSIFIED,TRANSITION
4540.95,4543.35,4530.45,4531.1,0,0,0,1,0.994042617566281,NY,3,1.756841563786066,day_anchor_std,server_midnight,0,0,1,0,0,0,UNCLASSIFIED,TRANSITION_UNCLASSIFIED,TRANSITION
4531.25,4540.45,4531.2,4538.15,0,0,0,1,0.994042617566281,NY,3,1.756841563786066,day_anchor_std,server_midnight,0,0,1,0,0,0,UNCLASSIFIED,TRANSITION_UNCLASSIFIED,TRANSITION
4549.1,4552.8,4548.8,4552.8,0,0,0,0,0.9259956028759121,ASIA,2,0.08215962441307662,day_anchor_std,server_midnight,1,0,0,0,0,0,BALANCE_LEAKING,BALANCE_LEAKING,BALANCE
4552.8,4552.8,4550.8,4552.3,0,0,0,0,0.9259956028759121,ASIA,2,0.08215962441307662,day_anchor_std,server_midnight,1,0,0,0,0,0,BALANCE_LEAKING,BALANCE_LEAKING,BALANCE
4552.0,4552.3,4550.0,4550.3,0,0,0,0,0.9259956028759121,ASIA,2,0.08215962441307662,day_anchor_std,server_midnight,1,0,0,0,0,0,BALANCE_LEAKING,BALANCE_LEAKING,BALANCE
4550.3,4550.3,4547.0,4547.0,0,0,0,0,0.9259956028759121,ASIA,2,0.08215962441307662,day_anchor_std,server_midnight,1,0,0,0,0,0,BALANCE_LEAKING,BALANCE_LEAKING,BALANCE
4573.0,4575.5,4571.95,4574.85,0,0,0,0,0.9288212133341334,ASIA,2,0.2116736990155037,day_anchor_std,server_midnight,1,0,0,0,0,0,BALANCE_LEAKING,BALANCE_LEAKING,BALANCE
4574.75,4576.2,4574.5,4575.9,0,0,0,0,0.9288212133341334,ASIA,2,0.2116736990155037,day_anchor_std,server_midnight,1,0,0,0,0,0,BALANCE_LEAKING,BALANCE_LEAKING,BALANCE
4575.7,4576.45,4573.15,4573.65,0,0,0,0,0.9288212133341334,ASIA,2,0.2116736990155037,day_anchor_std,server_midnight,1,0,0,0,0,0,BALANCE_LEAKING,BALANCE_LEAKING,BALANCE
4573.6,4577.85,4573.5,4575.7,0,0,0,0,0.9288212133341334,ASIA,2,0.2116736990155037,day_anchor_std,server_midnight,1,0,0,0,0,0,BALANCE_LEAKING,BALANCE_LEAKING,BALANCE
4556.1,4566.75,4551.85,4565.85,0,0,0,1,0.7903689362883342,NY_PM,3,1.9734157650694215,day_anchor_std,server_midnight,0,0,1,0,0,0,UNCLASSIFIED,TRANSITION_UNCLASSIFIED,TRANSITION
4566.05,4567.35,4564.05,4566.6,0,0,0,1,0.7903689362883342,NY_PM,3,1.9734157650694215,day_anchor_std,server_midnight,0,0,1,0,0,0,UNCLASSIFIED,TRANSITION_UNCLASSIFIED,TRANSITION
4566.85,4567.55,4563.85,4564.35,0,0,0,1,0.7903689362883342,NY_PM,3,1.9734157650694215,day_anchor_std,server_midnight,0,0,1,0,0,0,UNCLASSIFIED,TRANSITION_UNCLASSIFIED,TRANSITION
4564.4,4566.35,4563.05,4566.05,0,0,0,1,0.7903689362883342,NY_PM,3,1.9734157650694215,day_anchor_std,server_midnight,0,0,1,0,0,0,UNCLASSIFIED,TRANSITION_UNCLASSIFIED,TRANSITION
4504.75,4510.95,4503.95,4508.75,0,0,0,0,0.9588290789366875,LONDON,3,0.1229516539440206,day_anchor_std,server_midnight,1,0,0,0,0,0,BALANCE_LEAKING,BALANCE_LEAKING,BALANCE
4508.55,4520.95,4494.95,4517.45,0,0,0,0,0.9588290789366875,LONDON,3,0.1229516539440206,day_anchor_std,server_midnight,1,0,0,0,0,0,BALANCE_LEAKING,BALANCE_LEAKING,BALANCE
4517.35,4521.75,4515.75,4519.25,0,0,0,0,0.9588290789366875,LONDON,3,0.1229516539440206,day_anchor_std,server_midnight,1,0,0,0,0,0,BALANCE_LEAKING,BALANCE_LEAKING,BALANCE
4519.75,4531.15,4513.65,4515.05,0,0,0,0,0.9588290789366875,LONDON,3,0.1229516539440206,day_anchor_std,server_midnight,1,0,0,0,0,0,BALANCE_LEAKING,BALANCE_LEAKING,BALANCE
4519.55,4519.55,4490.95,4493.65,0,0,0,1,0.9413210584591651,NY,3,1.8034916032379118,day_anchor_std,server_midnight,0,0,1,0,0,0,UNCLASSIFIED,TRANSITION_UNCLASSIFIED,TRANSITION
4493.55,4496.65,4479.55,4482.7,0,0,0,1,0.9413210584591651,NY,3,1.8034916032379118,day_anchor_std,server_midnight,0,0,1,0,0,0,UNCLASSIFIED,TRANSITION_UNCLASSIFIED,TRANSITION
4482.75,4488.95,4478.25,4482.65,0,0,0,1,0.9413210584591651,NY,3,1.8034916032379118,day_anchor_std,server_midnight,0,0,1,0,0,0,UNCLASSIFIED,TRANSITION_UNCLASSIFIED,TRANSITION
4483.15,4485.15,4474.65,4479.65,0,0,0,1,0.9413210584591651,NY,3,1.8034916032379118,day_anchor_std,server_midnight,0,0,1,0,0,0,UNCLASSIFIED,TRANSITION_UNCLASSIFIED,TRANSITION
4488.9,4496.45,4488.9,4490.85,0,0,0,1,0.9968256819794182,LONDON,1,1.7441555696469555,day_anchor_std,server_midnight,0,0,1,0,0,0,UNCLASSIFIED,TRANSITION_UNCLASSIFIED,TRANSITION
4493.85,4508.25,4477.9,4500.9,0,0,0,1,0.9968256819794182,LONDON,1,1.7441555696469555,day_anchor_std,server_midnight,0,0,1,0,0,0,UNCLASSIFIED,TRANSITION_UNCLASSIFIED,TRANSITION
4500.4,4505.2,4490.7,4492.2,0,0,0,1,0.9968256819794182,LONDON,1,1.7441555696469555,day_anchor_std,server_midnight,0,0,1,0,0,0,UNCLASSIFIED,TRANSITION_UNCLASSIFIED,TRANSITION
4492.75,4523.15,4490.5,4523.0,0,0,0,1,0.9968256819794182,LONDON,1,1.7441555696469555,day_anchor_std,server_midnight,0,0,1,0,0,0,UNCLASSIFIED,TRANSITION_UNCLASSIFIED,TRANSITION
4465.85,4470.05,4465.55,4468.0,0,0,0,0,0.9516953840168952,NY,2,0.3133789853470998,day_anchor_std,server_midnight,1,0,0,0,0,0,UNCLASSIFIED,BALANCE_UNCLASSIFIED,BALANCE
4468.0,4468.85,4467.45,4468.5,0,0,0,0,0.9516953840168952,NY,2,0.3133789853470998,day_anchor_std,server_midnight,1,0,0,0,0,0,UNCLASSIFIED,BALANCE_UNCLASSIFIED,BALANCE
4469.8,4477.0,4468.8,4476.5,0,0,0,0,0.6427350305802589,NY_PM,3,0.11244979919684649,day_anchor_std,server_midnight,1,0,0,0,0,0,BALANCE_COMPRESSING,BALANCE_COMPRESSING,BALANCE
4476.75,4477.0,4474.8,4475.3,0,0,0,0,0.6427350305802589,NY_PM,3,0.11244979919684649,day_anchor_std,server_midnight,1,0,0,0,0,0,BALANCE_COMPRESSING,BALANCE_COMPRESSING,BALANCE
4475.05,4476.85,4473.4,4475.8,0,0,0,0,0.6427350305802589,NY_PM,3,0.11244979919684649,day_anchor_std,server_midnight,1,0,0,0,0,0,BALANCE_COMPRESSING,BALANCE_COMPRESSING,BALANCE
4476.0,4476.3,4474.3,4474.8,0,0,0,0,0.6427350305802589,NY_PM,3,0.11244979919684649,day_anchor_std,server_midnight,1,0,0,0,0,0,BALANCE_COMPRESSING,BALANCE_COMPRESSING,BALANCE
4456.0,4457.8,4454.8,4457.5,0,0,0,0,0.9315080129139713,ASIA,6,0.10968102965868863,day_anchor_std,server_midnight,1,0,0,0,0,0,UNCLASSIFIED,BALANCE_UNCLASSIFIED,BALANCE
4457.3,4458.5,4454.8,4455.0,0,0,0,0,0.9315080129139713,ASIA,6,0.10968102965868863,day_anchor_std,server_midnight,1,0,0,0,0,0,UNCLASSIFIED,BALANCE_UNCLASSIFIED,BALANCE
4454.8,4459.8,4454.8,4459.8,0,0,0,0,0.9315080129139713,ASIA,6,0.10968102965868863,day_anchor_std,server_midnight,1,0,0,0,0,0,UNCLASSIFIED,BALANCE_UNCLASSIFIED,BALANCE
4460.0,4462.0,4458.5,4460.5,0,0,0,0,0.9315080129139713,ASIA,6,0.10968102965868863,day_anchor_std,server_midnight,1,0,0,0,0,0,UNCLASSIFIED,BALANCE_UNCLASSIFIED,BALANCE
4460.85,4463.0,4458.3,4462.0,0,0,0,1,0.9940716034230065,ASIA,1,1.0963855421687012,day_anchor_std,server_midnight,0,0,1,0,0,0,TRANSITION_NOISY,TRANSITION_NOISY,TRANSITION
4462.3,4464.8,4461.0,4463.55,0,0,0,1,0.9940716034230065,ASIA,1,1.0963855421687012,day_anchor_std,server_midnight,0,0,1,0,0,0,TRANSITION_NOISY,TRANSITION_NOISY,TRANSITION
4463.5,4468.35,4461.3,4466.5,0,0,0,1,0.9940716034230065,ASIA,1,1.0963855421687012,day_anchor_std,server_midnight,0,0,1,0,0,0,TRANSITION_NOISY,TRANSITION_NOISY,TRANSITION
4466.8,4486.8,4463.5,4482.5,0,0,0,1,0.9940716034230065,ASIA,1,1.0963855421687012,day_anchor_std,server_midnight,0,0,1,0,0,0,TRANSITION_NOISY,TRANSITION_NOISY,TRANSITION
4475.8,4479.3,4473.7,4475.3,0,0,0,0,0.6946098604071629,ASIA,2,0.293583191368545,day_anchor_std,server_midnight,1,0,0,0,0,0,BALANCE_LEAKING,BALANCE_LEAKING,BALANCE
4475.2,4481.0,4474.5,4478.0,0,0,0,0,0.6946098604071629,ASIA,2,0.293583191368545,day_anchor_std,server_midnight,1,0,0,0,0,0,BALANCE_LEAKING,BALANCE_LEAKING,BALANCE
4478.0,4479.3,4474.5,4476.0,0,0,0,0,0.6946098604071629,ASIA,2,0.293583191368545,day_anchor_std,server_midnight,1,0,0,0,0,0,BALANCE_LEAKING,BALANCE_LEAKING,BALANCE
4476.0,4477.0,4470.5,4473.8,0,0,0,0,0.6946098604071629,ASIA,2,0.293583191368545,day_anchor_std,server_midnight,1,0,0,0,0,0,BALANCE_LEAKING,BALANCE_LEAKING,BALANCE
4409.1,4409.9,4407.4,4409.15,0,0,0,2,0.7083568889187166,ASIA,6,0.04349415204670838,day_anchor_std,server_midnight,0,0,0,1,0,0,UNCLASSIFIED,TREND_UNCLASSIFIED,TREND
4409.4,4409.6,4407.6,4407.6,0,0,0,2,0.7083568889187166,ASIA,6,0.04349415204670838,day_anchor_std,server_midnight,0,0,0,1,0,0,UNCLASSIFIED,TREND_UNCLASSIFIED,TREND
4407.9,4408.1,4403.9,4404.4,0,0,0,2,0.7083568889187166,ASIA,6,0.04349415204670838,day_anchor_std,server_midnight,0,0,0,1,0,0,UNCLASSIFIED,TREND_UNCLASSIFIED,TREND
4404.1,4404.9,4399.4,4403.8,0,0,0,2,0.7083568889187166,ASIA,6,0.04349415204670838,day_anchor_std,server_midnight,0,0,0,1,0,0,UNCLASSIFIED,TREND_UNCLASSIFIED,TREND
4403.9,4409.6,4402.9,4409.4,0,0,0,2,0.3771332303912925,ASIA,7,0.2819625587791256,day_anchor_std,server_midnight,0,0,0,1,0,0,UNCLASSIFIED,TREND_UNCLASSIFIED,TREND
4409.1,4412.45,4408.9,4411.1,0,0,0,2,0.3771332303912925,ASIA,7,0.2819625587791256,day_anchor_std,server_midnight,0,0,0,1,0,0,UNCLASSIFIED,TREND_UNCLASSIFIED,TREND
4411.45,4414.3,4408.4,4409.05,0,0,0,2,0.3771332303912925,ASIA,7,0.2819625587791256,day_anchor_std,server_midnight,0,0,0,1,0,0,UNCLASSIFIED,TREND_UNCLASSIFIED,TREND
4408.9,4412.45,4405.1,4409.9,0,0,0,2,0.3771332303912925,ASIA,7,0.2819625587791256,day_anchor_std,server_midnight,0,0,0,1,0,0,UNCLASSIFIED,TREND_UNCLASSIFIED,TREND
4411.15,4414.65,4406.75,4408.65,0,0,0,2,0.8077460246937106,LONDON,3,0.42816241540863853,day_anchor_std,server_midnight,0,0,0,0,1,0,TREND_STRONG,TREND_STRONG,TREND
4408.45,4412.75,4401.15,4406.75,0,0,0,2,0.8077460246937106,LONDON,3,0.42816241540863853,day_anchor_std,server_midnight,0,0,0,0,1,0,TREND_STRONG,TREND_STRONG,TREND
4406.85,4407.95,4400.25,4400.35,0,0,0,2,0.8077460246937106,LONDON,3,0.42816241540863853,day_anchor_std,server_midnight,0,0,0,0,1,0,TREND_STRONG,TREND_STRONG,TREND
4400.45,4403.45,4396.95,4402.75,0,0,0,2,0.8077460246937106,LONDON,3,0.42816241540863853,day_anchor_std,server_midnight,0,0,0,0,1,0,TREND_STRONG,TREND_STRONG,TREND
4403.15,4413.4,4397.15,4411.1,0,0,0,2,0.8935107199128489,LONDON,4,0.923303834808273,day_anchor_std,server_midnight,0,0,0,0,1,0,TREND_STRONG,TREND_STRONG,TREND
4411.35,4412.35,4404.4,4412.3,0,0,0,2,0.8935107199128489,LONDON,4,0.923303834808273,day_anchor_std,server_midnight,0,0,0,0,1,0,TREND_STRONG,TREND_STRONG,TREND
4412.45,4413.4,4399.0,4400.3,0,0,0,2,0.8935107199128489,LONDON,4,0.923303834808273,day_anchor_std,server_midnight,0,0,0,0,1,0,TREND_STRONG,TREND_STRONG,TREND
4400.1,4400.1,4392.4,4395.2,0,0,0,2,0.8935107199128489,LONDON,4,0.923303834808273,day_anchor_std,server_midnight,0,0,0,0,1,0,TREND_STRONG,TREND_STRONG,TREND
4371.25,4372.55,4369.7,4369.8,0,0,0,2,0.7187124135215294,ASIA,3,0.061224489795918366,day_anchor_std,server_midnight,0,0,0,1,0,0,TREND_STRONG,TREND_STRONG,TREND
4370.0,4371.55,4369.65,4370.7,0,0,0,2,0.7187124135215294,ASIA,3,0.061224489795918366,day_anchor_std,server_midnight,0,0,0,1,0,0,TREND_STRONG,TREND_STRONG,TREND
4371.0,4371.25,4366.2,4368.5,0,0,0,2,0.7187124135215294,ASIA,3,0.061224489795918366,day_anchor_std,server_midnight,0,0,0,1,0,0,TREND_STRONG,TREND_STRONG,TREND
4368.2,4370.75,4367.7,4370.5,0,0,0,2,0.7187124135215294,ASIA,3,0.061224489795918366,day_anchor_std,server_midnight,0,0,0,1,0,0,TREND_STRONG,TREND_STRONG,TREND
4370.65,4374.5,4369.7,4373.7,0,0,0,2,0.7897636697602174,ASIA,4,0.24846596809212645,day_anchor_std,server_midnight,0,0,0,1,0,0,TREND_STRONG,TREND_STRONG,TREND
4373.5,4375.05,4372.7,4373.2,0,0,0,2,0.7897636697602174,ASIA,4,0.24846596809212645,day_anchor_std,server_midnight,0,0,0,1,0,0,TREND_STRONG,TREND_STRONG,TREND
4373.05,4374.7,4367.55,4369.0,0,0,0,2,0.7897636697602174,ASIA,4,0.24846596809212645,day_anchor_std,server_midnight,0,0,0,1,0,0,TREND_STRONG,TREND_STRONG,TREND
4368.75,4369.2,4362.0,4365.5,0,0,0,2,0.7897636697602174,ASIA,4,0.24846596809212645,day_anchor_std,server_midnight,0,0,0,1,0,0,TREND_STRONG,TREND_STRONG,TREND
4365.25,4371.0,4364.2,4365.2,0,0,0,2,0.9866156563965532,ASIA,5,0.3677880860900427,day_anchor_std,server_midnight,0,0,0,1,0,0,TREND_STRONG,TREND_STRONG,TREND
4365.05,4369.0,4364.15,4368.5,0,0,0,2,0.9866156563965532,ASIA,5,0.3677880860900427,day_anchor_std,server_midnight,0,0,0,1,0,0,TREND_STRONG,TREND_STRONG,TREND
4368.5,4369.5,4359.65,4360.05,0,0,0,2,0.9866156563965532,ASIA,5,0.3677880860900427,day_anchor_std,server_midnight,0,0,0,1,0,0,TREND_STRONG,TREND_STRONG,TREND
4360.2,4364.55,4359.2,4363.0,0,0,0,2,0.9866156563965532,ASIA,5,0.3677880860900427,day_anchor_std,server_midnight,0,0,0,1,0,0,TREND_STRONG,TREND_STRONG,TREND
4348.5,4352.0,4342.0,4343.5,0,0,0,2,0.8642552328531262,LONDON,7,0.944156591825004,day_anchor_std,server_midnight,0,0,0,0,1,1,TREND_STRONG,TREND_STRONG,TREND
4343.2,4345.2,4339.7,4345.0,0,0,0,2,0.8642552328531262,LONDON,7,0.944156591825004,day_anchor_std,server_midnight,0,0,0,0,1,1,TREND_STRONG,TREND_STRONG,TREND
4344.7,4348.7,4339.55,4339.55,0,0,0,2,0.8642552328531262,LONDON,7,0.944156591825004,day_anchor_std,server_midnight,0,0,0,0,1,1,TREND_STRONG,TREND_STRONG,TREND
4339.25,4358.75,4336.55,4348.9,0,0,0,2,0.8642552328531262,LONDON,7,0.944156591825004,day_anchor_std,server_midnight,0,0,0,0,1,1,TREND_STRONG,TREND_STRONG,TREND
4371.65,4376.65,4370.9,4376.05,0,0,0,0,0.4575013527063521,NY_PM,2,0.003841826514098228,day_anchor_std,server_midnight,1,0,0,0,0,0,UNCLASSIFIED,BALANCE_UNCLASSIFIED,BALANCE
4376.05,4377.1,4375.4,4375.9,0,0,0,0,0.4575013527063521,NY_PM,2,0.003841826514098228,day_anchor_std,server_midnight,1,0,0,0,0,0,UNCLASSIFIED,BALANCE_UNCLASSIFIED,BALANCE
4375.9,4376.65,4372.9,4373.9,0,0,0,0,0.4575013527063521,NY_PM,2,0.003841826514098228,day_anchor_std,server_midnight,1,0,0,0,0,0,UNCLASSIFIED,BALANCE_UNCLASSIFIED,BALANCE
4373.65,4373.9,4372.1,4372.9,0,0,0,0,0.4575013527063521,NY_PM,2,0.003841826514098228,day_anchor_std,server_midnight,1,0,0,0,0,0,UNCLASSIFIED,BALANCE_UNCLASSIFIED,BALANCE
4385.1,4387.15,4382.4,4386.9,0,0,0,1,0.9805007590432484,ASIA,2,1.021709006928414,day_anchor_std,server_midnight,0,0,1,0,0,0,TRANSITION_NOISY,TRANSITION_NOISY,TRANSITION
4387.15,4387.75,4384.9,4387.6,0,0,0,1,0.9805007590432484,ASIA,2,1.021709006928414,day_anchor_std,server_midnight,0,0,1,0,0,0,TRANSITION_NOISY,TRANSITION_NOISY,TRANSITION
4387.4,4393.4,4387.4,4391.65,0,0,0,1,0.9805007590432484,ASIA,2,1.021709006928414,day_anchor_std,server_midnight,0,0,1,0,0,0,TRANSITION_NOISY,TRANSITION_NOISY,TRANSITION
4391.6,4393.45,4389.4,4392.65,0,0,0,1,0.9805007590432484,ASIA,2,1.021709006928414,day_anchor_std,server_midnight,0,0,1,0,0,0,TRANSITION_NOISY,TRANSITION_NOISY,TRANSITION
4437.95,4458.45,4434.9,4453.6,0,0,0,1,0.5769893117732426,NY,1,3.6354901009410163,day_anchor_std,server_midnight,0,0,1,0,0,0,UNCLASSIFIED,TRANSITION_UNCLASSIFIED,TRANSITION
4453.4,4465.9,4450.6,4465.3,0,0,0,1,0.5769893117732426,NY,1,3.6354901009410163,day_anchor_std,server_midnight,0,0,1,0,0,0,UNCLASSIFIED,TRANSITION_UNCLASSIFIED,TRANSITION
4378.2,4378.9,4377.4,4378.7,0,0,0,2,0.9428600509396686,ASIA,7,0.0805877452094066,day_anchor_std,server_midnight,0,0,0,1,0,0,UNCLASSIFIED,TREND_UNCLASSIFIED,TREND
4378.9,4379.7,4377.65,4377.7,0,0,0,2,0.9428600509396686,ASIA,7,0.0805877452094066,day_anchor_std,server_midnight,0,0,0,1,0,0,UNCLASSIFIED,TREND_UNCLASSIFIED,TREND
4377.9,4378.9,4375.7,4375.9,0,0,0,2,0.9428600509396686,ASIA,7,0.0805877452094066,day_anchor_std,server_midnight,0,0,0,1,0,0,UNCLASSIFIED,TREND_UNCLASSIFIED,TREND
4375.9,4381.7,4374.9,4380.2,0,0,0,2,0.9428600509396686,ASIA,7,0.0805877452094066,day_anchor_std,server_midnight,0,0,0,1,0,0,UNCLASSIFIED,TREND_UNCLASSIFIED,TREND
4380.25,4381.2,4373.9,4374.2,0,0,0,2,0.9501046524498781,ASIA,8,0.11155585204947656,day_anchor_std,server_midnight,0,0,0,1,0,0,UNCLASSIFIED,TREND_UNCLASSIFIED,TREND
4374.4,4374.95,4370.2,4372.95,0,0,0,2,0.9501046524498781,ASIA,8,0.11155585204947656,day_anchor_std,server_midnight,0,0,0,1,0,0,UNCLASSIFIED,TREND_UNCLASSIFIED,TREND
4373.05,4383.25,4373.05,4382.4,0,0,0,2,0.9501046524498781,ASIA,8,0.11155585204947656,day_anchor_std,server_midnight,0,0,0,1,0,0,UNCLASSIFIED,TREND_UNCLASSIFIED,TREND
4382.4,4384.25,4379.65,4380.4,0,0,0,2,0.9501046524498781,ASIA,8,0.11155585204947656,day_anchor_std,server_midnight,0,0,0,1,0,0,UNCLASSIFIED,TREND_UNCLASSIFIED,TREND
4380.7,4388.5,4380.7,4386.5,0,0,0,2,0.9546431064738192,ASIA,9,0.14845835476210872,day_anchor_std,server_midnight,0,0,0,1,0,0,TREND_STRONG,TREND_STRONG,TREND
4386.5,4388.0,4382.3,4386.0,0,0,0,2,0.9546431064738192,ASIA,9,0.14845835476210872,day_anchor_std,server_midnight,0,0,0,1,0,0,TREND_STRONG,TREND_STRONG,TREND
4386.0,4387.85,4383.0,4387.0,0,0,0,2,0.9546431064738192,ASIA,9,0.14845835476210872,day_anchor_std,server_midnight,0,0,0,1,0,0,TREND_STRONG,TREND_STRONG,TREND
4387.0,4387.3,4380.3,4381.5,0,0,0,2,0.9546431064738192,ASIA,9,0.14845835476210872,day_anchor_std,server_midnight,0,0,0,1,0,0,TREND_STRONG,TREND_STRONG,TREND
4381.35,4389.5,4381.3,4388.0,0,0,0,2,0.6258100216001469,ASIA,10,0.4738429066787441,day_anchor_std,server_midnight,0,0,0,1,0,0,TREND_STRONG,TREND_STRONG,TREND
4387.95,4389.55,4387.0,4388.0,0,0,0,2,0.6258100216001469,ASIA,10,0.4738429066787441,day_anchor_std,server_midnight,0,0,0,1,0,0,TREND_STRONG,TREND_STRONG,TREND
4388.0,4389.55,4386.0,4386.5,0,0,0,2,0.6258100216001469,ASIA,10,0.4738429066787441,day_anchor_std,server_midnight,0,0,0,1,0,0,TREND_STRONG,TREND_STRONG,TREND
4386.4,4387.85,4384.3,4387.4,0,0,0,2,0.6258100216001469,ASIA,10,0.4738429066787441,day_anchor_std,server_midnight,0,0,0,1,0,0,TREND_STRONG,TREND_STRONG,TREND
4387.4,4394.35,4386.7,4392.8,0,0,0,2,0.7419289402141385,LONDON,11,0.9646646875237544,day_anchor_std,server_midnight,0,0,0,0,1,1,TREND_STRONG,TREND_STRONG,TREND
4392.3,4396.55,4392.0,4394.0,0,0,0,2,0.7419289402141385,LONDON,11,0.9646646875237544,day_anchor_std,server_midnight,0,0,0,0,1,1,TREND_STRONG,TREND_STRONG,TREND
4393.8,4394.3,4386.5,4392.8,0,0,0,2,0.7419289402141385,LONDON,11,0.9646646875237544,day_anchor_std,server_midnight,0,0,0,0,1,1,TREND_STRONG,TREND_STRONG,TREND
4393.05,4401.1,4391.55,4396.9,0,0,0,2,0.7419289402141385,LONDON,11,0.9646646875237544,day_anchor_std,server_midnight,0,0,0,0,1,1,TREND_STRONG,TREND_STRONG,TREND
4396.75,4418.25,4377.85,4381.7,0,0,0,2,0.9674988592445652,LONDON,12,0.315404882466743,day_anchor_std,server_midnight,0,0,0,0,1,0,TREND_STRONG,TREND_STRONG,TREND
4381.85,4384.75,4357.3,4358.2,0,0,0,2,0.9674988592445652,LONDON,12,0.315404882466743,day_anchor_std,server_midnight,0,0,0,0,1,0,TREND_STRONG,TREND_STRONG,TREND
4358.65,4387.0,4356.0,4386.5,0,0,0,2,0.9674988592445652,LONDON,12,0.315404882466743,day_anchor_std,server_midnight,0,0,0,0,1,0,TREND_STRONG,TREND_STRONG,TREND
4386.35,4393.7,4373.0,4376.0,0,0,0,2,0.9674988592445652,LONDON,12,0.315404882466743,day_anchor_std,server_midnight,0,0,0,0,1,0,TREND_STRONG,TREND_STRONG,TREND
4507.05,4509.55,4506.55,4507.75,0,0,0,2,0.9944209206118169,NY_PM,7,4.038544226044291,day_anchor_std,server_midnight,0,0,0,0,0,1,TREND_STRONG,TREND_STRONG,TREND
4507.75,4508.55,4506.55,4506.55,0,0,0,2,0.9944209206118169,NY_PM,7,4.038544226044291,day_anchor_std,server_midnight,0,0,0,0,0,1,TREND_STRONG,TREND_STRONG,TREND
4506.75,4508.05,4506.55,4507.55,0,0,0,2,0.9944209206118169,NY_PM,7,4.038544226044291,day_anchor_std,server_midnight,0,0,0,0,0,1,TREND_STRONG,TREND_STRONG,TREND
4507.25,4508.05,4507.05,4507.55,0,0,0,2,0.9944209206118169,NY_PM,7,4.038544226044291,day_anchor_std,server_midnight,0,0,0,0,0,1,TREND_STRONG,TREND_STRONG,TREND
4507.45,4508.25,4506.55,4508.05,0,0,0,2,0.9959007819712797,ASIA,8,0.09734151329242366,day_anchor_std,server_midnight,0,0,0,1,0,0,UNCLASSIFIED,TREND_UNCLASSIFIED,TREND
4507.75,4508.25,4505.25,4505.25,0,0,0,2,0.9959007819712797,ASIA,8,0.09734151329242366,day_anchor_std,server_midnight,0,0,0,1,0,0,UNCLASSIFIED,TREND_UNCLASSIFIED,TREND
4505.25,4507.05,4504.25,4504.45,0,0,0,2,0.9959007819712797,ASIA,8,0.09734151329242366,day_anchor_std,server_midnight,0,0,0,1,0,0,UNCLASSIFIED,TREND_UNCLASSIFIED,TREND
4504.25,4505.05,4501.25,4503.05,0,0,0,2,0.9959007819712797,ASIA,8,0.09734151329242366,day_anchor_std,server_midnight,0,0,0,1,0,0,UNCLASSIFIED,TREND_UNCLASSIFIED,TREND
4502.75,4502.75,4500.25,4501.55,0,0,0,2,0.9952478745369769,ASIA,9,0.136111111111101,day_anchor_std,server_midnight,0,0,0,1,0,0,UNCLASSIFIED,TREND_UNCLASSIFIED,TREND
4501.75,4501.75,4498.05,4499.05,0,0,0,2,0.9952478745369769,ASIA,9,0.136111111111101,day_anchor_std,server_midnight,0,0,0,1,0,0,UNCLASSIFIED,TREND_UNCLASSIFIED,TREND
4499.25,4501.55,4492.75,4494.45,0,0,0,2,0.9952478745369769,ASIA,9,0.136111111111101,day_anchor_std,server_midnight,0,0,0,1,0,0,UNCLASSIFIED,TREND_UNCLASSIFIED,TREND
4494.55,4500.85,4494.15,4500.75,0,0,0,2,0.9952478745369769,ASIA,9,0.136111111111101,day_anchor_std,server_midnight,0,0,0,1,0,0,UNCLASSIFIED,TREND_UNCLASSIFIED,TREND
4500.55,4501.25,4492.75,4492.85,0,0,0,2,0.8487933892404256,ASIA,10,0.6735120745388934,day_anchor_std,server_midnight,0,0,0,1,0,0,UNCLASSIFIED,TREND_UNCLASSIFIED,TREND
4493.05,4495.05,4492.75,4493.05,0,0,0,2,0.8487933892404256,ASIA,10,0.6735120745388934,day_anchor_std,server_midnight,0,0,0,1,0,0,UNCLASSIFIED,TREND_UNCLASSIFIED,TREND
4492.95,4494.25,4491.05,4492.75,0,0,0,2,0.8487933892404256,ASIA,10,0.6735120745388934,day_anchor_std,server_midnight,0,0,0,1,0,0,UNCLASSIFIED,TREND_UNCLASSIFIED,TREND
4492.55,4494.05,4489.75,4492.05,0,0,0,2,0.8487933892404256,ASIA,10,0.6735120745388934,day_anchor_std,server_midnight,0,0,0,1,0,0,UNCLASSIFIED,TREND_UNCLASSIFIED,TREND
4492.15,4496.25,4492.05,4496.25,0,0,0,2,0.9693272703680167,ASIA,11,0.38143712574851824,day_anchor_std,server_midnight,0,0,0,1,0,0,UNCLASSIFIED,TREND_UNCLASSIFIED,TREND
4496.25,4498.55,4495.05,4497.05,0,0,0,2,0.9693272703680167,ASIA,11,0.38143712574851824,day_anchor_std,server_midnight,0,0,0,1,0,0,UNCLASSIFIED,TREND_UNCLASSIFIED,TREND
4496.75,4497.75,4494.25,4497.25,0,0,0,2,0.9693272703680167,ASIA,11,0.38143712574851824,day_anchor_std,server_midnight,0,0,0,1,0,0,UNCLASSIFIED,TREND_UNCLASSIFIED,TREND
4496.75,4497.55,4494.75,4495.25,0,0,0,2,0.9693272703680167,ASIA,11,0.38143712574851824,day_anchor_std,server_midnight,0,0,0,1,0,0,UNCLASSIFIED,TREND_UNCLASSIFIED,TREND
4495.15,4503.05,4493.65,4501.75,0,0,0,2,0.995546389357772,LONDON,12,1.3492254419536611,day_anchor_std,server_midnight,0,0,0,0,0,1,TREND_STRONG,TREND_STRONG,TREND
4501.65,4507.25,4499.25,4503.25,0,0,0,2,0.995546389357772,LONDON,12,1.3492254419536611,day_anchor_std,server_midnight,0,0,0,0,0,1,TREND_STRONG,TREND_STRONG,TREND
4502.55,4504.75,4499.55,4502.75,0,0,0,2,0.995546389357772,LONDON,12,1.3492254419536611,day_anchor_std,server_midnight,0,0,0,0,0,1,TREND_STRONG,TREND_STRONG,TREND
4502.05,4520.55,4501.75,4519.45,0,0,0,2,0.995546389357772,LONDON,12,1.3492254419536611,day_anchor_std,server_midnight,0,0,0,0,0,1,TREND_STRONG,TREND_STRONG,TREND
4519.45,4523.35,4495.25,4499.85,0,0,0,2,0.999665452871846,LONDON,12,1.0268853190539995,day_anchor_std,server_midnight,0,0,0,0,0,1,UNCLASSIFIED,TREND_UNCLASSIFIED,TREND
4499.95,4513.85,4499.75,4513.05,0,0,0,2,0.999665452871846,LONDON,12,1.0268853190539995,day_anchor_std,server_midnight,0,0,0,0,0,1,UNCLASSIFIED,TREND_UNCLASSIFIED,TREND
4513.1,4513.55,4504.75,4512.05,0,0,0,2,0.999665452871846,LONDON,12,1.0268853190539995,day_anchor_std,server_midnight,0,0,0,0,0,1,UNCLASSIFIED,TREND_UNCLASSIFIED,TREND
4511.95,4518.85,4510.85,4517.85,0,0,0,2,0.999665452871846,LONDON,12,1.0268853190539995,day_anchor_std,server_midnight,0,0,0,0,0,1,UNCLASSIFIED,TREND_UNCLASSIFIED,TREND
4514.15,4516.15,4514.15,4516.15,0,0,0,0,0.7552726100293199,ASIA,5,0.08508389483416727,day_anchor_std,server_midnight,1,0,0,0,0,0,BALANCE_LEAKING,BALANCE_LEAKING,BALANCE
4515.85,4516.15,4514.85,4515.35,0,0,0,0,0.7552726100293199,ASIA,5,0.08508389483416727,day_anchor_std,server_midnight,1,0,0,0,0,0,BALANCE_LEAKING,BALANCE_LEAKING,BALANCE
4515.15,4515.45,4514.35,4514.85,0,0,0,0,0.7552726100293199,ASIA,5,0.08508389483416727,day_anchor_std,server_midnight,1,0,0,0,0,0,BALANCE_LEAKING,BALANCE_LEAKING,BALANCE
4514.65,4515.15,4512.85,4513.35,0,0,0,0,0.7552726100293199,ASIA,5,0.08508389483416727,day_anchor_std,server_midnight,1,0,0,0,0,0,BALANCE_LEAKING,BALANCE_LEAKING,BALANCE
4525.75,4534.55,4515.85,4531.25,0,0,0,1,0.5855346706596463,LONDON,1,1.219481460479574,day_anchor_std,server_midnight,0,0,1,0,0,0,UNCLASSIFIED,TRANSITION_UNCLASSIFIED,TRANSITION
4531.05,4531.05,4510.95,4513.55,0,0,0,1,0.5855346706596463,LONDON,1,1.219481460479574,day_anchor_std,server_midnight,0,0,1,0,0,0,UNCLASSIFIED,TRANSITION_UNCLASSIFIED,TRANSITION
4513.85,4516.55,4510.45,4512.45,0,0,0,1,0.5855346706596463,LONDON,1,1.219481460479574,day_anchor_std,server_midnight,0,0,1,0,0,0,UNCLASSIFIED,TRANSITION_UNCLASSIFIED,TRANSITION
4512.95,4513.95,4500.65,4502.65,0,0,0,1,0.5855346706596463,LONDON,1,1.219481460479574,day_anchor_std,server_midnight,0,0,1,0,0,0,UNCLASSIFIED,TRANSITION_UNCLASSIFIED,TRANSITION
4517.7,4519.05,4513.35,4513.85,0,0,0,0,0.8652234878308438,NY_PM,2,0.051211705532647187,day_anchor_std,server_midnight,1,0,0,0,0,0,BALANCE_LEAKING,BALANCE_LEAKING,BALANCE
4513.55,4514.55,4513.25,4513.85,0,0,0,0,0.8652234878308438,NY_PM,2,0.051211705532647187,day_anchor_std,server_midnight,1,0,0,0,0,0,BALANCE_LEAKING,BALANCE_LEAKING,BALANCE
4514.05,4514.05,4513.35,4513.55,0,0,0,0,0.8652234878308438,NY_PM,2,0.051211705532647187,day_anchor_std,server_midnight,1,0,0,0,0,0,BALANCE_LEAKING,BALANCE_LEAKING,BALANCE
4513.85,4515.85,4513.35,4515.35,0,0,0,0,0.8652234878308438,NY_PM,2,0.051211705532647187,day_anchor_std,server_midnight,1,0,0,0,0,0,BALANCE_LEAKING,BALANCE_LEAKING,BALANCE
4515.35,4516.95,4514.85,4516.85,0,0,0,0,0.8158389674764561,NY_PM,3,0.1905420991926664,day_anchor_std,server_midnight,1,0,0,0,0,0,UNCLASSIFIED,BALANCE_UNCLASSIFIED,BALANCE
4516.55,4517.15,4515.85,4516.85,0,0,0,0,0.8158389674764561,NY_PM,3,0.1905420991926664,day_anchor_std,server_midnight,1,0,0,0,0,0,UNCLASSIFIED,BALANCE_UNCLASSIFIED,BALANCE
4516.85,4518.85,4516.85,4518.35,0,0,0,0,0.8158389674764561,NY_PM,3,0.1905420991926664,day_anchor_std,server_midnight,1,0,0,0,0,0,UNCLASSIFIED,BALANCE_UNCLASSIFIED,BALANCE
4518.05,4519.55,4516.05,4518.55,0,0,0,0,0.6993181108283577,NY_PM,4,0.2719803424710168,day_anchor_std,server_midnight,1,0,0,0,0,0,BALANCE_LEAKING,BALANCE_LEAKING,BALANCE
4518.55,4518.55,4515.35,4516.35,0,0,0,0,0.6993181108283577,NY_PM,4,0.2719803424710168,day_anchor_std,server_midnight,1,0,0,0,0,0,BALANCE_LEAKING,BALANCE_LEAKING,BALANCE
4516.05,4517.55,4515.35,4517.05,0,0,0,0,0.6993181108283577,NY_PM,4,0.2719803424710168,day_anchor_std,server_midnight,1,0,0,0,0,0,BALANCE_LEAKING,BALANCE_LEAKING,BALANCE
4516.85,4519.55,4516.85,4519.55,0,0,0,0,0.6993181108283577,NY_PM,4,0.2719803424710168,day_anchor_std,server_midnight,1,0,0,0,0,0,BALANCE_LEAKING,BALANCE_LEAKING,BALANCE
4519.85,4519.85,4518.05,4518.05,0,0,0,0,0.5364038908502519,ASIA,5,0.04898530440867752,day_anchor_std,server_midnight,1,0,0,0,0,0,UNCLASSIFIED,BALANCE_UNCLASSIFIED,BALANCE
4518.05,4518.85,4517.55,4517.85,0,0,0,0,0.5364038908502519,ASIA,5,0.04898530440867752,day_anchor_std,server_midnight,1,0,0,0,0,0,UNCLASSIFIED,BALANCE_UNCLASSIFIED,BALANCE
4517.55,4518.05,4517.35,4517.85,0,0,0,0,0.5364038908502519,ASIA,5,0.04898530440867752,day_anchor_std,server_midnight,1,0,0,0,0,0,UNCLASSIFIED,BALANCE_UNCLASSIFIED,BALANCE
4517.85,4518.05,4517.35,4517.85,0,0,0,0,0.5364038908502519,ASIA,5,0.04898530440867752,day_anchor_std,server_midnight,1,0,0,0,0,0,UNCLASSIFIED,BALANCE_UNCLASSIFIED,BALANCE
4453.45,4456.65,4448.45,4448.65,0,0,0,1,0.2971727168301336,LONDON,1,1.8475040257648256,day_anchor_std,server_midnight,0,0,1,0,0,0,UNCLASSIFIED,TRANSITION_UNCLASSIFIED,TRANSITION
4448.65,4452.45,4447.95,4448.15,0,0,0,1,0.2971727168301336,LONDON,1,1.8475040257648256,day_anchor_std,server_midnight,0,0,1,0,0,0,UNCLASSIFIED,TRANSITION_UNCLASSIFIED,TRANSITION
4447.95,4450.15,4445.0,4448.05,0,0,0,1,0.2971727168301336,LONDON,1,1.8475040257648256,day_anchor_std,server_midnight,0,0,1,0,0,0,UNCLASSIFIED,TRANSITION_UNCLASSIFIED,TRANSITION
4447.95,4447.95,4431.65,4433.65,0,0,0,1,0.2971727168301336,LONDON,1,1.8475040257648256,day_anchor_std,server_midnight,0,0,1,0,0,0,UNCLASSIFIED,TRANSITION_UNCLASSIFIED,TRANSITION
4449.55,4450.25,4443.25,4444.25,0,0,0,0,0.8199974579649307,LONDON,3,0.08418956591003372,day_anchor_std,server_midnight,1,0,0,0,0,0,BALANCE_LEAKING,BALANCE_LEAKING,BALANCE
4444.05,4447.85,4442.25,4447.85,0,0,0,0,0.8199974579649307,LONDON,3,0.08418956591003372,day_anchor_std,server_midnight,1,0,0,0,0,0,BALANCE_LEAKING,BALANCE_LEAKING,BALANCE
4447.85,4452.65,4446.85,4452.45,0,0,0,0,0.8199974579649307,LONDON,3,0.08418956591003372,day_anchor_std,server_midnight,1,0,0,0,0,0,BALANCE_LEAKING,BALANCE_LEAKING,BALANCE
4452.15,4457.65,4452.15,4453.15,0,0,0,0,0.8199974579649307,LONDON,3,0.08418956591003372,day_anchor_std,server_midnight,1,0,0,0,0,0,BALANCE_LEAKING,BALANCE_LEAKING,BALANCE
4465.55,4466.65,4460.05,4462.35,0,0,0,0,0.9480059340451257,NY,2,0.05007153075820018,day_anchor_std,server_midnight,1,0,0,0,0,0,UNCLASSIFIED,BALANCE_UNCLASSIFIED,BALANCE
4462.65,4465.15,4460.45,4463.65,0,0,0,0,0.9480059340451257,NY,2,0.05007153075820018,day_anchor_std,server_midnight,1,0,0,0,0,0,UNCLASSIFIED,BALANCE_UNCLASSIFIED,BALANCE
4463.65,4467.15,4455.65,4459.75,0,0,0,0,0.9480059340451257,NY,2,0.05007153075820018,day_anchor_std,server_midnight,1,0,0,0,0,0,UNCLASSIFIED,BALANCE_UNCLASSIFIED,BALANCE
4459.75,4461.15,4455.25,4455.55,0,0,0,0,0.9480059340451257,NY,2,0.05007153075820018,day_anchor_std,server_midnight,1,0,0,0,0,0,UNCLASSIFIED,BALANCE_UNCLASSIFIED,BALANCE
4482.7,4484.15,4480.9,4482.5,0,0,0,1,0.9951377760207891,LONDON,2,1.190703106750726,day_anchor_std,server_midnight,0,0,1,0,0,0,TRANSITION_NOISY,TRANSITION_NOISY,TRANSITION
4482.65,4485.5,4480.4,4481.2,0,0,0,1,0.9951377760207891,LONDON,2,1.190703106750726,day_anchor_std,server_midnight,0,0,1,0,0,0,TRANSITION_NOISY,TRANSITION_NOISY,TRANSITION
4481.45,4487.25,4479.75,4486.55,0,0,0,1,0.9951377760207891,LONDON,2,1.190703106750726,day_anchor_std,server_midnight,0,0,1,0,0,0,TRANSITION_NOISY,TRANSITION_NOISY,TRANSITION
4486.5,4488.5,4484.7,4487.7,0,0,0,1,0.9951377760207891,LONDON,2,1.190703106750726,day_anchor_std,server_midnight,0,0,1,0,0,0,TRANSITION_NOISY,TRANSITION_NOISY,TRANSITION
4455.85,4459.55,4454.7,4459.45,0,0,0,2,0.9925327556953498,NY_PM,5,0.16064530788466347,day_anchor_std,server_midnight,0,0,0,0,1,0,UNCLASSIFIED,TREND_UNCLASSIFIED,TREND
4459.55,4460.35,4459.05,4460.05,0,0,0,2,0.9925327556953498,NY_PM,5,0.16064530788466347,day_anchor_std,server_midnight,0,0,0,0,1,0,UNCLASSIFIED,TREND_UNCLASSIFIED,TREND
4459.95,4460.05,4458.85,4459.85,0,0,0,2,0.9941899446000769,NY_PM,6,0.2609974123736237,day_anchor_std,server_midnight,0,0,0,0,1,0,UNCLASSIFIED,TREND_UNCLASSIFIED,TREND
4460.05,4462.55,4459.55,4461.85,0,0,0,2,0.9941899446000769,NY_PM,6,0.2609974123736237,day_anchor_std,server_midnight,0,0,0,0,1,0,UNCLASSIFIED,TREND_UNCLASSIFIED,TREND
4461.85,4463.35,4460.0,4460.5,0,0,0,2,0.9941899446000769,NY_PM,6,0.2609974123736237,day_anchor_std,server_midnight,0,0,0,0,1,0,UNCLASSIFIED,TREND_UNCLASSIFIED,TREND
4460.8,4462.8,4460.5,4461.8,0,0,0,2,0.9941899446000769,NY_PM,6,0.2609974123736237,day_anchor_std,server_midnight,0,0,0,0,1,0,UNCLASSIFIED,TREND_UNCLASSIFIED,TREND
4462.0,4462.3,4460.0,4460.8,0,0,0,2,0.9944837065523983,NY_PM,7,0.16351319785099833,day_anchor_std,server_midnight,0,0,0,0,1,0,UNCLASSIFIED,TREND_UNCLASSIFIED,TREND
4461.05,4462.05,4459.3,4460.0,0,0,0,2,0.9944837065523983,NY_PM,7,0.16351319785099833,day_anchor_std,server_midnight,0,0,0,0,1,0,UNCLASSIFIED,TREND_UNCLASSIFIED,TREND
4460.35,4462.05,4460.0,4461.8,0,0,0,2,0.9944837065523983,NY_PM,7,0.16351319785099833,day_anchor_std,server_midnight,0,0,0,0,1,0,UNCLASSIFIED,TREND_UNCLASSIFIED,TREND
4461.5,4462.35,4460.0,4461.0,0,0,0,2,0.9944837065523983,NY_PM,7,0.16351319785099833,day_anchor_std,server_midnight,0,0,0,0,1,0,UNCLASSIFIED,TREND_UNCLASSIFIED,TREND
4461.3,4462.35,4460.8,4461.35,0,0,0,2,0.9864874694718446,ASIA,8,0.016525023607206556,day_anchor_std,server_midnight,0,0,0,1,0,0,UNCLASSIFIED,TREND_UNCLASSIFIED,TREND
4461.4,4462.55,4460.8,4462.5,0,0,0,2,0.9864874694718446,ASIA,8,0.016525023607206556,day_anchor_std,server_midnight,0,0,0,1,0,0,UNCLASSIFIED,TREND_UNCLASSIFIED,TREND
4462.0,4463.05,4462.0,4462.5,0,0,0,2,0.9864874694718446,ASIA,8,0.016525023607206556,day_anchor_std,server_midnight,0,0,0,1,0,0,UNCLASSIFIED,TREND_UNCLASSIFIED,TREND
4462.5,4463.3,4461.8,4461.8,0,0,0,2,0.9864874694718446,ASIA,8,0.016525023607206556,day_anchor_std,server_midnight,0,0,0,1,0,0,UNCLASSIFIED,TREND_UNCLASSIFIED,TREND
4461.8,4462.85,4461.3,4461.35,0,0,0,2,0.985552480411357,ASIA,9,0.20563549160674383,day_anchor_std,server_midnight,0,0,0,1,0,0,UNCLASSIFIED,TREND_UNCLASSIFIED,TREND
4461.5,4462.8,4460.05,4460.8,0,0,0,2,0.985552480411357,ASIA,9,0.20563549160674383,day_anchor_std,server_midnight,0,0,0,1,0,0,UNCLASSIFIED,TREND_UNCLASSIFIED,TREND
4461.05,4462.55,4459.8,4461.3,0,0,0,2,0.985552480411357,ASIA,9,0.20563549160674383,day_anchor_std,server_midnight,0,0,0,1,0,0,UNCLASSIFIED,TREND_UNCLASSIFIED,TREND
4461.5,4461.5,4457.8,4458.95,0,0,0,2,0.985552480411357,ASIA,9,0.20563549160674383,day_anchor_std,server_midnight,0,0,0,1,0,0,UNCLASSIFIED,TREND_UNCLASSIFIED,TREND
4458.8,4461.55,4455.8,4459.3,0,0,0,2,0.9823477842058613,ASIA,10,0.14711791067839453,day_anchor_std,server_midnight,0,0,0,1,0,0,TREND_STRONG,TREND_STRONG,TREND
4459.5,4463.85,4459.5,4461.5,0,0,0,2,0.9823477842058613,ASIA,10,0.14711791067839453,day_anchor_std,server_midnight,0,0,0,1,0,0,TREND_STRONG,TREND_STRONG,TREND
4461.8,4462.0,4458.8,4458.85,0,0,0,2,0.9823477842058613,ASIA,10,0.14711791067839453,day_anchor_std,server_midnight,0,0,0,1,0,0,TREND_STRONG,TREND_STRONG,TREND
4458.95,4462.55,4458.8,4459.0,0,0,0,2,0.9823477842058613,ASIA,10,0.14711791067839453,day_anchor_std,server_midnight,0,0,0,1,0,0,TREND_STRONG,TREND_STRONG,TREND
4448.85,4449.45,4447.85,4449.05,0,0,0,0,0.30265655284059456,NY_PM,2,0.2944968228843844,day_anchor_std,server_midnight,1,0,0,0,0,0,BALANCE_LEAKING,BALANCE_LEAKING,BALANCE
4449.05,4450.05,4449.05,4449.55,0,0,0,0,0.30265655284059456,NY_PM,2,0.2944968228843844,day_anchor_std,server_midnight,1,0,0,0,0,0,BALANCE_LEAKING,BALANCE_LEAKING,BALANCE
4449.55,4449.85,4446.35,4446.35,0,0,0,0,0.30265655284059456,NY_PM,2,0.2944968228843844,day_anchor_std,server_midnight,1,0,0,0,0,0,BALANCE_LEAKING,BALANCE_LEAKING,BALANCE
4446.55,4447.65,4445.85,4446.55,0,0,0,0,0.30265655284059456,NY_PM,2,0.2944968228843844,day_anchor_std,server_midnight,1,0,0,0,0,0,BALANCE_LEAKING,BALANCE_LEAKING,BALANCE
4444.35,4444.85,4443.55,4444.4,0,0,0,0,0.5963270792896218,ASIA,4,0.055596922313273636,day_anchor_std,server_midnight,1,0,0,0,0,0,BALANCE_LEAKING,BALANCE_LEAKING,BALANCE
4444.4,4444.6,4441.85,4442.4,0,0,0,0,0.5963270792896218,ASIA,4,0.055596922313273636,day_anchor_std,server_midnight,1,0,0,0,0,0,BALANCE_LEAKING,BALANCE_LEAKING,BALANCE
4442.35,4442.85,4442.05,4442.35,0,0,0,0,0.5963270792896218,ASIA,4,0.055596922313273636,day_anchor_std,server_midnight,1,0,0,0,0,0,BALANCE_LEAKING,BALANCE_LEAKING,BALANCE
4442.35,4443.1,4441.55,4442.4,0,0,0,0,0.5963270792896218,ASIA,4,0.055596922313273636,day_anchor_std,server_midnight,1,0,0,0,0,0,BALANCE_LEAKING,BALANCE_LEAKING,BALANCE
4442.6,4443.6,4441.55,4443.1,0,0,0,0,0.3646074400788418,ASIA,5,0.20148095067477692,day_anchor_std,server_midnight,1,0,0,0,0,0,BALANCE_LEAKING,BALANCE_LEAKING,BALANCE
4443.1,4445.1,4442.55,4443.35,0,0,0,0,0.3646074400788418,ASIA,5,0.20148095067477692,day_anchor_std,server_midnight,1,0,0,0,0,0,BALANCE_LEAKING,BALANCE_LEAKING,BALANCE
4443.1,4449.6,4443.1,4449.4,0,0,0,0,0.3646074400788418,ASIA,5,0.20148095067477692,day_anchor_std,server_midnight,1,0,0,0,0,0,BALANCE_LEAKING,BALANCE_LEAKING,BALANCE
4449.6,4450.35,4446.55,4446.55,0,0,0,0,0.3646074400788418,ASIA,5,0.20148095067477692,day_anchor_std,server_midnight,1,0,0,0,0,0,BALANCE_LEAKING,BALANCE_LEAKING,BALANCE
4456.6,4459.6,4452.6,4452.9,0,0,0,2,0.903669156260248,LONDON,3,0.8610347985346793,day_anchor_std,server_midnight,0,0,0,0,1,0,TREND_STRONG,TREND_STRONG,TREND
4453.05,4457.65,4451.7,4457.4,0,0,0,2,0.903669156260248,LONDON,3,0.8610347985346793,day_anchor_std,server_midnight,0,0,0,0,1,0,TREND_STRONG,TREND_STRONG,TREND
4457.6,4458.7,4455.05,4458.6,0,0,0,2,0.903669156260248,LONDON,3,0.8610347985346793,day_anchor_std,server_midnight,0,0,0,0,1,0,TREND_STRONG,TREND_STRONG,TREND
4458.65,4460.3,4457.85,4459.9,0,0,0,2,0.903669156260248,LONDON,3,0.8610347985346793,day_anchor_std,server_midnight,0,0,0,0,1,0,TREND_STRONG,TREND_STRONG,TREND
4391.1,4393.6,4390.6,4393.1,0,0,0,2,0.995828068298441,ASIA,5,0.021806853582577026,day_anchor_std,server_midnight,0,0,0,1,0,0,TREND_STRONG,TREND_STRONG,TREND
4393.1,4393.9,4392.35,4393.35,0,0,0,2,0.995828068298441,ASIA,5,0.021806853582577026,day_anchor_std,server_midnight,0,0,0,1,0,0,TREND_STRONG,TREND_STRONG,TREND
4393.4,4393.6,4391.55,4392.6,0,0,0,2,0.995828068298441,ASIA,5,0.021806853582577026,day_anchor_std,server_midnight,0,0,0,1,0,0,TREND_STRONG,TREND_STRONG,TREND
4392.9,4393.6,4390.9,4391.9,0,0,0,2,0.995828068298441,ASIA,5,0.021806853582577026,day_anchor_std,server_midnight,0,0,0,1,0,0,TREND_STRONG,TREND_STRONG,TREND
4392.1,4392.4,4388.85,4388.85,0,0,0,2,0.9920053655715438,ASIA,6,0.2645105085483822,day_anchor_std,server_midnight,0,0,0,1,0,0,TREND_STRONG,TREND_STRONG,TREND
4389.05,4392.6,4389.05,4390.8,0,0,0,2,0.9920053655715438,ASIA,6,0.2645105085483822,day_anchor_std,server_midnight,0,0,0,1,0,0,TREND_STRONG,TREND_STRONG,TREND
4390.6,4393.1,4390.55,4392.9,0,0,0,2,0.9920053655715438,ASIA,6,0.2645105085483822,day_anchor_std,server_midnight,0,0,0,1,0,0,TREND_STRONG,TREND_STRONG,TREND
4393.1,4396.9,4392.6,4395.9,0,0,0,2,0.9920053655715438,ASIA,6,0.2645105085483822,day_anchor_std,server_midnight,0,0,0,1,0,0,TREND_STRONG,TREND_STRONG,TREND
4396.05,4396.9,4390.9,4390.9,0,0,0,2,0.9965433179321213,ASIA,7,0.46786879615322585,day_anchor_std,server_midnight,0,0,0,1,0,0,TREND_STRONG,TREND_STRONG,TREND
4390.9,4395.1,4385.9,4393.9,0,0,0,2,0.9965433179321213,ASIA,7,0.46786879615322585,day_anchor_std,server_midnight,0,0,0,1,0,0,TREND_STRONG,TREND_STRONG,TREND
4393.9,4396.1,4388.6,4392.1,0,0,0,2,0.9965433179321213,ASIA,7,0.46786879615322585,day_anchor_std,server_midnight,0,0,0,1,0,0,TREND_STRONG,TREND_STRONG,TREND
4392.4,4392.4,4384.9,4386.4,0,0,0,2,0.9965433179321213,ASIA,7,0.46786879615322585,day_anchor_std,server_midnight,0,0,0,1,0,0,TREND_STRONG,TREND_STRONG,TREND
4386.2,4389.1,4384.9,4386.6,0,0,0,2,0.9898075910152336,ASIA,8,1.0101796407185017,day_anchor_std,server_midnight,0,0,0,0,0,1,TREND_STRONG,TREND_STRONG,TREND
4386.4,4387.6,4381.1,4381.9,0,0,0,2,0.9898075910152336,ASIA,8,1.0101796407185017,day_anchor_std,server_midnight,0,0,0,0,0,1,TREND_STRONG,TREND_STRONG,TREND
4382.1,4382.4,4376.1,4377.4,0,0,0,2,0.9898075910152336,ASIA,8,1.0101796407185017,day_anchor_std,server_midnight,0,0,0,0,0,1,TREND_STRONG,TREND_STRONG,TREND
4377.1,4378.1,4375.05,4377.6,0,0,0,2,0.9898075910152336,ASIA,8,1.0101796407185017,day_anchor_std,server_midnight,0,0,0,0,0,1,TREND_STRONG,TREND_STRONG,TREND
4377.6,4379.6,4368.65,4369.9,0,0,0,2,0.9971451350169893,LONDON,9,1.4834419571171447,day_anchor_std,server_midnight,0,0,0,0,0,1,TREND_STRONG,TREND_STRONG,TREND
4369.55,4373.1,4368.1,4369.4,0,0,0,2,0.9971451350169893,LONDON,9,1.4834419571171447,day_anchor_std,server_midnight,0,0,0,0,0,1,TREND_STRONG,TREND_STRONG,TREND
4369.6,4370.9,4366.25,4368.1,0,0,0,2,0.9971451350169893,LONDON,9,1.4834419571171447,day_anchor_std,server_midnight,0,0,0,0,0,1,TREND_STRONG,TREND_STRONG,TREND
4368.0,4368.6,4361.15,4368.1,0,0,0,2,0.9971451350169893,LONDON,9,1.4834419571171447,day_anchor_std,server_midnight,0,0,0,0,0,1,TREND_STRONG,TREND_STRONG,TREND
4368.4,4373.9,4367.6,4373.85,0,0,0,2,0.9966219780511082,LONDON,10,1.9282957546211645,day_anchor_std,server_midnight,0,0,0,0,0,1,TREND_STRONG,TREND_STRONG,TREND
4373.6,4376.2,4357.9,4357.9,0,0,0,2,0.9966219780511082,LONDON,10,1.9282957546211645,day_anchor_std,server_midnight,0,0,0,0,0,1,TREND_STRONG,TREND_STRONG,TREND
4358.2,4372.3,4356.7,4363.4,0,0,0,2,0.9966219780511082,LONDON,10,1.9282957546211645,day_anchor_std,server_midnight,0,0,0,0,0,1,TREND_STRONG,TREND_STRONG,TREND
4363.4,4371.1,4356.7,4357.7,0,0,0,2,0.9966219780511082,LONDON,10,1.9282957546211645,day_anchor_std,server_midnight,0,0,0,0,0,1,TREND_STRONG,TREND_STRONG,TREND
4357.55,4362.15,4352.9,4354.4,0,0,0,2,0.9931529590157613,LONDON,11,2.1304942705661256,day_anchor_std,server_midnight,0,0,0,0,0,1,TREND_STRONG,TREND_STRONG,TREND
4354.2,4361.7,4353.55,4355.75,0,0,0,2,0.9931529590157613,LONDON,11,2.1304942705661256,day_anchor_std,server_midnight,0,0,0,0,0,1,TREND_STRONG,TREND_STRONG,TREND
4355.45,4356.1,4350.7,4353.9,0,0,0,2,0.9931529590157613,LONDON,11,2.1304942705661256,day_anchor_std,server_midnight,0,0,0,0,0,1,TREND_STRONG,TREND_STRONG,TREND
4354.05,4358.15,4351.55,4351.9,0,0,0,2,0.9931529590157613,LONDON,11,2.1304942705661256,day_anchor_std,server_midnight,0,0,0,0,0,1,TREND_STRONG,TREND_STRONG,TREND
4351.95,4364.7,4351.15,4362.6,0,0,0,2,0.9994543295736249,NY,12,2.2142475109026516,day_anchor_std,server_midnight,0,0,0,0,0,1,TREND_STRONG,TREND_STRONG,TREND
4362.65,4365.6,4359.3,4360.6,0,0,0,2,0.9994543295736249,NY,12,2.2142475109026516,day_anchor_std,server_midnight,0,0,0,0,0,1,TREND_STRONG,TREND_STRONG,TREND
4360.8,4361.35,4349.6,4349.7,0,0,0,2,0.9994543295736249,NY,12,2.2142475109026516,day_anchor_std,server_midnight,0,0,0,0,0,1,TREND_STRONG,TREND_STRONG,TREND
4349.7,4353.8,4347.1,4347.3,0,0,0,2,0.9994543295736249,NY,12,2.2142475109026516,day_anchor_std,server_midnight,0,0,0,0,0,1,TREND_STRONG,TREND_STRONG,TREND
4347.1,4350.3,4336.6,4337.6,0,0,0,2,0.998959427097495,NY,12,3.147330720937067,day_anchor_std,server_midnight,0,0,0,0,0,1,TREND_STRONG,TREND_STRONG,TREND
4337.4,4340.4,4328.7,4330.3,0,0,0,2,0.998959427097495,NY,12,3.147330720937067,day_anchor_std,server_midnight,0,0,0,0,0,1,TREND_STRONG,TREND_STRONG,TREND
4330.6,4332.9,4324.65,4324.85,0,0,0,2,0.998959427097495,NY,12,3.147330720937067,day_anchor_std,server_midnight,0,0,0,0,0,1,TREND_STRONG,TREND_STRONG,TREND
4325.0,4327.7,4324.5,4326.6,0,0,0,2,0.998959427097495,NY,12,3.147330720937067,day_anchor_std,server_midnight,0,0,0,0,0,1,TREND_STRONG,TREND_STRONG,TREND
4328.6,4333.1,4328.6,4332.6,0,0,0,2,0.9993362262103431,NY_PM,12,2.927992679477574,day_anchor_std,server_midnight,0,0,0,0,0,1,TREND_STRONG,TREND_STRONG,TREND
4332.6,4332.85,4331.1,4331.6,0,0,0,2,0.9993362262103431,NY_PM,12,2.927992679477574,day_anchor_std,server_midnight,0,0,0,0,0,1,TREND_STRONG,TREND_STRONG,TREND
4331.3,4331.8,4329.3,4329.8,0,0,0,2,0.9672950608480915,NY_PM,12,3.515974718510243,day_anchor_std,server_midnight,0,0,0,0,0,1,TREND_STRONG,TREND_STRONG,TREND
4329.75,4330.85,4326.75,4328.1,0,0,0,2,0.9672950608480915,NY_PM,12,3.515974718510243,day_anchor_std,server_midnight,0,0,0,0,0,1,TREND_STRONG,TREND_STRONG,TREND
4328.6,4330.85,4326.45,4326.45,0,0,0,2,0.9672950608480915,NY_PM,12,3.515974718510243,day_anchor_std,server_midnight,0,0,0,0,0,1,TREND_STRONG,TREND_STRONG,TREND
4326.6,4329.8,4324.8,4329.8,0,0,0,2,0.9672950608480915,NY_PM,12,3.515974718510243,day_anchor_std,server_midnight,0,0,0,0,0,1,TREND_STRONG,TREND_STRONG,TREND
4329.6,4332.1,4327.1,4332.1,0,0,0,2,0.9876308348510193,NY_PM,12,3.1162067368142683,day_anchor_std,server_midnight,0,0,0,0,0,1,TREND_STRONG,TREND_STRONG,TREND
4332.3,4333.8,4330.75,4332.6,0,0,0,2,0.9876308348510193,NY_PM,12,3.1162067368142683,day_anchor_std,server_midnight,0,0,0,0,0,1,TREND_STRONG,TREND_STRONG,TREND
4332.6,4335.3,4332.3,4334.8,0,0,0,2,0.9876308348510193,NY_PM,12,3.1162067368142683,day_anchor_std,server_midnight,0,0,0,0,0,1,TREND_STRONG,TREND_STRONG,TREND
4334.7,4335.1,4331.3,4332.35,0,0,0,2,0.9876308348510193,NY_PM,12,3.1162067368142683,day_anchor_std,server_midnight,0,0,0,0,0,1,TREND_STRONG,TREND_STRONG,TREND
4332.3,4336.6,4331.8,4336.3,0,0,0,2,0.9664147137415682,ASIA,12,0.17289114630016478,day_anchor_std,server_midnight,0,0,0,1,0,0,TREND_STRONG,TREND_STRONG,TREND
4336.6,4338.8,4336.1,4337.8,0,0,0,2,0.9664147137415682,ASIA,12,0.17289114630016478,day_anchor_std,server_midnight,0,0,0,1,0,0,TREND_STRONG,TREND_STRONG,TREND
4337.8,4339.6,4337.3,4338.1,0,0,0,2,0.9664147137415682,ASIA,12,0.17289114630016478,day_anchor_std,server_midnight,0,0,0,1,0,0,TREND_STRONG,TREND_STRONG,TREND
4338.1,4339.1,4337.15,4338.8,0,0,0,2,0.9664147137415682,ASIA,12,0.17289114630016478,day_anchor_std,server_midnight,0,0,0,1,0,0,TREND_STRONG,TREND_STRONG,TREND
4338.55,4339.6,4337.55,4338.1,0,0,0,2,0.9907865151469212,ASIA,12,0.14738333839451798,day_anchor_std,server_midnight,0,0,0,1,0,0,TREND_STRONG,TREND_STRONG,TREND
4337.8,4341.55,4337.8,4339.8,0,0,0,2,0.9907865151469212,ASIA,12,0.14738333839451798,day_anchor_std,server_midnight,0,0,0,1,0,0,TREND_STRONG,TREND_STRONG,TREND
4340.1,4341.6,4338.3,4341.25,0,0,0,2,0.9907865151469212,ASIA,12,0.14738333839451798,day_anchor_std,server_midnight,0,0,0,1,0,0,TREND_STRONG,TREND_STRONG,TREND
4341.1,4341.3,4338.55,4338.8,0,0,0,2,0.9907865151469212,ASIA,12,0.14738333839451798,day_anchor_std,server_midnight,0,0,0,1,0,0,TREND_STRONG,TREND_STRONG,TREND
4338.55,4342.6,4334.05,4338.1,0,0,0,2,0.9903035537209032,ASIA,12,0.014905149051421438,day_anchor_std,server_midnight,0,0,0,1,0,0,TREND_STRONG,TREND_STRONG,TREND
4338.25,4341.1,4334.3,4335.1,0,0,0,2,0.9903035537209032,ASIA,12,0.014905149051421438,day_anchor_std,server_midnight,0,0,0,1,0,0,TREND_STRONG,TREND_STRONG,TREND
4335.1,4338.8,4331.75,4335.3,0,0,0,2,0.9903035537209032,ASIA,12,0.014905149051421438,day_anchor_std,server_midnight,0,0,0,1,0,0,TREND_STRONG,TREND_STRONG,TREND
4335.3,4339.6,4334.1,4337.3,0,0,0,2,0.9903035537209032,ASIA,12,0.014905149051421438,day_anchor_std,server_midnight,0,0,0,1,0,0,TREND_STRONG,TREND_STRONG,TREND
4337.1,4338.3,4334.55,4336.85,0,0,0,2,0.7638358575272225,ASIA,12,0.21752557421347515,day_anchor_std,server_midnight,0,0,0,1,0,0,TREND_STRONG,TREND_STRONG,TREND
4337.1,4342.6,4336.75,4341.55,0,0,0,2,0.7638358575272225,ASIA,12,0.21752557421347515,day_anchor_std,server_midnight,0,0,0,1,0,0,TREND_STRONG,TREND_STRONG,TREND
4341.8,4342.1,4337.75,4338.8,0,0,0,2,0.7638358575272225,ASIA,12,0.21752557421347515,day_anchor_std,server_midnight,0,0,0,1,0,0,TREND_STRONG,TREND_STRONG,TREND
4338.8,4343.1,4338.1,4340.1,0,0,0,2,0.7638358575272225,ASIA,12,0.21752557421347515,day_anchor_std,server_midnight,0,0,0,1,0,0,TREND_STRONG,TREND_STRONG,TREND
4340.3,4340.6,4336.55,4338.4,0,0,0,2,0.3183062082294523,LONDON,12,0.5923232323231468,day_anchor_std,server_midnight,0,0,0,0,1,0,UNCLASSIFIED,TREND_UNCLASSIFIED,TREND
4338.3,4341.1,4338.05,4340.3,0,0,0,2,0.3183062082294523,LONDON,12,0.5923232323231468,day_anchor_std,server_midnight,0,0,0,0,1,0,UNCLASSIFIED,TREND_UNCLASSIFIED,TREND
4340.55,4349.1,4340.4,4348.1,0,0,0,2,0.3183062082294523,LONDON,12,0.5923232323231468,day_anchor_std,server_midnight,0,0,0,0,1,0,UNCLASSIFIED,TREND_UNCLASSIFIED,TREND
4347.75,4348.85,4344.35,4345.7,0,0,0,2,0.3183062082294523,LONDON,12,0.5923232323231468,day_anchor_std,server_midnight,0,0,0,0,1,0,UNCLASSIFIED,TREND_UNCLASSIFIED,TREND
4340.65,4340.65,4339.15,4339.45,0,0,0,0,0.5243534883998229,NY_PM,4,0.16346203148233954,day_anchor_std,server_midnight,1,0,0,0,0,0,UNCLASSIFIED,BALANCE_UNCLASSIFIED,BALANCE
4339.45,4340.15,4338.65,4338.65,0,0,0,0,0.5243534883998229,NY_PM,4,0.16346203148233954,day_anchor_std,server_midnight,1,0,0,0,0,0,UNCLASSIFIED,BALANCE_UNCLASSIFIED,BALANCE
4338.95,4338.95,4332.45,4332.45,0,0,0,0,0.5243534883998229,NY_PM,4,0.16346203148233954,day_anchor_std,server_midnight,1,0,0,0,0,0,UNCLASSIFIED,BALANCE_UNCLASSIFIED,BALANCE
4332.45,4332.95,4324.95,4326.45,0,0,0,0,0.5243534883998229,NY_PM,4,0.16346203148233954,day_anchor_std,server_midnight,1,0,0,0,0,0,UNCLASSIFIED,BALANCE_UNCLASSIFIED,BALANCE
4326.45,4327.65,4324.65,4326.95,0,0,0,0,0.8323552663595803,NY_PM,5,0.19482496194827867,day_anchor_std,server_midnight,1,0,0,0,0,0,BALANCE_LEAKING,BALANCE_LEAKING,BALANCE
4326.95,4327.45,4320.45,4321.65,0,0,0,0,0.8323552663595803,NY_PM,5,0.19482496194827867,day_anchor_std,server_midnight,1,0,0,0,0,0,BALANCE_LEAKING,BALANCE_LEAKING,BALANCE
4321.65,4322.65,4319.15,4320.65,0,0,0,0,0.8323552663595803,NY_PM,5,0.19482496194827867,day_anchor_std,server_midnight,1,0,0,0,0,0,BALANCE_LEAKING,BALANCE_LEAKING,BALANCE
4320.65,4322.65,4318.95,4320.95,0,0,0,0,0.8323552663595803,NY_PM,5,0.19482496194827867,day_anchor_std,server_midnight,1,0,0,0,0,0,BALANCE_LEAKING,BALANCE_LEAKING,BALANCE
4321.15,4323.65,4320.65,4322.65,0,0,0,0,0.6680812126099803,ASIA,6,0.10831275720164092,day_anchor_std,server_midnight,1,0,0,0,0,0,UNCLASSIFIED,BALANCE_UNCLASSIFIED,BALANCE
4322.65,4324.95,4322.45,4324.65,0,0,0,0,0.6680812126099803,ASIA,6,0.10831275720164092,day_anchor_std,server_midnight,1,0,0,0,0,0,UNCLASSIFIED,BALANCE_UNCLASSIFIED,BALANCE
4324.65,4325.95,4323.95,4325.95,0,0,0,0,0.6680812126099803,ASIA,6,0.10831275720164092,day_anchor_std,server_midnight,1,0,0,0,0,0,UNCLASSIFIED,BALANCE_UNCLASSIFIED,BALANCE
4325.95,4325.95,4324.65,4325.65,0,0,0,0,0.6680812126099803,ASIA,6,0.10831275720164092,day_anchor_std,server_midnight,1,0,0,0,0,0,UNCLASSIFIED,BALANCE_UNCLASSIFIED,BALANCE
4292.7,4296.7,4286.6,4286.7,0,0,0,1,0.9922570324726426,NY,3,2.2223440011690467,day_anchor_std,server_midnight,0,0,1,0,0,0,TRANSITION_NOISY,TRANSITION_NOISY,TRANSITION
4286.7,4288.75,4276.7,4283.9,0,0,0,1,0.9922570324726426,NY,3,2.2223440011690467,day_anchor_std,server_midnight,0,0,1,0,0,0,TRANSITION_NOISY,TRANSITION_NOISY,TRANSITION
4284.15,4284.15,4274.8,4275.75,0,0,0,1,0.9922570324726426,NY,3,2.2223440011690467,day_anchor_std,server_midnight,0,0,1,0,0,0,TRANSITION_NOISY,TRANSITION_NOISY,TRANSITION
4275.4,4278.4,4271.4,4274.8,0,0,0,1,0.9922570324726426,NY,3,2.2223440011690467,day_anchor_std,server_midnight,0,0,1,0,0,0,TRANSITION_NOISY,TRANSITION_NOISY,TRANSITION
4268.45,4277.4,4267.1,4276.4,0,0,0,1,0.5563536775813266,LONDON,6,1.9858835391983902,day_anchor_std,server_midnight,0,0,1,0,0,0,UNCLASSIFIED,TRANSITION_UNCLASSIFIED,TRANSITION
4276.5,4277.95,4262.6,4265.6,0,0,0,1,0.5563536775813266,LONDON,6,1.9858835391983902,day_anchor_std,server_midnight,0,0,1,0,0,0,UNCLASSIFIED,TRANSITION_UNCLASSIFIED,TRANSITION
4265.5,4265.5,4254.3,4258.5,0,0,0,1,0.5563536775813266,LONDON,6,1.9858835391983902,day_anchor_std,server_midnight,0,0,1,0,0,0,UNCLASSIFIED,TRANSITION_UNCLASSIFIED,TRANSITION
4258.8,4265.4,4256.4,4257.3,0,0,0,1,0.5563536775813266,LONDON,6,1.9858835391983902,day_anchor_std,server_midnight,0,0,1,0,0,0,UNCLASSIFIED,TRANSITION_UNCLASSIFIED,TRANSITION
4301.05,4302.65,4300.75,4302.05,0,0,0,0,0.38740718215596825,ASIA,3,0.09534865722464565,day_anchor_std,server_midnight,1,0,0,0,0,0,BALANCE_LEAKING,BALANCE_LEAKING,BALANCE
4302.15,4304.25,4302.05,4303.55,0,0,0,0,0.38740718215596825,ASIA,3,0.09534865722464565,day_anchor_std,server_midnight,1,0,0,0,0,0,BALANCE_LEAKING,BALANCE_LEAKING,BALANCE
4303.25,4304.25,4302.55,4302.55,0,0,0,0,0.38740718215596825,ASIA,3,0.09534865722464565,day_anchor_std,server_midnight,1,0,0,0,0,0,BALANCE_LEAKING,BALANCE_LEAKING,BALANCE
4302.55,4303.6,4299.25,4299.55,0,0,0,0,0.38740718215596825,ASIA,3,0.09534865722464565,day_anchor_std,server_midnight,1,0,0,0,0,0,BALANCE_LEAKING,BALANCE_LEAKING,BALANCE
4320.25,4323.05,4317.75,4318.25,0,0,0,1,0.3567232973878786,LONDON,4,1.2070114693789304,day_anchor_std,server_midnight,0,0,1,0,0,0,UNCLASSIFIED,TRANSITION_UNCLASSIFIED,TRANSITION
4318.1,4318.25,4313.35,4314.25,0,0,0,1,0.3567232973878786,LONDON,4,1.2070114693789304,day_anchor_std,server_midnight,0,0,1,0,0,0,UNCLASSIFIED,TRANSITION_UNCLASSIFIED,TRANSITION
4314.05,4323.55,4312.3,4321.95,0,0,0,1,0.3567232973878786,LONDON,4,1.2070114693789304,day_anchor_std,server_midnight,0,0,1,0,0,0,UNCLASSIFIED,TRANSITION_UNCLASSIFIED,TRANSITION
4321.65,4331.75,4319.65,4330.25,0,0,0,1,0.3567232973878786,LONDON,4,1.2070114693789304,day_anchor_std,server_midnight,0,0,1,0,0,0,UNCLASSIFIED,TRANSITION_UNCLASSIFIED,TRANSITION
4258.75,4267.25,4257.25,4265.65,0,0,0,1,0.9976199704404409,LONDON,2,2.3429797621860167,day_anchor_std,server_midnight,0,0,1,0,0,0,UNCLASSIFIED,TRANSITION_UNCLASSIFIED,TRANSITION
4265.95,4281.45,4263.45,4278.15,0,0,0,1,0.9976199704404409,LONDON,2,2.3429797621860167,day_anchor_std,server_midnight,0,0,1,0,0,0,UNCLASSIFIED,TRANSITION_UNCLASSIFIED,TRANSITION
4278.0,4278.15,4238.45,4239.75,0,0,0,1,0.9976199704404409,LONDON,2,2.3429797621860167,day_anchor_std,server_midnight,0,0,1,0,0,0,UNCLASSIFIED,TRANSITION_UNCLASSIFIED,TRANSITION
4239.65,4245.9,4229.0,4232.15,0,0,0,1,0.9976199704404409,LONDON,2,2.3429797621860167,day_anchor_std,server_midnight,0,0,1,0,0,0,UNCLASSIFIED,TRANSITION_UNCLASSIFIED,TRANSITION
4266.95,4268.45,4262.45,4263.75,0,0,0,1,0.8692091921492876,LONDON,2,1.8654088050314486,day_anchor_std,server_midnight,0,0,1,0,0,0,UNCLASSIFIED,TRANSITION_UNCLASSIFIED,TRANSITION
4263.55,4264.5,4259.25,4259.45,0,0,0,1,0.8692091921492876,LONDON,2,1.8654088050314486,day_anchor_std,server_midnight,0,0,1,0,0,0,UNCLASSIFIED,TRANSITION_UNCLASSIFIED,TRANSITION
4259.45,4263.95,4257.45,4259.05,0,0,0,1,0.8692091921492876,LONDON,2,1.8654088050314486,day_anchor_std,server_midnight,0,0,1,0,0,0,UNCLASSIFIED,TRANSITION_UNCLASSIFIED,TRANSITION
4259.15,4259.35,4208.0,4216.4,0,0,0,1,0.8692091921492876,LONDON,2,1.8654088050314486,day_anchor_std,server_midnight,0,0,1,0,0,0,UNCLASSIFIED,TRANSITION_UNCLASSIFIED,TRANSITION
4250.15,4274.05,4249.55,4270.05,0,0,0,1,0.076572894416789,LONDON,4,1.8747576376880155,day_anchor_std,server_midnight,0,0,1,0,0,0,UNCLASSIFIED,TRANSITION_UNCLASSIFIED,TRANSITION
4270.05,4301.45,4270.05,4301.15,0,0,0,1,0.076572894416789,LONDON,4,1.8747576376880155,day_anchor_std,server_midnight,0,0,1,0,0,0,UNCLASSIFIED,TRANSITION_UNCLASSIFIED,TRANSITION
4301.15,4305.05,4290.15,4294.75,0,0,0,1,0.076572894416789,LONDON,4,1.8747576376880155,day_anchor_std,server_midnight,0,0,1,0,0,0,UNCLASSIFIED,TRANSITION_UNCLASSIFIED,TRANSITION
4294.95,4299.3,4288.75,4295.05,0,0,0,1,0.076572894416789,LONDON,4,1.8747576376880155,day_anchor_std,server_midnight,0,0,1,0,0,0,UNCLASSIFIED,TRANSITION_UNCLASSIFIED,TRANSITION
4295.05,4309.1,4293.25,4307.05,0,0,0,1,0.027238700887041167,NY,5,2.832946233114452,day_anchor_std,server_midnight,0,0,1,0,0,0,UNCLASSIFIED,TRANSITION_UNCLASSIFIED,TRANSITION
4307.05,4311.05,4303.25,4309.95,0,0,0,1,0.027238700887041167,NY,5,2.832946233114452,day_anchor_std,server_midnight,0,0,1,0,0,0,UNCLASSIFIED,TRANSITION_UNCLASSIFIED,TRANSITION
4309.75,4317.25,4305.95,4317.05,0,0,0,1,0.027238700887041167,NY,5,2.832946233114452,day_anchor_std,server_midnight,0,0,1,0,0,0,UNCLASSIFIED,TRANSITION_UNCLASSIFIED,TRANSITION
4317.15,4324.05,4315.45,4319.55,0,0,0,1,0.027238700887041167,NY,5,2.832946233114452,day_anchor_std,server_midnight,0,0,1,0,0,0,UNCLASSIFIED,TRANSITION_UNCLASSIFIED,TRANSITION
4278.7,4278.95,4273.15,4277.2,0,0,0,0,0.7981175964911047,NY_PM,2,0.0032522068546859493,day_anchor_std,server_midnight,1,0,0,0,0,0,BALANCE_LEAKING,BALANCE_LEAKING,BALANCE
4277.0,4277.7,4273.95,4277.2,0,0,0,0,0.7981175964911047,NY_PM,2,0.0032522068546859493,day_anchor_std,server_midnight,1,0,0,0,0,0,BALANCE_LEAKING,BALANCE_LEAKING,BALANCE
4277.25,4279.2,4275.7,4278.5,0,0,0,0,0.7981175964911047,NY_PM,2,0.0032522068546859493,day_anchor_std,server_midnight,1,0,0,0,0,0,BALANCE_LEAKING,BALANCE_LEAKING,BALANCE
4278.55,4278.7,4276.0,4277.7,0,0,0,0,0.7981175964911047,NY_PM,2,0.0032522068546859493,day_anchor_std,server_midnight,1,0,0,0,0,0,BALANCE_LEAKING,BALANCE_LEAKING,BALANCE
4277.0,4279.5,4267.15,4272.7,0,0,0,0,0.21465304505768695,ASIA,2,0.31286772809742536,day_anchor_std,server_midnight,1,0,0,0,0,0,UNCLASSIFIED,BALANCE_UNCLASSIFIED,BALANCE
4272.95,4277.0,4267.95,4273.9,0,0,0,0,0.21465304505768695,ASIA,2,0.31286772809742536,day_anchor_std,server_midnight,1,0,0,0,0,0,UNCLASSIFIED,BALANCE_UNCLASSIFIED,BALANCE
4273.8,4278.7,4272.7,4273.6,0,0,0,0,0.21465304505768695,ASIA,2,0.31286772809742536,day_anchor_std,server_midnight,1,0,0,0,0,0,UNCLASSIFIED,BALANCE_UNCLASSIFIED,BALANCE
4273.6,4285.5,4273.5,4284.6,0,0,0,0,0.21465304505768695,ASIA,2,0.31286772809742536,day_anchor_std,server_midnight,1,0,0,0,0,0,UNCLASSIFIED,BALANCE_UNCLASSIFIED,BALANCE
4382.55,4382.55,4360.45,4367.9,0,0,0,2,0.9864618461900398,NY,3,0.7426517318080601,day_anchor_std,server_midnight,0,0,0,0,1,0,TREND_FRAGILE,TREND_FRAGILE,TREND
4368.15,4370.9,4362.25,4368.2,0,0,0,2,0.9864618461900398,NY,3,0.7426517318080601,day_anchor_std,server_midnight,0,0,0,0,1,0,TREND_FRAGILE,TREND_FRAGILE,TREND
4368.25,4370.35,4358.75,4361.5,0,0,0,2,0.9864618461900398,NY,3,0.7426517318080601,day_anchor_std,server_midnight,0,0,0,0,1,0,TREND_FRAGILE,TREND_FRAGILE,TREND
4361.85,4371.25,4356.9,4359.75,0,0,0,2,0.9864618461900398,NY,3,0.7426517318080601,day_anchor_std,server_midnight,0,0,0,0,1,0,TREND_FRAGILE,TREND_FRAGILE,TREND
4361.6,4361.9,4360.3,4361.1,0,0,0,0,0.21982578782909518,ASIA,4,0.06085563944185077,day_anchor_std,server_midnight,1,0,0,0,0,0,BALANCE_LEAKING,BALANCE_LEAKING,BALANCE
4361.1,4362.6,4360.9,4361.15,0,0,0,0,0.21982578782909518,ASIA,4,0.06085563944185077,day_anchor_std,server_midnight,1,0,0,0,0,0,BALANCE_LEAKING,BALANCE_LEAKING,BALANCE
4361.15,4362.6,4360.95,4361.4,0,0,0,0,0.21982578782909518,ASIA,4,0.06085563944185077,day_anchor_std,server_midnight,1,0,0,0,0,0,BALANCE_LEAKING,BALANCE_LEAKING,BALANCE
4361.15,4361.4,4360.1,4360.4,0,0,0,0,0.21982578782909518,ASIA,4,0.06085563944185077,day_anchor_std,server_midnight,1,0,0,0,0,0,BALANCE_LEAKING,BALANCE_LEAKING,BALANCE
4390.65,4391.15,4388.65,4389.2,0,0,0,1,0.9970905120124732,ASIA,3,0.329000000000045,day_anchor_std,server_midnight,0,1,0,0,0,0,TRANSITION_NOISY,TRANSITION_NOISY,TRANSITION
4389.15,4390.75,4389.05,4390.45,0,0,0,1,0.9970905120124732,ASIA,3,0.329000000000045,day_anchor_std,server_midnight,0,1,0,0,0,0,TRANSITION_NOISY,TRANSITION_NOISY,TRANSITION
4390.45,4394.35,4389.7,4392.95,0,0,0,1,0.9970905120124732,ASIA,3,0.329000000000045,day_anchor_std,server_midnight,0,1,0,0,0,0,TRANSITION_NOISY,TRANSITION_NOISY,TRANSITION
4393.05,4395.4,4391.65,4394.55,0,0,0,1,0.9970905120124732,ASIA,3,0.329000000000045,day_anchor_std,server_midnight,0,1,0,0,0,0,TRANSITION_NOISY,TRANSITION_NOISY,TRANSITION
4337.4,4347.9,4334.05,4340.45,0,0,0,1,0.4721478227093656,LONDON,1,1.6977090958383558,day_anchor_std,server_midnight,0,0,1,0,0,0,UNCLASSIFIED,TRANSITION_UNCLASSIFIED,TRANSITION
4340.45,4344.75,4336.05,4336.85,0,0,0,1,0.4721478227093656,LONDON,1,1.6977090958383558,day_anchor_std,server_midnight,0,0,1,0,0,0,UNCLASSIFIED,TRANSITION_UNCLASSIFIED,TRANSITION
4336.95,4346.75,4329.85,4331.85,0,0,0,1,0.4721478227093656,LONDON,1,1.6977090958383558,day_anchor_std,server_midnight,0,0,1,0,0,0,UNCLASSIFIED,TRANSITION_UNCLASSIFIED,TRANSITION
4332.05,4334.85,4325.75,4326.85,0,0,0,1,0.4721478227093656,LONDON,1,1.6977090958383558,day_anchor_std,server_midnight,0,0,1,0,0,0,UNCLASSIFIED,TRANSITION_UNCLASSIFIED,TRANSITION
4306.4,4307.4,4301.1,4303.1,0,0,0,2,0.9276375682896228,ASIA,6,0.1356917858008236,day_anchor_std,server_midnight,0,0,0,1,0,0,TREND_STRONG,TREND_STRONG,TREND
4303.4,4304.95,4302.6,4304.4,0,0,0,2,0.9276375682896228,ASIA,6,0.1356917858008236,day_anchor_std,server_midnight,0,0,0,1,0,0,TREND_STRONG,TREND_STRONG,TREND
4304.6,4307.4,4304.4,4307.4,0,0,0,2,0.9276375682896228,ASIA,6,0.1356917858008236,day_anchor_std,server_midnight,0,0,0,1,0,0,TREND_STRONG,TREND_STRONG,TREND
4307.5,4308.1,4305.6,4307.6,0,0,0,2,0.9276375682896228,ASIA,6,0.1356917858008236,day_anchor_std,server_midnight,0,0,0,1,0,0,TREND_STRONG,TREND_STRONG,TREND
4307.9,4308.95,4305.4,4306.4,0,0,0,2,0.897893859854101,ASIA,7,0.10522424839820081,day_anchor_std,server_midnight,0,0,0,1,0,0,TREND_STRONG,TREND_STRONG,TREND
4306.55,4307.1,4302.1,4304.1,0,0,0,2,0.897893859854101,ASIA,7,0.10522424839820081,day_anchor_std,server_midnight,0,0,0,1,0,0,TREND_STRONG,TREND_STRONG,TREND
4304.4,4309.95,4302.4,4306.05,0,0,0,2,0.897893859854101,ASIA,7,0.10522424839820081,day_anchor_std,server_midnight,0,0,0,1,0,0,TREND_STRONG,TREND_STRONG,TREND
4306.1,4308.4,4304.9,4307.4,0,0,0,2,0.897893859854101,ASIA,7,0.10522424839820081,day_anchor_std,server_midnight,0,0,0,1,0,0,TREND_STRONG,TREND_STRONG,TREND
4307.45,4313.15,4305.6,4306.55,0,0,0,2,0.9721939712622966,ASIA,8,0.3160945842868092,day_anchor_std,server_midnight,0,0,0,1,0,0,TREND_STRONG,TREND_STRONG,TREND
4306.6,4307.6,4292.4,4298.6,0,0,0,2,0.9721939712622966,ASIA,8,0.3160945842868092,day_anchor_std,server_midnight,0,0,0,1,0,0,TREND_STRONG,TREND_STRONG,TREND
4298.4,4303.1,4296.9,4302.1,0,0,0,2,0.9721939712622966,ASIA,8,0.3160945842868092,day_anchor_std,server_midnight,0,0,0,1,0,0,TREND_STRONG,TREND_STRONG,TREND
4302.4,4304.15,4298.9,4299.55,0,0,0,2,0.9721939712622966,ASIA,8,0.3160945842868092,day_anchor_std,server_midnight,0,0,0,1,0,0,TREND_STRONG,TREND_STRONG,TREND
4320.35,4333.7,4315.95,4321.75,0,0,0,1,0.9631694185842232,NY,2,1.2665544332210859,day_anchor_std,server_midnight,0,0,1,0,0,0,UNCLASSIFIED,TRANSITION_UNCLASSIFIED,TRANSITION
4322.35,4327.25,4299.7,4304.2,0,0,0,1,0.9631694185842232,NY,2,1.2665544332210859,day_anchor_std,server_midnight,0,0,1,0,0,0,UNCLASSIFIED,TRANSITION_UNCLASSIFIED,TRANSITION
4304.15,4309.7,4296.95,4299.35,0,0,0,1,0.9631694185842232,NY,2,1.2665544332210859,day_anchor_std,server_midnight,0,0,1,0,0,0,UNCLASSIFIED,TRANSITION_UNCLASSIFIED,TRANSITION
4299.45,4299.45,4275.7,4278.45,0,0,0,1,0.9631694185842232,NY,2,1.2665544332210859,day_anchor_std,server_midnight,0,0,1,0,0,0,UNCLASSIFIED,TRANSITION_UNCLASSIFIED,TRANSITION
4235.4,4239.85,4226.3,4232.3,0,0,0,1,0.5957203901749262,NY,1,1.882940338969827,day_anchor_std,server_midnight,0,0,1,0,0,0,UNCLASSIFIED,TRANSITION_UNCLASSIFIED,TRANSITION
4232.3,4234.5,4219.7,4220.6,0,0,0,1,0.5957203901749262,NY,1,1.882940338969827,day_anchor_std,server_midnight,0,0,1,0,0,0,UNCLASSIFIED,TRANSITION_UNCLASSIFIED,TRANSITION
4220.5,4222.2,4215.95,4219.7,0,0,0,1,0.5957203901749262,NY,1,1.882940338969827,day_anchor_std,server_midnight,0,0,1,0,0,0,UNCLASSIFIED,TRANSITION_UNCLASSIFIED,TRANSITION
4220.0,4220.0,4217.2,4218.7,0,0,0,1,0.5957203901749262,NY,1,1.882940338969827,day_anchor_std,server_midnight,0,0,1,0,0,0,UNCLASSIFIED,TRANSITION_UNCLASSIFIED,TRANSITION
4215.4,4215.7,4202.4,4202.4,0,0,0,1,0.9961411450028712,ASIA,3,1.1957813428401585,day_anchor_std,server_midnight,0,0,1,0,0,0,UNCLASSIFIED,TRANSITION_UNCLASSIFIED,TRANSITION
4202.7,4203.2,4189.9,4191.7,0,0,0,1,0.9961411450028712,ASIA,3,1.1957813428401585,day_anchor_std,server_midnight,0,0,1,0,0,0,UNCLASSIFIED,TRANSITION_UNCLASSIFIED,TRANSITION
4191.4,4198.4,4190.9,4195.8,0,0,0,1,0.9961411450028712,ASIA,3,1.1957813428401585,day_anchor_std,server_midnight,0,0,1,0,0,0,UNCLASSIFIED,TRANSITION_UNCLASSIFIED,TRANSITION
4195.7,4201.4,4195.7,4201.3,0,0,0,1,0.9961411450028712,ASIA,3,1.1957813428401585,day_anchor_std,server_midnight,0,0,1,0,0,0,UNCLASSIFIED,TRANSITION_UNCLASSIFIED,TRANSITION
4226.2,4228.9,4226.2,4227.9,0,0,0,0,0.470633280677444,NY_PM,2,0.1009541516571521,day_anchor_std,server_midnight,1,0,0,0,0,0,BALANCE_LEAKING,BALANCE_LEAKING,BALANCE
4227.7,4229.4,4226.45,4229.2,0,0,0,0,0.470633280677444,NY_PM,2,0.1009541516571521,day_anchor_std,server_midnight,1,0,0,0,0,0,BALANCE_LEAKING,BALANCE_LEAKING,BALANCE
4229.2,4229.7,4222.4,4224.15,0,0,0,0,0.470633280677444,NY_PM,2,0.1009541516571521,day_anchor_std,server_midnight,1,0,0,0,0,0,BALANCE_LEAKING,BALANCE_LEAKING,BALANCE
4223.7,4225.4,4220.9,4223.9,0,0,0,0,0.470633280677444,NY_PM,2,0.1009541516571521,day_anchor_std,server_midnight,1,0,0,0,0,0,BALANCE_LEAKING,BALANCE_LEAKING,BALANCE
4230.5,4234.0,4230.0,4230.5,0,0,0,1,0.9955643658277653,LONDON,1,1.2537184791173996,day_anchor_std,server_midnight,0,0,1,0,0,0,TRANSITION_NOISY,TRANSITION_NOISY,TRANSITION
4230.5,4230.55,4206.2,4213.0,0,0,0,1,0.9955643658277653,LONDON,1,1.2537184791173996,day_anchor_std,server_midnight,0,0,1,0,0,0,TRANSITION_NOISY,TRANSITION_NOISY,TRANSITION
4212.75,4212.75,4201.5,4204.2,0,0,0,1,0.9955643658277653,LONDON,1,1.2537184791173996,day_anchor_std,server_midnight,0,0,1,0,0,0,TRANSITION_NOISY,TRANSITION_NOISY,TRANSITION
4204.05,4222.6,4202.6,4212.6,0,0,0,1,0.9955643658277653,LONDON,1,1.2537184791173996,day_anchor_std,server_midnight,0,0,1,0,0,0,TRANSITION_NOISY,TRANSITION_NOISY,TRANSITION
4158.9,4160.4,4158.7,4159.7,0,0,0,2,0.9982630060038278,ASIA,6,0.05115429330677618,day_anchor_std,server_midnight,0,0,0,1,0,0,UNCLASSIFIED,TREND_UNCLASSIFIED,TREND
4159.7,4163.2,4159.4,4160.9,0,0,0,2,0.9982630060038278,ASIA,6,0.05115429330677618,day_anchor_std,server_midnight,0,0,0,1,0,0,UNCLASSIFIED,TREND_UNCLASSIFIED,TREND
4161.2,4161.7,4157.4,4158.45,0,0,0,2,0.9982630060038278,ASIA,6,0.05115429330677618,day_anchor_std,server_midnight,0,0,0,1,0,0,UNCLASSIFIED,TREND_UNCLASSIFIED,TREND
4158.7,4160.7,4158.2,4159.2,0,0,0,2,0.9982630060038278,ASIA,6,0.05115429330677618,day_anchor_std,server_midnight,0,0,0,1,0,0,UNCLASSIFIED,TREND_UNCLASSIFIED,TREND
4159.4,4162.75,4157.95,4158.7,0,0,0,2,0.9891134894311604,ASIA,7,0.059550102249496556,day_anchor_std,server_midnight,0,0,0,1,0,0,UNCLASSIFIED,TREND_UNCLASSIFIED,TREND
4158.9,4161.7,4157.45,4158.2,0,0,0,2,0.9891134894311604,ASIA,7,0.059550102249496556,day_anchor_std,server_midnight,0,0,0,1,0,0,UNCLASSIFIED,TREND_UNCLASSIFIED,TREND
4158.4,4162.45,4155.7,4161.4,0,0,0,2,0.9891134894311604,ASIA,7,0.059550102249496556,day_anchor_std,server_midnight,0,0,0,1,0,0,UNCLASSIFIED,TREND_UNCLASSIFIED,TREND
4161.2,4161.95,4157.95,4158.7,0,0,0,2,0.9891134894311604,ASIA,7,0.059550102249496556,day_anchor_std,server_midnight,0,0,0,1,0,0,UNCLASSIFIED,TREND_UNCLASSIFIED,TREND
4158.75,4158.95,4151.25,4151.7,0,0,0,2,0.9711998526549556,ASIA,8,0.09380971077085537,day_anchor_std,server_midnight,0,0,0,1,0,0,UNCLASSIFIED,TREND_UNCLASSIFIED,TREND
4151.7,4161.75,4149.2,4158.4,0,0,0,2,0.9711998526549556,ASIA,8,0.09380971077085537,day_anchor_std,server_midnight,0,0,0,1,0,0,UNCLASSIFIED,TREND_UNCLASSIFIED,TREND
4158.25,4164.2,4156.75,4158.05,0,0,0,2,0.9711998526549556,ASIA,8,0.09380971077085537,day_anchor_std,server_midnight,0,0,0,1,0,0,UNCLASSIFIED,TREND_UNCLASSIFIED,TREND
4158.25,4162.45,4158.2,4160.45,0,0,0,2,0.9711998526549556,ASIA,8,0.09380971077085537,day_anchor_std,server_midnight,0,0,0,1,0,0,UNCLASSIFIED,TREND_UNCLASSIFIED,TREND
4160.45,4167.25,4156.95,4166.2,0,0,0,2,0.988708628340063,ASIA,9,0.02677595628412097,day_anchor_std,server_midnight,0,0,0,1,0,0,UNCLASSIFIED,TREND_UNCLASSIFIED,TREND
4165.95,4167.25,4161.25,4162.45,0,0,0,2,0.988708628340063,ASIA,9,0.02677595628412097,day_anchor_std,server_midnight,0,0,0,1,0,0,UNCLASSIFIED,TREND_UNCLASSIFIED,TREND
4162.55,4166.9,4158.9,4165.7,0,0,0,2,0.988708628340063,ASIA,9,0.02677595628412097,day_anchor_std,server_midnight,0,0,0,1,0,0,UNCLASSIFIED,TREND_UNCLASSIFIED,TREND
4165.75,4167.4,4157.9,4158.45,0,0,0,2,0.988708628340063,ASIA,9,0.02677595628412097,day_anchor_std,server_midnight,0,0,0,1,0,0,UNCLASSIFIED,TREND_UNCLASSIFIED,TREND
4158.7,4158.7,4151.25,4153.45,0,0,0,2,0.6184018240851468,LONDON,10,0.9441955789782309,day_anchor_std,server_midnight,0,0,0,0,1,1,TREND_STRONG,TREND_STRONG,TREND
4153.25,4158.25,4149.95,4157.25,0,0,0,2,0.6184018240851468,LONDON,10,0.9441955789782309,day_anchor_std,server_midnight,0,0,0,0,1,1,TREND_STRONG,TREND_STRONG,TREND
4157.25,4162.0,4155.25,4160.15,0,0,0,2,0.6184018240851468,LONDON,10,0.9441955789782309,day_anchor_std,server_midnight,0,0,0,0,1,1,TREND_STRONG,TREND_STRONG,TREND
4160.15,4177.45,4154.35,4175.95,0,0,0,2,0.6184018240851468,LONDON,10,0.9441955789782309,day_anchor_std,server_midnight,0,0,0,0,1,1,TREND_STRONG,TREND_STRONG,TREND
4176.2,4179.85,4174.05,4174.05,0,0,0,2,0.4198003907272586,LONDON,11,0.6479383065785825,day_anchor_std,server_midnight,0,0,0,0,1,0,TREND_STRONG,TREND_STRONG,TREND
4174.55,4183.0,4162.45,4163.8,0,0,0,2,0.4198003907272586,LONDON,11,0.6479383065785825,day_anchor_std,server_midnight,0,0,0,0,1,0,TREND_STRONG,TREND_STRONG,TREND
4163.15,4168.05,4154.5,4163.85,0,0,0,2,0.4198003907272586,LONDON,11,0.6479383065785825,day_anchor_std,server_midnight,0,0,0,0,1,0,TREND_STRONG,TREND_STRONG,TREND
4163.9,4178.75,4153.25,4173.35,0,0,0,2,0.4198003907272586,LONDON,11,0.6479383065785825,day_anchor_std,server_midnight,0,0,0,0,1,0,TREND_STRONG,TREND_STRONG,TREND
4173.25,4175.75,4151.7,4153.3,0,0,0,2,0.9901026905544127,LONDON,12,1.4269109885547586,day_anchor_std,server_midnight,0,0,0,0,0,1,TREND_STRONG,TREND_STRONG,TREND
4153.5,4158.85,4148.45,4154.85,0,0,0,2,0.9901026905544127,LONDON,12,1.4269109885547586,day_anchor_std,server_midnight,0,0,0,0,0,1,TREND_STRONG,TREND_STRONG,TREND
4154.65,4154.75,4132.65,4139.65,0,0,0,2,0.9901026905544127,LONDON,12,1.4269109885547586,day_anchor_std,server_midnight,0,0,0,0,0,1,TREND_STRONG,TREND_STRONG,TREND
4139.6,4141.25,4131.1,4131.35,0,0,0,2,0.9901026905544127,LONDON,12,1.4269109885547586,day_anchor_std,server_midnight,0,0,0,0,0,1,TREND_STRONG,TREND_STRONG,TREND
4156.7,4157.4,4150.7,4152.4,0,0,0,0,0.9156748465886492,ASIA,2,0.21840258930904996,day_anchor_std,server_midnight,1,0,0,0,0,0,UNCLASSIFIED,BALANCE_UNCLASSIFIED,BALANCE
4152.2,4156.75,4151.4,4155.4,0,0,0,0,0.9156748465886492,ASIA,2,0.21840258930904996,day_anchor_std,server_midnight,1,0,0,0,0,0,UNCLASSIFIED,BALANCE_UNCLASSIFIED,BALANCE
4155.2,4159.7,4154.2,4158.9,0,0,0,0,0.9156748465886492,ASIA,2,0.21840258930904996,day_anchor_std,server_midnight,1,0,0,0,0,0,UNCLASSIFIED,BALANCE_UNCLASSIFIED,BALANCE
4158.9,4163.4,4158.7,4162.95,0,0,0,0,0.9156748465886492,ASIA,2,0.21840258930904996,day_anchor_std,server_midnight,1,0,0,0,0,0,UNCLASSIFIED,BALANCE_UNCLASSIFIED,BALANCE
4127.75,4129.95,4112.85,4117.3,0,0,0,1,0.7874442710625281,NY,3,2.036066975615171,day_anchor_std,server_midnight,0,0,1,0,0,0,UNCLASSIFIED,TRANSITION_UNCLASSIFIED,TRANSITION
4117.35,4120.95,4110.85,4113.8,0,0,0,1,0.7874442710625281,NY,3,2.036066975615171,day_anchor_std,server_midnight,0,0,1,0,0,0,UNCLASSIFIED,TRANSITION_UNCLASSIFIED,TRANSITION
4113.25,4119.9,4105.9,4107.95,0,0,0,1,0.7874442710625281,NY,3,2.036066975615171,day_anchor_std,server_midnight,0,0,1,0,0,0,UNCLASSIFIED,TRANSITION_UNCLASSIFIED,TRANSITION
4107.95,4121.9,4102.25,4105.15,0,0,0,1,0.7874442710625281,NY,3,2.036066975615171,day_anchor_std,server_midnight,0,0,1,0,0,0,UNCLASSIFIED,TRANSITION_UNCLASSIFIED,TRANSITION
4156.35,4156.85,4151.6,4156.8,0,0,0,0,0.9123922145649679,ASIA,4,0.03297997644291875,day_anchor_std,server_midnight,1,0,0,0,0,0,BALANCE_LEAKING,BALANCE_LEAKING,BALANCE
4156.6,4157.8,4150.1,4153.8,0,0,0,0,0.9123922145649679,ASIA,4,0.03297997644291875,day_anchor_std,server_midnight,1,0,0,0,0,0,BALANCE_LEAKING,BALANCE_LEAKING,BALANCE
4153.85,4157.2,4153.1,4155.6,0,0,0,0,0.9123922145649679,ASIA,4,0.03297997644291875,day_anchor_std,server_midnight,1,0,0,0,0,0,BALANCE_LEAKING,BALANCE_LEAKING,BALANCE
4155.35,4155.85,4151.85,4153.35,0,0,0,0,0.9123922145649679,ASIA,4,0.03297997644291875,day_anchor_std,server_midnight,1,0,0,0,0,0,BALANCE_LEAKING,BALANCE_LEAKING,BALANCE
4153.3,4153.85,4150.35,4150.65,0,0,0,0,0.8943021083298245,ASIA,5,0.24244163796400553,day_anchor_std,server_midnight,1,0,0,0,0,0,BALANCE_LEAKING,BALANCE_LEAKING,BALANCE
4150.6,4153.1,4150.1,4151.6,0,0,0,0,0.8943021083298245,ASIA,5,0.24244163796400553,day_anchor_std,server_midnight,1,0,0,0,0,0,BALANCE_LEAKING,BALANCE_LEAKING,BALANCE
4151.6,4154.1,4148.85,4154.1,0,0,0,0,0.8943021083298245,ASIA,5,0.24244163796400553,day_anchor_std,server_midnight,1,0,0,0,0,0,BALANCE_LEAKING,BALANCE_LEAKING,BALANCE
4154.3,4158.3,4154.1,4157.3,0,0,0,0,0.8943021083298245,ASIA,5,0.24244163796400553,day_anchor_std,server_midnight,1,0,0,0,0,0,BALANCE_LEAKING,BALANCE_LEAKING,BALANCE
4313.75,4316.15,4312.15,4313.85,0,0,0,2,0.9896208137580079,NY,7,3.4322706003649346,day_anchor_std,server_midnight,0,0,0,0,0,1,UNCLASSIFIED,TREND_UNCLASSIFIED,TREND
4314.0,4320.25,4313.65,4318.75,0,0,0,2,0.9896208137580079,NY,7,3.4322706003649346,day_anchor_std,server_midnight,0,0,0,0,0,1,UNCLASSIFIED,TREND_UNCLASSIFIED,TREND
4318.55,4318.55,4313.5,4315.05,0,0,0,2,0.9896208137580079,NY,7,3.4322706003649346,day_anchor_std,server_midnight,0,0,0,0,0,1,UNCLASSIFIED,TREND_UNCLASSIFIED,TREND
4311.25,4321.5,4308.6,4315.85,0,0,0,2,0.9896208137580079,NY,7,3.4322706003649346,day_anchor_std,server_midnight,0,0,0,0,0,1,UNCLASSIFIED,TREND_UNCLASSIFIED,TREND
4309.35,4315.75,4309.35,4313.75,0,0,0,2,0.9984514234189642,NY_PM,8,3.3530293941212133,day_anchor_std,server_midnight,0,0,0,0,0,1,UNCLASSIFIED,TREND_UNCLASSIFIED,TREND
4313.75,4314.45,4311.65,4312.25,0,0,0,2,0.9984514234189642,NY_PM,8,3.3530293941212133,day_anchor_std,server_midnight,0,0,0,0,0,1,UNCLASSIFIED,TREND_UNCLASSIFIED,TREND
4366.1,4368.4,4362.2,4362.5,0,0,0,2,0.008409760352145246,NY_PM,5,0.19327811101592526,day_anchor_std,server_midnight,0,0,0,0,1,0,TREND_STRONG,TREND_STRONG,TREND
4362.45,4363.0,4360.0,4361.8,0,0,0,2,0.008409760352145246,NY_PM,5,0.19327811101592526,day_anchor_std,server_midnight,0,0,0,0,1,0,TREND_STRONG,TREND_STRONG,TREND
4361.5,4362.0,4358.85,4359.55,0,0,0,2,0.008409760352145246,NY_PM,5,0.19327811101592526,day_anchor_std,server_midnight,0,0,0,0,1,0,TREND_STRONG,TREND_STRONG,TREND
4359.55,4361.05,4358.55,4359.85,0,0,0,2,0.008409760352145246,NY_PM,5,0.19327811101592526,day_anchor_std,server_midnight,0,0,0,0,1,0,TREND_STRONG,TREND_STRONG,TREND
4367.65,4377.3,4366.3,4377.05,0,0,0,1,0.9698351635957403,LONDON,2,1.8735552473416666,day_anchor_std,server_midnight,0,0,1,0,0,0,UNCLASSIFIED,TRANSITION_UNCLASSIFIED,TRANSITION
4376.8,4386.7,4375.75,4384.05,0,0,0,1,0.9698351635957403,LONDON,2,1.8735552473416666,day_anchor_std,server_midnight,0,0,1,0,0,0,UNCLASSIFIED,TRANSITION_UNCLASSIFIED,TRANSITION
4384.3,4384.75,4380.7,4382.8,0,0,0,1,0.9698351635957403,LONDON,2,1.8735552473416666,day_anchor_std,server_midnight,0,0,1,0,0,0,UNCLASSIFIED,TRANSITION_UNCLASSIFIED,TRANSITION
4383.0,4387.6,4378.8,4381.3,0,0,0,1,0.9698351635957403,LONDON,2,1.8735552473416666,day_anchor_std,server_midnight,0,0,1,0,0,0,UNCLASSIFIED,TRANSITION_UNCLASSIFIED,TRANSITION
4377.35,4377.4,4375.8,4377.4,0,0,0,0,0.6533876246135227,NY_PM,2,0.15608738037360076,day_anchor_std,server_midnight,1,0,0,0,0,0,UNCLASSIFIED,BALANCE_UNCLASSIFIED,BALANCE
4377.2,4378.35,4376.9,4378.2,0,0,0,0,0.6533876246135227,NY_PM,2,0.15608738037360076,day_anchor_std,server_midnight,1,0,0,0,0,0,UNCLASSIFIED,BALANCE_UNCLASSIFIED,BALANCE
4378.2,4379.85,4376.85,4378.15,0,0,0,0,0.6533876246135227,NY_PM,2,0.15608738037360076,day_anchor_std,server_midnight,1,0,0,0,0,0,UNCLASSIFIED,BALANCE_UNCLASSIFIED,BALANCE
4378.2,4378.7,4377.65,4377.85,0,0,0,0,0.6533876246135227,NY_PM,2,0.15608738037360076,day_anchor_std,server_midnight,1,0,0,0,0,0,UNCLASSIFIED,BALANCE_UNCLASSIFIED,BALANCE
4413.35,4416.2,4410.5,4412.25,0,0,0,2,0.9590033847904631,NY_PM,4,0.27324913892075464,day_anchor_std,server_midnight,0,0,0,0,1,0,TREND_STRONG,TREND_STRONG,TREND
4412.1,4413.3,4407.3,4408.6,0,0,0,2,0.9590033847904631,NY_PM,4,0.27324913892075464,day_anchor_std,server_midnight,0,0,0,0,1,0,TREND_STRONG,TREND_STRONG,TREND
4408.3,4409.3,4406.1,4407.05,0,0,0,2,0.9590033847904631,NY_PM,4,0.27324913892075464,day_anchor_std,server_midnight,0,0,0,0,1,0,TREND_STRONG,TREND_STRONG,TREND
4406.6,4407.3,4403.6,4404.8,0,0,0,2,0.9590033847904631,NY_PM,4,0.27324913892075464,day_anchor_std,server_midnight,0,0,0,0,1,0,TREND_STRONG,TREND_STRONG,TREND
4404.6,4405.3,4403.1,4404.8,0,0,0,2,0.9720271511933254,NY_PM,5,0.5232403718459506,day_anchor_std,server_midnight,0,0,0,0,1,0,TREND_STRONG,TREND_STRONG,TREND
4405.1,4405.85,4403.6,4404.8,0,0,0,2,0.9720271511933254,NY_PM,5,0.5232403718459506,day_anchor_std,server_midnight,0,0,0,0,1,0,TREND_STRONG,TREND_STRONG,TREND
4404.6,4405.8,4404.3,4404.6,0,0,0,2,0.9720271511933254,NY_PM,5,0.5232403718459506,day_anchor_std,server_midnight,0,0,0,0,1,0,TREND_STRONG,TREND_STRONG,TREND
4404.45,4405.3,4400.1,4400.3,0,0,0,2,0.9720271511933254,NY_PM,5,0.5232403718459506,day_anchor_std,server_midnight,0,0,0,0,1,0,TREND_STRONG,TREND_STRONG,TREND
4400.3,4400.3,4396.6,4398.3,0,0,0,2,0.8942637870106762,ASIA,6,0.07449009754660244,day_anchor_std,server_midnight,0,0,0,1,0,0,TREND_STRONG,TREND_STRONG,TREND
4398.1,4399.1,4397.25,4398.3,0,0,0,2,0.8942637870106762,ASIA,6,0.07449009754660244,day_anchor_std,server_midnight,0,0,0,1,0,0,TREND_STRONG,TREND_STRONG,TREND
4398.1,4398.35,4397.1,4397.6,0,0,0,2,0.8942637870106762,ASIA,6,0.07449009754660244,day_anchor_std,server_midnight,0,0,0,1,0,0,TREND_STRONG,TREND_STRONG,TREND
4397.3,4398.3,4396.6,4397.1,0,0,0,2,0.8942637870106762,ASIA,6,0.07449009754660244,day_anchor_std,server_midnight,0,0,0,1,0,0,TREND_STRONG,TREND_STRONG,TREND
4397.3,4400.8,4396.1,4398.6,0,0,0,2,0.8436266935509047,ASIA,7,0.28672893559057466,day_anchor_std,server_midnight,0,0,0,1,0,0,TREND_STRONG,TREND_STRONG,TREND
4398.8,4399.1,4397.3,4398.3,0,0,0,2,0.8436266935509047,ASIA,7,0.28672893559057466,day_anchor_std,server_midnight,0,0,0,1,0,0,TREND_STRONG,TREND_STRONG,TREND
4398.3,4401.65,4397.8,4401.3,0,0,0,2,0.8436266935509047,ASIA,7,0.28672893559057466,day_anchor_std,server_midnight,0,0,0,1,0,0,TREND_STRONG,TREND_STRONG,TREND
4401.3,4403.1,4400.8,4402.85,0,0,0,2,0.8436266935509047,ASIA,7,0.28672893559057466,day_anchor_std,server_midnight,0,0,0,1,0,0,TREND_STRONG,TREND_STRONG,TREND
4402.6,4404.1,4401.3,4402.3,0,0,0,2,0.9201969470980476,ASIA,8,0.4786324786324122,day_anchor_std,server_midnight,0,0,0,1,0,0,TREND_STRONG,TREND_STRONG,TREND
4402.1,4404.6,4401.0,4403.6,0,0,0,2,0.9201969470980476,ASIA,8,0.4786324786324122,day_anchor_std,server_midnight,0,0,0,1,0,0,TREND_STRONG,TREND_STRONG,TREND
4403.8,4405.1,4400.55,4404.3,0,0,0,2,0.9201969470980476,ASIA,8,0.4786324786324122,day_anchor_std,server_midnight,0,0,0,1,0,0,TREND_STRONG,TREND_STRONG,TREND
4404.1,4406.85,4403.6,4406.55,0,0,0,2,0.9201969470980476,ASIA,8,0.4786324786324122,day_anchor_std,server_midnight,0,0,0,1,0,0,TREND_STRONG,TREND_STRONG,TREND
4406.8,4409.8,4405.3,4408.6,0,0,0,2,0.9901687915008837,ASIA,9,0.7843803056026966,day_anchor_std,server_midnight,0,0,0,1,0,0,TREND_STRONG,TREND_STRONG,TREND
4408.6,4410.05,4407.6,4409.1,0,0,0,2,0.9901687915008837,ASIA,9,0.7843803056026966,day_anchor_std,server_midnight,0,0,0,1,0,0,TREND_STRONG,TREND_STRONG,TREND
4409.25,4409.25,4406.1,4407.95,0,0,0,2,0.9901687915008837,ASIA,9,0.7843803056026966,day_anchor_std,server_midnight,0,0,0,1,0,0,TREND_STRONG,TREND_STRONG,TREND
4407.6,4412.65,4407.3,4412.1,0,0,0,2,0.9901687915008837,ASIA,9,0.7843803056026966,day_anchor_std,server_midnight,0,0,0,1,0,0,TREND_STRONG,TREND_STRONG,TREND
4412.15,4412.6,4408.35,4410.1,0,0,0,2,0.9970746324252104,LONDON,10,0.5251498715386617,day_anchor_std,server_midnight,0,0,0,0,1,0,TREND_STRONG,TREND_STRONG,TREND
4410.25,4411.65,4407.3,4411.25,0,0,0,2,0.9970746324252104,LONDON,10,0.5251498715386617,day_anchor_std,server_midnight,0,0,0,0,1,0,TREND_STRONG,TREND_STRONG,TREND
4411.1,4411.55,4406.8,4407.3,0,0,0,2,0.9970746324252104,LONDON,10,0.5251498715386617,day_anchor_std,server_midnight,0,0,0,0,1,0,TREND_STRONG,TREND_STRONG,TREND
4407.6,4410.3,4407.3,4409.55,0,0,0,2,0.9970746324252104,LONDON,10,0.5251498715386617,day_anchor_std,server_midnight,0,0,0,0,1,0,TREND_STRONG,TREND_STRONG,TREND
4413.7,4413.9,4412.2,4413.9,0,0,0,0,0.8638856056510237,ASIA,5,0.03782707622286454,day_anchor_std,server_midnight,1,0,0,0,0,0,UNCLASSIFIED,BALANCE_UNCLASSIFIED,BALANCE
4413.7,4415.7,4413.4,4415.4,0,0,0,0,0.8638856056510237,ASIA,5,0.03782707622286454,day_anchor_std,server_midnight,1,0,0,0,0,0,UNCLASSIFIED,BALANCE_UNCLASSIFIED,BALANCE
4415.2,4416.25,4415.2,4415.7,0,0,0,0,0.8638856056510237,ASIA,5,0.03782707622286454,day_anchor_std,server_midnight,1,0,0,0,0,0,UNCLASSIFIED,BALANCE_UNCLASSIFIED,BALANCE
4415.4,4415.75,4414.4,4414.7,0,0,0,0,0.8638856056510237,ASIA,5,0.03782707622286454,day_anchor_std,server_midnight,1,0,0,0,0,0,UNCLASSIFIED,BALANCE_UNCLASSIFIED,BALANCE
4414.45,4414.7,4413.2,4413.7,0,0,0,0,0.42159234874579926,ASIA,6,0.03866841110614679,day_anchor_std,server_midnight,1,0,0,0,0,0,BALANCE_LEAKING,BALANCE_LEAKING,BALANCE
4413.4,4414.2,4412.9,4413.4,0,0,0,0,0.42159234874579926,ASIA,6,0.03866841110614679,day_anchor_std,server_midnight,1,0,0,0,0,0,BALANCE_LEAKING,BALANCE_LEAKING,BALANCE
4413.3,4414.25,4412.2,4413.9,0,0,0,0,0.42159234874579926,ASIA,6,0.03866841110614679,day_anchor_std,server_midnight,1,0,0,0,0,0,BALANCE_LEAKING,BALANCE_LEAKING,BALANCE
4413.95,4415.4,4413.4,4414.7,0,0,0,0,0.42159234874579926,ASIA,6,0.03866841110614679,day_anchor_std,server_midnight,1,0,0,0,0,0,BALANCE_LEAKING,BALANCE_LEAKING,BALANCE
4416.35,4419.65,4414.6,4417.55,0,0,0,1,0.8695051328163649,LONDON,1,4.744242947610838,day_anchor_std,server_midnight,0,0,1,0,0,0,UNCLASSIFIED,TRANSITION_UNCLASSIFIED,TRANSITION
4417.25,4477.4,4408.75,4475.2,0,0,0,1,0.8695051328163649,LONDON,1,4.744242947610838,day_anchor_std,server_midnight,0,0,1,0,0,0,UNCLASSIFIED,TRANSITION_UNCLASSIFIED,TRANSITION
4475.15,4475.15,4469.45,4473.9,0,0,0,1,0.8695051328163649,LONDON,1,4.744242947610838,day_anchor_std,server_midnight,0,0,1,0,0,0,UNCLASSIFIED,TRANSITION_UNCLASSIFIED,TRANSITION
4473.65,4490.45,4471.35,4489.35,0,0,0,1,0.8695051328163649,LONDON,1,4.744242947610838,day_anchor_std,server_midnight,0,0,1,0,0,0,UNCLASSIFIED,TRANSITION_UNCLASSIFIED,TRANSITION
4507.75,4511.15,4504.95,4511.15,0,0,0,0,0.33876486428105435,NY,2,0.020074224021558118,day_anchor_std,server_midnight,1,0,0,0,0,0,BALANCE_LEAKING,BALANCE_LEAKING,BALANCE
4510.75,4512.95,4506.15,4507.05,0,0,0,0,0.33876486428105435,NY,2,0.020074224021558118,day_anchor_std,server_midnight,1,0,0,0,0,0,BALANCE_LEAKING,BALANCE_LEAKING,BALANCE
4506.95,4507.75,4497.45,4506.75,0,0,0,0,0.33876486428105435,NY,2,0.020074224021558118,day_anchor_std,server_midnight,1,0,0,0,0,0,BALANCE_LEAKING,BALANCE_LEAKING,BALANCE
4506.55,4512.3,4505.25,4511.7,0,0,0,0,0.33876486428105435,NY,2,0.020074224021558118,day_anchor_std,server_midnight,1,0,0,0,0,0,BALANCE_LEAKING,BALANCE_LEAKING,BALANCE
4512.95,4515.45,4511.65,4513.1,0,0,0,1,0.9922341989244603,LONDON,1,1.5861206494552844,day_anchor_std,server_midnight,0,0,1,0,0,0,UNCLASSIFIED,TRANSITION_UNCLASSIFIED,TRANSITION
4513.15,4519.15,4512.1,4517.9,0,0,0,1,0.9922341989244603,LONDON,1,1.5861206494552844,day_anchor_std,server_midnight,0,0,1,0,0,0,UNCLASSIFIED,TRANSITION_UNCLASSIFIED,TRANSITION
4518.05,4520.55,4512.95,4512.95,0,0,0,1,0.9922341989244603,LONDON,1,1.5861206494552844,day_anchor_std,server_midnight,0,0,1,0,0,0,UNCLASSIFIED,TRANSITION_UNCLASSIFIED,TRANSITION
4513.45,4529.25,4513.15,4529.25,0,0,0,1,0.9922341989244603,LONDON,1,1.5861206494552844,day_anchor_std,server_midnight,0,0,1,0,0,0,UNCLASSIFIED,TRANSITION_UNCLASSIFIED,TRANSITION
4529.45,4531.0,4522.4,4527.25,0,0,0,1,0.9969581714609161,LONDON,2,1.9462909441233078,day_anchor_std,server_midnight,0,0,1,0,0,0,UNCLASSIFIED,TRANSITION_UNCLASSIFIED,TRANSITION
4527.25,4533.85,4525.35,4533.85,0,0,0,1,0.9969581714609161,LONDON,2,1.9462909441233078,day_anchor_std,server_midnight,0,0,1,0,0,0,UNCLASSIFIED,TRANSITION_UNCLASSIFIED,TRANSITION
4534.25,4535.75,4533.15,4534.35,0,0,0,1,0.9969581714609161,LONDON,2,1.9462909441233078,day_anchor_std,server_midnight,0,0,1,0,0,0,UNCLASSIFIED,TRANSITION_UNCLASSIFIED,TRANSITION
4534.65,4536.75,4533.65,4535.4,0,0,0,1,0.9969581714609161,LONDON,2,1.9462909441233078,day_anchor_std,server_midnight,0,0,1,0,0,0,UNCLASSIFIED,TRANSITION_UNCLASSIFIED,TRANSITION
4554.05,4555.05,4553.75,4554.25,0,0,0,2,0.9985696598896716,ASIA,6,0.10260920551154219,day_anchor_std,server_midnight,0,0,0,1,0,0,TREND_STRONG,TREND_STRONG,TREND
4554.25,4555.75,4553.55,4554.05,0,0,0,2,0.9985696598896716,ASIA,6,0.10260920551154219,day_anchor_std,server_midnight,0,0,0,1,0,0,TREND_STRONG,TREND_STRONG,TREND
4554.25,4554.25,4553.55,4553.75,0,0,0,2,0.9985696598896716,ASIA,6,0.10260920551154219,day_anchor_std,server_midnight,0,0,0,1,0,0,TREND_STRONG,TREND_STRONG,TREND
4553.75,4553.75,4552.25,4552.75,0,0,0,2,0.9985696598896716,ASIA,6,0.10260920551154219,day_anchor_std,server_midnight,0,0,0,1,0,0,TREND_STRONG,TREND_STRONG,TREND
4552.75,4554.05,4552.05,4552.25,0,0,0,2,0.9987067914334552,ASIA,7,0.05511811023630906,day_anchor_std,server_midnight,0,0,0,1,0,0,TREND_STRONG,TREND_STRONG,TREND
4552.25,4553.75,4551.55,4551.85,0,0,0,2,0.9987067914334552,ASIA,7,0.05511811023630906,day_anchor_std,server_midnight,0,0,0,1,0,0,TREND_STRONG,TREND_STRONG,TREND
4551.85,4552.55,4549.45,4550.75,0,0,0,2,0.9987067914334552,ASIA,7,0.05511811023630906,day_anchor_std,server_midnight,0,0,0,1,0,0,TREND_STRONG,TREND_STRONG,TREND
4550.75,4552.7,4550.55,4552.65,0,0,0,2,0.9987067914334552,ASIA,7,0.05511811023630906,day_anchor_std,server_midnight,0,0,0,1,0,0,TREND_STRONG,TREND_STRONG,TREND
4552.75,4552.75,4550.05,4550.55,0,0,0,2,0.9277020437159481,ASIA,8,0.599298245614102,day_anchor_std,server_midnight,0,0,0,1,0,0,TREND_STRONG,TREND_STRONG,TREND
4550.25,4550.75,4546.45,4547.05,0,0,0,2,0.9277020437159481,ASIA,8,0.599298245614102,day_anchor_std,server_midnight,0,0,0,1,0,0,TREND_STRONG,TREND_STRONG,TREND
4547.25,4549.75,4546.25,4547.55,0,0,0,2,0.9277020437159481,ASIA,8,0.599298245614102,day_anchor_std,server_midnight,0,0,0,1,0,0,TREND_STRONG,TREND_STRONG,TREND
4547.55,4549.05,4545.8,4546.8,0,0,0,2,0.9277020437159481,ASIA,8,0.599298245614102,day_anchor_std,server_midnight,0,0,0,1,0,0,TREND_STRONG,TREND_STRONG,TREND
4546.85,4548.55,4545.25,4547.75,0,0,0,2,0.8528821540312316,ASIA,9,0.5277893277893733,day_anchor_std,server_midnight,0,0,0,1,0,0,TREND_STRONG,TREND_STRONG,TREND
4547.75,4549.55,4544.05,4544.55,0,0,0,2,0.8528821540312316,ASIA,9,0.5277893277893733,day_anchor_std,server_midnight,0,0,0,1,0,0,TREND_STRONG,TREND_STRONG,TREND
4544.55,4548.25,4543.75,4547.25,0,0,0,2,0.8528821540312316,ASIA,9,0.5277893277893733,day_anchor_std,server_midnight,0,0,0,1,0,0,TREND_STRONG,TREND_STRONG,TREND
4547.55,4549.25,4546.55,4546.55,0,0,0,2,0.8528821540312316,ASIA,9,0.5277893277893733,day_anchor_std,server_midnight,0,0,0,1,0,0,TREND_STRONG,TREND_STRONG,TREND
4548.45,4548.45,4545.95,4545.95,0,0,0,0,0.8815559273978794,ASIA,4,0.07582471688825768,day_anchor_std,server_midnight,1,0,0,0,0,0,BALANCE_LEAKING,BALANCE_LEAKING,BALANCE
4545.95,4548.25,4545.95,4547.95,0,0,0,0,0.8815559273978794,ASIA,4,0.07582471688825768,day_anchor_std,server_midnight,1,0,0,0,0,0,BALANCE_LEAKING,BALANCE_LEAKING,BALANCE
4547.95,4548.25,4547.25,4547.75,0,0,0,0,0.8815559273978794,ASIA,4,0.07582471688825768,day_anchor_std,server_midnight,1,0,0,0,0,0,BALANCE_LEAKING,BALANCE_LEAKING,BALANCE
4547.75,4548.45,4547.45,4547.75,0,0,0,0,0.8815559273978794,ASIA,4,0.07582471688825768,day_anchor_std,server_midnight,1,0,0,0,0,0,BALANCE_LEAKING,BALANCE_LEAKING,BALANCE
4543.65,4550.45,4543.55,4548.15,0,0,0,1,0.8653824846451783,LONDON,3,1.7139128164969875,day_anchor_std,server_midnight,0,0,1,0,0,0,UNCLASSIFIED,TRANSITION_UNCLASSIFIED,TRANSITION
4548.15,4561.85,4546.95,4559.45,0,0,0,1,0.8653824846451783,LONDON,3,1.7139128164969875,day_anchor_std,server_midnight,0,0,1,0,0,0,UNCLASSIFIED,TRANSITION_UNCLASSIFIED,TRANSITION
4559.75,4564.55,4557.05,4563.45,0,0,0,1,0.8653824846451783,LONDON,3,1.7139128164969875,day_anchor_std,server_midnight,0,0,1,0,0,0,UNCLASSIFIED,TRANSITION_UNCLASSIFIED,TRANSITION
4563.75,4570.65,4563.25,4568.15,0,0,0,1,0.8653824846451783,LONDON,3,1.7139128164969875,day_anchor_std,server_midnight,0,0,1,0,0,0,UNCLASSIFIED,TRANSITION_UNCLASSIFIED,TRANSITION
4551.85,4553.45,4549.45,4550.15,0,0,0,0,0.8805030276704187,NY,2,0.360025127979026,day_anchor_std,server_midnight,1,0,0,0,0,0,UNCLASSIFIED,BALANCE_UNCLASSIFIED,BALANCE
4550.35,4557.15,4547.65,4555.15,0,0,0,0,0.8805030276704187,NY,2,0.360025127979026,day_anchor_std,server_midnight,1,0,0,0,0,0,UNCLASSIFIED,BALANCE_UNCLASSIFIED,BALANCE
4555.35,4555.85,4547.65,4551.65,0,0,0,0,0.8805030276704187,NY,2,0.360025127979026,day_anchor_std,server_midnight,1,0,0,0,0,0,UNCLASSIFIED,BALANCE_UNCLASSIFIED,BALANCE
4551.55,4558.95,4550.35,4556.65,0,0,0,0,0.8805030276704187,NY,2,0.360025127979026,day_anchor_std,server_midnight,1,0,0,0,0,0,UNCLASSIFIED,BALANCE_UNCLASSIFIED,BALANCE
4561.75,4562.05,4559.75,4561.0,0,0,0,0,0.8667527084000066,ASIA,6,0.09114583333330017,day_anchor_std,server_midnight,1,0,0,0,0,0,BALANCE_LEAKING,BALANCE_LEAKING,BALANCE
4561.25,4563.75,4560.75,4563.25,0,0,0,0,0.8667527084000066,ASIA,6,0.09114583333330017,day_anchor_std,server_midnight,1,0,0,0,0,0,BALANCE_LEAKING,BALANCE_LEAKING,BALANCE
4563.05,4564.25,4563.05,4564.25,0,0,0,0,0.8667527084000066,ASIA,6,0.09114583333330017,day_anchor_std,server_midnight,1,0,0,0,0,0,BALANCE_LEAKING,BALANCE_LEAKING,BALANCE
4564.25,4564.25,4563.0,4563.25,0,0,0,0,0.8667527084000066,ASIA,6,0.09114583333330017,day_anchor_std,server_midnight,1,0,0,0,0,0,BALANCE_LEAKING,BALANCE_LEAKING,BALANCE
4563.25,4563.75,4561.55,4562.65,0,0,0,0,0.9315465517566157,ASIA,7,0.17891963109355755,day_anchor_std,server_midnight,1,0,0,0,0,0,BALANCE_LEAKING,BALANCE_LEAKING,BALANCE
4562.55,4563.25,4561.5,4563.05,0,0,0,0,0.9315465517566157,ASIA,7,0.17891963109355755,day_anchor_std,server_midnight,1,0,0,0,0,0,BALANCE_LEAKING,BALANCE_LEAKING,BALANCE
4562.75,4562.95,4561.25,4561.75,0,0,0,0,0.9315465517566157,ASIA,7,0.17891963109355755,day_anchor_std,server_midnight,1,0,0,0,0,0,BALANCE_LEAKING,BALANCE_LEAKING,BALANCE
4562.55,4564.55,4562.5,4564.25,0,0,0,0,0.9315465517566157,ASIA,7,0.17891963109355755,day_anchor_std,server_midnight,1,0,0,0,0,0,BALANCE_LEAKING,BALANCE_LEAKING,BALANCE
4564.25,4564.25,4562.25,4563.25,0,0,0,0,0.9151763032228765,ASIA,8,0.3365613319741453,day_anchor_std,server_midnight,1,0,0,0,0,0,BALANCE_LEAKING,BALANCE_LEAKING,BALANCE
4563.25,4563.55,4561.25,4561.75,0,0,0,0,0.9151763032228765,ASIA,8,0.3365613319741453,day_anchor_std,server_midnight,1,0,0,0,0,0,BALANCE_LEAKING,BALANCE_LEAKING,BALANCE
4562.55,4564.55,4560.75,4560.75,0,0,0,0,0.9151763032228765,ASIA,8,0.3365613319741453,day_anchor_std,server_midnight,1,0,0,0,0,0,BALANCE_LEAKING,BALANCE_LEAKING,BALANCE
4560.75,4568.55,4560.75,4566.55,0,0,0,0,0.9151763032228765,ASIA,8,0.3365613319741453,day_anchor_std,server_midnight,1,0,0,0,0,0,BALANCE_LEAKING,BALANCE_LEAKING,BALANCE
4566.8,4567.05,4565.05,4566.55,0,0,0,0,0.15323738141264637,ASIA,2,9.456313275024965e-14,day_anchor_std,server_midnight,1,0,0,0,0,0,BALANCE_LEAKING,BALANCE_LEAKING,BALANCE
4566.3,4568.05,4565.05,4567.05,0,0,0,0,0.15323738141264637,ASIA,2,9.456313275024965e-14,day_anchor_std,server_midnight,1,0,0,0,0,0,BALANCE_LEAKING,BALANCE_LEAKING,BALANCE
4567.05,4568.25,4566.55,4566.55,0,0,0,0,0.15323738141264637,ASIA,2,9.456313275024965e-14,day_anchor_std,server_midnight,1,0,0,0,0,0,BALANCE_LEAKING,BALANCE_LEAKING,BALANCE
4566.3,4566.8,4565.25,4566.55,0,0,0,0,0.15323738141264637,ASIA,2,9.456313275024965e-14,day_anchor_std,server_midnight,1,0,0,0,0,0,BALANCE_LEAKING,BALANCE_LEAKING,BALANCE
4568.45,4575.0,4559.65,4560.45,0,0,0,1,0.9982981762522615,LONDON,1,1.4025877315460642,day_anchor_std,server_midnight,0,0,1,0,0,0,UNCLASSIFIED,TRANSITION_UNCLASSIFIED,TRANSITION
4560.25,4568.25,4556.75,4566.75,0,0,0,1,0.9982981762522615,LONDON,1,1.4025877315460642,day_anchor_std,server_midnight,0,0,1,0,0,0,UNCLASSIFIED,TRANSITION_UNCLASSIFIED,TRANSITION
4567.05,4579.15,4557.55,4577.75,0,0,0,1,0.9982981762522615,LONDON,1,1.4025877315460642,day_anchor_std,server_midnight,0,0,1,0,0,0,UNCLASSIFIED,TRANSITION_UNCLASSIFIED,TRANSITION
4578.05,4591.2,4571.95,4586.95,0,0,0,1,0.9982981762522615,LONDON,1,1.4025877315460642,day_anchor_std,server_midnight,0,0,1,0,0,0,UNCLASSIFIED,TRANSITION_UNCLASSIFIED,TRANSITION
4564.15,4566.05,4560.05,4563.55,0,0,0,2,0.4947648441651148,NY,4,0.7093732879765796,day_anchor_std,server_midnight,0,0,0,0,1,0,TREND_STRONG,TREND_STRONG,TREND
4563.45,4567.15,4562.05,4565.15,0,0,0,2,0.4947648441651148,NY,4,0.7093732879765796,day_anchor_std,server_midnight,0,0,0,0,1,0,TREND_STRONG,TREND_STRONG,TREND
4565.15,4566.85,4562.2,4565.9,0,0,0,2,0.4947648441651148,NY,4,0.7093732879765796,day_anchor_std,server_midnight,0,0,0,0,1,0,TREND_STRONG,TREND_STRONG,TREND
4566.05,4574.3,4563.8,4571.45,0,0,0,2,0.4947648441651148,NY,4,0.7093732879765796,day_anchor_std,server_midnight,0,0,0,0,1,0,TREND_STRONG,TREND_STRONG,TREND
4580.7,4583.7,4579.2,4580.7,0,0,0,2,0.7408221890055477,ASIA,3,0.12039532794241159,day_anchor_std,server_midnight,0,0,0,1,0,0,TREND_STRONG,TREND_STRONG,TREND
4580.7,4581.45,4576.9,4580.4,0,0,0,2,0.7408221890055477,ASIA,3,0.12039532794241159,day_anchor_std,server_midnight,0,0,0,1,0,0,TREND_STRONG,TREND_STRONG,TREND
4580.2,4581.9,4579.4,4580.9,0,0,0,2,0.7408221890055477,ASIA,3,0.12039532794241159,day_anchor_std,server_midnight,0,0,0,1,0,0,TREND_STRONG,TREND_STRONG,TREND
4580.9,4584.7,4580.9,4584.2,0,0,0,2,0.7408221890055477,ASIA,3,0.12039532794241159,day_anchor_std,server_midnight,0,0,0,1,0,0,TREND_STRONG,TREND_STRONG,TREND
4569.55,4570.2,4563.5,4563.9,0,0,0,1,0.1842702647937572,NY,3,2.507626738447755,day_anchor_std,server_midnight,0,0,1,0,0,0,UNCLASSIFIED,TRANSITION_UNCLASSIFIED,TRANSITION
4563.95,4568.6,4563.45,4563.45,0,0,0,1,0.1842702647937572,NY,3,2.507626738447755,day_anchor_std,server_midnight,0,0,1,0,0,0,UNCLASSIFIED,TRANSITION_UNCLASSIFIED,TRANSITION
4563.55,4564.15,4553.85,4555.35,0,0,0,1,0.1842702647937572,NY,3,2.507626738447755,day_anchor_std,server_midnight,0,0,1,0,0,0,UNCLASSIFIED,TRANSITION_UNCLASSIFIED,TRANSITION
4555.35,4557.55,4548.85,4552.95,0,0,0,1,0.1842702647937572,NY,3,2.507626738447755,day_anchor_std,server_midnight,0,0,1,0,0,0,UNCLASSIFIED,TRANSITION_UNCLASSIFIED,TRANSITION
4584.45,4585.25,4583.45,4584.75,0,0,0,2,0.9984445552083984,ASIA,7,0.1156106082261558,day_anchor_std,server_midnight,0,0,0,1,0,0,TREND_STRONG,TREND_STRONG,TREND
4584.95,4585.95,4583.95,4585.85,0,0,0,2,0.9984445552083984,ASIA,7,0.1156106082261558,day_anchor_std,server_midnight,0,0,0,1,0,0,TREND_STRONG,TREND_STRONG,TREND
4585.95,4586.45,4585.25,4585.75,0,0,0,2,0.9984445552083984,ASIA,7,0.1156106082261558,day_anchor_std,server_midnight,0,0,0,1,0,0,TREND_STRONG,TREND_STRONG,TREND
4585.75,4586.25,4585.45,4586.25,0,0,0,2,0.9984445552083984,ASIA,7,0.1156106082261558,day_anchor_std,server_midnight,0,0,0,1,0,0,TREND_STRONG,TREND_STRONG,TREND
4586.45,4586.75,4584.45,4584.95,0,0,0,2,0.910802609699226,ASIA,8,0.19248601119105532,day_anchor_std,server_midnight,0,0,0,1,0,0,TREND_STRONG,TREND_STRONG,TREND
4584.95,4585.45,4583.95,4584.75,0,0,0,2,0.910802609699226,ASIA,8,0.19248601119105532,day_anchor_std,server_midnight,0,0,0,1,0,0,TREND_STRONG,TREND_STRONG,TREND
4584.75,4584.95,4584.25,4584.45,0,0,0,2,0.910802609699226,ASIA,8,0.19248601119105532,day_anchor_std,server_midnight,0,0,0,1,0,0,TREND_STRONG,TREND_STRONG,TREND
4584.45,4584.45,4582.95,4583.45,0,0,0,2,0.910802609699226,ASIA,8,0.19248601119105532,day_anchor_std,server_midnight,0,0,0,1,0,0,TREND_STRONG,TREND_STRONG,TREND
4583.75,4583.75,4581.15,4581.45,0,0,0,2,0.9617978572537544,ASIA,9,0.08533498631121839,day_anchor_std,server_midnight,0,0,0,1,0,0,TREND_STRONG,TREND_STRONG,TREND
4581.65,4581.65,4579.95,4580.15,0,0,0,2,0.9617978572537544,ASIA,9,0.08533498631121839,day_anchor_std,server_midnight,0,0,0,1,0,0,TREND_STRONG,TREND_STRONG,TREND
4580.45,4581.45,4577.45,4580.7,0,0,0,2,0.9617978572537544,ASIA,9,0.08533498631121839,day_anchor_std,server_midnight,0,0,0,1,0,0,TREND_STRONG,TREND_STRONG,TREND
4580.65,4583.65,4580.45,4583.45,0,0,0,2,0.9617978572537544,ASIA,9,0.08533498631121839,day_anchor_std,server_midnight,0,0,0,1,0,0,TREND_STRONG,TREND_STRONG,TREND
4583.15,4588.45,4582.95,4586.95,0,0,0,2,0.9988643559586069,ASIA,10,0.5330323551543127,day_anchor_std,server_midnight,0,0,0,1,0,0,TREND_STRONG,TREND_STRONG,TREND
4587.15,4587.65,4586.15,4587.45,0,0,0,2,0.9988643559586069,ASIA,10,0.5330323551543127,day_anchor_std,server_midnight,0,0,0,1,0,0,TREND_STRONG,TREND_STRONG,TREND
4587.15,4589.65,4586.15,4589.45,0,0,0,2,0.9988643559586069,ASIA,10,0.5330323551543127,day_anchor_std,server_midnight,0,0,0,1,0,0,TREND_STRONG,TREND_STRONG,TREND
4589.45,4590.15,4588.65,4588.65,0,0,0,2,0.9988643559586069,ASIA,10,0.5330323551543127,day_anchor_std,server_midnight,0,0,0,1,0,0,TREND_STRONG,TREND_STRONG,TREND
4606.4,4608.4,4602.9,4604.95,0,0,0,2,0.9914230712022245,LONDON,3,0.4337606837606811,day_anchor_std,server_midnight,0,0,0,0,1,0,TREND_STRONG,TREND_STRONG,TREND
4604.65,4606.4,4603.45,4605.15,0,0,0,2,0.9914230712022245,LONDON,3,0.4337606837606811,day_anchor_std,server_midnight,0,0,0,0,1,0,TREND_STRONG,TREND_STRONG,TREND
4604.95,4607.95,4601.95,4603.5,0,0,0,2,0.9914230712022245,LONDON,3,0.4337606837606811,day_anchor_std,server_midnight,0,0,0,0,1,0,TREND_STRONG,TREND_STRONG,TREND
4603.25,4609.95,4600.95,4609.95,0,0,0,2,0.9914230712022245,LONDON,3,0.4337606837606811,day_anchor_std,server_midnight,0,0,0,0,1,0,TREND_STRONG,TREND_STRONG,TREND
4609.95,4611.7,4605.4,4608.15,0,0,0,2,0.17760455849442985,LONDON,4,0.47193211488253517,day_anchor_std,server_midnight,0,0,0,0,1,0,TREND_STRONG,TREND_STRONG,TREND
4608.15,4617.35,4606.95,4613.45,0,0,0,2,0.17760455849442985,LONDON,4,0.47193211488253517,day_anchor_std,server_midnight,0,0,0,0,1,0,TREND_STRONG,TREND_STRONG,TREND
4613.45,4616.15,4605.85,4610.4,0,0,0,2,0.17760455849442985,LONDON,4,0.47193211488253517,day_anchor_std,server_midnight,0,0,0,0,1,0,TREND_STRONG,TREND_STRONG,TREND
4610.4,4611.45,4604.75,4610.95,0,0,0,2,0.17760455849442985,LONDON,4,0.47193211488253517,day_anchor_std,server_midnight,0,0,0,0,1,0,TREND_STRONG,TREND_STRONG,TREND
4622.55,4624.9,4621.3,4624.0,0,0,0,1,0.48401694599978257,NY,1,2.0860283915039313,day_anchor_std,server_midnight,0,0,1,0,0,0,UNCLASSIFIED,TRANSITION_UNCLASSIFIED,TRANSITION
4624.25,4624.85,4620.9,4621.8,0,0,0,1,0.48401694599978257,NY,1,2.0860283915039313,day_anchor_std,server_midnight,0,0,1,0,0,0,UNCLASSIFIED,TRANSITION_UNCLASSIFIED,TRANSITION
4622.0,4624.7,4619.8,4621.3,0,0,0,1,0.48401694599978257,NY,1,2.0860283915039313,day_anchor_std,server_midnight,0,0,1,0,0,0,UNCLASSIFIED,TRANSITION_UNCLASSIFIED,TRANSITION
4621.2,4628.35,4620.7,4626.3,0,0,0,1,0.48401694599978257,NY,1,2.0860283915039313,day_anchor_std,server_midnight,0,0,1,0,0,0,UNCLASSIFIED,TRANSITION_UNCLASSIFIED,TRANSITION
4653.25,4656.1,4652.55,4655.25,0,0,0,2,0.9920283381837938,LONDON,3,0.15029983911072428,day_anchor_std,server_midnight,0,0,0,0,1,0,UNCLASSIFIED,TREND_UNCLASSIFIED,TREND
4655.25,4656.05,4653.85,4654.35,0,0,0,2,0.9920283381837938,LONDON,3,0.15029983911072428,day_anchor_std,server_midnight,0,0,0,0,1,0,UNCLASSIFIED,TREND_UNCLASSIFIED,TREND
4654.2,4655.0,4652.75,4653.05,0,0,0,2,0.9920283381837938,LONDON,3,0.15029983911072428,day_anchor_std,server_midnight,0,0,0,0,1,0,UNCLASSIFIED,TREND_UNCLASSIFIED,TREND
4653.05,4654.55,4652.25,4652.75,0,0,0,2,0.9920283381837938,LONDON,3,0.15029983911072428,day_anchor_std,server_midnight,0,0,0,0,1,0,UNCLASSIFIED,TREND_UNCLASSIFIED,TREND
4653.05,4655.05,4652.25,4653.85,0,0,0,2,0.997770898537757,LONDON,4,0.3387522382433718,day_anchor_std,server_midnight,0,0,0,0,1,0,TREND_STRONG,TREND_STRONG,TREND
4654.15,4660.05,4654.05,4659.25,0,0,0,2,0.997770898537757,LONDON,4,0.3387522382433718,day_anchor_std,server_midnight,0,0,0,0,1,0,TREND_STRONG,TREND_STRONG,TREND
4659.05,4659.55,4650.55,4651.05,0,0,0,2,0.997770898537757,LONDON,4,0.3387522382433718,day_anchor_std,server_midnight,0,0,0,0,1,0,TREND_STRONG,TREND_STRONG,TREND
4651.05,4654.85,4649.55,4651.05,0,0,0,2,0.997770898537757,LONDON,4,0.3387522382433718,day_anchor_std,server_midnight,0,0,0,0,1,0,TREND_STRONG,TREND_STRONG,TREND
4650.95,4655.45,4648.55,4654.75,0,0,0,2,0.7726860846009959,LONDON,5,0.08661202185802055,day_anchor_std,server_midnight,0,0,0,0,1,0,TREND_STRONG,TREND_STRONG,TREND
4654.75,4659.55,4653.75,4658.05,0,0,0,2,0.7726860846009959,LONDON,5,0.08661202185802055,day_anchor_std,server_midnight,0,0,0,0,1,0,TREND_STRONG,TREND_STRONG,TREND
4658.05,4659.75,4655.15,4655.55,0,0,0,2,0.7726860846009959,LONDON,5,0.08661202185802055,day_anchor_std,server_midnight,0,0,0,0,1,0,TREND_STRONG,TREND_STRONG,TREND
4655.65,4657.05,4652.85,4653.15,0,0,0,2,0.7726860846009959,LONDON,5,0.08661202185802055,day_anchor_std,server_midnight,0,0,0,0,1,0,TREND_STRONG,TREND_STRONG,TREND
4653.25,4653.65,4651.15,4652.35,0,0,0,2,0.4642131613481311,NY,6,0.535341472045417,day_anchor_std,server_midnight,0,0,0,0,1,0,TREND_STRONG,TREND_STRONG,TREND
4652.05,4653.05,4650.25,4651.75,0,0,0,2,0.4642131613481311,NY,6,0.535341472045417,day_anchor_std,server_midnight,0,0,0,0,1,0,TREND_STRONG,TREND_STRONG,TREND
4651.85,4652.05,4647.85,4648.55,0,0,0,2,0.4642131613481311,NY,6,0.535341472045417,day_anchor_std,server_midnight,0,0,0,0,1,0,TREND_STRONG,TREND_STRONG,TREND
4648.65,4652.85,4648.15,4650.15,0,0,0,2,0.4642131613481311,NY,6,0.535341472045417,day_anchor_std,server_midnight,0,0,0,0,1,0,TREND_STRONG,TREND_STRONG,TREND
4650.15,4685.2,4650.15,4681.35,0,0,0,2,0.4941942228273672,NY,7,5.193510438885634,day_anchor_std,server_midnight,0,0,0,0,0,1,TREND_STRONG,TREND_STRONG,TREND
4681.45,4707.9,4677.45,4704.75,0,0,0,2,0.4941942228273672,NY,7,5.193510438885634,day_anchor_std,server_midnight,0,0,0,0,0,1,TREND_STRONG,TREND_STRONG,TREND
4704.8,4714.6,4687.4,4694.85,0,0,0,2,0.4941942228273672,NY,7,5.193510438885634,day_anchor_std,server_midnight,0,0,0,0,0,1,TREND_STRONG,TREND_STRONG,TREND
4694.85,4711.85,4690.8,4711.05,0,0,0,2,0.4941942228273672,NY,7,5.193510438885634,day_anchor_std,server_midnight,0,0,0,0,0,1,TREND_STRONG,TREND_STRONG,TREND
4711.15,4713.8,4709.65,4711.35,0,0,0,2,0.9921618089858966,NY_PM,8,4.781982633863964,day_anchor_std,server_midnight,0,0,0,0,0,1,TREND_STRONG,TREND_STRONG,TREND
4711.15,4711.85,4708.35,4708.35,0,0,0,2,0.9921618089858966,NY_PM,8,4.781982633863964,day_anchor_std,server_midnight,0,0,0,0,0,1,TREND_STRONG,TREND_STRONG,TREND
4711.5,4715.5,4710.5,4715.3,0,0,0,2,0.9825361952511927,NY_PM,9,5.947905202142484,day_anchor_std,server_midnight,0,0,0,0,0,1,TREND_STRONG,TREND_STRONG,TREND
4715.0,4719.3,4715.0,4718.85,0,0,0,2,0.9825361952511927,NY_PM,9,5.947905202142484,day_anchor_std,server_midnight,0,0,0,0,0,1,TREND_STRONG,TREND_STRONG,TREND
4718.85,4725.4,4718.85,4724.1,0,0,0,2,0.9825361952511927,NY_PM,9,5.947905202142484,day_anchor_std,server_midnight,0,0,0,0,0,1,TREND_STRONG,TREND_STRONG,TREND
4724.4,4726.4,4724.3,4726.1,0,0,0,2,0.9825361952511927,NY_PM,9,5.947905202142484,day_anchor_std,server_midnight,0,0,0,0,0,1,TREND_STRONG,TREND_STRONG,TREND
4726.1,4726.4,4724.4,4725.1,0,0,0,2,0.979721061325775,NY_PM,10,5.79770180436838,day_anchor_std,server_midnight,0,0,0,0,0,1,TREND_STRONG,TREND_STRONG,TREND
4725.4,4729.1,4724.9,4727.6,0,0,0,2,0.979721061325775,NY_PM,10,5.79770180436838,day_anchor_std,server_midnight,0,0,0,0,0,1,TREND_STRONG,TREND_STRONG,TREND
4727.35,4730.6,4727.35,4730.6,0,0,0,2,0.979721061325775,NY_PM,10,5.79770180436838,day_anchor_std,server_midnight,0,0,0,0,0,1,TREND_STRONG,TREND_STRONG,TREND
4730.6,4731.1,4727.4,4728.4,0,0,0,2,0.979721061325775,NY_PM,10,5.79770180436838,day_anchor_std,server_midnight,0,0,0,0,0,1,TREND_STRONG,TREND_STRONG,TREND
4728.6,4729.1,4726.05,4726.1,0,0,0,2,0.9830503355195348,ASIA,11,0.19720531890914464,day_anchor_std,server_midnight,0,0,0,1,0,0,UNCLASSIFIED,TREND_UNCLASSIFIED,TREND
4726.25,4726.9,4724.35,4726.4,0,0,0,2,0.9830503355195348,ASIA,11,0.19720531890914464,day_anchor_std,server_midnight,0,0,0,1,0,0,UNCLASSIFIED,TREND_UNCLASSIFIED,TREND
4726.1,4729.1,4726.1,4728.6,0,0,0,2,0.9830503355195348,ASIA,11,0.19720531890914464,day_anchor_std,server_midnight,0,0,0,1,0,0,UNCLASSIFIED,TREND_UNCLASSIFIED,TREND
4728.9,4730.6,4727.85,4730.6,0,0,0,2,0.9830503355195348,ASIA,11,0.19720531890914464,day_anchor_std,server_midnight,0,0,0,1,0,0,UNCLASSIFIED,TREND_UNCLASSIFIED,TREND
4730.9,4730.9,4729.6,4729.9,0,0,0,2,0.9979260969272834,ASIA,12,0.07402407469902106,day_anchor_std,server_midnight,0,0,0,1,0,0,UNCLASSIFIED,TREND_UNCLASSIFIED,TREND
4729.9,4729.9,4727.35,4728.4,0,0,0,2,0.9979260969272834,ASIA,12,0.07402407469902106,day_anchor_std,server_midnight,0,0,0,1,0,0,UNCLASSIFIED,TREND_UNCLASSIFIED,TREND
4728.1,4728.9,4727.4,4727.6,0,0,0,2,0.9979260969272834,ASIA,12,0.07402407469902106,day_anchor_std,server_midnight,0,0,0,1,0,0,UNCLASSIFIED,TREND_UNCLASSIFIED,TREND
4727.6,4729.6,4727.35,4729.1,0,0,0,2,0.9979260969272834,ASIA,12,0.07402407469902106,day_anchor_std,server_midnight,0,0,0,1,0,0,UNCLASSIFIED,TREND_UNCLASSIFIED,TREND
4728.9,4729.1,4724.9,4725.4,0,0,0,2,0.9982437730745232,ASIA,12,0.26278317152108815,day_anchor_std,server_midnight,0,0,0,1,0,0,UNCLASSIFIED,TREND_UNCLASSIFIED,TREND
4725.55,4725.9,4722.4,4722.4,0,0,0,2,0.9982437730745232,ASIA,12,0.26278317152108815,day_anchor_std,server_midnight,0,0,0,1,0,0,UNCLASSIFIED,TREND_UNCLASSIFIED,TREND
4722.55,4729.4,4722.1,4729.4,0,0,0,2,0.9982437730745232,ASIA,12,0.26278317152108815,day_anchor_std,server_midnight,0,0,0,1,0,0,UNCLASSIFIED,TREND_UNCLASSIFIED,TREND
4729.4,4730.4,4723.55,4724.6,0,0,0,2,0.9982437730745232,ASIA,12,0.26278317152108815,day_anchor_std,server_midnight,0,0,0,1,0,0,UNCLASSIFIED,TREND_UNCLASSIFIED,TREND
4724.4,4724.6,4717.15,4718.35,0,0,0,2,0.9995038198143406,ASIA,12,0.1799587841318718,day_anchor_std,server_midnight,0,0,0,1,0,0,UNCLASSIFIED,TREND_UNCLASSIFIED,TREND
4718.55,4720.85,4717.35,4719.85,0,0,0,2,0.9995038198143406,ASIA,12,0.1799587841318718,day_anchor_std,server_midnight,0,0,0,1,0,0,UNCLASSIFIED,TREND_UNCLASSIFIED,TREND
4719.85,4724.15,4717.85,4724.15,0,0,0,2,0.9995038198143406,ASIA,12,0.1799587841318718,day_anchor_std,server_midnight,0,0,0,1,0,0,UNCLASSIFIED,TREND_UNCLASSIFIED,TREND
4723.95,4727.4,4722.85,4724.6,0,0,0,2,0.9995038198143406,ASIA,12,0.1799587841318718,day_anchor_std,server_midnight,0,0,0,1,0,0,UNCLASSIFIED,TREND_UNCLASSIFIED,TREND
4724.65,4727.35,4721.85,4723.55,0,0,0,2,0.9984247472576702,LONDON,12,0.01967871485945842,day_anchor_std,server_midnight,0,0,0,0,1,0,UNCLASSIFIED,TREND_UNCLASSIFIED,TREND
4723.8,4725.05,4720.55,4722.35,0,0,0,2,0.9984247472576702,LONDON,12,0.01967871485945842,day_anchor_std,server_midnight,0,0,0,0,1,0,UNCLASSIFIED,TREND_UNCLASSIFIED,TREND
4722.35,4728.35,4722.35,4726.55,0,0,0,2,0.9984247472576702,LONDON,12,0.01967871485945842,day_anchor_std,server_midnight,0,0,0,0,1,0,UNCLASSIFIED,TREND_UNCLASSIFIED,TREND
4726.55,4728.55,4725.55,4726.05,0,0,0,2,0.9984247472576702,LONDON,12,0.01967871485945842,day_anchor_std,server_midnight,0,0,0,0,1,0,UNCLASSIFIED,TREND_UNCLASSIFIED,TREND
4726.25,4727.25,4721.35,4725.25,0,0,0,2,0.999096113679931,LONDON,12,0.638668249185901,day_anchor_std,server_midnight,0,0,0,0,1,0,TREND_STRONG,TREND_STRONG,TREND
4723.85,4738.05,4721.15,4738.05,0,0,0,2,0.999096113679931,LONDON,12,0.638668249185901,day_anchor_std,server_midnight,0,0,0,0,1,0,TREND_STRONG,TREND_STRONG,TREND
4737.55,4740.05,4727.85,4728.85,0,0,0,2,0.999096113679931,LONDON,12,0.638668249185901,day_anchor_std,server_midnight,0,0,0,0,1,0,TREND_STRONG,TREND_STRONG,TREND
4729.05,4741.35,4726.35,4735.45,0,0,0,2,0.999096113679931,LONDON,12,0.638668249185901,day_anchor_std,server_midnight,0,0,0,0,1,0,TREND_STRONG,TREND_STRONG,TREND
4735.55,4735.95,4721.95,4726.85,0,0,0,2,0.9963528889004303,LONDON,12,0.11678583588701683,day_anchor_std,server_midnight,0,0,0,0,1,0,UNCLASSIFIED,TREND_UNCLASSIFIED,TREND
4727.05,4732.15,4720.85,4730.15,0,0,0,2,0.9963528889004303,LONDON,12,0.11678583588701683,day_anchor_std,server_midnight,0,0,0,0,1,0,UNCLASSIFIED,TREND_UNCLASSIFIED,TREND
4730.05,4731.05,4718.85,4723.25,0,0,0,2,0.9963528889004303,LONDON,12,0.11678583588701683,day_anchor_std,server_midnight,0,0,0,0,1,0,UNCLASSIFIED,TREND_UNCLASSIFIED,TREND
4723.45,4730.25,4719.55,4729.05,0,0,0,2,0.9963528889004303,LONDON,12,0.11678583588701683,day_anchor_std,server_midnight,0,0,0,0,1,0,UNCLASSIFIED,TREND_UNCLASSIFIED,TREND
4737.3,4742.1,4736.75,4741.4,0,0,0,1,0.9972259166935751,LONDON,3,1.2053040695016204,day_anchor_std,server_midnight,0,0,1,0,0,0,UNCLASSIFIED,TRANSITION_UNCLASSIFIED,TRANSITION
4741.5,4742.0,4734.1,4736.0,0,0,0,1,0.9972259166935751,LONDON,3,1.2053040695016204,day_anchor_std,server_midnight,0,0,1,0,0,0,UNCLASSIFIED,TRANSITION_UNCLASSIFIED,TRANSITION
4736.0,4744.3,4734.3,4743.6,0,0,0,1,0.9972259166935751,LONDON,3,1.2053040695016204,day_anchor_std,server_midnight,0,0,1,0,0,0,UNCLASSIFIED,TRANSITION_UNCLASSIFIED,TRANSITION
4743.1,4745.1,4742.55,4743.25,0,0,0,1,0.9972259166935751,LONDON,3,1.2053040695016204,day_anchor_std,server_midnight,0,0,1,0,0,0,UNCLASSIFIED,TRANSITION_UNCLASSIFIED,TRANSITION
4765.15,4766.65,4763.95,4766.45,0,0,0,2,0.9657790539689947,NY,7,2.8062067054584854,day_anchor_std,server_midnight,0,0,0,0,0,1,TREND_STRONG,TREND_STRONG,TREND
4766.65,4767.35,4763.25,4764.95,0,0,0,2,0.9657790539689947,NY,7,2.8062067054584854,day_anchor_std,server_midnight,0,0,0,0,0,1,TREND_STRONG,TREND_STRONG,TREND
4764.95,4766.35,4761.65,4765.4,0,0,0,2,0.9657790539689947,NY,7,2.8062067054584854,day_anchor_std,server_midnight,0,0,0,0,0,1,TREND_STRONG,TREND_STRONG,TREND
4765.5,4772.95,4764.0,4771.95,0,0,0,2,0.9657790539689947,NY,7,2.8062067054584854,day_anchor_std,server_midnight,0,0,0,0,0,1,TREND_STRONG,TREND_STRONG,TREND
4713.65,4714.35,4713.35,4714.15,0,0,0,2,0.9828429688453426,ASIA,5,0.13851173560677096,day_anchor_std,server_midnight,0,0,0,1,0,0,TREND_STRONG,TREND_STRONG,TREND
4714.15,4714.85,4713.65,4713.85,0,0,0,2,0.9828429688453426,ASIA,5,0.13851173560677096,day_anchor_std,server_midnight,0,0,0,1,0,0,TREND_STRONG,TREND_STRONG,TREND
4713.85,4716.65,4713.15,4716.35,0,0,0,2,0.9828429688453426,ASIA,5,0.13851173560677096,day_anchor_std,server_midnight,0,0,0,1,0,0,TREND_STRONG,TREND_STRONG,TREND
4716.35,4717.85,4715.85,4717.85,0,0,0,2,0.9828429688453426,ASIA,5,0.13851173560677096,day_anchor_std,server_midnight,0,0,0,1,0,0,TREND_STRONG,TREND_STRONG,TREND
4717.65,4719.35,4717.15,4718.65,0,0,0,2,0.9262801064535009,ASIA,6,0.3524495978271967,day_anchor_std,server_midnight,0,0,0,1,0,0,TREND_STRONG,TREND_STRONG,TREND
4718.35,4720.85,4718.35,4720.65,0,0,0,2,0.9262801064535009,ASIA,6,0.3524495978271967,day_anchor_std,server_midnight,0,0,0,1,0,0,TREND_STRONG,TREND_STRONG,TREND
4720.65,4722.15,4720.15,4721.85,0,0,0,2,0.9262801064535009,ASIA,6,0.3524495978271967,day_anchor_std,server_midnight,0,0,0,1,0,0,TREND_STRONG,TREND_STRONG,TREND
4721.85,4722.15,4719.65,4721.65,0,0,0,2,0.9262801064535009,ASIA,6,0.3524495978271967,day_anchor_std,server_midnight,0,0,0,1,0,0,TREND_STRONG,TREND_STRONG,TREND
4721.65,4724.35,4721.35,4723.85,0,0,0,2,0.7434202574778892,ASIA,7,0.6973670834603458,day_anchor_std,server_midnight,0,0,0,1,0,0,UNCLASSIFIED,TREND_UNCLASSIFIED,TREND
4724.15,4726.15,4723.75,4725.15,0,0,0,2,0.7434202574778892,ASIA,7,0.6973670834603458,day_anchor_std,server_midnight,0,0,0,1,0,0,UNCLASSIFIED,TREND_UNCLASSIFIED,TREND
4725.35,4728.65,4725.35,4726.35,0,0,0,2,0.7434202574778892,ASIA,7,0.6973670834603458,day_anchor_std,server_midnight,0,0,0,1,0,0,UNCLASSIFIED,TREND_UNCLASSIFIED,TREND
4726.35,4728.75,4723.15,4727.65,0,0,0,2,0.7434202574778892,ASIA,7,0.6973670834603458,day_anchor_std,server_midnight,0,0,0,1,0,0,UNCLASSIFIED,TREND_UNCLASSIFIED,TREND
4727.35,4730.85,4726.85,4730.25,0,0,0,2,0.963384161966365,ASIA,8,0.24881023200469526,day_anchor_std,server_midnight,0,0,0,1,0,0,UNCLASSIFIED,TREND_UNCLASSIFIED,TREND
4730.25,4730.65,4727.65,4727.65,0,0,0,2,0.963384161966365,ASIA,8,0.24881023200469526,day_anchor_std,server_midnight,0,0,0,1,0,0,UNCLASSIFIED,TREND_UNCLASSIFIED,TREND
4727.65,4727.85,4723.9,4724.4,0,0,0,2,0.963384161966365,ASIA,8,0.24881023200469526,day_anchor_std,server_midnight,0,0,0,1,0,0,UNCLASSIFIED,TREND_UNCLASSIFIED,TREND
4724.2,4725.4,4722.7,4723.2,0,0,0,2,0.963384161966365,ASIA,8,0.24881023200469526,day_anchor_std,server_midnight,0,0,0,1,0,0,UNCLASSIFIED,TREND_UNCLASSIFIED,TREND
4723.4,4727.4,4722.9,4725.2,0,0,0,2,0.9445469148059328,LONDON,9,0.528011204481745,day_anchor_std,server_midnight,0,0,0,0,1,0,UNCLASSIFIED,TREND_UNCLASSIFIED,TREND
4725.2,4725.7,4723.4,4724.4,0,0,0,2,0.9445469148059328,LONDON,9,0.528011204481745,day_anchor_std,server_midnight,0,0,0,0,1,0,UNCLASSIFIED,TREND_UNCLASSIFIED,TREND
4724.7,4728.4,4722.9,4728.2,0,0,0,2,0.9445469148059328,LONDON,9,0.528011204481745,day_anchor_std,server_midnight,0,0,0,0,1,0,UNCLASSIFIED,TREND_UNCLASSIFIED,TREND
4728.2,4728.9,4726.7,4727.2,0,0,0,2,0.9445469148059328,LONDON,9,0.528011204481745,day_anchor_std,server_midnight,0,0,0,0,1,0,UNCLASSIFIED,TREND_UNCLASSIFIED,TREND
4757.6,4766.85,4757.5,4766.85,0,0,0,0,0.8304181698962178,NY_PM,2,0.05013020833335009,day_anchor_std,server_midnight,1,0,0,0,0,0,UNCLASSIFIED,BALANCE_UNCLASSIFIED,BALANCE
4766.85,4768.15,4765.35,4766.65,0,0,0,0,0.8304181698962178,NY_PM,2,0.05013020833335009,day_anchor_std,server_midnight,1,0,0,0,0,0,UNCLASSIFIED,BALANCE_UNCLASSIFIED,BALANCE
4766.35,4766.35,4763.15,4765.85,0,0,0,0,0.8304181698962178,NY_PM,2,0.05013020833335009,day_anchor_std,server_midnight,1,0,0,0,0,0,UNCLASSIFIED,BALANCE_UNCLASSIFIED,BALANCE
4765.85,4766.25,4762.65,4763.65,0,0,0,0,0.8304181698962178,NY_PM,2,0.05013020833335009,day_anchor_std,server_midnight,1,0,0,0,0,0,UNCLASSIFIED,BALANCE_UNCLASSIFIED,BALANCE
4763.35,4764.85,4762.35,4764.65,0,0,0,0,0.8958516941842143,NY_PM,3,0.10390744378963922,day_anchor_std,server_midnight,1,0,0,0,0,0,UNCLASSIFIED,BALANCE_UNCLASSIFIED,BALANCE
4764.65,4765.35,4763.65,4765.35,0,0,0,0,0.8958516941842143,NY_PM,3,0.10390744378963922,day_anchor_std,server_midnight,1,0,0,0,0,0,UNCLASSIFIED,BALANCE_UNCLASSIFIED,BALANCE
4765.65,4765.65,4763.4,4764.85,0,0,0,0,0.8958516941842143,NY_PM,3,0.10390744378963922,day_anchor_std,server_midnight,1,0,0,0,0,0,UNCLASSIFIED,BALANCE_UNCLASSIFIED,BALANCE
4764.85,4764.85,4764.15,4764.35,0,0,0,0,0.8958516941842143,NY_PM,3,0.10390744378963922,day_anchor_std,server_midnight,1,0,0,0,0,0,UNCLASSIFIED,BALANCE_UNCLASSIFIED,BALANCE
4764.65,4767.35,4764.65,4766.85,0,0,0,0,0.8020211295579506,ASIA,4,0.06772207563766597,day_anchor_std,server_midnight,1,0,0,0,0,0,UNCLASSIFIED,BALANCE_UNCLASSIFIED,BALANCE
4766.85,4767.65,4766.15,4766.35,0,0,0,0,0.8020211295579506,ASIA,4,0.06772207563766597,day_anchor_std,server_midnight,1,0,0,0,0,0,UNCLASSIFIED,BALANCE_UNCLASSIFIED,BALANCE
4766.55,4767.15,4766.15,4766.35,0,0,0,0,0.8020211295579506,ASIA,4,0.06772207563766597,day_anchor_std,server_midnight,1,0,0,0,0,0,UNCLASSIFIED,BALANCE_UNCLASSIFIED,BALANCE
4766.35,4768.85,4766.35,4767.85,0,0,0,0,0.8020211295579506,ASIA,4,0.06772207563766597,day_anchor_std,server_midnight,1,0,0,0,0,0,UNCLASSIFIED,BALANCE_UNCLASSIFIED,BALANCE
4767.65,4769.15,4767.65,4769.15,0,0,0,0,0.6001285852762499,ASIA,5,0.08422459893044805,day_anchor_std,server_midnight,1,0,0,0,0,0,UNCLASSIFIED,BALANCE_UNCLASSIFIED,BALANCE
4768.85,4769.35,4767.85,4768.35,0,0,0,0,0.6001285852762499,ASIA,5,0.08422459893044805,day_anchor_std,server_midnight,1,0,0,0,0,0,UNCLASSIFIED,BALANCE_UNCLASSIFIED,BALANCE
4768.35,4768.85,4767.35,4767.85,0,0,0,0,0.6001285852762499,ASIA,5,0.08422459893044805,day_anchor_std,server_midnight,1,0,0,0,0,0,UNCLASSIFIED,BALANCE_UNCLASSIFIED,BALANCE
4767.85,4768.85,4767.65,4768.15,0,0,0,0,0.6001285852762499,ASIA,5,0.08422459893044805,day_anchor_std,server_midnight,1,0,0,0,0,0,UNCLASSIFIED,BALANCE_UNCLASSIFIED,BALANCE
4775.65,4777.15,4773.65,4775.65,0,0,0,2,0.9738860411808938,NY,3,0.8725391723583231,day_anchor_std,server_midnight,0,0,0,0,1,0,TREND_STRONG,TREND_STRONG,TREND
4775.55,4778.85,4773.35,4775.45,0,0,0,2,0.9738860411808938,NY,3,0.8725391723583231,day_anchor_std,server_midnight,0,0,0,0,1,0,TREND_STRONG,TREND_STRONG,TREND
4775.45,4779.45,4775.15,4778.15,0,0,0,2,0.9738860411808938,NY,3,0.8725391723583231,day_anchor_std,server_midnight,0,0,0,0,1,0,TREND_STRONG,TREND_STRONG,TREND
4778.15,4779.05,4776.35,4776.85,0,0,0,2,0.9738860411808938,NY,3,0.8725391723583231,day_anchor_std,server_midnight,0,0,0,0,1,0,TREND_STRONG,TREND_STRONG,TREND
4783.45,4785.25,4783.25,4784.25,0,0,0,0,0.03817484780574626,ASIA,2,0.14805023132851727,day_anchor_std,server_midnight,1,0,0,0,0,0,BALANCE_LEAKING,BALANCE_LEAKING,BALANCE
4784.25,4784.45,4781.45,4781.45,0,0,0,0,0.03817484780574626,ASIA,2,0.14805023132851727,day_anchor_std,server_midnight,1,0,0,0,0,0,BALANCE_LEAKING,BALANCE_LEAKING,BALANCE
4781.75,4782.55,4778.95,4782.05,0,0,0,0,0.03817484780574626,ASIA,2,0.14805023132851727,day_anchor_std,server_midnight,1,0,0,0,0,0,BALANCE_LEAKING,BALANCE_LEAKING,BALANCE
4782.05,4783.05,4779.25,4780.95,0,0,0,0,0.03817484780574626,ASIA,2,0.14805023132851727,day_anchor_std,server_midnight,1,0,0,0,0,0,BALANCE_LEAKING,BALANCE_LEAKING,BALANCE
4780.95,4781.25,4778.95,4779.45,0,0,0,0,0.14242773473234088,ASIA,3,0.29659731252707483,day_anchor_std,server_midnight,1,0,0,0,0,0,BALANCE_LEAKING,BALANCE_LEAKING,BALANCE
4779.25,4780.45,4778.4,4779.95,0,0,0,0,0.14242773473234088,ASIA,3,0.29659731252707483,day_anchor_std,server_midnight,1,0,0,0,0,0,BALANCE_LEAKING,BALANCE_LEAKING,BALANCE
4780.05,4780.75,4778.0,4779.75,0,0,0,0,0.14242773473234088,ASIA,3,0.29659731252707483,day_anchor_std,server_midnight,1,0,0,0,0,0,BALANCE_LEAKING,BALANCE_LEAKING,BALANCE
4779.45,4780.95,4779.45,4779.95,0,0,0,0,0.14242773473234088,ASIA,3,0.29659731252707483,day_anchor_std,server_midnight,1,0,0,0,0,0,BALANCE_LEAKING,BALANCE_LEAKING,BALANCE
4779.75,4780.75,4778.95,4780.7,0,0,0,0,0.5545004054089652,LONDON,4,0.09783494105048972,day_anchor_std,server_midnight,1,0,0,0,0,0,UNCLASSIFIED,BALANCE_UNCLASSIFIED,BALANCE
4780.75,4780.75,4778.95,4779.95,0,0,0,0,0.5545004054089652,LONDON,4,0.09783494105048972,day_anchor_std,server_midnight,1,0,0,0,0,0,UNCLASSIFIED,BALANCE_UNCLASSIFIED,BALANCE
4780.05,4780.45,4777.25,4779.75,0,0,0,0,0.5545004054089652,LONDON,4,0.09783494105048972,day_anchor_std,server_midnight,1,0,0,0,0,0,UNCLASSIFIED,BALANCE_UNCLASSIFIED,BALANCE
4779.45,4781.25,4778.45,4780.95,0,0,0,0,0.5545004054089652,LONDON,4,0.09783494105048972,day_anchor_std,server_midnight,1,0,0,0,0,0,UNCLASSIFIED,BALANCE_UNCLASSIFIED,BALANCE
4797.65,4797.65,4794.45,4794.45,0,0,0,2,0.6582884918572817,ASIA,4,0.11214272710726536,day_anchor_std,server_midnight,0,0,0,1,0,0,TREND_STRONG,TREND_STRONG,TREND
4794.65,4796.15,4794.65,4795.95,0,0,0,2,0.6582884918572817,ASIA,4,0.11214272710726536,day_anchor_std,server_midnight,0,0,0,1,0,0,TREND_STRONG,TREND_STRONG,TREND
4796.15,4797.45,4795.95,4796.65,0,0,0,2,0.6582884918572817,ASIA,4,0.11214272710726536,day_anchor_std,server_midnight,0,0,0,1,0,0,TREND_STRONG,TREND_STRONG,TREND
4796.65,4796.95,4794.95,4794.95,0,0,0,2,0.6582884918572817,ASIA,4,0.11214272710726536,day_anchor_std,server_midnight,0,0,0,1,0,0,TREND_STRONG,TREND_STRONG,TREND
4789.75,4790.95,4788.95,4790.45,0,0,0,0,0.4071441850802759,LONDON,4,0.22289972899728422,day_anchor_std,server_midnight,1,0,0,0,0,0,UNCLASSIFIED,BALANCE_UNCLASSIFIED,BALANCE
4790.75,4791.95,4785.75,4785.75,0,0,0,0,0.4071441850802759,LONDON,4,0.22289972899728422,day_anchor_std,server_midnight,1,0,0,0,0,0,UNCLASSIFIED,BALANCE_UNCLASSIFIED,BALANCE
4785.95,4788.95,4785.25,4787.95,0,0,0,0,0.4071441850802759,LONDON,4,0.22289972899728422,day_anchor_std,server_midnight,1,0,0,0,0,0,UNCLASSIFIED,BALANCE_UNCLASSIFIED,BALANCE
4788.45,4793.65,4787.75,4791.65,0,0,0,0,0.4071441850802759,LONDON,4,0.22289972899728422,day_anchor_std,server_midnight,1,0,0,0,0,0,UNCLASSIFIED,BALANCE_UNCLASSIFIED,BALANCE
4780.45,4783.0,4780.3,4782.0,0,0,0,0,0.016014405937842313,ASIA,2,0.024160361077876617,day_anchor_std,server_midnight,1,0,0,0,0,0,BALANCE_LEAKING,BALANCE_LEAKING,BALANCE
4782.3,4782.3,4781.45,4782.0,0,0,0,0,0.016014405937842313,ASIA,2,0.024160361077876617,day_anchor_std,server_midnight,1,0,0,0,0,0,BALANCE_LEAKING,BALANCE_LEAKING,BALANCE
4782.25,4782.25,4780.75,4781.0,0,0,0,0,0.016014405937842313,ASIA,2,0.024160361077876617,day_anchor_std,server_midnight,1,0,0,0,0,0,BALANCE_LEAKING,BALANCE_LEAKING,BALANCE
4781.25,4781.3,4779.5,4779.8,0,0,0,0,0.016014405937842313,ASIA,2,0.024160361077876617,day_anchor_std,server_midnight,1,0,0,0,0,0,BALANCE_LEAKING,BALANCE_LEAKING,BALANCE
4772.75,4773.0,4752.95,4753.25,0,0,0,1,0.9951470452490145,LONDON,3,2.9477082732776396,day_anchor_std,server_midnight,0,0,1,0,0,0,UNCLASSIFIED,TRANSITION_UNCLASSIFIED,TRANSITION
4753.25,4753.45,4745.95,4751.4,0,0,0,1,0.9951470452490145,LONDON,3,2.9477082732776396,day_anchor_std,server_midnight,0,0,1,0,0,0,UNCLASSIFIED,TRANSITION_UNCLASSIFIED,TRANSITION
4751.7,4751.7,4746.55,4748.05,0,0,0,1,0.9951470452490145,LONDON,3,2.9477082732776396,day_anchor_std,server_midnight,0,0,1,0,0,0,UNCLASSIFIED,TRANSITION_UNCLASSIFIED,TRANSITION
4748.15,4748.55,4737.95,4738.75,0,0,0,1,0.9951470452490145,LONDON,3,2.9477082732776396,day_anchor_std,server_midnight,0,0,1,0,0,0,UNCLASSIFIED,TRANSITION_UNCLASSIFIED,TRANSITION
4745.15,4745.95,4744.45,4744.65,0,0,0,2,0.7969416129663738,ASIA,3,0.06746281164891632,day_anchor_std,server_midnight,0,0,0,1,0,0,TREND_STRONG,TREND_STRONG,TREND
4744.75,4745.75,4744.45,4744.75,0,0,0,2,0.7969416129663738,ASIA,3,0.06746281164891632,day_anchor_std,server_midnight,0,0,0,1,0,0,TREND_STRONG,TREND_STRONG,TREND
4744.75,4744.95,4744.45,4744.45,0,0,0,2,0.7969416129663738,ASIA,3,0.06746281164891632,day_anchor_std,server_midnight,0,0,0,1,0,0,TREND_STRONG,TREND_STRONG,TREND
4744.45,4744.75,4743.25,4743.45,0,0,0,2,0.7969416129663738,ASIA,3,0.06746281164891632,day_anchor_std,server_midnight,0,0,0,1,0,0,TREND_STRONG,TREND_STRONG,TREND
4743.45,4743.75,4741.95,4742.95,0,0,0,2,0.41070142383218966,ASIA,4,0.04761904761900398,day_anchor_std,server_midnight,0,0,0,1,0,0,TREND_STRONG,TREND_STRONG,TREND
4742.95,4743.95,4742.95,4743.95,0,0,0,2,0.41070142383218966,ASIA,4,0.04761904761900398,day_anchor_std,server_midnight,0,0,0,1,0,0,TREND_STRONG,TREND_STRONG,TREND
4743.75,4745.75,4743.25,4745.75,0,0,0,2,0.41070142383218966,ASIA,4,0.04761904761900398,day_anchor_std,server_midnight,0,0,0,1,0,0,TREND_STRONG,TREND_STRONG,TREND
4745.45,4745.75,4744.45,4744.75,0,0,0,2,0.41070142383218966,ASIA,4,0.04761904761900398,day_anchor_std,server_midnight,0,0,0,1,0,0,TREND_STRONG,TREND_STRONG,TREND
4744.45,4745.35,4743.25,4745.25,0,0,0,2,0.7294571816951937,ASIA,5,0.1938417028311832,day_anchor_std,server_midnight,0,0,0,1,0,0,TREND_STRONG,TREND_STRONG,TREND
4745.45,4746.25,4744.25,4745.25,0,0,0,2,0.7294571816951937,ASIA,5,0.1938417028311832,day_anchor_std,server_midnight,0,0,0,1,0,0,TREND_STRONG,TREND_STRONG,TREND
4745.45,4748.95,4743.45,4744.45,0,0,0,2,0.7294571816951937,ASIA,5,0.1938417028311832,day_anchor_std,server_midnight,0,0,0,1,0,0,TREND_STRONG,TREND_STRONG,TREND
4744.7,4747.25,4741.45,4741.95,0,0,0,2,0.7294571816951937,ASIA,5,0.1938417028311832,day_anchor_std,server_midnight,0,0,0,1,0,0,TREND_STRONG,TREND_STRONG,TREND
4741.95,4742.95,4737.45,4739.45,0,0,0,2,0.6648959996429497,ASIA,6,0.5186746987951473,day_anchor_std,server_midnight,0,0,0,1,0,0,TREND_STRONG,TREND_STRONG,TREND
4739.75,4739.95,4735.75,4735.75,0,0,0,2,0.6648959996429497,ASIA,6,0.5186746987951473,day_anchor_std,server_midnight,0,0,0,1,0,0,TREND_STRONG,TREND_STRONG,TREND
4735.75,4738.25,4734.75,4735.75,0,0,0,2,0.6648959996429497,ASIA,6,0.5186746987951473,day_anchor_std,server_midnight,0,0,0,1,0,0,TREND_STRONG,TREND_STRONG,TREND
4735.45,4739.95,4735.25,4737.05,0,0,0,2,0.6648959996429497,ASIA,6,0.5186746987951473,day_anchor_std,server_midnight,0,0,0,1,0,0,TREND_STRONG,TREND_STRONG,TREND
4706.9,4709.4,4701.0,4701.65,0,0,0,1,0.7388366166103806,NY,2,1.5400282314982978,day_anchor_std,server_midnight,0,0,1,0,0,0,UNCLASSIFIED,TRANSITION_UNCLASSIFIED,TRANSITION
4701.55,4705.95,4697.75,4702.95,0,0,0,1,0.7388366166103806,NY,2,1.5400282314982978,day_anchor_std,server_midnight,0,0,1,0,0,0,UNCLASSIFIED,TRANSITION_UNCLASSIFIED,TRANSITION
4702.75,4706.45,4696.75,4698.95,0,0,0,1,0.7388366166103806,NY,2,1.5400282314982978,day_anchor_std,server_midnight,0,0,1,0,0,0,UNCLASSIFIED,TRANSITION_UNCLASSIFIED,TRANSITION
4698.95,4703.15,4688.25,4691.55,0,0,0,1,0.7388366166103806,NY,2,1.5400282314982978,day_anchor_std,server_midnight,0,0,1,0,0,0,UNCLASSIFIED,TRANSITION_UNCLASSIFIED,TRANSITION
4693.85,4694.9,4693.85,4694.6,0,0,0,2,0.8741863581747301,ASIA,3,0.09021345146991354,day_anchor_std,server_midnight,0,0,0,1,0,0,UNCLASSIFIED,TREND_UNCLASSIFIED,TREND
4694.6,4694.7,4692.85,4693.1,0,0,0,2,0.8741863581747301,ASIA,3,0.09021345146991354,day_anchor_std,server_midnight,0,0,0,1,0,0,UNCLASSIFIED,TREND_UNCLASSIFIED,TREND
4693.4,4695.6,4693.1,4695.6,0,0,0,2,0.8741863581747301,ASIA,3,0.09021345146991354,day_anchor_std,server_midnight,0,0,0,1,0,0,UNCLASSIFIED,TREND_UNCLASSIFIED,TREND
4695.6,4695.6,4692.4,4692.8,0,0,0,2,0.8741863581747301,ASIA,3,0.09021345146991354,day_anchor_std,server_midnight,0,0,0,1,0,0,UNCLASSIFIED,TREND_UNCLASSIFIED,TREND
4692.9,4693.4,4690.35,4691.4,0,0,0,2,0.898619504571433,ASIA,4,0.5346295590290864,day_anchor_std,server_midnight,0,0,0,1,0,0,TREND_STRONG,TREND_STRONG,TREND
4691.6,4692.1,4690.85,4690.85,0,0,0,2,0.898619504571433,ASIA,4,0.5346295590290864,day_anchor_std,server_midnight,0,0,0,1,0,0,TREND_STRONG,TREND_STRONG,TREND
4691.1,4692.35,4688.55,4688.55,0,0,0,2,0.898619504571433,ASIA,4,0.5346295590290864,day_anchor_std,server_midnight,0,0,0,1,0,0,TREND_STRONG,TREND_STRONG,TREND
4688.25,4688.55,4682.4,4685.75,0,0,0,2,0.898619504571433,ASIA,4,0.5346295590290864,day_anchor_std,server_midnight,0,0,0,1,0,0,TREND_STRONG,TREND_STRONG,TREND
4683.75,4685.6,4678.55,4683.95,0,0,0,1,0.9985498791134914,ASIA,2,0.8601340033500775,day_anchor_std,server_midnight,0,0,1,0,0,0,TRANSITION_NOISY,TRANSITION_NOISY,TRANSITION
4683.95,4684.15,4678.7,4679.35,0,0,0,1,0.9985498791134914,ASIA,2,0.8601340033500775,day_anchor_std,server_midnight,0,0,1,0,0,0,TRANSITION_NOISY,TRANSITION_NOISY,TRANSITION
4679.75,4681.75,4677.95,4678.75,0,0,0,1,0.9985498791134914,ASIA,2,0.8601340033500775,day_anchor_std,server_midnight,0,0,1,0,0,0,TRANSITION_NOISY,TRANSITION_NOISY,TRANSITION
4678.45,4679.75,4674.75,4679.45,0,0,0,1,0.9985498791134914,ASIA,2,0.8601340033500775,day_anchor_std,server_midnight,0,0,1,0,0,0,TRANSITION_NOISY,TRANSITION_NOISY,TRANSITION
4761.6,4762.1,4760.8,4761.3,0,0,0,2,0.9992381228213062,ASIA,6,0.02344273275284673,day_anchor_std,server_midnight,0,0,0,1,0,0,TREND_STRONG,TREND_STRONG,TREND
4761.1,4761.6,4760.55,4761.3,0,0,0,2,0.9992381228213062,ASIA,6,0.02344273275284673,day_anchor_std,server_midnight,0,0,0,1,0,0,TREND_STRONG,TREND_STRONG,TREND
4761.3,4761.3,4758.75,4758.8,0,0,0,2,0.9992381228213062,ASIA,6,0.02344273275284673,day_anchor_std,server_midnight,0,0,0,1,0,0,TREND_STRONG,TREND_STRONG,TREND
4759.05,4760.6,4759.05,4760.05,0,0,0,2,0.9992381228213062,ASIA,6,0.02344273275284673,day_anchor_std,server_midnight,0,0,0,1,0,0,TREND_STRONG,TREND_STRONG,TREND
4760.05,4760.6,4759.25,4759.55,0,0,0,2,0.9963543664494231,ASIA,7,0.007365836548561619,day_anchor_std,server_midnight,0,0,0,1,0,0,TREND_STRONG,TREND_STRONG,TREND
4759.3,4760.3,4758.3,4758.8,0,0,0,2,0.9963543664494231,ASIA,7,0.007365836548561619,day_anchor_std,server_midnight,0,0,0,1,0,0,TREND_STRONG,TREND_STRONG,TREND
4758.8,4759.6,4758.05,4759.3,0,0,0,2,0.9963543664494231,ASIA,7,0.007365836548561619,day_anchor_std,server_midnight,0,0,0,1,0,0,TREND_STRONG,TREND_STRONG,TREND
4759.3,4761.1,4758.75,4760.3,0,0,0,2,0.9963543664494231,ASIA,7,0.007365836548561619,day_anchor_std,server_midnight,0,0,0,1,0,0,TREND_STRONG,TREND_STRONG,TREND
4760.1,4760.3,4757.55,4758.3,0,0,0,2,0.9935982391469892,ASIA,8,0.5515967273687105,day_anchor_std,server_midnight,0,0,0,1,0,0,TREND_STRONG,TREND_STRONG,TREND
4758.15,4758.8,4757.45,4757.75,0,0,0,2,0.9935982391469892,ASIA,8,0.5515967273687105,day_anchor_std,server_midnight,0,0,0,1,0,0,TREND_STRONG,TREND_STRONG,TREND
4757.75,4757.75,4752.25,4752.55,0,0,0,2,0.9935982391469892,ASIA,8,0.5515967273687105,day_anchor_std,server_midnight,0,0,0,1,0,0,TREND_STRONG,TREND_STRONG,TREND
4752.3,4753.3,4750.8,4752.75,0,0,0,2,0.9935982391469892,ASIA,8,0.5515967273687105,day_anchor_std,server_midnight,0,0,0,1,0,0,TREND_STRONG,TREND_STRONG,TREND
4753.05,4753.75,4747.05,4749.75,0,0,0,2,0.9772436455055362,ASIA,9,0.6377201840009635,day_anchor_std,server_midnight,0,0,0,1,0,0,TREND_STRONG,TREND_STRONG,TREND
4749.8,4753.6,4749.75,4752.25,0,0,0,2,0.9772436455055362,ASIA,9,0.6377201840009635,day_anchor_std,server_midnight,0,0,0,1,0,0,TREND_STRONG,TREND_STRONG,TREND
4752.25,4753.05,4750.05,4751.75,0,0,0,2,0.9772436455055362,ASIA,9,0.6377201840009635,day_anchor_std,server_midnight,0,0,0,1,0,0,TREND_STRONG,TREND_STRONG,TREND
4751.8,4752.3,4748.55,4750.45,0,0,0,2,0.9772436455055362,ASIA,9,0.6377201840009635,day_anchor_std,server_midnight,0,0,0,1,0,0,TREND_STRONG,TREND_STRONG,TREND
4750.5,4751.3,4746.05,4746.55,0,0,0,2,0.8764219746565659,LONDON,10,0.7073062402842293,day_anchor_std,server_midnight,0,0,0,0,1,0,TREND_STRONG,TREND_STRONG,TREND
4746.5,4747.75,4741.55,4742.75,0,0,0,2,0.8764219746565659,LONDON,10,0.7073062402842293,day_anchor_std,server_midnight,0,0,0,0,1,0,TREND_STRONG,TREND_STRONG,TREND
4742.75,4747.1,4741.25,4746.1,0,0,0,2,0.8764219746565659,LONDON,10,0.7073062402842293,day_anchor_std,server_midnight,0,0,0,0,1,0,TREND_STRONG,TREND_STRONG,TREND
4746.05,4749.25,4745.05,4748.3,0,0,0,2,0.8764219746565659,LONDON,10,0.7073062402842293,day_anchor_std,server_midnight,0,0,0,0,1,0,TREND_STRONG,TREND_STRONG,TREND
4767.65,4770.0,4764.15,4769.45,0,0,0,1,0.9138466698573042,NY,1,1.4593419260189768,day_anchor_std,server_midnight,0,0,1,0,0,0,UNCLASSIFIED,TRANSITION_UNCLASSIFIED,TRANSITION
4769.5,4773.0,4768.95,4772.1,0,0,0,1,0.9138466698573042,NY,1,1.4593419260189768,day_anchor_std,server_midnight,0,0,1,0,0,0,UNCLASSIFIED,TRANSITION_UNCLASSIFIED,TRANSITION
4772.15,4777.6,4766.4,4771.2,0,0,0,1,0.9138466698573042,NY,1,1.4593419260189768,day_anchor_std,server_midnight,0,0,1,0,0,0,UNCLASSIFIED,TRANSITION_UNCLASSIFIED,TRANSITION
4771.35,4776.95,4770.6,4775.95,0,0,0,1,0.9138466698573042,NY,1,1.4593419260189768,day_anchor_std,server_midnight,0,0,1,0,0,0,UNCLASSIFIED,TRANSITION_UNCLASSIFIED,TRANSITION
4779.05,4779.45,4751.45,4765.4,0,0,0,1,0.8419904524777695,LONDON,3,3.383709016393455,day_anchor_std,server_midnight,0,0,1,0,0,0,UNCLASSIFIED,TRANSITION_UNCLASSIFIED,TRANSITION
4765.4,4771.25,4754.45,4755.45,0,0,0,1,0.8419904524777695,LONDON,3,3.383709016393455,day_anchor_std,server_midnight,0,0,1,0,0,0,UNCLASSIFIED,TRANSITION_UNCLASSIFIED,TRANSITION
4755.65,4758.45,4740.65,4745.45,0,0,0,1,0.8419904524777695,LONDON,3,3.383709016393455,day_anchor_std,server_midnight,0,0,1,0,0,0,UNCLASSIFIED,TRANSITION_UNCLASSIFIED,TRANSITION
4745.75,4750.25,4737.75,4741.25,0,0,0,1,0.8419904524777695,LONDON,3,3.383709016393455,day_anchor_std,server_midnight,0,0,1,0,0,0,UNCLASSIFIED,TRANSITION_UNCLASSIFIED,TRANSITION
4773.05,4777.65,4768.95,4776.55,0,0,0,0,0.810341417496232,NY,2,0.33525221459926857,day_anchor_std,server_midnight,1,0,0,0,0,0,UNCLASSIFIED,BALANCE_UNCLASSIFIED,BALANCE
4776.65,4785.35,4774.75,4783.65,0,0,0,0,0.810341417496232,NY,2,0.33525221459926857,day_anchor_std,server_midnight,1,0,0,0,0,0,UNCLASSIFIED,BALANCE_UNCLASSIFIED,BALANCE
4783.85,4784.65,4770.5,4774.9,0,0,0,0,0.810341417496232,NY,2,0.33525221459926857,day_anchor_std,server_midnight,1,0,0,0,0,0,UNCLASSIFIED,BALANCE_UNCLASSIFIED,BALANCE
4774.9,4783.3,4771.5,4779.8,0,0,0,0,0.810341417496232,NY,2,0.33525221459926857,day_anchor_std,server_midnight,1,0,0,0,0,0,UNCLASSIFIED,BALANCE_UNCLASSIFIED,BALANCE
4778.2,4780.35,4777.05,4777.55,0,0,0,1,0.7203584687867791,NY_PM,4,1.673821907013313,day_anchor_std,server_midnight,0,0,1,0,0,0,UNCLASSIFIED,TRANSITION_UNCLASSIFIED,TRANSITION
4777.75,4777.75,4775.35,4775.55,0,0,0,1,0.7203584687867791,NY_PM,4,1.673821907013313,day_anchor_std,server_midnight,0,0,1,0,0,0,UNCLASSIFIED,TRANSITION_UNCLASSIFIED,TRANSITION
4775.55,4775.55,4770.85,4771.85,0,0,0,1,0.7203584687867791,NY_PM,4,1.673821907013313,day_anchor_std,server_midnight,0,0,1,0,0,0,UNCLASSIFIED,TRANSITION_UNCLASSIFIED,TRANSITION
4771.55,4772.35,4766.25,4766.85,0,0,0,1,0.7203584687867791,NY_PM,4,1.673821907013313,day_anchor_std,server_midnight,0,0,1,0,0,0,UNCLASSIFIED,TRANSITION_UNCLASSIFIED,TRANSITION
4803.85,4809.65,4803.85,4805.45,0,0,0,2,0.8225415903679194,LONDON,4,0.19913906045296406,day_anchor_std,server_midnight,0,0,0,0,1,0,TREND_STRONG,TREND_STRONG,TREND
4805.15,4806.25,4797.75,4798.75,0,0,0,2,0.8225415903679194,LONDON,4,0.19913906045296406,day_anchor_std,server_midnight,0,0,0,0,1,0,TREND_STRONG,TREND_STRONG,TREND
4798.75,4799.75,4788.75,4789.45,0,0,0,2,0.8225415903679194,LONDON,4,0.19913906045296406,day_anchor_std,server_midnight,0,0,0,0,1,0,TREND_STRONG,TREND_STRONG,TREND
4789.75,4792.75,4782.85,4792.25,0,0,0,2,0.8225415903679194,LONDON,4,0.19913906045296406,day_anchor_std,server_midnight,0,0,0,0,1,0,TREND_STRONG,TREND_STRONG,TREND
4792.95,4797.05,4783.15,4792.65,0,0,0,2,0.9901685552471485,LONDON,5,0.8468372423595989,day_anchor_std,server_midnight,0,0,0,0,1,0,TREND_STRONG,TREND_STRONG,TREND
4792.55,4798.55,4786.55,4796.25,0,0,0,2,0.9901685552471485,LONDON,5,0.8468372423595989,day_anchor_std,server_midnight,0,0,0,0,1,0,TREND_STRONG,TREND_STRONG,TREND
4796.45,4805.65,4793.55,4802.15,0,0,0,2,0.9901685552471485,LONDON,5,0.8468372423595989,day_anchor_std,server_midnight,0,0,0,0,1,0,TREND_STRONG,TREND_STRONG,TREND
4802.15,4802.85,4795.65,4802.15,0,0,0,2,0.9901685552471485,LONDON,5,0.8468372423595989,day_anchor_std,server_midnight,0,0,0,0,1,0,TREND_STRONG,TREND_STRONG,TREND
4831.05,4840.75,4829.55,4833.25,0,0,0,2,0.9998806533942254,NY,7,2.9224657183135,day_anchor_std,server_midnight,0,0,0,0,0,1,TREND_STRONG,TREND_STRONG,TREND
4833.65,4836.25,4827.05,4835.95,0,0,0,2,0.9998806533942254,NY,7,2.9224657183135,day_anchor_std,server_midnight,0,0,0,0,0,1,TREND_STRONG,TREND_STRONG,TREND
4836.05,4839.35,4832.65,4835.95,0,0,0,2,0.9998806533942254,NY,7,2.9224657183135,day_anchor_std,server_midnight,0,0,0,0,0,1,TREND_STRONG,TREND_STRONG,TREND
4835.95,4839.15,4832.85,4838.85,0,0,0,2,0.9998806533942254,NY,7,2.9224657183135,day_anchor_std,server_midnight,0,0,0,0,0,1,TREND_STRONG,TREND_STRONG,TREND
4837.65,4841.65,4835.45,4840.65,0,0,0,2,0.99592878539051,NY_PM,8,3.1419733333332602,day_anchor_std,server_midnight,0,0,0,0,0,1,TREND_STRONG,TREND_STRONG,TREND
4840.65,4842.05,4840.15,4841.15,0,0,0,2,0.99592878539051,NY_PM,8,3.1419733333332602,day_anchor_std,server_midnight,0,0,0,0,0,1,TREND_STRONG,TREND_STRONG,TREND
4843.4,4848.95,4843.35,4844.15,0,0,0,2,0.9981251881929221,NY_PM,9,0.31799650553295106,day_anchor_std,server_midnight,0,0,0,0,1,0,TREND_STRONG,TREND_STRONG,TREND
4844.35,4846.35,4843.85,4844.65,0,0,0,2,0.9981251881929221,NY_PM,9,0.31799650553295106,day_anchor_std,server_midnight,0,0,0,0,1,0,TREND_STRONG,TREND_STRONG,TREND
4844.65,4846.85,4843.65,4846.85,0,0,0,2,0.9981251881929221,NY_PM,9,0.31799650553295106,day_anchor_std,server_midnight,0,0,0,0,1,0,TREND_STRONG,TREND_STRONG,TREND
4846.85,4856.65,4846.65,4855.85,0,0,0,2,0.9981251881929221,NY_PM,9,0.31799650553295106,day_anchor_std,server_midnight,0,0,0,0,1,0,TREND_STRONG,TREND_STRONG,TREND
4855.85,4857.35,4852.05,4854.35,0,0,0,2,0.9991169353643256,NY_PM,10,0.036479444122815244,day_anchor_std,server_midnight,0,0,0,0,1,0,UNCLASSIFIED,TREND_UNCLASSIFIED,TREND
4854.55,4855.15,4851.35,4852.85,0,0,0,2,0.9991169353643256,NY_PM,10,0.036479444122815244,day_anchor_std,server_midnight,0,0,0,0,1,0,UNCLASSIFIED,TREND_UNCLASSIFIED,TREND
4853.15,4855.05,4851.65,4851.65,0,0,0,2,0.9991169353643256,NY_PM,10,0.036479444122815244,day_anchor_std,server_midnight,0,0,0,0,1,0,UNCLASSIFIED,TREND_UNCLASSIFIED,TREND
4851.85,4852.85,4849.85,4851.85,0,0,0,2,0.9991169353643256,NY_PM,10,0.036479444122815244,day_anchor_std,server_midnight,0,0,0,0,1,0,UNCLASSIFIED,TREND_UNCLASSIFIED,TREND
4853.35,4856.15,4853.15,4855.3,0,0,0,2,0.9990086276740724,LONDON,3,0.5940150614347584,day_anchor_std,server_midnight,0,0,0,0,1,0,TREND_STRONG,TREND_STRONG,TREND
4855.15,4857.35,4854.15,4854.15,0,0,0,2,0.9990086276740724,LONDON,3,0.5940150614347584,day_anchor_std,server_midnight,0,0,0,0,1,0,TREND_STRONG,TREND_STRONG,TREND
4854.15,4859.65,4854.15,4859.15,0,0,0,2,0.9990086276740724,LONDON,3,0.5940150614347584,day_anchor_std,server_midnight,0,0,0,0,1,0,TREND_STRONG,TREND_STRONG,TREND
4859.15,4860.35,4857.35,4859.65,0,0,0,2,0.9990086276740724,LONDON,3,0.5940150614347584,day_anchor_std,server_midnight,0,0,0,0,1,0,TREND_STRONG,TREND_STRONG,TREND
4866.45,4868.4,4858.45,4859.75,0,0,0,2,0.996688124750853,LONDON,5,0.14475990185766047,day_anchor_std,server_midnight,0,0,0,0,1,0,UNCLASSIFIED,TREND_UNCLASSIFIED,TREND
4859.85,4859.95,4849.45,4851.35,0,0,0,2,0.996688124750853,LONDON,5,0.14475990185766047,day_anchor_std,server_midnight,0,0,0,0,1,0,UNCLASSIFIED,TREND_UNCLASSIFIED,TREND
4851.55,4857.05,4846.55,4856.35,0,0,0,2,0.996688124750853,LONDON,5,0.14475990185766047,day_anchor_std,server_midnight,0,0,0,0,1,0,UNCLASSIFIED,TREND_UNCLASSIFIED,TREND
4856.55,4857.75,4850.7,4856.3,0,0,0,2,0.996688124750853,LONDON,5,0.14475990185766047,day_anchor_std,server_midnight,0,0,0,0,1,0,UNCLASSIFIED,TREND_UNCLASSIFIED,TREND
4856.35,4857.25,4848.15,4854.85,0,0,0,2,0.9421387859341468,NY,6,0.03950338600458576,day_anchor_std,server_midnight,0,0,0,0,1,0,UNCLASSIFIED,TREND_UNCLASSIFIED,TREND
4854.85,4855.95,4850.65,4853.15,0,0,0,2,0.9421387859341468,NY,6,0.03950338600458576,day_anchor_std,server_midnight,0,0,0,0,1,0,UNCLASSIFIED,TREND_UNCLASSIFIED,TREND
4853.25,4853.35,4843.45,4844.45,0,0,0,2,0.9421387859341468,NY,6,0.03950338600458576,day_anchor_std,server_midnight,0,0,0,0,1,0,UNCLASSIFIED,TREND_UNCLASSIFIED,TREND
4844.45,4855.35,4844.25,4853.95,0,0,0,2,0.9421387859341468,NY,6,0.03950338600458576,day_anchor_std,server_midnight,0,0,0,0,1,0,UNCLASSIFIED,TREND_UNCLASSIFIED,TREND
4851.85,4852.65,4851.35,4851.85,0,0,0,0,0.7902275863343523,ASIA,2,0.11276332094177023,day_anchor_std,server_midnight,1,0,0,0,0,0,UNCLASSIFIED,BALANCE_UNCLASSIFIED,BALANCE
4852.05,4852.85,4850.65,4851.35,0,0,0,0,0.7902275863343523,ASIA,2,0.11276332094177023,day_anchor_std,server_midnight,1,0,0,0,0,0,UNCLASSIFIED,BALANCE_UNCLASSIFIED,BALANCE
4851.35,4852.65,4851.15,4852.15,0,0,0,0,0.7902275863343523,ASIA,2,0.11276332094177023,day_anchor_std,server_midnight,1,0,0,0,0,0,UNCLASSIFIED,BALANCE_UNCLASSIFIED,BALANCE
4852.15,4853.35,4851.35,4852.85,0,0,0,0,0.7902275863343523,ASIA,2,0.11276332094177023,day_anchor_std,server_midnight,1,0,0,0,0,0,UNCLASSIFIED,BALANCE_UNCLASSIFIED,BALANCE
4855.05,4855.95,4851.85,4853.85,0,0,0,1,0.9491022337308835,NY,1,1.496706715652149,day_anchor_std,server_midnight,0,0,1,0,0,0,TRANSITION_NOISY,TRANSITION_NOISY,TRANSITION
4853.9,4860.25,4852.15,4858.85,0,0,0,1,0.9491022337308835,NY,1,1.496706715652149,day_anchor_std,server_midnight,0,0,1,0,0,0,TRANSITION_NOISY,TRANSITION_NOISY,TRANSITION
4858.95,4865.05,4857.55,4862.35,0,0,0,1,0.9491022337308835,NY,1,1.496706715652149,day_anchor_std,server_midnight,0,0,1,0,0,0,TRANSITION_NOISY,TRANSITION_NOISY,TRANSITION
4862.15,4866.85,4859.05,4864.95,0,0,0,1,0.9491022337308835,NY,1,1.496706715652149,day_anchor_std,server_midnight,0,0,1,0,0,0,TRANSITION_NOISY,TRANSITION_NOISY,TRANSITION
4866.0,4870.35,4863.35,4870.35,0,0,0,1,0.9102950735241532,NY_PM,2,2.3615241635685997,day_anchor_std,server_midnight,0,0,1,0,0,0,UNCLASSIFIED,TRANSITION_UNCLASSIFIED,TRANSITION
4870.65,4872.85,4870.1,4872.15,0,0,0,1,0.9102950735241532,NY_PM,2,2.3615241635685997,day_anchor_std,server_midnight,0,0,1,0,0,0,UNCLASSIFIED,TRANSITION_UNCLASSIFIED,TRANSITION
4872.25,4876.85,4872.25,4875.85,0,0,0,1,0.9566420571335107,NY_PM,3,3.0095614902735535,day_anchor_std,server_midnight,0,0,1,0,0,0,UNCLASSIFIED,TRANSITION_UNCLASSIFIED,TRANSITION
4876.15,4876.85,4875.35,4876.15,0,0,0,1,0.9566420571335107,NY_PM,3,3.0095614902735535,day_anchor_std,server_midnight,0,0,1,0,0,0,UNCLASSIFIED,TRANSITION_UNCLASSIFIED,TRANSITION
4875.85,4876.15,4875.05,4875.15,0,0,0,1,0.9566420571335107,NY_PM,3,3.0095614902735535,day_anchor_std,server_midnight,0,0,1,0,0,0,UNCLASSIFIED,TRANSITION_UNCLASSIFIED,TRANSITION
4875.35,4877.65,4874.65,4876.85,0,0,0,1,0.9566420571335107,NY_PM,3,3.0095614902735535,day_anchor_std,server_midnight,0,0,1,0,0,0,UNCLASSIFIED,TRANSITION_UNCLASSIFIED,TRANSITION
4888.35,4895.35,4888.15,4895.15,0,0,0,2,0.9978191320686342,LONDON,3,0.7088749799390021,day_anchor_std,server_midnight,0,0,0,0,1,0,UNCLASSIFIED,TREND_UNCLASSIFIED,TREND
4895.35,4895.85,4889.35,4891.15,0,0,0,2,0.9978191320686342,LONDON,3,0.7088749799390021,day_anchor_std,server_midnight,0,0,0,0,1,0,UNCLASSIFIED,TREND_UNCLASSIFIED,TREND
4891.15,4895.05,4890.35,4894.85,0,0,0,2,0.9978191320686342,LONDON,3,0.7088749799390021,day_anchor_std,server_midnight,0,0,0,0,1,0,UNCLASSIFIED,TREND_UNCLASSIFIED,TREND
4895.05,4895.15,4886.35,4887.55,0,0,0,2,0.9978191320686342,LONDON,3,0.7088749799390021,day_anchor_std,server_midnight,0,0,0,0,1,0,UNCLASSIFIED,TREND_UNCLASSIFIED,TREND
4900.35,4902.35,4895.45,4900.35,0,0,0,2,0.9643975788927756,NY,5,0.609239059862367,day_anchor_std,server_midnight,0,0,0,0,1,0,UNCLASSIFIED,TREND_UNCLASSIFIED,TREND
4900.75,4905.05,4900.55,4904.45,0,0,0,2,0.9643975788927756,NY,5,0.609239059862367,day_anchor_std,server_midnight,0,0,0,0,1,0,UNCLASSIFIED,TREND_UNCLASSIFIED,TREND
4904.55,4904.75,4891.75,4897.45,0,0,0,2,0.9643975788927756,NY,5,0.609239059862367,day_anchor_std,server_midnight,0,0,0,0,1,0,UNCLASSIFIED,TREND_UNCLASSIFIED,TREND
4897.55,4897.65,4886.45,4890.25,0,0,0,2,0.9643975788927756,NY,5,0.609239059862367,day_anchor_std,server_midnight,0,0,0,0,1,0,UNCLASSIFIED,TREND_UNCLASSIFIED,TREND
4870.15,4871.15,4869.15,4870.65,0,0,0,0,0.22340991939521282,ASIA,2,0.26545316647705286,day_anchor_std,server_midnight,1,0,0,0,0,0,BALANCE_LEAKING,BALANCE_LEAKING,BALANCE
4870.55,4873.65,4869.95,4873.45,0,0,0,0,0.22340991939521282,ASIA,2,0.26545316647705286,day_anchor_std,server_midnight,1,0,0,0,0,0,BALANCE_LEAKING,BALANCE_LEAKING,BALANCE
4873.45,4873.65,4871.15,4872.45,0,0,0,0,0.22340991939521282,ASIA,2,0.26545316647705286,day_anchor_std,server_midnight,1,0,0,0,0,0,BALANCE_LEAKING,BALANCE_LEAKING,BALANCE
4872.15,4873.95,4870.95,4872.65,0,0,0,0,0.22340991939521282,ASIA,2,0.26545316647705286,day_anchor_std,server_midnight,1,0,0,0,0,0,BALANCE_LEAKING,BALANCE_LEAKING,BALANCE
4872.65,4876.95,4871.95,4874.65,0,0,0,0,0.29763049602429903,ASIA,3,0.2830349531117413,day_anchor_std,server_midnight,1,0,0,0,0,0,BALANCE_LEAKING,BALANCE_LEAKING,BALANCE
4874.85,4875.45,4872.95,4872.95,0,0,0,0,0.29763049602429903,ASIA,3,0.2830349531117413,day_anchor_std,server_midnight,1,0,0,0,0,0,BALANCE_LEAKING,BALANCE_LEAKING,BALANCE
4872.95,4874.45,4869.65,4872.35,0,0,0,0,0.29763049602429903,ASIA,3,0.2830349531117413,day_anchor_std,server_midnight,1,0,0,0,0,0,BALANCE_LEAKING,BALANCE_LEAKING,BALANCE
4872.15,4875.45,4871.65,4873.65,0,0,0,0,0.29763049602429903,ASIA,3,0.2830349531117413,day_anchor_std,server_midnight,1,0,0,0,0,0,BALANCE_LEAKING,BALANCE_LEAKING,BALANCE
4883.35,4883.55,4877.35,4880.85,0,0,0,0,0.966171821890028,NY_PM,2,0.06522659889879381,day_anchor_std,server_midnight,1,0,0,0,0,0,BALANCE_LEAKING,BALANCE_LEAKING,BALANCE
4880.55,4881.35,4878.85,4879.35,0,0,0,0,0.966171821890028,NY_PM,2,0.06522659889879381,day_anchor_std,server_midnight,1,0,0,0,0,0,BALANCE_LEAKING,BALANCE_LEAKING,BALANCE
4879.55,4880.05,4878.95,4879.05,0,0,0,0,0.966171821890028,NY_PM,2,0.06522659889879381,day_anchor_std,server_midnight,1,0,0,0,0,0,BALANCE_LEAKING,BALANCE_LEAKING,BALANCE
4878.95,4881.85,4878.85,4881.55,0,0,0,0,0.966171821890028,NY_PM,2,0.06522659889879381,day_anchor_std,server_midnight,1,0,0,0,0,0,BALANCE_LEAKING,BALANCE_LEAKING,BALANCE
4881.85,4887.05,4881.45,4886.05,0,0,0,0,0.959455669889523,NY_PM,3,0.3625172450387313,day_anchor_std,server_midnight,1,0,0,0,0,0,UNCLASSIFIED,BALANCE_UNCLASSIFIED,BALANCE
4886.35,4887.55,4885.85,4887.35,0,0,0,0,0.959455669889523,NY_PM,3,0.3625172450387313,day_anchor_std,server_midnight,1,0,0,0,0,0,UNCLASSIFIED,BALANCE_UNCLASSIFIED,BALANCE
4887.35,4887.55,4884.85,4885.85,0,0,0,0,0.959455669889523,NY_PM,3,0.3625172450387313,day_anchor_std,server_midnight,1,0,0,0,0,0,UNCLASSIFIED,BALANCE_UNCLASSIFIED,BALANCE
4885.55,4886.35,4884.85,4886.35,0,0,0,0,0.959455669889523,NY_PM,3,0.3625172450387313,day_anchor_std,server_midnight,1,0,0,0,0,0,UNCLASSIFIED,BALANCE_UNCLASSIFIED,BALANCE
4886.55,4888.35,4885.05,4885.55,0,0,0,0,0.9185726744961283,ASIA,4,0.015171218032103957,day_anchor_std,server_midnight,1,0,0,0,0,0,BALANCE_LEAKING,BALANCE_LEAKING,BALANCE
4885.55,4887.35,4884.85,4887.05,0,0,0,0,0.9185726744961283,ASIA,4,0.015171218032103957,day_anchor_std,server_midnight,1,0,0,0,0,0,BALANCE_LEAKING,BALANCE_LEAKING,BALANCE
4887.05,4887.35,4886.35,4886.55,0,0,0,0,0.9185726744961283,ASIA,4,0.015171218032103957,day_anchor_std,server_midnight,1,0,0,0,0,0,BALANCE_LEAKING,BALANCE_LEAKING,BALANCE
4886.55,4887.35,4886.35,4886.85,0,0,0,0,0.9185726744961283,ASIA,4,0.015171218032103957,day_anchor_std,server_midnight,1,0,0,0,0,0,BALANCE_LEAKING,BALANCE_LEAKING,BALANCE
4887.05,4887.85,4886.35,4887.05,0,0,0,0,0.9345459981267991,ASIA,5,0.14511729405343646,day_anchor_std,server_midnight,1,0,0,0,0,0,BALANCE_LEAKING,BALANCE_LEAKING,BALANCE
4887.05,4888.35,4887.05,4888.35,0,0,0,0,0.9345459981267991,ASIA,5,0.14511729405343646,day_anchor_std,server_midnight,1,0,0,0,0,0,BALANCE_LEAKING,BALANCE_LEAKING,BALANCE
4888.55,4890.85,4888.05,4889.55,0,0,0,0,0.9345459981267991,ASIA,5,0.14511729405343646,day_anchor_std,server_midnight,1,0,0,0,0,0,BALANCE_LEAKING,BALANCE_LEAKING,BALANCE
4889.85,4890.55,4888.85,4889.05,0,0,0,0,0.9345459981267991,ASIA,5,0.14511729405343646,day_anchor_std,server_midnight,1,0,0,0,0,0,BALANCE_LEAKING,BALANCE_LEAKING,BALANCE
4930.45,4931.25,4929.95,4930.85,0,0,0,2,0.9947720706671621,ASIA,6,0.10894941634247798,day_anchor_std,server_midnight,0,0,0,1,0,0,TREND_STRONG,TREND_STRONG,TREND
4930.75,4930.75,4928.25,4928.25,0,0,0,2,0.9947720706671621,ASIA,6,0.10894941634247798,day_anchor_std,server_midnight,0,0,0,1,0,0,TREND_STRONG,TREND_STRONG,TREND
4928.25,4929.75,4927.95,4929.45,0,0,0,2,0.9947720706671621,ASIA,6,0.10894941634247798,day_anchor_std,server_midnight,0,0,0,1,0,0,TREND_STRONG,TREND_STRONG,TREND
4929.45,4929.95,4928.25,4928.25,0,0,0,2,0.9947720706671621,ASIA,6,0.10894941634247798,day_anchor_std,server_midnight,0,0,0,1,0,0,TREND_STRONG,TREND_STRONG,TREND
4928.45,4930.25,4928.25,4930.25,0,0,0,2,0.9578206227838355,ASIA,7,0.23936869793958915,day_anchor_std,server_midnight,0,0,0,1,0,0,TREND_STRONG,TREND_STRONG,TREND
4930.25,4931.25,4929.45,4929.75,0,0,0,2,0.9578206227838355,ASIA,7,0.23936869793958915,day_anchor_std,server_midnight,0,0,0,1,0,0,TREND_STRONG,TREND_STRONG,TREND
4929.95,4930.45,4927.45,4928.95,0,0,0,2,0.9578206227838355,ASIA,7,0.23936869793958915,day_anchor_std,server_midnight,0,0,0,1,0,0,TREND_STRONG,TREND_STRONG,TREND
4928.95,4929.25,4926.75,4926.75,0,0,0,2,0.9578206227838355,ASIA,7,0.23936869793958915,day_anchor_std,server_midnight,0,0,0,1,0,0,TREND_STRONG,TREND_STRONG,TREND
4926.45,4926.75,4921.75,4923.95,0,0,0,2,0.9834561588008613,ASIA,8,0.010568530313707586,day_anchor_std,server_midnight,0,0,0,1,0,0,TREND_STRONG,TREND_STRONG,TREND
4924.05,4925.35,4922.95,4924.95,0,0,0,2,0.9834561588008613,ASIA,8,0.010568530313707586,day_anchor_std,server_midnight,0,0,0,1,0,0,TREND_STRONG,TREND_STRONG,TREND
4924.45,4926.95,4922.75,4926.95,0,0,0,2,0.9834561588008613,ASIA,8,0.010568530313707586,day_anchor_std,server_midnight,0,0,0,1,0,0,TREND_STRONG,TREND_STRONG,TREND
4927.45,4928.95,4925.95,4928.25,0,0,0,2,0.9834561588008613,ASIA,8,0.010568530313707586,day_anchor_std,server_midnight,0,0,0,1,0,0,TREND_STRONG,TREND_STRONG,TREND
4927.95,4929.25,4924.1,4924.15,0,0,0,2,0.895485488265147,ASIA,9,0.2596948061039488,day_anchor_std,server_midnight,0,0,0,1,0,0,TREND_STRONG,TREND_STRONG,TREND
4923.95,4925.45,4923.45,4924.95,0,0,0,2,0.895485488265147,ASIA,9,0.2596948061039488,day_anchor_std,server_midnight,0,0,0,1,0,0,TREND_STRONG,TREND_STRONG,TREND
4924.75,4927.95,4924.25,4926.95,0,0,0,2,0.895485488265147,ASIA,9,0.2596948061039488,day_anchor_std,server_midnight,0,0,0,1,0,0,TREND_STRONG,TREND_STRONG,TREND
4926.95,4927.95,4924.95,4925.45,0,0,0,2,0.895485488265147,ASIA,9,0.2596948061039488,day_anchor_std,server_midnight,0,0,0,1,0,0,TREND_STRONG,TREND_STRONG,TREND
4924.95,4925.45,4921.95,4923.95,0,0,0,2,0.8353776980004467,LONDON,10,0.5650063856960201,day_anchor_std,server_midnight,0,0,0,0,1,0,TREND_STRONG,TREND_STRONG,TREND
4923.95,4924.75,4923.15,4924.65,0,0,0,2,0.8353776980004467,LONDON,10,0.5650063856960201,day_anchor_std,server_midnight,0,0,0,0,1,0,TREND_STRONG,TREND_STRONG,TREND
4924.65,4925.65,4923.35,4925.15,0,0,0,2,0.8353776980004467,LONDON,10,0.5650063856960201,day_anchor_std,server_midnight,0,0,0,0,1,0,TREND_STRONG,TREND_STRONG,TREND
4925.15,4925.15,4920.85,4922.35,0,0,0,2,0.8353776980004467,LONDON,10,0.5650063856960201,day_anchor_std,server_midnight,0,0,0,0,1,0,TREND_STRONG,TREND_STRONG,TREND
4922.55,4922.85,4916.85,4919.55,0,0,0,2,0.9724550918479863,LONDON,11,0.2623444125290132,day_anchor_std,server_midnight,0,0,0,0,1,0,TREND_STRONG,TREND_STRONG,TREND
4919.85,4920.85,4918.35,4919.05,0,0,0,2,0.9724550918479863,LONDON,11,0.2623444125290132,day_anchor_std,server_midnight,0,0,0,0,1,0,TREND_STRONG,TREND_STRONG,TREND
4919.35,4922.55,4917.85,4921.55,0,0,0,2,0.9724550918479863,LONDON,11,0.2623444125290132,day_anchor_std,server_midnight,0,0,0,0,1,0,TREND_STRONG,TREND_STRONG,TREND
4922.35,4929.25,4922.35,4929.15,0,0,0,2,0.9724550918479863,LONDON,11,0.2623444125290132,day_anchor_std,server_midnight,0,0,0,0,1,0,TREND_STRONG,TREND_STRONG,TREND
4929.45,4929.55,4919.75,4924.05,0,0,0,2,0.9602294672811721,LONDON,12,0.33971603490950497,day_anchor_std,server_midnight,0,0,0,0,1,0,TREND_STRONG,TREND_STRONG,TREND
4924.15,4925.85,4919.85,4922.85,0,0,0,2,0.9602294672811721,LONDON,12,0.33971603490950497,day_anchor_std,server_midnight,0,0,0,0,1,0,TREND_STRONG,TREND_STRONG,TREND
4922.75,4927.55,4921.05,4927.15,0,0,0,2,0.9602294672811721,LONDON,12,0.33971603490950497,day_anchor_std,server_midnight,0,0,0,0,1,0,TREND_STRONG,TREND_STRONG,TREND
4927.15,4931.35,4926.15,4929.85,0,0,0,2,0.9602294672811721,LONDON,12,0.33971603490950497,day_anchor_std,server_midnight,0,0,0,0,1,0,TREND_STRONG,TREND_STRONG,TREND
4929.75,4931.25,4921.65,4921.85,0,0,0,2,0.22042474675771367,NY,12,0.2687586120506218,day_anchor_std,server_midnight,0,0,0,0,1,0,TREND_STRONG,TREND_STRONG,TREND
4921.75,4923.1,4917.35,4920.35,0,0,0,2,0.22042474675771367,NY,12,0.2687586120506218,day_anchor_std,server_midnight,0,0,0,0,1,0,TREND_STRONG,TREND_STRONG,TREND
4920.35,4925.85,4917.85,4925.65,0,0,0,2,0.22042474675771367,NY,12,0.2687586120506218,day_anchor_std,server_midnight,0,0,0,0,1,0,TREND_STRONG,TREND_STRONG,TREND
4925.75,4926.85,4922.05,4923.85,0,0,0,2,0.22042474675771367,NY,12,0.2687586120506218,day_anchor_std,server_midnight,0,0,0,0,1,0,TREND_STRONG,TREND_STRONG,TREND
4925.05,4927.35,4914.55,4916.25,0,0,0,1,0.8586631152661485,NY_PM,2,1.547589388696677,day_anchor_std,server_midnight,0,0,1,0,0,0,UNCLASSIFIED,TRANSITION_UNCLASSIFIED,TRANSITION
4916.25,4917.75,4908.85,4909.35,0,0,0,1,0.8586631152661485,NY_PM,2,1.547589388696677,day_anchor_std,server_midnight,0,0,1,0,0,0,UNCLASSIFIED,TRANSITION_UNCLASSIFIED,TRANSITION
4906.55,4909.55,4905.05,4906.95,0,0,0,1,0.99719958616442,LONDON,6,1.2270396270396842,day_anchor_std,server_midnight,0,0,1,0,0,0,TRANSITION_NOISY,TRANSITION_NOISY,TRANSITION
4908.95,4912.65,4899.35,4901.05,0,0,0,1,0.99719958616442,LONDON,6,1.2270396270396842,day_anchor_std,server_midnight,0,0,1,0,0,0,TRANSITION_NOISY,TRANSITION_NOISY,TRANSITION
4901.05,4903.05,4896.85,4901.85,0,0,0,1,0.99719958616442,LONDON,6,1.2270396270396842,day_anchor_std,server_midnight,0,0,1,0,0,0,TRANSITION_NOISY,TRANSITION_NOISY,TRANSITION
4902.05,4906.65,4890.85,4893.15,0,0,0,1,0.99719958616442,LONDON,6,1.2270396270396842,day_anchor_std,server_midnight,0,0,1,0,0,0,TRANSITION_NOISY,TRANSITION_NOISY,TRANSITION
4955.05,4955.25,4954.05,4954.75,0,0,0,0,0.9678767898997371,ASIA,2,0.17310664605877127,day_anchor_std,server_midnight,1,0,0,0,0,0,BALANCE_LEAKING,BALANCE_LEAKING,BALANCE
4955.05,4955.55,4953.25,4955.05,0,0,0,0,0.9678767898997371,ASIA,2,0.17310664605877127,day_anchor_std,server_midnight,1,0,0,0,0,0,BALANCE_LEAKING,BALANCE_LEAKING,BALANCE
4955.05,4955.15,4951.25,4951.65,0,0,0,0,0.9678767898997371,ASIA,2,0.17310664605877127,day_anchor_std,server_midnight,1,0,0,0,0,0,BALANCE_LEAKING,BALANCE_LEAKING,BALANCE
4951.75,4954.55,4950.75,4954.15,0,0,0,0,0.9678767898997371,ASIA,2,0.17310664605877127,day_anchor_std,server_midnight,1,0,0,0,0,0,BALANCE_LEAKING,BALANCE_LEAKING,BALANCE
4954.25,4955.05,4952.75,4953.55,0,0,0,0,0.9690437035307716,ASIA,3,0.15663165086682584,day_anchor_std,server_midnight,1,0,0,0,0,0,BALANCE_LEAKING,BALANCE_LEAKING,BALANCE
4953.35,4953.55,4951.05,4951.85,0,0,0,0,0.9690437035307716,ASIA,3,0.15663165086682584,day_anchor_std,server_midnight,1,0,0,0,0,0,BALANCE_LEAKING,BALANCE_LEAKING,BALANCE
4951.75,4953.55,4951.25,4952.25,0,0,0,0,0.9690437035307716,ASIA,3,0.15663165086682584,day_anchor_std,server_midnight,1,0,0,0,0,0,BALANCE_LEAKING,BALANCE_LEAKING,BALANCE
4952.55,4954.25,4952.05,4954.05,0,0,0,0,0.9690437035307716,ASIA,3,0.15663165086682584,day_anchor_std,server_midnight,1,0,0,0,0,0,BALANCE_LEAKING,BALANCE_LEAKING,BALANCE
4962.75,4969.25,4962.25,4968.55,0,0,0,1,0.9958790076515996,LONDON,2,1.5973601125947396,day_anchor_std,server_midnight,0,0,1,0,0,0,UNCLASSIFIED,TRANSITION_UNCLASSIFIED,TRANSITION
4968.75,4971.35,4967.35,4970.35,0,0,0,1,0.9958790076515996,LONDON,2,1.5973601125947396,day_anchor_std,server_midnight,0,0,1,0,0,0,UNCLASSIFIED,TRANSITION_UNCLASSIFIED,TRANSITION
4970.6,4978.55,4970.35,4978.55,0,0,0,1,0.9958790076515996,LONDON,2,1.5973601125947396,day_anchor_std,server_midnight,0,0,1,0,0,0,UNCLASSIFIED,TRANSITION_UNCLASSIFIED,TRANSITION
4978.5,4979.75,4969.5,4974.55,0,0,0,1,0.9958790076515996,LONDON,2,1.5973601125947396,day_anchor_std,server_midnight,0,0,1,0,0,0,UNCLASSIFIED,TRANSITION_UNCLASSIFIED,TRANSITION
4974.3,4995.15,4970.7,4995.05,0,0,0,1,0.9983132026384846,LONDON,3,2.60754832770792,day_anchor_std,server_midnight,0,0,1,0,0,0,UNCLASSIFIED,TRANSITION_UNCLASSIFIED,TRANSITION
4995.15,4995.7,4985.85,4988.0,0,0,0,1,0.9983132026384846,LONDON,3,2.60754832770792,day_anchor_std,server_midnight,0,0,1,0,0,0,UNCLASSIFIED,TRANSITION_UNCLASSIFIED,TRANSITION
4988.0,4991.75,4983.75,4986.55,0,0,0,1,0.9983132026384846,LONDON,3,2.60754832770792,day_anchor_std,server_midnight,0,0,1,0,0,0,UNCLASSIFIED,TRANSITION_UNCLASSIFIED,TRANSITION
4986.75,4993.85,4984.05,4991.25,0,0,0,1,0.9983132026384846,LONDON,3,2.60754832770792,day_anchor_std,server_midnight,0,0,1,0,0,0,UNCLASSIFIED,TRANSITION_UNCLASSIFIED,TRANSITION
4995.95,4998.75,4995.75,4998.25,0,0,0,1,0.9863903901242516,ASIA,1,0.9394480841772128,day_anchor_std,server_midnight,0,0,1,0,0,0,UNCLASSIFIED,TRANSITION_UNCLASSIFIED,TRANSITION
4997.95,4999.25,4997.25,4998.95,0,0,0,1,0.9863903901242516,ASIA,1,0.9394480841772128,day_anchor_std,server_midnight,0,0,1,0,0,0,UNCLASSIFIED,TRANSITION_UNCLASSIFIED,TRANSITION
4998.95,5004.2,4998.95,5003.95,0,0,0,1,0.9863903901242516,ASIA,1,0.9394480841772128,day_anchor_std,server_midnight,0,0,1,0,0,0,UNCLASSIFIED,TRANSITION_UNCLASSIFIED,TRANSITION
5004.2,5004.75,5001.45,5003.75,0,0,0,1,0.9863903901242516,ASIA,1,0.9394480841772128,day_anchor_std,server_midnight,0,0,1,0,0,0,UNCLASSIFIED,TRANSITION_UNCLASSIFIED,TRANSITION
5028.45,5030.2,5027.45,5028.7,0,0,0,2,0.9596874684278192,LONDON,3,0.20022598870054054,day_anchor_std,server_midnight,0,0,0,0,1,0,TREND_STRONG,TREND_STRONG,TREND
5028.7,5029.4,5027.6,5028.7,0,0,0,2,0.9596874684278192,LONDON,3,0.20022598870054054,day_anchor_std,server_midnight,0,0,0,0,1,0,TREND_STRONG,TREND_STRONG,TREND
5028.9,5029.7,5027.4,5027.5,0,0,0,2,0.9596874684278192,LONDON,3,0.20022598870054054,day_anchor_std,server_midnight,0,0,0,0,1,0,TREND_STRONG,TREND_STRONG,TREND
5027.2,5028.2,5026.9,5028.2,0,0,0,2,0.9596874684278192,LONDON,3,0.20022598870054054,day_anchor_std,server_midnight,0,0,0,0,1,0,TREND_STRONG,TREND_STRONG,TREND
5028.2,5029.4,5027.15,5027.15,0,0,0,2,0.9870945570264048,LONDON,4,0.34766324702809637,day_anchor_std,server_midnight,0,0,0,0,1,0,TREND_STRONG,TREND_STRONG,TREND
5027.35,5027.35,5025.35,5025.65,0,0,0,2,0.9870945570264048,LONDON,4,0.34766324702809637,day_anchor_std,server_midnight,0,0,0,0,1,0,TREND_STRONG,TREND_STRONG,TREND
5025.85,5027.15,5023.85,5026.85,0,0,0,2,0.9870945570264048,LONDON,4,0.34766324702809637,day_anchor_std,server_midnight,0,0,0,0,1,0,TREND_STRONG,TREND_STRONG,TREND
5026.85,5029.65,5026.85,5029.45,0,0,0,2,0.9870945570264048,LONDON,4,0.34766324702809637,day_anchor_std,server_midnight,0,0,0,0,1,0,TREND_STRONG,TREND_STRONG,TREND
5019.15,5019.3,5018.0,5018.5,0,0,0,0,0.9020121453656345,ASIA,2,0.0856269113150265,day_anchor_std,server_midnight,1,0,0,0,0,0,UNCLASSIFIED,BALANCE_UNCLASSIFIED,BALANCE
5018.35,5018.35,5016.5,5016.8,0,0,0,0,0.9020121453656345,ASIA,2,0.0856269113150265,day_anchor_std,server_midnight,1,0,0,0,0,0,UNCLASSIFIED,BALANCE_UNCLASSIFIED,BALANCE
5016.8,5017.5,5016.5,5017.5,0,0,0,0,0.9020121453656345,ASIA,2,0.0856269113150265,day_anchor_std,server_midnight,1,0,0,0,0,0,UNCLASSIFIED,BALANCE_UNCLASSIFIED,BALANCE
5017.4,5017.5,5016.3,5016.8,0,0,0,0,0.9020121453656345,ASIA,2,0.0856269113150265,day_anchor_std,server_midnight,1,0,0,0,0,0,UNCLASSIFIED,BALANCE_UNCLASSIFIED,BALANCE
5016.8,5019.0,5016.8,5019.0,0,0,0,0,0.9268536092561894,ASIA,3,0.32550930026561803,day_anchor_std,server_midnight,1,0,0,0,0,0,BALANCE_LEAKING,BALANCE_LEAKING,BALANCE
5018.8,5019.0,5018.0,5018.0,0,0,0,0,0.9268536092561894,ASIA,3,0.32550930026561803,day_anchor_std,server_midnight,1,0,0,0,0,0,BALANCE_LEAKING,BALANCE_LEAKING,BALANCE
5018.3,5022.8,5018.25,5022.5,0,0,0,0,0.9268536092561894,ASIA,3,0.32550930026561803,day_anchor_std,server_midnight,1,0,0,0,0,0,BALANCE_LEAKING,BALANCE_LEAKING,BALANCE
5022.5,5023.3,5021.0,5021.55,0,0,0,0,0.9268536092561894,ASIA,3,0.32550930026561803,day_anchor_std,server_midnight,1,0,0,0,0,0,BALANCE_LEAKING,BALANCE_LEAKING,BALANCE
5021.55,5021.8,5020.25,5021.55,0,0,0,1,0.9758376279274562,ASIA,1,0.8852604097526596,day_anchor_std,server_midnight,0,0,1,0,0,0,TRANSITION_NOISY,TRANSITION_NOISY,TRANSITION
5022.3,5023.5,5020.5,5023.5,0,0,0,1,0.9758376279274562,ASIA,1,0.8852604097526596,day_anchor_std,server_midnight,0,0,1,0,0,0,TRANSITION_NOISY,TRANSITION_NOISY,TRANSITION
5023.8,5024.0,5018.0,5018.0,0,0,0,1,0.9758376279274562,ASIA,1,0.8852604097526596,day_anchor_std,server_midnight,0,0,1,0,0,0,TRANSITION_NOISY,TRANSITION_NOISY,TRANSITION
5018.05,5018.05,5008.3,5009.3,0,0,0,1,0.9758376279274562,ASIA,1,0.8852604097526596,day_anchor_std,server_midnight,0,0,1,0,0,0,TRANSITION_NOISY,TRANSITION_NOISY,TRANSITION
5005.55,5009.9,5004.55,5007.4,0,0,0,1,0.9943656140150444,LONDON,4,4.095385674931151,day_anchor_std,server_midnight,0,0,1,0,0,0,UNCLASSIFIED,TRANSITION_UNCLASSIFIED,TRANSITION
5007.7,5011.95,4959.35,4961.85,0,0,0,1,0.9943656140150444,LONDON,4,4.095385674931151,day_anchor_std,server_midnight,0,0,1,0,0,0,UNCLASSIFIED,TRANSITION_UNCLASSIFIED,TRANSITION
4962.15,4962.15,4951.45,4958.65,0,0,0,1,0.9943656140150444,LONDON,4,4.095385674931151,day_anchor_std,server_midnight,0,0,1,0,0,0,UNCLASSIFIED,TRANSITION_UNCLASSIFIED,TRANSITION
4958.65,4965.45,4949.95,4951.45,0,0,0,1,0.9943656140150444,LONDON,4,4.095385674931151,day_anchor_std,server_midnight,0,0,1,0,0,0,UNCLASSIFIED,TRANSITION_UNCLASSIFIED,TRANSITION
5001.35,5002.75,5001.1,5001.6,0,0,0,2,0.642546602327053,ASIA,6,0.0026432549797372317,day_anchor_std,server_midnight,0,0,0,1,0,0,TREND_STRONG,TREND_STRONG,TREND
5001.85,5002.6,5001.35,5001.6,0,0,0,2,0.642546602327053,ASIA,6,0.0026432549797372317,day_anchor_std,server_midnight,0,0,0,1,0,0,TREND_STRONG,TREND_STRONG,TREND
5001.35,5002.35,5000.85,5002.1,0,0,0,2,0.642546602327053,ASIA,6,0.0026432549797372317,day_anchor_std,server_midnight,0,0,0,1,0,0,TREND_STRONG,TREND_STRONG,TREND
5002.35,5002.35,5001.1,5001.85,0,0,0,2,0.642546602327053,ASIA,6,0.0026432549797372317,day_anchor_std,server_midnight,0,0,0,1,0,0,TREND_STRONG,TREND_STRONG,TREND
5002.1,5003.6,5001.35,5003.6,0,0,0,2,0.6164018108803181,ASIA,7,0.29736010410857483,day_anchor_std,server_midnight,0,0,0,1,0,0,TREND_STRONG,TREND_STRONG,TREND
5003.35,5003.6,5002.1,5002.6,0,0,0,2,0.6164018108803181,ASIA,7,0.29736010410857483,day_anchor_std,server_midnight,0,0,0,1,0,0,TREND_STRONG,TREND_STRONG,TREND
5002.6,5003.35,5000.6,5002.75,0,0,0,2,0.6164018108803181,ASIA,7,0.29736010410857483,day_anchor_std,server_midnight,0,0,0,1,0,0,TREND_STRONG,TREND_STRONG,TREND
5002.5,5007.85,5002.35,5007.35,0,0,0,2,0.6164018108803181,ASIA,7,0.29736010410857483,day_anchor_std,server_midnight,0,0,0,1,0,0,TREND_STRONG,TREND_STRONG,TREND
5007.35,5011.35,5006.35,5011.35,0,0,0,2,0.7903389459349442,ASIA,8,0.6173241645554386,day_anchor_std,server_midnight,0,0,0,1,0,0,TREND_STRONG,TREND_STRONG,TREND
5011.1,5011.6,5008.6,5008.6,0,0,0,2,0.7903389459349442,ASIA,8,0.6173241645554386,day_anchor_std,server_midnight,0,0,0,1,0,0,TREND_STRONG,TREND_STRONG,TREND
5008.5,5013.85,5008.35,5013.5,0,0,0,2,0.7903389459349442,ASIA,8,0.6173241645554386,day_anchor_std,server_midnight,0,0,0,1,0,0,TREND_STRONG,TREND_STRONG,TREND
5013.5,5013.85,5011.1,5013.6,0,0,0,2,0.7903389459349442,ASIA,8,0.6173241645554386,day_anchor_std,server_midnight,0,0,0,1,0,0,TREND_STRONG,TREND_STRONG,TREND
5008.95,5015.3,5007.45,5015.3,0,0,0,1,0.998340172549088,NY,5,1.1818695161150758,day_anchor_std,server_midnight,0,0,1,0,0,0,UNCLASSIFIED,TRANSITION_UNCLASSIFIED,TRANSITION
5015.55,5016.55,5010.8,5011.3,0,0,0,1,0.998340172549088,NY,5,1.1818695161150758,day_anchor_std,server_midnight,0,0,1,0,0,0,UNCLASSIFIED,TRANSITION_UNCLASSIFIED,TRANSITION
5010.9,5025.5,5010.2,5025.25,0,0,0,1,0.998340172549088,NY,5,1.1818695161150758,day_anchor_std,server_midnight,0,0,1,0,0,0,UNCLASSIFIED,TRANSITION_UNCLASSIFIED,TRANSITION
5025.75,5027.45,5019.7,5024.3,0,0,0,1,0.998340172549088,NY,5,1.1818695161150758,day_anchor_std,server_midnight,0,0,1,0,0,0,UNCLASSIFIED,TRANSITION_UNCLASSIFIED,TRANSITION
5028.25,5029.75,5028.25,5028.75,0,0,0,2,0.7523321063103983,ASIA,3,0.16803840877911586,day_anchor_std,server_midnight,0,0,0,1,0,0,UNCLASSIFIED,TREND_UNCLASSIFIED,TREND
5028.75,5029.2,5027.0,5027.1,0,0,0,2,0.7523321063103983,ASIA,3,0.16803840877911586,day_anchor_std,server_midnight,0,0,0,1,0,0,UNCLASSIFIED,TREND_UNCLASSIFIED,TREND
5027.2,5028.3,5027.1,5027.85,0,0,0,2,0.7523321063103983,ASIA,3,0.16803840877911586,day_anchor_std,server_midnight,0,0,0,1,0,0,UNCLASSIFIED,TREND_UNCLASSIFIED,TREND
5027.55,5030.45,5027.35,5030.45,0,0,0,2,0.7523321063103983,ASIA,3,0.16803840877911586,day_anchor_std,server_midnight,0,0,0,1,0,0,UNCLASSIFIED,TREND_UNCLASSIFIED,TREND
5030.45,5031.8,5029.45,5031.5,0,0,0,2,0.7810294817404101,ASIA,4,0.6774389714187423,day_anchor_std,server_midnight,0,0,0,1,0,0,UNCLASSIFIED,TREND_UNCLASSIFIED,TREND
5031.5,5032.75,5029.95,5031.05,0,0,0,2,0.7810294817404101,ASIA,4,0.6774389714187423,day_anchor_std,server_midnight,0,0,0,1,0,0,UNCLASSIFIED,TREND_UNCLASSIFIED,TREND
5030.65,5036.2,5030.65,5036.1,0,0,0,2,0.7810294817404101,ASIA,4,0.6774389714187423,day_anchor_std,server_midnight,0,0,0,1,0,0,UNCLASSIFIED,TREND_UNCLASSIFIED,TREND
5036.2,5037.75,5036.1,5036.8,0,0,0,2,0.7810294817404101,ASIA,4,0.6774389714187423,day_anchor_std,server_midnight,0,0,0,1,0,0,UNCLASSIFIED,TREND_UNCLASSIFIED,TREND
5036.95,5040.0,5035.25,5039.95,0,0,0,2,0.8776250854012095,ASIA,5,0.973588342440852,day_anchor_std,server_midnight,0,0,0,1,0,0,TREND_STRONG,TREND_STRONG,TREND
5040.1,5040.25,5037.25,5037.95,0,0,0,2,0.8776250854012095,ASIA,5,0.973588342440852,day_anchor_std,server_midnight,0,0,0,1,0,0,TREND_STRONG,TREND_STRONG,TREND
5037.75,5042.45,5037.75,5041.6,0,0,0,2,0.8776250854012095,ASIA,5,0.973588342440852,day_anchor_std,server_midnight,0,0,0,1,0,0,TREND_STRONG,TREND_STRONG,TREND
5041.6,5042.7,5040.75,5041.1,0,0,0,2,0.8776250854012095,ASIA,5,0.973588342440852,day_anchor_std,server_midnight,0,0,0,1,0,0,TREND_STRONG,TREND_STRONG,TREND
5040.75,5042.75,5040.0,5040.7,0,0,0,2,0.6823401214403508,LONDON,6,0.372525888058711,day_anchor_std,server_midnight,0,0,0,0,1,0,TREND_FRAGILE,TREND_FRAGILE,TREND
5040.75,5041.7,5039.05,5040.8,0,0,0,2,0.6823401214403508,LONDON,6,0.372525888058711,day_anchor_std,server_midnight,0,0,0,0,1,0,TREND_FRAGILE,TREND_FRAGILE,TREND
5040.5,5040.8,5037.25,5037.6,0,0,0,2,0.6823401214403508,LONDON,6,0.372525888058711,day_anchor_std,server_midnight,0,0,0,0,1,0,TREND_FRAGILE,TREND_FRAGILE,TREND
5037.6,5038.7,5036.2,5036.2,0,0,0,2,0.6823401214403508,LONDON,6,0.372525888058711,day_anchor_std,server_midnight,0,0,0,0,1,0,TREND_FRAGILE,TREND_FRAGILE,TREND
4970.35,4971.95,4963.55,4971.4,0,0,0,2,0.4583032113261708,NY,4,0.5524505204843998,day_anchor_std,server_midnight,0,0,0,0,1,0,TREND_STRONG,TREND_STRONG,TREND
4971.35,4979.55,4968.25,4978.65,0,0,0,2,0.4583032113261708,NY,4,0.5524505204843998,day_anchor_std,server_midnight,0,0,0,0,1,0,TREND_STRONG,TREND_STRONG,TREND
4978.95,4980.2,4973.95,4978.8,0,0,0,2,0.4583032113261708,NY,4,0.5524505204843998,day_anchor_std,server_midnight,0,0,0,0,1,0,TREND_STRONG,TREND_STRONG,TREND
4978.9,4980.15,4962.5,4979.65,0,0,0,2,0.4583032113261708,NY,4,0.5524505204843998,day_anchor_std,server_midnight,0,0,0,0,1,0,TREND_STRONG,TREND_STRONG,TREND
4979.6,4979.85,4973.4,4975.95,0,0,0,2,0.7202555953112098,NY_PM,5,0.7314129775622192,day_anchor_std,server_midnight,0,0,0,0,1,0,TREND_STRONG,TREND_STRONG,TREND
4976.0,4978.75,4975.55,4976.7,0,0,0,2,0.7202555953112098,NY_PM,5,0.7314129775622192,day_anchor_std,server_midnight,0,0,0,0,1,0,TREND_STRONG,TREND_STRONG,TREND
4972.25,4972.25,4968.75,4970.45,0,0,0,2,0.5210728601342367,NY_PM,7,1.0748551715159353,day_anchor_std,server_midnight,0,0,0,0,0,1,UNCLASSIFIED,TREND_UNCLASSIFIED,TREND
4970.45,4972.45,4968.25,4971.95,0,0,0,2,0.5210728601342367,NY_PM,7,1.0748551715159353,day_anchor_std,server_midnight,0,0,0,0,0,1,UNCLASSIFIED,TREND_UNCLASSIFIED,TREND
4971.95,4972.95,4971.0,4971.2,0,0,0,2,0.5210728601342367,NY_PM,7,1.0748551715159353,day_anchor_std,server_midnight,0,0,0,0,0,1,UNCLASSIFIED,TREND_UNCLASSIFIED,TREND
4971.2,4971.45,4968.85,4970.6,0,0,0,2,0.5210728601342367,NY_PM,7,1.0748551715159353,day_anchor_std,server_midnight,0,0,0,0,0,1,UNCLASSIFIED,TREND_UNCLASSIFIED,TREND
5029.15,5029.45,5026.65,5027.85,0,0,0,1,0.9955762242673225,ASIA,3,0.9657139945997837,day_anchor_std,server_midnight,0,0,1,0,0,0,UNCLASSIFIED,TRANSITION_UNCLASSIFIED,TRANSITION
5028.05,5032.05,5027.05,5031.35,0,0,0,1,0.9955762242673225,ASIA,3,0.9657139945997837,day_anchor_std,server_midnight,0,0,1,0,0,0,UNCLASSIFIED,TRANSITION_UNCLASSIFIED,TRANSITION
5031.35,5045.35,5031.35,5045.05,0,0,0,1,0.9955762242673225,ASIA,3,0.9657139945997837,day_anchor_std,server_midnight,0,0,1,0,0,0,UNCLASSIFIED,TRANSITION_UNCLASSIFIED,TRANSITION
5044.95,5045.55,5040.55,5042.15,0,0,0,1,0.9955762242673225,ASIA,3,0.9657139945997837,day_anchor_std,server_midnight,0,0,1,0,0,0,UNCLASSIFIED,TRANSITION_UNCLASSIFIED,TRANSITION
5046.35,5051.15,5044.55,5048.35,0,0,0,1,0.998744541119218,LONDON,6,1.5173041894353048,day_anchor_std,server_midnight,0,0,1,0,0,0,TRANSITION_NOISY,TRANSITION_NOISY,TRANSITION
5048.35,5053.85,5045.35,5052.3,0,0,0,1,0.998744541119218,LONDON,6,1.5173041894353048,day_anchor_std,server_midnight,0,0,1,0,0,0,TRANSITION_NOISY,TRANSITION_NOISY,TRANSITION
5052.15,5053.35,5047.3,5050.2,0,0,0,1,0.998744541119218,LONDON,6,1.5173041894353048,day_anchor_std,server_midnight,0,0,1,0,0,0,TRANSITION_NOISY,TRANSITION_NOISY,TRANSITION
5050.35,5064.55,5040.4,5060.05,0,0,0,1,0.998744541119218,LONDON,6,1.5173041894353048,day_anchor_std,server_midnight,0,0,1,0,0,0,TRANSITION_NOISY,TRANSITION_NOISY,TRANSITION
5091.05,5092.25,5090.55,5092.05,0,0,0,2,0.9968235707235666,ASIA,3,0.029230608623002526,day_anchor_std,server_midnight,0,0,0,1,0,0,UNCLASSIFIED,TREND_UNCLASSIFIED,TREND
5091.85,5092.05,5090.05,5091.75,0,0,0,2,0.9968235707235666,ASIA,3,0.029230608623002526,day_anchor_std,server_midnight,0,0,0,1,0,0,UNCLASSIFIED,TREND_UNCLASSIFIED,TREND
5091.55,5092.75,5089.95,5090.85,0,0,0,2,0.9968235707235666,ASIA,3,0.029230608623002526,day_anchor_std,server_midnight,0,0,0,1,0,0,UNCLASSIFIED,TREND_UNCLASSIFIED,TREND
5091.05,5091.05,5088.55,5090.05,0,0,0,2,0.9968235707235666,ASIA,3,0.029230608623002526,day_anchor_std,server_midnight,0,0,0,1,0,0,UNCLASSIFIED,TREND_UNCLASSIFIED,TREND
5089.85,5089.85,5086.85,5087.5,0,0,0,2,0.9786254268207215,ASIA,4,0.41392872885086857,day_anchor_std,server_midnight,0,0,0,1,0,0,TREND_STRONG,TREND_STRONG,TREND
5087.65,5090.25,5087.35,5088.75,0,0,0,2,0.9786254268207215,ASIA,4,0.41392872885086857,day_anchor_std,server_midnight,0,0,0,1,0,0,TREND_STRONG,TREND_STRONG,TREND
5088.75,5088.95,5083.65,5085.35,0,0,0,2,0.9786254268207215,ASIA,4,0.41392872885086857,day_anchor_std,server_midnight,0,0,0,1,0,0,TREND_STRONG,TREND_STRONG,TREND
5085.35,5087.15,5083.35,5084.35,0,0,0,2,0.9786254268207215,ASIA,4,0.41392872885086857,day_anchor_std,server_midnight,0,0,0,1,0,0,TREND_STRONG,TREND_STRONG,TREND
5084.35,5085.85,5080.65,5081.65,0,0,0,2,0.9777213429745647,ASIA,5,0.32527881040891715,day_anchor_std,server_midnight,0,0,0,1,0,0,TREND_STRONG,TREND_STRONG,TREND
5081.85,5083.75,5080.85,5083.35,0,0,0,2,0.9777213429745647,ASIA,5,0.32527881040891715,day_anchor_std,server_midnight,0,0,0,1,0,0,TREND_STRONG,TREND_STRONG,TREND
5083.15,5085.15,5081.35,5084.35,0,0,0,2,0.9777213429745647,ASIA,5,0.32527881040891715,day_anchor_std,server_midnight,0,0,0,1,0,0,TREND_STRONG,TREND_STRONG,TREND
5084.35,5087.65,5084.35,5084.65,0,0,0,2,0.9777213429745647,ASIA,5,0.32527881040891715,day_anchor_std,server_midnight,0,0,0,1,0,0,TREND_STRONG,TREND_STRONG,TREND
5084.65,5087.65,5084.15,5086.35,0,0,0,2,0.9654988901677891,LONDON,6,0.1304793756967745,day_anchor_std,server_midnight,0,0,0,0,1,0,TREND_STRONG,TREND_STRONG,TREND
5086.65,5087.85,5085.35,5087.65,0,0,0,2,0.9654988901677891,LONDON,6,0.1304793756967745,day_anchor_std,server_midnight,0,0,0,0,1,0,TREND_STRONG,TREND_STRONG,TREND
5087.65,5089.85,5085.85,5089.65,0,0,0,2,0.9654988901677891,LONDON,6,0.1304793756967745,day_anchor_std,server_midnight,0,0,0,0,1,0,TREND_STRONG,TREND_STRONG,TREND
5089.65,5091.15,5087.85,5089.65,0,0,0,2,0.9654988901677891,LONDON,6,0.1304793756967745,day_anchor_std,server_midnight,0,0,0,0,1,0,TREND_STRONG,TREND_STRONG,TREND
5089.35,5093.35,5087.65,5092.15,0,0,0,2,0.9994510616289732,LONDON,7,1.504561546840973,day_anchor_std,server_midnight,0,0,0,0,0,1,TREND_STRONG,TREND_STRONG,TREND
5091.85,5096.35,5090.85,5095.75,0,0,0,2,0.9994510616289732,LONDON,7,1.504561546840973,day_anchor_std,server_midnight,0,0,0,0,0,1,TREND_STRONG,TREND_STRONG,TREND
5095.45,5104.45,5095.45,5102.95,0,0,0,2,0.9994510616289732,LONDON,7,1.504561546840973,day_anchor_std,server_midnight,0,0,0,0,0,1,TREND_STRONG,TREND_STRONG,TREND
5102.75,5111.55,5101.25,5107.75,0,0,0,2,0.9994510616289732,LONDON,7,1.504561546840973,day_anchor_std,server_midnight,0,0,0,0,0,1,TREND_STRONG,TREND_STRONG,TREND
5108.15,5109.65,5102.55,5102.65,0,0,0,2,0.6449574135133674,LONDON,8,0.31692766592103916,day_anchor_std,server_midnight,0,0,0,0,1,0,UNCLASSIFIED,TREND_UNCLASSIFIED,TREND
5102.75,5106.95,5094.55,5097.15,0,0,0,2,0.6449574135133674,LONDON,8,0.31692766592103916,day_anchor_std,server_midnight,0,0,0,0,1,0,UNCLASSIFIED,TREND_UNCLASSIFIED,TREND
5097.95,5098.15,5081.15,5091.75,0,0,0,2,0.6449574135133674,LONDON,8,0.31692766592103916,day_anchor_std,server_midnight,0,0,0,0,1,0,UNCLASSIFIED,TREND_UNCLASSIFIED,TREND
5091.75,5095.25,5087.65,5095.05,0,0,0,2,0.6449574135133674,LONDON,8,0.31692766592103916,day_anchor_std,server_midnight,0,0,0,0,1,0,UNCLASSIFIED,TREND_UNCLASSIFIED,TREND
5081.95,5084.25,5081.45,5083.45,0,0,0,0,0.7865167648883231,ASIA,2,0.041682173427671186,day_anchor_std,server_midnight,1,0,0,0,0,0,BALANCE_LEAKING,BALANCE_LEAKING,BALANCE
5083.25,5083.95,5081.45,5081.85,0,0,0,0,0.7865167648883231,ASIA,2,0.041682173427671186,day_anchor_std,server_midnight,1,0,0,0,0,0,BALANCE_LEAKING,BALANCE_LEAKING,BALANCE
5081.95,5082.95,5081.25,5081.95,0,0,0,0,0.7865167648883231,ASIA,2,0.041682173427671186,day_anchor_std,server_midnight,1,0,0,0,0,0,BALANCE_LEAKING,BALANCE_LEAKING,BALANCE
5081.95,5081.95,5079.45,5081.25,0,0,0,0,0.7865167648883231,ASIA,2,0.041682173427671186,day_anchor_std,server_midnight,1,0,0,0,0,0,BALANCE_LEAKING,BALANCE_LEAKING,BALANCE
5081.45,5083.95,5080.25,5083.95,0,0,0,0,0.839127532792015,ASIA,3,0.07003953844912254,day_anchor_std,server_midnight,1,0,0,0,0,0,UNCLASSIFIED,BALANCE_UNCLASSIFIED,BALANCE
5084.25,5084.45,5082.95,5083.85,0,0,0,0,0.839127532792015,ASIA,3,0.07003953844912254,day_anchor_std,server_midnight,1,0,0,0,0,0,UNCLASSIFIED,BALANCE_UNCLASSIFIED,BALANCE
5083.95,5086.45,5083.25,5083.75,0,0,0,0,0.839127532792015,ASIA,3,0.07003953844912254,day_anchor_std,server_midnight,1,0,0,0,0,0,UNCLASSIFIED,BALANCE_UNCLASSIFIED,BALANCE
5083.75,5084.45,5081.75,5082.75,0,0,0,0,0.839127532792015,ASIA,3,0.07003953844912254,day_anchor_std,server_midnight,1,0,0,0,0,0,UNCLASSIFIED,BALANCE_UNCLASSIFIED,BALANCE
5058.85,5060.55,5054.45,5056.15,0,0,0,1,0.9744343145839356,LONDON,1,1.873980386765641,day_anchor_std,server_midnight,0,0,1,0,0,0,UNCLASSIFIED,TRANSITION_UNCLASSIFIED,TRANSITION
5056.25,5089.25,5056.15,5086.45,0,0,0,1,0.9744343145839356,LONDON,1,1.873980386765641,day_anchor_std,server_midnight,0,0,1,0,0,0,UNCLASSIFIED,TRANSITION_UNCLASSIFIED,TRANSITION
5086.75,5091.25,5086.45,5089.05,0,0,0,1,0.9744343145839356,LONDON,1,1.873980386765641,day_anchor_std,server_midnight,0,0,1,0,0,0,UNCLASSIFIED,TRANSITION_UNCLASSIFIED,TRANSITION
5088.85,5096.6,5088.85,5093.15,0,0,0,1,0.9744343145839356,LONDON,1,1.873980386765641,day_anchor_std,server_midnight,0,0,1,0,0,0,UNCLASSIFIED,TRANSITION_UNCLASSIFIED,TRANSITION
5124.65,5125.35,5124.35,5124.85,0,0,0,2,0.8565316791026968,ASIA,3,0.09621993127139096,day_anchor_std,server_midnight,0,0,0,1,0,0,UNCLASSIFIED,TREND_UNCLASSIFIED,TREND
5125.15,5127.15,5124.65,5126.35,0,0,0,2,0.8565316791026968,ASIA,3,0.09621993127139096,day_anchor_std,server_midnight,0,0,0,1,0,0,UNCLASSIFIED,TREND_UNCLASSIFIED,TREND
5126.65,5127.15,5124.85,5125.35,0,0,0,2,0.8565316791026968,ASIA,3,0.09621993127139096,day_anchor_std,server_midnight,0,0,0,1,0,0,UNCLASSIFIED,TREND_UNCLASSIFIED,TREND
5125.35,5125.65,5124.65,5124.85,0,0,0,2,0.8565316791026968,ASIA,3,0.09621993127139096,day_anchor_std,server_midnight,0,0,0,1,0,0,UNCLASSIFIED,TREND_UNCLASSIFIED,TREND
5124.65,5124.85,5122.85,5122.85,0,0,0,2,0.9761311042837095,ASIA,4,0.45741556534501904,day_anchor_std,server_midnight,0,0,0,1,0,0,TREND_STRONG,TREND_STRONG,TREND
5122.85,5123.15,5120.65,5121.65,0,0,0,2,0.9761311042837095,ASIA,4,0.45741556534501904,day_anchor_std,server_midnight,0,0,0,1,0,0,TREND_STRONG,TREND_STRONG,TREND
5121.65,5122.65,5119.05,5119.45,0,0,0,2,0.9761311042837095,ASIA,4,0.45741556534501904,day_anchor_std,server_midnight,0,0,0,1,0,0,TREND_STRONG,TREND_STRONG,TREND
5119.55,5121.15,5118.55,5120.85,0,0,0,2,0.9761311042837095,ASIA,4,0.45741556534501904,day_anchor_std,server_midnight,0,0,0,1,0,0,TREND_STRONG,TREND_STRONG,TREND
5121.05,5122.35,5118.35,5119.85,0,0,0,2,0.9816819826709989,ASIA,5,0.8827096921844795,day_anchor_std,server_midnight,0,0,0,1,0,0,TREND_STRONG,TREND_STRONG,TREND
5119.85,5122.35,5118.65,5121.85,0,0,0,2,0.9816819826709989,ASIA,5,0.8827096921844795,day_anchor_std,server_midnight,0,0,0,1,0,0,TREND_STRONG,TREND_STRONG,TREND
5122.15,5124.15,5120.15,5121.15,0,0,0,2,0.9816819826709989,ASIA,5,0.8827096921844795,day_anchor_std,server_midnight,0,0,0,1,0,0,TREND_STRONG,TREND_STRONG,TREND
5121.15,5122.15,5115.85,5116.35,0,0,0,2,0.9816819826709989,ASIA,5,0.8827096921844795,day_anchor_std,server_midnight,0,0,0,1,0,0,TREND_STRONG,TREND_STRONG,TREND
5116.45,5119.35,5115.85,5119.15,0,0,0,2,0.9537617065161473,ASIA,6,0.46254497873735073,day_anchor_std,server_midnight,0,0,0,1,0,0,UNCLASSIFIED,TREND_UNCLASSIFIED,TREND
5118.85,5119.65,5114.35,5115.15,0,0,0,2,0.9537617065161473,ASIA,6,0.46254497873735073,day_anchor_std,server_midnight,0,0,0,1,0,0,UNCLASSIFIED,TREND_UNCLASSIFIED,TREND
5115.35,5116.35,5112.85,5114.85,0,0,0,2,0.9537617065161473,ASIA,6,0.46254497873735073,day_anchor_std,server_midnight,0,0,0,1,0,0,UNCLASSIFIED,TREND_UNCLASSIFIED,TREND
5115.15,5118.85,5115.15,5118.35,0,0,0,2,0.9537617065161473,ASIA,6,0.46254497873735073,day_anchor_std,server_midnight,0,0,0,1,0,0,UNCLASSIFIED,TREND_UNCLASSIFIED,TREND
5118.45,5120.65,5118.35,5118.85,0,0,0,2,0.9679380373993766,LONDON,7,0.8392969240428385,day_anchor_std,server_midnight,0,0,0,0,1,1,UNCLASSIFIED,TREND_UNCLASSIFIED,TREND
5119.15,5120.65,5117.65,5119.35,0,0,0,2,0.9679380373993766,LONDON,7,0.8392969240428385,day_anchor_std,server_midnight,0,0,0,0,1,1,UNCLASSIFIED,TREND_UNCLASSIFIED,TREND
5119.65,5122.15,5119.15,5120.65,0,0,0,2,0.9679380373993766,LONDON,7,0.8392969240428385,day_anchor_std,server_midnight,0,0,0,0,1,1,UNCLASSIFIED,TREND_UNCLASSIFIED,TREND
5120.65,5120.85,5113.65,5114.65,0,0,0,2,0.9679380373993766,LONDON,7,0.8392969240428385,day_anchor_std,server_midnight,0,0,0,0,1,1,UNCLASSIFIED,TREND_UNCLASSIFIED,TREND
5114.35,5119.35,5113.35,5113.65,0,0,0,2,0.999574566359023,LONDON,8,1.6822946445589064,day_anchor_std,server_midnight,0,0,0,0,0,1,UNCLASSIFIED,TREND_UNCLASSIFIED,TREND
5113.85,5114.65,5109.35,5111.15,0,0,0,2,0.999574566359023,LONDON,8,1.6822946445589064,day_anchor_std,server_midnight,0,0,0,0,0,1,UNCLASSIFIED,TREND_UNCLASSIFIED,TREND
5111.35,5112.35,5108.15,5111.35,0,0,0,2,0.999574566359023,LONDON,8,1.6822946445589064,day_anchor_std,server_midnight,0,0,0,0,0,1,UNCLASSIFIED,TREND_UNCLASSIFIED,TREND
5111.65,5112.45,5102.45,5105.45,0,0,0,2,0.999574566359023,LONDON,8,1.6822946445589064,day_anchor_std,server_midnight,0,0,0,0,0,1,UNCLASSIFIED,TREND_UNCLASSIFIED,TREND
5107.95,5116.35,5090.15,5093.05,0,0,0,2,0.9996595468871327,LONDON,9,2.892921146953508,day_anchor_std,server_midnight,0,0,0,0,0,1,UNCLASSIFIED,TREND_UNCLASSIFIED,TREND
5092.95,5092.95,5084.55,5090.75,0,0,0,2,0.9996595468871327,LONDON,9,2.892921146953508,day_anchor_std,server_midnight,0,0,0,0,0,1,UNCLASSIFIED,TREND_UNCLASSIFIED,TREND
5090.95,5091.55,5085.55,5091.0,0,0,0,2,0.9996595468871327,LONDON,9,2.892921146953508,day_anchor_std,server_midnight,0,0,0,0,0,1,UNCLASSIFIED,TREND_UNCLASSIFIED,TREND
5090.75,5093.2,5078.25,5085.5,0,0,0,2,0.9996595468871327,LONDON,9,2.892921146953508,day_anchor_std,server_midnight,0,0,0,0,0,1,UNCLASSIFIED,TREND_UNCLASSIFIED,TREND
5085.35,5093.8,5084.15,5093.15,0,0,0,2,0.9990815231182882,NY,10,3.2741158407454973,day_anchor_std,server_midnight,0,0,0,0,0,1,UNCLASSIFIED,TREND_UNCLASSIFIED,TREND
5093.35,5093.7,5085.65,5088.85,0,0,0,2,0.9990815231182882,NY,10,3.2741158407454973,day_anchor_std,server_midnight,0,0,0,0,0,1,UNCLASSIFIED,TREND_UNCLASSIFIED,TREND
5089.0,5090.35,5082.55,5086.45,0,0,0,2,0.9990815231182882,NY,10,3.2741158407454973,day_anchor_std,server_midnight,0,0,0,0,0,1,UNCLASSIFIED,TREND_UNCLASSIFIED,TREND
5086.15,5090.05,5075.75,5076.55,0,0,0,2,0.9990815231182882,NY,10,3.2741158407454973,day_anchor_std,server_midnight,0,0,0,0,0,1,UNCLASSIFIED,TREND_UNCLASSIFIED,TREND
5076.55,5082.55,5075.45,5079.15,0,0,0,2,0.9979813519335564,NY,11,2.3900625604096266,day_anchor_std,server_midnight,0,0,0,0,0,1,UNCLASSIFIED,TREND_UNCLASSIFIED,TREND
5079.4,5079.45,5064.75,5066.25,0,0,0,2,0.9979813519335564,NY,11,2.3900625604096266,day_anchor_std,server_midnight,0,0,0,0,0,1,UNCLASSIFIED,TREND_UNCLASSIFIED,TREND
5066.05,5069.55,5057.95,5059.05,0,0,0,2,0.9979813519335564,NY,11,2.3900625604096266,day_anchor_std,server_midnight,0,0,0,0,0,1,UNCLASSIFIED,TREND_UNCLASSIFIED,TREND
5059.05,5082.9,5058.25,5080.85,0,0,0,2,0.9979813519335564,NY,11,2.3900625604096266,day_anchor_std,server_midnight,0,0,0,0,0,1,UNCLASSIFIED,TREND_UNCLASSIFIED,TREND
5080.55,5086.7,5080.35,5084.65,0,0,0,2,0.8745334714733469,NY_PM,12,1.8137777777777893,day_anchor_std,server_midnight,0,0,0,0,0,1,UNCLASSIFIED,TREND_UNCLASSIFIED,TREND
5084.65,5086.45,5083.15,5086.25,0,0,0,2,0.8745334714733469,NY_PM,12,1.8137777777777893,day_anchor_std,server_midnight,0,0,0,0,0,1,UNCLASSIFIED,TREND_UNCLASSIFIED,TREND
5086.25,5086.25,5082.55,5084.05,0,0,0,2,0.993456691344659,NY_PM,12,2.388559370366169,day_anchor_std,server_midnight,0,0,0,0,0,1,UNCLASSIFIED,TREND_UNCLASSIFIED,TREND
5084.45,5084.75,5081.55,5083.4,0,0,0,2,0.993456691344659,NY_PM,12,2.388559370366169,day_anchor_std,server_midnight,0,0,0,0,0,1,UNCLASSIFIED,TREND_UNCLASSIFIED,TREND
5083.25,5083.55,5081.25,5082.95,0,0,0,2,0.993456691344659,NY_PM,12,2.388559370366169,day_anchor_std,server_midnight,0,0,0,0,0,1,UNCLASSIFIED,TREND_UNCLASSIFIED,TREND
5083.05,5083.45,5079.25,5079.55,0,0,0,2,0.993456691344659,NY_PM,12,2.388559370366169,day_anchor_std,server_midnight,0,0,0,0,0,1,UNCLASSIFIED,TREND_UNCLASSIFIED,TREND
5079.7,5084.0,5079.05,5082.45,0,0,0,2,0.9847127316515402,NY_PM,12,1.926729069162799,day_anchor_std,server_midnight,0,0,0,0,0,1,TREND_STRONG,TREND_STRONG,TREND
5082.55,5082.75,5079.55,5081.7,0,0,0,2,0.9847127316515402,NY_PM,12,1.926729069162799,day_anchor_std,server_midnight,0,0,0,0,0,1,TREND_STRONG,TREND_STRONG,TREND
5081.95,5084.55,5081.25,5083.55,0,0,0,2,0.9847127316515402,NY_PM,12,1.926729069162799,day_anchor_std,server_midnight,0,0,0,0,0,1,TREND_STRONG,TREND_STRONG,TREND
5083.55,5085.0,5083.25,5083.25,0,0,0,2,0.9847127316515402,NY_PM,12,1.926729069162799,day_anchor_std,server_midnight,0,0,0,0,0,1,TREND_STRONG,TREND_STRONG,TREND
5083.45,5085.55,5082.75,5085.25,0,0,0,2,0.9465626792602618,ASIA,12,0.044025157232704906,day_anchor_std,server_midnight,0,0,0,1,0,0,TREND_STRONG,TREND_STRONG,TREND
5085.45,5087.25,5085.15,5086.45,0,0,0,2,0.9465626792602618,ASIA,12,0.044025157232704906,day_anchor_std,server_midnight,0,0,0,1,0,0,TREND_STRONG,TREND_STRONG,TREND
5086.7,5086.95,5085.05,5085.05,0,0,0,2,0.9465626792602618,ASIA,12,0.044025157232704906,day_anchor_std,server_midnight,0,0,0,1,0,0,TREND_STRONG,TREND_STRONG,TREND
5085.05,5086.2,5084.55,5085.75,0,0,0,2,0.9465626792602618,ASIA,12,0.044025157232704906,day_anchor_std,server_midnight,0,0,0,1,0,0,TREND_STRONG,TREND_STRONG,TREND
5085.95,5086.7,5085.05,5085.05,0,0,0,2,0.8386570020511555,ASIA,12,0.06670902160109833,day_anchor_std,server_midnight,0,0,0,1,0,0,TREND_STRONG,TREND_STRONG,TREND
5085.2,5086.7,5085.2,5085.95,0,0,0,2,0.8386570020511555,ASIA,12,0.06670902160109833,day_anchor_std,server_midnight,0,0,0,1,0,0,TREND_STRONG,TREND_STRONG,TREND
5085.95,5086.95,5084.05,5084.25,0,0,0,2,0.8386570020511555,ASIA,12,0.06670902160109833,day_anchor_std,server_midnight,0,0,0,1,0,0,TREND_STRONG,TREND_STRONG,TREND
5084.25,5086.05,5084.25,5086.05,0,0,0,2,0.8386570020511555,ASIA,12,0.06670902160109833,day_anchor_std,server_midnight,0,0,0,1,0,0,TREND_STRONG,TREND_STRONG,TREND
5110.15,5113.25,5094.05,5110.55,0,0,0,2,0.9769284013798879,NY,3,0.6704911950224645,day_anchor_std,server_midnight,0,0,0,0,1,0,UNCLASSIFIED,TREND_UNCLASSIFIED,TREND
5110.85,5113.05,5096.65,5101.2,0,0,0,2,0.9769284013798879,NY,3,0.6704911950224645,day_anchor_std,server_midnight,0,0,0,0,1,0,UNCLASSIFIED,TREND_UNCLASSIFIED,TREND
5101.2,5106.35,5094.6,5100.6,0,0,0,2,0.9769284013798879,NY,3,0.6704911950224645,day_anchor_std,server_midnight,0,0,0,0,1,0,UNCLASSIFIED,TREND_UNCLASSIFIED,TREND
5100.85,5111.6,5094.65,5107.1,0,0,0,2,0.9769284013798879,NY,3,0.6704911950224645,day_anchor_std,server_midnight,0,0,0,0,1,0,UNCLASSIFIED,TREND_UNCLASSIFIED,TREND
5107.1,5109.35,5106.15,5108.15,0,0,0,2,0.21625927224913283,NY_PM,4,0.7378917378917486,day_anchor_std,server_midnight,0,0,0,0,1,0,UNCLASSIFIED,TREND_UNCLASSIFIED,TREND
5108.35,5110.9,5107.85,5108.25,0,0,0,2,0.21625927224913283,NY_PM,4,0.7378917378917486,day_anchor_std,server_midnight,0,0,0,0,1,0,UNCLASSIFIED,TREND_UNCLASSIFIED,TREND
5096.35,5099.8,5096.35,5098.15,0,0,0,0,0.8807185063424923,ASIA,2,0.03275313494293956,day_anchor_std,server_midnight,1,0,0,0,0,0,BALANCE_LEAKING,BALANCE_LEAKING,BALANCE
5097.95,5098.45,5095.95,5097.15,0,0,0,0,0.8807185063424923,ASIA,2,0.03275313494293956,day_anchor_std,server_midnight,1,0,0,0,0,0,BALANCE_LEAKING,BALANCE_LEAKING,BALANCE
5097.35,5100.15,5096.45,5099.95,0,0,0,0,0.8807185063424923,ASIA,2,0.03275313494293956,day_anchor_std,server_midnight,1,0,0,0,0,0,BALANCE_LEAKING,BALANCE_LEAKING,BALANCE
5100.1,5100.35,5093.15,5093.95,0,0,0,0,0.8807185063424923,ASIA,2,0.03275313494293956,day_anchor_std,server_midnight,1,0,0,0,0,0,BALANCE_LEAKING,BALANCE_LEAKING,BALANCE
5093.65,5094.75,5088.95,5089.1,0,0,0,0,0.9089441155780256,ASIA,3,0.0591878051684697,day_anchor_std,server_midnight,1,0,0,0,0,0,UNCLASSIFIED,BALANCE_UNCLASSIFIED,BALANCE
5088.95,5091.65,5088.35,5088.35,0,0,0,0,0.9089441155780256,ASIA,3,0.0591878051684697,day_anchor_std,server_midnight,1,0,0,0,0,0,UNCLASSIFIED,BALANCE_UNCLASSIFIED,BALANCE
5088.45,5093.9,5081.95,5092.6,0,0,0,0,0.9089441155780256,ASIA,3,0.0591878051684697,day_anchor_std,server_midnight,1,0,0,0,0,0,UNCLASSIFIED,BALANCE_UNCLASSIFIED,BALANCE
5092.65,5094.95,5091.95,5094.45,0,0,0,0,0.9089441155780256,ASIA,3,0.0591878051684697,day_anchor_std,server_midnight,1,0,0,0,0,0,UNCLASSIFIED,BALANCE_UNCLASSIFIED,BALANCE
5119.1,5125.95,5115.95,5124.85,0,0,0,1,0.7695925536478038,LONDON,1,2.388243471353302,day_anchor_std,server_midnight,0,0,1,0,0,0,UNCLASSIFIED,TRANSITION_UNCLASSIFIED,TRANSITION
5124.75,5131.15,5123.85,5127.95,0,0,0,1,0.7695925536478038,LONDON,1,2.388243471353302,day_anchor_std,server_midnight,0,0,1,0,0,0,UNCLASSIFIED,TRANSITION_UNCLASSIFIED,TRANSITION
5127.95,5139.75,5126.4,5137.95,0,0,0,1,0.7695925536478038,LONDON,1,2.388243471353302,day_anchor_std,server_midnight,0,0,1,0,0,0,UNCLASSIFIED,TRANSITION_UNCLASSIFIED,TRANSITION
5138.25,5142.85,5128.7,5141.05,0,0,0,1,0.7695925536478038,LONDON,1,2.388243471353302,day_anchor_std,server_midnight,0,0,1,0,0,0,UNCLASSIFIED,TRANSITION_UNCLASSIFIED,TRANSITION
5141.15,5148.95,5137.05,5148.85,0,0,0,1,0.24123634639470143,LONDON,2,2.7923614080090577,day_anchor_std,server_midnight,0,0,1,0,0,0,UNCLASSIFIED,TRANSITION_UNCLASSIFIED,TRANSITION
5148.95,5155.65,5145.25,5150.45,0,0,0,1,0.24123634639470143,LONDON,2,2.7923614080090577,day_anchor_std,server_midnight,0,0,1,0,0,0,UNCLASSIFIED,TRANSITION_UNCLASSIFIED,TRANSITION
5150.45,5152.8,5146.65,5151.45,0,0,0,1,0.24123634639470143,LONDON,2,2.7923614080090577,day_anchor_std,server_midnight,0,0,1,0,0,0,UNCLASSIFIED,TRANSITION_UNCLASSIFIED,TRANSITION
5151.45,5154.35,5145.1,5153.45,0,0,0,1,0.24123634639470143,LONDON,2,2.7923614080090577,day_anchor_std,server_midnight,0,0,1,0,0,0,UNCLASSIFIED,TRANSITION_UNCLASSIFIED,TRANSITION
5151.65,5160.35,5147.15,5157.65,0,0,0,1,0.9788194840100293,NY,1,1.7341968228857536,day_anchor_std,server_midnight,0,0,1,0,0,0,TRANSITION_NOISY,TRANSITION_NOISY,TRANSITION
5157.95,5159.75,5136.05,5138.25,0,0,0,1,0.9788194840100293,NY,1,1.7341968228857536,day_anchor_std,server_midnight,0,0,1,0,0,0,TRANSITION_NOISY,TRANSITION_NOISY,TRANSITION
5138.45,5145.45,5134.05,5135.55,0,0,0,1,0.9788194840100293,NY,1,1.7341968228857536,day_anchor_std,server_midnight,0,0,1,0,0,0,TRANSITION_NOISY,TRANSITION_NOISY,TRANSITION
5135.45,5137.8,5123.65,5129.25,0,0,0,1,0.9788194840100293,NY,1,1.7341968228857536,day_anchor_std,server_midnight,0,0,1,0,0,0,TRANSITION_NOISY,TRANSITION_NOISY,TRANSITION
5149.25,5150.1,5137.55,5147.5,0,0,0,1,0.9932927059575424,LONDON,2,1.600603599405283,day_anchor_std,server_midnight,0,0,1,0,0,0,UNCLASSIFIED,TRANSITION_UNCLASSIFIED,TRANSITION
5147.55,5150.8,5121.35,5147.55,0,0,0,1,0.9932927059575424,LONDON,2,1.600603599405283,day_anchor_std,server_midnight,0,0,1,0,0,0,UNCLASSIFIED,TRANSITION_UNCLASSIFIED,TRANSITION
5147.55,5164.8,5143.05,5164.05,0,0,0,1,0.9932927059575424,LONDON,2,1.600603599405283,day_anchor_std,server_midnight,0,0,1,0,0,0,UNCLASSIFIED,TRANSITION_UNCLASSIFIED,TRANSITION
5164.25,5178.85,5164.25,5173.75,0,0,0,1,0.9932927059575424,LONDON,2,1.600603599405283,day_anchor_std,server_midnight,0,0,1,0,0,0,UNCLASSIFIED,TRANSITION_UNCLASSIFIED,TRANSITION
5182.85,5185.15,5182.65,5184.85,0,0,0,2,0.7035003923510431,ASIA,3,0.15635997988941835,day_anchor_std,server_midnight,0,0,0,1,0,0,TREND_FRAGILE,TREND_FRAGILE,TREND
5184.65,5186.6,5183.85,5185.65,0,0,0,2,0.7035003923510431,ASIA,3,0.15635997988941835,day_anchor_std,server_midnight,0,0,0,1,0,0,TREND_FRAGILE,TREND_FRAGILE,TREND
5185.35,5185.4,5182.65,5182.65,0,0,0,2,0.7035003923510431,ASIA,3,0.15635997988941835,day_anchor_std,server_midnight,0,0,0,1,0,0,TREND_FRAGILE,TREND_FRAGILE,TREND
5182.65,5184.65,5182.65,5184.4,0,0,0,2,0.7035003923510431,ASIA,3,0.15635997988941835,day_anchor_std,server_midnight,0,0,0,1,0,0,TREND_FRAGILE,TREND_FRAGILE,TREND
5184.35,5189.6,5184.35,5189.15,0,0,0,2,0.7297351129971481,ASIA,4,0.03395839164105106,day_anchor_std,server_midnight,0,0,0,1,0,0,TREND_STRONG,TREND_STRONG,TREND
5189.15,5189.15,5186.35,5186.9,0,0,0,2,0.7297351129971481,ASIA,4,0.03395839164105106,day_anchor_std,server_midnight,0,0,0,1,0,0,TREND_STRONG,TREND_STRONG,TREND
5186.9,5189.15,5181.15,5181.15,0,0,0,2,0.7297351129971481,ASIA,4,0.03395839164105106,day_anchor_std,server_midnight,0,0,0,1,0,0,TREND_STRONG,TREND_STRONG,TREND
5181.35,5182.9,5179.15,5182.85,0,0,0,2,0.7297351129971481,ASIA,4,0.03395839164105106,day_anchor_std,server_midnight,0,0,0,1,0,0,TREND_STRONG,TREND_STRONG,TREND
5166.85,5170.55,5165.15,5167.65,0,0,0,2,0.7173055941076325,NY,4,0.47579923446004707,day_anchor_std,server_midnight,0,0,0,0,1,0,UNCLASSIFIED,TREND_UNCLASSIFIED,TREND
5167.75,5170.15,5154.55,5159.05,0,0,0,2,0.7173055941076325,NY,4,0.47579923446004707,day_anchor_std,server_midnight,0,0,0,0,1,0,UNCLASSIFIED,TREND_UNCLASSIFIED,TREND
5159.45,5161.1,5155.15,5159.05,0,0,0,2,0.7173055941076325,NY,4,0.47579923446004707,day_anchor_std,server_midnight,0,0,0,0,1,0,UNCLASSIFIED,TREND_UNCLASSIFIED,TREND
5159.05,5160.65,5157.55,5158.55,0,0,0,2,0.7173055941076325,NY,4,0.47579923446004707,day_anchor_std,server_midnight,0,0,0,0,1,0,UNCLASSIFIED,TREND_UNCLASSIFIED,TREND
5181.15,5181.6,5179.85,5181.35,0,0,0,2,0.8083467985931124,ASIA,4,0.08267425920068064,day_anchor_std,server_midnight,0,0,0,1,0,0,UNCLASSIFIED,TREND_UNCLASSIFIED,TREND
5181.45,5181.6,5180.85,5181.6,0,0,0,2,0.8083467985931124,ASIA,4,0.08267425920068064,day_anchor_std,server_midnight,0,0,0,1,0,0,UNCLASSIFIED,TREND_UNCLASSIFIED,TREND
5181.35,5181.65,5180.35,5181.6,0,0,0,2,0.8083467985931124,ASIA,4,0.08267425920068064,day_anchor_std,server_midnight,0,0,0,1,0,0,UNCLASSIFIED,TREND_UNCLASSIFIED,TREND
5181.6,5182.65,5179.85,5179.85,0,0,0,2,0.8083467985931124,ASIA,4,0.08267425920068064,day_anchor_std,server_midnight,0,0,0,1,0,0,UNCLASSIFIED,TREND_UNCLASSIFIED,TREND
5179.85,5180.65,5179.35,5180.35,0,0,0,2,0.8904841449200803,ASIA,5,0.05998481397110249,day_anchor_std,server_midnight,0,0,0,1,0,0,TREND_STRONG,TREND_STRONG,TREND
5180.6,5182.25,5180.35,5181.35,0,0,0,2,0.8904841449200803,ASIA,5,0.05998481397110249,day_anchor_std,server_midnight,0,0,0,1,0,0,TREND_STRONG,TREND_STRONG,TREND
5181.6,5182.85,5180.35,5181.1,0,0,0,2,0.8904841449200803,ASIA,5,0.05998481397110249,day_anchor_std,server_midnight,0,0,0,1,0,0,TREND_STRONG,TREND_STRONG,TREND
5180.85,5182.05,5180.35,5181.7,0,0,0,2,0.8904841449200803,ASIA,5,0.05998481397110249,day_anchor_std,server_midnight,0,0,0,1,0,0,TREND_STRONG,TREND_STRONG,TREND
5182.1,5186.15,5181.65,5185.6,0,0,0,2,0.9485733087210129,ASIA,6,0.0015386306188108895,day_anchor_std,server_midnight,0,0,0,1,0,0,TREND_STRONG,TREND_STRONG,TREND
5185.65,5186.35,5182.85,5183.15,0,0,0,2,0.9485733087210129,ASIA,6,0.0015386306188108895,day_anchor_std,server_midnight,0,0,0,1,0,0,TREND_STRONG,TREND_STRONG,TREND
5182.85,5184.85,5180.85,5181.85,0,0,0,2,0.9485733087210129,ASIA,6,0.0015386306188108895,day_anchor_std,server_midnight,0,0,0,1,0,0,TREND_STRONG,TREND_STRONG,TREND
5181.65,5183.35,5178.35,5181.35,0,0,0,2,0.9485733087210129,ASIA,6,0.0015386306188108895,day_anchor_std,server_midnight,0,0,0,1,0,0,TREND_STRONG,TREND_STRONG,TREND
5189.15,5189.15,5180.65,5181.65,0,0,0,1,0.9932506883486323,NY,2,2.5485085646780656,day_anchor_std,server_midnight,0,0,1,0,0,0,UNCLASSIFIED,TRANSITION_UNCLASSIFIED,TRANSITION
5181.45,5184.45,5178.35,5182.25,0,0,0,1,0.9932506883486323,NY,2,2.5485085646780656,day_anchor_std,server_midnight,0,0,1,0,0,0,UNCLASSIFIED,TRANSITION_UNCLASSIFIED,TRANSITION
5182.25,5212.05,5182.05,5204.15,0,0,0,1,0.9932506883486323,NY,2,2.5485085646780656,day_anchor_std,server_midnight,0,0,1,0,0,0,UNCLASSIFIED,TRANSITION_UNCLASSIFIED,TRANSITION
5204.25,5223.45,5186.35,5217.15,0,0,0,1,0.9932506883486323,NY,2,2.5485085646780656,day_anchor_std,server_midnight,0,0,1,0,0,0,UNCLASSIFIED,TRANSITION_UNCLASSIFIED,TRANSITION
5217.55,5233.35,5216.45,5232.05,0,0,0,1,0.9969571876023501,NY,3,4.305896833389295,day_anchor_std,server_midnight,0,0,1,0,0,0,UNCLASSIFIED,TRANSITION_UNCLASSIFIED,TRANSITION
5232.05,5234.45,5219.45,5233.35,0,0,0,1,0.9969571876023501,NY,3,4.305896833389295,day_anchor_std,server_midnight,0,0,1,0,0,0,UNCLASSIFIED,TRANSITION_UNCLASSIFIED,TRANSITION
5232.45,5240.65,5230.15,5239.55,0,0,0,1,0.9969571876023501,NY,3,4.305896833389295,day_anchor_std,server_midnight,0,0,1,0,0,0,UNCLASSIFIED,TRANSITION_UNCLASSIFIED,TRANSITION
5239.65,5242.65,5239.55,5241.05,0,0,0,1,0.9969571876023501,NY,3,4.305896833389295,day_anchor_std,server_midnight,0,0,1,0,0,0,UNCLASSIFIED,TRANSITION_UNCLASSIFIED,TRANSITION
5253.95,5254.45,5253.25,5253.65,0,0,0,2,0.9996879269106035,ASIA,3,0.23356690023357057,day_anchor_std,server_midnight,0,0,0,1,0,0,TREND_STRONG,TREND_STRONG,TREND
5253.5,5255.45,5253.3,5254.8,0,0,0,2,0.9996879269106035,ASIA,3,0.23356690023357057,day_anchor_std,server_midnight,0,0,0,1,0,0,TREND_STRONG,TREND_STRONG,TREND
5254.75,5255.95,5253.75,5255.75,0,0,0,2,0.9996879269106035,ASIA,3,0.23356690023357057,day_anchor_std,server_midnight,0,0,0,1,0,0,TREND_STRONG,TREND_STRONG,TREND
5255.6,5256.0,5253.95,5256.0,0,0,0,2,0.9996879269106035,ASIA,3,0.23356690023357057,day_anchor_std,server_midnight,0,0,0,1,0,0,TREND_STRONG,TREND_STRONG,TREND
5255.8,5258.25,5254.95,5257.45,0,0,0,2,0.9995275654680809,ASIA,4,0.031201696682164336,day_anchor_std,server_midnight,0,0,0,1,0,0,TREND_STRONG,TREND_STRONG,TREND
5257.35,5261.25,5256.75,5261.25,0,0,0,2,0.9995275654680809,ASIA,4,0.031201696682164336,day_anchor_std,server_midnight,0,0,0,1,0,0,TREND_STRONG,TREND_STRONG,TREND
5261.0,5261.0,5254.45,5255.5,0,0,0,2,0.9995275654680809,ASIA,4,0.031201696682164336,day_anchor_std,server_midnight,0,0,0,1,0,0,TREND_STRONG,TREND_STRONG,TREND
5255.35,5257.45,5253.75,5254.45,0,0,0,2,0.9995275654680809,ASIA,4,0.031201696682164336,day_anchor_std,server_midnight,0,0,0,1,0,0,TREND_STRONG,TREND_STRONG,TREND
5254.45,5254.75,5248.25,5249.95,0,0,0,2,0.9878680532908816,ASIA,5,0.39711609304285195,day_anchor_std,server_midnight,0,0,0,1,0,0,TREND_STRONG,TREND_STRONG,TREND
5249.75,5252.8,5247.95,5250.45,0,0,0,2,0.9878680532908816,ASIA,5,0.39711609304285195,day_anchor_std,server_midnight,0,0,0,1,0,0,TREND_STRONG,TREND_STRONG,TREND
5250.5,5251.0,5247.45,5250.0,0,0,0,2,0.9878680532908816,ASIA,5,0.39711609304285195,day_anchor_std,server_midnight,0,0,0,1,0,0,TREND_STRONG,TREND_STRONG,TREND
5250.25,5250.75,5247.45,5249.25,0,0,0,2,0.9878680532908816,ASIA,5,0.39711609304285195,day_anchor_std,server_midnight,0,0,0,1,0,0,TREND_STRONG,TREND_STRONG,TREND
5249.3,5253.25,5249.25,5251.45,0,0,0,2,0.9799631150133808,LONDON,6,0.3388664387110259,day_anchor_std,server_midnight,0,0,0,0,1,0,TREND_STRONG,TREND_STRONG,TREND
5251.3,5256.0,5250.95,5254.15,0,0,0,2,0.9799631150133808,LONDON,6,0.3388664387110259,day_anchor_std,server_midnight,0,0,0,0,1,0,TREND_STRONG,TREND_STRONG,TREND
5254.75,5259.45,5254.45,5259.15,0,0,0,2,0.9799631150133808,LONDON,6,0.3388664387110259,day_anchor_std,server_midnight,0,0,0,0,1,0,TREND_STRONG,TREND_STRONG,TREND
5259.3,5259.75,5255.95,5258.0,0,0,0,2,0.9799631150133808,LONDON,6,0.3388664387110259,day_anchor_std,server_midnight,0,0,0,0,1,0,TREND_STRONG,TREND_STRONG,TREND
5257.95,5263.25,5255.95,5260.45,0,0,0,2,0.9952684923230479,LONDON,7,0.6938516514711414,day_anchor_std,server_midnight,0,0,0,0,1,0,TREND_STRONG,TREND_STRONG,TREND
5260.75,5266.95,5254.45,5261.05,0,0,0,2,0.9952684923230479,LONDON,7,0.6938516514711414,day_anchor_std,server_midnight,0,0,0,0,1,0,TREND_STRONG,TREND_STRONG,TREND
5260.75,5266.75,5258.55,5264.7,0,0,0,2,0.9952684923230479,LONDON,7,0.6938516514711414,day_anchor_std,server_midnight,0,0,0,0,1,0,TREND_STRONG,TREND_STRONG,TREND
5264.75,5266.8,5258.7,5263.2,0,0,0,2,0.9952684923230479,LONDON,7,0.6938516514711414,day_anchor_std,server_midnight,0,0,0,0,1,0,TREND_STRONG,TREND_STRONG,TREND
5263.05,5265.25,5257.2,5261.05,0,0,0,2,0.9954980076963681,LONDON,8,0.7458370724898211,day_anchor_std,server_midnight,0,0,0,0,1,0,UNCLASSIFIED,TREND_UNCLASSIFIED,TREND
5261.05,5266.2,5259.65,5264.65,0,0,0,2,0.9954980076963681,LONDON,8,0.7458370724898211,day_anchor_std,server_midnight,0,0,0,0,1,0,UNCLASSIFIED,TREND_UNCLASSIFIED,TREND
5264.55,5267.8,5263.2,5267.35,0,0,0,2,0.9954980076963681,LONDON,8,0.7458370724898211,day_anchor_std,server_midnight,0,0,0,0,1,0,UNCLASSIFIED,TREND_UNCLASSIFIED,TREND
5267.35,5268.35,5261.55,5264.6,0,0,0,2,0.9954980076963681,LONDON,8,0.7458370724898211,day_anchor_std,server_midnight,0,0,0,0,1,0,UNCLASSIFIED,TREND_UNCLASSIFIED,TREND
5264.55,5264.6,5259.0,5260.75,0,0,0,2,0.9526978786335129,NY,9,0.4540238233585263,day_anchor_std,server_midnight,0,0,0,0,1,0,TREND_FRAGILE,TREND_FRAGILE,TREND
5260.7,5262.45,5254.45,5255.05,0,0,0,2,0.9526978786335129,NY,9,0.4540238233585263,day_anchor_std,server_midnight,0,0,0,0,1,0,TREND_FRAGILE,TREND_FRAGILE,TREND
5254.95,5258.05,5252.05,5257.25,0,0,0,2,0.9526978786335129,NY,9,0.4540238233585263,day_anchor_std,server_midnight,0,0,0,0,1,0,TREND_FRAGILE,TREND_FRAGILE,TREND
5257.15,5257.25,5247.15,5250.05,0,0,0,2,0.9526978786335129,NY,9,0.4540238233585263,day_anchor_std,server_midnight,0,0,0,0,1,0,TREND_FRAGILE,TREND_FRAGILE,TREND
5251.75,5253.45,5251.25,5252.25,0,0,0,0,0.9457188101874859,ASIA,2,0.1079115764978368,day_anchor_std,server_midnight,1,0,0,0,0,0,BALANCE_LEAKING,BALANCE_LEAKING,BALANCE
5252.25,5252.95,5251.45,5251.95,0,0,0,0,0.9457188101874859,ASIA,2,0.1079115764978368,day_anchor_std,server_midnight,1,0,0,0,0,0,BALANCE_LEAKING,BALANCE_LEAKING,BALANCE
5252.05,5253.8,5251.75,5252.05,0,0,0,0,0.9457188101874859,ASIA,2,0.1079115764978368,day_anchor_std,server_midnight,1,0,0,0,0,0,BALANCE_LEAKING,BALANCE_LEAKING,BALANCE
5252.25,5252.25,5250.25,5250.95,0,0,0,0,0.9457188101874859,ASIA,2,0.1079115764978368,day_anchor_std,server_midnight,1,0,0,0,0,0,BALANCE_LEAKING,BALANCE_LEAKING,BALANCE
5235.5,5235.9,5227.1,5229.4,0,0,0,1,0.8922651075845774,NY,5,1.9579845256216089,day_anchor_std,server_midnight,0,0,1,0,0,0,UNCLASSIFIED,TRANSITION_UNCLASSIFIED,TRANSITION
5229.6,5229.6,5211.5,5214.8,0,0,0,1,0.8922651075845774,NY,5,1.9579845256216089,day_anchor_std,server_midnight,0,0,1,0,0,0,UNCLASSIFIED,TRANSITION_UNCLASSIFIED,TRANSITION
5214.4,5220.85,5213.2,5220.4,0,0,0,1,0.8922651075845774,NY,5,1.9579845256216089,day_anchor_std,server_midnight,0,0,1,0,0,0,UNCLASSIFIED,TRANSITION_UNCLASSIFIED,TRANSITION
5220.5,5222.4,5220.0,5221.0,0,0,0,1,0.8922651075845774,NY,5,1.9579845256216089,day_anchor_std,server_midnight,0,0,1,0,0,0,UNCLASSIFIED,TRANSITION_UNCLASSIFIED,TRANSITION
5225.5,5227.75,5225.5,5227.5,0,0,0,0,0.8552366850696413,ASIA,2,0.2702702702702717,day_anchor_std,server_midnight,1,0,0,0,0,0,UNCLASSIFIED,BALANCE_UNCLASSIFIED,BALANCE
5227.4,5227.8,5226.8,5227.0,0,0,0,0,0.8552366850696413,ASIA,2,0.2702702702702717,day_anchor_std,server_midnight,1,0,0,0,0,0,UNCLASSIFIED,BALANCE_UNCLASSIFIED,BALANCE
5226.85,5229.7,5226.8,5229.7,0,0,0,0,0.8552366850696413,ASIA,2,0.2702702702702717,day_anchor_std,server_midnight,1,0,0,0,0,0,UNCLASSIFIED,BALANCE_UNCLASSIFIED,BALANCE
5229.5,5231.5,5229.5,5231.5,0,0,0,0,0.8552366850696413,ASIA,2,0.2702702702702717,day_anchor_std,server_midnight,1,0,0,0,0,0,UNCLASSIFIED,BALANCE_UNCLASSIFIED,BALANCE
5259.8,5260.75,5255.85,5257.05,0,0,0,2,0.9489714128220476,NY,3,0.9513683431952741,day_anchor_std,server_midnight,0,0,0,0,1,0,TREND_STRONG,TREND_STRONG,TREND
5256.95,5260.45,5255.1,5259.15,0,0,0,2,0.9489714128220476,NY,3,0.9513683431952741,day_anchor_std,server_midnight,0,0,0,0,1,0,TREND_STRONG,TREND_STRONG,TREND
5259.4,5261.65,5256.5,5260.4,0,0,0,2,0.9489714128220476,NY,3,0.9513683431952741,day_anchor_std,server_midnight,0,0,0,0,1,0,TREND_STRONG,TREND_STRONG,TREND
5260.55,5267.4,5255.35,5266.3,0,0,0,2,0.9489714128220476,NY,3,0.9513683431952741,day_anchor_std,server_midnight,0,0,0,0,1,0,TREND_STRONG,TREND_STRONG,TREND
5281.75,5282.5,5281.2,5281.6,0,0,0,2,0.8294572918961297,NY_PM,3,0.2912743251727109,day_anchor_std,server_midnight,0,0,0,0,1,0,TREND_FRAGILE,TREND_FRAGILE,TREND
5281.7,5282.25,5279.7,5280.1,0,0,0,2,0.8294572918961297,NY_PM,3,0.2912743251727109,day_anchor_std,server_midnight,0,0,0,0,1,0,TREND_FRAGILE,TREND_FRAGILE,TREND
5280.1,5280.1,5278.9,5279.6,0,0,0,2,0.8294572918961297,NY_PM,3,0.2912743251727109,day_anchor_std,server_midnight,0,0,0,0,1,0,TREND_FRAGILE,TREND_FRAGILE,TREND
5279.6,5279.8,5278.3,5279.6,0,0,0,2,0.8294572918961297,NY_PM,3,0.2912743251727109,day_anchor_std,server_midnight,0,0,0,0,1,0,TREND_FRAGILE,TREND_FRAGILE,TREND
5279.6,5279.8,5278.3,5279.1,0,0,0,2,0.7052422425108824,ASIA,4,0.1519468186134514,day_anchor_std,server_midnight,0,0,0,1,0,0,TREND_FRAGILE,TREND_FRAGILE,TREND
5279.1,5281.3,5278.8,5281.3,0,0,0,2,0.7052422425108824,ASIA,4,0.1519468186134514,day_anchor_std,server_midnight,0,0,0,1,0,0,TREND_FRAGILE,TREND_FRAGILE,TREND
5281.3,5281.8,5280.8,5281.6,0,0,0,2,0.7052422425108824,ASIA,4,0.1519468186134514,day_anchor_std,server_midnight,0,0,0,1,0,0,TREND_FRAGILE,TREND_FRAGILE,TREND
5281.65,5282.3,5281.0,5282.3,0,0,0,2,0.7052422425108824,ASIA,4,0.1519468186134514,day_anchor_std,server_midnight,0,0,0,1,0,0,TREND_FRAGILE,TREND_FRAGILE,TREND
5282.1,5282.6,5280.8,5281.3,0,0,0,2,0.6366138058220316,ASIA,5,0.09199178644765953,day_anchor_std,server_midnight,0,0,0,1,0,0,TREND_FRAGILE,TREND_FRAGILE,TREND
5281.3,5281.35,5279.3,5279.6,0,0,0,2,0.6366138058220316,ASIA,5,0.09199178644765953,day_anchor_std,server_midnight,0,0,0,1,0,0,TREND_FRAGILE,TREND_FRAGILE,TREND
5279.3,5281.3,5279.3,5280.6,0,0,0,2,0.6366138058220316,ASIA,5,0.09199178644765953,day_anchor_std,server_midnight,0,0,0,1,0,0,TREND_FRAGILE,TREND_FRAGILE,TREND
5280.6,5281.2,5279.2,5279.8,0,0,0,2,0.6366138058220316,ASIA,5,0.09199178644765953,day_anchor_std,server_midnight,0,0,0,1,0,0,TREND_FRAGILE,TREND_FRAGILE,TREND
5280.0,5283.25,5280.0,5282.7,0,0,0,2,0.7096473018319518,ASIA,6,0.1318374335405367,day_anchor_std,server_midnight,0,0,0,1,0,0,TREND_FRAGILE,TREND_FRAGILE,TREND
5282.7,5283.25,5281.7,5282.7,0,0,0,2,0.7096473018319518,ASIA,6,0.1318374335405367,day_anchor_std,server_midnight,0,0,0,1,0,0,TREND_FRAGILE,TREND_FRAGILE,TREND
5282.7,5282.7,5278.5,5281.0,0,0,0,2,0.7096473018319518,ASIA,6,0.1318374335405367,day_anchor_std,server_midnight,0,0,0,1,0,0,TREND_FRAGILE,TREND_FRAGILE,TREND
5281.0,5282.0,5280.7,5281.95,0,0,0,2,0.7096473018319518,ASIA,6,0.1318374335405367,day_anchor_std,server_midnight,0,0,0,1,0,0,TREND_FRAGILE,TREND_FRAGILE,TREND
5267.8,5267.85,5260.25,5263.65,0,0,0,1,0.9565192817605719,LONDON,1,2.5090099948931566,day_anchor_std,server_midnight,0,0,1,0,0,0,UNCLASSIFIED,TRANSITION_UNCLASSIFIED,TRANSITION
5263.55,5269.4,5260.1,5266.6,0,0,0,1,0.9565192817605719,LONDON,1,2.5090099948931566,day_anchor_std,server_midnight,0,0,1,0,0,0,UNCLASSIFIED,TRANSITION_UNCLASSIFIED,TRANSITION
5264.25,5267.6,5253.8,5255.5,0,0,0,1,0.9565192817605719,LONDON,1,2.5090099948931566,day_anchor_std,server_midnight,0,0,1,0,0,0,UNCLASSIFIED,TRANSITION_UNCLASSIFIED,TRANSITION
5255.4,5256.4,5246.5,5248.4,0,0,0,1,0.9565192817605719,LONDON,1,2.5090099948931566,day_anchor_std,server_midnight,0,0,1,0,0,0,UNCLASSIFIED,TRANSITION_UNCLASSIFIED,TRANSITION
5258.15,5258.3,5255.5,5255.6,0,0,0,1,0.8064544984483358,NY,1,3.391998977505108,day_anchor_std,server_midnight,0,0,1,0,0,0,UNCLASSIFIED,TRANSITION_UNCLASSIFIED,TRANSITION
5255.7,5255.7,5240.8,5242.0,0,0,0,1,0.8064544984483358,NY,1,3.391998977505108,day_anchor_std,server_midnight,0,0,1,0,0,0,UNCLASSIFIED,TRANSITION_UNCLASSIFIED,TRANSITION
5241.8,5241.8,5201.45,5202.8,0,0,0,1,0.8064544984483358,NY,1,3.391998977505108,day_anchor_std,server_midnight,0,0,1,0,0,0,UNCLASSIFIED,TRANSITION_UNCLASSIFIED,TRANSITION
5202.2,5202.2,5176.2,5180.25,0,0,0,1,0.8064544984483358,NY,1,3.391998977505108,day_anchor_std,server_midnight,0,0,1,0,0,0,UNCLASSIFIED,TRANSITION_UNCLASSIFIED,TRANSITION
5221.7,5222.8,5221.6,5222.8,0,0,0,0,0.613310754022574,ASIA,4,0.11654398878371477,day_anchor_std,server_midnight,1,0,0,0,0,0,UNCLASSIFIED,BALANCE_UNCLASSIFIED,BALANCE
5222.6,5223.3,5222.3,5222.3,0,0,0,0,0.613310754022574,ASIA,4,0.11654398878371477,day_anchor_std,server_midnight,1,0,0,0,0,0,UNCLASSIFIED,BALANCE_UNCLASSIFIED,BALANCE
5222.55,5223.1,5222.1,5222.6,0,0,0,0,0.613310754022574,ASIA,4,0.11654398878371477,day_anchor_std,server_midnight,1,0,0,0,0,0,UNCLASSIFIED,BALANCE_UNCLASSIFIED,BALANCE
5222.6,5224.35,5219.6,5219.6,0,0,0,0,0.613310754022574,ASIA,4,0.11654398878371477,day_anchor_std,server_midnight,1,0,0,0,0,0,UNCLASSIFIED,BALANCE_UNCLASSIFIED,BALANCE
5219.8,5222.4,5219.6,5222.15,0,0,0,0,0.7719137078913767,ASIA,5,0.07826313052520843,day_anchor_std,server_midnight,1,0,0,0,0,0,BALANCE_LEAKING,BALANCE_LEAKING,BALANCE
5222.4,5222.9,5220.3,5220.3,0,0,0,0,0.7719137078913767,ASIA,5,0.07826313052520843,day_anchor_std,server_midnight,1,0,0,0,0,0,BALANCE_LEAKING,BALANCE_LEAKING,BALANCE
5220.4,5224.4,5220.4,5223.7,0,0,0,0,0.7719137078913767,ASIA,5,0.07826313052520843,day_anchor_std,server_midnight,1,0,0,0,0,0,BALANCE_LEAKING,BALANCE_LEAKING,BALANCE
5223.9,5224.9,5221.4,5222.9,0,0,0,0,0.7719137078913767,ASIA,5,0.07826313052520843,day_anchor_std,server_midnight,1,0,0,0,0,0,BALANCE_LEAKING,BALANCE_LEAKING,BALANCE
5194.15,5194.65,5189.45,5193.5,0,0,0,2,0.6424858094781944,ASIA,3,0.6454745198100211,day_anchor_std,server_midnight,0,0,0,1,0,0,TREND_STRONG,TREND_STRONG,TREND
5193.3,5193.95,5173.15,5178.15,0,0,0,2,0.6424858094781944,ASIA,3,0.6454745198100211,day_anchor_std,server_midnight,0,0,0,1,0,0,TREND_STRONG,TREND_STRONG,TREND
5177.8,5182.95,5175.65,5182.95,0,0,0,2,0.6424858094781944,ASIA,3,0.6454745198100211,day_anchor_std,server_midnight,0,0,0,1,0,0,TREND_STRONG,TREND_STRONG,TREND
5183.45,5190.65,5182.45,5187.45,0,0,0,2,0.6424858094781944,ASIA,3,0.6454745198100211,day_anchor_std,server_midnight,0,0,0,1,0,0,TREND_STRONG,TREND_STRONG,TREND
5129.5,5140.1,5127.05,5139.3,0,0,0,2,0.6960275227450085,NY_PM,4,0.2583063063063467,day_anchor_std,server_midnight,0,0,0,0,1,0,TREND_STRONG,TREND_STRONG,TREND
5139.6,5146.0,5137.8,5140.9,0,0,0,2,0.6960275227450085,NY_PM,4,0.2583063063063467,day_anchor_std,server_midnight,0,0,0,0,1,0,TREND_STRONG,TREND_STRONG,TREND
5141.1,5142.9,5139.4,5141.45,0,0,0,2,0.6960275227450085,NY_PM,4,0.2583063063063467,day_anchor_std,server_midnight,0,0,0,0,1,0,TREND_STRONG,TREND_STRONG,TREND
5141.65,5146.75,5141.4,5143.3,0,0,0,2,0.6960275227450085,NY_PM,4,0.2583063063063467,day_anchor_std,server_midnight,0,0,0,0,1,0,TREND_STRONG,TREND_STRONG,TREND
5142.85,5145.35,5122.95,5125.15,0,0,0,1,0.8604050314551435,LONDON,1,2.641889858561551,day_anchor_std,server_midnight,0,0,1,0,0,0,UNCLASSIFIED,TRANSITION_UNCLASSIFIED,TRANSITION
5125.05,5125.15,5114.05,5119.5,0,0,0,1,0.8604050314551435,LONDON,1,2.641889858561551,day_anchor_std,server_midnight,0,0,1,0,0,0,UNCLASSIFIED,TRANSITION_UNCLASSIFIED,TRANSITION
5119.45,5124.65,5084.05,5084.05,0,0,0,1,0.8604050314551435,LONDON,1,2.641889858561551,day_anchor_std,server_midnight,0,0,1,0,0,0,UNCLASSIFIED,TRANSITION_UNCLASSIFIED,TRANSITION
5084.25,5086.95,5068.45,5082.15,0,0,0,1,0.8604050314551435,LONDON,1,2.641889858561551,day_anchor_std,server_midnight,0,0,1,0,0,0,UNCLASSIFIED,TRANSITION_UNCLASSIFIED,TRANSITION
5002.95,5004.75,4990.95,4994.75,0,0,0,1,0.8986410935206672,NY_PM,2,3.7608656807408334,day_anchor_std,server_midnight,0,0,1,0,0,0,UNCLASSIFIED,TRANSITION_UNCLASSIFIED,TRANSITION
4994.95,4994.95,4984.45,4987.45,0,0,0,1,0.8986410935206672,NY_PM,2,3.7608656807408334,day_anchor_std,server_midnight,0,0,1,0,0,0,UNCLASSIFIED,TRANSITION_UNCLASSIFIED,TRANSITION
4987.25,4989.55,4960.3,4961.4,0,0,0,1,0.8986410935206672,NY_PM,2,3.7608656807408334,day_anchor_std,server_midnight,0,0,1,0,0,0,UNCLASSIFIED,TRANSITION_UNCLASSIFIED,TRANSITION
4961.2,4962.15,4938.45,4949.55,0,0,0,1,0.8986410935206672,NY_PM,2,3.7608656807408334,day_anchor_std,server_midnight,0,0,1,0,0,0,UNCLASSIFIED,TRANSITION_UNCLASSIFIED,TRANSITION
5013.9,5015.2,5007.4,5011.9,0,0,0,2,0.33922223043732297,NY,3,0.9565296957923509,day_anchor_std,server_midnight,0,0,0,0,1,0,UNCLASSIFIED,TREND_UNCLASSIFIED,TREND
5012.0,5015.05,5011.5,5015.05,0,0,0,2,0.33922223043732297,NY,3,0.9565296957923509,day_anchor_std,server_midnight,0,0,0,0,1,0,UNCLASSIFIED,TREND_UNCLASSIFIED,TREND
5091.85,5092.05,5090.35,5091.05,0,0,0,2,0.993701253493178,ASIA,7,0.06198118428335703,day_anchor_std,server_midnight,0,0,0,1,0,0,UNCLASSIFIED,TREND_UNCLASSIFIED,TREND
5091.05,5091.65,5090.35,5090.95,0,0,0,2,0.993701253493178,ASIA,7,0.06198118428335703,day_anchor_std,server_midnight,0,0,0,1,0,0,UNCLASSIFIED,TREND_UNCLASSIFIED,TREND
5091.05,5094.05,5090.55,5092.35,0,0,0,2,0.993701253493178,ASIA,7,0.06198118428335703,day_anchor_std,server_midnight,0,0,0,1,0,0,UNCLASSIFIED,TREND_UNCLASSIFIED,TREND
5092.55,5095.35,5091.85,5094.05,0,0,0,2,0.993701253493178,ASIA,7,0.06198118428335703,day_anchor_std,server_midnight,0,0,0,1,0,0,UNCLASSIFIED,TREND_UNCLASSIFIED,TREND
5094.1,5094.1,5089.55,5090.35,0,0,0,2,0.9977531409002224,ASIA,8,0.39015151515148916,day_anchor_std,server_midnight,0,0,0,1,0,0,UNCLASSIFIED,TREND_UNCLASSIFIED,TREND
5090.25,5090.55,5086.35,5087.85,0,0,0,2,0.9977531409002224,ASIA,8,0.39015151515148916,day_anchor_std,server_midnight,0,0,0,1,0,0,UNCLASSIFIED,TREND_UNCLASSIFIED,TREND
5088.05,5088.85,5082.55,5084.35,0,0,0,2,0.9977531409002224,ASIA,8,0.39015151515148916,day_anchor_std,server_midnight,0,0,0,1,0,0,UNCLASSIFIED,TREND_UNCLASSIFIED,TREND
5084.55,5087.05,5082.85,5085.35,0,0,0,2,0.9977531409002224,ASIA,8,0.39015151515148916,day_anchor_std,server_midnight,0,0,0,1,0,0,UNCLASSIFIED,TREND_UNCLASSIFIED,TREND
5085.4,5086.55,5083.05,5083.45,0,0,0,2,0.8171127779116393,ASIA,9,0.8702351987023715,day_anchor_std,server_midnight,0,0,0,1,0,1,UNCLASSIFIED,TREND_UNCLASSIFIED,TREND
5083.45,5085.85,5080.05,5080.35,0,0,0,2,0.8171127779116393,ASIA,9,0.8702351987023715,day_anchor_std,server_midnight,0,0,0,1,0,1,UNCLASSIFIED,TREND_UNCLASSIFIED,TREND
5080.55,5082.05,5078.05,5078.85,0,0,0,2,0.8171127779116393,ASIA,9,0.8702351987023715,day_anchor_std,server_midnight,0,0,0,1,0,1,UNCLASSIFIED,TREND_UNCLASSIFIED,TREND
5079.05,5079.85,5073.35,5075.55,0,0,0,2,0.8171127779116393,ASIA,9,0.8702351987023715,day_anchor_std,server_midnight,0,0,0,1,0,1,UNCLASSIFIED,TREND_UNCLASSIFIED,TREND
5075.35,5081.05,5075.35,5080.85,0,0,0,2,0.9923291618609545,ASIA,10,0.05704377980063803,day_anchor_std,server_midnight,0,0,0,1,0,0,TREND_STRONG,TREND_STRONG,TREND
5080.75,5081.2,5075.85,5077.05,0,0,0,2,0.9923291618609545,ASIA,10,0.05704377980063803,day_anchor_std,server_midnight,0,0,0,1,0,0,TREND_STRONG,TREND_STRONG,TREND
5077.35,5083.55,5076.55,5083.35,0,0,0,2,0.9923291618609545,ASIA,10,0.05704377980063803,day_anchor_std,server_midnight,0,0,0,1,0,0,TREND_STRONG,TREND_STRONG,TREND
5083.05,5087.05,5082.05,5086.05,0,0,0,2,0.9923291618609545,ASIA,10,0.05704377980063803,day_anchor_std,server_midnight,0,0,0,1,0,0,TREND_STRONG,TREND_STRONG,TREND
5085.85,5088.55,5083.55,5087.3,0,0,0,2,0.9649104821427521,LONDON,11,0.4082601789148195,day_anchor_std,server_midnight,0,0,0,0,1,0,UNCLASSIFIED,TREND_UNCLASSIFIED,TREND
5087.55,5091.55,5076.55,5078.05,0,0,0,2,0.9649104821427521,LONDON,11,0.4082601789148195,day_anchor_std,server_midnight,0,0,0,0,1,0,UNCLASSIFIED,TREND_UNCLASSIFIED,TREND
5077.85,5084.05,5075.3,5083.85,0,0,0,2,0.9649104821427521,LONDON,11,0.4082601789148195,day_anchor_std,server_midnight,0,0,0,0,1,0,UNCLASSIFIED,TREND_UNCLASSIFIED,TREND
5082.95,5091.25,5076.85,5080.25,0,0,0,2,0.9649104821427521,LONDON,11,0.4082601789148195,day_anchor_std,server_midnight,0,0,0,0,1,0,UNCLASSIFIED,TREND_UNCLASSIFIED,TREND
5041.7,5042.15,5040.75,5041.1,0,0,0,2,0.7205075889056974,ASIA,3,0.11168811620385095,day_anchor_std,server_midnight,0,0,0,1,0,0,TREND_STRONG,TREND_STRONG,TREND
5041.15,5043.25,5040.75,5041.9,0,0,0,2,0.7205075889056974,ASIA,3,0.11168811620385095,day_anchor_std,server_midnight,0,0,0,1,0,0,TREND_STRONG,TREND_STRONG,TREND
5041.95,5042.25,5035.55,5037.0,0,0,0,2,0.7205075889056974,ASIA,3,0.11168811620385095,day_anchor_std,server_midnight,0,0,0,1,0,0,TREND_STRONG,TREND_STRONG,TREND
5036.95,5039.35,5034.85,5036.4,0,0,0,2,0.7205075889056974,ASIA,3,0.11168811620385095,day_anchor_std,server_midnight,0,0,0,1,0,0,TREND_STRONG,TREND_STRONG,TREND
5036.6,5038.95,5034.55,5035.3,0,0,0,2,0.5052177311087893,ASIA,4,0.06882531233830179,day_anchor_std,server_midnight,0,0,0,1,0,0,TREND_FRAGILE,TREND_FRAGILE,TREND
5035.25,5044.0,5034.2,5043.25,0,0,0,2,0.5052177311087893,ASIA,4,0.06882531233830179,day_anchor_std,server_midnight,0,0,0,1,0,0,TREND_FRAGILE,TREND_FRAGILE,TREND
5043.15,5044.9,5036.55,5037.45,0,0,0,2,0.5052177311087893,ASIA,4,0.06882531233830179,day_anchor_std,server_midnight,0,0,0,1,0,0,TREND_FRAGILE,TREND_FRAGILE,TREND
5037.4,5042.8,5037.4,5040.05,0,0,0,2,0.5052177311087893,ASIA,4,0.06882531233830179,day_anchor_std,server_midnight,0,0,0,1,0,0,TREND_FRAGILE,TREND_FRAGILE,TREND
5049.9,5099.15,5047.05,5091.75,0,0,0,1,0.8983947906374781,NY,4,2.7669075252499273,day_anchor_std,server_midnight,0,0,1,0,0,0,UNCLASSIFIED,TRANSITION_UNCLASSIFIED,TRANSITION
5091.6,5100.25,5090.25,5099.7,0,0,0,1,0.8983947906374781,NY,4,2.7669075252499273,day_anchor_std,server_midnight,0,0,1,0,0,0,UNCLASSIFIED,TRANSITION_UNCLASSIFIED,TRANSITION
5102.55,5105.45,5097.85,5104.65,0,0,0,2,0.9804198006179027,LONDON,3,0.848295421658893,day_anchor_std,server_midnight,0,0,0,0,1,0,TREND_STRONG,TREND_STRONG,TREND
5104.8,5111.85,5102.3,5111.85,0,0,0,2,0.9804198006179027,LONDON,3,0.848295421658893,day_anchor_std,server_midnight,0,0,0,0,1,0,TREND_STRONG,TREND_STRONG,TREND
5111.75,5114.2,5109.0,5112.2,0,0,0,2,0.9804198006179027,LONDON,3,0.848295421658893,day_anchor_std,server_midnight,0,0,0,0,1,0,TREND_STRONG,TREND_STRONG,TREND
5112.45,5115.05,5107.1,5110.45,0,0,0,2,0.9804198006179027,LONDON,3,0.848295421658893,day_anchor_std,server_midnight,0,0,0,0,1,0,TREND_STRONG,TREND_STRONG,TREND
5110.5,5111.05,5103.8,5105.7,0,0,0,2,0.743012145027263,NY,4,0.24783944982045872,day_anchor_std,server_midnight,0,0,0,0,1,0,TREND_STRONG,TREND_STRONG,TREND
5105.7,5110.25,5101.6,5110.0,0,0,0,2,0.743012145027263,NY,4,0.24783944982045872,day_anchor_std,server_midnight,0,0,0,0,1,0,TREND_STRONG,TREND_STRONG,TREND
5109.9,5112.45,5106.6,5112.35,0,0,0,2,0.743012145027263,NY,4,0.24783944982045872,day_anchor_std,server_midnight,0,0,0,0,1,0,TREND_STRONG,TREND_STRONG,TREND
5112.15,5112.2,5097.45,5098.15,0,0,0,2,0.743012145027263,NY,4,0.24783944982045872,day_anchor_std,server_midnight,0,0,0,0,1,0,TREND_STRONG,TREND_STRONG,TREND
5032.85,5033.25,5030.05,5032.85,0,0,0,2,0.9968092093364959,NY_PM,7,3.155309347946896,day_anchor_std,server_midnight,0,0,0,0,0,1,UNCLASSIFIED,TREND_UNCLASSIFIED,TREND
5032.9,5036.25,5032.75,5035.25,0,0,0,2,0.9968092093364959,NY_PM,7,3.155309347946896,day_anchor_std,server_midnight,0,0,0,0,0,1,UNCLASSIFIED,TREND_UNCLASSIFIED,TREND
5035.1,5037.35,5035.1,5036.65,0,0,0,2,0.9968092093364959,NY_PM,7,3.155309347946896,day_anchor_std,server_midnight,0,0,0,0,0,1,UNCLASSIFIED,TREND_UNCLASSIFIED,TREND
5036.8,5038.45,5036.1,5038.1,0,0,0,2,0.9968092093364959,NY_PM,7,3.155309347946896,day_anchor_std,server_midnight,0,0,0,0,0,1,UNCLASSIFIED,TREND_UNCLASSIFIED,TREND
5038.35,5038.75,5036.85,5037.25,0,0,0,2,0.9893951607615299,ASIA,8,0.09982761322675109,day_anchor_std,server_midnight,0,0,0,1,0,0,UNCLASSIFIED,TREND_UNCLASSIFIED,TREND
5037.4,5038.95,5036.9,5038.35,0,0,0,2,0.9893951607615299,ASIA,8,0.09982761322675109,day_anchor_std,server_midnight,0,0,0,1,0,0,UNCLASSIFIED,TREND_UNCLASSIFIED,TREND
5038.2,5038.45,5034.25,5034.25,0,0,0,2,0.9893951607615299,ASIA,8,0.09982761322675109,day_anchor_std,server_midnight,0,0,0,1,0,0,UNCLASSIFIED,TREND_UNCLASSIFIED,TREND
5034.6,5035.45,5033.1,5033.75,0,0,0,2,0.9893951607615299,ASIA,8,0.09982761322675109,day_anchor_std,server_midnight,0,0,0,1,0,0,UNCLASSIFIED,TREND_UNCLASSIFIED,TREND
5033.85,5035.7,5029.25,5029.75,0,0,0,2,0.9353296961169452,ASIA,9,0.49736157562242067,day_anchor_std,server_midnight,0,0,0,1,0,0,UNCLASSIFIED,TREND_UNCLASSIFIED,TREND
5030.1,5030.1,5026.05,5029.05,0,0,0,2,0.9353296961169452,ASIA,9,0.49736157562242067,day_anchor_std,server_midnight,0,0,0,1,0,0,UNCLASSIFIED,TREND_UNCLASSIFIED,TREND
5028.8,5031.4,5027.05,5028.75,0,0,0,2,0.9353296961169452,ASIA,9,0.49736157562242067,day_anchor_std,server_midnight,0,0,0,1,0,0,UNCLASSIFIED,TREND_UNCLASSIFIED,TREND
5028.75,5028.75,5021.05,5023.6,0,0,0,2,0.9353296961169452,ASIA,9,0.49736157562242067,day_anchor_std,server_midnight,0,0,0,1,0,0,UNCLASSIFIED,TREND_UNCLASSIFIED,TREND
5023.45,5027.35,5022.55,5024.95,0,0,0,2,0.983855168616156,ASIA,10,0.7320854331653639,day_anchor_std,server_midnight,0,0,0,1,0,0,TREND_STRONG,TREND_STRONG,TREND
5025.05,5026.6,5022.1,5025.45,0,0,0,2,0.983855168616156,ASIA,10,0.7320854331653639,day_anchor_std,server_midnight,0,0,0,1,0,0,TREND_STRONG,TREND_STRONG,TREND
5025.05,5025.6,5015.05,5016.0,0,0,0,2,0.983855168616156,ASIA,10,0.7320854331653639,day_anchor_std,server_midnight,0,0,0,1,0,0,TREND_STRONG,TREND_STRONG,TREND
5016.1,5019.25,5012.2,5016.45,0,0,0,2,0.983855168616156,ASIA,10,0.7320854331653639,day_anchor_std,server_midnight,0,0,0,1,0,0,TREND_STRONG,TREND_STRONG,TREND
5016.6,5016.75,5012.05,5012.05,0,0,0,2,0.9655816232716922,ASIA,11,0.6230340988170046,day_anchor_std,server_midnight,0,0,0,1,0,0,UNCLASSIFIED,TREND_UNCLASSIFIED,TREND
5011.95,5019.4,5010.15,5019.1,0,0,0,2,0.9655816232716922,ASIA,11,0.6230340988170046,day_anchor_std,server_midnight,0,0,0,1,0,0,UNCLASSIFIED,TREND_UNCLASSIFIED,TREND
5018.85,5022.85,5017.3,5019.6,0,0,0,2,0.9655816232716922,ASIA,11,0.6230340988170046,day_anchor_std,server_midnight,0,0,0,1,0,0,UNCLASSIFIED,TREND_UNCLASSIFIED,TREND
5019.85,5021.35,5014.85,5016.2,0,0,0,2,0.9655816232716922,ASIA,11,0.6230340988170046,day_anchor_std,server_midnight,0,0,0,1,0,0,UNCLASSIFIED,TREND_UNCLASSIFIED,TREND
5016.25,5022.4,5015.4,5019.5,0,0,0,2,0.9528481130594306,LONDON,12,0.08715808993972754,day_anchor_std,server_midnight,0,0,0,0,1,0,UNCLASSIFIED,TREND_UNCLASSIFIED,TREND
5019.35,5029.75,5017.95,5025.55,0,0,0,2,0.9528481130594306,LONDON,12,0.08715808993972754,day_anchor_std,server_midnight,0,0,0,0,1,0,UNCLASSIFIED,TREND_UNCLASSIFIED,TREND
5025.45,5032.45,5024.75,5030.45,0,0,0,2,0.9528481130594306,LONDON,12,0.08715808993972754,day_anchor_std,server_midnight,0,0,0,0,1,0,UNCLASSIFIED,TREND_UNCLASSIFIED,TREND
5029.65,5034.95,5020.45,5024.85,0,0,0,2,0.9528481130594306,LONDON,12,0.08715808993972754,day_anchor_std,server_midnight,0,0,0,0,1,0,UNCLASSIFIED,TREND_UNCLASSIFIED,TREND
5024.55,5029.0,5017.25,5024.45,0,0,0,2,0.9946254963322838,LONDON,12,0.37392010948592797,day_anchor_std,server_midnight,0,0,0,0,1,0,TREND_STRONG,TREND_STRONG,TREND
5024.55,5032.2,5022.05,5029.85,0,0,0,2,0.9946254963322838,LONDON,12,0.37392010948592797,day_anchor_std,server_midnight,0,0,0,0,1,0,TREND_STRONG,TREND_STRONG,TREND
5029.75,5031.2,5016.85,5024.7,0,0,0,2,0.9946254963322838,LONDON,12,0.37392010948592797,day_anchor_std,server_midnight,0,0,0,0,1,0,TREND_STRONG,TREND_STRONG,TREND
5024.65,5030.35,5018.6,5018.85,0,0,0,2,0.9946254963322838,LONDON,12,0.37392010948592797,day_anchor_std,server_midnight,0,0,0,0,1,0,TREND_STRONG,TREND_STRONG,TREND
5018.55,5027.85,5014.95,5026.85,0,0,0,2,0.6489373578169586,LONDON,12,0.0391451967245755,day_anchor_std,server_midnight,0,0,0,0,1,0,TREND_STRONG,TREND_STRONG,TREND
5026.55,5027.05,5019.25,5020.6,0,0,0,2,0.6489373578169586,LONDON,12,0.0391451967245755,day_anchor_std,server_midnight,0,0,0,0,1,0,TREND_STRONG,TREND_STRONG,TREND
5020.6,5024.1,5015.35,5023.45,0,0,0,2,0.6489373578169586,LONDON,12,0.0391451967245755,day_anchor_std,server_midnight,0,0,0,0,1,0,TREND_STRONG,TREND_STRONG,TREND
5023.6,5030.2,5022.45,5026.4,0,0,0,2,0.6489373578169586,LONDON,12,0.0391451967245755,day_anchor_std,server_midnight,0,0,0,0,1,0,TREND_STRONG,TREND_STRONG,TREND
5051.05,5053.6,5048.3,5049.95,0,0,0,2,0.7186104816682011,ASIA,3,0.18168584007954877,day_anchor_std,server_midnight,0,0,0,1,0,0,TREND_STRONG,TREND_STRONG,TREND
5050.1,5055.75,5049.3,5054.25,0,0,0,2,0.7186104816682011,ASIA,3,0.18168584007954877,day_anchor_std,server_midnight,0,0,0,1,0,0,TREND_STRONG,TREND_STRONG,TREND
5054.35,5058.45,5053.05,5054.55,0,0,0,2,0.7186104816682011,ASIA,3,0.18168584007954877,day_anchor_std,server_midnight,0,0,0,1,0,0,TREND_STRONG,TREND_STRONG,TREND
5054.2,5054.2,5049.3,5050.5,0,0,0,2,0.7186104816682011,ASIA,3,0.18168584007954877,day_anchor_std,server_midnight,0,0,0,1,0,0,TREND_STRONG,TREND_STRONG,TREND
5080.0,5080.75,5078.95,5079.55,0,0,0,2,0.9630851958903788,ASIA,7,0.03427434779279286,day_anchor_std,server_midnight,0,0,0,1,0,0,TREND_STRONG,TREND_STRONG,TREND
5079.4,5079.5,5076.9,5077.35,0,0,0,2,0.9630851958903788,ASIA,7,0.03427434779279286,day_anchor_std,server_midnight,0,0,0,1,0,0,TREND_STRONG,TREND_STRONG,TREND
5077.1,5078.45,5076.45,5076.7,0,0,0,2,0.9630851958903788,ASIA,7,0.03427434779279286,day_anchor_std,server_midnight,0,0,0,1,0,0,TREND_STRONG,TREND_STRONG,TREND
5076.7,5080.05,5076.7,5079.4,0,0,0,2,0.9630851958903788,ASIA,7,0.03427434779279286,day_anchor_std,server_midnight,0,0,0,1,0,0,TREND_STRONG,TREND_STRONG,TREND
5079.2,5079.4,5075.55,5076.85,0,0,0,2,0.8110872737158493,ASIA,8,0.02552997492589454,day_anchor_std,server_midnight,0,0,0,1,0,0,UNCLASSIFIED,TREND_UNCLASSIFIED,TREND
5076.9,5079.05,5076.3,5078.05,0,0,0,2,0.8110872737158493,ASIA,8,0.02552997492589454,day_anchor_std,server_midnight,0,0,0,1,0,0,UNCLASSIFIED,TREND_UNCLASSIFIED,TREND
5077.8,5078.55,5072.95,5073.15,0,0,0,2,0.8110872737158493,ASIA,8,0.02552997492589454,day_anchor_std,server_midnight,0,0,0,1,0,0,UNCLASSIFIED,TREND_UNCLASSIFIED,TREND
5073.4,5077.5,5072.55,5077.5,0,0,0,2,0.8110872737158493,ASIA,8,0.02552997492589454,day_anchor_std,server_midnight,0,0,0,1,0,0,UNCLASSIFIED,TREND_UNCLASSIFIED,TREND
5077.3,5080.85,5076.8,5080.5,0,0,0,2,0.9690115316254468,ASIA,9,0.29761815124361785,day_anchor_std,server_midnight,0,0,0,1,0,0,UNCLASSIFIED,TREND_UNCLASSIFIED,TREND
5080.25,5082.95,5079.3,5081.05,0,0,0,2,0.9690115316254468,ASIA,9,0.29761815124361785,day_anchor_std,server_midnight,0,0,0,1,0,0,UNCLASSIFIED,TREND_UNCLASSIFIED,TREND
5081.3,5082.25,5078.55,5079.25,0,0,0,2,0.9690115316254468,ASIA,9,0.29761815124361785,day_anchor_std,server_midnight,0,0,0,1,0,0,UNCLASSIFIED,TREND_UNCLASSIFIED,TREND
5079.3,5083.3,5078.95,5083.2,0,0,0,2,0.9690115316254468,ASIA,9,0.29761815124361785,day_anchor_std,server_midnight,0,0,0,1,0,0,UNCLASSIFIED,TREND_UNCLASSIFIED,TREND
5083.2,5087.1,5082.8,5085.55,0,0,0,2,0.9589199834143177,ASIA,10,0.13133764832791311,day_anchor_std,server_midnight,0,0,0,1,0,0,UNCLASSIFIED,TREND_UNCLASSIFIED,TREND
5085.95,5086.25,5081.7,5081.75,0,0,0,2,0.9589199834143177,ASIA,10,0.13133764832791311,day_anchor_std,server_midnight,0,0,0,1,0,0,UNCLASSIFIED,TREND_UNCLASSIFIED,TREND
5081.75,5085.85,5080.3,5085.75,0,0,0,2,0.9589199834143177,ASIA,10,0.13133764832791311,day_anchor_std,server_midnight,0,0,0,1,0,0,UNCLASSIFIED,TREND_UNCLASSIFIED,TREND
5085.85,5085.85,5078.75,5080.95,0,0,0,2,0.9589199834143177,ASIA,10,0.13133764832791311,day_anchor_std,server_midnight,0,0,0,1,0,0,UNCLASSIFIED,TREND_UNCLASSIFIED,TREND
5081.1,5088.35,5081.05,5084.0,0,0,0,2,0.9986721922754417,LONDON,11,2.4371563738652386,day_anchor_std,server_midnight,0,0,0,0,0,1,TREND_STRONG,TREND_STRONG,TREND
5081.8,5130.15,5081.8,5121.75,0,0,0,2,0.9986721922754417,LONDON,11,2.4371563738652386,day_anchor_std,server_midnight,0,0,0,0,0,1,TREND_STRONG,TREND_STRONG,TREND
5121.8,5127.15,5115.7,5126.75,0,0,0,2,0.9986721922754417,LONDON,11,2.4371563738652386,day_anchor_std,server_midnight,0,0,0,0,0,1,TREND_STRONG,TREND_STRONG,TREND
5126.85,5135.05,5110.8,5131.1,0,0,0,2,0.9986721922754417,LONDON,11,2.4371563738652386,day_anchor_std,server_midnight,0,0,0,0,0,1,TREND_STRONG,TREND_STRONG,TREND
5137.7,5140.1,5101.5,5111.55,0,0,0,2,0.9988084316549203,LONDON,12,1.4374019213839735,day_anchor_std,server_midnight,0,0,0,0,0,1,TREND_STRONG,TREND_STRONG,TREND
5111.8,5119.15,5101.75,5106.5,0,0,0,2,0.9988084316549203,LONDON,12,1.4374019213839735,day_anchor_std,server_midnight,0,0,0,0,0,1,TREND_STRONG,TREND_STRONG,TREND
5106.55,5113.3,5100.35,5112.25,0,0,0,2,0.9988084316549203,LONDON,12,1.4374019213839735,day_anchor_std,server_midnight,0,0,0,0,0,1,TREND_STRONG,TREND_STRONG,TREND
5112.95,5124.1,5112.15,5119.7,0,0,0,2,0.9988084316549203,LONDON,12,1.4374019213839735,day_anchor_std,server_midnight,0,0,0,0,0,1,TREND_STRONG,TREND_STRONG,TREND
5145.1,5145.1,5137.95,5139.95,0,0,0,2,0.9077945436476673,NY_PM,3,0.1928190430698725,day_anchor_std,server_midnight,0,0,0,0,1,0,TREND_STRONG,TREND_STRONG,TREND
5139.95,5140.2,5138.75,5138.95,0,0,0,2,0.9077945436476673,NY_PM,3,0.1928190430698725,day_anchor_std,server_midnight,0,0,0,0,1,0,TREND_STRONG,TREND_STRONG,TREND
5139.25,5139.95,5137.75,5138.75,0,0,0,2,0.9077945436476673,NY_PM,3,0.1928190430698725,day_anchor_std,server_midnight,0,0,0,0,1,0,TREND_STRONG,TREND_STRONG,TREND
5138.45,5138.95,5134.55,5135.5,0,0,0,2,0.9077945436476673,NY_PM,3,0.1928190430698725,day_anchor_std,server_midnight,0,0,0,0,1,0,TREND_STRONG,TREND_STRONG,TREND
5135.8,5137.3,5131.95,5132.85,0,0,0,2,0.9624917345517585,NY_PM,4,0.1268845315904317,day_anchor_std,server_midnight,0,0,0,0,1,0,TREND_STRONG,TREND_STRONG,TREND
5133.1,5135.3,5131.65,5134.8,0,0,0,2,0.9624917345517585,NY_PM,4,0.1268845315904317,day_anchor_std,server_midnight,0,0,0,0,1,0,TREND_STRONG,TREND_STRONG,TREND
5134.5,5136.55,5134.25,5135.65,0,0,0,2,0.9624917345517585,NY_PM,4,0.1268845315904317,day_anchor_std,server_midnight,0,0,0,0,1,0,TREND_STRONG,TREND_STRONG,TREND
5135.45,5136.45,5133.75,5136.3,0,0,0,2,0.9624917345517585,NY_PM,4,0.1268845315904317,day_anchor_std,server_midnight,0,0,0,0,1,0,TREND_STRONG,TREND_STRONG,TREND
5182.95,5183.15,5178.65,5180.75,0,0,0,2,0.9992345706754682,NY,7,3.672857339386363,day_anchor_std,server_midnight,0,0,0,0,0,1,UNCLASSIFIED,TREND_UNCLASSIFIED,TREND
5180.7,5181.6,5180.25,5180.7,0,0,0,2,0.9992345706754682,NY,7,3.672857339386363,day_anchor_std,server_midnight,0,0,0,0,0,1,UNCLASSIFIED,TREND_UNCLASSIFIED,TREND
5179.6,5181.4,5178.15,5180.4,0,0,0,2,0.9995855920739427,NY_PM,8,3.6487722269263716,day_anchor_std,server_midnight,0,0,0,0,0,1,UNCLASSIFIED,TREND_UNCLASSIFIED,TREND
5180.15,5182.8,5179.85,5182.4,0,0,0,2,0.9995855920739427,NY_PM,8,3.6487722269263716,day_anchor_std,server_midnight,0,0,0,0,0,1,UNCLASSIFIED,TREND_UNCLASSIFIED,TREND
5182.55,5183.55,5179.7,5180.6,0,0,0,2,0.9995855920739427,NY_PM,8,3.6487722269263716,day_anchor_std,server_midnight,0,0,0,0,0,1,UNCLASSIFIED,TREND_UNCLASSIFIED,TREND
5180.55,5181.35,5179.75,5181.35,0,0,0,2,0.9995855920739427,NY_PM,8,3.6487722269263716,day_anchor_std,server_midnight,0,0,0,0,0,1,UNCLASSIFIED,TREND_UNCLASSIFIED,TREND
5190.6,5192.2,5189.95,5190.65,0,0,0,0,0.9602353153782035,NY_PM,3,0.28785857687593963,day_anchor_std,server_midnight,1,0,0,0,0,0,BALANCE_LEAKING,BALANCE_LEAKING,BALANCE
5190.85,5191.25,5189.55,5190.85,0,0,0,0,0.9602353153782035,NY_PM,3,0.28785857687593963,day_anchor_std,server_midnight,1,0,0,0,0,0,BALANCE_LEAKING,BALANCE_LEAKING,BALANCE
5190.6,5192.15,5189.45,5190.3,0,0,0,0,0.9602353153782035,NY_PM,3,0.28785857687593963,day_anchor_std,server_midnight,1,0,0,0,0,0,BALANCE_LEAKING,BALANCE_LEAKING,BALANCE
5190.1,5190.65,5188.7,5189.35,0,0,0,0,0.9602353153782035,NY_PM,3,0.28785857687593963,day_anchor_std,server_midnight,1,0,0,0,0,0,BALANCE_LEAKING,BALANCE_LEAKING,BALANCE
5186.85,5190.35,5185.5,5189.1,0,0,0,0,0.8563041597078672,NY,2,0.36837478020599673,day_anchor_std,server_midnight,1,0,0,0,0,0,UNCLASSIFIED,BALANCE_UNCLASSIFIED,BALANCE
5189.05,5190.65,5185.45,5186.6,0,0,0,0,0.8563041597078672,NY,2,0.36837478020599673,day_anchor_std,server_midnight,1,0,0,0,0,0,UNCLASSIFIED,BALANCE_UNCLASSIFIED,BALANCE
5186.6,5191.15,5182.1,5189.55,0,0,0,0,0.8563041597078672,NY,2,0.36837478020599673,day_anchor_std,server_midnight,1,0,0,0,0,0,UNCLASSIFIED,BALANCE_UNCLASSIFIED,BALANCE
5189.45,5193.55,5188.45,5188.45,0,0,0,0,0.8563041597078672,NY,2,0.36837478020599673,day_anchor_std,server_midnight,1,0,0,0,0,0,UNCLASSIFIED,BALANCE_UNCLASSIFIED,BALANCE
5188.05,5188.75,5184.75,5185.75,0,0,0,0,0.9288101522957521,NY,3,0.19308393195879928,day_anchor_std,server_midnight,1,0,0,0,0,0,UNCLASSIFIED,BALANCE_UNCLASSIFIED,BALANCE
5185.65,5187.45,5184.75,5186.25,0,0,0,0,0.9288101522957521,NY,3,0.19308393195879928,day_anchor_std,server_midnight,1,0,0,0,0,0,UNCLASSIFIED,BALANCE_UNCLASSIFIED,BALANCE
5184.55,5189.05,5184.45,5188.85,0,0,0,0,0.8975174367064216,NY_PM,4,0.28144111413863854,day_anchor_std,server_midnight,1,0,0,0,0,0,BALANCE_LEAKING,BALANCE_LEAKING,BALANCE
5188.95,5189.05,5187.35,5187.55,0,0,0,0,0.8975174367064216,NY_PM,4,0.28144111413863854,day_anchor_std,server_midnight,1,0,0,0,0,0,BALANCE_LEAKING,BALANCE_LEAKING,BALANCE
5187.45,5187.7,5185.85,5187.25,0,0,0,0,0.8975174367064216,NY_PM,4,0.28144111413863854,day_anchor_std,server_midnight,1,0,0,0,0,0,BALANCE_LEAKING,BALANCE_LEAKING,BALANCE
5187.25,5188.2,5185.85,5186.55,0,0,0,0,0.8975174367064216,NY_PM,4,0.28144111413863854,day_anchor_std,server_midnight,1,0,0,0,0,0,BALANCE_LEAKING,BALANCE_LEAKING,BALANCE
5188.1,5188.1,5185.35,5185.6,0,0,0,0,0.6938777135632149,NY_PM,6,0.08356741573043303,day_anchor_std,server_midnight,1,0,0,0,0,0,UNCLASSIFIED,BALANCE_UNCLASSIFIED,BALANCE
5185.9,5186.25,5185.05,5186.05,0,0,0,0,0.6938777135632149,NY_PM,6,0.08356741573043303,day_anchor_std,server_midnight,1,0,0,0,0,0,UNCLASSIFIED,BALANCE_UNCLASSIFIED,BALANCE
5186.05,5186.75,5185.2,5186.25,0,0,0,0,0.6938777135632149,NY_PM,6,0.08356741573043303,day_anchor_std,server_midnight,1,0,0,0,0,0,UNCLASSIFIED,BALANCE_UNCLASSIFIED,BALANCE
5185.95,5186.25,5184.1,5184.55,0,0,0,0,0.6938777135632149,NY_PM,6,0.08356741573043303,day_anchor_std,server_midnight,1,0,0,0,0,0,UNCLASSIFIED,BALANCE_UNCLASSIFIED,BALANCE
5217.85,5218.9,5217.65,5218.4,0,0,0,2,0.9983644757257797,NY_PM,7,3.0454137115839526,day_anchor_std,server_midnight,0,0,0,0,0,1,UNCLASSIFIED,TREND_UNCLASSIFIED,TREND
5218.4,5218.65,5217.4,5218.4,0,0,0,2,0.9983644757257797,NY_PM,7,3.0454137115839526,day_anchor_std,server_midnight,0,0,0,0,0,1,UNCLASSIFIED,TREND_UNCLASSIFIED,TREND
5218.65,5219.15,5218.35,5218.75,0,0,0,2,0.9983644757257797,NY_PM,7,3.0454137115839526,day_anchor_std,server_midnight,0,0,0,0,0,1,UNCLASSIFIED,TREND_UNCLASSIFIED,TREND
5218.9,5219.05,5217.4,5218.25,0,0,0,2,0.9983644757257797,NY_PM,7,3.0454137115839526,day_anchor_std,server_midnight,0,0,0,0,0,1,UNCLASSIFIED,TREND_UNCLASSIFIED,TREND
5218.05,5219.25,5217.85,5219.25,0,0,0,2,0.9980985569432345,ASIA,8,0.043687943262317765,day_anchor_std,server_midnight,0,0,0,1,0,0,UNCLASSIFIED,TREND_UNCLASSIFIED,TREND
5219.4,5221.55,5219.4,5221.1,0,0,0,2,0.9980985569432345,ASIA,8,0.043687943262317765,day_anchor_std,server_midnight,0,0,0,1,0,0,UNCLASSIFIED,TREND_UNCLASSIFIED,TREND
5221.05,5222.55,5220.55,5220.65,0,0,0,2,0.9980985569432345,ASIA,8,0.043687943262317765,day_anchor_std,server_midnight,0,0,0,1,0,0,UNCLASSIFIED,TREND_UNCLASSIFIED,TREND
5220.6,5222.15,5220.55,5220.75,0,0,0,2,0.9980985569432345,ASIA,8,0.043687943262317765,day_anchor_std,server_midnight,0,0,0,1,0,0,UNCLASSIFIED,TREND_UNCLASSIFIED,TREND
5221.05,5223.55,5219.55,5223.25,0,0,0,2,0.9994382961935977,ASIA,9,0.42899850523167965,day_anchor_std,server_midnight,0,0,0,1,0,0,UNCLASSIFIED,TREND_UNCLASSIFIED,TREND
5222.85,5225.0,5221.35,5224.6,0,0,0,2,0.9994382961935977,ASIA,9,0.42899850523167965,day_anchor_std,server_midnight,0,0,0,1,0,0,UNCLASSIFIED,TREND_UNCLASSIFIED,TREND
5224.85,5228.7,5224.75,5227.0,0,0,0,2,0.9994382961935977,ASIA,9,0.42899850523167965,day_anchor_std,server_midnight,0,0,0,1,0,0,UNCLASSIFIED,TREND_UNCLASSIFIED,TREND
5227.1,5228.0,5225.55,5226.05,0,0,0,2,0.9994382961935977,ASIA,9,0.42899850523167965,day_anchor_std,server_midnight,0,0,0,1,0,0,UNCLASSIFIED,TREND_UNCLASSIFIED,TREND
5226.0,5228.35,5222.55,5227.7,0,0,0,2,0.9999200196085379,ASIA,10,1.1783801874162656,day_anchor_std,server_midnight,0,0,0,0,0,1,TREND_STRONG,TREND_STRONG,TREND
5227.9,5233.55,5227.05,5233.55,0,0,0,2,0.9999200196085379,ASIA,10,1.1783801874162656,day_anchor_std,server_midnight,0,0,0,0,0,1,TREND_STRONG,TREND_STRONG,TREND
5233.35,5237.35,5233.05,5235.45,0,0,0,2,0.9999200196085379,ASIA,10,1.1783801874162656,day_anchor_std,server_midnight,0,0,0,0,0,1,TREND_STRONG,TREND_STRONG,TREND
5235.35,5237.4,5234.85,5236.2,0,0,0,2,0.9999200196085379,ASIA,10,1.1783801874162656,day_anchor_std,server_midnight,0,0,0,0,0,1,TREND_STRONG,TREND_STRONG,TREND
5221.25,5221.25,5218.55,5220.85,0,0,0,0,0.9587177328619378,NY_PM,3,0.07351975843511349,day_anchor_std,server_midnight,1,0,0,0,0,0,UNCLASSIFIED,BALANCE_UNCLASSIFIED,BALANCE
5221.15,5222.5,5220.55,5220.55,0,0,0,0,0.9587177328619378,NY_PM,3,0.07351975843511349,day_anchor_std,server_midnight,1,0,0,0,0,0,UNCLASSIFIED,BALANCE_UNCLASSIFIED,BALANCE
5220.7,5223.15,5219.4,5222.65,0,0,0,0,0.9587177328619378,NY_PM,3,0.07351975843511349,day_anchor_std,server_midnight,1,0,0,0,0,0,UNCLASSIFIED,BALANCE_UNCLASSIFIED,BALANCE
5222.5,5222.65,5221.65,5221.85,0,0,0,0,0.9587177328619378,NY_PM,3,0.07351975843511349,day_anchor_std,server_midnight,1,0,0,0,0,0,UNCLASSIFIED,BALANCE_UNCLASSIFIED,BALANCE
5222.05,5223.85,5220.4,5221.95,0,0,0,0,0.9705074780404785,NY_PM,4,0.2967836257310424,day_anchor_std,server_midnight,1,0,0,0,0,0,UNCLASSIFIED,BALANCE_UNCLASSIFIED,BALANCE
5222.05,5224.35,5221.15,5224.05,0,0,0,0,0.9705074780404785,NY_PM,4,0.2967836257310424,day_anchor_std,server_midnight,1,0,0,0,0,0,UNCLASSIFIED,BALANCE_UNCLASSIFIED,BALANCE
5223.9,5224.55,5222.65,5223.5,0,0,0,0,0.9705074780404785,NY_PM,4,0.2967836257310424,day_anchor_std,server_midnight,1,0,0,0,0,0,UNCLASSIFIED,BALANCE_UNCLASSIFIED,BALANCE
5223.45,5224.7,5223.35,5224.55,0,0,0,0,0.9705074780404785,NY_PM,4,0.2967836257310424,day_anchor_std,server_midnight,1,0,0,0,0,0,UNCLASSIFIED,BALANCE_UNCLASSIFIED,BALANCE
5228.45,5228.95,5227.25,5227.45,0,0,0,0,0.9453524735471024,ASIA,6,0.1041998936735857,day_anchor_std,server_midnight,1,0,0,0,0,0,BALANCE_LEAKING,BALANCE_LEAKING,BALANCE
5227.65,5229.85,5227.65,5229.75,0,0,0,0,0.9453524735471024,ASIA,6,0.1041998936735857,day_anchor_std,server_midnight,1,0,0,0,0,0,BALANCE_LEAKING,BALANCE_LEAKING,BALANCE
5229.85,5230.5,5229.15,5230.0,0,0,0,0,0.9453524735471024,ASIA,6,0.1041998936735857,day_anchor_std,server_midnight,1,0,0,0,0,0,BALANCE_LEAKING,BALANCE_LEAKING,BALANCE
5230.15,5231.25,5229.85,5230.65,0,0,0,0,0.9453524735471024,ASIA,6,0.1041998936735857,day_anchor_std,server_midnight,1,0,0,0,0,0,BALANCE_LEAKING,BALANCE_LEAKING,BALANCE
5252.2,5253.75,5250.55,5251.85,0,0,0,2,0.9949854016096653,ASIA,3,0.294523988947529,day_anchor_std,server_midnight,0,0,0,1,0,0,UNCLASSIFIED,TREND_UNCLASSIFIED,TREND
5251.45,5252.15,5250.45,5251.35,0,0,0,2,0.9949854016096653,ASIA,3,0.294523988947529,day_anchor_std,server_midnight,0,0,0,1,0,0,UNCLASSIFIED,TREND_UNCLASSIFIED,TREND
5251.0,5252.65,5248.35,5248.35,0,0,0,2,0.9949854016096653,ASIA,3,0.294523988947529,day_anchor_std,server_midnight,0,0,0,1,0,0,UNCLASSIFIED,TREND_UNCLASSIFIED,TREND
5248.5,5250.15,5247.2,5248.45,0,0,0,2,0.9949854016096653,ASIA,3,0.294523988947529,day_anchor_std,server_midnight,0,0,0,1,0,0,UNCLASSIFIED,TREND_UNCLASSIFIED,TREND
5249.7,5250.85,5245.15,5248.25,0,0,0,1,0.9986517979543962,LONDON,3,1.4264257028112666,day_anchor_std,server_midnight,0,0,1,0,0,0,UNCLASSIFIED,TRANSITION_UNCLASSIFIED,TRANSITION
5250.05,5282.1,5250.05,5275.15,0,0,0,1,0.9986517979543962,LONDON,3,1.4264257028112666,day_anchor_std,server_midnight,0,0,1,0,0,0,UNCLASSIFIED,TRANSITION_UNCLASSIFIED,TRANSITION
5275.25,5276.25,5271.0,5272.8,0,0,0,1,0.9986517979543962,LONDON,3,1.4264257028112666,day_anchor_std,server_midnight,0,0,1,0,0,0,UNCLASSIFIED,TRANSITION_UNCLASSIFIED,TRANSITION
5273.45,5282.05,5265.95,5270.85,0,0,0,1,0.9986517979543962,LONDON,3,1.4264257028112666,day_anchor_std,server_midnight,0,0,1,0,0,0,UNCLASSIFIED,TRANSITION_UNCLASSIFIED,TRANSITION
5270.95,5280.8,5270.55,5278.4,0,0,0,1,0.9979420906281674,LONDON,4,2.618443092656254,day_anchor_std,server_midnight,0,0,1,0,0,0,UNCLASSIFIED,TRANSITION_UNCLASSIFIED,TRANSITION
5278.45,5286.75,5277.55,5285.85,0,0,0,1,0.9979420906281674,LONDON,4,2.618443092656254,day_anchor_std,server_midnight,0,0,1,0,0,0,UNCLASSIFIED,TRANSITION_UNCLASSIFIED,TRANSITION
5286.0,5295.7,5285.75,5295.55,0,0,0,1,0.9979420906281674,LONDON,4,2.618443092656254,day_anchor_std,server_midnight,0,0,1,0,0,0,UNCLASSIFIED,TRANSITION_UNCLASSIFIED,TRANSITION
5295.45,5296.3,5291.85,5293.35,0,0,0,1,0.9979420906281674,LONDON,4,2.618443092656254,day_anchor_std,server_midnight,0,0,1,0,0,0,UNCLASSIFIED,TRANSITION_UNCLASSIFIED,TRANSITION
5293.7,5295.0,5288.55,5294.85,0,0,0,1,0.9996363977363826,LONDON,5,3.5246513455116846,day_anchor_std,server_midnight,0,0,1,0,0,0,UNCLASSIFIED,TRANSITION_UNCLASSIFIED,TRANSITION
5295.0,5300.55,5293.9,5300.2,0,0,0,1,0.9996363977363826,LONDON,5,3.5246513455116846,day_anchor_std,server_midnight,0,0,1,0,0,0,UNCLASSIFIED,TRANSITION_UNCLASSIFIED,TRANSITION
5300.05,5303.1,5298.95,5302.8,0,0,0,1,0.9996363977363826,LONDON,5,3.5246513455116846,day_anchor_std,server_midnight,0,0,1,0,0,0,UNCLASSIFIED,TRANSITION_UNCLASSIFIED,TRANSITION
5302.75,5304.8,5298.15,5304.55,0,0,0,1,0.9996363977363826,LONDON,5,3.5246513455116846,day_anchor_std,server_midnight,0,0,1,0,0,0,UNCLASSIFIED,TRANSITION_UNCLASSIFIED,TRANSITION
5304.65,5309.1,5302.95,5304.7,0,0,0,1,0.9960147412155492,NY,6,3.9759735086146546,day_anchor_std,server_midnight,0,0,1,0,0,0,TRANSITION_NOISY,TRANSITION_NOISY,TRANSITION
5304.85,5304.95,5300.9,5304.75,0,0,0,1,0.9960147412155492,NY,6,3.9759735086146546,day_anchor_std,server_midnight,0,0,1,0,0,0,TRANSITION_NOISY,TRANSITION_NOISY,TRANSITION
5304.05,5307.85,5301.75,5305.5,0,0,0,1,0.9960147412155492,NY,6,3.9759735086146546,day_anchor_std,server_midnight,0,0,1,0,0,0,TRANSITION_NOISY,TRANSITION_NOISY,TRANSITION
5305.2,5316.0,5304.25,5313.05,0,0,0,1,0.9960147412155492,NY,6,3.9759735086146546,day_anchor_std,server_midnight,0,0,1,0,0,0,TRANSITION_NOISY,TRANSITION_NOISY,TRANSITION
5300.0,5301.85,5299.55,5301.85,0,0,0,2,0.7974822236297635,ASIA,3,0.06913580246907293,day_anchor_std,server_midnight,0,0,0,1,0,0,UNCLASSIFIED,TREND_UNCLASSIFIED,TREND
5301.6,5302.75,5300.05,5300.15,0,0,0,2,0.7974822236297635,ASIA,3,0.06913580246907293,day_anchor_std,server_midnight,0,0,0,1,0,0,UNCLASSIFIED,TREND_UNCLASSIFIED,TREND
5300.3,5302.15,5298.65,5300.05,0,0,0,2,0.7974822236297635,ASIA,3,0.06913580246907293,day_anchor_std,server_midnight,0,0,0,1,0,0,UNCLASSIFIED,TREND_UNCLASSIFIED,TREND
5299.75,5300.85,5298.25,5298.85,0,0,0,2,0.7974822236297635,ASIA,3,0.06913580246907293,day_anchor_std,server_midnight,0,0,0,1,0,0,UNCLASSIFIED,TREND_UNCLASSIFIED,TREND
5315.8,5316.15,5313.0,5315.3,0,0,0,2,0.8874866432406523,NY_PM,3,0.0895336141007712,day_anchor_std,server_midnight,0,0,0,0,1,0,UNCLASSIFIED,TREND_UNCLASSIFIED,TREND
5315.45,5316.85,5314.95,5315.45,0,0,0,2,0.8874866432406523,NY_PM,3,0.0895336141007712,day_anchor_std,server_midnight,0,0,0,0,1,0,UNCLASSIFIED,TREND_UNCLASSIFIED,TREND
5315.4,5315.95,5314.4,5314.45,0,0,0,2,0.8874866432406523,NY_PM,3,0.0895336141007712,day_anchor_std,server_midnight,0,0,0,0,1,0,UNCLASSIFIED,TREND_UNCLASSIFIED,TREND
5314.8,5315.2,5314.2,5314.75,0,0,0,2,0.8874866432406523,NY_PM,3,0.0895336141007712,day_anchor_std,server_midnight,0,0,0,0,1,0,UNCLASSIFIED,TREND_UNCLASSIFIED,TREND
5314.75,5315.05,5313.3,5314.95,0,0,0,2,0.9329534924684477,NY_PM,4,0.11385720321085224,day_anchor_std,server_midnight,0,0,0,0,1,0,TREND_STRONG,TREND_STRONG,TREND
5314.95,5316.5,5314.75,5316.25,0,0,0,2,0.9329534924684477,NY_PM,4,0.11385720321085224,day_anchor_std,server_midnight,0,0,0,0,1,0,TREND_STRONG,TREND_STRONG,TREND
5316.25,5316.95,5315.45,5316.25,0,0,0,2,0.9329534924684477,NY_PM,4,0.11385720321085224,day_anchor_std,server_midnight,0,0,0,0,1,0,TREND_STRONG,TREND_STRONG,TREND
5316.25,5316.3,5314.7,5314.9,0,0,0,2,0.9329534924684477,NY_PM,4,0.11385720321085224,day_anchor_std,server_midnight,0,0,0,0,1,0,TREND_STRONG,TREND_STRONG,TREND
5323.15,5325.45,5319.75,5321.2,0,0,0,2,0.7727472959665345,LONDON,3,0.10819209039541651,day_anchor_std,server_midnight,0,0,0,0,1,0,UNCLASSIFIED,TREND_UNCLASSIFIED,TREND
5321.1,5325.25,5320.55,5325.25,0,0,0,2,0.7727472959665345,LONDON,3,0.10819209039541651,day_anchor_std,server_midnight,0,0,0,0,1,0,UNCLASSIFIED,TREND_UNCLASSIFIED,TREND
5325.25,5325.9,5315.25,5316.85,0,0,0,2,0.7727472959665345,LONDON,3,0.10819209039541651,day_anchor_std,server_midnight,0,0,0,0,1,0,UNCLASSIFIED,TREND_UNCLASSIFIED,TREND
5316.85,5318.45,5313.8,5315.55,0,0,0,2,0.7727472959665345,LONDON,3,0.10819209039541651,day_anchor_std,server_midnight,0,0,0,0,1,0,UNCLASSIFIED,TREND_UNCLASSIFIED,TREND
5312.65,5314.2,5312.1,5313.9,0,0,0,0,0.7476155633160889,NY_PM,3,0.37151584574249347,day_anchor_std,server_midnight,1,0,0,0,0,0,UNCLASSIFIED,BALANCE_UNCLASSIFIED,BALANCE
5313.65,5313.9,5312.65,5313.15,0,0,0,0,0.7476155633160889,NY_PM,3,0.37151584574249347,day_anchor_std,server_midnight,1,0,0,0,0,0,UNCLASSIFIED,BALANCE_UNCLASSIFIED,BALANCE
5313.05,5314.3,5312.95,5313.35,0,0,0,0,0.7476155633160889,NY_PM,3,0.37151584574249347,day_anchor_std,server_midnight,1,0,0,0,0,0,UNCLASSIFIED,BALANCE_UNCLASSIFIED,BALANCE
5313.25,5313.8,5312.25,5313.8,0,0,0,0,0.7476155633160889,NY_PM,3,0.37151584574249347,day_anchor_std,server_midnight,1,0,0,0,0,0,UNCLASSIFIED,BALANCE_UNCLASSIFIED,BALANCE
5313.8,5314.8,5313.55,5314.55,0,0,0,0,0.9167709030379155,ASIA,4,0.0652300524169475,day_anchor_std,server_midnight,1,0,0,0,0,0,UNCLASSIFIED,BALANCE_UNCLASSIFIED,BALANCE
5314.65,5315.25,5314.05,5314.75,0,0,0,0,0.9167709030379155,ASIA,4,0.0652300524169475,day_anchor_std,server_midnight,1,0,0,0,0,0,UNCLASSIFIED,BALANCE_UNCLASSIFIED,BALANCE
5314.75,5315.65,5314.5,5314.75,0,0,0,0,0.9167709030379155,ASIA,4,0.0652300524169475,day_anchor_std,server_midnight,1,0,0,0,0,0,UNCLASSIFIED,BALANCE_UNCLASSIFIED,BALANCE
5315.15,5315.15,5313.25,5313.85,0,0,0,0,0.9167709030379155,ASIA,4,0.0652300524169475,day_anchor_std,server_midnight,1,0,0,0,0,0,UNCLASSIFIED,BALANCE_UNCLASSIFIED,BALANCE
5327.95,5328.65,5327.95,5328.25,0,0,0,2,0.6468308236680695,ASIA,6,0.07900040306321099,day_anchor_std,server_midnight,0,0,0,1,0,0,TREND_FRAGILE,TREND_FRAGILE,TREND
5328.25,5328.25,5327.45,5327.75,0,0,0,2,0.6468308236680695,ASIA,6,0.07900040306321099,day_anchor_std,server_midnight,0,0,0,1,0,0,TREND_FRAGILE,TREND_FRAGILE,TREND
5327.75,5328.65,5327.45,5328.4,0,0,0,2,0.6468308236680695,ASIA,6,0.07900040306321099,day_anchor_std,server_midnight,0,0,0,1,0,0,TREND_FRAGILE,TREND_FRAGILE,TREND
5328.45,5329.45,5327.75,5329.15,0,0,0,2,0.6468308236680695,ASIA,6,0.07900040306321099,day_anchor_std,server_midnight,0,0,0,1,0,0,TREND_FRAGILE,TREND_FRAGILE,TREND
5327.75,5328.75,5326.9,5328.55,0,0,0,1,0.7540214530976863,NY_PM,4,1.9965165869062707,day_anchor_std,server_midnight,0,0,1,0,0,0,UNCLASSIFIED,TRANSITION_UNCLASSIFIED,TRANSITION
5328.75,5339.05,5328.75,5339.05,0,0,0,1,0.7540214530976863,NY_PM,4,1.9965165869062707,day_anchor_std,server_midnight,0,0,1,0,0,0,UNCLASSIFIED,TRANSITION_UNCLASSIFIED,TRANSITION
5339.25,5343.95,5337.45,5342.45,0,0,0,1,0.7540214530976863,NY_PM,4,1.9965165869062707,day_anchor_std,server_midnight,0,0,1,0,0,0,UNCLASSIFIED,TRANSITION_UNCLASSIFIED,TRANSITION
5342.7,5344.75,5342.15,5343.95,0,0,0,1,0.7540214530976863,NY_PM,4,1.9965165869062707,day_anchor_std,server_midnight,0,0,1,0,0,0,UNCLASSIFIED,TRANSITION_UNCLASSIFIED,TRANSITION
5320.65,5324.15,5313.15,5322.45,0,0,0,1,0.8746740365197097,LONDON,3,2.675721356996286,day_anchor_std,server_midnight,0,0,1,0,0,0,UNCLASSIFIED,TRANSITION_UNCLASSIFIED,TRANSITION
5322.15,5323.45,5304.85,5305.15,0,0,0,1,0.8746740365197097,LONDON,3,2.675721356996286,day_anchor_std,server_midnight,0,0,1,0,0,0,UNCLASSIFIED,TRANSITION_UNCLASSIFIED,TRANSITION
5305.45,5308.05,5298.05,5304.65,0,0,0,1,0.8746740365197097,LONDON,3,2.675721356996286,day_anchor_std,server_midnight,0,0,1,0,0,0,UNCLASSIFIED,TRANSITION_UNCLASSIFIED,TRANSITION
5304.45,5304.45,5274.9,5277.05,0,0,0,1,0.8746740365197097,LONDON,3,2.675721356996286,day_anchor_std,server_midnight,0,0,1,0,0,0,UNCLASSIFIED,TRANSITION_UNCLASSIFIED,TRANSITION
5276.05,5277.55,5275.7,5276.25,0,0,0,2,0.994015092771933,ASIA,4,0.002196595277348125,day_anchor_std,server_midnight,0,0,0,1,0,0,TREND_STRONG,TREND_STRONG,TREND
5276.25,5277.15,5275.25,5276.75,0,0,0,2,0.994015092771933,ASIA,4,0.002196595277348125,day_anchor_std,server_midnight,0,0,0,1,0,0,TREND_STRONG,TREND_STRONG,TREND
5276.55,5276.75,5275.6,5276.25,0,0,0,2,0.994015092771933,ASIA,4,0.002196595277348125,day_anchor_std,server_midnight,0,0,0,1,0,0,TREND_STRONG,TREND_STRONG,TREND
5276.25,5276.75,5274.05,5275.75,0,0,0,2,0.994015092771933,ASIA,4,0.002196595277348125,day_anchor_std,server_midnight,0,0,0,1,0,0,TREND_STRONG,TREND_STRONG,TREND
5275.75,5275.75,5270.25,5272.75,0,0,0,2,0.9925193029569096,ASIA,5,0.10734603017556198,day_anchor_std,server_midnight,0,0,0,1,0,0,TREND_STRONG,TREND_STRONG,TREND
5272.55,5273.05,5270.45,5271.05,0,0,0,2,0.9925193029569096,ASIA,5,0.10734603017556198,day_anchor_std,server_midnight,0,0,0,1,0,0,TREND_STRONG,TREND_STRONG,TREND
5271.2,5274.05,5269.55,5273.55,0,0,0,2,0.9925193029569096,ASIA,5,0.10734603017556198,day_anchor_std,server_midnight,0,0,0,1,0,0,TREND_STRONG,TREND_STRONG,TREND
5273.25,5277.1,5270.75,5276.75,0,0,0,2,0.9925193029569096,ASIA,5,0.10734603017556198,day_anchor_std,server_midnight,0,0,0,1,0,0,TREND_STRONG,TREND_STRONG,TREND
5276.65,5279.3,5276.1,5277.6,0,0,0,2,0.9888670874325137,ASIA,6,0.36653016653015286,day_anchor_std,server_midnight,0,0,0,1,0,0,TREND_STRONG,TREND_STRONG,TREND
5277.6,5283.3,5277.6,5282.1,0,0,0,2,0.9888670874325137,ASIA,6,0.36653016653015286,day_anchor_std,server_midnight,0,0,0,1,0,0,TREND_STRONG,TREND_STRONG,TREND
5282.1,5282.85,5279.9,5280.65,0,0,0,2,0.9888670874325137,ASIA,6,0.36653016653015286,day_anchor_std,server_midnight,0,0,0,1,0,0,TREND_STRONG,TREND_STRONG,TREND
5280.6,5281.9,5279.3,5281.5,0,0,0,2,0.9888670874325137,ASIA,6,0.36653016653015286,day_anchor_std,server_midnight,0,0,0,1,0,0,TREND_STRONG,TREND_STRONG,TREND
5281.05,5283.85,5280.5,5282.6,0,0,0,2,0.9465527631457998,ASIA,7,0.5766184994693148,day_anchor_std,server_midnight,0,0,0,1,0,0,TREND_STRONG,TREND_STRONG,TREND
5282.6,5285.15,5282.0,5283.45,0,0,0,2,0.9465527631457998,ASIA,7,0.5766184994693148,day_anchor_std,server_midnight,0,0,0,1,0,0,TREND_STRONG,TREND_STRONG,TREND
5283.65,5285.15,5281.95,5283.15,0,0,0,2,0.9465527631457998,ASIA,7,0.5766184994693148,day_anchor_std,server_midnight,0,0,0,1,0,0,TREND_STRONG,TREND_STRONG,TREND
5283.45,5286.15,5281.3,5285.65,0,0,0,2,0.9465527631457998,ASIA,7,0.5766184994693148,day_anchor_std,server_midnight,0,0,0,1,0,0,TREND_STRONG,TREND_STRONG,TREND
5306.5,5308.55,5306.35,5307.55,0,0,0,2,0.8686232953355091,LONDON,3,0.02883031301482732,day_anchor_std,server_midnight,0,0,0,0,1,0,TREND_STRONG,TREND_STRONG,TREND
5307.45,5308.75,5304.2,5304.2,0,0,0,2,0.8686232953355091,LONDON,3,0.02883031301482732,day_anchor_std,server_midnight,0,0,0,0,1,0,TREND_STRONG,TREND_STRONG,TREND
5304.35,5306.55,5304.1,5306.1,0,0,0,2,0.8686232953355091,LONDON,3,0.02883031301482732,day_anchor_std,server_midnight,0,0,0,0,1,0,TREND_STRONG,TREND_STRONG,TREND
5306.0,5310.95,5305.65,5306.1,0,0,0,2,0.8686232953355091,LONDON,3,0.02883031301482732,day_anchor_std,server_midnight,0,0,0,0,1,0,TREND_STRONG,TREND_STRONG,TREND
5279.95,5283.15,5278.95,5281.6,0,0,0,2,0.6879210544371986,ASIA,3,0.610357037474242,day_anchor_std,server_midnight,0,0,0,1,0,0,TREND_STRONG,TREND_STRONG,TREND
5281.95,5282.95,5278.9,5279.65,0,0,0,2,0.6879210544371986,ASIA,3,0.610357037474242,day_anchor_std,server_midnight,0,0,0,1,0,0,TREND_STRONG,TREND_STRONG,TREND
5279.75,5281.15,5275.65,5277.15,0,0,0,2,0.6879210544371986,ASIA,3,0.610357037474242,day_anchor_std,server_midnight,0,0,0,1,0,0,TREND_STRONG,TREND_STRONG,TREND
5277.45,5283.45,5277.15,5280.15,0,0,0,2,0.6879210544371986,ASIA,3,0.610357037474242,day_anchor_std,server_midnight,0,0,0,1,0,0,TREND_STRONG,TREND_STRONG,TREND
5280.3,5284.45,5278.15,5278.95,0,0,0,2,0.8111128960416872,LONDON,4,0.8944774851317463,day_anchor_std,server_midnight,0,0,0,0,1,0,TREND_STRONG,TREND_STRONG,TREND
5278.65,5278.95,5272.2,5272.85,0,0,0,2,0.8111128960416872,LONDON,4,0.8944774851317463,day_anchor_std,server_midnight,0,0,0,0,1,0,TREND_STRONG,TREND_STRONG,TREND
5273.15,5273.5,5269.0,5269.45,0,0,0,2,0.8111128960416872,LONDON,4,0.8944774851317463,day_anchor_std,server_midnight,0,0,0,0,1,0,TREND_STRONG,TREND_STRONG,TREND
5269.8,5277.15,5267.1,5274.75,0,0,0,2,0.8111128960416872,LONDON,4,0.8944774851317463,day_anchor_std,server_midnight,0,0,0,0,1,0,TREND_STRONG,TREND_STRONG,TREND
5274.7,5282.75,5271.85,5280.45,0,0,0,2,0.7857327394238919,LONDON,5,0.49175627240149744,day_anchor_std,server_midnight,0,0,0,0,1,0,UNCLASSIFIED,TREND_UNCLASSIFIED,TREND
5280.55,5286.15,5280.15,5283.55,0,0,0,2,0.7857327394238919,LONDON,5,0.49175627240149744,day_anchor_std,server_midnight,0,0,0,0,1,0,UNCLASSIFIED,TREND_UNCLASSIFIED,TREND
5283.55,5283.75,5273.75,5278.05,0,0,0,2,0.7857327394238919,LONDON,5,0.49175627240149744,day_anchor_std,server_midnight,0,0,0,0,1,0,UNCLASSIFIED,TREND_UNCLASSIFIED,TREND
5277.95,5280.55,5274.75,5279.0,0,0,0,2,0.7857327394238919,LONDON,5,0.49175627240149744,day_anchor_std,server_midnight,0,0,0,0,1,0,UNCLASSIFIED,TREND_UNCLASSIFIED,TREND
5246.75,5247.15,5244.65,5244.65,0,0,0,2,0.9879308015918786,ASIA,6,0.03074772886094711,day_anchor_std,server_midnight,0,0,0,1,0,0,UNCLASSIFIED,TREND_UNCLASSIFIED,TREND
5244.95,5246.65,5242.45,5244.45,0,0,0,2,0.9879308015918786,ASIA,6,0.03074772886094711,day_anchor_std,server_midnight,0,0,0,1,0,0,UNCLASSIFIED,TREND_UNCLASSIFIED,TREND
5244.3,5244.35,5240.45,5240.8,0,0,0,2,0.9879308015918786,ASIA,6,0.03074772886094711,day_anchor_std,server_midnight,0,0,0,1,0,0,UNCLASSIFIED,TREND_UNCLASSIFIED,TREND
5240.8,5243.45,5239.25,5242.65,0,0,0,2,0.9879308015918786,ASIA,6,0.03074772886094711,day_anchor_std,server_midnight,0,0,0,1,0,0,UNCLASSIFIED,TREND_UNCLASSIFIED,TREND
5242.9,5245.15,5241.7,5243.55,0,0,0,2,0.9006872826693932,ASIA,7,0.30055788005583645,day_anchor_std,server_midnight,0,0,0,1,0,0,UNCLASSIFIED,TREND_UNCLASSIFIED,TREND
5243.45,5243.6,5239.6,5239.6,0,0,0,2,0.9006872826693932,ASIA,7,0.30055788005583645,day_anchor_std,server_midnight,0,0,0,1,0,0,UNCLASSIFIED,TREND_UNCLASSIFIED,TREND
5239.6,5246.15,5239.6,5245.95,0,0,0,2,0.9006872826693932,ASIA,7,0.30055788005583645,day_anchor_std,server_midnight,0,0,0,1,0,0,UNCLASSIFIED,TREND_UNCLASSIFIED,TREND
5245.45,5248.9,5245.45,5247.75,0,0,0,2,0.9006872826693932,ASIA,7,0.30055788005583645,day_anchor_std,server_midnight,0,0,0,1,0,0,UNCLASSIFIED,TREND_UNCLASSIFIED,TREND
5247.6,5249.65,5245.85,5247.3,0,0,0,2,0.832266106096034,ASIA,8,0.3997702081643721,day_anchor_std,server_midnight,0,0,0,1,0,0,TREND_FRAGILE,TREND_FRAGILE,TREND
5247.65,5252.65,5247.3,5251.95,0,0,0,2,0.832266106096034,ASIA,8,0.3997702081643721,day_anchor_std,server_midnight,0,0,0,1,0,0,TREND_FRAGILE,TREND_FRAGILE,TREND
5252.25,5253.15,5249.35,5249.95,0,0,0,2,0.832266106096034,ASIA,8,0.3997702081643721,day_anchor_std,server_midnight,0,0,0,1,0,0,TREND_FRAGILE,TREND_FRAGILE,TREND
5249.85,5251.05,5248.2,5249.95,0,0,0,2,0.832266106096034,ASIA,8,0.3997702081643721,day_anchor_std,server_midnight,0,0,0,1,0,0,TREND_FRAGILE,TREND_FRAGILE,TREND
5249.95,5250.15,5247.1,5248.55,0,0,0,2,0.6360885000240485,ASIA,9,0.47289468239189875,day_anchor_std,server_midnight,0,0,0,1,0,0,TREND_FRAGILE,TREND_FRAGILE,TREND
5248.7,5254.05,5247.95,5252.95,0,0,0,2,0.6360885000240485,ASIA,9,0.47289468239189875,day_anchor_std,server_midnight,0,0,0,1,0,0,TREND_FRAGILE,TREND_FRAGILE,TREND
5252.85,5253.65,5250.75,5253.25,0,0,0,2,0.6360885000240485,ASIA,9,0.47289468239189875,day_anchor_std,server_midnight,0,0,0,1,0,0,TREND_FRAGILE,TREND_FRAGILE,TREND
5253.6,5254.65,5250.95,5251.5,0,0,0,2,0.6360885000240485,ASIA,9,0.47289468239189875,day_anchor_std,server_midnight,0,0,0,1,0,0,TREND_FRAGILE,TREND_FRAGILE,TREND
5218.65,5223.45,5215.95,5218.25,0,0,0,1,0.6074388613512407,NY,1,2.4413241611517287,day_anchor_std,server_midnight,0,0,1,0,0,0,UNCLASSIFIED,TRANSITION_UNCLASSIFIED,TRANSITION
5218.75,5227.85,5216.35,5224.75,0,0,0,1,0.6074388613512407,NY,1,2.4413241611517287,day_anchor_std,server_midnight,0,0,1,0,0,0,UNCLASSIFIED,TRANSITION_UNCLASSIFIED,TRANSITION
5224.85,5238.25,5220.6,5233.1,0,0,0,1,0.6074388613512407,NY,1,2.4413241611517287,day_anchor_std,server_midnight,0,0,1,0,0,0,UNCLASSIFIED,TRANSITION_UNCLASSIFIED,TRANSITION
5232.95,5287.3,5230.65,5283.65,0,0,0,1,0.6074388613512407,NY,1,2.4413241611517287,day_anchor_std,server_midnight,0,0,1,0,0,0,UNCLASSIFIED,TRANSITION_UNCLASSIFIED,TRANSITION
5292.3,5300.95,5291.75,5300.85,0,0,0,2,0.9890212670873113,NY_PM,3,0.23730292266469488,day_anchor_std,server_midnight,0,0,0,0,1,0,TREND_FRAGILE,TREND_FRAGILE,TREND
5300.6,5300.75,5297.0,5297.25,0,0,0,2,0.9890212670873113,NY_PM,3,0.23730292266469488,day_anchor_std,server_midnight,0,0,0,0,1,0,TREND_FRAGILE,TREND_FRAGILE,TREND
5297.7,5299.45,5293.65,5294.75,0,0,0,2,0.9890212670873113,NY_PM,3,0.23730292266469488,day_anchor_std,server_midnight,0,0,0,0,1,0,TREND_FRAGILE,TREND_FRAGILE,TREND
5294.4,5296.45,5292.6,5294.95,0,0,0,2,0.9890212670873113,NY_PM,3,0.23730292266469488,day_anchor_std,server_midnight,0,0,0,0,1,0,TREND_FRAGILE,TREND_FRAGILE,TREND
5311.4,5312.95,5306.75,5308.9,0,0,0,2,0.8540877903890474,LONDON,3,0.4817460317460121,day_anchor_std,server_midnight,0,0,0,0,1,0,UNCLASSIFIED,TREND_UNCLASSIFIED,TREND
5308.75,5315.55,5306.05,5315.55,0,0,0,2,0.8540877903890474,LONDON,3,0.4817460317460121,day_anchor_std,server_midnight,0,0,0,0,1,0,UNCLASSIFIED,TREND_UNCLASSIFIED,TREND
5315.4,5319.25,5315.0,5318.25,0,0,0,2,0.8540877903890474,LONDON,3,0.4817460317460121,day_anchor_std,server_midnight,0,0,0,0,1,0,UNCLASSIFIED,TREND_UNCLASSIFIED,TREND
5318.0,5318.75,5305.5,5310.6,0,0,0,2,0.8540877903890474,LONDON,3,0.4817460317460121,day_anchor_std,server_midnight,0,0,0,0,1,0,UNCLASSIFIED,TREND_UNCLASSIFIED,TREND
5357.2,5357.8,5352.45,5357.25,0,0,0,2,0.9981980620146836,NY,7,3.2940555447826343,day_anchor_std,server_midnight,0,0,0,0,0,1,UNCLASSIFIED,TREND_UNCLASSIFIED,TREND
5357.05,5358.85,5356.35,5356.65,0,0,0,2,0.9981980620146836,NY,7,3.2940555447826343,day_anchor_std,server_midnight,0,0,0,0,0,1,UNCLASSIFIED,TREND_UNCLASSIFIED,TREND
5357.7,5359.05,5355.85,5356.55,0,0,0,2,0.9990822205820419,NY_PM,8,3.870169748080855,day_anchor_std,server_midnight,0,0,0,0,0,1,UNCLASSIFIED,TREND_UNCLASSIFIED,TREND
5356.55,5362.05,5356.55,5361.55,0,0,0,2,0.9990822205820419,NY_PM,8,3.870169748080855,day_anchor_std,server_midnight,0,0,0,0,0,1,UNCLASSIFIED,TREND_UNCLASSIFIED,TREND
5361.6,5363.9,5361.05,5361.75,0,0,0,2,0.9990822205820419,NY_PM,8,3.870169748080855,day_anchor_std,server_midnight,0,0,0,0,0,1,UNCLASSIFIED,TREND_UNCLASSIFIED,TREND
5361.75,5362.0,5360.75,5361.25,0,0,0,2,0.9990822205820419,NY_PM,8,3.870169748080855,day_anchor_std,server_midnight,0,0,0,0,0,1,UNCLASSIFIED,TREND_UNCLASSIFIED,TREND
5361.2,5361.2,5357.4,5358.9,0,0,0,2,0.9992276457216736,NY_PM,9,3.7596985276933967,day_anchor_std,server_midnight,0,0,0,0,0,1,UNCLASSIFIED,TREND_UNCLASSIFIED,TREND
5359.35,5359.7,5356.05,5359.6,0,0,0,2,0.9992276457216736,NY_PM,9,3.7596985276933967,day_anchor_std,server_midnight,0,0,0,0,0,1,UNCLASSIFIED,TREND_UNCLASSIFIED,TREND
5359.35,5360.4,5357.75,5360.05,0,0,0,2,0.9992276457216736,NY_PM,9,3.7596985276933967,day_anchor_std,server_midnight,0,0,0,0,0,1,UNCLASSIFIED,TREND_UNCLASSIFIED,TREND
5360.35,5363.6,5359.0,5362.45,0,0,0,2,0.9992276457216736,NY_PM,9,3.7596985276933967,day_anchor_std,server_midnight,0,0,0,0,0,1,UNCLASSIFIED,TREND_UNCLASSIFIED,TREND
5362.25,5363.25,5360.95,5362.35,0,0,0,2,0.9988919151935536,NY_PM,10,3.683275482402147,day_anchor_std,server_midnight,0,0,0,0,0,1,UNCLASSIFIED,TREND_UNCLASSIFIED,TREND
5362.05,5362.35,5361.25,5361.5,0,0,0,2,0.9988919151935536,NY_PM,10,3.683275482402147,day_anchor_std,server_midnight,0,0,0,0,0,1,UNCLASSIFIED,TREND_UNCLASSIFIED,TREND
5361.35,5364.35,5361.25,5363.85,0,0,0,2,0.9988919151935536,NY_PM,10,3.683275482402147,day_anchor_std,server_midnight,0,0,0,0,0,1,UNCLASSIFIED,TREND_UNCLASSIFIED,TREND
5363.55,5363.95,5361.25,5361.5,0,0,0,2,0.9988919151935536,NY_PM,10,3.683275482402147,day_anchor_std,server_midnight,0,0,0,0,0,1,UNCLASSIFIED,TREND_UNCLASSIFIED,TREND
5361.4,5361.65,5359.95,5360.75,0,0,0,2,0.9981104543672593,ASIA,11,0.11646992692517592,day_anchor_std,server_midnight,0,0,0,1,0,0,UNCLASSIFIED,TREND_UNCLASSIFIED,TREND
5361.05,5361.05,5359.95,5360.65,0,0,0,2,0.9981104543672593,ASIA,11,0.11646992692517592,day_anchor_std,server_midnight,0,0,0,1,0,0,UNCLASSIFIED,TREND_UNCLASSIFIED,TREND
5360.5,5360.8,5357.65,5358.05,0,0,0,2,0.9981104543672593,ASIA,11,0.11646992692517592,day_anchor_std,server_midnight,0,0,0,1,0,0,UNCLASSIFIED,TREND_UNCLASSIFIED,TREND
5357.75,5358.8,5356.75,5357.35,0,0,0,2,0.9981104543672593,ASIA,11,0.11646992692517592,day_anchor_std,server_midnight,0,0,0,1,0,0,UNCLASSIFIED,TREND_UNCLASSIFIED,TREND
5357.15,5358.35,5355.25,5356.65,0,0,0,2,0.9955763909897872,ASIA,12,0.05135045014998184,day_anchor_std,server_midnight,0,0,0,1,0,0,UNCLASSIFIED,TREND_UNCLASSIFIED,TREND
5357.05,5358.55,5354.65,5358.3,0,0,0,2,0.9955763909897872,ASIA,12,0.05135045014998184,day_anchor_std,server_midnight,0,0,0,1,0,0,UNCLASSIFIED,TREND_UNCLASSIFIED,TREND
5358.4,5360.05,5356.35,5357.5,0,0,0,2,0.9955763909897872,ASIA,12,0.05135045014998184,day_anchor_std,server_midnight,0,0,0,1,0,0,UNCLASSIFIED,TREND_UNCLASSIFIED,TREND
5357.85,5358.05,5355.3,5357.75,0,0,0,2,0.9955763909897872,ASIA,12,0.05135045014998184,day_anchor_std,server_midnight,0,0,0,1,0,0,UNCLASSIFIED,TREND_UNCLASSIFIED,TREND
5357.85,5361.3,5356.65,5360.65,0,0,0,2,0.9983695972431124,ASIA,12,0.18052377320107163,day_anchor_std,server_midnight,0,0,0,1,0,0,UNCLASSIFIED,TREND_UNCLASSIFIED,TREND
5360.35,5361.05,5355.8,5356.25,0,0,0,2,0.9983695972431124,ASIA,12,0.18052377320107163,day_anchor_std,server_midnight,0,0,0,1,0,0,UNCLASSIFIED,TREND_UNCLASSIFIED,TREND
5356.0,5358.5,5355.85,5356.35,0,0,0,2,0.9983695972431124,ASIA,12,0.18052377320107163,day_anchor_std,server_midnight,0,0,0,1,0,0,UNCLASSIFIED,TREND_UNCLASSIFIED,TREND
5356.0,5356.85,5354.3,5356.0,0,0,0,2,0.9983695972431124,ASIA,12,0.18052377320107163,day_anchor_std,server_midnight,0,0,0,1,0,0,UNCLASSIFIED,TREND_UNCLASSIFIED,TREND
5360.35,5370.95,5357.95,5370.75,0,0,0,1,0.42970343954118106,NY,3,1.8246706758304856,day_anchor_std,server_midnight,0,0,1,0,0,0,UNCLASSIFIED,TRANSITION_UNCLASSIFIED,TRANSITION
5370.75,5375.35,5367.65,5370.75,0,0,0,1,0.42970343954118106,NY,3,1.8246706758304856,day_anchor_std,server_midnight,0,0,1,0,0,0,UNCLASSIFIED,TRANSITION_UNCLASSIFIED,TRANSITION
5370.95,5374.25,5366.65,5367.15,0,0,0,1,0.42970343954118106,NY,3,1.8246706758304856,day_anchor_std,server_midnight,0,0,1,0,0,0,UNCLASSIFIED,TRANSITION_UNCLASSIFIED,TRANSITION
5367.25,5378.8,5364.7,5377.75,0,0,0,1,0.42970343954118106,NY,3,1.8246706758304856,day_anchor_std,server_midnight,0,0,1,0,0,0,UNCLASSIFIED,TRANSITION_UNCLASSIFIED,TRANSITION
5498.35,5499.85,5498.05,5499.85,0,0,0,1,0.9855950076344393,NY_PM,1,1.012596352697705,day_anchor_std,server_midnight,0,0,1,0,0,0,UNCLASSIFIED,TRANSITION_UNCLASSIFIED,TRANSITION
5499.85,5502.45,5499.55,5501.95,0,0,0,1,0.9855950076344393,NY_PM,1,1.012596352697705,day_anchor_std,server_midnight,0,0,1,0,0,0,UNCLASSIFIED,TRANSITION_UNCLASSIFIED,TRANSITION
5502.15,5503.15,5501.95,5502.95,0,0,0,1,0.9855950076344393,NY_PM,1,1.012596352697705,day_anchor_std,server_midnight,0,0,1,0,0,0,UNCLASSIFIED,TRANSITION_UNCLASSIFIED,TRANSITION
5502.95,5504.45,5502.65,5503.25,0,0,0,1,0.9855950076344393,NY_PM,1,1.012596352697705,day_anchor_std,server_midnight,0,0,1,0,0,0,UNCLASSIFIED,TRANSITION_UNCLASSIFIED,TRANSITION
5503.15,5503.15,5502.45,5503.15,0,0,0,1,0.9519572894332936,NY_PM,2,1.8624066390039298,day_anchor_std,server_midnight,0,0,1,0,0,0,UNCLASSIFIED,TRANSITION_UNCLASSIFIED,TRANSITION
5503.15,5503.15,5501.15,5502.05,0,0,0,1,0.9519572894332936,NY_PM,2,1.8624066390039298,day_anchor_std,server_midnight,0,0,1,0,0,0,UNCLASSIFIED,TRANSITION_UNCLASSIFIED,TRANSITION
5502.15,5503.15,5501.8,5501.95,0,0,0,1,0.9519572894332936,NY_PM,2,1.8624066390039298,day_anchor_std,server_midnight,0,0,1,0,0,0,UNCLASSIFIED,TRANSITION_UNCLASSIFIED,TRANSITION
5501.95,5507.55,5501.95,5506.75,0,0,0,1,0.9519572894332936,NY_PM,2,1.8624066390039298,day_anchor_std,server_midnight,0,0,1,0,0,0,UNCLASSIFIED,TRANSITION_UNCLASSIFIED,TRANSITION
5506.8,5508.6,5505.95,5507.95,0,0,0,1,0.9954996428978113,ASIA,3,0.4278684278683149,day_anchor_std,server_midnight,0,1,0,0,0,0,UNCLASSIFIED,TRANSITION_UNCLASSIFIED,TRANSITION
5508.15,5511.25,5507.65,5510.25,0,0,0,1,0.9954996428978113,ASIA,3,0.4278684278683149,day_anchor_std,server_midnight,0,1,0,0,0,0,UNCLASSIFIED,TRANSITION_UNCLASSIFIED,TRANSITION
5510.05,5515.05,5509.75,5511.8,0,0,0,1,0.9954996428978113,ASIA,3,0.4278684278683149,day_anchor_std,server_midnight,0,1,0,0,0,0,UNCLASSIFIED,TRANSITION_UNCLASSIFIED,TRANSITION
5511.95,5514.45,5511.65,5513.45,0,0,0,1,0.9954996428978113,ASIA,3,0.4278684278683149,day_anchor_std,server_midnight,0,1,0,0,0,0,UNCLASSIFIED,TRANSITION_UNCLASSIFIED,TRANSITION
5502.15,5502.35,5499.75,5499.95,0,0,0,2,0.5860063045580906,ASIA,4,0.09429280397020576,day_anchor_std,server_midnight,0,0,0,1,0,0,TREND_STRONG,TREND_STRONG,TREND
5499.85,5500.35,5498.55,5499.45,0,0,0,2,0.5860063045580906,ASIA,4,0.09429280397020576,day_anchor_std,server_midnight,0,0,0,1,0,0,TREND_STRONG,TREND_STRONG,TREND
5499.35,5499.8,5498.25,5498.35,0,0,0,2,0.5860063045580906,ASIA,4,0.09429280397020576,day_anchor_std,server_midnight,0,0,0,1,0,0,TREND_STRONG,TREND_STRONG,TREND
5498.55,5499.0,5497.1,5498.3,0,0,0,2,0.5860063045580906,ASIA,4,0.09429280397020576,day_anchor_std,server_midnight,0,0,0,1,0,0,TREND_STRONG,TREND_STRONG,TREND
5498.15,5503.8,5498.15,5503.05,0,0,0,2,0.7611389073111186,ASIA,5,0.050011712344888916,day_anchor_std,server_midnight,0,0,0,1,0,0,TREND_STRONG,TREND_STRONG,TREND
5502.95,5503.85,5500.95,5502.2,0,0,0,2,0.7611389073111186,ASIA,5,0.050011712344888916,day_anchor_std,server_midnight,0,0,0,1,0,0,TREND_STRONG,TREND_STRONG,TREND
5501.95,5504.85,5500.5,5502.45,0,0,0,2,0.7611389073111186,ASIA,5,0.050011712344888916,day_anchor_std,server_midnight,0,0,0,1,0,0,TREND_STRONG,TREND_STRONG,TREND
5502.6,5502.8,5500.05,5500.55,0,0,0,2,0.7611389073111186,ASIA,5,0.050011712344888916,day_anchor_std,server_midnight,0,0,0,1,0,0,TREND_STRONG,TREND_STRONG,TREND
5500.35,5502.55,5498.3,5502.35,0,0,0,2,0.7441571395273068,ASIA,6,0.5354208046111028,day_anchor_std,server_midnight,0,0,0,1,0,0,TREND_STRONG,TREND_STRONG,TREND
5502.55,5504.35,5501.9,5504.15,0,0,0,2,0.7441571395273068,ASIA,6,0.5354208046111028,day_anchor_std,server_midnight,0,0,0,1,0,0,TREND_STRONG,TREND_STRONG,TREND
5504.1,5507.35,5504.1,5506.45,0,0,0,2,0.7441571395273068,ASIA,6,0.5354208046111028,day_anchor_std,server_midnight,0,0,0,1,0,0,TREND_STRONG,TREND_STRONG,TREND
5506.45,5508.35,5505.6,5506.85,0,0,0,2,0.7441571395273068,ASIA,6,0.5354208046111028,day_anchor_std,server_midnight,0,0,0,1,0,0,TREND_STRONG,TREND_STRONG,TREND
5506.55,5507.25,5504.7,5506.05,0,0,0,2,0.9130410126084693,ASIA,7,0.40043596088136985,day_anchor_std,server_midnight,0,0,0,1,0,0,UNCLASSIFIED,TREND_UNCLASSIFIED,TREND
5506.35,5508.05,5505.55,5507.65,0,0,0,2,0.9130410126084693,ASIA,7,0.40043596088136985,day_anchor_std,server_midnight,0,0,0,1,0,0,UNCLASSIFIED,TREND_UNCLASSIFIED,TREND
5507.55,5507.95,5504.55,5505.5,0,0,0,2,0.9130410126084693,ASIA,7,0.40043596088136985,day_anchor_std,server_midnight,0,0,0,1,0,0,UNCLASSIFIED,TREND_UNCLASSIFIED,TREND
5505.55,5506.85,5504.85,5506.05,0,0,0,2,0.9130410126084693,ASIA,7,0.40043596088136985,day_anchor_std,server_midnight,0,0,0,1,0,0,UNCLASSIFIED,TREND_UNCLASSIFIED,TREND
5482.55,5485.25,5477.45,5484.65,0,0,0,1,0.7478956263801326,LONDON,3,1.9753733714649682,day_anchor_std,server_midnight,0,0,1,0,0,0,UNCLASSIFIED,TRANSITION_UNCLASSIFIED,TRANSITION
5484.45,5486.15,5482.15,5486.05,0,0,0,1,0.7478956263801326,LONDON,3,1.9753733714649682,day_anchor_std,server_midnight,0,0,1,0,0,0,UNCLASSIFIED,TRANSITION_UNCLASSIFIED,TRANSITION
5485.95,5495.5,5484.95,5492.75,0,0,0,1,0.7478956263801326,LONDON,3,1.9753733714649682,day_anchor_std,server_midnight,0,0,1,0,0,0,UNCLASSIFIED,TRANSITION_UNCLASSIFIED,TRANSITION
5492.9,5500.95,5490.75,5499.0,0,0,0,1,0.7478956263801326,LONDON,3,1.9753733714649682,day_anchor_std,server_midnight,0,0,1,0,0,0,UNCLASSIFIED,TRANSITION_UNCLASSIFIED,TRANSITION
5519.15,5525.0,5516.0,5517.5,0,0,0,1,0.9912681427730052,LONDON,6,1.156971375807971,day_anchor_std,server_midnight,0,0,1,0,0,0,UNCLASSIFIED,TRANSITION_UNCLASSIFIED,TRANSITION
5517.5,5524.85,5516.75,5523.75,0,0,0,1,0.9912681427730052,LONDON,6,1.156971375807971,day_anchor_std,server_midnight,0,0,1,0,0,0,UNCLASSIFIED,TRANSITION_UNCLASSIFIED,TRANSITION
5523.7,5530.25,5520.25,5525.45,0,0,0,1,0.9912681427730052,LONDON,6,1.156971375807971,day_anchor_std,server_midnight,0,0,1,0,0,0,UNCLASSIFIED,TRANSITION_UNCLASSIFIED,TRANSITION
5525.6,5529.25,5524.15,5529.1,0,0,0,1,0.9912681427730052,LONDON,6,1.156971375807971,day_anchor_std,server_midnight,0,0,1,0,0,0,UNCLASSIFIED,TRANSITION_UNCLASSIFIED,TRANSITION
5563.6,5569.1,5562.25,5566.5,0,0,0,2,0.6889091076380094,NY_PM,5,0.15362690608516497,day_anchor_std,server_midnight,0,0,0,0,1,0,TREND_STRONG,TREND_STRONG,TREND
5566.55,5567.25,5565.45,5565.95,0,0,0,2,0.6889091076380094,NY_PM,5,0.15362690608516497,day_anchor_std,server_midnight,0,0,0,0,1,0,TREND_STRONG,TREND_STRONG,TREND
5565.95,5567.45,5565.45,5566.25,0,0,0,2,0.6889091076380094,NY_PM,5,0.15362690608516497,day_anchor_std,server_midnight,0,0,0,0,1,0,TREND_STRONG,TREND_STRONG,TREND
5566.45,5566.45,5563.45,5563.75,0,0,0,2,0.6889091076380094,NY_PM,5,0.15362690608516497,day_anchor_std,server_midnight,0,0,0,0,1,0,TREND_STRONG,TREND_STRONG,TREND
5563.9,5565.95,5562.45,5565.25,0,0,0,2,0.32954454314892734,NY_PM,6,0.047118216238914386,day_anchor_std,server_midnight,0,0,0,0,1,0,TREND_STRONG,TREND_STRONG,TREND
5564.75,5564.75,5562.45,5563.25,0,0,0,2,0.32954454314892734,NY_PM,6,0.047118216238914386,day_anchor_std,server_midnight,0,0,0,0,1,0,TREND_STRONG,TREND_STRONG,TREND
5563.1,5565.45,5561.95,5565.45,0,0,0,2,0.32954454314892734,NY_PM,6,0.047118216238914386,day_anchor_std,server_midnight,0,0,0,0,1,0,TREND_STRONG,TREND_STRONG,TREND
5565.25,5565.75,5564.35,5564.75,0,0,0,2,0.32954454314892734,NY_PM,6,0.047118216238914386,day_anchor_std,server_midnight,0,0,0,0,1,0,TREND_STRONG,TREND_STRONG,TREND
5564.65,5566.25,5563.95,5565.95,0,0,0,2,0.6992189456405309,NY_PM,7,0.0006610945837369044,day_anchor_std,server_midnight,0,0,0,0,1,0,TREND_STRONG,TREND_STRONG,TREND
5565.75,5565.95,5564.95,5565.45,0,0,0,2,0.6992189456405309,NY_PM,7,0.0006610945837369044,day_anchor_std,server_midnight,0,0,0,0,1,0,TREND_STRONG,TREND_STRONG,TREND
5565.45,5566.25,5564.6,5565.25,0,0,0,2,0.6992189456405309,NY_PM,7,0.0006610945837369044,day_anchor_std,server_midnight,0,0,0,0,1,0,TREND_STRONG,TREND_STRONG,TREND
5565.45,5566.25,5565.15,5565.25,0,0,0,2,0.6992189456405309,NY_PM,7,0.0006610945837369044,day_anchor_std,server_midnight,0,0,0,0,1,0,TREND_STRONG,TREND_STRONG,TREND
5565.2,5565.25,5564.4,5564.75,0,0,0,2,0.7485288984897487,ASIA,8,0.12158054711246336,day_anchor_std,server_midnight,0,0,0,1,0,0,UNCLASSIFIED,TREND_UNCLASSIFIED,TREND
5564.95,5564.95,5563.55,5563.75,0,0,0,2,0.7485288984897487,ASIA,8,0.12158054711246336,day_anchor_std,server_midnight,0,0,0,1,0,0,UNCLASSIFIED,TREND_UNCLASSIFIED,TREND
5563.5,5563.95,5562.25,5563.25,0,0,0,2,0.7485288984897487,ASIA,8,0.12158054711246336,day_anchor_std,server_midnight,0,0,0,1,0,0,UNCLASSIFIED,TREND_UNCLASSIFIED,TREND
5563.2,5564.75,5562.25,5562.25,0,0,0,2,0.7485288984897487,ASIA,8,0.12158054711246336,day_anchor_std,server_midnight,0,0,0,1,0,0,UNCLASSIFIED,TREND_UNCLASSIFIED,TREND
5562.25,5564.75,5561.75,5563.95,0,0,0,2,0.7604266994898632,ASIA,9,0.5124565066108824,day_anchor_std,server_midnight,0,0,0,1,0,0,TREND_STRONG,TREND_STRONG,TREND
5564.15,5565.45,5563.55,5564.95,0,0,0,2,0.7604266994898632,ASIA,9,0.5124565066108824,day_anchor_std,server_midnight,0,0,0,1,0,0,TREND_STRONG,TREND_STRONG,TREND
5564.95,5566.75,5562.95,5566.45,0,0,0,2,0.7604266994898632,ASIA,9,0.5124565066108824,day_anchor_std,server_midnight,0,0,0,1,0,0,TREND_STRONG,TREND_STRONG,TREND
5566.55,5569.45,5565.35,5569.45,0,0,0,2,0.7604266994898632,ASIA,9,0.5124565066108824,day_anchor_std,server_midnight,0,0,0,1,0,0,TREND_STRONG,TREND_STRONG,TREND
5569.45,5570.65,5568.75,5570.25,0,0,0,2,0.9274132975297711,ASIA,10,0.48965164410960105,day_anchor_std,server_midnight,0,0,0,1,0,0,TREND_STRONG,TREND_STRONG,TREND
5570.45,5572.25,5569.9,5569.95,0,0,0,2,0.9274132975297711,ASIA,10,0.48965164410960105,day_anchor_std,server_midnight,0,0,0,1,0,0,TREND_STRONG,TREND_STRONG,TREND
5570.25,5570.95,5568.95,5570.75,0,0,0,2,0.9274132975297711,ASIA,10,0.48965164410960105,day_anchor_std,server_midnight,0,0,0,1,0,0,TREND_STRONG,TREND_STRONG,TREND
5570.75,5571.45,5569.75,5570.25,0,0,0,2,0.9274132975297711,ASIA,10,0.48965164410960105,day_anchor_std,server_midnight,0,0,0,1,0,0,TREND_STRONG,TREND_STRONG,TREND
5570.0,5571.35,5569.95,5570.75,0,0,0,2,0.9345975485313074,ASIA,11,0.858058225379553,day_anchor_std,server_midnight,0,0,0,1,0,1,TREND_STRONG,TREND_STRONG,TREND
5570.75,5570.95,5569.25,5569.75,0,0,0,2,0.9345975485313074,ASIA,11,0.858058225379553,day_anchor_std,server_midnight,0,0,0,1,0,1,TREND_STRONG,TREND_STRONG,TREND
5569.45,5573.75,5569.35,5573.25,0,0,0,2,0.9345975485313074,ASIA,11,0.858058225379553,day_anchor_std,server_midnight,0,0,0,1,0,1,TREND_STRONG,TREND_STRONG,TREND
5573.35,5574.55,5573.25,5574.45,0,0,0,2,0.9345975485313074,ASIA,11,0.858058225379553,day_anchor_std,server_midnight,0,0,0,1,0,1,TREND_STRONG,TREND_STRONG,TREND
5574.25,5576.25,5573.45,5576.25,0,0,0,2,0.9925770058590311,LONDON,12,1.8081753707285066,day_anchor_std,server_midnight,0,0,0,0,0,1,TREND_STRONG,TREND_STRONG,TREND
5575.95,5577.75,5575.85,5577.5,0,0,0,2,0.9925770058590311,LONDON,12,1.8081753707285066,day_anchor_std,server_midnight,0,0,0,0,0,1,TREND_STRONG,TREND_STRONG,TREND
5577.5,5580.75,5577.15,5580.25,0,0,0,2,0.9925770058590311,LONDON,12,1.8081753707285066,day_anchor_std,server_midnight,0,0,0,0,0,1,TREND_STRONG,TREND_STRONG,TREND
5580.25,5588.55,5578.95,5586.15,0,0,0,2,0.9925770058590311,LONDON,12,1.8081753707285066,day_anchor_std,server_midnight,0,0,0,0,0,1,TREND_STRONG,TREND_STRONG,TREND
5589.7,5590.4,5589.65,5590.2,0,0,0,2,0.6482422106201854,ASIA,4,0.03131991051457389,day_anchor_std,server_midnight,0,0,0,1,0,0,UNCLASSIFIED,TREND_UNCLASSIFIED,TREND
5590.35,5591.0,5589.15,5590.7,0,0,0,2,0.6482422106201854,ASIA,4,0.03131991051457389,day_anchor_std,server_midnight,0,0,0,1,0,0,UNCLASSIFIED,TREND_UNCLASSIFIED,TREND
5590.95,5591.7,5589.15,5589.7,0,0,0,2,0.6482422106201854,ASIA,4,0.03131991051457389,day_anchor_std,server_midnight,0,0,0,1,0,0,UNCLASSIFIED,TREND_UNCLASSIFIED,TREND
5589.9,5591.0,5589.0,5590.0,0,0,0,2,0.6482422106201854,ASIA,4,0.03131991051457389,day_anchor_std,server_midnight,0,0,0,1,0,0,UNCLASSIFIED,TREND_UNCLASSIFIED,TREND
5589.7,5589.95,5587.7,5587.7,0,0,0,2,0.6059343730944625,ASIA,5,0.01418108150217234,day_anchor_std,server_midnight,0,0,0,1,0,0,TREND_STRONG,TREND_STRONG,TREND
5587.95,5588.15,5586.35,5587.7,0,0,0,2,0.6059343730944625,ASIA,5,0.01418108150217234,day_anchor_std,server_midnight,0,0,0,1,0,0,TREND_STRONG,TREND_STRONG,TREND
5587.65,5588.75,5585.45,5588.75,0,0,0,2,0.6059343730944625,ASIA,5,0.01418108150217234,day_anchor_std,server_midnight,0,0,0,1,0,0,TREND_STRONG,TREND_STRONG,TREND
5588.45,5590.4,5588.45,5589.7,0,0,0,2,0.6059343730944625,ASIA,5,0.01418108150217234,day_anchor_std,server_midnight,0,0,0,1,0,0,TREND_STRONG,TREND_STRONG,TREND
5589.95,5591.2,5587.95,5588.5,0,0,0,2,0.503891254572007,ASIA,6,0.0765856427723093,day_anchor_std,server_midnight,0,0,0,1,0,0,UNCLASSIFIED,TREND_UNCLASSIFIED,TREND
5588.6,5591.2,5588.45,5590.35,0,0,0,2,0.503891254572007,ASIA,6,0.0765856427723093,day_anchor_std,server_midnight,0,0,0,1,0,0,UNCLASSIFIED,TREND_UNCLASSIFIED,TREND
5590.5,5591.5,5590.0,5591.5,0,0,0,2,0.503891254572007,ASIA,6,0.0765856427723093,day_anchor_std,server_midnight,0,0,0,1,0,0,UNCLASSIFIED,TREND_UNCLASSIFIED,TREND
5591.2,5591.65,5590.0,5590.0,0,0,0,2,0.503891254572007,ASIA,6,0.0765856427723093,day_anchor_std,server_midnight,0,0,0,1,0,0,UNCLASSIFIED,TREND_UNCLASSIFIED,TREND
5633.65,5635.7,5631.75,5634.85,0,0,0,1,0.5003140204515819,ASIA,2,1.8418209876543115,day_anchor_std,server_midnight,0,0,1,0,0,0,UNCLASSIFIED,TRANSITION_UNCLASSIFIED,TRANSITION
5634.65,5636.15,5626.85,5628.65,0,0,0,1,0.5003140204515819,ASIA,2,1.8418209876543115,day_anchor_std,server_midnight,0,0,1,0,0,0,UNCLASSIFIED,TRANSITION_UNCLASSIFIED,TRANSITION
5629.15,5631.85,5615.65,5617.65,0,0,0,1,0.5003140204515819,ASIA,2,1.8418209876543115,day_anchor_std,server_midnight,0,0,1,0,0,0,UNCLASSIFIED,TRANSITION_UNCLASSIFIED,TRANSITION
5617.4,5622.25,5612.75,5620.85,0,0,0,1,0.5003140204515819,ASIA,2,1.8418209876543115,day_anchor_std,server_midnight,0,0,1,0,0,0,UNCLASSIFIED,TRANSITION_UNCLASSIFIED,TRANSITION
5607.15,5610.95,5607.15,5610.15,0,0,0,2,0.9512240704081779,NY_PM,7,1.4454775022957846,day_anchor_std,server_midnight,0,0,0,0,0,1,UNCLASSIFIED,TREND_UNCLASSIFIED,TREND
5610.45,5611.95,5609.65,5609.95,0,0,0,2,0.9512240704081779,NY_PM,7,1.4454775022957846,day_anchor_std,server_midnight,0,0,0,0,0,1,UNCLASSIFIED,TREND_UNCLASSIFIED,TREND
5609.95,5612.9,5608.45,5611.75,0,0,0,2,0.9512240704081779,NY_PM,7,1.4454775022957846,day_anchor_std,server_midnight,0,0,0,0,0,1,UNCLASSIFIED,TREND_UNCLASSIFIED,TREND
5612.0,5612.5,5610.7,5612.4,0,0,0,2,0.9512240704081779,NY_PM,7,1.4454775022957846,day_anchor_std,server_midnight,0,0,0,0,0,1,UNCLASSIFIED,TREND_UNCLASSIFIED,TREND
5612.55,5612.75,5609.45,5609.95,0,0,0,2,0.9697293101312082,NY_PM,8,1.6527777777779034,day_anchor_std,server_midnight,0,0,0,0,0,1,UNCLASSIFIED,TREND_UNCLASSIFIED,TREND
5609.95,5611.95,5609.15,5610.95,0,0,0,2,0.9697293101312082,NY_PM,8,1.6527777777779034,day_anchor_std,server_midnight,0,0,0,0,0,1,UNCLASSIFIED,TREND_UNCLASSIFIED,TREND
5610.95,5611.45,5608.15,5609.15,0,0,0,2,0.9697293101312082,NY_PM,8,1.6527777777779034,day_anchor_std,server_midnight,0,0,0,0,0,1,UNCLASSIFIED,TREND_UNCLASSIFIED,TREND
5609.35,5609.95,5604.95,5608.65,0,0,0,2,0.9697293101312082,NY_PM,8,1.6527777777779034,day_anchor_std,server_midnight,0,0,0,0,0,1,UNCLASSIFIED,TREND_UNCLASSIFIED,TREND
5613.05,5619.95,5608.85,5613.15,0,0,0,1,0.9779246338576923,LONDON,1,2.8941809946385835,day_anchor_std,server_midnight,0,0,1,0,0,0,UNCLASSIFIED,TRANSITION_UNCLASSIFIED,TRANSITION
5613.05,5613.05,5580.95,5593.65,0,0,0,1,0.9779246338576923,LONDON,1,2.8941809946385835,day_anchor_std,server_midnight,0,0,1,0,0,0,UNCLASSIFIED,TRANSITION_UNCLASSIFIED,TRANSITION
5593.75,5596.15,5562.35,5562.75,0,0,0,1,0.9779246338576923,LONDON,1,2.8941809946385835,day_anchor_std,server_midnight,0,0,1,0,0,0,UNCLASSIFIED,TRANSITION_UNCLASSIFIED,TRANSITION
5562.45,5568.45,5551.95,5553.95,0,0,0,1,0.9779246338576923,LONDON,1,2.8941809946385835,day_anchor_std,server_midnight,0,0,1,0,0,0,UNCLASSIFIED,TRANSITION_UNCLASSIFIED,TRANSITION
5538.4,5546.45,5536.25,5539.05,0,0,0,1,0.8829953373848372,NY_PM,4,1.864160049820929,day_anchor_std,server_midnight,0,0,1,0,0,0,UNCLASSIFIED,TRANSITION_UNCLASSIFIED,TRANSITION
5538.9,5545.75,5538.9,5542.75,0,0,0,1,0.8829953373848372,NY_PM,4,1.864160049820929,day_anchor_std,server_midnight,0,0,1,0,0,0,UNCLASSIFIED,TRANSITION_UNCLASSIFIED,TRANSITION
5543.05,5543.05,5539.25,5540.25,0,0,0,1,0.8829953373848372,NY_PM,4,1.864160049820929,day_anchor_std,server_midnight,0,0,1,0,0,0,UNCLASSIFIED,TRANSITION_UNCLASSIFIED,TRANSITION
5540.2,5541.15,5537.75,5537.75,0,0,0,1,0.8829953373848372,NY_PM,4,1.864160049820929,day_anchor_std,server_midnight,0,0,1,0,0,0,UNCLASSIFIED,TRANSITION_UNCLASSIFIED,TRANSITION
5435.55,5447.4,5433.85,5446.25,0,0,0,2,0.9897179167525282,NY,7,2.982999622213906,day_anchor_std,server_midnight,0,0,0,0,0,1,UNCLASSIFIED,TREND_UNCLASSIFIED,TREND
5446.2,5447.45,5444.75,5446.45,0,0,0,2,0.9897179167525282,NY,7,2.982999622213906,day_anchor_std,server_midnight,0,0,0,0,0,1,UNCLASSIFIED,TREND_UNCLASSIFIED,TREND
5446.6,5453.3,5446.55,5448.95,0,0,0,2,0.9969063618191562,NY_PM,8,2.8836283185841243,day_anchor_std,server_midnight,0,0,0,0,0,1,UNCLASSIFIED,TREND_UNCLASSIFIED,TREND
5449.05,5452.45,5448.95,5449.95,0,0,0,2,0.9969063618191562,NY_PM,8,2.8836283185841243,day_anchor_std,server_midnight,0,0,0,0,0,1,UNCLASSIFIED,TREND_UNCLASSIFIED,TREND
5450.15,5451.95,5447.75,5449.95,0,0,0,2,0.9969063618191562,NY_PM,8,2.8836283185841243,day_anchor_std,server_midnight,0,0,0,0,0,1,UNCLASSIFIED,TREND_UNCLASSIFIED,TREND
5449.75,5451.25,5448.35,5448.45,0,0,0,2,0.9969063618191562,NY_PM,8,2.8836283185841243,day_anchor_std,server_midnight,0,0,0,0,0,1,UNCLASSIFIED,TREND_UNCLASSIFIED,TREND
5447.95,5453.95,5446.25,5451.75,0,0,0,2,0.9958184325977765,NY_PM,9,2.9869698228651385,day_anchor_std,server_midnight,0,0,0,0,0,1,TREND_STRONG,TREND_STRONG,TREND
5451.45,5453.75,5448.95,5451.95,0,0,0,2,0.9958184325977765,NY_PM,9,2.9869698228651385,day_anchor_std,server_midnight,0,0,0,0,0,1,TREND_STRONG,TREND_STRONG,TREND
5451.75,5453.45,5449.45,5451.35,0,0,0,2,0.9958184325977765,NY_PM,9,2.9869698228651385,day_anchor_std,server_midnight,0,0,0,0,0,1,TREND_STRONG,TREND_STRONG,TREND
5451.35,5452.25,5444.45,5445.6,0,0,0,2,0.9958184325977765,NY_PM,9,2.9869698228651385,day_anchor_std,server_midnight,0,0,0,0,0,1,TREND_STRONG,TREND_STRONG,TREND
5445.8,5449.45,5445.45,5446.75,0,0,0,2,0.9954537933061405,NY_PM,10,2.8727183633468396,day_anchor_std,server_midnight,0,0,0,0,0,1,TREND_STRONG,TREND_STRONG,TREND
5446.95,5447.65,5437.45,5439.75,0,0,0,2,0.9954537933061405,NY_PM,10,2.8727183633468396,day_anchor_std,server_midnight,0,0,0,0,0,1,TREND_STRONG,TREND_STRONG,TREND
5439.85,5448.35,5439.85,5448.35,0,0,0,2,0.9954537933061405,NY_PM,10,2.8727183633468396,day_anchor_std,server_midnight,0,0,0,0,0,1,TREND_STRONG,TREND_STRONG,TREND
5448.45,5451.25,5447.3,5448.25,0,0,0,2,0.9954537933061405,NY_PM,10,2.8727183633468396,day_anchor_std,server_midnight,0,0,0,0,0,1,TREND_STRONG,TREND_STRONG,TREND
5466.5,5477.55,5464.65,5474.55,0,0,0,2,0.6929165862204366,NY_PM,3,0.26322693484915977,day_anchor_std,server_midnight,0,0,0,0,1,0,TREND_STRONG,TREND_STRONG,TREND
5474.3,5478.35,5473.25,5477.5,0,0,0,2,0.6929165862204366,NY_PM,3,0.26322693484915977,day_anchor_std,server_midnight,0,0,0,0,1,0,TREND_STRONG,TREND_STRONG,TREND
5477.35,5481.55,5476.55,5479.75,0,0,0,2,0.6929165862204366,NY_PM,3,0.26322693484915977,day_anchor_std,server_midnight,0,0,0,0,1,0,TREND_STRONG,TREND_STRONG,TREND
5479.55,5481.55,5478.25,5479.55,0,0,0,2,0.6929165862204366,NY_PM,3,0.26322693484915977,day_anchor_std,server_midnight,0,0,0,0,1,0,TREND_STRONG,TREND_STRONG,TREND
5479.7,5489.25,5478.15,5488.45,0,0,0,2,0.8244056061661834,NY_PM,4,0.5855626326964122,day_anchor_std,server_midnight,0,0,0,0,1,0,TREND_STRONG,TREND_STRONG,TREND
5488.25,5496.75,5487.15,5491.75,0,0,0,2,0.8244056061661834,NY_PM,4,0.5855626326964122,day_anchor_std,server_midnight,0,0,0,0,1,0,TREND_STRONG,TREND_STRONG,TREND
5491.55,5493.05,5488.55,5489.75,0,0,0,2,0.8244056061661834,NY_PM,4,0.5855626326964122,day_anchor_std,server_midnight,0,0,0,0,1,0,TREND_STRONG,TREND_STRONG,TREND
5489.65,5494.05,5487.85,5489.25,0,0,0,2,0.8244056061661834,NY_PM,4,0.5855626326964122,day_anchor_std,server_midnight,0,0,0,0,1,0,TREND_STRONG,TREND_STRONG,TREND
5560.55,5564.1,5518.1,5518.3,0,0,0,1,0.9207653760203016,LONDON,1,2.696879348042136,day_anchor_std,server_midnight,0,0,1,0,0,0,UNCLASSIFIED,TRANSITION_UNCLASSIFIED,TRANSITION
5518.9,5522.9,5492.85,5494.95,0,0,0,1,0.9207653760203016,LONDON,1,2.696879348042136,day_anchor_std,server_midnight,0,0,1,0,0,0,UNCLASSIFIED,TRANSITION_UNCLASSIFIED,TRANSITION
5494.95,5497.05,5479.75,5481.65,0,0,0,1,0.9207653760203016,LONDON,1,2.696879348042136,day_anchor_std,server_midnight,0,0,1,0,0,0,UNCLASSIFIED,TRANSITION_UNCLASSIFIED,TRANSITION
5481.15,5486.05,5461.65,5467.05,0,0,0,1,0.9207653760203016,LONDON,1,2.696879348042136,day_anchor_std,server_midnight,0,0,1,0,0,0,UNCLASSIFIED,TRANSITION_UNCLASSIFIED,TRANSITION
5294.25,5307.55,5293.05,5301.15,0,0,0,1,0.5188542730575467,LONDON,4,2.625189107412988,day_anchor_std,server_midnight,0,0,1,0,0,0,UNCLASSIFIED,TRANSITION_UNCLASSIFIED,TRANSITION
5301.45,5301.55,5283.65,5295.65,0,0,0,1,0.5188542730575467,LONDON,4,2.625189107412988,day_anchor_std,server_midnight,0,0,1,0,0,0,UNCLASSIFIED,TRANSITION_UNCLASSIFIED,TRANSITION
5295.65,5317.2,5284.25,5316.95,0,0,0,1,0.5188542730575467,LONDON,4,2.625189107412988,day_anchor_std,server_midnight,0,0,1,0,0,0,UNCLASSIFIED,TRANSITION_UNCLASSIFIED,TRANSITION
5317.15,5322.35,5314.35,5319.75,0,0,0,1,0.5188542730575467,LONDON,4,2.625189107412988,day_anchor_std,server_midnight,0,0,1,0,0,0,UNCLASSIFIED,TRANSITION_UNCLASSIFIED,TRANSITION
5330.65,5334.05,5327.75,5327.75,0,0,0,2,0.9765141014599875,ASIA,6,0.05564526145821633,day_anchor_std,server_midnight,0,0,0,1,0,0,TREND_STRONG,TREND_STRONG,TREND
5327.65,5328.7,5304.05,5308.75,0,0,0,2,0.9765141014599875,ASIA,6,0.05564526145821633,day_anchor_std,server_midnight,0,0,0,1,0,0,TREND_STRONG,TREND_STRONG,TREND
5308.75,5317.8,5304.35,5317.25,0,0,0,2,0.9765141014599875,ASIA,6,0.05564526145821633,day_anchor_std,server_midnight,0,0,0,1,0,0,TREND_STRONG,TREND_STRONG,TREND
5317.15,5324.75,5316.15,5321.45,0,0,0,2,0.9765141014599875,ASIA,6,0.05564526145821633,day_anchor_std,server_midnight,0,0,0,1,0,0,TREND_STRONG,TREND_STRONG,TREND
5321.75,5322.75,5315.75,5319.65,0,0,0,2,0.9975071762567638,ASIA,7,0.24458359423921072,day_anchor_std,server_midnight,0,0,0,1,0,0,TREND_STRONG,TREND_STRONG,TREND
5319.75,5328.75,5318.55,5325.55,0,0,0,2,0.9975071762567638,ASIA,7,0.24458359423921072,day_anchor_std,server_midnight,0,0,0,1,0,0,TREND_STRONG,TREND_STRONG,TREND
5325.7,5329.65,5317.8,5324.65,0,0,0,2,0.9975071762567638,ASIA,7,0.24458359423921072,day_anchor_std,server_midnight,0,0,0,1,0,0,TREND_STRONG,TREND_STRONG,TREND
5324.75,5329.25,5319.65,5327.9,0,0,0,2,0.9975071762567638,ASIA,7,0.24458359423921072,day_anchor_std,server_midnight,0,0,0,1,0,0,TREND_STRONG,TREND_STRONG,TREND
5328.05,5336.05,5327.9,5334.05,0,0,0,2,0.9994186924493155,ASIA,8,0.5801040093943799,day_anchor_std,server_midnight,0,0,0,1,0,0,TREND_STRONG,TREND_STRONG,TREND
5334.25,5347.4,5332.55,5344.55,0,0,0,2,0.9994186924493155,ASIA,8,0.5801040093943799,day_anchor_std,server_midnight,0,0,0,1,0,0,TREND_STRONG,TREND_STRONG,TREND
5344.55,5346.25,5340.6,5344.45,0,0,0,2,0.9994186924493155,ASIA,8,0.5801040093943799,day_anchor_std,server_midnight,0,0,0,1,0,0,TREND_STRONG,TREND_STRONG,TREND
5344.25,5344.75,5335.35,5340.65,0,0,0,2,0.9994186924493155,ASIA,8,0.5801040093943799,day_anchor_std,server_midnight,0,0,0,1,0,0,TREND_STRONG,TREND_STRONG,TREND
5340.75,5340.75,5327.7,5334.75,0,0,0,2,0.9959916690982002,ASIA,9,0.023680241327284732,day_anchor_std,server_midnight,0,0,0,1,0,0,UNCLASSIFIED,TREND_UNCLASSIFIED,TREND
5334.75,5335.05,5328.25,5331.15,0,0,0,2,0.9959916690982002,ASIA,9,0.023680241327284732,day_anchor_std,server_midnight,0,0,0,1,0,0,UNCLASSIFIED,TREND_UNCLASSIFIED,TREND
5331.25,5339.75,5322.85,5325.65,0,0,0,2,0.9959916690982002,ASIA,9,0.023680241327284732,day_anchor_std,server_midnight,0,0,0,1,0,0,UNCLASSIFIED,TREND_UNCLASSIFIED,TREND
5326.05,5327.05,5316.75,5323.75,0,0,0,2,0.9959916690982002,ASIA,9,0.023680241327284732,day_anchor_std,server_midnight,0,0,0,1,0,0,UNCLASSIFIED,TREND_UNCLASSIFIED,TREND
5342.5,5352.45,5327.55,5334.75,0,0,0,0,0.9786210483302351,NY_PM,3,0.21698652935973609,day_anchor_std,server_midnight,1,0,0,0,0,0,BALANCE_LEAKING,BALANCE_LEAKING,BALANCE
5334.75,5345.25,5333.6,5342.35,0,0,0,0,0.9786210483302351,NY_PM,3,0.21698652935973609,day_anchor_std,server_midnight,1,0,0,0,0,0,BALANCE_LEAKING,BALANCE_LEAKING,BALANCE
5342.35,5346.45,5341.85,5343.45,0,0,0,0,0.9786210483302351,NY_PM,3,0.21698652935973609,day_anchor_std,server_midnight,1,0,0,0,0,0,BALANCE_LEAKING,BALANCE_LEAKING,BALANCE
5343.25,5349.85,5339.15,5347.45,0,0,0,0,0.9786210483302351,NY_PM,3,0.21698652935973609,day_anchor_std,server_midnight,1,0,0,0,0,0,BALANCE_LEAKING,BALANCE_LEAKING,BALANCE
5347.3,5347.75,5340.45,5341.75,0,0,0,0,0.938825847336622,NY_PM,4,0.0536821094652612,day_anchor_std,server_midnight,1,0,0,0,0,0,UNCLASSIFIED,BALANCE_UNCLASSIFIED,BALANCE
5341.85,5345.35,5340.25,5341.85,0,0,0,0,0.938825847336622,NY_PM,4,0.0536821094652612,day_anchor_std,server_midnight,1,0,0,0,0,0,UNCLASSIFIED,BALANCE_UNCLASSIFIED,BALANCE
5341.4,5345.95,5337.45,5344.75,0,0,0,0,0.938825847336622,NY_PM,4,0.0536821094652612,day_anchor_std,server_midnight,1,0,0,0,0,0,UNCLASSIFIED,BALANCE_UNCLASSIFIED,BALANCE
5344.95,5347.25,5340.45,5342.95,0,0,0,0,0.938825847336622,NY_PM,4,0.0536821094652612,day_anchor_std,server_midnight,1,0,0,0,0,0,UNCLASSIFIED,BALANCE_UNCLASSIFIED,BALANCE
5339.9,5347.55,5337.95,5342.15,0,0,0,0,0.988913922087354,NY,2,0.06946694750486099,day_anchor_std,server_midnight,1,0,0,0,0,0,UNCLASSIFIED,BALANCE_UNCLASSIFIED,BALANCE
5341.95,5348.25,5340.0,5347.75,0,0,0,0,0.988913922087354,NY,2,0.06946694750486099,day_anchor_std,server_midnight,1,0,0,0,0,0,UNCLASSIFIED,BALANCE_UNCLASSIFIED,BALANCE
5348.05,5348.15,5339.8,5342.35,0,0,0,0,0.988913922087354,NY,2,0.06946694750486099,day_anchor_std,server_midnight,1,0,0,0,0,0,UNCLASSIFIED,BALANCE_UNCLASSIFIED,BALANCE
5342.35,5348.6,5333.2,5348.6,0,0,0,0,0.988913922087354,NY,2,0.06946694750486099,day_anchor_std,server_midnight,1,0,0,0,0,0,UNCLASSIFIED,BALANCE_UNCLASSIFIED,BALANCE
5436.9,5438.15,5436.25,5437.95,0,0,0,2,0.9988147841195242,ASIA,3,0.07533825338255302,day_anchor_std,server_midnight,0,0,0,1,0,0,UNCLASSIFIED,TREND_UNCLASSIFIED,TREND
5437.65,5438.65,5436.65,5437.15,0,0,0,2,0.9988147841195242,ASIA,3,0.07533825338255302,day_anchor_std,server_midnight,0,0,0,1,0,0,UNCLASSIFIED,TREND_UNCLASSIFIED,TREND
5436.95,5438.15,5436.15,5436.65,0,0,0,2,0.9988147841195242,ASIA,3,0.07533825338255302,day_anchor_std,server_midnight,0,0,0,1,0,0,UNCLASSIFIED,TREND_UNCLASSIFIED,TREND
5436.45,5440.25,5435.95,5439.85,0,0,0,2,0.9988147841195242,ASIA,3,0.07533825338255302,day_anchor_std,server_midnight,0,0,0,1,0,0,UNCLASSIFIED,TREND_UNCLASSIFIED,TREND
5439.5,5441.15,5437.65,5440.35,0,0,0,2,0.9993495596847777,ASIA,4,0.1450216450216599,day_anchor_std,server_midnight,0,0,0,1,0,0,UNCLASSIFIED,TREND_UNCLASSIFIED,TREND
5440.45,5442.45,5438.45,5438.45,0,0,0,2,0.9993495596847777,ASIA,4,0.1450216450216599,day_anchor_std,server_midnight,0,0,0,1,0,0,UNCLASSIFIED,TREND_UNCLASSIFIED,TREND
5438.65,5440.95,5435.65,5438.1,0,0,0,2,0.9993495596847777,ASIA,4,0.1450216450216599,day_anchor_std,server_midnight,0,0,0,1,0,0,UNCLASSIFIED,TREND_UNCLASSIFIED,TREND
5438.25,5438.95,5435.75,5436.15,0,0,0,2,0.9993495596847777,ASIA,4,0.1450216450216599,day_anchor_std,server_midnight,0,0,0,1,0,0,UNCLASSIFIED,TREND_UNCLASSIFIED,TREND
5436.15,5438.65,5432.45,5435.95,0,0,0,2,0.9989375468919885,ASIA,5,0.011573535870161005,day_anchor_std,server_midnight,0,0,0,1,0,0,UNCLASSIFIED,TREND_UNCLASSIFIED,TREND
5436.15,5438.95,5435.95,5438.15,0,0,0,2,0.9989375468919885,ASIA,5,0.011573535870161005,day_anchor_std,server_midnight,0,0,0,1,0,0,UNCLASSIFIED,TREND_UNCLASSIFIED,TREND
5438.45,5439.65,5436.95,5438.15,0,0,0,2,0.9989375468919885,ASIA,5,0.011573535870161005,day_anchor_std,server_midnight,0,0,0,1,0,0,UNCLASSIFIED,TREND_UNCLASSIFIED,TREND
5438.45,5439.65,5437.65,5437.95,0,0,0,2,0.9989375468919885,ASIA,5,0.011573535870161005,day_anchor_std,server_midnight,0,0,0,1,0,0,UNCLASSIFIED,TREND_UNCLASSIFIED,TREND
5437.95,5440.65,5436.95,5439.35,0,0,0,2,0.9981429753614385,ASIA,6,0.05500633713565292,day_anchor_std,server_midnight,0,0,0,1,0,0,UNCLASSIFIED,TREND_UNCLASSIFIED,TREND
5439.5,5441.35,5437.85,5438.9,0,0,0,2,0.9981429753614385,ASIA,6,0.05500633713565292,day_anchor_std,server_midnight,0,0,0,1,0,0,UNCLASSIFIED,TREND_UNCLASSIFIED,TREND
5438.95,5440.35,5435.95,5437.45,0,0,0,2,0.9981429753614385,ASIA,6,0.05500633713565292,day_anchor_std,server_midnight,0,0,0,1,0,0,UNCLASSIFIED,TREND_UNCLASSIFIED,TREND
5437.5,5440.45,5436.8,5438.85,0,0,0,2,0.9981429753614385,ASIA,6,0.05500633713565292,day_anchor_std,server_midnight,0,0,0,1,0,0,UNCLASSIFIED,TREND_UNCLASSIFIED,TREND
5438.75,5443.2,5436.25,5442.15,0,0,0,2,0.9982990385656468,LONDON,7,0.4032921810698902,day_anchor_std,server_midnight,0,0,0,0,1,0,TREND_STRONG,TREND_STRONG,TREND
5441.45,5452.05,5427.95,5445.55,0,0,0,2,0.9982990385656468,LONDON,7,0.4032921810698902,day_anchor_std,server_midnight,0,0,0,0,1,0,TREND_STRONG,TREND_STRONG,TREND
5445.7,5447.75,5441.95,5445.15,0,0,0,2,0.9982990385656468,LONDON,7,0.4032921810698902,day_anchor_std,server_midnight,0,0,0,0,1,0,TREND_STRONG,TREND_STRONG,TREND
5445.35,5449.05,5429.75,5431.85,0,0,0,2,0.9982990385656468,LONDON,7,0.4032921810698902,day_anchor_std,server_midnight,0,0,0,0,1,0,TREND_STRONG,TREND_STRONG,TREND
5431.95,5436.85,5425.35,5435.6,0,0,0,2,0.9993959049502085,LONDON,8,1.4455734311788284,day_anchor_std,server_midnight,0,0,0,0,0,1,TREND_STRONG,TREND_STRONG,TREND
5435.55,5441.05,5418.05,5440.25,0,0,0,2,0.9993959049502085,LONDON,8,1.4455734311788284,day_anchor_std,server_midnight,0,0,0,0,0,1,TREND_STRONG,TREND_STRONG,TREND
5440.15,5448.35,5439.35,5448.35,0,0,0,2,0.9993959049502085,LONDON,8,1.4455734311788284,day_anchor_std,server_midnight,0,0,0,0,0,1,TREND_STRONG,TREND_STRONG,TREND
5448.35,5464.75,5448.35,5464.15,0,0,0,2,0.9993959049502085,LONDON,8,1.4455734311788284,day_anchor_std,server_midnight,0,0,0,0,0,1,TREND_STRONG,TREND_STRONG,TREND
5566.25,5566.45,5564.65,5565.65,0,0,0,0,0.6373049504461586,ASIA,2,0.260974143114883,day_anchor_std,server_midnight,1,0,0,0,0,0,BALANCE_LEAKING,BALANCE_LEAKING,BALANCE
5565.55,5565.55,5556.15,5559.55,0,0,0,0,0.6373049504461586,ASIA,2,0.260974143114883,day_anchor_std,server_midnight,1,0,0,0,0,0,BALANCE_LEAKING,BALANCE_LEAKING,BALANCE
5559.65,5562.2,5555.45,5556.9,0,0,0,0,0.6373049504461586,ASIA,2,0.260974143114883,day_anchor_std,server_midnight,1,0,0,0,0,0,BALANCE_LEAKING,BALANCE_LEAKING,BALANCE
5556.95,5559.15,5554.15,5555.65,0,0,0,0,0.6373049504461586,ASIA,2,0.260974143114883,day_anchor_std,server_midnight,1,0,0,0,0,0,BALANCE_LEAKING,BALANCE_LEAKING,BALANCE
5555.65,5557.7,5551.15,5552.05,0,0,0,0,0.702010915780669,ASIA,3,0.22817869415812936,day_anchor_std,server_midnight,1,0,0,0,0,0,UNCLASSIFIED,BALANCE_UNCLASSIFIED,BALANCE
5551.95,5554.1,5551.15,5551.65,0,0,0,0,0.702010915780669,ASIA,3,0.22817869415812936,day_anchor_std,server_midnight,1,0,0,0,0,0,UNCLASSIFIED,BALANCE_UNCLASSIFIED,BALANCE
5552.15,5557.7,5551.6,5557.65,0,0,0,0,0.702010915780669,ASIA,3,0.22817869415812936,day_anchor_std,server_midnight,1,0,0,0,0,0,UNCLASSIFIED,BALANCE_UNCLASSIFIED,BALANCE
5557.75,5559.1,5554.15,5555.45,0,0,0,0,0.702010915780669,ASIA,3,0.22817869415812936,day_anchor_std,server_midnight,1,0,0,0,0,0,UNCLASSIFIED,BALANCE_UNCLASSIFIED,BALANCE
5555.25,5557.15,5545.85,5554.65,0,0,0,0,0.39903572331851295,ASIA,4,0.10427301036954197,day_anchor_std,server_midnight,1,0,0,0,0,0,BALANCE_LEAKING,BALANCE_LEAKING,BALANCE
5554.55,5557.95,5552.45,5557.5,0,0,0,0,0.39903572331851295,ASIA,4,0.10427301036954197,day_anchor_std,server_midnight,1,0,0,0,0,0,BALANCE_LEAKING,BALANCE_LEAKING,BALANCE
5557.5,5557.95,5552.45,5556.7,0,0,0,0,0.39903572331851295,ASIA,4,0.10427301036954197,day_anchor_std,server_midnight,1,0,0,0,0,0,BALANCE_LEAKING,BALANCE_LEAKING,BALANCE
5556.65,5558.15,5553.45,5556.25,0,0,0,0,0.39903572331851295,ASIA,4,0.10427301036954197,day_anchor_std,server_midnight,1,0,0,0,0,0,BALANCE_LEAKING,BALANCE_LEAKING,BALANCE
5609.85,5610.65,5609.15,5610.35,0,0,0,2,0.9989867781422096,NY_PM,7,3.39356049329264,day_anchor_std,server_midnight,0,0,0,0,0,1,TREND_STRONG,TREND_STRONG,TREND
5610.55,5610.55,5608.65,5610.35,0,0,0,2,0.9989867781422096,NY_PM,7,3.39356049329264,day_anchor_std,server_midnight,0,0,0,0,0,1,TREND_STRONG,TREND_STRONG,TREND
5610.35,5611.15,5606.85,5609.85,0,0,0,2,0.9989867781422096,NY_PM,7,3.39356049329264,day_anchor_std,server_midnight,0,0,0,0,0,1,TREND_STRONG,TREND_STRONG,TREND
5609.7,5612.85,5609.7,5612.85,0,0,0,2,0.9989867781422096,NY_PM,7,3.39356049329264,day_anchor_std,server_midnight,0,0,0,0,0,1,TREND_STRONG,TREND_STRONG,TREND
5612.85,5614.35,5611.85,5614.35,0,0,0,2,0.9983701997543513,NY_PM,8,3.1777536755845155,day_anchor_std,server_midnight,0,0,0,0,0,1,TREND_STRONG,TREND_STRONG,TREND
5614.15,5617.35,5614.15,5617.35,0,0,0,2,0.9983701997543513,NY_PM,8,3.1777536755845155,day_anchor_std,server_midnight,0,0,0,0,0,1,TREND_STRONG,TREND_STRONG,TREND
5617.2,5617.25,5611.65,5612.35,0,0,0,2,0.9983701997543513,NY_PM,8,3.1777536755845155,day_anchor_std,server_midnight,0,0,0,0,0,1,TREND_STRONG,TREND_STRONG,TREND
5612.4,5612.4,5609.65,5610.35,0,0,0,2,0.9983701997543513,NY_PM,8,3.1777536755845155,day_anchor_std,server_midnight,0,0,0,0,0,1,TREND_STRONG,TREND_STRONG,TREND
5610.15,5614.05,5610.15,5613.25,0,0,0,2,0.9992182422159517,ASIA,9,0.0944848676579076,day_anchor_std,server_midnight,0,0,0,1,0,0,TREND_STRONG,TREND_STRONG,TREND
5613.15,5613.3,5610.25,5612.35,0,0,0,2,0.9992182422159517,ASIA,9,0.0944848676579076,day_anchor_std,server_midnight,0,0,0,1,0,0,TREND_STRONG,TREND_STRONG,TREND
5612.25,5614.15,5611.4,5613.65,0,0,0,2,0.9992182422159517,ASIA,9,0.0944848676579076,day_anchor_std,server_midnight,0,0,0,1,0,0,TREND_STRONG,TREND_STRONG,TREND
5613.65,5613.85,5611.75,5613.75,0,0,0,2,0.9992182422159517,ASIA,9,0.0944848676579076,day_anchor_std,server_midnight,0,0,0,1,0,0,TREND_STRONG,TREND_STRONG,TREND
5613.45,5613.65,5611.35,5613.55,0,0,0,2,0.9889694594975398,ASIA,10,0.420057542129065,day_anchor_std,server_midnight,0,0,0,1,0,0,TREND_STRONG,TREND_STRONG,TREND
5613.35,5617.35,5613.35,5616.3,0,0,0,2,0.9889694594975398,ASIA,10,0.420057542129065,day_anchor_std,server_midnight,0,0,0,1,0,0,TREND_STRONG,TREND_STRONG,TREND
5616.25,5620.65,5614.65,5620.3,0,0,0,2,0.9889694594975398,ASIA,10,0.420057542129065,day_anchor_std,server_midnight,0,0,0,1,0,0,TREND_STRONG,TREND_STRONG,TREND
5620.25,5621.85,5618.15,5619.85,0,0,0,2,0.9889694594975398,ASIA,10,0.420057542129065,day_anchor_std,server_midnight,0,0,0,1,0,0,TREND_STRONG,TREND_STRONG,TREND
5619.7,5620.15,5614.15,5614.15,0,0,0,2,0.9975789005069571,ASIA,11,0.10485810485807463,day_anchor_std,server_midnight,0,0,0,1,0,0,UNCLASSIFIED,TREND_UNCLASSIFIED,TREND
5614.35,5615.0,5608.35,5614.2,0,0,0,2,0.9975789005069571,ASIA,11,0.10485810485807463,day_anchor_std,server_midnight,0,0,0,1,0,0,UNCLASSIFIED,TREND_UNCLASSIFIED,TREND
5614.15,5617.65,5614.15,5616.85,0,0,0,2,0.9975789005069571,ASIA,11,0.10485810485807463,day_anchor_std,server_midnight,0,0,0,1,0,0,UNCLASSIFIED,TREND_UNCLASSIFIED,TREND
5616.85,5617.15,5613.1,5613.65,0,0,0,2,0.9975789005069571,ASIA,11,0.10485810485807463,day_anchor_std,server_midnight,0,0,0,1,0,0,UNCLASSIFIED,TREND_UNCLASSIFIED,TREND
5636.9,5645.4,5636.55,5640.3,0,0,0,2,0.6517664747924895,NY_PM,4,0.12182741116740275,day_anchor_std,server_midnight,0,0,0,0,1,0,TREND_STRONG,TREND_STRONG,TREND
5640.5,5641.25,5629.1,5629.5,0,0,0,2,0.6517664747924895,NY_PM,4,0.12182741116740275,day_anchor_std,server_midnight,0,0,0,0,1,0,TREND_STRONG,TREND_STRONG,TREND
5629.7,5631.5,5626.7,5629.8,0,0,0,2,0.6517664747924895,NY_PM,4,0.12182741116740275,day_anchor_std,server_midnight,0,0,0,0,1,0,TREND_STRONG,TREND_STRONG,TREND
5630.0,5633.95,5628.5,5633.35,0,0,0,2,0.6517664747924895,NY_PM,4,0.12182741116740275,day_anchor_std,server_midnight,0,0,0,0,1,0,TREND_STRONG,TREND_STRONG,TREND
5633.65,5637.05,5630.55,5634.05,0,0,0,2,0.7759907576187585,NY_PM,5,0.19781524578487494,day_anchor_std,server_midnight,0,0,0,0,1,0,TREND_STRONG,TREND_STRONG,TREND
5634.35,5643.05,5633.55,5641.55,0,0,0,2,0.7759907576187585,NY_PM,5,0.19781524578487494,day_anchor_std,server_midnight,0,0,0,0,1,0,TREND_STRONG,TREND_STRONG,TREND
5641.85,5645.75,5640.85,5643.05,0,0,0,2,0.7759907576187585,NY_PM,5,0.19781524578487494,day_anchor_std,server_midnight,0,0,0,0,1,0,TREND_STRONG,TREND_STRONG,TREND
5642.8,5644.2,5639.05,5639.15,0,0,0,2,0.7759907576187585,NY_PM,5,0.19781524578487494,day_anchor_std,server_midnight,0,0,0,0,1,0,TREND_STRONG,TREND_STRONG,TREND
5625.4,5627.3,5618.9,5625.3,0,0,0,1,0.9755410033795917,LONDON,2,2.1458614181720987,day_anchor_std,server_midnight,0,0,1,0,0,0,UNCLASSIFIED,TRANSITION_UNCLASSIFIED,TRANSITION
5625.4,5627.5,5609.0,5611.0,0,0,0,1,0.9755410033795917,LONDON,2,2.1458614181720987,day_anchor_std,server_midnight,0,0,1,0,0,0,UNCLASSIFIED,TRANSITION_UNCLASSIFIED,TRANSITION
5610.7,5611.2,5591.7,5597.7,0,0,0,1,0.9755410033795917,LONDON,2,2.1458614181720987,day_anchor_std,server_midnight,0,0,1,0,0,0,UNCLASSIFIED,TRANSITION_UNCLASSIFIED,TRANSITION
5597.2,5600.3,5591.35,5598.9,0,0,0,1,0.9755410033795917,LONDON,2,2.1458614181720987,day_anchor_std,server_midnight,0,0,1,0,0,0,UNCLASSIFIED,TRANSITION_UNCLASSIFIED,TRANSITION
5646.5,5649.75,5644.55,5644.85,0,0,0,2,0.8051675985086572,NY_PM,4,0.1346344222882057,day_anchor_std,server_midnight,0,0,0,0,1,0,UNCLASSIFIED,TREND_UNCLASSIFIED,TREND
5644.55,5645.45,5641.55,5642.55,0,0,0,2,0.8051675985086572,NY_PM,4,0.1346344222882057,day_anchor_std,server_midnight,0,0,0,0,1,0,UNCLASSIFIED,TREND_UNCLASSIFIED,TREND
5642.65,5644.55,5642.25,5643.75,0,0,0,2,0.8051675985086572,NY_PM,4,0.1346344222882057,day_anchor_std,server_midnight,0,0,0,0,1,0,UNCLASSIFIED,TREND_UNCLASSIFIED,TREND
5643.75,5645.05,5641.55,5642.25,0,0,0,2,0.8051675985086572,NY_PM,4,0.1346344222882057,day_anchor_std,server_midnight,0,0,0,0,1,0,UNCLASSIFIED,TREND_UNCLASSIFIED,TREND
5642.4,5644.85,5641.25,5644.25,0,0,0,2,0.7268107043995488,NY_PM,5,0.18968968968971636,day_anchor_std,server_midnight,0,0,0,0,1,0,UNCLASSIFIED,TREND_UNCLASSIFIED,TREND
5644.0,5647.8,5644.0,5645.75,0,0,0,2,0.7268107043995488,NY_PM,5,0.18968968968971636,day_anchor_std,server_midnight,0,0,0,0,1,0,UNCLASSIFIED,TREND_UNCLASSIFIED,TREND
5645.65,5649.25,5645.65,5648.55,0,0,0,2,0.7268107043995488,NY_PM,5,0.18968968968971636,day_anchor_std,server_midnight,0,0,0,0,1,0,UNCLASSIFIED,TREND_UNCLASSIFIED,TREND
5648.75,5649.75,5648.05,5648.7,0,0,0,2,0.7268107043995488,NY_PM,5,0.18968968968971636,day_anchor_std,server_midnight,0,0,0,0,1,0,UNCLASSIFIED,TREND_UNCLASSIFIED,TREND
5648.95,5649.15,5646.35,5648.55,0,0,0,0,0.9764580659743908,NY_PM,2,0.06365135453475718,day_anchor_std,server_midnight,1,0,0,0,0,0,UNCLASSIFIED,BALANCE_UNCLASSIFIED,BALANCE
5648.85,5648.85,5640.35,5641.05,0,0,0,0,0.9764580659743908,NY_PM,2,0.06365135453475718,day_anchor_std,server_midnight,1,0,0,0,0,0,UNCLASSIFIED,BALANCE_UNCLASSIFIED,BALANCE
5640.85,5641.4,5634.45,5637.35,0,0,0,0,0.9764580659743908,NY_PM,2,0.06365135453475718,day_anchor_std,server_midnight,1,0,0,0,0,0,UNCLASSIFIED,BALANCE_UNCLASSIFIED,BALANCE
5637.05,5642.8,5636.85,5642.8,0,0,0,0,0.9764580659743908,NY_PM,2,0.06365135453475718,day_anchor_std,server_midnight,1,0,0,0,0,0,UNCLASSIFIED,BALANCE_UNCLASSIFIED,BALANCE
5642.55,5642.85,5640.05,5641.05,0,0,0,0,0.9627428004623326,ASIA,3,0.1681075888568092,day_anchor_std,server_midnight,1,0,0,0,0,0,UNCLASSIFIED,BALANCE_UNCLASSIFIED,BALANCE
5640.95,5642.05,5640.45,5641.05,0,0,0,0,0.9627428004623326,ASIA,3,0.1681075888568092,day_anchor_std,server_midnight,1,0,0,0,0,0,UNCLASSIFIED,BALANCE_UNCLASSIFIED,BALANCE
5641.35,5644.65,5641.35,5643.35,0,0,0,0,0.9627428004623326,ASIA,3,0.1681075888568092,day_anchor_std,server_midnight,1,0,0,0,0,0,UNCLASSIFIED,BALANCE_UNCLASSIFIED,BALANCE
5643.5,5645.05,5641.85,5645.05,0,0,0,0,0.9627428004623326,ASIA,3,0.1681075888568092,day_anchor_std,server_midnight,1,0,0,0,0,0,UNCLASSIFIED,BALANCE_UNCLASSIFIED,BALANCE
5652.45,5654.35,5644.05,5645.15,0,0,0,1,0.9354745769047353,ASIA,1,1.6569858222472247,day_anchor_std,server_midnight,0,0,1,0,0,0,TRANSITION_NOISY,TRANSITION_NOISY,TRANSITION
5645.35,5645.35,5628.95,5628.95,0,0,0,1,0.9354745769047353,ASIA,1,1.6569858222472247,day_anchor_std,server_midnight,0,0,1,0,0,0,TRANSITION_NOISY,TRANSITION_NOISY,TRANSITION
5629.4,5632.35,5620.15,5623.35,0,0,0,1,0.9354745769047353,ASIA,1,1.6569858222472247,day_anchor_std,server_midnight,0,0,1,0,0,0,TRANSITION_NOISY,TRANSITION_NOISY,TRANSITION
5623.05,5626.2,5617.85,5619.85,0,0,0,1,0.9354745769047353,ASIA,1,1.6569858222472247,day_anchor_std,server_midnight,0,0,1,0,0,0,TRANSITION_NOISY,TRANSITION_NOISY,TRANSITION
5622.25,5625.7,5618.85,5621.75,0,0,0,1,0.9451724952535412,LONDON,1,2.18290304073439,day_anchor_std,server_midnight,0,0,1,0,0,0,UNCLASSIFIED,TRANSITION_UNCLASSIFIED,TRANSITION
5621.55,5626.3,5617.55,5617.9,0,0,0,1,0.9451724952535412,LONDON,1,2.18290304073439,day_anchor_std,server_midnight,0,0,1,0,0,0,UNCLASSIFIED,TRANSITION_UNCLASSIFIED,TRANSITION
5618.05,5622.55,5613.55,5615.85,0,0,0,1,0.9451724952535412,LONDON,1,2.18290304073439,day_anchor_std,server_midnight,0,0,1,0,0,0,UNCLASSIFIED,TRANSITION_UNCLASSIFIED,TRANSITION
5615.55,5619.45,5593.05,5602.55,0,0,0,1,0.9451724952535412,LONDON,1,2.18290304073439,day_anchor_std,server_midnight,0,0,1,0,0,0,UNCLASSIFIED,TRANSITION_UNCLASSIFIED,TRANSITION
5602.6,5602.6,5574.85,5583.55,0,0,0,1,0.9987174375789271,LONDON,2,3.70002452783911,day_anchor_std,server_midnight,0,0,1,0,0,0,UNCLASSIFIED,TRANSITION_UNCLASSIFIED,TRANSITION
5583.6,5583.6,5562.95,5565.35,0,0,0,1,0.9987174375789271,LONDON,2,3.70002452783911,day_anchor_std,server_midnight,0,0,1,0,0,0,UNCLASSIFIED,TRANSITION_UNCLASSIFIED,TRANSITION
5565.25,5579.5,5563.35,5575.6,0,0,0,1,0.9987174375789271,LONDON,2,3.70002452783911,day_anchor_std,server_midnight,0,0,1,0,0,0,UNCLASSIFIED,TRANSITION_UNCLASSIFIED,TRANSITION
5575.55,5581.65,5567.15,5567.95,0,0,0,1,0.9987174375789271,LONDON,2,3.70002452783911,day_anchor_std,server_midnight,0,0,1,0,0,0,UNCLASSIFIED,TRANSITION_UNCLASSIFIED,TRANSITION
5528.55,5546.15,5524.65,5538.2,0,0,0,1,0.9811824766306412,LONDON,1,1.3517704702732423,day_anchor_std,server_midnight,0,0,1,0,0,0,UNCLASSIFIED,TRANSITION_UNCLASSIFIED,TRANSITION
5538.35,5544.05,5513.4,5513.9,0,0,0,1,0.9811824766306412,LONDON,1,1.3517704702732423,day_anchor_std,server_midnight,0,0,1,0,0,0,UNCLASSIFIED,TRANSITION_UNCLASSIFIED,TRANSITION
5513.85,5515.4,5488.25,5489.3,0,0,0,1,0.9811824766306412,LONDON,1,1.3517704702732423,day_anchor_std,server_midnight,0,0,1,0,0,0,UNCLASSIFIED,TRANSITION_UNCLASSIFIED,TRANSITION
5489.05,5495.45,5483.9,5484.85,0,0,0,1,0.9811824766306412,LONDON,1,1.3517704702732423,day_anchor_std,server_midnight,0,0,1,0,0,0,UNCLASSIFIED,TRANSITION_UNCLASSIFIED,TRANSITION
5494.9,5499.25,5493.55,5497.75,0,0,0,0,0.804822349789533,ASIA,7,0.04908180300501715,day_anchor_std,server_midnight,1,0,0,0,0,0,BALANCE_LEAKING,BALANCE_LEAKING,BALANCE
5498.05,5499.65,5496.25,5498.6,0,0,0,0,0.804822349789533,ASIA,7,0.04908180300501715,day_anchor_std,server_midnight,1,0,0,0,0,0,BALANCE_LEAKING,BALANCE_LEAKING,BALANCE
5498.25,5498.55,5491.15,5493.6,0,0,0,0,0.804822349789533,ASIA,7,0.04908180300501715,day_anchor_std,server_midnight,1,0,0,0,0,0,BALANCE_LEAKING,BALANCE_LEAKING,BALANCE
5493.25,5497.75,5486.4,5494.6,0,0,0,0,0.804822349789533,ASIA,7,0.04908180300501715,day_anchor_std,server_midnight,1,0,0,0,0,0,BALANCE_LEAKING,BALANCE_LEAKING,BALANCE
5486.85,5490.2,5453.85,5454.1,0,0,0,1,0.9937376056314602,LONDON,5,2.092041936574831,day_anchor_std,server_midnight,0,0,1,0,0,0,UNCLASSIFIED,TRANSITION_UNCLASSIFIED,TRANSITION
5454.1,5458.65,5422.95,5429.75,0,0,0,1,0.9937376056314602,LONDON,5,2.092041936574831,day_anchor_std,server_midnight,0,0,1,0,0,0,UNCLASSIFIED,TRANSITION_UNCLASSIFIED,TRANSITION
5429.75,5462.7,5416.6,5422.1,0,0,0,1,0.9937376056314602,LONDON,5,2.092041936574831,day_anchor_std,server_midnight,0,0,1,0,0,0,UNCLASSIFIED,TRANSITION_UNCLASSIFIED,TRANSITION
5422.2,5433.8,5409.95,5412.75,0,0,0,1,0.9937376056314602,LONDON,5,2.092041936574831,day_anchor_std,server_midnight,0,0,1,0,0,0,UNCLASSIFIED,TRANSITION_UNCLASSIFIED,TRANSITION
5406.65,5408.25,5398.75,5404.65,0,0,0,2,0.868219279754121,NY_PM,3,0.12494929006085913,day_anchor_std,server_midnight,0,0,0,0,1,0,UNCLASSIFIED,TREND_UNCLASSIFIED,TREND
5404.85,5409.65,5404.85,5406.25,0,0,0,2,0.868219279754121,NY_PM,3,0.12494929006085913,day_anchor_std,server_midnight,0,0,0,0,1,0,UNCLASSIFIED,TREND_UNCLASSIFIED,TREND
5406.15,5413.35,5401.45,5411.45,0,0,0,2,0.868219279754121,NY_PM,3,0.12494929006085913,day_anchor_std,server_midnight,0,0,0,0,1,0,UNCLASSIFIED,TREND_UNCLASSIFIED,TREND
5411.25,5413.65,5408.65,5411.15,0,0,0,2,0.868219279754121,NY_PM,3,0.12494929006085913,day_anchor_std,server_midnight,0,0,0,0,1,0,UNCLASSIFIED,TREND_UNCLASSIFIED,TREND
5410.95,5420.5,5410.6,5420.3,0,0,0,2,0.8102380400156102,NY_PM,4,0.44398060867225414,day_anchor_std,server_midnight,0,0,0,0,1,0,TREND_FRAGILE,TREND_FRAGILE,TREND
5420.0,5422.15,5416.65,5417.95,0,0,0,2,0.8102380400156102,NY_PM,4,0.44398060867225414,day_anchor_std,server_midnight,0,0,0,0,1,0,TREND_FRAGILE,TREND_FRAGILE,TREND
5418.05,5424.95,5418.05,5423.45,0,0,0,2,0.8102380400156102,NY_PM,4,0.44398060867225414,day_anchor_std,server_midnight,0,0,0,0,1,0,TREND_FRAGILE,TREND_FRAGILE,TREND
5423.6,5426.05,5422.95,5423.8,0,0,0,2,0.8102380400156102,NY_PM,4,0.44398060867225414,day_anchor_std,server_midnight,0,0,0,0,1,0,TREND_FRAGILE,TREND_FRAGILE,TREND
5424.05,5426.55,5422.15,5422.5,0,0,0,2,0.6578359522784694,NY_PM,5,0.43220454236367534,day_anchor_std,server_midnight,0,0,0,0,1,0,TREND_FRAGILE,TREND_FRAGILE,TREND
5422.45,5424.95,5422.15,5424.45,0,0,0,2,0.6578359522784694,NY_PM,5,0.43220454236367534,day_anchor_std,server_midnight,0,0,0,0,1,0,TREND_FRAGILE,TREND_FRAGILE,TREND
5424.35,5425.45,5423.65,5424.95,0,0,0,2,0.6578359522784694,NY_PM,5,0.43220454236367534,day_anchor_std,server_midnight,0,0,0,0,1,0,TREND_FRAGILE,TREND_FRAGILE,TREND
5633.0,5639.05,5632.55,5638.35,0,0,0,2,0.759234233326918,NY,3,0.925882880678527,day_anchor_std,server_midnight,0,0,0,0,1,0,TREND_FRAGILE,TREND_FRAGILE,TREND
5638.3,5641.35,5634.85,5636.65,0,0,0,2,0.759234233326918,NY,3,0.925882880678527,day_anchor_std,server_midnight,0,0,0,0,1,0,TREND_FRAGILE,TREND_FRAGILE,TREND
5636.55,5640.75,5623.2,5624.65,0,0,0,2,0.759234233326918,NY,3,0.925882880678527,day_anchor_std,server_midnight,0,0,0,0,1,0,TREND_FRAGILE,TREND_FRAGILE,TREND
5624.65,5629.45,5621.8,5625.25,0,0,0,2,0.759234233326918,NY,3,0.925882880678527,day_anchor_std,server_midnight,0,0,0,0,1,0,TREND_FRAGILE,TREND_FRAGILE,TREND
5627.7,5631.75,5624.15,5625.25,0,0,0,2,0.5044150879160222,NY_PM,5,0.02802802802807886,day_anchor_std,server_midnight,0,0,0,0,1,0,TREND_FRAGILE,TREND_FRAGILE,TREND
5625.65,5628.95,5625.15,5628.45,0,0,0,2,0.5044150879160222,NY_PM,5,0.02802802802807886,day_anchor_std,server_midnight,0,0,0,0,1,0,TREND_FRAGILE,TREND_FRAGILE,TREND
5628.25,5634.8,5627.95,5634.15,0,0,0,2,0.7125741442748967,NY_PM,6,0.2503301838870298,day_anchor_std,server_midnight,0,0,0,0,1,0,TREND_FRAGILE,TREND_FRAGILE,TREND
5633.95,5636.15,5632.45,5635.35,0,0,0,2,0.7125741442748967,NY_PM,6,0.2503301838870298,day_anchor_std,server_midnight,0,0,0,0,1,0,TREND_FRAGILE,TREND_FRAGILE,TREND
5635.15,5635.65,5632.15,5632.65,0,0,0,2,0.7125741442748967,NY_PM,6,0.2503301838870298,day_anchor_std,server_midnight,0,0,0,0,1,0,TREND_FRAGILE,TREND_FRAGILE,TREND
5632.45,5635.25,5631.15,5632.45,0,0,0,2,0.7125741442748967,NY_PM,6,0.2503301838870298,day_anchor_std,server_midnight,0,0,0,0,1,0,TREND_FRAGILE,TREND_FRAGILE,TREND
5631.95,5632.95,5627.45,5630.15,0,0,0,2,0.7385980064974795,NY_PM,7,0.2702027870567308,day_anchor_std,server_midnight,0,0,0,0,1,0,UNCLASSIFIED,TREND_UNCLASSIFIED,TREND
5630.45,5633.95,5629.15,5633.65,0,0,0,2,0.7385980064974795,NY_PM,7,0.2702027870567308,day_anchor_std,server_midnight,0,0,0,0,1,0,UNCLASSIFIED,TREND_UNCLASSIFIED,TREND
5633.95,5634.95,5632.8,5633.45,0,0,0,2,0.7385980064974795,NY_PM,7,0.2702027870567308,day_anchor_std,server_midnight,0,0,0,0,1,0,UNCLASSIFIED,TREND_UNCLASSIFIED,TREND
5633.15,5633.65,5631.65,5633.25,0,0,0,2,0.7385980064974795,NY_PM,7,0.2702027870567308,day_anchor_std,server_midnight,0,0,0,0,1,0,UNCLASSIFIED,TREND_UNCLASSIFIED,TREND
5633.45,5635.15,5631.9,5634.45,0,0,0,2,0.6460925640062986,ASIA,8,0.05193199381757226,day_anchor_std,server_midnight,0,0,0,1,0,0,TREND_STRONG,TREND_STRONG,TREND
5634.45,5635.45,5633.45,5635.3,0,0,0,2,0.6460925640062986,ASIA,8,0.05193199381757226,day_anchor_std,server_midnight,0,0,0,1,0,0,TREND_STRONG,TREND_STRONG,TREND
5635.45,5635.6,5634.15,5635.45,0,0,0,2,0.6460925640062986,ASIA,8,0.05193199381757226,day_anchor_std,server_midnight,0,0,0,1,0,0,TREND_STRONG,TREND_STRONG,TREND
5635.35,5635.5,5634.45,5634.65,0,0,0,2,0.6460925640062986,ASIA,8,0.05193199381757226,day_anchor_std,server_midnight,0,0,0,1,0,0,TREND_STRONG,TREND_STRONG,TREND
5634.95,5635.15,5632.65,5633.15,0,0,0,2,0.30465096387358476,ASIA,9,0.34751773049649987,day_anchor_std,server_midnight,0,0,0,1,0,0,TREND_STRONG,TREND_STRONG,TREND
5632.95,5633.95,5631.55,5633.45,0,0,0,2,0.30465096387358476,ASIA,9,0.34751773049649987,day_anchor_std,server_midnight,0,0,0,1,0,0,TREND_STRONG,TREND_STRONG,TREND
5633.65,5633.65,5627.3,5627.65,0,0,0,2,0.30465096387358476,ASIA,9,0.34751773049649987,day_anchor_std,server_midnight,0,0,0,1,0,0,TREND_STRONG,TREND_STRONG,TREND
5627.75,5629.15,5627.15,5628.15,0,0,0,2,0.30465096387358476,ASIA,9,0.34751773049649987,day_anchor_std,server_midnight,0,0,0,1,0,0,TREND_STRONG,TREND_STRONG,TREND
5628.35,5630.15,5626.8,5628.0,0,0,0,2,0.23554156364539608,ASIA,10,0.3572700296736056,day_anchor_std,server_midnight,0,0,0,1,0,0,TREND_STRONG,TREND_STRONG,TREND
5627.95,5634.65,5627.65,5634.45,0,0,0,2,0.23554156364539608,ASIA,10,0.3572700296736056,day_anchor_std,server_midnight,0,0,0,1,0,0,TREND_STRONG,TREND_STRONG,TREND
5634.55,5638.65,5632.65,5637.15,0,0,0,2,0.23554156364539608,ASIA,10,0.3572700296736056,day_anchor_std,server_midnight,0,0,0,1,0,0,TREND_STRONG,TREND_STRONG,TREND
5637.35,5637.65,5634.95,5637.15,0,0,0,2,0.23554156364539608,ASIA,10,0.3572700296736056,day_anchor_std,server_midnight,0,0,0,1,0,0,TREND_STRONG,TREND_STRONG,TREND
5644.15,5650.25,5643.15,5649.75,0,0,0,1,0.7791398086595925,ASIA,2,1.1370990836196602,day_anchor_std,server_midnight,0,0,1,0,0,0,UNCLASSIFIED,TRANSITION_UNCLASSIFIED,TRANSITION
5649.75,5654.85,5649.25,5650.95,0,0,0,1,0.7791398086595925,ASIA,2,1.1370990836196602,day_anchor_std,server_midnight,0,0,1,0,0,0,UNCLASSIFIED,TRANSITION_UNCLASSIFIED,TRANSITION
5650.85,5655.3,5650.75,5652.55,0,0,0,1,0.7791398086595925,ASIA,2,1.1370990836196602,day_anchor_std,server_midnight,0,0,1,0,0,0,UNCLASSIFIED,TRANSITION_UNCLASSIFIED,TRANSITION
5652.85,5655.85,5652.55,5654.55,0,0,0,1,0.7791398086595925,ASIA,2,1.1370990836196602,day_anchor_std,server_midnight,0,0,1,0,0,0,UNCLASSIFIED,TRANSITION_UNCLASSIFIED,TRANSITION
5688.75,5691.95,5683.75,5684.45,0,0,0,2,0.9297954788701378,ASIA,3,0.7037647568143812,day_anchor_std,server_midnight,0,0,0,1,0,0,TREND_STRONG,TREND_STRONG,TREND
5684.35,5696.4,5680.9,5696.15,0,0,0,2,0.9297954788701378,ASIA,3,0.7037647568143812,day_anchor_std,server_midnight,0,0,0,1,0,0,TREND_STRONG,TREND_STRONG,TREND
5696.3,5699.35,5692.05,5696.05,0,0,0,2,0.9297954788701378,ASIA,3,0.7037647568143812,day_anchor_std,server_midnight,0,0,0,1,0,0,TREND_STRONG,TREND_STRONG,TREND
5695.85,5702.55,5695.85,5701.05,0,0,0,2,0.9297954788701378,ASIA,3,0.7037647568143812,day_anchor_std,server_midnight,0,0,0,1,0,0,TREND_STRONG,TREND_STRONG,TREND
5717.15,5718.45,5714.65,5716.3,0,0,0,2,0.8008834901568823,LONDON,5,0.8992750450055831,day_anchor_std,server_midnight,0,0,0,0,1,0,TREND_STRONG,TREND_STRONG,TREND
5716.15,5723.05,5715.55,5718.9,0,0,0,2,0.8008834901568823,LONDON,5,0.8992750450055831,day_anchor_std,server_midnight,0,0,0,0,1,0,TREND_STRONG,TREND_STRONG,TREND
5718.55,5720.2,5716.05,5716.95,0,0,0,2,0.8008834901568823,LONDON,5,0.8992750450055831,day_anchor_std,server_midnight,0,0,0,0,1,0,TREND_STRONG,TREND_STRONG,TREND
5719.2,5719.9,5712.45,5713.55,0,0,0,2,0.8008834901568823,LONDON,5,0.8992750450055831,day_anchor_std,server_midnight,0,0,0,0,1,0,TREND_STRONG,TREND_STRONG,TREND
5713.45,5723.45,5709.05,5722.8,0,0,0,2,0.758796955352098,LONDON,6,0.6794142060950998,day_anchor_std,server_midnight,0,0,0,0,1,0,TREND_STRONG,TREND_STRONG,TREND
5722.85,5723.25,5693.05,5708.2,0,0,0,2,0.758796955352098,LONDON,6,0.6794142060950998,day_anchor_std,server_midnight,0,0,0,0,1,0,TREND_STRONG,TREND_STRONG,TREND
5708.35,5726.65,5706.05,5726.35,0,0,0,2,0.758796955352098,LONDON,6,0.6794142060950998,day_anchor_std,server_midnight,0,0,0,0,1,0,TREND_STRONG,TREND_STRONG,TREND
5726.4,5731.8,5709.7,5711.95,0,0,0,2,0.758796955352098,LONDON,6,0.6794142060950998,day_anchor_std,server_midnight,0,0,0,0,1,0,TREND_STRONG,TREND_STRONG,TREND
5711.85,5724.15,5707.2,5721.55,0,0,0,2,0.7130487013525897,LONDON,7,1.1653610718719014,day_anchor_std,server_midnight,0,0,0,0,0,1,TREND_STRONG,TREND_STRONG,TREND
5721.65,5724.25,5712.85,5716.85,0,0,0,2,0.7130487013525897,LONDON,7,1.1653610718719014,day_anchor_std,server_midnight,0,0,0,0,0,1,TREND_STRONG,TREND_STRONG,TREND
5716.85,5731.35,5715.95,5730.05,0,0,0,2,0.7130487013525897,LONDON,7,1.1653610718719014,day_anchor_std,server_midnight,0,0,0,0,0,1,TREND_STRONG,TREND_STRONG,TREND
5730.35,5733.95,5725.45,5728.65,0,0,0,2,0.7130487013525897,LONDON,7,1.1653610718719014,day_anchor_std,server_midnight,0,0,0,0,0,1,TREND_STRONG,TREND_STRONG,TREND
5728.55,5734.6,5726.75,5732.25,0,0,0,2,0.944502184376007,NY,8,1.2167285769181528,day_anchor_std,server_midnight,0,0,0,0,0,1,TREND_STRONG,TREND_STRONG,TREND
5732.35,5742.65,5732.15,5738.75,0,0,0,2,0.944502184376007,NY,8,1.2167285769181528,day_anchor_std,server_midnight,0,0,0,0,0,1,TREND_STRONG,TREND_STRONG,TREND
5738.65,5740.95,5722.65,5733.55,0,0,0,2,0.944502184376007,NY,8,1.2167285769181528,day_anchor_std,server_midnight,0,0,0,0,0,1,TREND_STRONG,TREND_STRONG,TREND
5733.4,5735.75,5723.9,5732.55,0,0,0,2,0.944502184376007,NY,8,1.2167285769181528,day_anchor_std,server_midnight,0,0,0,0,0,1,TREND_STRONG,TREND_STRONG,TREND
5732.55,5734.65,5720.2,5724.9,0,0,0,2,0.9667791044842244,NY,9,0.7676451855711961,day_anchor_std,server_midnight,0,0,0,0,1,0,TREND_STRONG,TREND_STRONG,TREND
5725.1,5730.95,5717.55,5723.05,0,0,0,2,0.9667791044842244,NY,9,0.7676451855711961,day_anchor_std,server_midnight,0,0,0,0,1,0,TREND_STRONG,TREND_STRONG,TREND
5722.9,5723.75,5717.65,5721.05,0,0,0,2,0.9667791044842244,NY,9,0.7676451855711961,day_anchor_std,server_midnight,0,0,0,0,1,0,TREND_STRONG,TREND_STRONG,TREND
5720.95,5721.75,5719.25,5721.1,0,0,0,2,0.9667791044842244,NY,9,0.7676451855711961,day_anchor_std,server_midnight,0,0,0,0,1,0,TREND_STRONG,TREND_STRONG,TREND
5720.7,5722.45,5718.2,5720.85,0,0,0,2,0.8748485725827936,NY_PM,10,0.7308967012544701,day_anchor_std,server_midnight,0,0,0,0,1,0,TREND_STRONG,TREND_STRONG,TREND
5721.05,5721.45,5714.65,5717.95,0,0,0,2,0.8748485725827936,NY_PM,10,0.7308967012544701,day_anchor_std,server_midnight,0,0,0,0,1,0,TREND_STRONG,TREND_STRONG,TREND
5717.65,5718.65,5716.65,5718.15,0,0,0,2,0.7239491778279559,NY_PM,11,0.49449960902774404,day_anchor_std,server_midnight,0,0,0,0,1,0,TREND_STRONG,TREND_STRONG,TREND
5718.25,5720.45,5714.95,5715.95,0,0,0,2,0.7239491778279559,NY_PM,11,0.49449960902774404,day_anchor_std,server_midnight,0,0,0,0,1,0,TREND_STRONG,TREND_STRONG,TREND
5715.65,5717.0,5710.35,5713.45,0,0,0,2,0.7239491778279559,NY_PM,11,0.49449960902774404,day_anchor_std,server_midnight,0,0,0,0,1,0,TREND_STRONG,TREND_STRONG,TREND
5713.45,5713.45,5711.15,5711.75,0,0,0,2,0.7239491778279559,NY_PM,11,0.49449960902774404,day_anchor_std,server_midnight,0,0,0,0,1,0,TREND_STRONG,TREND_STRONG,TREND
5711.5,5713.85,5711.5,5711.95,0,0,0,2,0.8795566463192717,NY_PM,12,0.486865587840178,day_anchor_std,server_midnight,0,0,0,0,1,0,UNCLASSIFIED,TREND_UNCLASSIFIED,TREND
5712.05,5717.15,5711.75,5716.2,0,0,0,2,0.8795566463192717,NY_PM,12,0.486865587840178,day_anchor_std,server_midnight,0,0,0,0,1,0,UNCLASSIFIED,TREND_UNCLASSIFIED,TREND
5715.95,5718.5,5712.65,5713.45,0,0,0,2,0.8795566463192717,NY_PM,12,0.486865587840178,day_anchor_std,server_midnight,0,0,0,0,1,0,UNCLASSIFIED,TREND_UNCLASSIFIED,TREND
5713.65,5714.95,5711.15,5711.95,0,0,0,2,0.8795566463192717,NY_PM,12,0.486865587840178,day_anchor_std,server_midnight,0,0,0,0,1,0,UNCLASSIFIED,TREND_UNCLASSIFIED,TREND
5712.15,5714.3,5710.95,5714.15,0,0,0,2,0.37945712505989504,ASIA,12,0.10717163577757788,day_anchor_std,server_midnight,0,0,0,1,0,0,TREND_STRONG,TREND_STRONG,TREND
5714.3,5717.3,5713.75,5716.65,0,0,0,2,0.37945712505989504,ASIA,12,0.10717163577757788,day_anchor_std,server_midnight,0,0,0,1,0,0,TREND_STRONG,TREND_STRONG,TREND
5716.95,5717.45,5715.3,5717.05,0,0,0,2,0.37945712505989504,ASIA,12,0.10717163577757788,day_anchor_std,server_midnight,0,0,0,1,0,0,TREND_STRONG,TREND_STRONG,TREND
5717.35,5718.65,5717.35,5717.65,0,0,0,2,0.37945712505989504,ASIA,12,0.10717163577757788,day_anchor_std,server_midnight,0,0,0,1,0,0,TREND_STRONG,TREND_STRONG,TREND
5733.65,5735.75,5728.05,5728.95,0,0,0,1,0.996575030589207,ASIA,1,1.0671785028791132,day_anchor_std,server_midnight,0,0,1,0,0,0,UNCLASSIFIED,TRANSITION_UNCLASSIFIED,TRANSITION
5729.3,5738.25,5727.35,5737.85,0,0,0,1,0.996575030589207,ASIA,1,1.0671785028791132,day_anchor_std,server_midnight,0,0,1,0,0,0,UNCLASSIFIED,TRANSITION_UNCLASSIFIED,TRANSITION
5737.75,5742.25,5734.85,5742.05,0,0,0,1,0.996575030589207,ASIA,1,1.0671785028791132,day_anchor_std,server_midnight,0,0,1,0,0,0,UNCLASSIFIED,TRANSITION_UNCLASSIFIED,TRANSITION
5742.25,5742.25,5737.75,5740.75,0,0,0,1,0.996575030589207,ASIA,1,1.0671785028791132,day_anchor_std,server_midnight,0,0,1,0,0,0,UNCLASSIFIED,TRANSITION_UNCLASSIFIED,TRANSITION
5730.3,5731.55,5718.95,5728.25,0,0,0,0,0.9866905242417081,LONDON,2,0.27868695568950325,day_anchor_std,server_midnight,1,0,0,0,0,0,UNCLASSIFIED,BALANCE_UNCLASSIFIED,BALANCE
5727.95,5734.25,5727.75,5729.75,0,0,0,0,0.9866905242417081,LONDON,2,0.27868695568950325,day_anchor_std,server_midnight,1,0,0,0,0,0,UNCLASSIFIED,BALANCE_UNCLASSIFIED,BALANCE
5729.85,5733.55,5727.75,5730.05,0,0,0,0,0.9866905242417081,LONDON,2,0.27868695568950325,day_anchor_std,server_midnight,1,0,0,0,0,0,UNCLASSIFIED,BALANCE_UNCLASSIFIED,BALANCE
5729.9,5732.05,5726.1,5731.25,0,0,0,0,0.9866905242417081,LONDON,2,0.27868695568950325,day_anchor_std,server_midnight,1,0,0,0,0,0,UNCLASSIFIED,BALANCE_UNCLASSIFIED,BALANCE
5731.05,5736.9,5731.05,5733.55,0,0,0,0,0.9778685560780539,LONDON,3,0.2598621877691984,day_anchor_std,server_midnight,1,0,0,0,0,0,UNCLASSIFIED,BALANCE_UNCLASSIFIED,BALANCE
5733.9,5734.4,5720.9,5721.85,0,0,0,0,0.9778685560780539,LONDON,3,0.2598621877691984,day_anchor_std,server_midnight,1,0,0,0,0,0,UNCLASSIFIED,BALANCE_UNCLASSIFIED,BALANCE
5721.9,5721.9,5705.7,5711.05,0,0,0,0,0.9778685560780539,LONDON,3,0.2598621877691984,day_anchor_std,server_midnight,1,0,0,0,0,0,UNCLASSIFIED,BALANCE_UNCLASSIFIED,BALANCE
5710.95,5725.35,5704.3,5723.45,0,0,0,0,0.9778685560780539,LONDON,3,0.2598621877691984,day_anchor_std,server_midnight,1,0,0,0,0,0,UNCLASSIFIED,BALANCE_UNCLASSIFIED,BALANCE
5710.05,5710.75,5705.45,5709.05,0,0,0,2,0.46570550220727147,ASIA,4,0.11849871923378817,day_anchor_std,server_midnight,0,0,0,1,0,0,TREND_STRONG,TREND_STRONG,TREND
5709.25,5714.25,5709.25,5712.95,0,0,0,2,0.46570550220727147,ASIA,4,0.11849871923378817,day_anchor_std,server_midnight,0,0,0,1,0,0,TREND_STRONG,TREND_STRONG,TREND
5713.2,5713.75,5708.75,5708.75,0,0,0,2,0.46570550220727147,ASIA,4,0.11849871923378817,day_anchor_std,server_midnight,0,0,0,1,0,0,TREND_STRONG,TREND_STRONG,TREND
5708.65,5708.75,5699.55,5703.1,0,0,0,2,0.46570550220727147,ASIA,4,0.11849871923378817,day_anchor_std,server_midnight,0,0,0,1,0,0,TREND_STRONG,TREND_STRONG,TREND
5702.75,5705.25,5694.95,5698.25,0,0,0,2,0.5059395664330475,ASIA,5,0.190821654300669,day_anchor_std,server_midnight,0,0,0,1,0,0,TREND_STRONG,TREND_STRONG,TREND
5698.15,5701.2,5691.9,5700.75,0,0,0,2,0.5059395664330475,ASIA,5,0.190821654300669,day_anchor_std,server_midnight,0,0,0,1,0,0,TREND_STRONG,TREND_STRONG,TREND
5701.05,5701.75,5694.05,5698.25,0,0,0,2,0.5059395664330475,ASIA,5,0.190821654300669,day_anchor_std,server_midnight,0,0,0,1,0,0,TREND_STRONG,TREND_STRONG,TREND
5698.45,5703.35,5695.1,5699.65,0,0,0,2,0.5059395664330475,ASIA,5,0.190821654300669,day_anchor_std,server_midnight,0,0,0,1,0,0,TREND_STRONG,TREND_STRONG,TREND
5700.15,5704.85,5695.4,5702.55,0,0,0,2,0.6216697308025767,ASIA,6,0.014255091103962971,day_anchor_std,server_midnight,0,0,0,1,0,0,TREND_STRONG,TREND_STRONG,TREND
5702.65,5710.05,5702.55,5705.55,0,0,0,2,0.6216697308025767,ASIA,6,0.014255091103962971,day_anchor_std,server_midnight,0,0,0,1,0,0,TREND_STRONG,TREND_STRONG,TREND
5705.25,5707.95,5701.25,5706.85,0,0,0,2,0.6216697308025767,ASIA,6,0.014255091103962971,day_anchor_std,server_midnight,0,0,0,1,0,0,TREND_STRONG,TREND_STRONG,TREND
5706.65,5709.75,5703.05,5703.25,0,0,0,2,0.6216697308025767,ASIA,6,0.014255091103962971,day_anchor_std,server_midnight,0,0,0,1,0,0,TREND_STRONG,TREND_STRONG,TREND
5703.5,5703.75,5694.15,5697.75,0,0,0,2,0.4375284438010744,ASIA,7,0.03835566635500072,day_anchor_std,server_midnight,0,0,0,1,0,0,TREND_STRONG,TREND_STRONG,TREND
5697.95,5700.25,5691.25,5695.3,0,0,0,2,0.4375284438010744,ASIA,7,0.03835566635500072,day_anchor_std,server_midnight,0,0,0,1,0,0,TREND_STRONG,TREND_STRONG,TREND
5695.1,5699.05,5688.75,5698.65,0,0,0,2,0.4375284438010744,ASIA,7,0.03835566635500072,day_anchor_std,server_midnight,0,0,0,1,0,0,TREND_STRONG,TREND_STRONG,TREND
5698.5,5706.75,5698.35,5704.15,0,0,0,2,0.4375284438010744,ASIA,7,0.03835566635500072,day_anchor_std,server_midnight,0,0,0,1,0,0,TREND_STRONG,TREND_STRONG,TREND
5704.65,5704.9,5695.8,5704.05,0,0,0,2,0.6429869111801423,LONDON,8,0.09015971148891011,day_anchor_std,server_midnight,0,0,0,0,1,0,TREND_STRONG,TREND_STRONG,TREND
5704.05,5705.75,5696.15,5696.65,0,0,0,2,0.6429869111801423,LONDON,8,0.09015971148891011,day_anchor_std,server_midnight,0,0,0,0,1,0,TREND_STRONG,TREND_STRONG,TREND
5696.75,5705.7,5695.05,5695.45,0,0,0,2,0.6429869111801423,LONDON,8,0.09015971148891011,day_anchor_std,server_midnight,0,0,0,0,1,0,TREND_STRONG,TREND_STRONG,TREND
5695.7,5710.75,5695.05,5705.25,0,0,0,2,0.6429869111801423,LONDON,8,0.09015971148891011,day_anchor_std,server_midnight,0,0,0,0,1,0,TREND_STRONG,TREND_STRONG,TREND
5715.0,5721.95,5713.55,5720.55,0,0,0,1,0.9687627688491133,LONDON,1,2.1551900170163973,day_anchor_std,server_midnight,0,0,1,0,0,0,UNCLASSIFIED,TRANSITION_UNCLASSIFIED,TRANSITION
5720.85,5722.35,5717.35,5719.35,0,0,0,1,0.9687627688491133,LONDON,1,2.1551900170163973,day_anchor_std,server_midnight,0,0,1,0,0,0,UNCLASSIFIED,TRANSITION_UNCLASSIFIED,TRANSITION
5719.05,5724.25,5716.35,5723.95,0,0,0,1,0.9687627688491133,LONDON,1,2.1551900170163973,day_anchor_std,server_midnight,0,0,1,0,0,0,UNCLASSIFIED,TRANSITION_UNCLASSIFIED,TRANSITION
5722.85,5754.15,5721.35,5753.25,0,0,0,1,0.9687627688491133,LONDON,1,2.1551900170163973,day_anchor_std,server_midnight,0,0,1,0,0,0,UNCLASSIFIED,TRANSITION_UNCLASSIFIED,TRANSITION
5760.95,5764.0,5759.05,5760.35,0,0,0,2,0.41352439580981853,NY_PM,3,0.21778886118038857,day_anchor_std,server_midnight,0,0,0,0,1,0,TREND_FRAGILE,TREND_FRAGILE,TREND
5760.05,5760.95,5758.15,5758.65,0,0,0,2,0.41352439580981853,NY_PM,3,0.21778886118038857,day_anchor_std,server_midnight,0,0,0,0,1,0,TREND_FRAGILE,TREND_FRAGILE,TREND
5758.3,5759.65,5752.15,5752.65,0,0,0,2,0.41352439580981853,NY_PM,3,0.21778886118038857,day_anchor_std,server_midnight,0,0,0,0,1,0,TREND_FRAGILE,TREND_FRAGILE,TREND
5752.85,5755.0,5751.95,5754.15,0,0,0,2,0.41352439580981853,NY_PM,3,0.21778886118038857,day_anchor_std,server_midnight,0,0,0,0,1,0,TREND_FRAGILE,TREND_FRAGILE,TREND
5785.25,5786.75,5782.15,5783.45,0,0,0,1,0.9973545570920607,LONDON,1,1.7323827071484688,day_anchor_std,server_midnight,0,0,1,0,0,0,UNCLASSIFIED,TRANSITION_UNCLASSIFIED,TRANSITION
5783.85,5798.7,5782.45,5797.35,0,0,0,1,0.9973545570920607,LONDON,1,1.7323827071484688,day_anchor_std,server_midnight,0,0,1,0,0,0,UNCLASSIFIED,TRANSITION_UNCLASSIFIED,TRANSITION
5797.55,5825.65,5792.95,5822.65,0,0,0,1,0.9973545570920607,LONDON,1,1.7323827071484688,day_anchor_std,server_midnight,0,0,1,0,0,0,UNCLASSIFIED,TRANSITION_UNCLASSIFIED,TRANSITION
5822.2,5824.45,5811.1,5815.05,0,0,0,1,0.9973545570920607,LONDON,1,1.7323827071484688,day_anchor_std,server_midnight,0,0,1,0,0,0,UNCLASSIFIED,TRANSITION_UNCLASSIFIED,TRANSITION
5828.75,5829.45,5827.45,5829.45,0,0,0,2,0.9902724747679058,ASIA,6,0.04707464694014858,day_anchor_std,server_midnight,0,0,0,1,0,0,TREND_STRONG,TREND_STRONG,TREND
5829.65,5830.95,5828.25,5830.25,0,0,0,2,0.9902724747679058,ASIA,6,0.04707464694014858,day_anchor_std,server_midnight,0,0,0,1,0,0,TREND_STRONG,TREND_STRONG,TREND
5830.45,5830.95,5828.75,5829.25,0,0,0,2,0.9902724747679058,ASIA,6,0.04707464694014858,day_anchor_std,server_midnight,0,0,0,1,0,0,TREND_STRONG,TREND_STRONG,TREND
5828.95,5830.45,5828.95,5829.95,0,0,0,2,0.9902724747679058,ASIA,6,0.04707464694014858,day_anchor_std,server_midnight,0,0,0,1,0,0,TREND_STRONG,TREND_STRONG,TREND
5830.25,5830.25,5826.95,5829.95,0,0,0,2,0.9712673271762201,ASIA,7,0.19733874605328472,day_anchor_std,server_midnight,0,0,0,1,0,0,TREND_STRONG,TREND_STRONG,TREND
5829.8,5829.95,5827.25,5829.2,0,0,0,2,0.9712673271762201,ASIA,7,0.19733874605328472,day_anchor_std,server_midnight,0,0,0,1,0,0,TREND_STRONG,TREND_STRONG,TREND
5828.95,5828.95,5824.45,5826.25,0,0,0,2,0.9712673271762201,ASIA,7,0.19733874605328472,day_anchor_std,server_midnight,0,0,0,1,0,0,TREND_STRONG,TREND_STRONG,TREND
5826.1,5829.2,5825.85,5826.25,0,0,0,2,0.9712673271762201,ASIA,7,0.19733874605328472,day_anchor_std,server_midnight,0,0,0,1,0,0,TREND_STRONG,TREND_STRONG,TREND
5826.45,5827.25,5817.95,5822.95,0,0,0,2,0.8894298303487572,ASIA,8,0.20914191772987809,day_anchor_std,server_midnight,0,0,0,1,0,0,TREND_STRONG,TREND_STRONG,TREND
5823.25,5828.25,5822.8,5827.75,0,0,0,2,0.8894298303487572,ASIA,8,0.20914191772987809,day_anchor_std,server_midnight,0,0,0,1,0,0,TREND_STRONG,TREND_STRONG,TREND
5827.95,5828.45,5821.6,5825.75,0,0,0,2,0.8894298303487572,ASIA,8,0.20914191772987809,day_anchor_std,server_midnight,0,0,0,1,0,0,TREND_STRONG,TREND_STRONG,TREND
5825.85,5826.45,5822.8,5824.75,0,0,0,2,0.8894298303487572,ASIA,8,0.20914191772987809,day_anchor_std,server_midnight,0,0,0,1,0,0,TREND_STRONG,TREND_STRONG,TREND
5856.25,5858.25,5854.65,5857.15,0,0,0,1,0.9995111345238153,ASIA,2,1.951859956236229,day_anchor_std,server_midnight,0,0,1,0,0,0,UNCLASSIFIED,TRANSITION_UNCLASSIFIED,TRANSITION
5857.05,5862.95,5857.05,5861.45,0,0,0,1,0.9995111345238153,ASIA,2,1.951859956236229,day_anchor_std,server_midnight,0,0,1,0,0,0,UNCLASSIFIED,TRANSITION_UNCLASSIFIED,TRANSITION
5861.25,5867.95,5860.65,5867.95,0,0,0,1,0.9995111345238153,ASIA,2,1.951859956236229,day_anchor_std,server_midnight,0,0,1,0,0,0,UNCLASSIFIED,TRANSITION_UNCLASSIFIED,TRANSITION
5868.15,5871.9,5867.05,5871.45,0,0,0,1,0.9995111345238153,ASIA,2,1.951859956236229,day_anchor_std,server_midnight,0,0,1,0,0,0,UNCLASSIFIED,TRANSITION_UNCLASSIFIED,TRANSITION
5871.65,5873.95,5870.65,5871.95,0,0,0,1,0.9983883281638014,ASIA,3,2.093189964157645,day_anchor_std,server_midnight,0,0,1,0,0,0,UNCLASSIFIED,TRANSITION_UNCLASSIFIED,TRANSITION
5871.65,5875.15,5868.95,5874.1,0,0,0,1,0.9983883281638014,ASIA,3,2.093189964157645,day_anchor_std,server_midnight,0,0,1,0,0,0,UNCLASSIFIED,TRANSITION_UNCLASSIFIED,TRANSITION
5873.95,5875.8,5873.35,5874.65,0,0,0,1,0.9983883281638014,ASIA,3,2.093189964157645,day_anchor_std,server_midnight,0,0,1,0,0,0,UNCLASSIFIED,TRANSITION_UNCLASSIFIED,TRANSITION
5874.7,5877.55,5872.15,5877.05,0,0,0,1,0.9983883281638014,ASIA,3,2.093189964157645,day_anchor_std,server_midnight,0,0,1,0,0,0,UNCLASSIFIED,TRANSITION_UNCLASSIFIED,TRANSITION
5850.05,5851.45,5849.15,5850.65,0,0,0,0,0.8927243395334694,ASIA,4,0.013732221677280203,day_anchor_std,server_midnight,1,0,0,0,0,0,UNCLASSIFIED,BALANCE_UNCLASSIFIED,BALANCE
5850.55,5850.95,5846.45,5848.1,0,0,0,0,0.8927243395334694,ASIA,4,0.013732221677280203,day_anchor_std,server_midnight,1,0,0,0,0,0,UNCLASSIFIED,BALANCE_UNCLASSIFIED,BALANCE
5847.95,5849.65,5847.15,5848.45,0,0,0,0,0.8927243395334694,ASIA,4,0.013732221677280203,day_anchor_std,server_midnight,1,0,0,0,0,0,UNCLASSIFIED,BALANCE_UNCLASSIFIED,BALANCE
5848.55,5850.15,5848.45,5849.25,0,0,0,0,0.8927243395334694,ASIA,4,0.013732221677280203,day_anchor_std,server_midnight,1,0,0,0,0,0,UNCLASSIFIED,BALANCE_UNCLASSIFIED,BALANCE
5879.85,5881.4,5879.65,5880.35,0,0,0,2,0.7292950227593218,NY_PM,3,0.023651403938029,day_anchor_std,server_midnight,0,0,0,0,1,0,TREND_STRONG,TREND_STRONG,TREND
5880.55,5880.75,5877.65,5879.55,0,0,0,2,0.7292950227593218,NY_PM,3,0.023651403938029,day_anchor_std,server_midnight,0,0,0,0,1,0,TREND_STRONG,TREND_STRONG,TREND
5879.65,5879.75,5876.65,5877.55,0,0,0,2,0.7292950227593218,NY_PM,3,0.023651403938029,day_anchor_std,server_midnight,0,0,0,0,1,0,TREND_STRONG,TREND_STRONG,TREND
5877.4,5879.85,5877.35,5878.75,0,0,0,2,0.7292950227593218,NY_PM,3,0.023651403938029,day_anchor_std,server_midnight,0,0,0,0,1,0,TREND_STRONG,TREND_STRONG,TREND
5878.65,5879.65,5877.85,5878.85,0,0,0,2,0.6315796377609071,NY_PM,4,0.2926292629263593,day_anchor_std,server_midnight,0,0,0,0,1,0,TREND_STRONG,TREND_STRONG,TREND
5878.65,5880.5,5877.75,5877.85,0,0,0,2,0.6315796377609071,NY_PM,4,0.2926292629263593,day_anchor_std,server_midnight,0,0,0,0,1,0,TREND_STRONG,TREND_STRONG,TREND
5878.1,5878.5,5876.0,5877.75,0,0,0,2,0.6315796377609071,NY_PM,4,0.2926292629263593,day_anchor_std,server_midnight,0,0,0,0,1,0,TREND_STRONG,TREND_STRONG,TREND
5877.85,5877.85,5874.85,5875.45,0,0,0,2,0.6315796377609071,NY_PM,4,0.2926292629263593,day_anchor_std,server_midnight,0,0,0,0,1,0,TREND_STRONG,TREND_STRONG,TREND
5875.65,5876.15,5874.25,5875.65,0,0,0,2,0.03691366608702801,ASIA,5,0.15353226217792723,day_anchor_std,server_midnight,0,0,0,1,0,0,TREND_STRONG,TREND_STRONG,TREND
5875.65,5876.65,5873.65,5874.2,0,0,0,2,0.03691366608702801,ASIA,5,0.15353226217792723,day_anchor_std,server_midnight,0,0,0,1,0,0,TREND_STRONG,TREND_STRONG,TREND
5873.95,5874.35,5873.15,5873.85,0,0,0,2,0.03691366608702801,ASIA,5,0.15353226217792723,day_anchor_std,server_midnight,0,0,0,1,0,0,TREND_STRONG,TREND_STRONG,TREND
5873.95,5874.15,5871.35,5871.85,0,0,0,2,0.03691366608702801,ASIA,5,0.15353226217792723,day_anchor_std,server_midnight,0,0,0,1,0,0,TREND_STRONG,TREND_STRONG,TREND
5819.15,5819.15,5816.15,5817.75,0,0,0,2,0.9771679950756778,NY_PM,7,0.9880952380951429,day_anchor_std,server_midnight,0,0,0,0,1,1,TREND_STRONG,TREND_STRONG,TREND
5817.45,5819.15,5816.65,5817.25,0,0,0,2,0.9771679950756778,NY_PM,7,0.9880952380951429,day_anchor_std,server_midnight,0,0,0,0,1,1,TREND_STRONG,TREND_STRONG,TREND
5816.95,5818.15,5814.15,5817.0,0,0,0,2,0.9771679950756778,NY_PM,7,0.9880952380951429,day_anchor_std,server_midnight,0,0,0,0,1,1,TREND_STRONG,TREND_STRONG,TREND
5816.65,5820.45,5816.45,5819.15,0,0,0,2,0.9771679950756778,NY_PM,7,0.9880952380951429,day_anchor_std,server_midnight,0,0,0,0,1,1,TREND_STRONG,TREND_STRONG,TREND
5819.25,5821.65,5818.15,5821.45,0,0,0,2,0.8380630037068786,ASIA,8,0.07547169811313817,day_anchor_std,server_midnight,0,0,0,1,0,0,TREND_STRONG,TREND_STRONG,TREND
5821.6,5821.6,5816.65,5816.95,0,0,0,2,0.8380630037068786,ASIA,8,0.07547169811313817,day_anchor_std,server_midnight,0,0,0,1,0,0,TREND_STRONG,TREND_STRONG,TREND
5816.75,5817.65,5815.45,5816.95,0,0,0,2,0.8380630037068786,ASIA,8,0.07547169811313817,day_anchor_std,server_midnight,0,0,0,1,0,0,TREND_STRONG,TREND_STRONG,TREND
5817.05,5817.15,5814.65,5816.65,0,0,0,2,0.8380630037068786,ASIA,8,0.07547169811313817,day_anchor_std,server_midnight,0,0,0,1,0,0,TREND_STRONG,TREND_STRONG,TREND
5816.95,5817.45,5814.45,5814.65,0,0,0,2,0.7838890970189553,ASIA,9,0.05627009646295389,day_anchor_std,server_midnight,0,0,0,1,0,0,TREND_STRONG,TREND_STRONG,TREND
5814.65,5817.45,5814.15,5816.65,0,0,0,2,0.7838890970189553,ASIA,9,0.05627009646295389,day_anchor_std,server_midnight,0,0,0,1,0,0,TREND_STRONG,TREND_STRONG,TREND
5816.45,5820.65,5816.45,5819.15,0,0,0,2,0.7838890970189553,ASIA,9,0.05627009646295389,day_anchor_std,server_midnight,0,0,0,1,0,0,TREND_STRONG,TREND_STRONG,TREND
5819.05,5821.45,5816.65,5816.85,0,0,0,2,0.7838890970189553,ASIA,9,0.05627009646295389,day_anchor_std,server_midnight,0,0,0,1,0,0,TREND_STRONG,TREND_STRONG,TREND
5830.1,5830.15,5826.45,5829.65,0,0,0,1,0.578013814199932,LONDON,6,1.4520093126835558,day_anchor_std,server_midnight,0,0,1,0,0,0,UNCLASSIFIED,TRANSITION_UNCLASSIFIED,TRANSITION
5829.5,5835.55,5829.45,5832.75,0,0,0,1,0.578013814199932,LONDON,6,1.4520093126835558,day_anchor_std,server_midnight,0,0,1,0,0,0,UNCLASSIFIED,TRANSITION_UNCLASSIFIED,TRANSITION
5832.65,5837.15,5832.45,5834.65,0,0,0,1,0.578013814199932,LONDON,6,1.4520093126835558,day_anchor_std,server_midnight,0,0,1,0,0,0,UNCLASSIFIED,TRANSITION_UNCLASSIFIED,TRANSITION
5834.35,5840.15,5833.15,5839.6,0,0,0,1,0.578013814199932,LONDON,6,1.4520093126835558,day_anchor_std,server_midnight,0,0,1,0,0,0,UNCLASSIFIED,TRANSITION_UNCLASSIFIED,TRANSITION
5833.15,5840.9,5832.7,5839.4,0,0,0,0,0.9695092746128209,NY_PM,2,0.04226492894485294,day_anchor_std,server_midnight,1,0,0,0,0,0,BALANCE_LEAKING,BALANCE_LEAKING,BALANCE
5839.75,5843.95,5836.75,5837.3,0,0,0,0,0.9695092746128209,NY_PM,2,0.04226492894485294,day_anchor_std,server_midnight,1,0,0,0,0,0,BALANCE_LEAKING,BALANCE_LEAKING,BALANCE
5837.15,5843.2,5836.68,5840.65,0,0,0,0,0.8423840013885631,NY_PM,3,0.05552988293285597,day_anchor_std,server_midnight,1,0,0,0,0,0,UNCLASSIFIED,BALANCE_UNCLASSIFIED,BALANCE
5840.75,5841.6,5838.0,5838.5,0,0,0,0,0.8423840013885631,NY_PM,3,0.05552988293285597,day_anchor_std,server_midnight,1,0,0,0,0,0,UNCLASSIFIED,BALANCE_UNCLASSIFIED,BALANCE
5838.45,5840.5,5836.45,5836.5,0,0,0,0,0.8423840013885631,NY_PM,3,0.05552988293285597,day_anchor_std,server_midnight,1,0,0,0,0,0,UNCLASSIFIED,BALANCE_UNCLASSIFIED,BALANCE
5836.45,5839.6,5836.25,5839.15,0,0,0,0,0.8423840013885631,NY_PM,3,0.05552988293285597,day_anchor_std,server_midnight,1,0,0,0,0,0,UNCLASSIFIED,BALANCE_UNCLASSIFIED,BALANCE
5844.3,5852.15,5843.95,5845.5,0,0,0,1,0.7582973473555517,NY,4,1.3296039094649066,day_anchor_std,server_midnight,0,0,1,0,0,0,UNCLASSIFIED,TRANSITION_UNCLASSIFIED,TRANSITION
5845.75,5847.15,5840.4,5845.15,0,0,0,1,0.7582973473555517,NY,4,1.3296039094649066,day_anchor_std,server_midnight,0,0,1,0,0,0,UNCLASSIFIED,TRANSITION_UNCLASSIFIED,TRANSITION
5845.05,5849.15,5842.45,5849.15,0,0,0,1,0.7582973473555517,NY,4,1.3296039094649066,day_anchor_std,server_midnight,0,0,1,0,0,0,UNCLASSIFIED,TRANSITION_UNCLASSIFIED,TRANSITION
5849.35,5854.35,5848.65,5849.95,0,0,0,1,0.7582973473555517,NY,4,1.3296039094649066,day_anchor_std,server_midnight,0,0,1,0,0,0,UNCLASSIFIED,TRANSITION_UNCLASSIFIED,TRANSITION
5803.55,5804.35,5800.15,5801.25,0,0,0,2,0.9735936769022455,ASIA,5,0.11434405308833658,day_anchor_std,server_midnight,0,0,0,1,0,0,TREND_STRONG,TREND_STRONG,TREND
5801.55,5802.85,5800.05,5800.85,0,0,0,2,0.9735936769022455,ASIA,5,0.11434405308833658,day_anchor_std,server_midnight,0,0,0,1,0,0,TREND_STRONG,TREND_STRONG,TREND
5800.65,5801.05,5798.35,5799.0,0,0,0,2,0.9735936769022455,ASIA,5,0.11434405308833658,day_anchor_std,server_midnight,0,0,0,1,0,0,TREND_STRONG,TREND_STRONG,TREND
5799.35,5800.35,5797.85,5798.7,0,0,0,2,0.9735936769022455,ASIA,5,0.11434405308833658,day_anchor_std,server_midnight,0,0,0,1,0,0,TREND_STRONG,TREND_STRONG,TREND
5798.85,5799.05,5796.35,5797.35,0,0,0,2,0.985243294364516,ASIA,6,0.6498704771454755,day_anchor_std,server_midnight,0,0,0,1,0,0,TREND_STRONG,TREND_STRONG,TREND
5797.5,5798.55,5795.55,5795.85,0,0,0,2,0.985243294364516,ASIA,6,0.6498704771454755,day_anchor_std,server_midnight,0,0,0,1,0,0,TREND_STRONG,TREND_STRONG,TREND
5796.05,5796.85,5793.65,5793.85,0,0,0,2,0.985243294364516,ASIA,6,0.6498704771454755,day_anchor_std,server_midnight,0,0,0,1,0,0,TREND_STRONG,TREND_STRONG,TREND
5794.15,5794.15,5787.05,5787.35,0,0,0,2,0.985243294364516,ASIA,6,0.6498704771454755,day_anchor_std,server_midnight,0,0,0,1,0,0,TREND_STRONG,TREND_STRONG,TREND
5787.05,5787.35,5779.35,5782.35,0,0,0,2,0.9909439924916432,ASIA,7,1.0069393419871024,day_anchor_std,server_midnight,0,0,0,0,0,1,TREND_STRONG,TREND_STRONG,TREND
5782.05,5786.35,5779.35,5780.35,0,0,0,2,0.9909439924916432,ASIA,7,1.0069393419871024,day_anchor_std,server_midnight,0,0,0,0,0,1,TREND_STRONG,TREND_STRONG,TREND
5780.15,5781.65,5775.45,5777.25,0,0,0,2,0.9909439924916432,ASIA,7,1.0069393419871024,day_anchor_std,server_midnight,0,0,0,0,0,1,TREND_STRONG,TREND_STRONG,TREND
5777.65,5781.35,5774.15,5778.25,0,0,0,2,0.9909439924916432,ASIA,7,1.0069393419871024,day_anchor_std,server_midnight,0,0,0,0,0,1,TREND_STRONG,TREND_STRONG,TREND
5778.2,5778.65,5774.65,5775.9,0,0,0,2,0.9958717894358796,ASIA,8,0.6404720782959527,day_anchor_std,server_midnight,0,0,0,1,0,0,UNCLASSIFIED,TREND_UNCLASSIFIED,TREND
5776.1,5780.0,5774.85,5779.75,0,0,0,2,0.9958717894358796,ASIA,8,0.6404720782959527,day_anchor_std,server_midnight,0,0,0,1,0,0,UNCLASSIFIED,TREND_UNCLASSIFIED,TREND
5779.75,5780.85,5775.85,5779.85,0,0,0,2,0.9958717894358796,ASIA,8,0.6404720782959527,day_anchor_std,server_midnight,0,0,0,1,0,0,UNCLASSIFIED,TREND_UNCLASSIFIED,TREND
5780.15,5782.65,5776.85,5782.15,0,0,0,2,0.9958717894358796,ASIA,8,0.6404720782959527,day_anchor_std,server_midnight,0,0,0,1,0,0,UNCLASSIFIED,TREND_UNCLASSIFIED,TREND
5782.25,5785.85,5780.65,5784.15,0,0,0,2,0.9806410875685257,LONDON,9,0.30396518375240145,day_anchor_std,server_midnight,0,0,0,0,1,0,UNCLASSIFIED,TREND_UNCLASSIFIED,TREND
5784.3,5789.85,5780.85,5789.7,0,0,0,2,0.9806410875685257,LONDON,9,0.30396518375240145,day_anchor_std,server_midnight,0,0,0,0,1,0,UNCLASSIFIED,TREND_UNCLASSIFIED,TREND
5789.5,5792.65,5785.35,5791.35,0,0,0,2,0.9806410875685257,LONDON,9,0.30396518375240145,day_anchor_std,server_midnight,0,0,0,0,1,0,UNCLASSIFIED,TREND_UNCLASSIFIED,TREND
5787.05,5792.15,5785.15,5786.3,0,0,0,2,0.9806410875685257,LONDON,9,0.30396518375240145,day_anchor_std,server_midnight,0,0,0,0,1,0,UNCLASSIFIED,TREND_UNCLASSIFIED,TREND
5785.85,5788.3,5778.4,5779.65,0,0,0,2,0.9988612042826991,LONDON,10,2.8520581863200576,day_anchor_std,server_midnight,0,0,0,0,0,1,UNCLASSIFIED,TREND_UNCLASSIFIED,TREND
5779.85,5779.85,5754.1,5760.95,0,0,0,2,0.9988612042826991,LONDON,10,2.8520581863200576,day_anchor_std,server_midnight,0,0,0,0,0,1,UNCLASSIFIED,TREND_UNCLASSIFIED,TREND
5760.55,5761.35,5740.45,5742.35,0,0,0,2,0.9988612042826991,LONDON,10,2.8520581863200576,day_anchor_std,server_midnight,0,0,0,0,0,1,UNCLASSIFIED,TREND_UNCLASSIFIED,TREND
5742.5,5748.25,5732.45,5733.95,0,0,0,2,0.9988612042826991,LONDON,10,2.8520581863200576,day_anchor_std,server_midnight,0,0,0,0,0,1,UNCLASSIFIED,TREND_UNCLASSIFIED,TREND
5733.8,5739.3,5724.65,5732.95,0,0,0,2,0.9835583432124775,LONDON,11,2.5003253937264147,day_anchor_std,server_midnight,0,0,0,0,0,1,UNCLASSIFIED,TREND_UNCLASSIFIED,TREND
5732.85,5735.9,5722.55,5730.95,0,0,0,2,0.9835583432124775,LONDON,11,2.5003253937264147,day_anchor_std,server_midnight,0,0,0,0,0,1,UNCLASSIFIED,TREND_UNCLASSIFIED,TREND
5730.75,5740.45,5726.85,5736.35,0,0,0,2,0.9835583432124775,LONDON,11,2.5003253937264147,day_anchor_std,server_midnight,0,0,0,0,0,1,UNCLASSIFIED,TREND_UNCLASSIFIED,TREND
5736.05,5738.5,5731.85,5734.95,0,0,0,2,0.9835583432124775,LONDON,11,2.5003253937264147,day_anchor_std,server_midnight,0,0,0,0,0,1,UNCLASSIFIED,TREND_UNCLASSIFIED,TREND
5734.85,5741.35,5733.05,5733.45,0,0,0,2,0.9913052291639667,NY,12,2.82870082278917,day_anchor_std,server_midnight,0,0,0,0,0,1,UNCLASSIFIED,TREND_UNCLASSIFIED,TREND
5733.05,5733.95,5722.65,5725.1,0,0,0,2,0.9913052291639667,NY,12,2.82870082278917,day_anchor_std,server_midnight,0,0,0,0,0,1,UNCLASSIFIED,TREND_UNCLASSIFIED,TREND
5725.25,5726.95,5720.15,5726.5,0,0,0,2,0.9913052291639667,NY,12,2.82870082278917,day_anchor_std,server_midnight,0,0,0,0,0,1,UNCLASSIFIED,TREND_UNCLASSIFIED,TREND
5726.35,5729.85,5718.7,5728.2,0,0,0,2,0.9913052291639667,NY,12,2.82870082278917,day_anchor_std,server_midnight,0,0,0,0,0,1,UNCLASSIFIED,TREND_UNCLASSIFIED,TREND
5728.1,5738.45,5727.95,5733.2,0,0,0,2,0.9997771838132857,NY,12,3.4818094321462527,day_anchor_std,server_midnight,0,0,0,0,0,1,UNCLASSIFIED,TREND_UNCLASSIFIED,TREND
5733.55,5741.05,5706.6,5707.1,0,0,0,2,0.9997771838132857,NY,12,3.4818094321462527,day_anchor_std,server_midnight,0,0,0,0,0,1,UNCLASSIFIED,TREND_UNCLASSIFIED,TREND
5707.15,5725.35,5707.15,5718.95,0,0,0,2,0.9997771838132857,NY,12,3.4818094321462527,day_anchor_std,server_midnight,0,0,0,0,0,1,UNCLASSIFIED,TREND_UNCLASSIFIED,TREND
5715.6,5723.85,5704.75,5708.1,0,0,0,2,0.9997771838132857,NY,12,3.4818094321462527,day_anchor_std,server_midnight,0,0,0,0,0,1,UNCLASSIFIED,TREND_UNCLASSIFIED,TREND
5719.2,5724.85,5718.55,5724.7,0,0,0,2,0.9674494148169668,ASIA,3,0.07666181465307698,day_anchor_std,server_midnight,0,0,0,1,0,0,UNCLASSIFIED,TREND_UNCLASSIFIED,TREND
5724.55,5725.85,5722.85,5724.35,0,0,0,2,0.9674494148169668,ASIA,3,0.07666181465307698,day_anchor_std,server_midnight,0,0,0,1,0,0,UNCLASSIFIED,TREND_UNCLASSIFIED,TREND
5724.85,5724.85,5719.35,5720.35,0,0,0,2,0.9674494148169668,ASIA,3,0.07666181465307698,day_anchor_std,server_midnight,0,0,0,1,0,0,UNCLASSIFIED,TREND_UNCLASSIFIED,TREND
5720.55,5722.05,5715.45,5717.55,0,0,0,2,0.9674494148169668,ASIA,3,0.07666181465307698,day_anchor_std,server_midnight,0,0,0,1,0,0,UNCLASSIFIED,TREND_UNCLASSIFIED,TREND
5717.7,5719.55,5711.7,5712.2,0,0,0,2,0.7998565280362706,ASIA,4,0.28494695254585645,day_anchor_std,server_midnight,0,0,0,1,0,0,TREND_STRONG,TREND_STRONG,TREND
5712.35,5722.35,5712.05,5720.95,0,0,0,2,0.7998565280362706,ASIA,4,0.28494695254585645,day_anchor_std,server_midnight,0,0,0,1,0,0,TREND_STRONG,TREND_STRONG,TREND
5721.35,5726.55,5719.55,5725.35,0,0,0,2,0.7998565280362706,ASIA,4,0.28494695254585645,day_anchor_std,server_midnight,0,0,0,1,0,0,TREND_STRONG,TREND_STRONG,TREND
5724.95,5728.05,5721.85,5724.85,0,0,0,2,0.7998565280362706,ASIA,4,0.28494695254585645,day_anchor_std,server_midnight,0,0,0,1,0,0,TREND_STRONG,TREND_STRONG,TREND
5725.35,5728.95,5723.85,5727.85,0,0,0,2,0.7420703840018038,ASIA,5,0.6024242424242688,day_anchor_std,server_midnight,0,0,0,1,0,0,TREND_STRONG,TREND_STRONG,TREND
5728.05,5728.05,5724.55,5726.85,0,0,0,2,0.7420703840018038,ASIA,5,0.6024242424242688,day_anchor_std,server_midnight,0,0,0,1,0,0,TREND_STRONG,TREND_STRONG,TREND
5727.05,5731.45,5726.05,5729.35,0,0,0,2,0.7420703840018038,ASIA,5,0.6024242424242688,day_anchor_std,server_midnight,0,0,0,1,0,0,TREND_STRONG,TREND_STRONG,TREND
5729.55,5733.05,5727.95,5731.85,0,0,0,2,0.7420703840018038,ASIA,5,0.6024242424242688,day_anchor_std,server_midnight,0,0,0,1,0,0,TREND_STRONG,TREND_STRONG,TREND
5731.95,5732.85,5727.7,5731.45,0,0,0,2,0.6902791205039728,LONDON,6,0.8157067362365733,day_anchor_std,server_midnight,0,0,0,0,1,0,TREND_STRONG,TREND_STRONG,TREND
5731.85,5735.35,5730.45,5732.85,0,0,0,2,0.6902791205039728,LONDON,6,0.8157067362365733,day_anchor_std,server_midnight,0,0,0,0,1,0,TREND_STRONG,TREND_STRONG,TREND
5733.2,5734.25,5729.35,5730.45,0,0,0,2,0.6902791205039728,LONDON,6,0.8157067362365733,day_anchor_std,server_midnight,0,0,0,0,1,0,TREND_STRONG,TREND_STRONG,TREND
5730.6,5740.45,5725.6,5737.45,0,0,0,2,0.6902791205039728,LONDON,6,0.8157067362365733,day_anchor_std,server_midnight,0,0,0,0,1,0,TREND_STRONG,TREND_STRONG,TREND
5726.25,5728.75,5723.55,5728.7,0,0,0,1,0.8487136684901996,LONDON,1,1.736020806241869,day_anchor_std,server_midnight,0,0,1,0,0,0,UNCLASSIFIED,TRANSITION_UNCLASSIFIED,TRANSITION
5728.65,5730.7,5724.55,5724.55,0,0,0,1,0.8487136684901996,LONDON,1,1.736020806241869,day_anchor_std,server_midnight,0,0,1,0,0,0,UNCLASSIFIED,TRANSITION_UNCLASSIFIED,TRANSITION
5724.45,5728.15,5721.55,5727.0,0,0,0,1,0.8487136684901996,LONDON,1,1.736020806241869,day_anchor_std,server_midnight,0,0,1,0,0,0,UNCLASSIFIED,TRANSITION_UNCLASSIFIED,TRANSITION
5726.85,5760.05,5724.6,5760.05,0,0,0,1,0.8487136684901996,LONDON,1,1.736020806241869,day_anchor_std,server_midnight,0,0,1,0,0,0,UNCLASSIFIED,TRANSITION_UNCLASSIFIED,TRANSITION
5856.1,5868.15,5852.75,5860.15,0,0,0,2,0.9973095343320263,ASIA,7,0.1196139897965422,day_anchor_std,server_midnight,0,0,0,1,0,0,TREND_STRONG,TREND_STRONG,TREND
5859.85,5859.85,5846.4,5855.7,0,0,0,2,0.9973095343320263,ASIA,7,0.1196139897965422,day_anchor_std,server_midnight,0,0,0,1,0,0,TREND_STRONG,TREND_STRONG,TREND
5855.8,5858.5,5847.9,5856.55,0,0,0,2,0.9973095343320263,ASIA,7,0.1196139897965422,day_anchor_std,server_midnight,0,0,0,1,0,0,TREND_STRONG,TREND_STRONG,TREND
5856.65,5865.75,5856.6,5860.75,0,0,0,2,0.9973095343320263,ASIA,7,0.1196139897965422,day_anchor_std,server_midnight,0,0,0,1,0,0,TREND_STRONG,TREND_STRONG,TREND
5860.7,5860.7,5841.35,5849.55,0,0,0,2,0.999507912981026,ASIA,8,0.5673556265053518,day_anchor_std,server_midnight,0,0,0,1,0,0,TREND_STRONG,TREND_STRONG,TREND
5849.35,5860.75,5849.35,5857.85,0,0,0,2,0.999507912981026,ASIA,8,0.5673556265053518,day_anchor_std,server_midnight,0,0,0,1,0,0,TREND_STRONG,TREND_STRONG,TREND
5858.35,5871.05,5852.55,5871.0,0,0,0,2,0.999507912981026,ASIA,8,0.5673556265053518,day_anchor_std,server_midnight,0,0,0,1,0,0,TREND_STRONG,TREND_STRONG,TREND
5871.0,5882.75,5869.5,5874.35,0,0,0,2,0.999507912981026,ASIA,8,0.5673556265053518,day_anchor_std,server_midnight,0,0,0,1,0,0,TREND_STRONG,TREND_STRONG,TREND
5874.35,5895.65,5874.35,5889.65,0,0,0,2,0.9988774695536389,ASIA,9,1.8544050158360985,day_anchor_std,server_midnight,0,0,0,0,0,1,TREND_STRONG,TREND_STRONG,TREND
5889.55,5902.05,5879.85,5893.75,0,0,0,2,0.9988774695536389,ASIA,9,1.8544050158360985,day_anchor_std,server_midnight,0,0,0,0,0,1,TREND_STRONG,TREND_STRONG,TREND
5892.85,5904.2,5889.35,5903.7,0,0,0,2,0.9988774695536389,ASIA,9,1.8544050158360985,day_anchor_std,server_midnight,0,0,0,0,0,1,TREND_STRONG,TREND_STRONG,TREND
5903.85,5927.45,5902.55,5919.05,0,0,0,2,0.9988774695536389,ASIA,9,1.8544050158360985,day_anchor_std,server_midnight,0,0,0,0,0,1,TREND_STRONG,TREND_STRONG,TREND
5919.05,5919.45,5906.45,5911.25,0,0,0,2,0.9993302839184883,ASIA,10,1.541419141914205,day_anchor_std,server_midnight,0,0,0,0,0,1,TREND_STRONG,TREND_STRONG,TREND
5911.45,5923.45,5910.55,5923.45,0,0,0,2,0.9993302839184883,ASIA,10,1.541419141914205,day_anchor_std,server_midnight,0,0,0,0,0,1,TREND_STRONG,TREND_STRONG,TREND
5923.35,5924.45,5914.9,5923.05,0,0,0,2,0.9993302839184883,ASIA,10,1.541419141914205,day_anchor_std,server_midnight,0,0,0,0,0,1,TREND_STRONG,TREND_STRONG,TREND
5922.6,5924.7,5916.1,5917.95,0,0,0,2,0.9993302839184883,ASIA,10,1.541419141914205,day_anchor_std,server_midnight,0,0,0,0,0,1,TREND_STRONG,TREND_STRONG,TREND
5918.1,5922.25,5914.1,5917.7,0,0,0,2,0.9993529391442134,LONDON,11,1.36462093862819,day_anchor_std,server_midnight,0,0,0,0,0,1,TREND_STRONG,TREND_STRONG,TREND
5918.25,5918.45,5894.75,5900.2,0,0,0,2,0.9993529391442134,LONDON,11,1.36462093862819,day_anchor_std,server_midnight,0,0,0,0,0,1,TREND_STRONG,TREND_STRONG,TREND
5900.25,5918.9,5896.75,5913.25,0,0,0,2,0.9993529391442134,LONDON,11,1.36462093862819,day_anchor_std,server_midnight,0,0,0,0,0,1,TREND_STRONG,TREND_STRONG,TREND
5913.55,5926.5,5910.9,5918.85,0,0,0,2,0.9993529391442134,LONDON,11,1.36462093862819,day_anchor_std,server_midnight,0,0,0,0,0,1,TREND_STRONG,TREND_STRONG,TREND
5919.15,5924.1,5910.55,5919.65,0,0,0,2,0.9931012057538021,LONDON,12,0.040632297952182816,day_anchor_std,server_midnight,0,0,0,0,1,0,TREND_STRONG,TREND_STRONG,TREND
5919.8,5920.95,5906.85,5908.15,0,0,0,2,0.9931012057538021,LONDON,12,0.040632297952182816,day_anchor_std,server_midnight,0,0,0,0,1,0,TREND_STRONG,TREND_STRONG,TREND
5908.2,5914.15,5901.45,5913.7,0,0,0,2,0.9931012057538021,LONDON,12,0.040632297952182816,day_anchor_std,server_midnight,0,0,0,0,1,0,TREND_STRONG,TREND_STRONG,TREND
5913.95,5915.65,5876.2,5883.9,0,0,0,2,0.9931012057538021,LONDON,12,0.040632297952182816,day_anchor_std,server_midnight,0,0,0,0,1,0,TREND_STRONG,TREND_STRONG,TREND
6018.55,6020.05,6018.05,6019.85,0,0,0,1,0.9969987438438519,LONDON,6,1.009471432936162,day_anchor_std,server_midnight,0,0,1,0,0,0,TRANSITION_NOISY,TRANSITION_NOISY,TRANSITION
6020.05,6021.85,6019.9,6021.55,0,0,0,1,0.9969987438438519,LONDON,6,1.009471432936162,day_anchor_std,server_midnight,0,0,1,0,0,0,TRANSITION_NOISY,TRANSITION_NOISY,TRANSITION
6021.85,6026.3,6021.55,6026.25,0,0,0,1,0.9969987438438519,LONDON,6,1.009471432936162,day_anchor_std,server_midnight,0,0,1,0,0,0,TRANSITION_NOISY,TRANSITION_NOISY,TRANSITION
6026.05,6031.95,6025.9,6029.6,0,0,0,1,0.9969987438438519,LONDON,6,1.009471432936162,day_anchor_std,server_midnight,0,0,1,0,0,0,TRANSITION_NOISY,TRANSITION_NOISY,TRANSITION
6003.55,6006.0,6002.85,6005.85,0,0,0,0,0.3722634589384655,ASIA,5,0.0940649496080261,day_anchor_std,server_midnight,1,0,0,0,0,0,BALANCE_LEAKING,BALANCE_LEAKING,BALANCE
6005.65,6006.55,6003.35,6003.4,0,0,0,0,0.3722634589384655,ASIA,5,0.0940649496080261,day_anchor_std,server_midnight,1,0,0,0,0,0,BALANCE_LEAKING,BALANCE_LEAKING,BALANCE
6003.5,6005.55,6002.85,6005.55,0,0,0,0,0.3722634589384655,ASIA,5,0.0940649496080261,day_anchor_std,server_midnight,1,0,0,0,0,0,BALANCE_LEAKING,BALANCE_LEAKING,BALANCE
6005.85,6006.35,6004.35,6006.05,0,0,0,0,0.3722634589384655,ASIA,5,0.0940649496080261,day_anchor_std,server_midnight,1,0,0,0,0,0,BALANCE_LEAKING,BALANCE_LEAKING,BALANCE
6011.9,6012.65,6000.75,6002.25,0,0,0,1,0.9024860897004815,LONDON,1,1.2312278740451243,day_anchor_std,server_midnight,0,0,1,0,0,0,UNCLASSIFIED,TRANSITION_UNCLASSIFIED,TRANSITION
6002.35,6006.25,5994.45,5994.95,0,0,0,1,0.9024860897004815,LONDON,1,1.2312278740451243,day_anchor_std,server_midnight,0,0,1,0,0,0,UNCLASSIFIED,TRANSITION_UNCLASSIFIED,TRANSITION
5994.85,5998.45,5992.4,5994.55,0,0,0,1,0.9024860897004815,LONDON,1,1.2312278740451243,day_anchor_std,server_midnight,0,0,1,0,0,0,UNCLASSIFIED,TRANSITION_UNCLASSIFIED,TRANSITION
5994.3,5996.3,5985.85,5987.05,0,0,0,1,0.9024860897004815,LONDON,1,1.2312278740451243,day_anchor_std,server_midnight,0,0,1,0,0,0,UNCLASSIFIED,TRANSITION_UNCLASSIFIED,TRANSITION
5997.15,5997.15,5993.5,5993.85,0,0,0,0,0.9410414990153857,NY_PM,2,0.05147058823534747,day_anchor_std,server_midnight,1,0,0,0,0,0,UNCLASSIFIED,BALANCE_UNCLASSIFIED,BALANCE
5994.15,5995.85,5993.15,5993.2,0,0,0,0,0.9410414990153857,NY_PM,2,0.05147058823534747,day_anchor_std,server_midnight,1,0,0,0,0,0,UNCLASSIFIED,BALANCE_UNCLASSIFIED,BALANCE
5993.1,5993.15,5989.85,5991.65,0,0,0,0,0.9410414990153857,NY_PM,2,0.05147058823534747,day_anchor_std,server_midnight,1,0,0,0,0,0,UNCLASSIFIED,BALANCE_UNCLASSIFIED,BALANCE
5991.8,5992.35,5989.45,5990.05,0,0,0,0,0.9410414990153857,NY_PM,2,0.05147058823534747,day_anchor_std,server_midnight,1,0,0,0,0,0,UNCLASSIFIED,BALANCE_UNCLASSIFIED,BALANCE
5989.85,5993.35,5989.35,5992.15,0,0,0,0,0.9581090024156593,ASIA,3,0.012501116171109347,day_anchor_std,server_midnight,1,0,0,0,0,0,BALANCE_LEAKING,BALANCE_LEAKING,BALANCE
5992.0,5992.05,5989.15,5990.85,0,0,0,0,0.9581090024156593,ASIA,3,0.012501116171109347,day_anchor_std,server_midnight,1,0,0,0,0,0,BALANCE_LEAKING,BALANCE_LEAKING,BALANCE
5990.75,5995.35,5990.15,5994.85,0,0,0,0,0.9581090024156593,ASIA,3,0.012501116171109347,day_anchor_std,server_midnight,1,0,0,0,0,0,BALANCE_LEAKING,BALANCE_LEAKING,BALANCE
5994.85,5994.95,5991.85,5992.0,0,0,0,0,0.9581090024156593,ASIA,3,0.012501116171109347,day_anchor_std,server_midnight,1,0,0,0,0,0,BALANCE_LEAKING,BALANCE_LEAKING,BALANCE
5992.15,5992.85,5985.95,5988.85,0,0,0,0,0.8414570426537212,ASIA,4,0.3356376850128386,day_anchor_std,server_midnight,1,0,0,0,0,0,BALANCE_LEAKING,BALANCE_LEAKING,BALANCE
5988.65,5990.15,5987.85,5989.85,0,0,0,0,0.8414570426537212,ASIA,4,0.3356376850128386,day_anchor_std,server_midnight,1,0,0,0,0,0,BALANCE_LEAKING,BALANCE_LEAKING,BALANCE
5989.65,5991.15,5988.15,5988.45,0,0,0,0,0.8414570426537212,ASIA,4,0.3356376850128386,day_anchor_std,server_midnight,1,0,0,0,0,0,BALANCE_LEAKING,BALANCE_LEAKING,BALANCE
5988.65,5990.45,5985.95,5986.15,0,0,0,0,0.8414570426537212,ASIA,4,0.3356376850128386,day_anchor_std,server_midnight,1,0,0,0,0,0,BALANCE_LEAKING,BALANCE_LEAKING,BALANCE
5939.25,5941.8,5937.35,5941.35,0,0,0,2,0.9615040500009719,ASIA,6,0.04666666666665773,day_anchor_std,server_midnight,0,0,0,1,0,0,UNCLASSIFIED,TREND_UNCLASSIFIED,TREND
5941.2,5942.15,5938.15,5938.55,0,0,0,2,0.9615040500009719,ASIA,6,0.04666666666665773,day_anchor_std,server_midnight,0,0,0,1,0,0,UNCLASSIFIED,TREND_UNCLASSIFIED,TREND
5938.65,5940.35,5935.65,5940.35,0,0,0,2,0.9615040500009719,ASIA,6,0.04666666666665773,day_anchor_std,server_midnight,0,0,0,1,0,0,UNCLASSIFIED,TREND_UNCLASSIFIED,TREND
5940.2,5940.55,5937.35,5939.85,0,0,0,2,0.9615040500009719,ASIA,6,0.04666666666665773,day_anchor_std,server_midnight,0,0,0,1,0,0,UNCLASSIFIED,TREND_UNCLASSIFIED,TREND
5939.95,5942.35,5939.65,5941.15,0,0,0,2,0.9933017208776653,ASIA,7,0.44636678200690744,day_anchor_std,server_midnight,0,0,0,1,0,0,UNCLASSIFIED,TREND_UNCLASSIFIED,TREND
5941.3,5941.35,5934.85,5935.6,0,0,0,2,0.9933017208776653,ASIA,7,0.44636678200690744,day_anchor_std,server_midnight,0,0,0,1,0,0,UNCLASSIFIED,TREND_UNCLASSIFIED,TREND
5935.35,5935.55,5922.2,5922.35,0,0,0,2,0.9933017208776653,ASIA,7,0.44636678200690744,day_anchor_std,server_midnight,0,0,0,1,0,0,UNCLASSIFIED,TREND_UNCLASSIFIED,TREND
5922.65,5930.15,5922.5,5928.7,0,0,0,2,0.9933017208776653,ASIA,7,0.44636678200690744,day_anchor_std,server_midnight,0,0,0,1,0,0,UNCLASSIFIED,TREND_UNCLASSIFIED,TREND
5928.45,5928.85,5922.85,5925.15,0,0,0,2,0.9549962911725974,ASIA,8,0.6109038142620428,day_anchor_std,server_midnight,0,0,0,1,0,0,UNCLASSIFIED,TREND_UNCLASSIFIED,TREND
5925.25,5925.85,5920.75,5921.15,0,0,0,2,0.9549962911725974,ASIA,8,0.6109038142620428,day_anchor_std,server_midnight,0,0,0,1,0,0,UNCLASSIFIED,TREND_UNCLASSIFIED,TREND
5921.25,5924.3,5910.95,5911.05,0,0,0,2,0.9549962911725974,ASIA,8,0.6109038142620428,day_anchor_std,server_midnight,0,0,0,1,0,0,UNCLASSIFIED,TREND_UNCLASSIFIED,TREND
5910.55,5922.75,5910.55,5922.45,0,0,0,2,0.9549962911725974,ASIA,8,0.6109038142620428,day_anchor_std,server_midnight,0,0,0,1,0,0,UNCLASSIFIED,TREND_UNCLASSIFIED,TREND
5922.65,5922.95,5917.15,5919.55,0,0,0,2,0.993459966824966,ASIA,9,0.6113050900062055,day_anchor_std,server_midnight,0,0,0,1,0,0,UNCLASSIFIED,TREND_UNCLASSIFIED,TREND
5919.6,5922.15,5916.95,5918.15,0,0,0,2,0.993459966824966,ASIA,9,0.6113050900062055,day_anchor_std,server_midnight,0,0,0,1,0,0,UNCLASSIFIED,TREND_UNCLASSIFIED,TREND
5918.3,5920.45,5915.65,5919.65,0,0,0,2,0.993459966824966,ASIA,9,0.6113050900062055,day_anchor_std,server_midnight,0,0,0,1,0,0,UNCLASSIFIED,TREND_UNCLASSIFIED,TREND
5919.45,5921.45,5917.65,5920.6,0,0,0,2,0.993459966824966,ASIA,9,0.6113050900062055,day_anchor_std,server_midnight,0,0,0,1,0,0,UNCLASSIFIED,TREND_UNCLASSIFIED,TREND
5920.95,5925.65,5920.45,5925.45,0,0,0,2,0.983304510245121,LONDON,10,0.07406335423693314,day_anchor_std,server_midnight,0,0,0,0,1,0,UNCLASSIFIED,TREND_UNCLASSIFIED,TREND
5925.15,5925.95,5924.05,5924.65,0,0,0,2,0.983304510245121,LONDON,10,0.07406335423693314,day_anchor_std,server_midnight,0,0,0,0,1,0,UNCLASSIFIED,TREND_UNCLASSIFIED,TREND
5924.95,5928.9,5924.15,5927.05,0,0,0,2,0.983304510245121,LONDON,10,0.07406335423693314,day_anchor_std,server_midnight,0,0,0,0,1,0,UNCLASSIFIED,TREND_UNCLASSIFIED,TREND
5926.95,5931.65,5925.65,5930.65,0,0,0,2,0.983304510245121,LONDON,10,0.07406335423693314,day_anchor_std,server_midnight,0,0,0,0,1,0,UNCLASSIFIED,TREND_UNCLASSIFIED,TREND
5930.55,5930.95,5926.15,5926.55,0,0,0,2,0.9976031596545363,LONDON,11,1.3469208853824202,day_anchor_std,server_midnight,0,0,0,0,0,1,UNCLASSIFIED,TREND_UNCLASSIFIED,TREND
5926.35,5931.65,5920.65,5922.55,0,0,0,2,0.9976031596545363,LONDON,11,1.3469208853824202,day_anchor_std,server_midnight,0,0,0,0,0,1,UNCLASSIFIED,TREND_UNCLASSIFIED,TREND
5922.45,5924.15,5914.6,5916.15,0,0,0,2,0.9976031596545363,LONDON,11,1.3469208853824202,day_anchor_std,server_midnight,0,0,0,0,0,1,UNCLASSIFIED,TREND_UNCLASSIFIED,TREND
5916.45,5920.95,5903.8,5905.55,0,0,0,2,0.9976031596545363,LONDON,11,1.3469208853824202,day_anchor_std,server_midnight,0,0,0,0,0,1,UNCLASSIFIED,TREND_UNCLASSIFIED,TREND
5905.25,5906.05,5885.5,5886.7,0,0,0,2,0.9995719844914396,LONDON,12,2.603137100479133,day_anchor_std,server_midnight,0,0,0,0,0,1,UNCLASSIFIED,TREND_UNCLASSIFIED,TREND
5886.8,5894.65,5878.75,5882.7,0,0,0,2,0.9995719844914396,LONDON,12,2.603137100479133,day_anchor_std,server_midnight,0,0,0,0,0,1,UNCLASSIFIED,TREND_UNCLASSIFIED,TREND
5882.3,5891.3,5879.95,5890.95,0,0,0,2,0.9995719844914396,LONDON,12,2.603137100479133,day_anchor_std,server_midnight,0,0,0,0,0,1,UNCLASSIFIED,TREND_UNCLASSIFIED,TREND
5890.75,5892.35,5873.25,5875.95,0,0,0,2,0.9995719844914396,LONDON,12,2.603137100479133,day_anchor_std,server_midnight,0,0,0,0,0,1,UNCLASSIFIED,TREND_UNCLASSIFIED,TREND
5876.15,5877.75,5870.35,5872.55,0,0,0,2,0.9428096617485437,NY,12,3.1142828724885887,day_anchor_std,server_midnight,0,0,0,0,0,1,TREND_STRONG,TREND_STRONG,TREND
5872.55,5875.9,5864.25,5872.4,0,0,0,2,0.9428096617485437,NY,12,3.1142828724885887,day_anchor_std,server_midnight,0,0,0,0,0,1,TREND_STRONG,TREND_STRONG,TREND
5872.3,5874.35,5867.75,5871.7,0,0,0,2,0.9428096617485437,NY,12,3.1142828724885887,day_anchor_std,server_midnight,0,0,0,0,0,1,TREND_STRONG,TREND_STRONG,TREND
5871.3,5871.3,5856.25,5862.75,0,0,0,2,0.9428096617485437,NY,12,3.1142828724885887,day_anchor_std,server_midnight,0,0,0,0,0,1,TREND_STRONG,TREND_STRONG,TREND
5862.85,5868.05,5857.85,5858.65,0,0,0,2,0.9972782077509762,NY,12,2.1788702475397708,day_anchor_std,server_midnight,0,0,0,0,0,1,UNCLASSIFIED,TREND_UNCLASSIFIED,TREND
5859.05,5875.85,5858.05,5867.55,0,0,0,2,0.9972782077509762,NY,12,2.1788702475397708,day_anchor_std,server_midnight,0,0,0,0,0,1,UNCLASSIFIED,TREND_UNCLASSIFIED,TREND
5867.55,5881.0,5866.8,5870.75,0,0,0,2,0.9972782077509762,NY,12,2.1788702475397708,day_anchor_std,server_midnight,0,0,0,0,0,1,UNCLASSIFIED,TREND_UNCLASSIFIED,TREND
5871.05,5880.2,5865.25,5875.75,0,0,0,2,0.9972782077509762,NY,12,2.1788702475397708,day_anchor_std,server_midnight,0,0,0,0,0,1,UNCLASSIFIED,TREND_UNCLASSIFIED,TREND
5876.1,5883.2,5876.1,5877.8,0,0,0,2,0.9959799850391117,NY_PM,12,2.044233285133927,day_anchor_std,server_midnight,0,0,0,0,0,1,UNCLASSIFIED,TREND_UNCLASSIFIED,TREND
5877.75,5878.75,5876.95,5877.95,0,0,0,2,0.9959799850391117,NY_PM,12,2.044233285133927,day_anchor_std,server_midnight,0,0,0,0,0,1,UNCLASSIFIED,TREND_UNCLASSIFIED,TREND
5882.15,5884.95,5872.8,5883.75,0,0,0,2,0.9202391572353296,NY_PM,12,0.40999138673558566,day_anchor_std,server_midnight,0,0,0,0,1,0,UNCLASSIFIED,TREND_UNCLASSIFIED,TREND
5883.65,5885.3,5881.95,5885.05,0,0,0,2,0.9202391572353296,NY_PM,12,0.40999138673558566,day_anchor_std,server_midnight,0,0,0,0,1,0,UNCLASSIFIED,TREND_UNCLASSIFIED,TREND
5885.45,5891.05,5883.95,5889.55,0,0,0,2,0.9202391572353296,NY_PM,12,0.40999138673558566,day_anchor_std,server_midnight,0,0,0,0,1,0,UNCLASSIFIED,TREND_UNCLASSIFIED,TREND
5889.7,5893.9,5887.25,5893.55,0,0,0,2,0.9202391572353296,NY_PM,12,0.40999138673558566,day_anchor_std,server_midnight,0,0,0,0,1,0,UNCLASSIFIED,TREND_UNCLASSIFIED,TREND
5893.25,5894.05,5891.25,5893.25,0,0,0,2,0.5960474479206972,NY_PM,12,0.32924654480604165,day_anchor_std,server_midnight,0,0,0,0,1,0,UNCLASSIFIED,TREND_UNCLASSIFIED,TREND
5893.55,5893.75,5890.65,5891.75,0,0,0,2,0.5960474479206972,NY_PM,12,0.32924654480604165,day_anchor_std,server_midnight,0,0,0,0,1,0,UNCLASSIFIED,TREND_UNCLASSIFIED,TREND
5891.55,5892.9,5888.75,5891.25,0,0,0,2,0.5960474479206972,NY_PM,12,0.32924654480604165,day_anchor_std,server_midnight,0,0,0,0,1,0,UNCLASSIFIED,TREND_UNCLASSIFIED,TREND
5891.25,5892.25,5890.05,5891.75,0,0,0,2,0.5960474479206972,NY_PM,12,0.32924654480604165,day_anchor_std,server_midnight,0,0,0,0,1,0,UNCLASSIFIED,TREND_UNCLASSIFIED,TREND
5892.05,5892.9,5890.05,5890.25,0,0,0,2,0.6437136556597488,ASIA,12,0.06303369042077381,day_anchor_std,server_midnight,0,0,0,1,0,0,UNCLASSIFIED,TREND_UNCLASSIFIED,TREND
5890.55,5892.05,5889.75,5891.05,0,0,0,2,0.6437136556597488,ASIA,12,0.06303369042077381,day_anchor_std,server_midnight,0,0,0,1,0,0,UNCLASSIFIED,TREND_UNCLASSIFIED,TREND
5891.2,5892.75,5891.05,5892.15,0,0,0,2,0.6437136556597488,ASIA,12,0.06303369042077381,day_anchor_std,server_midnight,0,0,0,1,0,0,UNCLASSIFIED,TREND_UNCLASSIFIED,TREND
5892.25,5894.85,5891.75,5893.75,0,0,0,2,0.6437136556597488,ASIA,12,0.06303369042077381,day_anchor_std,server_midnight,0,0,0,1,0,0,UNCLASSIFIED,TREND_UNCLASSIFIED,TREND
5932.25,5932.75,5928.05,5929.05,0,0,0,0,0.8227731375887095,ASIA,2,0.05433682078976587,day_anchor_std,server_midnight,1,0,0,0,0,0,BALANCE_LEAKING,BALANCE_LEAKING,BALANCE
5928.8,5929.2,5924.3,5926.75,0,0,0,0,0.8227731375887095,ASIA,2,0.05433682078976587,day_anchor_std,server_midnight,1,0,0,0,0,0,BALANCE_LEAKING,BALANCE_LEAKING,BALANCE
5926.7,5930.55,5926.55,5929.75,0,0,0,0,0.8227731375887095,ASIA,2,0.05433682078976587,day_anchor_std,server_midnight,1,0,0,0,0,0,BALANCE_LEAKING,BALANCE_LEAKING,BALANCE
5929.55,5930.75,5929.05,5930.25,0,0,0,0,0.8227731375887095,ASIA,2,0.05433682078976587,day_anchor_std,server_midnight,1,0,0,0,0,0,BALANCE_LEAKING,BALANCE_LEAKING,BALANCE
5930.4,5931.2,5928.15,5930.55,0,0,0,0,0.725641889945546,ASIA,3,0.25208192662618234,day_anchor_std,server_midnight,1,0,0,0,0,0,BALANCE_LEAKING,BALANCE_LEAKING,BALANCE
5930.25,5930.45,5927.25,5929.25,0,0,0,0,0.725641889945546,ASIA,3,0.25208192662618234,day_anchor_std,server_midnight,1,0,0,0,0,0,BALANCE_LEAKING,BALANCE_LEAKING,BALANCE
5929.1,5934.9,5928.75,5934.85,0,0,0,0,0.725641889945546,ASIA,3,0.25208192662618234,day_anchor_std,server_midnight,1,0,0,0,0,0,BALANCE_LEAKING,BALANCE_LEAKING,BALANCE
5934.9,5937.65,5932.05,5936.25,0,0,0,0,0.725641889945546,ASIA,3,0.25208192662618234,day_anchor_std,server_midnight,1,0,0,0,0,0,BALANCE_LEAKING,BALANCE_LEAKING,BALANCE
5956.1,5958.8,5954.05,5957.8,0,0,0,2,0.852360093705314,ASIA,3,0.02963674529478354,day_anchor_std,server_midnight,0,0,0,1,0,0,UNCLASSIFIED,TREND_UNCLASSIFIED,TREND
5957.55,5962.8,5957.3,5957.6,0,0,0,2,0.852360093705314,ASIA,3,0.02963674529478354,day_anchor_std,server_midnight,0,0,0,1,0,0,UNCLASSIFIED,TREND_UNCLASSIFIED,TREND
5957.55,5962.4,5953.2,5958.4,0,0,0,2,0.852360093705314,ASIA,3,0.02963674529478354,day_anchor_std,server_midnight,0,0,0,1,0,0,UNCLASSIFIED,TREND_UNCLASSIFIED,TREND
5958.4,5960.2,5954.9,5956.2,0,0,0,2,0.852360093705314,ASIA,3,0.02963674529478354,day_anchor_std,server_midnight,0,0,0,1,0,0,UNCLASSIFIED,TREND_UNCLASSIFIED,TREND
5953.7,5957.8,5950.6,5954.6,0,0,0,1,0.9905378262089962,LONDON,1,0.9963449214076119,day_anchor_std,server_midnight,0,0,1,0,0,0,UNCLASSIFIED,TRANSITION_UNCLASSIFIED,TRANSITION
5954.8,5955.1,5949.95,5952.1,0,0,0,1,0.9905378262089962,LONDON,1,0.9963449214076119,day_anchor_std,server_midnight,0,0,1,0,0,0,UNCLASSIFIED,TRANSITION_UNCLASSIFIED,TRANSITION
5952.1,5955.3,5949.8,5954.5,0,0,0,1,0.9905378262089962,LONDON,1,0.9963449214076119,day_anchor_std,server_midnight,0,0,1,0,0,0,UNCLASSIFIED,TRANSITION_UNCLASSIFIED,TRANSITION
5955.3,5979.4,5954.0,5977.55,0,0,0,1,0.9905378262089962,LONDON,1,0.9963449214076119,day_anchor_std,server_midnight,0,0,1,0,0,0,UNCLASSIFIED,TRANSITION_UNCLASSIFIED,TRANSITION
5986.5,5990.9,5985.75,5990.1,0,0,0,1,0.9817943183542001,NY_PM,2,0.16487775790100584,day_anchor_std,server_midnight,0,1,0,0,0,0,UNCLASSIFIED,TRANSITION_UNCLASSIFIED,TRANSITION
5990.1,5990.9,5987.65,5988.9,0,0,0,1,0.9817943183542001,NY_PM,2,0.16487775790100584,day_anchor_std,server_midnight,0,1,0,0,0,0,UNCLASSIFIED,TRANSITION_UNCLASSIFIED,TRANSITION
5989.15,5992.4,5989.15,5991.9,0,0,0,1,0.9817943183542001,NY_PM,2,0.16487775790100584,day_anchor_std,server_midnight,0,1,0,0,0,0,UNCLASSIFIED,TRANSITION_UNCLASSIFIED,TRANSITION
5991.9,5993.65,5990.9,5993.65,0,0,0,1,0.9817943183542001,NY_PM,2,0.16487775790100584,day_anchor_std,server_midnight,0,1,0,0,0,0,UNCLASSIFIED,TRANSITION_UNCLASSIFIED,TRANSITION
5992.15,5992.9,5990.4,5990.4,0,0,0,2,0.9409720220920098,ASIA,3,0.019790783149597774,day_anchor_std,server_midnight,0,0,0,1,0,0,UNCLASSIFIED,TREND_UNCLASSIFIED,TREND
5990.4,5992.9,5989.4,5991.65,0,0,0,2,0.9409720220920098,ASIA,3,0.019790783149597774,day_anchor_std,server_midnight,0,0,0,1,0,0,UNCLASSIFIED,TREND_UNCLASSIFIED,TREND
5991.65,5994.4,5990.65,5992.9,0,0,0,2,0.9409720220920098,ASIA,3,0.019790783149597774,day_anchor_std,server_midnight,0,0,0,1,0,0,UNCLASSIFIED,TREND_UNCLASSIFIED,TREND
5992.9,5994.4,5991.65,5993.4,0,0,0,2,0.9409720220920098,ASIA,3,0.019790783149597774,day_anchor_std,server_midnight,0,0,0,1,0,0,UNCLASSIFIED,TREND_UNCLASSIFIED,TREND
5993.4,5995.4,5991.65,5994.9,0,0,0,2,0.9956982209731401,ASIA,4,0.35606060606065015,day_anchor_std,server_midnight,0,0,0,1,0,0,TREND_STRONG,TREND_STRONG,TREND
5994.9,5997.4,5994.15,5996.65,0,0,0,2,0.9956982209731401,ASIA,4,0.35606060606065015,day_anchor_std,server_midnight,0,0,0,1,0,0,TREND_STRONG,TREND_STRONG,TREND
5996.65,5996.9,5995.0,5995.4,0,0,0,2,0.9956982209731401,ASIA,4,0.35606060606065015,day_anchor_std,server_midnight,0,0,0,1,0,0,TREND_STRONG,TREND_STRONG,TREND
5995.4,5998.9,5995.4,5998.65,0,0,0,2,0.9956982209731401,ASIA,4,0.35606060606065015,day_anchor_std,server_midnight,0,0,0,1,0,0,TREND_STRONG,TREND_STRONG,TREND
5998.65,6000.25,5995.65,5999.5,0,0,0,2,0.9830341842995844,LONDON,5,0.22259414225947838,day_anchor_std,server_midnight,0,0,0,0,1,0,UNCLASSIFIED,TREND_UNCLASSIFIED,TREND
5999.5,6000.75,5998.35,5998.75,0,0,0,2,0.9830341842995844,LONDON,5,0.22259414225947838,day_anchor_std,server_midnight,0,0,0,0,1,0,UNCLASSIFIED,TREND_UNCLASSIFIED,TREND
5998.85,5999.5,5992.45,5993.7,0,0,0,2,0.9830341842995844,LONDON,5,0.22259414225947838,day_anchor_std,server_midnight,0,0,0,0,1,0,UNCLASSIFIED,TREND_UNCLASSIFIED,TREND
5993.7,5998.45,5992.45,5997.2,0,0,0,2,0.9830341842995844,LONDON,5,0.22259414225947838,day_anchor_std,server_midnight,0,0,0,0,1,0,UNCLASSIFIED,TREND_UNCLASSIFIED,TREND
5997.2,5999.2,5995.55,5997.95,0,0,0,2,0.968030047538526,LONDON,6,0.6264163255621454,day_anchor_std,server_midnight,0,0,0,0,1,0,UNCLASSIFIED,TREND_UNCLASSIFIED,TREND
5997.95,6012.95,5996.2,6008.45,0,0,0,2,0.968030047538526,LONDON,6,0.6264163255621454,day_anchor_std,server_midnight,0,0,0,0,1,0,UNCLASSIFIED,TREND_UNCLASSIFIED,TREND
6008.45,6014.3,6006.7,6007.45,0,0,0,2,0.968030047538526,LONDON,6,0.6264163255621454,day_anchor_std,server_midnight,0,0,0,0,1,0,UNCLASSIFIED,TREND_UNCLASSIFIED,TREND
6007.7,6020.45,5998.95,6004.3,0,0,0,2,0.968030047538526,LONDON,6,0.6264163255621454,day_anchor_std,server_midnight,0,0,0,0,1,0,UNCLASSIFIED,TREND_UNCLASSIFIED,TREND
6024.8,6024.8,6021.6,6021.6,0,0,0,2,0.7341508633173939,ASIA,3,0.12863502889079248,day_anchor_std,server_midnight,0,0,0,1,0,0,TREND_FRAGILE,TREND_FRAGILE,TREND
6021.6,6022.35,6019.6,6021.35,0,0,0,2,0.7341508633173939,ASIA,3,0.12863502889079248,day_anchor_std,server_midnight,0,0,0,1,0,0,TREND_FRAGILE,TREND_FRAGILE,TREND
6021.35,6021.35,6019.15,6019.4,0,0,0,2,0.7341508633173939,ASIA,3,0.12863502889079248,day_anchor_std,server_midnight,0,0,0,1,0,0,TREND_FRAGILE,TREND_FRAGILE,TREND
6019.4,6019.65,6015.45,6017.7,0,0,0,2,0.7341508633173939,ASIA,3,0.12863502889079248,day_anchor_std,server_midnight,0,0,0,1,0,0,TREND_FRAGILE,TREND_FRAGILE,TREND
6017.7,6018.25,6015.5,6017.75,0,0,0,2,0.6584184028285784,ASIA,4,0.11735249292396946,day_anchor_std,server_midnight,0,0,0,1,0,0,TREND_FRAGILE,TREND_FRAGILE,TREND
6017.75,6019.5,6016.8,6016.8,0,0,0,2,0.6584184028285784,ASIA,4,0.11735249292396946,day_anchor_std,server_midnight,0,0,0,1,0,0,TREND_FRAGILE,TREND_FRAGILE,TREND
6017.05,6020.05,6016.55,6019.3,0,0,0,2,0.6584184028285784,ASIA,4,0.11735249292396946,day_anchor_std,server_midnight,0,0,0,1,0,0,TREND_FRAGILE,TREND_FRAGILE,TREND
6019.3,6020.35,6017.85,6018.1,0,0,0,2,0.6584184028285784,ASIA,4,0.11735249292396946,day_anchor_std,server_midnight,0,0,0,1,0,0,TREND_FRAGILE,TREND_FRAGILE,TREND
6017.95,6021.6,6016.85,6020.35,0,0,0,2,0.659908480164776,ASIA,5,0.5856093360047138,day_anchor_std,server_midnight,0,0,0,1,0,0,TREND_FRAGILE,TREND_FRAGILE,TREND
6020.35,6023.15,6019.4,6019.4,0,0,0,2,0.659908480164776,ASIA,5,0.5856093360047138,day_anchor_std,server_midnight,0,0,0,1,0,0,TREND_FRAGILE,TREND_FRAGILE,TREND
6019.65,6019.9,6010.15,6011.9,0,0,0,2,0.659908480164776,ASIA,5,0.5856093360047138,day_anchor_std,server_midnight,0,0,0,1,0,0,TREND_FRAGILE,TREND_FRAGILE,TREND
6011.9,6014.4,6008.4,6011.25,0,0,0,2,0.659908480164776,ASIA,5,0.5856093360047138,day_anchor_std,server_midnight,0,0,0,1,0,0,TREND_FRAGILE,TREND_FRAGILE,TREND
6011.4,6014.65,6008.9,6010.15,0,0,0,2,0.2831878463970134,ASIA,6,0.4139784946236476,day_anchor_std,server_midnight,0,0,0,1,0,0,TREND_FRAGILE,TREND_FRAGILE,TREND
6010.0,6010.4,6006.4,6010.15,0,0,0,2,0.2831878463970134,ASIA,6,0.4139784946236476,day_anchor_std,server_midnight,0,0,0,1,0,0,TREND_FRAGILE,TREND_FRAGILE,TREND
6010.15,6011.65,6007.4,6010.25,0,0,0,2,0.2831878463970134,ASIA,6,0.4139784946236476,day_anchor_std,server_midnight,0,0,0,1,0,0,TREND_FRAGILE,TREND_FRAGILE,TREND
6010.4,6013.4,6009.15,6012.4,0,0,0,2,0.2831878463970134,ASIA,6,0.4139784946236476,day_anchor_std,server_midnight,0,0,0,1,0,0,TREND_FRAGILE,TREND_FRAGILE,TREND
6046.75,6050.0,6046.75,6049.55,0,0,0,2,0.8621763607754281,ASIA,3,0.029622395833275673,day_anchor_std,server_midnight,0,0,0,1,0,0,TREND_STRONG,TREND_STRONG,TREND
6049.55,6051.8,6049.55,6050.55,0,0,0,2,0.8621763607754281,ASIA,3,0.029622395833275673,day_anchor_std,server_midnight,0,0,0,1,0,0,TREND_STRONG,TREND_STRONG,TREND
6050.55,6052.3,6050.55,6051.55,0,0,0,2,0.8621763607754281,ASIA,3,0.029622395833275673,day_anchor_std,server_midnight,0,0,0,1,0,0,TREND_STRONG,TREND_STRONG,TREND
6051.55,6051.55,6049.85,6049.85,0,0,0,2,0.8621763607754281,ASIA,3,0.029622395833275673,day_anchor_std,server_midnight,0,0,0,1,0,0,TREND_STRONG,TREND_STRONG,TREND
6072.8,6074.55,6069.8,6071.05,0,0,0,1,0.7354000472462123,LONDON,1,2.389970359689087,day_anchor_std,server_midnight,0,0,1,0,0,0,UNCLASSIFIED,TRANSITION_UNCLASSIFIED,TRANSITION
6070.8,6089.55,6065.3,6083.55,0,0,0,1,0.7354000472462123,LONDON,1,2.389970359689087,day_anchor_std,server_midnight,0,0,1,0,0,0,UNCLASSIFIED,TRANSITION_UNCLASSIFIED,TRANSITION
6083.55,6087.8,6082.05,6083.05,0,0,0,1,0.7354000472462123,LONDON,1,2.389970359689087,day_anchor_std,server_midnight,0,0,1,0,0,0,UNCLASSIFIED,TRANSITION_UNCLASSIFIED,TRANSITION
6082.55,6099.8,6082.3,6099.15,0,0,0,1,0.7354000472462123,LONDON,1,2.389970359689087,day_anchor_std,server_midnight,0,0,1,0,0,0,UNCLASSIFIED,TRANSITION_UNCLASSIFIED,TRANSITION
6085.5,6086.25,6083.25,6084.0,0,0,0,0,0.7138868520328748,ASIA,2,0.09146739840582116,day_anchor_std,server_midnight,1,0,0,0,0,0,BALANCE_LEAKING,BALANCE_LEAKING,BALANCE
6084.25,6085.25,6083.25,6083.5,0,0,0,0,0.7138868520328748,ASIA,2,0.09146739840582116,day_anchor_std,server_midnight,1,0,0,0,0,0,BALANCE_LEAKING,BALANCE_LEAKING,BALANCE
6083.5,6084.25,6082.75,6083.25,0,0,0,0,0.7138868520328748,ASIA,2,0.09146739840582116,day_anchor_std,server_midnight,1,0,0,0,0,0,BALANCE_LEAKING,BALANCE_LEAKING,BALANCE
6083.25,6083.25,6081.75,6082.75,0,0,0,0,0.7138868520328748,ASIA,2,0.09146739840582116,day_anchor_std,server_midnight,1,0,0,0,0,0,BALANCE_LEAKING,BALANCE_LEAKING,BALANCE
6082.75,6084.0,6082.25,6083.25,0,0,0,0,0.7895912407844192,ASIA,3,0.06969334926324215,day_anchor_std,server_midnight,1,0,0,0,0,0,BALANCE_LEAKING,BALANCE_LEAKING,BALANCE
6083.25,6083.75,6082.75,6083.75,0,0,0,0,0.7895912407844192,ASIA,3,0.06969334926324215,day_anchor_std,server_midnight,1,0,0,0,0,0,BALANCE_LEAKING,BALANCE_LEAKING,BALANCE
6083.75,6085.0,6083.5,6084.5,0,0,0,0,0.7895912407844192,ASIA,3,0.06969334926324215,day_anchor_std,server_midnight,1,0,0,0,0,0,BALANCE_LEAKING,BALANCE_LEAKING,BALANCE
6084.75,6085.5,6084.0,6084.5,0,0,0,0,0.7895912407844192,ASIA,3,0.06969334926324215,day_anchor_std,server_midnight,1,0,0,0,0,0,BALANCE_LEAKING,BALANCE_LEAKING,BALANCE
6082.9,6083.65,6070.25,6072.05,0,0,0,1,0.989666960231196,LONDON,2,1.308328291994424,day_anchor_std,server_midnight,0,0,1,0,0,0,UNCLASSIFIED,TRANSITION_UNCLASSIFIED,TRANSITION
6072.05,6074.75,6060.65,6061.55,0,0,0,1,0.989666960231196,LONDON,2,1.308328291994424,day_anchor_std,server_midnight,0,0,1,0,0,0,UNCLASSIFIED,TRANSITION_UNCLASSIFIED,TRANSITION
6061.8,6066.65,6054.0,6065.7,0,0,0,1,0.989666960231196,LONDON,2,1.308328291994424,day_anchor_std,server_midnight,0,0,1,0,0,0,UNCLASSIFIED,TRANSITION_UNCLASSIFIED,TRANSITION
6065.45,6069.05,6062.6,6068.05,0,0,0,1,0.989666960231196,LONDON,2,1.308328291994424,day_anchor_std,server_midnight,0,0,1,0,0,0,UNCLASSIFIED,TRANSITION_UNCLASSIFIED,TRANSITION
6041.7,6042.2,6036.0,6036.5,0,0,0,0,0.5327556977085465,ASIA,2,0.09953811822107603,day_anchor_std,server_midnight,1,0,0,0,0,0,BALANCE_LEAKING,BALANCE_LEAKING,BALANCE
6036.5,6039.0,6035.0,6037.0,0,0,0,0,0.5327556977085465,ASIA,2,0.09953811822107603,day_anchor_std,server_midnight,1,0,0,0,0,0,BALANCE_LEAKING,BALANCE_LEAKING,BALANCE
6037.25,6040.0,6036.75,6039.05,0,0,0,0,0.5327556977085465,ASIA,2,0.09953811822107603,day_anchor_std,server_midnight,1,0,0,0,0,0,BALANCE_LEAKING,BALANCE_LEAKING,BALANCE
6039.05,6041.8,6039.05,6040.05,0,0,0,0,0.5327556977085465,ASIA,2,0.09953811822107603,day_anchor_std,server_midnight,1,0,0,0,0,0,BALANCE_LEAKING,BALANCE_LEAKING,BALANCE
6040.75,6045.75,6040.5,6045.4,0,0,0,1,0.7992845490855148,LONDON,3,3.3256603773585294,day_anchor_std,server_midnight,0,0,1,0,0,0,UNCLASSIFIED,TRANSITION_UNCLASSIFIED,TRANSITION
6045.55,6061.2,6042.55,6060.35,0,0,0,1,0.7992845490855148,LONDON,3,3.3256603773585294,day_anchor_std,server_midnight,0,0,1,0,0,0,UNCLASSIFIED,TRANSITION_UNCLASSIFIED,TRANSITION
6060.35,6066.85,6060.1,6065.35,0,0,0,1,0.7992845490855148,LONDON,3,3.3256603773585294,day_anchor_std,server_midnight,0,0,1,0,0,0,UNCLASSIFIED,TRANSITION_UNCLASSIFIED,TRANSITION
6064.85,6074.8,6062.35,6074.55,0,0,0,1,0.7992845490855148,LONDON,3,3.3256603773585294,day_anchor_std,server_midnight,0,0,1,0,0,0,UNCLASSIFIED,TRANSITION_UNCLASSIFIED,TRANSITION
6074.45,6076.05,6067.45,6067.45,0,0,0,2,0.34654092415198645,NY_PM,4,0.9398318906035155,day_anchor_std,server_midnight,0,0,0,0,1,0,TREND_STRONG,TREND_STRONG,TREND
6067.45,6070.4,6067.45,6070.3,0,0,0,2,0.34654092415198645,NY_PM,4,0.9398318906035155,day_anchor_std,server_midnight,0,0,0,0,1,0,TREND_STRONG,TREND_STRONG,TREND
6052.9,6052.9,6046.5,6050.2,0,0,0,1,0.9463236497286059,LONDON,1,1.189321689838745,day_anchor_std,server_midnight,0,0,1,0,0,0,UNCLASSIFIED,TRANSITION_UNCLASSIFIED,TRANSITION
6050.2,6053.8,6047.55,6052.95,0,0,0,1,0.9463236497286059,LONDON,1,1.189321689838745,day_anchor_std,server_midnight,0,0,1,0,0,0,UNCLASSIFIED,TRANSITION_UNCLASSIFIED,TRANSITION
6052.95,6056.3,6048.55,6048.55,0,0,0,1,0.9463236497286059,LONDON,1,1.189321689838745,day_anchor_std,server_midnight,0,0,1,0,0,0,UNCLASSIFIED,TRANSITION_UNCLASSIFIED,TRANSITION
6049.05,6054.95,6043.15,6050.1,0,0,0,1,0.9463236497286059,LONDON,1,1.189321689838745,day_anchor_std,server_midnight,0,0,1,0,0,0,UNCLASSIFIED,TRANSITION_UNCLASSIFIED,TRANSITION
6056.45,6056.45,6053.5,6055.0,0,0,0,0,0.84323016787667,ASIA,2,0.18450352192684083,day_anchor_std,server_midnight,1,0,0,0,0,0,BALANCE_LEAKING,BALANCE_LEAKING,BALANCE
6055.0,6057.0,6054.25,6056.75,0,0,0,0,0.84323016787667,ASIA,2,0.18450352192684083,day_anchor_std,server_midnight,1,0,0,0,0,0,BALANCE_LEAKING,BALANCE_LEAKING,BALANCE
6056.75,6058.25,6055.8,6055.8,0,0,0,0,0.84323016787667,ASIA,2,0.18450352192684083,day_anchor_std,server_midnight,1,0,0,0,0,0,BALANCE_LEAKING,BALANCE_LEAKING,BALANCE
6055.55,6056.8,6053.1,6056.55,0,0,0,0,0.84323016787667,ASIA,2,0.18450352192684083,day_anchor_std,server_midnight,1,0,0,0,0,0,BALANCE_LEAKING,BALANCE_LEAKING,BALANCE
5872.9,5875.6,5868.45,5873.4,0,0,0,2,0.9966438745759758,ASIA,5,0.055562905146216666,day_anchor_std,server_midnight,0,0,0,1,0,0,UNCLASSIFIED,TREND_UNCLASSIFIED,TREND
5873.15,5877.35,5873.15,5875.85,0,0,0,2,0.9966438745759758,ASIA,5,0.055562905146216666,day_anchor_std,server_midnight,0,0,0,1,0,0,UNCLASSIFIED,TREND_UNCLASSIFIED,TREND
5875.85,5878.6,5873.65,5877.6,0,0,0,2,0.9966438745759758,ASIA,5,0.055562905146216666,day_anchor_std,server_midnight,0,0,0,1,0,0,UNCLASSIFIED,TREND_UNCLASSIFIED,TREND
5877.6,5878.85,5873.45,5875.9,0,0,0,2,0.9966438745759758,ASIA,5,0.055562905146216666,day_anchor_std,server_midnight,0,0,0,1,0,0,UNCLASSIFIED,TREND_UNCLASSIFIED,TREND
5875.9,5879.1,5874.2,5875.8,0,0,0,2,0.9990990255359337,ASIA,6,0.03903629155226682,day_anchor_std,server_midnight,0,0,0,1,0,0,TREND_STRONG,TREND_STRONG,TREND
5875.7,5876.45,5865.75,5865.85,0,0,0,2,0.9990990255359337,ASIA,6,0.03903629155226682,day_anchor_std,server_midnight,0,0,0,1,0,0,TREND_STRONG,TREND_STRONG,TREND
5865.85,5875.7,5865.6,5871.3,0,0,0,2,0.9990990255359337,ASIA,6,0.03903629155226682,day_anchor_std,server_midnight,0,0,0,1,0,0,TREND_STRONG,TREND_STRONG,TREND
5871.3,5876.25,5867.6,5872.3,0,0,0,2,0.9990990255359337,ASIA,6,0.03903629155226682,day_anchor_std,server_midnight,0,0,0,1,0,0,TREND_STRONG,TREND_STRONG,TREND
5872.3,5888.45,5871.05,5887.85,0,0,0,2,0.9981504546152968,ASIA,7,0.5916645786352637,day_anchor_std,server_midnight,0,0,0,1,0,0,TREND_STRONG,TREND_STRONG,TREND
5888.1,5891.7,5881.45,5889.7,0,0,0,2,0.9981504546152968,ASIA,7,0.5916645786352637,day_anchor_std,server_midnight,0,0,0,1,0,0,TREND_STRONG,TREND_STRONG,TREND
5889.85,5890.8,5882.7,5886.15,0,0,0,2,0.9981504546152968,ASIA,7,0.5916645786352637,day_anchor_std,server_midnight,0,0,0,1,0,0,TREND_STRONG,TREND_STRONG,TREND
5886.15,5894.8,5884.7,5894.05,0,0,0,2,0.9981504546152968,ASIA,7,0.5916645786352637,day_anchor_std,server_midnight,0,0,0,1,0,0,TREND_STRONG,TREND_STRONG,TREND
5894.05,5895.55,5885.95,5886.2,0,0,0,2,0.9909038148443897,ASIA,8,0.37541819665441595,day_anchor_std,server_midnight,0,0,0,1,0,0,TREND_STRONG,TREND_STRONG,TREND
5886.2,5895.1,5886.2,5893.75,0,0,0,2,0.9909038148443897,ASIA,8,0.37541819665441595,day_anchor_std,server_midnight,0,0,0,1,0,0,TREND_STRONG,TREND_STRONG,TREND
5893.85,5900.5,5892.85,5900.5,0,0,0,2,0.9909038148443897,ASIA,8,0.37541819665441595,day_anchor_std,server_midnight,0,0,0,1,0,0,TREND_STRONG,TREND_STRONG,TREND
5900.25,5900.25,5890.2,5890.2,0,0,0,2,0.9909038148443897,ASIA,8,0.37541819665441595,day_anchor_std,server_midnight,0,0,0,1,0,0,TREND_STRONG,TREND_STRONG,TREND
5890.2,5894.9,5889.1,5891.7,0,0,0,2,0.9824986337209426,LONDON,9,1.1267160265309046,day_anchor_std,server_midnight,0,0,0,0,0,1,TREND_STRONG,TREND_STRONG,TREND
5891.7,5898.0,5888.5,5897.0,0,0,0,2,0.9824986337209426,LONDON,9,1.1267160265309046,day_anchor_std,server_midnight,0,0,0,0,0,1,TREND_STRONG,TREND_STRONG,TREND
5896.9,5913.15,5895.4,5910.7,0,0,0,2,0.9824986337209426,LONDON,9,1.1267160265309046,day_anchor_std,server_midnight,0,0,0,0,0,1,TREND_STRONG,TREND_STRONG,TREND
5910.7,5918.6,5908.0,5918.35,0,0,0,2,0.9824986337209426,LONDON,9,1.1267160265309046,day_anchor_std,server_midnight,0,0,0,0,0,1,TREND_STRONG,TREND_STRONG,TREND
5918.35,5921.05,5913.45,5916.05,0,0,0,2,0.9191290837773612,LONDON,10,0.7549299605603207,day_anchor_std,server_midnight,0,0,0,0,1,0,TREND_STRONG,TREND_STRONG,TREND
5916.05,5919.0,5907.8,5908.3,0,0,0,2,0.9191290837773612,LONDON,10,0.7549299605603207,day_anchor_std,server_midnight,0,0,0,0,1,0,TREND_STRONG,TREND_STRONG,TREND
5908.3,5920.4,5903.85,5917.65,0,0,0,2,0.9191290837773612,LONDON,10,0.7549299605603207,day_anchor_std,server_midnight,0,0,0,0,1,0,TREND_STRONG,TREND_STRONG,TREND
5917.2,5933.45,5903.45,5911.1,0,0,0,2,0.9191290837773612,LONDON,10,0.7549299605603207,day_anchor_std,server_midnight,0,0,0,0,1,0,TREND_STRONG,TREND_STRONG,TREND
5910.85,5914.45,5891.6,5891.7,0,0,0,2,0.9696706424981115,LONDON,11,0.4454611625246735,day_anchor_std,server_midnight,0,0,0,0,1,0,TREND_STRONG,TREND_STRONG,TREND
5891.7,5908.25,5882.55,5902.05,0,0,0,2,0.9696706424981115,LONDON,11,0.4454611625246735,day_anchor_std,server_midnight,0,0,0,0,1,0,TREND_STRONG,TREND_STRONG,TREND
5901.4,5914.55,5883.45,5912.75,0,0,0,2,0.9696706424981115,LONDON,11,0.4454611625246735,day_anchor_std,server_midnight,0,0,0,0,1,0,TREND_STRONG,TREND_STRONG,TREND
5912.25,5919.0,5900.85,5904.2,0,0,0,2,0.9696706424981115,LONDON,11,0.4454611625246735,day_anchor_std,server_midnight,0,0,0,0,1,0,TREND_STRONG,TREND_STRONG,TREND
5904.05,5906.95,5884.15,5885.8,0,0,0,2,0.8637749770923647,NY,12,0.7621701969528105,day_anchor_std,server_midnight,0,0,0,0,1,0,TREND_STRONG,TREND_STRONG,TREND
5885.8,5896.75,5880.25,5895.8,0,0,0,2,0.8637749770923647,NY,12,0.7621701969528105,day_anchor_std,server_midnight,0,0,0,0,1,0,TREND_STRONG,TREND_STRONG,TREND
5895.8,5902.95,5878.6,5901.85,0,0,0,2,0.8637749770923647,NY,12,0.7621701969528105,day_anchor_std,server_midnight,0,0,0,0,1,0,TREND_STRONG,TREND_STRONG,TREND
5901.6,5918.1,5897.9,5917.85,0,0,0,2,0.8637749770923647,NY,12,0.7621701969528105,day_anchor_std,server_midnight,0,0,0,0,1,0,TREND_STRONG,TREND_STRONG,TREND
5879.05,5879.05,5872.05,5875.45,0,0,0,1,0.9699096539062269,NY_PM,3,1.5512483271032507,day_anchor_std,server_midnight,0,0,1,0,0,0,UNCLASSIFIED,TRANSITION_UNCLASSIFIED,TRANSITION
5875.45,5876.2,5867.2,5868.8,0,0,0,1,0.9699096539062269,NY_PM,3,1.5512483271032507,day_anchor_std,server_midnight,0,0,1,0,0,0,UNCLASSIFIED,TRANSITION_UNCLASSIFIED,TRANSITION
5868.95,5872.2,5852.95,5856.95,0,0,0,1,0.9699096539062269,NY_PM,3,1.5512483271032507,day_anchor_std,server_midnight,0,0,1,0,0,0,UNCLASSIFIED,TRANSITION_UNCLASSIFIED,TRANSITION
5857.05,5860.2,5848.2,5849.45,0,0,0,1,0.9699096539062269,NY_PM,3,1.5512483271032507,day_anchor_std,server_midnight,0,0,1,0,0,0,UNCLASSIFIED,TRANSITION_UNCLASSIFIED,TRANSITION
5819.45,5822.7,5812.95,5819.55,0,0,0,2,0.861292889495497,LONDON,3,0.17821146046662428,day_anchor_std,server_midnight,0,0,0,0,1,0,TREND_FRAGILE,TREND_FRAGILE,TREND
5819.05,5847.55,5819.05,5836.95,0,0,0,2,0.861292889495497,LONDON,3,0.17821146046662428,day_anchor_std,server_midnight,0,0,0,0,1,0,TREND_FRAGILE,TREND_FRAGILE,TREND
5836.8,5845.45,5829.7,5841.8,0,0,0,2,0.861292889495497,LONDON,3,0.17821146046662428,day_anchor_std,server_midnight,0,0,0,0,1,0,TREND_FRAGILE,TREND_FRAGILE,TREND
5841.45,5866.2,5833.05,5844.8,0,0,0,2,0.861292889495497,LONDON,3,0.17821146046662428,day_anchor_std,server_midnight,0,0,0,0,1,0,TREND_FRAGILE,TREND_FRAGILE,TREND
5848.3,5895.5,5845.55,5894.7,0,0,0,1,0.9280250641868185,LONDON,1,3.2323605706874186,day_anchor_std,server_midnight,0,0,1,0,0,0,UNCLASSIFIED,TRANSITION_UNCLASSIFIED,TRANSITION
5894.7,5917.7,5894.1,5907.95,0,0,0,1,0.9280250641868185,LONDON,1,3.2323605706874186,day_anchor_std,server_midnight,0,0,1,0,0,0,UNCLASSIFIED,TRANSITION_UNCLASSIFIED,TRANSITION
5908.05,5948.65,5906.25,5948.65,0,0,0,1,0.9280250641868185,LONDON,1,3.2323605706874186,day_anchor_std,server_midnight,0,0,1,0,0,0,UNCLASSIFIED,TRANSITION_UNCLASSIFIED,TRANSITION
5948.4,5973.85,5947.8,5968.9,0,0,0,1,0.9280250641868185,LONDON,1,3.2323605706874186,day_anchor_std,server_midnight,0,0,1,0,0,0,UNCLASSIFIED,TRANSITION_UNCLASSIFIED,TRANSITION
5970.95,5973.15,5968.0,5968.75,0,0,0,0,0.7755917915355593,ASIA,2,0.024883784522836384,day_anchor_std,server_midnight,1,0,0,0,0,0,BALANCE_LEAKING,BALANCE_LEAKING,BALANCE
5968.75,5970.7,5968.25,5969.75,0,0,0,0,0.7755917915355593,ASIA,2,0.024883784522836384,day_anchor_std,server_midnight,1,0,0,0,0,0,BALANCE_LEAKING,BALANCE_LEAKING,BALANCE
5970.0,5970.0,5967.55,5969.75,0,0,0,0,0.7755917915355593,ASIA,2,0.024883784522836384,day_anchor_std,server_midnight,1,0,0,0,0,0,BALANCE_LEAKING,BALANCE_LEAKING,BALANCE
5969.75,5971.0,5969.75,5971.0,0,0,0,0,0.7755917915355593,ASIA,2,0.024883784522836384,day_anchor_std,server_midnight,1,0,0,0,0,0,BALANCE_LEAKING,BALANCE_LEAKING,BALANCE
5971.0,5971.5,5969.05,5969.8,0,0,0,0,0.6630394905168421,ASIA,3,0.07588877155933521,day_anchor_std,server_midnight,1,0,0,0,0,0,BALANCE_LEAKING,BALANCE_LEAKING,BALANCE
5969.55,5970.55,5968.3,5969.55,0,0,0,0,0.6630394905168421,ASIA,3,0.07588877155933521,day_anchor_std,server_midnight,1,0,0,0,0,0,BALANCE_LEAKING,BALANCE_LEAKING,BALANCE
5969.8,5969.85,5968.1,5969.35,0,0,0,0,0.6630394905168421,ASIA,3,0.07588877155933521,day_anchor_std,server_midnight,1,0,0,0,0,0,BALANCE_LEAKING,BALANCE_LEAKING,BALANCE
5969.35,5973.55,5969.1,5972.1,0,0,0,0,0.6630394905168421,ASIA,3,0.07588877155933521,day_anchor_std,server_midnight,1,0,0,0,0,0,BALANCE_LEAKING,BALANCE_LEAKING,BALANCE
5972.1,5976.5,5971.85,5976.5,0,0,0,0,0.7223888401604214,ASIA,4,0.09942386831276559,day_anchor_std,server_midnight,1,0,0,0,0,0,BALANCE_LEAKING,BALANCE_LEAKING,BALANCE
5976.5,5977.65,5974.1,5974.6,0,0,0,0,0.7223888401604214,ASIA,4,0.09942386831276559,day_anchor_std,server_midnight,1,0,0,0,0,0,BALANCE_LEAKING,BALANCE_LEAKING,BALANCE
5974.6,5975.7,5969.15,5972.25,0,0,0,0,0.7223888401604214,ASIA,4,0.09942386831276559,day_anchor_std,server_midnight,1,0,0,0,0,0,BALANCE_LEAKING,BALANCE_LEAKING,BALANCE
5972.25,5974.85,5969.2,5973.15,0,0,0,0,0.7223888401604214,ASIA,4,0.09942386831276559,day_anchor_std,server_midnight,1,0,0,0,0,0,BALANCE_LEAKING,BALANCE_LEAKING,BALANCE
5978.85,5979.2,5976.4,5978.55,0,0,0,1,0.992854872543169,LONDON,3,1.2625014791149085,day_anchor_std,server_midnight,0,0,1,0,0,0,UNCLASSIFIED,TRANSITION_UNCLASSIFIED,TRANSITION
5978.7,5981.35,5977.4,5981.1,0,0,0,1,0.992854872543169,LONDON,3,1.2625014791149085,day_anchor_std,server_midnight,0,0,1,0,0,0,UNCLASSIFIED,TRANSITION_UNCLASSIFIED,TRANSITION
5981.1,5986.85,5980.45,5983.65,0,0,0,1,0.992854872543169,LONDON,3,1.2625014791149085,day_anchor_std,server_midnight,0,0,1,0,0,0,UNCLASSIFIED,TRANSITION_UNCLASSIFIED,TRANSITION
5983.65,5997.7,5977.7,5996.8,0,0,0,1,0.992854872543169,LONDON,3,1.2625014791149085,day_anchor_std,server_midnight,0,0,1,0,0,0,UNCLASSIFIED,TRANSITION_UNCLASSIFIED,TRANSITION
5997.05,6008.95,5996.8,6007.4,0,0,0,1,0.9973122500835916,LONDON,4,2.055498738665011,day_anchor_std,server_midnight,0,0,1,0,0,0,UNCLASSIFIED,TRANSITION_UNCLASSIFIED,TRANSITION
6007.3,6019.05,6006.85,6017.25,0,0,0,1,0.9973122500835916,LONDON,4,2.055498738665011,day_anchor_std,server_midnight,0,0,1,0,0,0,UNCLASSIFIED,TRANSITION_UNCLASSIFIED,TRANSITION
6017.1,6018.95,6013.3,6017.45,0,0,0,1,0.9973122500835916,LONDON,4,2.055498738665011,day_anchor_std,server_midnight,0,0,1,0,0,0,UNCLASSIFIED,TRANSITION_UNCLASSIFIED,TRANSITION
6017.45,6023.4,6013.45,6015.3,0,0,0,1,0.9973122500835916,LONDON,4,2.055498738665011,day_anchor_std,server_midnight,0,0,1,0,0,0,UNCLASSIFIED,TRANSITION_UNCLASSIFIED,TRANSITION
6034.65,6037.15,6032.9,6037.15,0,0,0,2,0.9983322395927686,NY_PM,3,0.0848484848485319,day_anchor_std,server_midnight,0,0,0,0,1,0,UNCLASSIFIED,TREND_UNCLASSIFIED,TREND
6037.15,6038.9,6036.15,6037.65,0,0,0,2,0.9983322395927686,NY_PM,3,0.0848484848485319,day_anchor_std,server_midnight,0,0,0,0,1,0,UNCLASSIFIED,TREND_UNCLASSIFIED,TREND
6037.65,6037.75,6035.65,6037.15,0,0,0,2,0.9983322395927686,NY_PM,3,0.0848484848485319,day_anchor_std,server_midnight,0,0,0,0,1,0,UNCLASSIFIED,TREND_UNCLASSIFIED,TREND
6037.15,6038.65,6036.65,6037.75,0,0,0,2,0.9983322395927686,NY_PM,3,0.0848484848485319,day_anchor_std,server_midnight,0,0,0,0,1,0,UNCLASSIFIED,TREND_UNCLASSIFIED,TREND
6037.9,6042.65,6037.65,6042.65,0,0,0,2,0.9959689858348382,ASIA,4,0.08363201911583437,day_anchor_std,server_midnight,0,0,0,1,0,0,UNCLASSIFIED,TREND_UNCLASSIFIED,TREND
6042.65,6042.9,6042.15,6042.9,0,0,0,2,0.9959689858348382,ASIA,4,0.08363201911583437,day_anchor_std,server_midnight,0,0,0,1,0,0,UNCLASSIFIED,TREND_UNCLASSIFIED,TREND
6042.9,6042.9,6039.4,6040.65,0,0,0,2,0.9959689858348382,ASIA,4,0.08363201911583437,day_anchor_std,server_midnight,0,0,0,1,0,0,UNCLASSIFIED,TREND_UNCLASSIFIED,TREND
6040.65,6041.4,6038.75,6038.9,0,0,0,2,0.9959689858348382,ASIA,4,0.08363201911583437,day_anchor_std,server_midnight,0,0,0,1,0,0,UNCLASSIFIED,TREND_UNCLASSIFIED,TREND
6038.9,6040.5,6038.4,6040.15,0,0,0,2,0.9985892526945239,ASIA,5,0.20224337185587984,day_anchor_std,server_midnight,0,0,0,1,0,0,UNCLASSIFIED,TREND_UNCLASSIFIED,TREND
6040.15,6042.15,6039.9,6040.9,0,0,0,2,0.9985892526945239,ASIA,5,0.20224337185587984,day_anchor_std,server_midnight,0,0,0,1,0,0,UNCLASSIFIED,TREND_UNCLASSIFIED,TREND
6040.9,6041.4,6039.15,6039.9,0,0,0,2,0.9985892526945239,ASIA,5,0.20224337185587984,day_anchor_std,server_midnight,0,0,0,1,0,0,UNCLASSIFIED,TREND_UNCLASSIFIED,TREND
6039.75,6040.4,6037.4,6037.4,0,0,0,2,0.9985892526945239,ASIA,5,0.20224337185587984,day_anchor_std,server_midnight,0,0,0,1,0,0,UNCLASSIFIED,TREND_UNCLASSIFIED,TREND
6023.0,6024.65,6016.15,6019.15,0,0,0,2,0.7849797795495098,ASIA,7,1.72185595844569,day_anchor_std,server_midnight,0,0,0,0,0,1,UNCLASSIFIED,TREND_UNCLASSIFIED,TREND
6019.15,6022.9,6012.65,6014.4,0,0,0,2,0.7849797795495098,ASIA,7,1.72185595844569,day_anchor_std,server_midnight,0,0,0,0,0,1,UNCLASSIFIED,TREND_UNCLASSIFIED,TREND
6014.65,6014.65,6007.4,6010.9,0,0,0,2,0.7849797795495098,ASIA,7,1.72185595844569,day_anchor_std,server_midnight,0,0,0,0,0,1,UNCLASSIFIED,TREND_UNCLASSIFIED,TREND
6010.9,6014.4,6009.15,6011.65,0,0,0,2,0.7849797795495098,ASIA,7,1.72185595844569,day_anchor_std,server_midnight,0,0,0,0,0,1,UNCLASSIFIED,TREND_UNCLASSIFIED,TREND
6011.65,6012.65,6005.9,6012.15,0,0,0,2,0.8984711398092691,LONDON,8,1.1417867435158209,day_anchor_std,server_midnight,0,0,0,0,0,1,UNCLASSIFIED,TREND_UNCLASSIFIED,TREND
6012.15,6015.4,6011.9,6014.9,0,0,0,2,0.8984711398092691,LONDON,8,1.1417867435158209,day_anchor_std,server_midnight,0,0,0,0,0,1,UNCLASSIFIED,TREND_UNCLASSIFIED,TREND
6014.9,6018.15,6014.4,6017.9,0,0,0,2,0.8984711398092691,LONDON,8,1.1417867435158209,day_anchor_std,server_midnight,0,0,0,0,0,1,UNCLASSIFIED,TREND_UNCLASSIFIED,TREND
6017.9,6017.9,6012.9,6015.9,0,0,0,2,0.8984711398092691,LONDON,8,1.1417867435158209,day_anchor_std,server_midnight,0,0,0,0,0,1,UNCLASSIFIED,TREND_UNCLASSIFIED,TREND
6015.75,6018.4,6014.9,6016.0,0,0,0,2,0.8169890078070563,LONDON,9,0.6381401029398708,day_anchor_std,server_midnight,0,0,0,0,1,0,UNCLASSIFIED,TREND_UNCLASSIFIED,TREND
6016.0,6017.65,6009.4,6014.5,0,0,0,2,0.8169890078070563,LONDON,9,0.6381401029398708,day_anchor_std,server_midnight,0,0,0,0,1,0,UNCLASSIFIED,TREND_UNCLASSIFIED,TREND
6014.65,6017.15,6012.0,6017.15,0,0,0,2,0.8169890078070563,LONDON,9,0.6381401029398708,day_anchor_std,server_midnight,0,0,0,0,1,0,UNCLASSIFIED,TREND_UNCLASSIFIED,TREND
6017.65,6024.4,6001.4,6019.9,0,0,0,2,0.8169890078070563,LONDON,9,0.6381401029398708,day_anchor_std,server_midnight,0,0,0,0,1,0,UNCLASSIFIED,TREND_UNCLASSIFIED,TREND
6020.15,6027.75,6018.4,6027.6,0,0,0,2,0.8357891803452719,LONDON,10,0.9765280781864434,day_anchor_std,server_midnight,0,0,0,0,1,1,TREND_STRONG,TREND_STRONG,TREND
6027.25,6034.1,6023.0,6033.85,0,0,0,2,0.8357891803452719,LONDON,10,0.9765280781864434,day_anchor_std,server_midnight,0,0,0,0,1,1,TREND_STRONG,TREND_STRONG,TREND
6033.85,6037.9,6030.6,6033.75,0,0,0,2,0.8357891803452719,LONDON,10,0.9765280781864434,day_anchor_std,server_midnight,0,0,0,0,1,1,TREND_STRONG,TREND_STRONG,TREND
6033.75,6043.9,6033.25,6043.25,0,0,0,2,0.8357891803452719,LONDON,10,0.9765280781864434,day_anchor_std,server_midnight,0,0,0,0,1,1,TREND_STRONG,TREND_STRONG,TREND
6043.35,6049.85,6039.85,6040.1,0,0,0,2,0.750699691888744,NY,11,0.5871762835075998,day_anchor_std,server_midnight,0,0,0,0,1,0,UNCLASSIFIED,TREND_UNCLASSIFIED,TREND
6040.1,6045.4,6028.4,6034.3,0,0,0,2,0.750699691888744,NY,11,0.5871762835075998,day_anchor_std,server_midnight,0,0,0,0,1,0,UNCLASSIFIED,TREND_UNCLASSIFIED,TREND
6034.55,6042.9,6033.6,6041.25,0,0,0,2,0.750699691888744,NY,11,0.5871762835075998,day_anchor_std,server_midnight,0,0,0,0,1,0,UNCLASSIFIED,TREND_UNCLASSIFIED,TREND
6041.5,6042.45,6032.55,6038.1,0,0,0,2,0.750699691888744,NY,11,0.5871762835075998,day_anchor_std,server_midnight,0,0,0,0,1,0,UNCLASSIFIED,TREND_UNCLASSIFIED,TREND
6036.0,6038.15,6034.15,6037.9,0,0,0,0,0.6948494301729362,NY_PM,2,0.17051406103611477,day_anchor_std,server_midnight,1,0,0,0,0,0,UNCLASSIFIED,BALANCE_UNCLASSIFIED,BALANCE
6037.9,6039.65,6035.65,6039.5,0,0,0,0,0.6948494301729362,NY_PM,2,0.17051406103611477,day_anchor_std,server_midnight,1,0,0,0,0,0,UNCLASSIFIED,BALANCE_UNCLASSIFIED,BALANCE
6039.65,6039.65,6027.9,6031.65,0,0,0,0,0.6948494301729362,NY_PM,2,0.17051406103611477,day_anchor_std,server_midnight,1,0,0,0,0,0,UNCLASSIFIED,BALANCE_UNCLASSIFIED,BALANCE
6031.65,6033.5,6029.9,6031.15,0,0,0,0,0.6948494301729362,NY_PM,2,0.17051406103611477,day_anchor_std,server_midnight,1,0,0,0,0,0,UNCLASSIFIED,BALANCE_UNCLASSIFIED,BALANCE
6030.9,6031.65,6028.15,6029.4,0,0,0,0,0.9420151013830084,NY_PM,3,0.06357677902622168,day_anchor_std,server_midnight,1,0,0,0,0,0,UNCLASSIFIED,BALANCE_UNCLASSIFIED,BALANCE
6029.4,6032.4,6029.15,6030.65,0,0,0,0,0.9420151013830084,NY_PM,3,0.06357677902622168,day_anchor_std,server_midnight,1,0,0,0,0,0,UNCLASSIFIED,BALANCE_UNCLASSIFIED,BALANCE
6030.65,6032.0,6029.4,6031.65,0,0,0,0,0.9420151013830084,NY_PM,3,0.06357677902622168,day_anchor_std,server_midnight,1,0,0,0,0,0,UNCLASSIFIED,BALANCE_UNCLASSIFIED,BALANCE
6031.65,6032.15,6029.4,6029.4,0,0,0,0,0.9420151013830084,NY_PM,3,0.06357677902622168,day_anchor_std,server_midnight,1,0,0,0,0,0,UNCLASSIFIED,BALANCE_UNCLASSIFIED,BALANCE
6029.4,6030.65,6027.65,6028.4,0,0,0,0,0.8809237101469816,ASIA,4,0.04922082858229763,day_anchor_std,server_midnight,1,0,0,0,0,0,UNCLASSIFIED,BALANCE_UNCLASSIFIED,BALANCE
6028.5,6029.9,6027.0,6028.9,0,0,0,0,0.8809237101469816,ASIA,4,0.04922082858229763,day_anchor_std,server_midnight,1,0,0,0,0,0,UNCLASSIFIED,BALANCE_UNCLASSIFIED,BALANCE
6029.0,6029.9,6027.9,6028.9,0,0,0,0,0.8809237101469816,ASIA,4,0.04922082858229763,day_anchor_std,server_midnight,1,0,0,0,0,0,UNCLASSIFIED,BALANCE_UNCLASSIFIED,BALANCE
6028.9,6029.65,6027.15,6027.9,0,0,0,0,0.8809237101469816,ASIA,4,0.04922082858229763,day_anchor_std,server_midnight,1,0,0,0,0,0,UNCLASSIFIED,BALANCE_UNCLASSIFIED,BALANCE
6027.9,6030.9,6027.4,6029.9,0,0,0,0,0.8178242474573296,ASIA,5,0.25016371971178586,day_anchor_std,server_midnight,1,0,0,0,0,0,UNCLASSIFIED,BALANCE_UNCLASSIFIED,BALANCE
6029.9,6029.9,6027.15,6027.4,0,0,0,0,0.8178242474573296,ASIA,5,0.25016371971178586,day_anchor_std,server_midnight,1,0,0,0,0,0,UNCLASSIFIED,BALANCE_UNCLASSIFIED,BALANCE
6027.4,6027.5,6022.15,6022.9,0,0,0,0,0.8178242474573296,ASIA,5,0.25016371971178586,day_anchor_std,server_midnight,1,0,0,0,0,0,UNCLASSIFIED,BALANCE_UNCLASSIFIED,BALANCE
6022.75,6024.4,6022.65,6023.9,0,0,0,0,0.8178242474573296,ASIA,5,0.25016371971178586,day_anchor_std,server_midnight,1,0,0,0,0,0,UNCLASSIFIED,BALANCE_UNCLASSIFIED,BALANCE
5974.25,5981.6,5969.15,5970.9,0,0,0,2,0.9583439064883471,NY_PM,6,0.08991845276762421,day_anchor_std,server_midnight,0,0,0,0,1,0,TREND_STRONG,TREND_STRONG,TREND
5970.75,5970.9,5963.15,5970.4,0,0,0,2,0.9583439064883471,NY_PM,6,0.08991845276762421,day_anchor_std,server_midnight,0,0,0,0,1,0,TREND_STRONG,TREND_STRONG,TREND
5970.4,5972.15,5964.15,5971.65,0,0,0,2,0.9583439064883471,NY_PM,6,0.08991845276762421,day_anchor_std,server_midnight,0,0,0,0,1,0,TREND_STRONG,TREND_STRONG,TREND
5971.65,5973.15,5967.4,5970.15,0,0,0,2,0.9583439064883471,NY_PM,6,0.08991845276762421,day_anchor_std,server_midnight,0,0,0,0,1,0,TREND_STRONG,TREND_STRONG,TREND
5958.65,5961.9,5958.65,5961.9,0,0,0,1,0.9979961810523886,LONDON,6,1.8839099197005293,day_anchor_std,server_midnight,0,0,1,0,0,0,UNCLASSIFIED,TRANSITION_UNCLASSIFIED,TRANSITION
5961.75,5961.9,5957.65,5958.65,0,0,0,1,0.9979961810523886,LONDON,6,1.8839099197005293,day_anchor_std,server_midnight,0,0,1,0,0,0,UNCLASSIFIED,TRANSITION_UNCLASSIFIED,TRANSITION
5958.65,5958.9,5950.65,5950.9,0,0,0,1,0.9979961810523886,LONDON,6,1.8839099197005293,day_anchor_std,server_midnight,0,0,1,0,0,0,UNCLASSIFIED,TRANSITION_UNCLASSIFIED,TRANSITION
5950.9,5952.4,5908.9,5917.15,0,0,0,1,0.9979961810523886,LONDON,6,1.8839099197005293,day_anchor_std,server_midnight,0,0,1,0,0,0,UNCLASSIFIED,TRANSITION_UNCLASSIFIED,TRANSITION
5946.9,5948.25,5941.65,5942.25,0,0,0,2,0.9752360141427396,NY_PM,4,0.13848920863308117,day_anchor_std,server_midnight,0,0,0,0,1,0,TREND_STRONG,TREND_STRONG,TREND
5942.15,5944.4,5938.65,5943.15,0,0,0,2,0.9752360141427396,NY_PM,4,0.13848920863308117,day_anchor_std,server_midnight,0,0,0,0,1,0,TREND_STRONG,TREND_STRONG,TREND
5943.4,5945.75,5937.4,5938.9,0,0,0,2,0.9752360141427396,NY_PM,4,0.13848920863308117,day_anchor_std,server_midnight,0,0,0,0,1,0,TREND_STRONG,TREND_STRONG,TREND
5938.9,5939.4,5934.65,5938.15,0,0,0,2,0.9752360141427396,NY_PM,4,0.13848920863308117,day_anchor_std,server_midnight,0,0,0,0,1,0,TREND_STRONG,TREND_STRONG,TREND
5938.15,5939.65,5936.15,5936.9,0,0,0,2,0.8247881604887034,NY_PM,5,0.10993387436129355,day_anchor_std,server_midnight,0,0,0,0,1,0,TREND_STRONG,TREND_STRONG,TREND
5936.9,5937.9,5933.9,5936.9,0,0,0,2,0.8247881604887034,NY_PM,5,0.10993387436129355,day_anchor_std,server_midnight,0,0,0,0,1,0,TREND_STRONG,TREND_STRONG,TREND
5936.9,5940.4,5933.15,5936.15,0,0,0,2,0.8247881604887034,NY_PM,5,0.10993387436129355,day_anchor_std,server_midnight,0,0,0,0,1,0,TREND_STRONG,TREND_STRONG,TREND
5936.15,5938.9,5935.4,5938.4,0,0,0,2,0.8247881604887034,NY_PM,5,0.10993387436129355,day_anchor_std,server_midnight,0,0,0,0,1,0,TREND_STRONG,TREND_STRONG,TREND
5938.4,5938.9,5936.15,5937.15,0,0,0,2,0.8471612352861455,ASIA,6,0.07841254600738115,day_anchor_std,server_midnight,0,0,0,1,0,0,TREND_STRONG,TREND_STRONG,TREND
5937.15,5939.4,5936.65,5937.15,0,0,0,2,0.8471612352861455,ASIA,6,0.07841254600738115,day_anchor_std,server_midnight,0,0,0,1,0,0,TREND_STRONG,TREND_STRONG,TREND
5937.15,5940.15,5936.9,5939.9,0,0,0,2,0.8471612352861455,ASIA,6,0.07841254600738115,day_anchor_std,server_midnight,0,0,0,1,0,0,TREND_STRONG,TREND_STRONG,TREND
5939.9,5940.65,5939.15,5940.15,0,0,0,2,0.8471612352861455,ASIA,6,0.07841254600738115,day_anchor_std,server_midnight,0,0,0,1,0,0,TREND_STRONG,TREND_STRONG,TREND
5940.15,5943.9,5939.65,5943.75,0,0,0,2,0.9459632568123528,ASIA,7,0.454362199645258,day_anchor_std,server_midnight,0,0,0,1,0,0,TREND_STRONG,TREND_STRONG,TREND
5943.75,5946.15,5942.9,5944.15,0,0,0,2,0.9459632568123528,ASIA,7,0.454362199645258,day_anchor_std,server_midnight,0,0,0,1,0,0,TREND_STRONG,TREND_STRONG,TREND
5944.15,5945.4,5942.65,5944.65,0,0,0,2,0.9459632568123528,ASIA,7,0.454362199645258,day_anchor_std,server_midnight,0,0,0,1,0,0,TREND_STRONG,TREND_STRONG,TREND
5944.65,5948.65,5944.4,5948.4,0,0,0,2,0.9459632568123528,ASIA,7,0.454362199645258,day_anchor_std,server_midnight,0,0,0,1,0,0,TREND_STRONG,TREND_STRONG,TREND
5948.4,5951.65,5946.4,5951.4,0,0,0,2,0.9994799595317317,ASIA,8,0.9731299927378788,day_anchor_std,server_midnight,0,0,0,1,0,1,TREND_STRONG,TREND_STRONG,TREND
5951.4,5953.4,5951.0,5951.4,0,0,0,2,0.9994799595317317,ASIA,8,0.9731299927378788,day_anchor_std,server_midnight,0,0,0,1,0,1,TREND_STRONG,TREND_STRONG,TREND
5951.6,5957.15,5950.65,5953.0,0,0,0,2,0.9994799595317317,ASIA,8,0.9731299927378788,day_anchor_std,server_midnight,0,0,0,1,0,1,TREND_STRONG,TREND_STRONG,TREND
5953.0,5960.9,5952.4,5960.15,0,0,0,2,0.9994799595317317,ASIA,8,0.9731299927378788,day_anchor_std,server_midnight,0,0,0,1,0,1,TREND_STRONG,TREND_STRONG,TREND
5960.15,5967.0,5960.15,5964.65,0,0,0,2,0.9982811027924273,ASIA,9,1.2458257437766387,day_anchor_std,server_midnight,0,0,0,0,0,1,TREND_STRONG,TREND_STRONG,TREND
5964.65,5970.9,5963.65,5970.65,0,0,0,2,0.9982811027924273,ASIA,9,1.2458257437766387,day_anchor_std,server_midnight,0,0,0,0,0,1,TREND_STRONG,TREND_STRONG,TREND
5970.65,5974.4,5968.15,5972.0,0,0,0,2,0.9982811027924273,ASIA,9,1.2458257437766387,day_anchor_std,server_midnight,0,0,0,0,0,1,TREND_STRONG,TREND_STRONG,TREND
5972.15,5972.15,5966.9,5968.4,0,0,0,2,0.9982811027924273,ASIA,9,1.2458257437766387,day_anchor_std,server_midnight,0,0,0,0,0,1,TREND_STRONG,TREND_STRONG,TREND
5968.4,5982.9,5961.25,5982.75,0,0,0,2,0.990681843344806,LONDON,10,2.0504105775922685,day_anchor_std,server_midnight,0,0,0,0,0,1,TREND_STRONG,TREND_STRONG,TREND
5982.9,5987.15,5979.9,5986.25,0,0,0,2,0.990681843344806,LONDON,10,2.0504105775922685,day_anchor_std,server_midnight,0,0,0,0,0,1,TREND_STRONG,TREND_STRONG,TREND
5986.15,5987.9,5981.65,5986.15,0,0,0,2,0.990681843344806,LONDON,10,2.0504105775922685,day_anchor_std,server_midnight,0,0,0,0,0,1,TREND_STRONG,TREND_STRONG,TREND
5986.4,5993.9,5984.4,5988.75,0,0,0,2,0.990681843344806,LONDON,10,2.0504105775922685,day_anchor_std,server_midnight,0,0,0,0,0,1,TREND_STRONG,TREND_STRONG,TREND
5988.9,5990.4,5986.4,5989.9,0,0,0,2,0.9981002957386044,LONDON,11,2.384761542846327,day_anchor_std,server_midnight,0,0,0,0,0,1,TREND_STRONG,TREND_STRONG,TREND
5989.9,5994.65,5985.4,5994.4,0,0,0,2,0.9981002957386044,LONDON,11,2.384761542846327,day_anchor_std,server_midnight,0,0,0,0,0,1,TREND_STRONG,TREND_STRONG,TREND
5994.4,5995.15,5969.5,5986.25,0,0,0,2,0.9981002957386044,LONDON,11,2.384761542846327,day_anchor_std,server_midnight,0,0,0,0,0,1,TREND_STRONG,TREND_STRONG,TREND
5986.4,6007.15,5982.75,6003.25,0,0,0,2,0.9981002957386044,LONDON,11,2.384761542846327,day_anchor_std,server_midnight,0,0,0,0,0,1,TREND_STRONG,TREND_STRONG,TREND
6003.25,6013.7,6000.35,6012.45,0,0,0,2,0.9892485429376795,LONDON,12,2.790010936930393,day_anchor_std,server_midnight,0,0,0,0,0,1,TREND_STRONG,TREND_STRONG,TREND
6012.55,6015.55,6004.15,6012.1,0,0,0,2,0.9892485429376795,LONDON,12,2.790010936930393,day_anchor_std,server_midnight,0,0,0,0,0,1,TREND_STRONG,TREND_STRONG,TREND
6012.35,6018.15,6008.95,6018.15,0,0,0,2,0.9892485429376795,LONDON,12,2.790010936930393,day_anchor_std,server_midnight,0,0,0,0,0,1,TREND_STRONG,TREND_STRONG,TREND
6018.15,6020.25,6014.9,6017.8,0,0,0,2,0.9892485429376795,LONDON,12,2.790010936930393,day_anchor_std,server_midnight,0,0,0,0,0,1,TREND_STRONG,TREND_STRONG,TREND
5911.95,5913.35,5908.4,5912.25,0,0,0,0,0.9940483871469593,NY_PM,2,0.30661058251978895,day_anchor_std,server_midnight,1,0,0,0,0,0,BALANCE_LEAKING,BALANCE_LEAKING,BALANCE
5912.25,5912.6,5905.8,5906.2,0,0,0,0,0.9940483871469593,NY_PM,2,0.30661058251978895,day_anchor_std,server_midnight,1,0,0,0,0,0,BALANCE_LEAKING,BALANCE_LEAKING,BALANCE
5906.3,5908.05,5899.5,5900.4,0,0,0,0,0.9940483871469593,NY_PM,2,0.30661058251978895,day_anchor_std,server_midnight,1,0,0,0,0,0,BALANCE_LEAKING,BALANCE_LEAKING,BALANCE
5900.4,5904.2,5897.2,5903.9,0,0,0,0,0.9940483871469593,NY_PM,2,0.30661058251978895,day_anchor_std,server_midnight,1,0,0,0,0,0,BALANCE_LEAKING,BALANCE_LEAKING,BALANCE
5903.8,5905.9,5902.3,5905.45,0,0,0,0,0.9889690915054692,NY_PM,3,0.036324424102046275,day_anchor_std,server_midnight,1,0,0,0,0,0,UNCLASSIFIED,BALANCE_UNCLASSIFIED,BALANCE
5905.45,5905.45,5902.0,5902.5,0,0,0,0,0.9889690915054692,NY_PM,3,0.036324424102046275,day_anchor_std,server_midnight,1,0,0,0,0,0,UNCLASSIFIED,BALANCE_UNCLASSIFIED,BALANCE
5902.5,5908.95,5902.25,5908.0,0,0,0,0,0.9889690915054692,NY_PM,3,0.036324424102046275,day_anchor_std,server_midnight,1,0,0,0,0,0,UNCLASSIFIED,BALANCE_UNCLASSIFIED,BALANCE
5908.0,5909.75,5906.75,5909.05,0,0,0,0,0.9889690915054692,NY_PM,3,0.036324424102046275,day_anchor_std,server_midnight,1,0,0,0,0,0,UNCLASSIFIED,BALANCE_UNCLASSIFIED,BALANCE
5909.05,5909.05,5906.1,5908.2,0,0,0,0,0.94679378718585,ASIA,4,0.05779153766773373,day_anchor_std,server_midnight,1,0,0,0,0,0,UNCLASSIFIED,BALANCE_UNCLASSIFIED,BALANCE
5908.1,5909.3,5902.4,5902.4,0,0,0,0,0.94679378718585,ASIA,4,0.05779153766773373,day_anchor_std,server_midnight,1,0,0,0,0,0,UNCLASSIFIED,BALANCE_UNCLASSIFIED,BALANCE
5902.4,5904.0,5898.2,5899.8,0,0,0,0,0.94679378718585,ASIA,4,0.05779153766773373,day_anchor_std,server_midnight,1,0,0,0,0,0,UNCLASSIFIED,BALANCE_UNCLASSIFIED,BALANCE
5899.8,5902.45,5898.7,5901.95,0,0,0,0,0.94679378718585,ASIA,4,0.05779153766773373,day_anchor_std,server_midnight,1,0,0,0,0,0,UNCLASSIFIED,BALANCE_UNCLASSIFIED,BALANCE
5910.65,5911.3,5902.55,5906.05,0,0,0,1,0.9626320164870014,LONDON,1,2.5874394270765713,day_anchor_std,server_midnight,0,0,1,0,0,0,UNCLASSIFIED,TRANSITION_UNCLASSIFIED,TRANSITION
5905.9,5906.05,5847.8,5862.9,0,0,0,1,0.9626320164870014,LONDON,1,2.5874394270765713,day_anchor_std,server_midnight,0,0,1,0,0,0,UNCLASSIFIED,TRANSITION_UNCLASSIFIED,TRANSITION
5862.55,5880.55,5856.55,5880.05,0,0,0,1,0.9626320164870014,LONDON,1,2.5874394270765713,day_anchor_std,server_midnight,0,0,1,0,0,0,UNCLASSIFIED,TRANSITION_UNCLASSIFIED,TRANSITION
5880.3,5881.05,5844.15,5850.25,0,0,0,1,0.9626320164870014,LONDON,1,2.5874394270765713,day_anchor_std,server_midnight,0,0,1,0,0,0,UNCLASSIFIED,TRANSITION_UNCLASSIFIED,TRANSITION
5844.9,5844.9,5811.5,5839.5,0,0,0,1,0.9916864710673502,LONDON,2,3.767669858641046,day_anchor_std,server_midnight,0,0,1,0,0,0,UNCLASSIFIED,TRANSITION_UNCLASSIFIED,TRANSITION
5839.4,5853.4,5830.95,5832.35,0,0,0,1,0.9916864710673502,LONDON,2,3.767669858641046,day_anchor_std,server_midnight,0,0,1,0,0,0,UNCLASSIFIED,TRANSITION_UNCLASSIFIED,TRANSITION
5832.25,5834.6,5816.95,5819.4,0,0,0,1,0.9916864710673502,LONDON,2,3.767669858641046,day_anchor_std,server_midnight,0,0,1,0,0,0,UNCLASSIFIED,TRANSITION_UNCLASSIFIED,TRANSITION
5819.55,5829.0,5809.0,5812.1,0,0,0,1,0.9916864710673502,LONDON,2,3.767669858641046,day_anchor_std,server_midnight,0,0,1,0,0,0,UNCLASSIFIED,TRANSITION_UNCLASSIFIED,TRANSITION
5848.25,5852.6,5847.0,5851.1,0,0,0,1,0.5841197736050003,NY_PM,6,2.3558597850352454,day_anchor_std,server_midnight,0,0,1,0,0,0,UNCLASSIFIED,TRANSITION_UNCLASSIFIED,TRANSITION
5851.1,5861.05,5851.1,5852.35,0,0,0,1,0.5841197736050003,NY_PM,6,2.3558597850352454,day_anchor_std,server_midnight,0,0,1,0,0,0,UNCLASSIFIED,TRANSITION_UNCLASSIFIED,TRANSITION
5852.35,5853.5,5847.9,5850.3,0,0,0,1,0.5841197736050003,NY_PM,6,2.3558597850352454,day_anchor_std,server_midnight,0,0,1,0,0,0,UNCLASSIFIED,TRANSITION_UNCLASSIFIED,TRANSITION
5850.3,5852.65,5848.7,5852.65,0,0,0,1,0.5841197736050003,NY_PM,6,2.3558597850352454,day_anchor_std,server_midnight,0,0,1,0,0,0,UNCLASSIFIED,TRANSITION_UNCLASSIFIED,TRANSITION
5853.1,5856.45,5848.4,5853.6,0,0,0,2,0.9156806641225527,ASIA,3,0.6539671577655239,day_anchor_std,server_midnight,0,0,0,1,0,0,TREND_STRONG,TREND_STRONG,TREND
5853.35,5857.85,5852.9,5855.85,0,0,0,2,0.9156806641225527,ASIA,3,0.6539671577655239,day_anchor_std,server_midnight,0,0,0,1,0,0,TREND_STRONG,TREND_STRONG,TREND
5856.1,5866.55,5854.65,5863.95,0,0,0,2,0.9156806641225527,ASIA,3,0.6539671577655239,day_anchor_std,server_midnight,0,0,0,1,0,0,TREND_STRONG,TREND_STRONG,TREND
5863.95,5873.25,5859.85,5868.8,0,0,0,2,0.9156806641225527,ASIA,3,0.6539671577655239,day_anchor_std,server_midnight,0,0,0,1,0,0,TREND_STRONG,TREND_STRONG,TREND
5868.8,5871.0,5862.35,5865.1,0,0,0,2,0.9707921559680346,ASIA,4,0.43882483112044823,day_anchor_std,server_midnight,0,0,0,1,0,0,UNCLASSIFIED,TREND_UNCLASSIFIED,TREND
5865.1,5868.8,5863.35,5865.6,0,0,0,2,0.9707921559680346,ASIA,4,0.43882483112044823,day_anchor_std,server_midnight,0,0,0,1,0,0,UNCLASSIFIED,TREND_UNCLASSIFIED,TREND
5865.6,5867.6,5860.9,5862.15,0,0,0,2,0.9707921559680346,ASIA,4,0.43882483112044823,day_anchor_std,server_midnight,0,0,0,1,0,0,UNCLASSIFIED,TREND_UNCLASSIFIED,TREND
5862.15,5867.35,5861.9,5865.9,0,0,0,2,0.9707921559680346,ASIA,4,0.43882483112044823,day_anchor_std,server_midnight,0,0,0,1,0,0,UNCLASSIFIED,TREND_UNCLASSIFIED,TREND
5865.9,5865.9,5857.95,5859.2,0,0,0,2,0.5736257885703695,LONDON,5,0.32761639705450507,day_anchor_std,server_midnight,0,0,0,0,1,0,TREND_FRAGILE,TREND_FRAGILE,TREND
5859.2,5859.7,5854.75,5856.25,0,0,0,2,0.5736257885703695,LONDON,5,0.32761639705450507,day_anchor_std,server_midnight,0,0,0,0,1,0,TREND_FRAGILE,TREND_FRAGILE,TREND
5856.25,5859.0,5842.4,5849.35,0,0,0,2,0.5736257885703695,LONDON,5,0.32761639705450507,day_anchor_std,server_midnight,0,0,0,0,1,0,TREND_FRAGILE,TREND_FRAGILE,TREND
5849.35,5853.55,5848.1,5849.85,0,0,0,2,0.5736257885703695,LONDON,5,0.32761639705450507,day_anchor_std,server_midnight,0,0,0,0,1,0,TREND_FRAGILE,TREND_FRAGILE,TREND
5851.1,5851.1,5845.65,5845.9,0,0,0,0,0.9707787886142308,NY_PM,2,0.11182749480622921,day_anchor_std,server_midnight,1,0,0,0,0,0,UNCLASSIFIED,BALANCE_UNCLASSIFIED,BALANCE
5845.9,5846.65,5844.15,5846.15,0,0,0,0,0.9707787886142308,NY_PM,2,0.11182749480622921,day_anchor_std,server_midnight,1,0,0,0,0,0,UNCLASSIFIED,BALANCE_UNCLASSIFIED,BALANCE
5846.15,5846.4,5844.2,5844.2,0,0,0,0,0.9707787886142308,NY_PM,2,0.11182749480622921,day_anchor_std,server_midnight,1,0,0,0,0,0,UNCLASSIFIED,BALANCE_UNCLASSIFIED,BALANCE
5844.2,5846.95,5844.2,5846.7,0,0,0,0,0.9707787886142308,NY_PM,2,0.11182749480622921,day_anchor_std,server_midnight,1,0,0,0,0,0,UNCLASSIFIED,BALANCE_UNCLASSIFIED,BALANCE
5995.15,6001.15,5984.4,5986.9,0,0,0,2,0.8059252516542128,NY_PM,6,0.11263979403005063,day_anchor_std,server_midnight,0,0,0,0,1,0,TREND_STRONG,TREND_STRONG,TREND
5986.9,5987.15,5983.15,5986.15,0,0,0,2,0.8059252516542128,NY_PM,6,0.11263979403005063,day_anchor_std,server_midnight,0,0,0,0,1,0,TREND_STRONG,TREND_STRONG,TREND
5986.4,5989.4,5985.4,5986.75,0,0,0,2,0.8059252516542128,NY_PM,6,0.11263979403005063,day_anchor_std,server_midnight,0,0,0,0,1,0,TREND_STRONG,TREND_STRONG,TREND
5986.75,5989.9,5985.15,5989.65,0,0,0,2,0.8059252516542128,NY_PM,6,0.11263979403005063,day_anchor_std,server_midnight,0,0,0,0,1,0,TREND_STRONG,TREND_STRONG,TREND
5989.65,5992.9,5986.15,5987.9,0,0,0,2,0.777007009551234,NY_PM,7,0.1022366883657977,day_anchor_std,server_midnight,0,0,0,0,1,0,TREND_STRONG,TREND_STRONG,TREND
5987.9,5992.15,5986.9,5990.4,0,0,0,2,0.777007009551234,NY_PM,7,0.1022366883657977,day_anchor_std,server_midnight,0,0,0,0,1,0,TREND_STRONG,TREND_STRONG,TREND
5990.4,5991.15,5989.15,5989.9,0,0,0,2,0.777007009551234,NY_PM,7,0.1022366883657977,day_anchor_std,server_midnight,0,0,0,0,1,0,TREND_STRONG,TREND_STRONG,TREND
5990.15,5990.9,5987.9,5989.9,0,0,0,2,0.777007009551234,NY_PM,7,0.1022366883657977,day_anchor_std,server_midnight,0,0,0,0,1,0,TREND_STRONG,TREND_STRONG,TREND
5990.15,5993.4,5988.4,5991.15,0,0,0,2,0.7519731277715387,ASIA,8,0.1480165778567636,day_anchor_std,server_midnight,0,0,0,1,0,0,TREND_STRONG,TREND_STRONG,TREND
5991.15,5993.15,5990.4,5992.65,0,0,0,2,0.7519731277715387,ASIA,8,0.1480165778567636,day_anchor_std,server_midnight,0,0,0,1,0,0,TREND_STRONG,TREND_STRONG,TREND
5992.65,5994.4,5991.9,5992.4,0,0,0,2,0.7519731277715387,ASIA,8,0.1480165778567636,day_anchor_std,server_midnight,0,0,0,1,0,0,TREND_STRONG,TREND_STRONG,TREND
5992.4,5994.65,5991.9,5994.65,0,0,0,2,0.7519731277715387,ASIA,8,0.1480165778567636,day_anchor_std,server_midnight,0,0,0,1,0,0,TREND_STRONG,TREND_STRONG,TREND
5994.65,5995.65,5994.15,5994.65,0,0,0,2,0.6599599702704351,ASIA,9,0.29159073158031873,day_anchor_std,server_midnight,0,0,0,1,0,0,TREND_STRONG,TREND_STRONG,TREND
5994.65,5995.15,5994.15,5994.9,0,0,0,2,0.6599599702704351,ASIA,9,0.29159073158031873,day_anchor_std,server_midnight,0,0,0,1,0,0,TREND_STRONG,TREND_STRONG,TREND
5995.15,5996.15,5993.9,5996.15,0,0,0,2,0.6599599702704351,ASIA,9,0.29159073158031873,day_anchor_std,server_midnight,0,0,0,1,0,0,TREND_STRONG,TREND_STRONG,TREND
5996.4,5999.4,5995.4,5997.9,0,0,0,2,0.6599599702704351,ASIA,9,0.29159073158031873,day_anchor_std,server_midnight,0,0,0,1,0,0,TREND_STRONG,TREND_STRONG,TREND
5997.9,5999.65,5997.25,5997.5,0,0,0,2,0.7929189854822141,ASIA,10,0.3786094390648409,day_anchor_std,server_midnight,0,0,0,1,0,0,TREND_STRONG,TREND_STRONG,TREND
5997.5,6005.15,5997.4,6005.15,0,0,0,2,0.7929189854822141,ASIA,10,0.3786094390648409,day_anchor_std,server_midnight,0,0,0,1,0,0,TREND_STRONG,TREND_STRONG,TREND
6004.65,6006.9,5995.65,5998.15,0,0,0,2,0.7929189854822141,ASIA,10,0.3786094390648409,day_anchor_std,server_midnight,0,0,0,1,0,0,TREND_STRONG,TREND_STRONG,TREND
5998.0,6002.4,5997.15,6000.65,0,0,0,2,0.7929189854822141,ASIA,10,0.3786094390648409,day_anchor_std,server_midnight,0,0,0,1,0,0,TREND_STRONG,TREND_STRONG,TREND
5991.65,5991.65,5987.4,5987.4,0,0,0,1,0.9952297631170288,LONDON,3,1.8664076232769413,day_anchor_std,server_midnight,0,0,1,0,0,0,UNCLASSIFIED,TRANSITION_UNCLASSIFIED,TRANSITION
5987.4,6021.9,5981.9,6020.65,0,0,0,1,0.9952297631170288,LONDON,3,1.8664076232769413,day_anchor_std,server_midnight,0,0,1,0,0,0,UNCLASSIFIED,TRANSITION_UNCLASSIFIED,TRANSITION
6020.25,6029.4,6013.65,6027.5,0,0,0,1,0.9952297631170288,LONDON,3,1.8664076232769413,day_anchor_std,server_midnight,0,0,1,0,0,0,UNCLASSIFIED,TRANSITION_UNCLASSIFIED,TRANSITION
6027.5,6041.4,6026.4,6031.9,0,0,0,1,0.9952297631170288,LONDON,3,1.8664076232769413,day_anchor_std,server_midnight,0,0,1,0,0,0,UNCLASSIFIED,TRANSITION_UNCLASSIFIED,TRANSITION
5974.75,6009.4,5959.15,6001.5,0,0,0,0,0.9665569782430586,NY_PM,4,0.034464102147955616,day_anchor_std,server_midnight,1,0,0,0,0,0,UNCLASSIFIED,BALANCE_UNCLASSIFIED,BALANCE
6001.5,6005.0,5986.25,6000.9,0,0,0,0,0.9665569782430586,NY_PM,4,0.034464102147955616,day_anchor_std,server_midnight,1,0,0,0,0,0,UNCLASSIFIED,BALANCE_UNCLASSIFIED,BALANCE
6000.65,6007.65,6000.65,6001.4,0,0,0,0,0.9665569782430586,NY_PM,4,0.034464102147955616,day_anchor_std,server_midnight,1,0,0,0,0,0,UNCLASSIFIED,BALANCE_UNCLASSIFIED,BALANCE
6001.15,6004.4,5998.4,6003.25,0,0,0,0,0.9665569782430586,NY_PM,4,0.034464102147955616,day_anchor_std,server_midnight,1,0,0,0,0,0,UNCLASSIFIED,BALANCE_UNCLASSIFIED,BALANCE
6003.15,6014.5,6002.9,6011.65,0,0,0,0,0.8700080002560184,ASIA,5,0.09328745425748859,day_anchor_std,server_midnight,1,0,0,0,0,0,BALANCE_LEAKING,BALANCE_LEAKING,BALANCE
6011.65,6013.15,6007.75,6009.9,0,0,0,0,0.8700080002560184,ASIA,5,0.09328745425748859,day_anchor_std,server_midnight,1,0,0,0,0,0,BALANCE_LEAKING,BALANCE_LEAKING,BALANCE
6009.9,6010.9,6006.25,6008.4,0,0,0,0,0.8700080002560184,ASIA,5,0.09328745425748859,day_anchor_std,server_midnight,1,0,0,0,0,0,BALANCE_LEAKING,BALANCE_LEAKING,BALANCE
6008.65,6008.9,6004.9,6005.65,0,0,0,0,0.8700080002560184,ASIA,5,0.09328745425748859,day_anchor_std,server_midnight,1,0,0,0,0,0,BALANCE_LEAKING,BALANCE_LEAKING,BALANCE
6063.5,6065.5,6062.8,6064.25,0,0,0,2,0.9483068187728572,ASIA,3,0.08121109224675328,day_anchor_std,server_midnight,0,0,0,1,0,0,UNCLASSIFIED,TREND_UNCLASSIFIED,TREND
6064.25,6065.9,6064.05,6065.55,0,0,0,2,0.9483068187728572,ASIA,3,0.08121109224675328,day_anchor_std,server_midnight,0,0,0,1,0,0,UNCLASSIFIED,TREND_UNCLASSIFIED,TREND
6065.55,6065.55,6064.1,6064.6,0,0,0,2,0.9483068187728572,ASIA,3,0.08121109224675328,day_anchor_std,server_midnight,0,0,0,1,0,0,UNCLASSIFIED,TREND_UNCLASSIFIED,TREND
6064.6,6068.3,6064.6,6067.6,0,0,0,2,0.9483068187728572,ASIA,3,0.08121109224675328,day_anchor_std,server_midnight,0,0,0,1,0,0,UNCLASSIFIED,TREND_UNCLASSIFIED,TREND
6067.6,6067.6,6065.9,6066.15,0,0,0,2,0.9107726746806264,ASIA,4,0.20494668764197632,day_anchor_std,server_midnight,0,0,0,1,0,0,UNCLASSIFIED,TREND_UNCLASSIFIED,TREND
6066.15,6066.65,6065.4,6066.15,0,0,0,2,0.9107726746806264,ASIA,4,0.20494668764197632,day_anchor_std,server_midnight,0,0,0,1,0,0,UNCLASSIFIED,TREND_UNCLASSIFIED,TREND
6066.15,6066.7,6063.85,6064.45,0,0,0,2,0.9107726746806264,ASIA,4,0.20494668764197632,day_anchor_std,server_midnight,0,0,0,1,0,0,UNCLASSIFIED,TREND_UNCLASSIFIED,TREND
6064.45,6065.0,6062.25,6062.5,0,0,0,2,0.9107726746806264,ASIA,4,0.20494668764197632,day_anchor_std,server_midnight,0,0,0,1,0,0,UNCLASSIFIED,TREND_UNCLASSIFIED,TREND
6062.5,6065.75,6061.5,6064.5,0,0,0,2,0.9926330096509083,ASIA,5,0.45509574530008906,day_anchor_std,server_midnight,0,0,0,1,0,0,UNCLASSIFIED,TREND_UNCLASSIFIED,TREND
6064.6,6066.0,6061.8,6063.3,0,0,0,2,0.9926330096509083,ASIA,5,0.45509574530008906,day_anchor_std,server_midnight,0,0,0,1,0,0,UNCLASSIFIED,TREND_UNCLASSIFIED,TREND
6063.3,6070.2,6062.3,6069.5,0,0,0,2,0.9926330096509083,ASIA,5,0.45509574530008906,day_anchor_std,server_midnight,0,0,0,1,0,0,UNCLASSIFIED,TREND_UNCLASSIFIED,TREND
6069.5,6073.3,6069.3,6072.8,0,0,0,2,0.9926330096509083,ASIA,5,0.45509574530008906,day_anchor_std,server_midnight,0,0,0,1,0,0,UNCLASSIFIED,TREND_UNCLASSIFIED,TREND
6072.55,6077.55,6072.3,6077.3,0,0,0,2,0.9924549098668546,ASIA,6,0.5355795384750869,day_anchor_std,server_midnight,0,0,0,1,0,0,UNCLASSIFIED,TREND_UNCLASSIFIED,TREND
6077.3,6078.05,6073.3,6074.1,0,0,0,2,0.9924549098668546,ASIA,6,0.5355795384750869,day_anchor_std,server_midnight,0,0,0,1,0,0,UNCLASSIFIED,TREND_UNCLASSIFIED,TREND
6074.1,6074.6,6071.35,6073.6,0,0,0,2,0.9924549098668546,ASIA,6,0.5355795384750869,day_anchor_std,server_midnight,0,0,0,1,0,0,UNCLASSIFIED,TREND_UNCLASSIFIED,TREND
6073.6,6076.1,6073.35,6075.1,0,0,0,2,0.9924549098668546,ASIA,6,0.5355795384750869,day_anchor_std,server_midnight,0,0,0,1,0,0,UNCLASSIFIED,TREND_UNCLASSIFIED,TREND
6075.1,6078.6,6074.1,6076.1,0,0,0,2,0.9985634630455964,LONDON,7,0.5823205451321227,day_anchor_std,server_midnight,0,0,0,0,1,0,UNCLASSIFIED,TREND_UNCLASSIFIED,TREND
6076.1,6076.1,6072.15,6073.75,0,0,0,2,0.9985634630455964,LONDON,7,0.5823205451321227,day_anchor_std,server_midnight,0,0,0,0,1,0,UNCLASSIFIED,TREND_UNCLASSIFIED,TREND
6073.9,6078.85,6073.15,6075.85,0,0,0,2,0.9985634630455964,LONDON,7,0.5823205451321227,day_anchor_std,server_midnight,0,0,0,0,1,0,UNCLASSIFIED,TREND_UNCLASSIFIED,TREND
6075.85,6079.9,6075.15,6076.2,0,0,0,2,0.9985634630455964,LONDON,7,0.5823205451321227,day_anchor_std,server_midnight,0,0,0,0,1,0,UNCLASSIFIED,TREND_UNCLASSIFIED,TREND
6076.3,6081.9,6076.3,6081.4,0,0,0,2,0.9984259151466678,LONDON,8,1.307010735997957,day_anchor_std,server_midnight,0,0,0,0,0,1,UNCLASSIFIED,TREND_UNCLASSIFIED,TREND
6081.4,6082.45,6079.65,6082.2,0,0,0,2,0.9984259151466678,LONDON,8,1.307010735997957,day_anchor_std,server_midnight,0,0,0,0,0,1,UNCLASSIFIED,TREND_UNCLASSIFIED,TREND
6082.2,6082.7,6077.25,6080.25,0,0,0,2,0.9984259151466678,LONDON,8,1.307010735997957,day_anchor_std,server_midnight,0,0,0,0,0,1,UNCLASSIFIED,TREND_UNCLASSIFIED,TREND
6080.25,6087.0,6075.0,6086.4,0,0,0,2,0.9984259151466678,LONDON,8,1.307010735997957,day_anchor_std,server_midnight,0,0,0,0,0,1,UNCLASSIFIED,TREND_UNCLASSIFIED,TREND
6087.15,6091.95,6081.5,6088.5,0,0,0,2,0.996726299174233,LONDON,9,2.034197777144496,day_anchor_std,server_midnight,0,0,0,0,0,1,UNCLASSIFIED,TREND_UNCLASSIFIED,TREND
6088.5,6092.3,6086.55,6087.3,0,0,0,2,0.996726299174233,LONDON,9,2.034197777144496,day_anchor_std,server_midnight,0,0,0,0,0,1,UNCLASSIFIED,TREND_UNCLASSIFIED,TREND
6087.15,6094.1,6084.35,6094.1,0,0,0,2,0.996726299174233,LONDON,9,2.034197777144496,day_anchor_std,server_midnight,0,0,0,0,0,1,UNCLASSIFIED,TREND_UNCLASSIFIED,TREND
6094.1,6099.65,6093.6,6098.15,0,0,0,2,0.996726299174233,LONDON,9,2.034197777144496,day_anchor_std,server_midnight,0,0,0,0,0,1,UNCLASSIFIED,TREND_UNCLASSIFIED,TREND
6098.15,6100.0,6094.95,6097.05,0,0,0,2,0.9965692152722097,NY,10,1.4619450317124258,day_anchor_std,server_midnight,0,0,0,0,0,1,UNCLASSIFIED,TREND_UNCLASSIFIED,TREND
6097.05,6098.5,6094.25,6094.5,0,0,0,2,0.9965692152722097,NY,10,1.4619450317124258,day_anchor_std,server_midnight,0,0,0,0,0,1,UNCLASSIFIED,TREND_UNCLASSIFIED,TREND
6094.5,6095.55,6090.65,6091.65,0,0,0,2,0.9965692152722097,NY,10,1.4619450317124258,day_anchor_std,server_midnight,0,0,0,0,0,1,UNCLASSIFIED,TREND_UNCLASSIFIED,TREND
6091.65,6097.2,6090.9,6091.4,0,0,0,2,0.9965692152722097,NY,10,1.4619450317124258,day_anchor_std,server_midnight,0,0,0,0,0,1,UNCLASSIFIED,TREND_UNCLASSIFIED,TREND
6091.4,6094.3,6089.6,6090.1,0,0,0,2,0.95066067553071,NY,11,0.8374615092070814,day_anchor_std,server_midnight,0,0,0,0,1,1,TREND_FRAGILE,TREND_FRAGILE,TREND
6090.3,6096.9,6088.7,6096.65,0,0,0,2,0.95066067553071,NY,11,0.8374615092070814,day_anchor_std,server_midnight,0,0,0,0,1,1,TREND_FRAGILE,TREND_FRAGILE,TREND
6096.65,6096.9,6091.6,6091.6,0,0,0,2,0.95066067553071,NY,11,0.8374615092070814,day_anchor_std,server_midnight,0,0,0,0,1,1,TREND_FRAGILE,TREND_FRAGILE,TREND
6091.6,6094.1,6083.0,6084.0,0,0,0,2,0.95066067553071,NY,11,0.8374615092070814,day_anchor_std,server_midnight,0,0,0,0,1,1,TREND_FRAGILE,TREND_FRAGILE,TREND
6083.9,6085.5,6078.8,6079.55,0,0,0,2,0.36886769641848344,NY_PM,12,0.8251970413483491,day_anchor_std,server_midnight,0,0,0,0,1,1,TREND_FRAGILE,TREND_FRAGILE,TREND
6079.55,6083.75,6079.05,6083.75,0,0,0,2,0.36886769641848344,NY_PM,12,0.8251970413483491,day_anchor_std,server_midnight,0,0,0,0,1,1,TREND_FRAGILE,TREND_FRAGILE,TREND
6119.9,6121.4,6112.4,6112.9,0,0,0,2,0.9249699992722136,ASIA,5,0.21084337349388993,day_anchor_std,server_midnight,0,0,0,1,0,0,TREND_FRAGILE,TREND_FRAGILE,TREND
6112.9,6114.65,6110.65,6112.65,0,0,0,2,0.9249699992722136,ASIA,5,0.21084337349388993,day_anchor_std,server_midnight,0,0,0,1,0,0,TREND_FRAGILE,TREND_FRAGILE,TREND
6112.65,6113.9,6109.15,6110.15,0,0,0,2,0.9249699992722136,ASIA,5,0.21084337349388993,day_anchor_std,server_midnight,0,0,0,1,0,0,TREND_FRAGILE,TREND_FRAGILE,TREND
6110.15,6112.65,6110.15,6111.9,0,0,0,2,0.9249699992722136,ASIA,5,0.21084337349388993,day_anchor_std,server_midnight,0,0,0,1,0,0,TREND_FRAGILE,TREND_FRAGILE,TREND
6068.65,6070.65,6065.4,6069.65,0,0,0,1,0.9919424342023948,NY_PM,3,0.4563072586327978,day_anchor_std,server_midnight,0,1,0,0,0,0,UNCLASSIFIED,TRANSITION_UNCLASSIFIED,TRANSITION
6069.65,6071.15,6068.65,6069.65,0,0,0,1,0.9919424342023948,NY_PM,3,0.4563072586327978,day_anchor_std,server_midnight,0,1,0,0,0,0,UNCLASSIFIED,TRANSITION_UNCLASSIFIED,TRANSITION
6069.65,6070.15,6064.65,6064.9,0,0,0,1,0.9919424342023948,NY_PM,3,0.4563072586327978,day_anchor_std,server_midnight,0,1,0,0,0,0,UNCLASSIFIED,TRANSITION_UNCLASSIFIED,TRANSITION
6064.9,6065.15,6049.65,6051.15,0,0,0,1,0.9919424342023948,NY_PM,3,0.4563072586327978,day_anchor_std,server_midnight,0,1,0,0,0,0,UNCLASSIFIED,TRANSITION_UNCLASSIFIED,TRANSITION
6041.4,6042.4,6028.5,6029.5,0,0,0,1,0.9987516482843892,ASIA,6,1.2098393574297026,day_anchor_std,server_midnight,0,0,1,0,0,0,UNCLASSIFIED,TRANSITION_UNCLASSIFIED,TRANSITION
6029.4,6030.9,6023.4,6026.15,0,0,0,1,0.9987516482843892,ASIA,6,1.2098393574297026,day_anchor_std,server_midnight,0,0,1,0,0,0,UNCLASSIFIED,TRANSITION_UNCLASSIFIED,TRANSITION
6026.15,6027.65,6020.65,6021.9,0,0,0,1,0.9987516482843892,ASIA,6,1.2098393574297026,day_anchor_std,server_midnight,0,0,1,0,0,0,UNCLASSIFIED,TRANSITION_UNCLASSIFIED,TRANSITION
6021.65,6021.65,6009.9,6014.65,0,0,0,1,0.9987516482843892,ASIA,6,1.2098393574297026,day_anchor_std,server_midnight,0,0,1,0,0,0,UNCLASSIFIED,TRANSITION_UNCLASSIFIED,TRANSITION
6063.4,6063.9,6058.5,6059.75,0,0,0,2,0.7399818473406321,ASIA,3,0.09849587578845556,day_anchor_std,server_midnight,0,0,0,1,0,0,TREND_STRONG,TREND_STRONG,TREND
6059.75,6063.5,6058.0,6063.25,0,0,0,2,0.7399818473406321,ASIA,3,0.09849587578845556,day_anchor_std,server_midnight,0,0,0,1,0,0,TREND_STRONG,TREND_STRONG,TREND
6063.25,6068.7,6063.25,6068.45,0,0,0,2,0.7399818473406321,ASIA,3,0.09849587578845556,day_anchor_std,server_midnight,0,0,0,1,0,0,TREND_STRONG,TREND_STRONG,TREND
6068.45,6068.45,6066.0,6066.25,0,0,0,2,0.7399818473406321,ASIA,3,0.09849587578845556,day_anchor_std,server_midnight,0,0,0,1,0,0,TREND_STRONG,TREND_STRONG,TREND
6066.25,6067.2,6065.6,6066.95,0,0,0,2,0.5666050904076523,ASIA,4,0.44127917662193633,day_anchor_std,server_midnight,0,0,0,1,0,0,TREND_STRONG,TREND_STRONG,TREND
6066.95,6066.95,6062.75,6063.5,0,0,0,2,0.5666050904076523,ASIA,4,0.44127917662193633,day_anchor_std,server_midnight,0,0,0,1,0,0,TREND_STRONG,TREND_STRONG,TREND
6064.1,6079.85,6064.1,6074.2,0,0,0,2,0.5666050904076523,ASIA,4,0.44127917662193633,day_anchor_std,server_midnight,0,0,0,1,0,0,TREND_STRONG,TREND_STRONG,TREND
6074.2,6079.65,6074.2,6076.45,0,0,0,2,0.5666050904076523,ASIA,4,0.44127917662193633,day_anchor_std,server_midnight,0,0,0,1,0,0,TREND_STRONG,TREND_STRONG,TREND
5919.15,5921.4,5912.9,5921.15,0,0,0,2,0.9993665079251113,ASIA,3,0.03842173932603576,day_anchor_std,server_midnight,0,0,0,1,0,0,UNCLASSIFIED,TREND_UNCLASSIFIED,TREND
5921.15,5924.4,5917.15,5920.15,0,0,0,2,0.9993665079251113,ASIA,3,0.03842173932603576,day_anchor_std,server_midnight,0,0,0,1,0,0,UNCLASSIFIED,TREND_UNCLASSIFIED,TREND
5920.4,5923.4,5915.9,5917.65,0,0,0,2,0.9993665079251113,ASIA,3,0.03842173932603576,day_anchor_std,server_midnight,0,0,0,1,0,0,UNCLASSIFIED,TREND_UNCLASSIFIED,TREND
5917.65,5917.65,5908.65,5915.0,0,0,0,2,0.9993665079251113,ASIA,3,0.03842173932603576,day_anchor_std,server_midnight,0,0,0,1,0,0,UNCLASSIFIED,TREND_UNCLASSIFIED,TREND
5915.15,5919.25,5912.15,5915.75,0,0,0,2,0.9994763640623662,ASIA,4,0.2067109844887944,day_anchor_std,server_midnight,0,0,0,1,0,0,UNCLASSIFIED,TREND_UNCLASSIFIED,TREND
5915.65,5924.9,5914.4,5924.4,0,0,0,2,0.9994763640623662,ASIA,4,0.2067109844887944,day_anchor_std,server_midnight,0,0,0,1,0,0,UNCLASSIFIED,TREND_UNCLASSIFIED,TREND
5924.15,5928.65,5918.65,5920.65,0,0,0,2,0.9994763640623662,ASIA,4,0.2067109844887944,day_anchor_std,server_midnight,0,0,0,1,0,0,UNCLASSIFIED,TREND_UNCLASSIFIED,TREND
5921.15,5930.15,5920.75,5923.9,0,0,0,2,0.9994763640623662,ASIA,4,0.2067109844887944,day_anchor_std,server_midnight,0,0,0,1,0,0,UNCLASSIFIED,TREND_UNCLASSIFIED,TREND
5924.15,5931.75,5924.15,5930.15,0,0,0,2,0.9994967382978827,ASIA,5,0.9229383978168726,day_anchor_std,server_midnight,0,0,0,1,0,0,UNCLASSIFIED,TREND_UNCLASSIFIED,TREND
5930.25,5939.5,5926.4,5931.65,0,0,0,2,0.9994967382978827,ASIA,5,0.9229383978168726,day_anchor_std,server_midnight,0,0,0,1,0,0,UNCLASSIFIED,TREND_UNCLASSIFIED,TREND
5931.75,5960.65,5931.65,5951.15,0,0,0,2,0.9994967382978827,ASIA,5,0.9229383978168726,day_anchor_std,server_midnight,0,0,0,1,0,0,UNCLASSIFIED,TREND_UNCLASSIFIED,TREND
5951.0,5957.15,5947.65,5952.25,0,0,0,2,0.9994967382978827,ASIA,5,0.9229383978168726,day_anchor_std,server_midnight,0,0,0,1,0,0,UNCLASSIFIED,TREND_UNCLASSIFIED,TREND
6002.0,6002.25,5960.45,5982.25,0,0,0,2,0.009976830685109184,ASIA,3,0.10691451574714161,day_anchor_std,server_midnight,0,0,0,1,0,0,TREND_STRONG,TREND_STRONG,TREND
5982.15,5995.3,5978.15,5984.35,0,0,0,2,0.009976830685109184,ASIA,3,0.10691451574714161,day_anchor_std,server_midnight,0,0,0,1,0,0,TREND_STRONG,TREND_STRONG,TREND
5984.1,5987.2,5978.65,5981.65,0,0,0,2,0.009976830685109184,ASIA,3,0.10691451574714161,day_anchor_std,server_midnight,0,0,0,1,0,0,TREND_STRONG,TREND_STRONG,TREND
5981.65,5991.85,5976.2,5991.45,0,0,0,2,0.009976830685109184,ASIA,3,0.10691451574714161,day_anchor_std,server_midnight,0,0,0,1,0,0,TREND_STRONG,TREND_STRONG,TREND
6067.95,6068.95,6066.55,6067.1,0,0,0,2,0.9971258866012589,ASIA,4,0.14799154334037998,day_anchor_std,server_midnight,0,0,0,1,0,0,TREND_STRONG,TREND_STRONG,TREND
6066.95,6068.95,6066.2,6068.7,0,0,0,2,0.9971258866012589,ASIA,4,0.14799154334037998,day_anchor_std,server_midnight,0,0,0,1,0,0,TREND_STRONG,TREND_STRONG,TREND
6068.7,6071.7,6068.2,6071.2,0,0,0,2,0.9971258866012589,ASIA,4,0.14799154334037998,day_anchor_std,server_midnight,0,0,0,1,0,0,TREND_STRONG,TREND_STRONG,TREND
6071.2,6072.7,6070.7,6072.45,0,0,0,2,0.9971258866012589,ASIA,4,0.14799154334037998,day_anchor_std,server_midnight,0,0,0,1,0,0,TREND_STRONG,TREND_STRONG,TREND
6072.45,6076.45,6072.1,6076.2,0,0,0,2,0.9994890813996239,ASIA,5,0.16541562413122013,day_anchor_std,server_midnight,0,0,0,1,0,0,TREND_STRONG,TREND_STRONG,TREND
6076.2,6077.2,6074.95,6076.7,0,0,0,2,0.9994890813996239,ASIA,5,0.16541562413122013,day_anchor_std,server_midnight,0,0,0,1,0,0,TREND_STRONG,TREND_STRONG,TREND
6076.7,6076.95,6075.0,6076.35,0,0,0,2,0.9994890813996239,ASIA,5,0.16541562413122013,day_anchor_std,server_midnight,0,0,0,1,0,0,TREND_STRONG,TREND_STRONG,TREND
6076.35,6076.35,6072.9,6073.5,0,0,0,2,0.9994890813996239,ASIA,5,0.16541562413122013,day_anchor_std,server_midnight,0,0,0,1,0,0,TREND_STRONG,TREND_STRONG,TREND
6073.5,6077.0,6071.8,6073.3,0,0,0,2,0.9997133190372169,ASIA,6,0.3372627251843896,day_anchor_std,server_midnight,0,0,0,1,0,0,UNCLASSIFIED,TREND_UNCLASSIFIED,TREND
6073.15,6073.55,6069.3,6069.95,0,0,0,2,0.9997133190372169,ASIA,6,0.3372627251843896,day_anchor_std,server_midnight,0,0,0,1,0,0,UNCLASSIFIED,TREND_UNCLASSIFIED,TREND
6069.95,6073.55,6067.1,6072.5,0,0,0,2,0.9997133190372169,ASIA,6,0.3372627251843896,day_anchor_std,server_midnight,0,0,0,1,0,0,UNCLASSIFIED,TREND_UNCLASSIFIED,TREND
6072.5,6078.5,6072.0,6076.6,0,0,0,2,0.9997133190372169,ASIA,6,0.3372627251843896,day_anchor_std,server_midnight,0,0,0,1,0,0,UNCLASSIFIED,TREND_UNCLASSIFIED,TREND
6076.6,6079.25,6073.55,6075.3,0,0,0,2,0.9986894035802173,ASIA,7,0.19901034637875825,day_anchor_std,server_midnight,0,0,0,1,0,0,UNCLASSIFIED,TREND_UNCLASSIFIED,TREND
6075.3,6076.9,6072.85,6073.1,0,0,0,2,0.9986894035802173,ASIA,7,0.19901034637875825,day_anchor_std,server_midnight,0,0,0,1,0,0,UNCLASSIFIED,TREND_UNCLASSIFIED,TREND
6073.1,6075.8,6071.85,6071.85,0,0,0,2,0.9986894035802173,ASIA,7,0.19901034637875825,day_anchor_std,server_midnight,0,0,0,1,0,0,UNCLASSIFIED,TREND_UNCLASSIFIED,TREND
6071.85,6072.85,6068.9,6069.4,0,0,0,2,0.9986894035802173,ASIA,7,0.19901034637875825,day_anchor_std,server_midnight,0,0,0,1,0,0,UNCLASSIFIED,TREND_UNCLASSIFIED,TREND
6069.4,6069.4,6063.2,6064.95,0,0,0,2,0.9984494586100818,LONDON,8,0.05232440394002002,day_anchor_std,server_midnight,0,0,0,0,1,0,UNCLASSIFIED,TREND_UNCLASSIFIED,TREND
6064.95,6066.7,6061.2,6062.85,0,0,0,2,0.9984494586100818,LONDON,8,0.05232440394002002,day_anchor_std,server_midnight,0,0,0,0,1,0,UNCLASSIFIED,TREND_UNCLASSIFIED,TREND
6062.75,6066.75,6061.2,6066.0,0,0,0,2,0.9984494586100818,LONDON,8,0.05232440394002002,day_anchor_std,server_midnight,0,0,0,0,1,0,UNCLASSIFIED,TREND_UNCLASSIFIED,TREND
6066.0,6072.5,6063.3,6072.5,0,0,0,2,0.9984494586100818,LONDON,8,0.05232440394002002,day_anchor_std,server_midnight,0,0,0,0,1,0,UNCLASSIFIED,TREND_UNCLASSIFIED,TREND
6072.5,6075.4,6070.75,6073.95,0,0,0,2,0.9948704581715043,LONDON,9,0.016716943187504198,day_anchor_std,server_midnight,0,0,0,0,1,0,UNCLASSIFIED,TREND_UNCLASSIFIED,TREND
6073.85,6075.55,6069.6,6075.55,0,0,0,2,0.9948704581715043,LONDON,9,0.016716943187504198,day_anchor_std,server_midnight,0,0,0,0,1,0,UNCLASSIFIED,TREND_UNCLASSIFIED,TREND
6075.55,6080.75,6075.55,6078.5,0,0,0,2,0.9948704581715043,LONDON,9,0.016716943187504198,day_anchor_std,server_midnight,0,0,0,0,1,0,UNCLASSIFIED,TREND_UNCLASSIFIED,TREND
6078.25,6079.7,6068.65,6071.5,0,0,0,2,0.9948704581715043,LONDON,9,0.016716943187504198,day_anchor_std,server_midnight,0,0,0,0,1,0,UNCLASSIFIED,TREND_UNCLASSIFIED,TREND
6071.65,6078.65,6067.65,6068.6,0,0,0,2,0.9927391697729845,LONDON,10,0.06876175127587834,day_anchor_std,server_midnight,0,0,0,0,1,0,TREND_STRONG,TREND_STRONG,TREND
6068.5,6076.8,6060.65,6065.35,0,0,0,2,0.9927391697729845,LONDON,10,0.06876175127587834,day_anchor_std,server_midnight,0,0,0,0,1,0,TREND_STRONG,TREND_STRONG,TREND
6065.45,6076.2,6064.7,6074.75,0,0,0,2,0.9927391697729845,LONDON,10,0.06876175127587834,day_anchor_std,server_midnight,0,0,0,0,1,0,TREND_STRONG,TREND_STRONG,TREND
6074.75,6075.0,6066.85,6070.65,0,0,0,2,0.9927391697729845,LONDON,10,0.06876175127587834,day_anchor_std,server_midnight,0,0,0,0,1,0,TREND_STRONG,TREND_STRONG,TREND
6070.65,6075.8,6066.9,6070.8,0,0,0,2,0.6701573207991717,NY,11,0.0862977602107704,day_anchor_std,server_midnight,0,0,0,0,1,0,TREND_STRONG,TREND_STRONG,TREND
6070.8,6076.6,6067.85,6075.15,0,0,0,2,0.6701573207991717,NY,11,0.0862977602107704,day_anchor_std,server_midnight,0,0,0,0,1,0,TREND_STRONG,TREND_STRONG,TREND
6075.25,6078.9,6072.2,6074.85,0,0,0,2,0.6701573207991717,NY,11,0.0862977602107704,day_anchor_std,server_midnight,0,0,0,0,1,0,TREND_STRONG,TREND_STRONG,TREND
6074.85,6076.8,6069.1,6070.35,0,0,0,2,0.6701573207991717,NY,11,0.0862977602107704,day_anchor_std,server_midnight,0,0,0,0,1,0,TREND_STRONG,TREND_STRONG,TREND
6070.35,6073.6,6062.4,6064.4,0,0,0,2,0.8855812247687828,NY,12,0.8898145457285307,day_anchor_std,server_midnight,0,0,0,0,1,1,TREND_STRONG,TREND_STRONG,TREND
6064.4,6064.65,6045.35,6056.1,0,0,0,2,0.8855812247687828,NY,12,0.8898145457285307,day_anchor_std,server_midnight,0,0,0,0,1,1,TREND_STRONG,TREND_STRONG,TREND
6056.0,6066.85,6053.95,6066.3,0,0,0,2,0.8855812247687828,NY,12,0.8898145457285307,day_anchor_std,server_midnight,0,0,0,0,1,1,TREND_STRONG,TREND_STRONG,TREND
6066.55,6083.3,6064.65,6082.25,0,0,0,2,0.8855812247687828,NY,12,0.8898145457285307,day_anchor_std,server_midnight,0,0,0,0,1,1,TREND_STRONG,TREND_STRONG,TREND
6083.4,6084.4,6081.15,6081.4,0,0,0,0,0.9827499938066292,ASIA,3,0.160834217037778,day_anchor_std,server_midnight,1,0,0,0,0,0,UNCLASSIFIED,BALANCE_UNCLASSIFIED,BALANCE
6081.4,6082.15,6079.15,6079.65,0,0,0,0,0.9827499938066292,ASIA,3,0.160834217037778,day_anchor_std,server_midnight,1,0,0,0,0,0,UNCLASSIFIED,BALANCE_UNCLASSIFIED,BALANCE
6079.65,6079.9,6077.9,6078.15,0,0,0,0,0.9827499938066292,ASIA,3,0.160834217037778,day_anchor_std,server_midnight,1,0,0,0,0,0,UNCLASSIFIED,BALANCE_UNCLASSIFIED,BALANCE
6078.15,6078.75,6077.4,6077.65,0,0,0,0,0.9827499938066292,ASIA,3,0.160834217037778,day_anchor_std,server_midnight,1,0,0,0,0,0,UNCLASSIFIED,BALANCE_UNCLASSIFIED,BALANCE
6077.65,6077.9,6076.9,6077.4,0,0,0,0,0.9865761843774895,ASIA,4,0.10653100269579821,day_anchor_std,server_midnight,1,0,0,0,0,0,UNCLASSIFIED,BALANCE_UNCLASSIFIED,BALANCE
6077.4,6078.4,6075.15,6076.15,0,0,0,0,0.9865761843774895,ASIA,4,0.10653100269579821,day_anchor_std,server_midnight,1,0,0,0,0,0,UNCLASSIFIED,BALANCE_UNCLASSIFIED,BALANCE
6076.15,6076.4,6071.15,6073.4,0,0,0,0,0.9865761843774895,ASIA,4,0.10653100269579821,day_anchor_std,server_midnight,1,0,0,0,0,0,UNCLASSIFIED,BALANCE_UNCLASSIFIED,BALANCE
6073.4,6077.4,6071.15,6077.25,0,0,0,0,0.9865761843774895,ASIA,4,0.10653100269579821,day_anchor_std,server_midnight,1,0,0,0,0,0,UNCLASSIFIED,BALANCE_UNCLASSIFIED,BALANCE
6077.4,6079.4,6077.25,6078.15,0,0,0,0,0.9859851503969493,ASIA,5,0.11113987401843084,day_anchor_std,server_midnight,1,0,0,0,0,0,UNCLASSIFIED,BALANCE_UNCLASSIFIED,BALANCE
6078.15,6079.9,6077.65,6077.65,0,0,0,0,0.9859851503969493,ASIA,5,0.11113987401843084,day_anchor_std,server_midnight,1,0,0,0,0,0,UNCLASSIFIED,BALANCE_UNCLASSIFIED,BALANCE
6077.75,6083.4,6075.4,6077.9,0,0,0,0,0.9859851503969493,ASIA,5,0.11113987401843084,day_anchor_std,server_midnight,1,0,0,0,0,0,UNCLASSIFIED,BALANCE_UNCLASSIFIED,BALANCE
6077.9,6080.25,6075.4,6076.75,0,0,0,0,0.9859851503969493,ASIA,5,0.11113987401843084,day_anchor_std,server_midnight,1,0,0,0,0,0,UNCLASSIFIED,BALANCE_UNCLASSIFIED,BALANCE
6076.65,6080.5,6075.65,6077.4,0,0,0,0,0.7996038818081026,ASIA,6,0.17778914173699836,day_anchor_std,server_midnight,1,0,0,0,0,0,BALANCE_LEAKING,BALANCE_LEAKING,BALANCE
6077.65,6082.9,6077.4,6081.4,0,0,0,0,0.7996038818081026,ASIA,6,0.17778914173699836,day_anchor_std,server_midnight,1,0,0,0,0,0,BALANCE_LEAKING,BALANCE_LEAKING,BALANCE
6081.4,6082.9,6080.4,6082.65,0,0,0,0,0.7996038818081026,ASIA,6,0.17778914173699836,day_anchor_std,server_midnight,1,0,0,0,0,0,BALANCE_LEAKING,BALANCE_LEAKING,BALANCE
6082.65,6083.15,6079.4,6080.9,0,0,0,0,0.7996038818081026,ASIA,6,0.17778914173699836,day_anchor_std,server_midnight,1,0,0,0,0,0,BALANCE_LEAKING,BALANCE_LEAKING,BALANCE
6080.9,6081.9,6078.4,6080.4,0,0,0,0,0.7551448752586323,LONDON,7,0.21879182963930305,day_anchor_std,server_midnight,1,0,0,0,0,0,BALANCE_LEAKING,BALANCE_LEAKING,BALANCE
6080.4,6086.0,6080.15,6084.65,0,0,0,0,0.7551448752586323,LONDON,7,0.21879182963930305,day_anchor_std,server_midnight,1,0,0,0,0,0,BALANCE_LEAKING,BALANCE_LEAKING,BALANCE
6084.65,6085.15,6082.75,6083.15,0,0,0,0,0.7551448752586323,LONDON,7,0.21879182963930305,day_anchor_std,server_midnight,1,0,0,0,0,0,BALANCE_LEAKING,BALANCE_LEAKING,BALANCE
6083.15,6083.65,6080.65,6081.65,0,0,0,0,0.7551448752586323,LONDON,7,0.21879182963930305,day_anchor_std,server_midnight,1,0,0,0,0,0,BALANCE_LEAKING,BALANCE_LEAKING,BALANCE
6081.65,6083.4,6076.15,6078.65,0,0,0,1,0.9891319398406254,LONDON,1,1.1010590558248265,day_anchor_std,server_midnight,0,0,1,0,0,0,UNCLASSIFIED,TRANSITION_UNCLASSIFIED,TRANSITION
6078.75,6091.0,6064.9,6086.15,0,0,0,1,0.9891319398406254,LONDON,1,1.1010590558248265,day_anchor_std,server_midnight,0,0,1,0,0,0,UNCLASSIFIED,TRANSITION_UNCLASSIFIED,TRANSITION
6086.4,6089.0,6082.15,6087.65,0,0,0,1,0.9891319398406254,LONDON,1,1.1010590558248265,day_anchor_std,server_midnight,0,0,1,0,0,0,UNCLASSIFIED,TRANSITION_UNCLASSIFIED,TRANSITION
6088.15,6100.15,6084.4,6097.15,0,0,0,1,0.9891319398406254,LONDON,1,1.1010590558248265,day_anchor_std,server_midnight,0,0,1,0,0,0,UNCLASSIFIED,TRANSITION_UNCLASSIFIED,TRANSITION
6097.4,6097.4,6056.0,6064.75,0,0,0,1,0.8618736730392929,LONDON,2,2.155204119161426,day_anchor_std,server_midnight,0,0,1,0,0,0,UNCLASSIFIED,TRANSITION_UNCLASSIFIED,TRANSITION
6064.4,6074.15,6030.85,6053.2,0,0,0,1,0.8618736730392929,LONDON,2,2.155204119161426,day_anchor_std,server_midnight,0,0,1,0,0,0,UNCLASSIFIED,TRANSITION_UNCLASSIFIED,TRANSITION
6053.45,6064.15,6034.15,6039.15,0,0,0,1,0.8618736730392929,LONDON,2,2.155204119161426,day_anchor_std,server_midnight,0,0,1,0,0,0,UNCLASSIFIED,TRANSITION_UNCLASSIFIED,TRANSITION
6039.15,6047.9,6031.7,6034.7,0,0,0,1,0.8618736730392929,LONDON,2,2.155204119161426,day_anchor_std,server_midnight,0,0,1,0,0,0,UNCLASSIFIED,TRANSITION_UNCLASSIFIED,TRANSITION
6062.35,6062.85,6050.1,6054.55,0,0,0,2,0.8860238551724462,NY,3,0.9794455968319928,day_anchor_std,server_midnight,0,0,0,0,1,0,TREND_STRONG,TREND_STRONG,TREND
6054.55,6064.65,6054.3,6064.15,0,0,0,2,0.8860238551724462,NY,3,0.9794455968319928,day_anchor_std,server_midnight,0,0,0,0,1,0,TREND_STRONG,TREND_STRONG,TREND
6064.15,6068.1,6063.4,6065.35,0,0,0,2,0.8860238551724462,NY,3,0.9794455968319928,day_anchor_std,server_midnight,0,0,0,0,1,0,TREND_STRONG,TREND_STRONG,TREND
6065.35,6070.6,6063.85,6068.8,0,0,0,2,0.8860238551724462,NY,3,0.9794455968319928,day_anchor_std,server_midnight,0,0,0,0,1,0,TREND_STRONG,TREND_STRONG,TREND
6068.8,6072.95,6064.7,6070.0,0,0,0,2,0.902154392749903,NY,4,0.9815516273850268,day_anchor_std,server_midnight,0,0,0,0,1,0,TREND_STRONG,TREND_STRONG,TREND
6070.0,6071.75,6065.4,6067.6,0,0,0,2,0.902154392749903,NY,4,0.9815516273850268,day_anchor_std,server_midnight,0,0,0,0,1,0,TREND_STRONG,TREND_STRONG,TREND
6067.6,6070.1,6065.6,6067.1,0,0,0,2,0.902154392749903,NY,4,0.9815516273850268,day_anchor_std,server_midnight,0,0,0,0,1,0,TREND_STRONG,TREND_STRONG,TREND
6067.1,6068.0,6060.35,6066.1,0,0,0,2,0.902154392749903,NY,4,0.9815516273850268,day_anchor_std,server_midnight,0,0,0,0,1,0,TREND_STRONG,TREND_STRONG,TREND
6065.7,6065.7,6060.75,6064.0,0,0,0,2,0.9463785152263702,NY_PM,5,0.993649937039033,day_anchor_std,server_midnight,0,0,0,0,1,0,TREND_STRONG,TREND_STRONG,TREND
6064.0,6065.25,6063.5,6065.25,0,0,0,2,0.9463785152263702,NY_PM,5,0.993649937039033,day_anchor_std,server_midnight,0,0,0,0,1,0,TREND_STRONG,TREND_STRONG,TREND
6062.5,6067.5,6062.25,6065.25,0,0,0,0,0.7802147201690589,ASIA,4,0.0051315885931929855,day_anchor_std,server_midnight,1,0,0,0,0,0,BALANCE_COMPRESSING,BALANCE_COMPRESSING,BALANCE
6065.25,6067.0,6065.25,6065.75,0,0,0,0,0.7802147201690589,ASIA,4,0.0051315885931929855,day_anchor_std,server_midnight,1,0,0,0,0,0,BALANCE_COMPRESSING,BALANCE_COMPRESSING,BALANCE
6065.75,6069.0,6065.75,6067.5,0,0,0,0,0.7802147201690589,ASIA,4,0.0051315885931929855,day_anchor_std,server_midnight,1,0,0,0,0,0,BALANCE_COMPRESSING,BALANCE_COMPRESSING,BALANCE
6067.5,6068.75,6065.75,6065.75,0,0,0,0,0.7802147201690589,ASIA,4,0.0051315885931929855,day_anchor_std,server_midnight,1,0,0,0,0,0,BALANCE_COMPRESSING,BALANCE_COMPRESSING,BALANCE
6065.75,6067.25,6065.25,6065.5,0,0,0,0,0.5817463021372768,ASIA,5,0.17493568540981397,day_anchor_std,server_midnight,1,0,0,0,0,0,BALANCE_COMPRESSING,BALANCE_COMPRESSING,BALANCE
6065.5,6065.75,6063.25,6064.5,0,0,0,0,0.5817463021372768,ASIA,5,0.17493568540981397,day_anchor_std,server_midnight,1,0,0,0,0,0,BALANCE_COMPRESSING,BALANCE_COMPRESSING,BALANCE
6064.5,6066.75,6064.0,6065.25,0,0,0,0,0.5817463021372768,ASIA,5,0.17493568540981397,day_anchor_std,server_midnight,1,0,0,0,0,0,BALANCE_COMPRESSING,BALANCE_COMPRESSING,BALANCE
6065.25,6067.5,6062.25,6062.25,0,0,0,0,0.5817463021372768,ASIA,5,0.17493568540981397,day_anchor_std,server_midnight,1,0,0,0,0,0,BALANCE_COMPRESSING,BALANCE_COMPRESSING,BALANCE
6066.3,6082.1,6060.9,6078.65,0,0,0,1,0.9545349847112782,LONDON,2,0.9565358945140445,day_anchor_std,server_midnight,0,0,1,0,0,0,UNCLASSIFIED,TRANSITION_UNCLASSIFIED,TRANSITION
6078.4,6092.85,6077.65,6088.8,0,0,0,1,0.9545349847112782,LONDON,2,0.9565358945140445,day_anchor_std,server_midnight,0,0,1,0,0,0,UNCLASSIFIED,TRANSITION_UNCLASSIFIED,TRANSITION
6088.8,6092.55,6083.8,6084.55,0,0,0,1,0.9545349847112782,LONDON,2,0.9565358945140445,day_anchor_std,server_midnight,0,0,1,0,0,0,UNCLASSIFIED,TRANSITION_UNCLASSIFIED,TRANSITION
6084.55,6087.25,6075.15,6078.5,0,0,0,1,0.9545349847112782,LONDON,2,0.9565358945140445,day_anchor_std,server_midnight,0,0,1,0,0,0,UNCLASSIFIED,TRANSITION_UNCLASSIFIED,TRANSITION
6089.25,6100.95,6087.75,6099.75,0,0,0,1,0.9931354401535766,NY,4,2.9755576902550254,day_anchor_std,server_midnight,0,0,1,0,0,0,UNCLASSIFIED,TRANSITION_UNCLASSIFIED,TRANSITION
6099.75,6110.0,6098.25,6105.8,0,0,0,1,0.9931354401535766,NY,4,2.9755576902550254,day_anchor_std,server_midnight,0,0,1,0,0,0,UNCLASSIFIED,TRANSITION_UNCLASSIFIED,TRANSITION
6106.05,6114.0,6105.05,6112.6,0,0,0,1,0.9931354401535766,NY,4,2.9755576902550254,day_anchor_std,server_midnight,0,0,1,0,0,0,UNCLASSIFIED,TRANSITION_UNCLASSIFIED,TRANSITION
6112.2,6116.55,6107.9,6114.05,0,0,0,1,0.9931354401535766,NY,4,2.9755576902550254,day_anchor_std,server_midnight,0,0,1,0,0,0,UNCLASSIFIED,TRANSITION_UNCLASSIFIED,TRANSITION
6118.4,6118.4,6108.75,6109.4,0,0,0,2,0.9895015465253556,NY,3,0.2722322270816918,day_anchor_std,server_midnight,0,0,0,0,1,0,TREND_STRONG,TREND_STRONG,TREND
6109.85,6116.25,6106.95,6115.05,0,0,0,2,0.9895015465253556,NY,3,0.2722322270816918,day_anchor_std,server_midnight,0,0,0,0,1,0,TREND_STRONG,TREND_STRONG,TREND
6115.25,6117.0,6113.1,6115.3,0,0,0,2,0.9895015465253556,NY,3,0.2722322270816918,day_anchor_std,server_midnight,0,0,0,0,1,0,TREND_STRONG,TREND_STRONG,TREND
6115.3,6123.85,6115.05,6121.2,0,0,0,2,0.9895015465253556,NY,3,0.2722322270816918,day_anchor_std,server_midnight,0,0,0,0,1,0,TREND_STRONG,TREND_STRONG,TREND
6126.15,6126.25,6124.4,6124.65,0,0,0,1,0.9723283348374365,ASIA,4,0.9739013625024435,day_anchor_std,server_midnight,0,0,1,0,0,0,UNCLASSIFIED,TRANSITION_UNCLASSIFIED,TRANSITION
6124.65,6125.15,6123.65,6124.4,0,0,0,1,0.9723283348374365,ASIA,4,0.9739013625024435,day_anchor_std,server_midnight,0,0,1,0,0,0,UNCLASSIFIED,TRANSITION_UNCLASSIFIED,TRANSITION
6124.4,6127.65,6123.9,6127.65,0,0,0,1,0.9723283348374365,ASIA,4,0.9739013625024435,day_anchor_std,server_midnight,0,0,1,0,0,0,UNCLASSIFIED,TRANSITION_UNCLASSIFIED,TRANSITION
6127.65,6134.9,6127.15,6134.4,0,0,0,1,0.9723283348374365,ASIA,4,0.9739013625024435,day_anchor_std,server_midnight,0,0,1,0,0,0,UNCLASSIFIED,TRANSITION_UNCLASSIFIED,TRANSITION
6123.8,6129.3,6123.8,6128.8,635,100,0,0,0.7948123096191899,LONDON,6,0.1893348361669691,day_anchor_std,server_midnight,1,0,0,0,0,0,UNCLASSIFIED,BALANCE_UNCLASSIFIED,BALANCE
6128.8,6130.15,6127.8,6129.3,409,100,0,0,0.7948123096191899,LONDON,6,0.1893348361669691,day_anchor_std,server_midnight,1,0,0,0,0,0,UNCLASSIFIED,BALANCE_UNCLASSIFIED,BALANCE
6129.3,6131.8,6128.55,6131.8,423,100,0,0,0.7948123096191899,LONDON,6,0.1893348361669691,day_anchor_std,server_midnight,1,0,0,0,0,0,UNCLASSIFIED,BALANCE_UNCLASSIFIED,BALANCE
6131.8,6134.05,6130.05,6133.55,277,100,0,0,0.7948123096191899,LONDON,6,0.1893348361669691,day_anchor_std,server_midnight,1,0,0,0,0,0,UNCLASSIFIED,BALANCE_UNCLASSIFIED,BALANCE
6127.3,6131.55,6127.3,6129.8,547,100,0,1,0.7905318448851177,NY,2,2.3960060572220363,day_anchor_std,server_midnight,0,0,1,0,0,0,UNCLASSIFIED,TRANSITION_UNCLASSIFIED,TRANSITION
6129.55,6131.05,6097.3,6097.9,2361,100,0,1,0.7905318448851177,NY,2,2.3960060572220363,day_anchor_std,server_midnight,0,0,1,0,0,0,UNCLASSIFIED,TRANSITION_UNCLASSIFIED,TRANSITION
6098.05,6107.65,6084.15,6105.4,3190,100,0,1,0.7905318448851177,NY,2,2.3960060572220363,day_anchor_std,server_midnight,0,0,1,0,0,0,UNCLASSIFIED,TRANSITION_UNCLASSIFIED,TRANSITION
6105.4,6109.35,6085.1,6087.55,2519,100,0,1,0.7905318448851177,NY,2,2.3960060572220363,day_anchor_std,server_midnight,0,0,1,0,0,0,UNCLASSIFIED,TRANSITION_UNCLASSIFIED,TRANSITION
6116.5,6118.9,6116.4,6117.15,225,100,0,0,0.6915750531532184,ASIA,2,0.15264007398257468,day_anchor_std,server_midnight,1,0,0,0,0,0,UNCLASSIFIED,BALANCE_UNCLASSIFIED,BALANCE
6117.25,6119.15,6116.65,6118.15,197,100,0,0,0.6915750531532184,ASIA,2,0.15264007398257468,day_anchor_std,server_midnight,1,0,0,0,0,0,UNCLASSIFIED,BALANCE_UNCLASSIFIED,BALANCE
6118.15,6118.65,6117.15,6118.15,205,100,0,0,0.6915750531532184,ASIA,2,0.15264007398257468,day_anchor_std,server_midnight,1,0,0,0,0,0,UNCLASSIFIED,BALANCE_UNCLASSIFIED,BALANCE
6118.15,6118.15,6115.9,6116.15,152,100,0,0,0.6915750531532184,ASIA,2,0.15264007398257468,day_anchor_std,server_midnight,1,0,0,0,0,0,UNCLASSIFIED,BALANCE_UNCLASSIFIED,BALANCE
6116.4,6117.4,6115.4,6115.65,137,100,0,0,0.7872971125032537,ASIA,3,0.32593255460678067,day_anchor_std,server_midnight,1,0,0,0,0,0,UNCLASSIFIED,BALANCE_UNCLASSIFIED,BALANCE
6115.65,6115.9,6113.9,6114.4,93,100,0,0,0.7872971125032537,ASIA,3,0.32593255460678067,day_anchor_std,server_midnight,1,0,0,0,0,0,UNCLASSIFIED,BALANCE_UNCLASSIFIED,BALANCE
6114.4,6114.65,6111.4,6113.9,253,100,0,0,0.7872971125032537,ASIA,3,0.32593255460678067,day_anchor_std,server_midnight,1,0,0,0,0,0,UNCLASSIFIED,BALANCE_UNCLASSIFIED,BALANCE
6113.9,6115.15,6112.9,6113.4,196,100,0,0,0.7872971125032537,ASIA,3,0.32593255460678067,day_anchor_std,server_midnight,1,0,0,0,0,0,UNCLASSIFIED,BALANCE_UNCLASSIFIED,BALANCE
6113.4,6116.65,6113.15,6115.9,182,100,0,0,0.8186315967294368,LONDON,4,0.1631184463040747,day_anchor_std,server_midnight,1,0,0,0,0,0,UNCLASSIFIED,BALANCE_UNCLASSIFIED,BALANCE
6115.9,6118.65,6115.4,6118.15,165,100,0,0,0.8186315967294368,LONDON,4,0.1631184463040747,day_anchor_std,server_midnight,1,0,0,0,0,0,UNCLASSIFIED,BALANCE_UNCLASSIFIED,BALANCE
6118.15,6120.15,6118.15,6120.15,286,100,0,0,0.8186315967294368,LONDON,4,0.1631184463040747,day_anchor_std,server_midnight,1,0,0,0,0,0,UNCLASSIFIED,BALANCE_UNCLASSIFIED,BALANCE
6120.15,6120.4,6115.15,6115.15,304,100,0,0,0.8186315967294368,LONDON,4,0.1631184463040747,day_anchor_std,server_midnight,1,0,0,0,0,0,UNCLASSIFIED,BALANCE_UNCLASSIFIED,BALANCE
6021.15,6033.5,6017.9,6032.5,1027,100,0,2,0.9989892715107607,ASIA,4,0.27321281840597095,day_anchor_std,server_midnight,0,0,0,1,0,0,TREND_STRONG,TREND_STRONG,TREND
6032.5,6036.65,6032.35,6034.4,408,100,0,2,0.9989892715107607,ASIA,4,0.27321281840597095,day_anchor_std,server_midnight,0,0,0,1,0,0,TREND_STRONG,TREND_STRONG,TREND
6034.4,6043.15,6033.65,6040.65,613,100,0,2,0.9980914489654006,ASIA,5,0.19892217173407248,day_anchor_std,server_midnight,0,0,0,1,0,0,TREND_STRONG,TREND_STRONG,TREND
6040.65,6040.65,6033.9,6035.65,575,100,0,2,0.9980914489654006,ASIA,5,0.19892217173407248,day_anchor_std,server_midnight,0,0,0,1,0,0,TREND_STRONG,TREND_STRONG,TREND
6035.75,6037.9,6033.9,6034.0,521,100,0,2,0.9980914489654006,ASIA,5,0.19892217173407248,day_anchor_std,server_midnight,0,0,0,1,0,0,TREND_STRONG,TREND_STRONG,TREND
6033.9,6037.4,6031.4,6034.4,550,100,0,2,0.9980914489654006,ASIA,5,0.19892217173407248,day_anchor_std,server_midnight,0,0,0,1,0,0,TREND_STRONG,TREND_STRONG,TREND
5994.9,5996.4,5991.9,5992.65,212,100,0,1,0.9781665686356583,LONDON,5,0.9620583307389742,day_anchor_std,server_midnight,0,0,1,0,0,0,TRANSITION_NOISY,TRANSITION_NOISY,TRANSITION
5992.65,5993.4,5987.4,5989.9,358,100,0,1,0.9781665686356583,LONDON,5,0.9620583307389742,day_anchor_std,server_midnight,0,0,1,0,0,0,TRANSITION_NOISY,TRANSITION_NOISY,TRANSITION
5989.9,5990.4,5975.4,5975.5,816,100,0,1,0.9781665686356583,LONDON,5,0.9620583307389742,day_anchor_std,server_midnight,0,0,1,0,0,0,TRANSITION_NOISY,TRANSITION_NOISY,TRANSITION
5975.65,5981.4,5966.65,5966.9,1323,100,0,1,0.9781665686356583,LONDON,5,0.9620583307389742,day_anchor_std,server_midnight,0,0,1,0,0,0,TRANSITION_NOISY,TRANSITION_NOISY,TRANSITION
5986.9,5988.15,5976.0,5984.75,1224,100,0,1,0.813740662832847,NY,2,1.326090202192911,day_anchor_std,server_midnight,0,0,1,0,0,0,UNCLASSIFIED,TRANSITION_UNCLASSIFIED,TRANSITION
5984.9,5991.65,5955.5,5965.5,4057,100,0,1,0.813740662832847,NY,2,1.326090202192911,day_anchor_std,server_midnight,0,0,1,0,0,0,UNCLASSIFIED,TRANSITION_UNCLASSIFIED,TRANSITION
5965.15,5965.15,5919.4,5921.15,4495,100,0,1,0.813740662832847,NY,2,1.326090202192911,day_anchor_std,server_midnight,0,0,1,0,0,0,UNCLASSIFIED,TRANSITION_UNCLASSIFIED,TRANSITION
5921.4,5946.55,5917.75,5935.55,4455,100,0,1,0.813740662832847,NY,2,1.326090202192911,day_anchor_std,server_midnight,0,0,1,0,0,0,UNCLASSIFIED,TRANSITION_UNCLASSIFIED,TRANSITION
5947.5,5965.0,5946.5,5959.5,2845,100,0,1,0.9059778742017865,NY_PM,1,1.509518909376678,day_anchor_std,server_midnight,0,0,1,0,0,0,UNCLASSIFIED,TRANSITION_UNCLASSIFIED,TRANSITION
5960.25,5963.0,5950.0,5950.35,2353,100,0,1,0.9059778742017865,NY_PM,1,1.509518909376678,day_anchor_std,server_midnight,0,0,1,0,0,0,UNCLASSIFIED,TRANSITION_UNCLASSIFIED,TRANSITION
5950.35,5951.6,5920.0,5920.75,2950,100,0,1,0.9059778742017865,NY_PM,1,1.509518909376678,day_anchor_std,server_midnight,0,0,1,0,0,0,UNCLASSIFIED,TRANSITION_UNCLASSIFIED,TRANSITION
5920.85,5920.85,5896.25,5905.6,3996,100,0,1,0.9059778742017865,NY_PM,1,1.509518909376678,day_anchor_std,server_midnight,0,0,1,0,0,0,UNCLASSIFIED,TRANSITION_UNCLASSIFIED,TRANSITION
5884.25,5884.25,5872.75,5878.75,1320,100,0,2,0.8393055936130743,NY,3,0.24055534559365835,day_anchor_std,server_midnight,0,0,0,0,1,0,TREND_STRONG,TREND_STRONG,TREND
5878.75,5879.5,5871.75,5878.15,1540,100,0,2,0.8393055936130743,NY,3,0.24055534559365835,day_anchor_std,server_midnight,0,0,0,0,1,0,TREND_STRONG,TREND_STRONG,TREND
5878.15,5880.4,5868.9,5872.6,1347,100,0,2,0.8393055936130743,NY,3,0.24055534559365835,day_anchor_std,server_midnight,0,0,0,0,1,0,TREND_STRONG,TREND_STRONG,TREND
5872.4,5886.75,5872.25,5874.15,2262,100,0,2,0.8393055936130743,NY,3,0.24055534559365835,day_anchor_std,server_midnight,0,0,0,0,1,0,TREND_STRONG,TREND_STRONG,TREND
5892.5,5908.65,5888.85,5908.15,3542,100,0,1,0.938638189172522,NY_PM,2,2.060106571500126,day_anchor_std,server_midnight,0,0,1,0,0,0,UNCLASSIFIED,TRANSITION_UNCLASSIFIED,TRANSITION
5908.15,5959.4,5891.2,5951.4,4141,100,0,1,0.938638189172522,NY_PM,2,2.060106571500126,day_anchor_std,server_midnight,0,0,1,0,0,0,UNCLASSIFIED,TRANSITION_UNCLASSIFIED,TRANSITION
5954.4,5958.15,5950.65,5951.65,957,100,0,2,0.8632015859707795,ASIA,3,0.07944206212698098,day_anchor_std,server_midnight,0,0,0,1,0,0,TREND_STRONG,TREND_STRONG,TREND
5951.65,5957.15,5948.9,5953.15,805,100,0,2,0.8632015859707795,ASIA,3,0.07944206212698098,day_anchor_std,server_midnight,0,0,0,1,0,0,TREND_STRONG,TREND_STRONG,TREND
5953.15,5953.9,5946.4,5949.4,839,100,0,2,0.8632015859707795,ASIA,3,0.07944206212698098,day_anchor_std,server_midnight,0,0,0,1,0,0,TREND_STRONG,TREND_STRONG,TREND
5949.15,5954.65,5947.65,5953.9,603,100,0,2,0.8632015859707795,ASIA,3,0.07944206212698098,day_anchor_std,server_midnight,0,0,0,1,0,0,TREND_STRONG,TREND_STRONG,TREND
5953.9,5959.9,5953.4,5959.25,392,100,0,2,0.9463106508410591,ASIA,4,0.31249082630644387,day_anchor_std,server_midnight,0,0,0,1,0,0,TREND_STRONG,TREND_STRONG,TREND
5959.15,5961.4,5957.9,5961.15,340,100,0,2,0.9463106508410591,ASIA,4,0.31249082630644387,day_anchor_std,server_midnight,0,0,0,1,0,0,TREND_STRONG,TREND_STRONG,TREND
5961.15,5965.15,5959.9,5964.15,511,100,0,2,0.9463106508410591,ASIA,4,0.31249082630644387,day_anchor_std,server_midnight,0,0,0,1,0,0,TREND_STRONG,TREND_STRONG,TREND
5964.15,5968.15,5962.0,5966.4,465,100,0,2,0.9463106508410591,ASIA,4,0.31249082630644387,day_anchor_std,server_midnight,0,0,0,1,0,0,TREND_STRONG,TREND_STRONG,TREND
5966.4,5966.65,5960.65,5963.15,696,100,0,2,0.9508850078045946,LONDON,5,0.1187545649164934,day_anchor_std,server_midnight,0,0,0,0,1,0,UNCLASSIFIED,TREND_UNCLASSIFIED,TREND
5962.9,5971.15,5961.4,5968.4,819,100,0,2,0.9508850078045946,LONDON,5,0.1187545649164934,day_anchor_std,server_midnight,0,0,0,0,1,0,UNCLASSIFIED,TREND_UNCLASSIFIED,TREND
5968.65,5969.65,5953.9,5955.0,1105,100,0,2,0.9508850078045946,LONDON,5,0.1187545649164934,day_anchor_std,server_midnight,0,0,0,0,1,0,UNCLASSIFIED,TREND_UNCLASSIFIED,TREND
5955.0,5964.9,5954.65,5960.5,1104,100,0,2,0.9508850078045946,LONDON,5,0.1187545649164934,day_anchor_std,server_midnight,0,0,0,0,1,0,UNCLASSIFIED,TREND_UNCLASSIFIED,TREND
5960.4,5967.4,5944.9,5949.4,1948,100,0,2,0.808192892693532,LONDON,6,0.45230384479595753,day_anchor_std,server_midnight,0,0,0,0,1,0,UNCLASSIFIED,TREND_UNCLASSIFIED,TREND
5949.4,5960.4,5946.65,5955.5,1639,100,0,2,0.808192892693532,LONDON,6,0.45230384479595753,day_anchor_std,server_midnight,0,0,0,0,1,0,UNCLASSIFIED,TREND_UNCLASSIFIED,TREND
5955.65,5961.65,5951.15,5960.5,1540,100,0,2,0.808192892693532,LONDON,6,0.45230384479595753,day_anchor_std,server_midnight,0,0,0,0,1,0,UNCLASSIFIED,TREND_UNCLASSIFIED,TREND
5960.65,5971.65,5960.65,5971.15,880,100,0,2,0.808192892693532,LONDON,6,0.45230384479595753,day_anchor_std,server_midnight,0,0,0,0,1,0,UNCLASSIFIED,TREND_UNCLASSIFIED,TREND
5971.15,5972.4,5963.9,5965.9,918,100,0,2,0.7987793358428664,LONDON,7,0.6307831699373471,day_anchor_std,server_midnight,0,0,0,0,1,0,UNCLASSIFIED,TREND_UNCLASSIFIED,TREND
5965.9,5971.4,5965.25,5970.9,592,100,0,2,0.7987793358428664,LONDON,7,0.6307831699373471,day_anchor_std,server_midnight,0,0,0,0,1,0,UNCLASSIFIED,TREND_UNCLASSIFIED,TREND
5970.9,5975.65,5969.65,5975.4,543,100,0,2,0.7987793358428664,LONDON,7,0.6307831699373471,day_anchor_std,server_midnight,0,0,0,0,1,0,UNCLASSIFIED,TREND_UNCLASSIFIED,TREND
5975.4,5978.15,5971.65,5977.4,513,100,0,2,0.7987793358428664,LONDON,7,0.6307831699373471,day_anchor_std,server_midnight,0,0,0,0,1,0,UNCLASSIFIED,TREND_UNCLASSIFIED,TREND
5977.4,5989.4,5975.4,5983.4,1298,100,0,2,0.7420266046070665,NY,8,0.4870583400923779,day_anchor_std,server_midnight,0,0,0,0,1,0,TREND_FRAGILE,TREND_FRAGILE,TREND
5983.4,5984.9,5978.65,5980.9,1053,100,0,2,0.7420266046070665,NY,8,0.4870583400923779,day_anchor_std,server_midnight,0,0,0,0,1,0,TREND_FRAGILE,TREND_FRAGILE,TREND
5980.9,5982.25,5973.65,5978.4,950,100,0,2,0.7420266046070665,NY,8,0.4870583400923779,day_anchor_std,server_midnight,0,0,0,0,1,0,TREND_FRAGILE,TREND_FRAGILE,TREND
5978.4,5978.4,5969.65,5974.4,1025,100,0,2,0.7420266046070665,NY,8,0.4870583400923779,day_anchor_std,server_midnight,0,0,0,0,1,0,TREND_FRAGILE,TREND_FRAGILE,TREND
5824.1,5827.1,5811.6,5816.85,1457,100,0,0,0.9720298689960057,ASIA,2,0.11254910606307598,day_anchor_std,server_midnight,1,0,0,0,0,0,BALANCE_LEAKING,BALANCE_LEAKING,BALANCE
5816.95,5818.35,5804.95,5816.85,1466,100,0,0,0.9720298689960057,ASIA,2,0.11254910606307598,day_anchor_std,server_midnight,1,0,0,0,0,0,BALANCE_LEAKING,BALANCE_LEAKING,BALANCE
5817.1,5818.1,5807.85,5813.7,1681,100,0,0,0.9720298689960057,ASIA,2,0.11254910606307598,day_anchor_std,server_midnight,1,0,0,0,0,0,BALANCE_LEAKING,BALANCE_LEAKING,BALANCE
5813.7,5818.85,5798.35,5810.1,2143,100,0,0,0.9720298689960057,ASIA,2,0.11254910606307598,day_anchor_std,server_midnight,1,0,0,0,0,0,BALANCE_LEAKING,BALANCE_LEAKING,BALANCE
5810.1,5811.95,5800.95,5803.85,1826,100,0,0,0.9922089180154565,ASIA,3,0.1014987930919982,day_anchor_std,server_midnight,1,0,0,0,0,0,BALANCE_LEAKING,BALANCE_LEAKING,BALANCE
5804.1,5812.95,5798.1,5804.1,1617,100,0,0,0.9922089180154565,ASIA,3,0.1014987930919982,day_anchor_std,server_midnight,1,0,0,0,0,0,BALANCE_LEAKING,BALANCE_LEAKING,BALANCE
5804.35,5821.95,5799.45,5816.85,1683,100,0,0,0.9922089180154565,ASIA,3,0.1014987930919982,day_anchor_std,server_midnight,1,0,0,0,0,0,BALANCE_LEAKING,BALANCE_LEAKING,BALANCE
5816.85,5820.6,5806.2,5818.85,1560,100,0,0,0.9922089180154565,ASIA,3,0.1014987930919982,day_anchor_std,server_midnight,1,0,0,0,0,0,BALANCE_LEAKING,BALANCE_LEAKING,BALANCE
5818.85,5823.85,5815.45,5817.85,989,100,0,0,0.9415738094225845,ASIA,4,0.06674778484257948,day_anchor_std,server_midnight,1,0,0,0,0,0,BALANCE_LEAKING,BALANCE_LEAKING,BALANCE
5817.85,5818.1,5815.6,5817.1,561,100,0,0,0.9415738094225845,ASIA,4,0.06674778484257948,day_anchor_std,server_midnight,1,0,0,0,0,0,BALANCE_LEAKING,BALANCE_LEAKING,BALANCE
5817.1,5819.35,5808.1,5808.1,803,100,0,0,0.9415738094225845,ASIA,4,0.06674778484257948,day_anchor_std,server_midnight,1,0,0,0,0,0,BALANCE_LEAKING,BALANCE_LEAKING,BALANCE
5808.2,5817.95,5808.2,5817.35,625,100,0,0,0.9415738094225845,ASIA,4,0.06674778484257948,day_anchor_std,server_midnight,1,0,0,0,0,0,BALANCE_LEAKING,BALANCE_LEAKING,BALANCE
5817.35,5819.85,5809.1,5810.1,714,100,0,0,0.8891712626303662,LONDON,5,0.05387033079000087,day_anchor_std,server_midnight,1,0,0,0,0,0,UNCLASSIFIED,BALANCE_UNCLASSIFIED,BALANCE
5810.95,5818.6,5808.6,5816.1,854,100,0,0,0.8891712626303662,LONDON,5,0.05387033079000087,day_anchor_std,server_midnight,1,0,0,0,0,0,UNCLASSIFIED,BALANCE_UNCLASSIFIED,BALANCE
5816.1,5822.6,5812.85,5816.1,1250,100,0,0,0.8891712626303662,LONDON,5,0.05387033079000087,day_anchor_std,server_midnight,1,0,0,0,0,0,UNCLASSIFIED,BALANCE_UNCLASSIFIED,BALANCE
5816.1,5817.1,5811.6,5812.1,1214,100,0,0,0.8891712626303662,LONDON,5,0.05387033079000087,day_anchor_std,server_midnight,1,0,0,0,0,0,UNCLASSIFIED,BALANCE_UNCLASSIFIED,BALANCE
5720.45,5745.9,5715.0,5740.1,4829,100,0,2,0.5088825691538542,NY_PM,3,0.9824799713391035,day_anchor_std,server_midnight,0,0,0,0,1,0,UNCLASSIFIED,TREND_UNCLASSIFIED,TREND
5740.35,5752.4,5726.2,5738.15,4912,100,0,2,0.5088825691538542,NY_PM,3,0.9824799713391035,day_anchor_std,server_midnight,0,0,0,0,1,0,UNCLASSIFIED,TREND_UNCLASSIFIED,TREND
5738.4,5762.35,5735.3,5755.65,2446,100,0,2,0.5088825691538542,NY_PM,3,0.9824799713391035,day_anchor_std,server_midnight,0,0,0,0,1,0,UNCLASSIFIED,TREND_UNCLASSIFIED,TREND
5756.0,5756.65,5749.15,5751.7,1182,100,0,2,0.5088825691538542,NY_PM,3,0.9824799713391035,day_anchor_std,server_midnight,0,0,0,0,1,0,UNCLASSIFIED,TREND_UNCLASSIFIED,TREND
5758.25,5761.9,5753.75,5754.0,930,100,0,2,0.2741172175900535,ASIA,4,0.01786625829503916,day_anchor_std,server_midnight,0,0,0,1,0,0,UNCLASSIFIED,TREND_UNCLASSIFIED,TREND
5754.0,5758.15,5753.65,5756.9,610,100,0,2,0.2741172175900535,ASIA,4,0.01786625829503916,day_anchor_std,server_midnight,0,0,0,1,0,0,UNCLASSIFIED,TREND_UNCLASSIFIED,TREND
5759.4,5759.9,5747.9,5754.9,1081,100,0,0,0.9080767677865499,LONDON,2,0.02705269343045463,day_anchor_std,server_midnight,1,0,0,0,0,0,UNCLASSIFIED,BALANCE_UNCLASSIFIED,BALANCE
5754.9,5758.9,5752.4,5754.9,909,100,0,0,0.9080767677865499,LONDON,2,0.02705269343045463,day_anchor_std,server_midnight,1,0,0,0,0,0,UNCLASSIFIED,BALANCE_UNCLASSIFIED,BALANCE
5755.0,5757.9,5749.5,5755.9,952,100,0,0,0.9080767677865499,LONDON,2,0.02705269343045463,day_anchor_std,server_midnight,1,0,0,0,0,0,UNCLASSIFIED,BALANCE_UNCLASSIFIED,BALANCE
5755.9,5760.65,5753.4,5756.65,828,100,0,0,0.9080767677865499,LONDON,2,0.02705269343045463,day_anchor_std,server_midnight,1,0,0,0,0,0,UNCLASSIFIED,BALANCE_UNCLASSIFIED,BALANCE
5579.4,5613.65,5577.65,5605.65,2947,100,0,2,0.9070706969976132,ASIA,3,0.772870469940206,day_anchor_std,server_midnight,0,0,0,1,0,0,TREND_STRONG,TREND_STRONG,TREND
5605.4,5609.75,5598.65,5606.5,2005,100,0,2,0.9070706969976132,ASIA,3,0.772870469940206,day_anchor_std,server_midnight,0,0,0,1,0,0,TREND_STRONG,TREND_STRONG,TREND
5606.5,5629.4,5606.5,5620.0,2045,100,0,2,0.9070706969976132,ASIA,3,0.772870469940206,day_anchor_std,server_midnight,0,0,0,1,0,0,TREND_STRONG,TREND_STRONG,TREND
5619.9,5623.9,5615.9,5617.15,1250,100,0,2,0.9070706969976132,ASIA,3,0.772870469940206,day_anchor_std,server_midnight,0,0,0,1,0,0,TREND_STRONG,TREND_STRONG,TREND
5617.15,5630.15,5613.15,5630.0,1183,100,0,2,0.8252439507965674,ASIA,4,0.9573154307768659,day_anchor_std,server_midnight,0,0,0,1,0,0,TREND_STRONG,TREND_STRONG,TREND
5629.9,5630.4,5622.25,5623.5,762,100,0,2,0.8252439507965674,ASIA,4,0.9573154307768659,day_anchor_std,server_midnight,0,0,0,1,0,0,TREND_STRONG,TREND_STRONG,TREND
5623.5,5628.9,5620.25,5626.25,1163,100,0,2,0.8252439507965674,ASIA,4,0.9573154307768659,day_anchor_std,server_midnight,0,0,0,1,0,0,TREND_STRONG,TREND_STRONG,TREND
5626.4,5629.65,5618.9,5626.65,1091,100,0,2,0.8252439507965674,ASIA,4,0.9573154307768659,day_anchor_std,server_midnight,0,0,0,1,0,0,TREND_STRONG,TREND_STRONG,TREND
5626.65,5631.9,5620.75,5627.75,1274,100,0,2,0.7666105954203551,LONDON,5,0.8689343489557207,day_anchor_std,server_midnight,0,0,0,0,1,0,TREND_STRONG,TREND_STRONG,TREND
5627.75,5631.4,5622.15,5622.9,1000,100,0,2,0.7666105954203551,LONDON,5,0.8689343489557207,day_anchor_std,server_midnight,0,0,0,0,1,0,TREND_STRONG,TREND_STRONG,TREND
5622.9,5626.15,5619.15,5621.65,1625,100,0,2,0.7666105954203551,LONDON,5,0.8689343489557207,day_anchor_std,server_midnight,0,0,0,0,1,0,TREND_STRONG,TREND_STRONG,TREND
5621.5,5629.5,5608.9,5626.5,2010,100,0,2,0.7666105954203551,LONDON,5,0.8689343489557207,day_anchor_std,server_midnight,0,0,0,0,1,0,TREND_STRONG,TREND_STRONG,TREND
5676.55,5678.15,5669.55,5672.3,986,100,0,2,0.7175878464628143,ASIA,3,0.41909840408205024,day_anchor_std,server_midnight,0,0,0,1,0,0,TREND_FRAGILE,TREND_FRAGILE,TREND
5672.3,5673.55,5670.65,5672.3,622,100,0,2,0.7175878464628143,ASIA,3,0.41909840408205024,day_anchor_std,server_midnight,0,0,0,1,0,0,TREND_FRAGILE,TREND_FRAGILE,TREND
5672.3,5674.8,5668.8,5671.3,838,100,0,2,0.7175878464628143,ASIA,3,0.41909840408205024,day_anchor_std,server_midnight,0,0,0,1,0,0,TREND_FRAGILE,TREND_FRAGILE,TREND
5671.3,5671.3,5661.55,5662.55,876,100,0,2,0.7175878464628143,ASIA,3,0.41909840408205024,day_anchor_std,server_midnight,0,0,0,1,0,0,TREND_FRAGILE,TREND_FRAGILE,TREND
5662.55,5665.05,5661.3,5661.9,602,100,0,2,0.5963950311993813,ASIA,4,0.5755589341913526,day_anchor_std,server_midnight,0,0,0,1,0,0,TREND_FRAGILE,TREND_FRAGILE,TREND
5662.05,5664.55,5661.15,5663.8,398,100,0,2,0.5963950311993813,ASIA,4,0.5755589341913526,day_anchor_std,server_midnight,0,0,0,1,0,0,TREND_FRAGILE,TREND_FRAGILE,TREND
5663.65,5664.3,5657.55,5659.55,559,100,0,2,0.5963950311993813,ASIA,4,0.5755589341913526,day_anchor_std,server_midnight,0,0,0,1,0,0,TREND_FRAGILE,TREND_FRAGILE,TREND
5659.55,5659.8,5656.55,5657.55,467,100,0,2,0.5963950311993813,ASIA,4,0.5755589341913526,day_anchor_std,server_midnight,0,0,0,1,0,0,TREND_FRAGILE,TREND_FRAGILE,TREND
5657.55,5660.65,5657.4,5658.8,283,100,0,2,0.5782695695028983,ASIA,5,0.45344952762181023,day_anchor_std,server_midnight,0,0,0,1,0,0,TREND_FRAGILE,TREND_FRAGILE,TREND
5658.9,5659.15,5652.55,5655.05,435,100,0,2,0.5782695695028983,ASIA,5,0.45344952762181023,day_anchor_std,server_midnight,0,0,0,1,0,0,TREND_FRAGILE,TREND_FRAGILE,TREND
5655.05,5658.8,5654.8,5655.9,377,100,0,2,0.5782695695028983,ASIA,5,0.45344952762181023,day_anchor_std,server_midnight,0,0,0,1,0,0,TREND_FRAGILE,TREND_FRAGILE,TREND
5655.9,5659.3,5655.3,5658.8,375,100,0,2,0.5782695695028983,ASIA,5,0.45344952762181023,day_anchor_std,server_midnight,0,0,0,1,0,0,TREND_FRAGILE,TREND_FRAGILE,TREND
5658.8,5663.05,5657.05,5662.8,403,100,0,2,0.4900904917983725,LONDON,6,0.09517522120309639,day_anchor_std,server_midnight,0,0,0,0,1,0,TREND_STRONG,TREND_STRONG,TREND
5662.3,5665.55,5660.55,5664.3,461,100,0,2,0.4900904917983725,LONDON,6,0.09517522120309639,day_anchor_std,server_midnight,0,0,0,0,1,0,TREND_STRONG,TREND_STRONG,TREND
5664.3,5666.8,5661.55,5666.05,799,100,0,2,0.4900904917983725,LONDON,6,0.09517522120309639,day_anchor_std,server_midnight,0,0,0,0,1,0,TREND_STRONG,TREND_STRONG,TREND
5666.05,5668.15,5663.8,5665.55,584,100,0,2,0.4900904917983725,LONDON,6,0.09517522120309639,day_anchor_std,server_midnight,0,0,0,0,1,0,TREND_STRONG,TREND_STRONG,TREND
5665.4,5674.55,5662.8,5673.8,1385,100,0,2,0.7769948909715971,LONDON,7,0.04960253001639321,day_anchor_std,server_midnight,0,0,0,0,1,0,TREND_STRONG,TREND_STRONG,TREND
5673.65,5680.55,5671.55,5677.05,1236,100,0,2,0.7769948909715971,LONDON,7,0.04960253001639321,day_anchor_std,server_midnight,0,0,0,0,1,0,TREND_STRONG,TREND_STRONG,TREND
5677.15,5680.15,5674.3,5677.4,1031,100,0,2,0.7769948909715971,LONDON,7,0.04960253001639321,day_anchor_std,server_midnight,0,0,0,0,1,0,TREND_STRONG,TREND_STRONG,TREND
5677.4,5678.4,5667.8,5668.55,1171,100,0,2,0.7769948909715971,LONDON,7,0.04960253001639321,day_anchor_std,server_midnight,0,0,0,0,1,0,TREND_STRONG,TREND_STRONG,TREND
5668.4,5669.05,5650.15,5661.05,1672,100,0,2,0.5323071893133555,LONDON,8,0.01319445641588565,day_anchor_std,server_midnight,0,0,0,0,1,0,TREND_STRONG,TREND_STRONG,TREND
5661.05,5665.55,5653.8,5664.65,1239,100,0,2,0.5323071893133555,LONDON,8,0.01319445641588565,day_anchor_std,server_midnight,0,0,0,0,1,0,TREND_STRONG,TREND_STRONG,TREND
5664.8,5669.65,5660.3,5660.55,1262,100,0,2,0.5323071893133555,LONDON,8,0.01319445641588565,day_anchor_std,server_midnight,0,0,0,0,1,0,TREND_STRONG,TREND_STRONG,TREND
5660.55,5668.8,5654.05,5667.05,1086,100,0,2,0.5323071893133555,LONDON,8,0.01319445641588565,day_anchor_std,server_midnight,0,0,0,0,1,0,TREND_STRONG,TREND_STRONG,TREND
5667.05,5667.05,5657.4,5663.4,1049,100,0,2,0.7668472372818895,NY,9,1.8727969285251371,day_anchor_std,server_midnight,0,0,0,0,0,1,TREND_STRONG,TREND_STRONG,TREND
5663.55,5667.4,5650.3,5651.3,1457,100,0,2,0.7668472372818895,NY,9,1.8727969285251371,day_anchor_std,server_midnight,0,0,0,0,0,1,TREND_STRONG,TREND_STRONG,TREND
5651.3,5656.3,5646.9,5653.8,2073,100,0,2,0.7668472372818895,NY,9,1.8727969285251371,day_anchor_std,server_midnight,0,0,0,0,0,1,TREND_STRONG,TREND_STRONG,TREND
5653.8,5655.65,5611.8,5613.4,5179,100,0,2,0.7668472372818895,NY,9,1.8727969285251371,day_anchor_std,server_midnight,0,0,0,0,0,1,TREND_STRONG,TREND_STRONG,TREND
5613.55,5622.15,5606.9,5618.3,4734,100,0,1,0.6482528964986618,NY,1,1.9108681691925749,day_anchor_std,server_midnight,0,0,1,0,0,0,UNCLASSIFIED,TRANSITION_UNCLASSIFIED,TRANSITION
5618.3,5626.05,5608.75,5613.45,4039,100,0,1,0.6482528964986618,NY,1,1.9108681691925749,day_anchor_std,server_midnight,0,0,1,0,0,0,UNCLASSIFIED,TRANSITION_UNCLASSIFIED,TRANSITION
5613.6,5614.95,5599.15,5604.85,3936,100,0,1,0.6482528964986618,NY,1,1.9108681691925749,day_anchor_std,server_midnight,0,0,1,0,0,0,UNCLASSIFIED,TRANSITION_UNCLASSIFIED,TRANSITION
5605.1,5613.6,5596.75,5601.55,3300,100,0,1,0.6482528964986618,NY,1,1.9108681691925749,day_anchor_std,server_midnight,0,0,1,0,0,0,UNCLASSIFIED,TRANSITION_UNCLASSIFIED,TRANSITION
5689.65,5690.75,5687.65,5689.9,516,100,0,2,0.8070648762648404,ASIA,3,0.07636502481864668,day_anchor_std,server_midnight,0,0,0,1,0,0,TREND_FRAGILE,TREND_FRAGILE,TREND
5690.0,5694.15,5688.25,5693.4,423,100,0,2,0.8070648762648404,ASIA,3,0.07636502481864668,day_anchor_std,server_midnight,0,0,0,1,0,0,TREND_FRAGILE,TREND_FRAGILE,TREND
5694.15,5696.4,5689.65,5695.9,538,100,0,2,0.8866325901373601,ASIA,4,0.00702782901967502,day_anchor_std,server_midnight,0,0,0,1,0,0,TREND_FRAGILE,TREND_FRAGILE,TREND
5695.9,5698.4,5694.9,5696.9,433,100,0,2,0.8866325901373601,ASIA,4,0.00702782901967502,day_anchor_std,server_midnight,0,0,0,1,0,0,TREND_FRAGILE,TREND_FRAGILE,TREND
5696.9,5698.4,5695.4,5696.15,402,100,0,2,0.8866325901373601,ASIA,4,0.00702782901967502,day_anchor_std,server_midnight,0,0,0,1,0,0,TREND_FRAGILE,TREND_FRAGILE,TREND
5696.15,5696.15,5691.9,5692.65,407,100,0,2,0.8866325901373601,ASIA,4,0.00702782901967502,day_anchor_std,server_midnight,0,0,0,1,0,0,TREND_FRAGILE,TREND_FRAGILE,TREND
5692.65,5700.65,5692.4,5699.15,425,100,0,2,0.9479493456411,ASIA,5,0.3488308067650253,day_anchor_std,server_midnight,0,0,0,1,0,0,TREND_FRAGILE,TREND_FRAGILE,TREND
5699.15,5700.4,5696.9,5699.15,314,100,0,2,0.9479493456411,ASIA,5,0.3488308067650253,day_anchor_std,server_midnight,0,0,0,1,0,0,TREND_FRAGILE,TREND_FRAGILE,TREND
5699.15,5705.4,5699.15,5703.15,346,100,0,2,0.9479493456411,ASIA,5,0.3488308067650253,day_anchor_std,server_midnight,0,0,0,1,0,0,TREND_FRAGILE,TREND_FRAGILE,TREND
5703.15,5704.4,5701.65,5702.65,311,100,0,2,0.9479493456411,ASIA,5,0.3488308067650253,day_anchor_std,server_midnight,0,0,0,1,0,0,TREND_FRAGILE,TREND_FRAGILE,TREND
5691.4,5693.15,5689.65,5692.9,355,100,0,1,0.9349004507920745,ASIA,1,0.14895091053054552,day_anchor_std,server_midnight,0,1,0,0,0,0,UNCLASSIFIED,TRANSITION_UNCLASSIFIED,TRANSITION
5692.9,5701.4,5691.65,5700.9,460,100,0,1,0.9349004507920745,ASIA,1,0.14895091053054552,day_anchor_std,server_midnight,0,1,0,0,0,0,UNCLASSIFIED,TRANSITION_UNCLASSIFIED,TRANSITION
5753.1,5753.45,5742.95,5746.05,1261,100,0,2,0.9954112945030877,NY_PM,7,1.7756170059335141,day_anchor_std,server_midnight,0,0,0,0,0,1,TREND_STRONG,TREND_STRONG,TREND
5746.05,5758.9,5742.9,5758.5,1585,100,0,2,0.9954112945030877,NY_PM,7,1.7756170059335141,day_anchor_std,server_midnight,0,0,0,0,0,1,TREND_STRONG,TREND_STRONG,TREND
5758.5,5764.3,5757.05,5761.85,780,100,0,2,0.9954112945030877,NY_PM,7,1.7756170059335141,day_anchor_std,server_midnight,0,0,0,0,0,1,TREND_STRONG,TREND_STRONG,TREND
5761.85,5772.85,5760.6,5761.35,1336,100,0,2,0.9954112945030877,NY_PM,7,1.7756170059335141,day_anchor_std,server_midnight,0,0,0,0,0,1,TREND_STRONG,TREND_STRONG,TREND
5761.75,5767.55,5761.35,5764.6,482,100,0,2,0.9996185694560098,NY_PM,8,1.9674176664993193,day_anchor_std,server_midnight,0,0,0,0,0,1,TREND_STRONG,TREND_STRONG,TREND
5764.6,5765.6,5760.95,5760.95,163,100,0,2,0.9996185694560098,NY_PM,8,1.9674176664993193,day_anchor_std,server_midnight,0,0,0,0,0,1,TREND_STRONG,TREND_STRONG,TREND
5758.65,5760.15,5757.65,5758.65,218,100,0,2,0.9889851787493694,ASIA,9,0.016301816488063604,day_anchor_std,server_midnight,0,0,0,1,0,0,TREND_STRONG,TREND_STRONG,TREND
5759.0,5762.4,5758.65,5759.65,248,100,0,2,0.9889851787493694,ASIA,9,0.016301816488063604,day_anchor_std,server_midnight,0,0,0,1,0,0,TREND_STRONG,TREND_STRONG,TREND
5759.9,5761.15,5755.15,5758.5,507,100,0,2,0.9568590562012383,ASIA,10,0.08936418154301501,day_anchor_std,server_midnight,0,0,0,1,0,0,TREND_STRONG,TREND_STRONG,TREND
5758.5,5762.9,5757.65,5762.5,307,100,0,2,0.9568590562012383,ASIA,10,0.08936418154301501,day_anchor_std,server_midnight,0,0,0,1,0,0,TREND_STRONG,TREND_STRONG,TREND
5762.4,5764.4,5760.65,5762.4,332,100,0,2,0.9568590562012383,ASIA,10,0.08936418154301501,day_anchor_std,server_midnight,0,0,0,1,0,0,TREND_STRONG,TREND_STRONG,TREND
5762.4,5764.4,5760.9,5761.65,312,100,0,2,0.9568590562012383,ASIA,10,0.08936418154301501,day_anchor_std,server_midnight,0,0,0,1,0,0,TREND_STRONG,TREND_STRONG,TREND
5761.65,5761.65,5756.9,5758.9,337,100,0,2,0.7355720059443998,ASIA,11,0.2806773909903431,day_anchor_std,server_midnight,0,0,0,1,0,0,TREND_STRONG,TREND_STRONG,TREND
5758.9,5759.15,5756.4,5757.9,249,100,0,2,0.7355720059443998,ASIA,11,0.2806773909903431,day_anchor_std,server_midnight,0,0,0,1,0,0,TREND_STRONG,TREND_STRONG,TREND
5757.9,5758.9,5755.65,5755.9,164,100,0,2,0.7355720059443998,ASIA,11,0.2806773909903431,day_anchor_std,server_midnight,0,0,0,1,0,0,TREND_STRONG,TREND_STRONG,TREND
5755.9,5756.65,5754.65,5755.65,179,100,0,2,0.7355720059443998,ASIA,11,0.2806773909903431,day_anchor_std,server_midnight,0,0,0,1,0,0,TREND_STRONG,TREND_STRONG,TREND
5755.65,5756.15,5754.15,5754.4,149,100,0,2,0.5105967360912689,ASIA,12,0.27128437881036566,day_anchor_std,server_midnight,0,0,0,1,0,0,TREND_STRONG,TREND_STRONG,TREND
5754.4,5755.65,5754.15,5754.65,136,100,0,2,0.5105967360912689,ASIA,12,0.27128437881036566,day_anchor_std,server_midnight,0,0,0,1,0,0,TREND_STRONG,TREND_STRONG,TREND
5754.65,5756.15,5753.9,5755.65,191,100,0,2,0.5105967360912689,ASIA,12,0.27128437881036566,day_anchor_std,server_midnight,0,0,0,1,0,0,TREND_STRONG,TREND_STRONG,TREND
5755.65,5755.65,5754.65,5755.4,105,100,0,2,0.5105967360912689,ASIA,12,0.27128437881036566,day_anchor_std,server_midnight,0,0,0,1,0,0,TREND_STRONG,TREND_STRONG,TREND
5755.4,5755.65,5753.65,5753.9,149,100,0,2,0.467023361705746,LONDON,12,0.2923373391947228,day_anchor_std,server_midnight,0,0,0,0,1,0,TREND_STRONG,TREND_STRONG,TREND
5753.9,5756.9,5752.65,5756.9,191,100,0,2,0.467023361705746,LONDON,12,0.2923373391947228,day_anchor_std,server_midnight,0,0,0,0,1,0,TREND_STRONG,TREND_STRONG,TREND
5756.9,5761.9,5756.4,5759.65,428,100,0,2,0.467023361705746,LONDON,12,0.2923373391947228,day_anchor_std,server_midnight,0,0,0,0,1,0,TREND_STRONG,TREND_STRONG,TREND
5759.65,5759.65,5754.65,5754.65,344,100,0,2,0.467023361705746,LONDON,12,0.2923373391947228,day_anchor_std,server_midnight,0,0,0,0,1,0,TREND_STRONG,TREND_STRONG,TREND
5754.9,5757.65,5750.4,5752.15,1079,100,0,2,0.4031224666989208,LONDON,12,0.09015034302151057,day_anchor_std,server_midnight,0,0,0,0,1,0,TREND_STRONG,TREND_STRONG,TREND
5752.25,5756.4,5750.9,5753.9,758,100,0,2,0.4031224666989208,LONDON,12,0.09015034302151057,day_anchor_std,server_midnight,0,0,0,0,1,0,TREND_STRONG,TREND_STRONG,TREND
5753.9,5756.15,5750.9,5754.4,685,100,0,2,0.4031224666989208,LONDON,12,0.09015034302151057,day_anchor_std,server_midnight,0,0,0,0,1,0,TREND_STRONG,TREND_STRONG,TREND
5754.4,5759.65,5754.15,5759.65,442,100,0,2,0.4031224666989208,LONDON,12,0.09015034302151057,day_anchor_std,server_midnight,0,0,0,0,1,0,TREND_STRONG,TREND_STRONG,TREND
5759.65,5764.9,5753.9,5763.15,478,100,0,2,0.7815982794932533,LONDON,12,1.1233128377631507,day_anchor_std,server_midnight,0,0,0,0,0,1,TREND_STRONG,TREND_STRONG,TREND
5763.15,5767.65,5762.0,5766.65,552,100,0,2,0.7815982794932533,LONDON,12,1.1233128377631507,day_anchor_std,server_midnight,0,0,0,0,0,1,TREND_STRONG,TREND_STRONG,TREND
5766.65,5770.65,5763.25,5768.9,801,100,0,2,0.7815982794932533,LONDON,12,1.1233128377631507,day_anchor_std,server_midnight,0,0,0,0,0,1,TREND_STRONG,TREND_STRONG,TREND
5768.9,5777.65,5768.0,5776.9,431,100,0,2,0.7815982794932533,LONDON,12,1.1233128377631507,day_anchor_std,server_midnight,0,0,0,0,0,1,TREND_STRONG,TREND_STRONG,TREND
5689.15,5693.15,5687.4,5692.65,612,100,0,2,0.9869281627208062,ASIA,5,0.19068318481488855,day_anchor_std,server_midnight,0,0,0,1,0,0,TREND_STRONG,TREND_STRONG,TREND
5692.65,5701.0,5692.65,5698.9,530,100,0,2,0.9869281627208062,ASIA,5,0.19068318481488855,day_anchor_std,server_midnight,0,0,0,1,0,0,TREND_STRONG,TREND_STRONG,TREND
5698.65,5704.9,5696.65,5702.25,813,100,0,2,0.965666644869518,ASIA,6,0.3964479207352061,day_anchor_std,server_midnight,0,0,0,1,0,0,TREND_STRONG,TREND_STRONG,TREND
5702.4,5706.15,5701.4,5701.9,598,100,0,2,0.965666644869518,ASIA,6,0.3964479207352061,day_anchor_std,server_midnight,0,0,0,1,0,0,TREND_STRONG,TREND_STRONG,TREND
5702.15,5706.4,5701.4,5703.65,591,100,0,2,0.965666644869518,ASIA,6,0.3964479207352061,day_anchor_std,server_midnight,0,0,0,1,0,0,TREND_STRONG,TREND_STRONG,TREND
5703.65,5706.65,5700.9,5705.15,592,100,0,2,0.965666644869518,ASIA,6,0.3964479207352061,day_anchor_std,server_midnight,0,0,0,1,0,0,TREND_STRONG,TREND_STRONG,TREND
5705.15,5713.65,5705.15,5712.15,326,100,0,2,0.6909338262631861,ASIA,7,0.8812310064656497,day_anchor_std,server_midnight,0,0,0,1,0,1,UNCLASSIFIED,TREND_UNCLASSIFIED,TREND
5712.15,5713.9,5711.15,5712.9,288,100,0,2,0.6909338262631861,ASIA,7,0.8812310064656497,day_anchor_std,server_midnight,0,0,0,1,0,1,UNCLASSIFIED,TREND_UNCLASSIFIED,TREND
5712.9,5715.15,5712.4,5713.65,296,100,0,2,0.6909338262631861,ASIA,7,0.8812310064656497,day_anchor_std,server_midnight,0,0,0,1,0,1,UNCLASSIFIED,TREND_UNCLASSIFIED,TREND
5713.65,5719.65,5713.65,5717.9,278,100,0,2,0.6909338262631861,ASIA,7,0.8812310064656497,day_anchor_std,server_midnight,0,0,0,1,0,1,UNCLASSIFIED,TREND_UNCLASSIFIED,TREND
5717.9,5721.15,5716.9,5718.65,246,100,0,2,0.6135882684357334,ASIA,8,0.658832948353238,day_anchor_std,server_midnight,0,0,0,1,0,0,UNCLASSIFIED,TREND_UNCLASSIFIED,TREND
5718.65,5719.9,5717.5,5719.65,212,100,0,2,0.6135882684357334,ASIA,8,0.658832948353238,day_anchor_std,server_midnight,0,0,0,1,0,0,UNCLASSIFIED,TREND_UNCLASSIFIED,TREND
5719.5,5719.65,5716.65,5719.15,273,100,0,2,0.6135882684357334,ASIA,8,0.658832948353238,day_anchor_std,server_midnight,0,0,0,1,0,0,UNCLASSIFIED,TREND_UNCLASSIFIED,TREND
5719.15,5723.15,5715.65,5715.9,338,100,0,2,0.6135882684357334,ASIA,8,0.658832948353238,day_anchor_std,server_midnight,0,0,0,1,0,0,UNCLASSIFIED,TREND_UNCLASSIFIED,TREND
5715.9,5724.25,5714.65,5723.4,467,100,0,2,0.8079539296750802,LONDON,9,0.11479255180902079,day_anchor_std,server_midnight,0,0,0,0,1,0,TREND_STRONG,TREND_STRONG,TREND
5723.4,5724.15,5714.9,5716.15,576,100,0,2,0.8079539296750802,LONDON,9,0.11479255180902079,day_anchor_std,server_midnight,0,0,0,0,1,0,TREND_STRONG,TREND_STRONG,TREND
5716.0,5718.15,5711.9,5713.15,940,100,0,2,0.8079539296750802,LONDON,9,0.11479255180902079,day_anchor_std,server_midnight,0,0,0,0,1,0,TREND_STRONG,TREND_STRONG,TREND
5713.15,5714.15,5705.75,5706.9,913,100,0,2,0.8079539296750802,LONDON,9,0.11479255180902079,day_anchor_std,server_midnight,0,0,0,0,1,0,TREND_STRONG,TREND_STRONG,TREND
5660.35,5666.4,5616.25,5617.2,3956,100,0,1,0.9948146479433089,NY,2,2.5979508596882845,day_anchor_std,server_midnight,0,0,1,0,0,0,UNCLASSIFIED,TRANSITION_UNCLASSIFIED,TRANSITION
5617.45,5622.95,5603.7,5609.35,3366,100,0,1,0.9948146479433089,NY,2,2.5979508596882845,day_anchor_std,server_midnight,0,0,1,0,0,0,UNCLASSIFIED,TRANSITION_UNCLASSIFIED,TRANSITION
5609.1,5614.0,5598.85,5610.65,3050,100,0,1,0.9948146479433089,NY,2,2.5979508596882845,day_anchor_std,server_midnight,0,0,1,0,0,0,UNCLASSIFIED,TRANSITION_UNCLASSIFIED,TRANSITION
5610.55,5619.1,5600.95,5600.95,2250,100,0,1,0.9948146479433089,NY,2,2.5979508596882845,day_anchor_std,server_midnight,0,0,1,0,0,0,UNCLASSIFIED,TRANSITION_UNCLASSIFIED,TRANSITION
5600.95,5609.45,5587.75,5589.9,2249,100,0,1,0.9983510828969674,NY_PM,3,2.8359179198574958,day_anchor_std,server_midnight,0,0,1,0,0,0,TRANSITION_NOISY,TRANSITION_NOISY,TRANSITION
5589.9,5597.1,5585.55,5586.8,1987,100,0,1,0.9983510828969674,NY_PM,3,2.8359179198574958,day_anchor_std,server_midnight,0,0,1,0,0,0,TRANSITION_NOISY,TRANSITION_NOISY,TRANSITION
5586.45,5586.8,5573.7,5575.15,1950,100,0,1,0.9983510828969674,NY_PM,3,2.8359179198574958,day_anchor_std,server_midnight,0,0,1,0,0,0,TRANSITION_NOISY,TRANSITION_NOISY,TRANSITION
5575.4,5585.55,5573.35,5585.05,1931,100,0,1,0.9983510828969674,NY_PM,3,2.8359179198574958,day_anchor_std,server_midnight,0,0,1,0,0,0,TRANSITION_NOISY,TRANSITION_NOISY,TRANSITION
5547.9,5548.4,5530.9,5534.65,1674,100,0,2,0.9977500899361401,ASIA,3,0.03529523480665953,day_anchor_std,server_midnight,0,0,0,1,0,0,UNCLASSIFIED,TREND_UNCLASSIFIED,TREND
5534.9,5536.9,5529.4,5535.65,1308,100,0,2,0.9977500899361401,ASIA,3,0.03529523480665953,day_anchor_std,server_midnight,0,0,0,1,0,0,UNCLASSIFIED,TREND_UNCLASSIFIED,TREND
5536.0,5547.4,5535.4,5546.15,1399,100,0,2,0.9977500899361401,ASIA,3,0.03529523480665953,day_anchor_std,server_midnight,0,0,0,1,0,0,UNCLASSIFIED,TREND_UNCLASSIFIED,TREND
5546.15,5546.9,5538.5,5540.4,1046,100,0,2,0.9977500899361401,ASIA,3,0.03529523480665953,day_anchor_std,server_midnight,0,0,0,1,0,0,UNCLASSIFIED,TREND_UNCLASSIFIED,TREND
5540.4,5546.15,5534.4,5540.65,810,100,0,2,0.9988900105541714,ASIA,4,0.2165725455713787,day_anchor_std,server_midnight,0,0,0,1,0,0,UNCLASSIFIED,TREND_UNCLASSIFIED,TREND
5540.65,5541.15,5536.15,5537.65,630,100,0,2,0.9988900105541714,ASIA,4,0.2165725455713787,day_anchor_std,server_midnight,0,0,0,1,0,0,UNCLASSIFIED,TREND_UNCLASSIFIED,TREND
5537.65,5538.9,5529.4,5534.15,655,100,0,2,0.9988900105541714,ASIA,4,0.2165725455713787,day_anchor_std,server_midnight,0,0,0,1,0,0,UNCLASSIFIED,TREND_UNCLASSIFIED,TREND
5534.4,5534.75,5530.65,5534.75,768,100,0,2,0.9988900105541714,ASIA,4,0.2165725455713787,day_anchor_std,server_midnight,0,0,0,1,0,0,UNCLASSIFIED,TREND_UNCLASSIFIED,TREND
5534.65,5537.4,5532.65,5537.15,679,100,0,2,0.9913763087395583,ASIA,5,0.03505698768451588,day_anchor_std,server_midnight,0,0,0,1,0,0,UNCLASSIFIED,TREND_UNCLASSIFIED,TREND
5537.15,5543.75,5536.4,5542.15,560,100,0,2,0.9913763087395583,ASIA,5,0.03505698768451588,day_anchor_std,server_midnight,0,0,0,1,0,0,UNCLASSIFIED,TREND_UNCLASSIFIED,TREND
5542.15,5546.65,5540.4,5542.4,836,100,0,2,0.9913763087395583,ASIA,5,0.03505698768451588,day_anchor_std,server_midnight,0,0,0,1,0,0,UNCLASSIFIED,TREND_UNCLASSIFIED,TREND
5542.4,5542.65,5537.9,5540.65,716,100,0,2,0.9913763087395583,ASIA,5,0.03505698768451588,day_anchor_std,server_midnight,0,0,0,1,0,0,UNCLASSIFIED,TREND_UNCLASSIFIED,TREND
5540.65,5542.9,5535.15,5535.15,1438,100,0,2,0.9906981947534828,LONDON,6,0.11514948694239005,day_anchor_std,server_midnight,0,0,0,0,1,0,UNCLASSIFIED,TREND_UNCLASSIFIED,TREND
5535.25,5536.9,5531.4,5536.65,1194,100,0,2,0.9906981947534828,LONDON,6,0.11514948694239005,day_anchor_std,server_midnight,0,0,0,0,1,0,UNCLASSIFIED,TREND_UNCLASSIFIED,TREND
5536.0,5541.15,5527.9,5540.15,2717,100,0,2,0.9906981947534828,LONDON,6,0.11514948694239005,day_anchor_std,server_midnight,0,0,0,0,1,0,UNCLASSIFIED,TREND_UNCLASSIFIED,TREND
5540.4,5544.75,5531.15,5542.65,1997,100,0,2,0.9906981947534828,LONDON,6,0.11514948694239005,day_anchor_std,server_midnight,0,0,0,0,1,0,UNCLASSIFIED,TREND_UNCLASSIFIED,TREND
5542.5,5546.4,5533.75,5535.75,2118,100,0,2,0.9969955842268482,LONDON,7,0.531374870046215,day_anchor_std,server_midnight,0,0,0,0,1,0,UNCLASSIFIED,TREND_UNCLASSIFIED,TREND
5535.9,5538.15,5527.4,5527.9,1366,100,0,2,0.9969955842268482,LONDON,7,0.531374870046215,day_anchor_std,server_midnight,0,0,0,0,1,0,UNCLASSIFIED,TREND_UNCLASSIFIED,TREND
5527.4,5531.4,5517.65,5529.65,1293,100,0,2,0.9969955842268482,LONDON,7,0.531374870046215,day_anchor_std,server_midnight,0,0,0,0,1,0,UNCLASSIFIED,TREND_UNCLASSIFIED,TREND
5530.15,5532.9,5521.15,5524.15,1244,100,0,2,0.9969955842268482,LONDON,7,0.531374870046215,day_anchor_std,server_midnight,0,0,0,0,1,0,UNCLASSIFIED,TREND_UNCLASSIFIED,TREND
5524.15,5527.4,5521.15,5526.15,1220,100,0,2,0.9953704716242885,LONDON,8,0.7074368584485421,day_anchor_std,server_midnight,0,0,0,0,1,0,UNCLASSIFIED,TREND_UNCLASSIFIED,TREND
5526.15,5531.4,5525.15,5527.4,1139,100,0,2,0.9953704716242885,LONDON,8,0.7074368584485421,day_anchor_std,server_midnight,0,0,0,0,1,0,UNCLASSIFIED,TREND_UNCLASSIFIED,TREND
5527.4,5530.65,5511.5,5512.65,1488,100,0,2,0.9953704716242885,LONDON,8,0.7074368584485421,day_anchor_std,server_midnight,0,0,0,0,1,0,UNCLASSIFIED,TREND_UNCLASSIFIED,TREND
5512.9,5519.9,5507.4,5517.9,1534,100,0,2,0.9953704716242885,LONDON,8,0.7074368584485421,day_anchor_std,server_midnight,0,0,0,0,1,0,UNCLASSIFIED,TREND_UNCLASSIFIED,TREND
5517.9,5522.9,5512.15,5520.65,1428,100,0,2,0.9939784257376236,NY,9,0.5632824429197374,day_anchor_std,server_midnight,0,0,0,0,1,0,UNCLASSIFIED,TREND_UNCLASSIFIED,TREND
5520.9,5529.4,5519.4,5529.4,1197,100,0,2,0.9939784257376236,NY,9,0.5632824429197374,day_anchor_std,server_midnight,0,0,0,0,1,0,UNCLASSIFIED,TREND_UNCLASSIFIED,TREND
5529.15,5532.4,5517.4,5518.9,1502,100,0,2,0.9939784257376236,NY,9,0.5632824429197374,day_anchor_std,server_midnight,0,0,0,0,1,0,UNCLASSIFIED,TREND_UNCLASSIFIED,TREND
5518.25,5527.15,5488.9,5517.4,4788,100,0,2,0.9939784257376236,NY,9,0.5632824429197374,day_anchor_std,server_midnight,0,0,0,0,1,0,UNCLASSIFIED,TREND_UNCLASSIFIED,TREND
5517.75,5535.65,5514.7,5515.1,4095,100,0,2,0.911623995826262,NY,10,0.7205108194111611,day_anchor_std,server_midnight,0,0,0,0,1,0,TREND_FRAGILE,TREND_FRAGILE,TREND
5515.95,5539.8,5515.1,5536.4,3985,100,0,2,0.911623995826262,NY,10,0.7205108194111611,day_anchor_std,server_midnight,0,0,0,0,1,0,TREND_FRAGILE,TREND_FRAGILE,TREND
5536.4,5555.15,5533.0,5545.9,3205,100,0,2,0.911623995826262,NY,10,0.7205108194111611,day_anchor_std,server_midnight,0,0,0,0,1,0,TREND_FRAGILE,TREND_FRAGILE,TREND
5545.4,5561.75,5541.7,5553.8,2914,100,0,2,0.911623995826262,NY,10,0.7205108194111611,day_anchor_std,server_midnight,0,0,0,0,1,0,TREND_FRAGILE,TREND_FRAGILE,TREND
5552.15,5590.15,5551.05,5590.0,3167,100,0,1,0.5224450950941502,NY_PM,2,2.433956302342455,day_anchor_std,server_midnight,0,0,1,0,0,0,UNCLASSIFIED,TRANSITION_UNCLASSIFIED,TRANSITION
5590.0,5600.1,5583.4,5584.95,2777,100,0,1,0.5224450950941502,NY_PM,2,2.433956302342455,day_anchor_std,server_midnight,0,0,1,0,0,0,UNCLASSIFIED,TRANSITION_UNCLASSIFIED,TRANSITION
5584.6,5612.5,5584.5,5594.55,3049,100,0,1,0.5224450950941502,NY_PM,2,2.433956302342455,day_anchor_std,server_midnight,0,0,1,0,0,0,UNCLASSIFIED,TRANSITION_UNCLASSIFIED,TRANSITION
5593.8,5627.65,5591.7,5612.85,4282,100,0,1,0.5224450950941502,NY_PM,2,2.433956302342455,day_anchor_std,server_midnight,0,0,1,0,0,0,UNCLASSIFIED,TRANSITION_UNCLASSIFIED,TRANSITION
5616.5,5617.4,5591.9,5592.25,2269,100,0,2,0.10065473368228106,LONDON,3,0.363510634873716,day_anchor_std,server_midnight,0,0,0,0,1,0,UNCLASSIFIED,TREND_UNCLASSIFIED,TREND
5592.4,5598.0,5580.4,5595.4,1890,100,0,2,0.10065473368228106,LONDON,3,0.363510634873716,day_anchor_std,server_midnight,0,0,0,0,1,0,UNCLASSIFIED,TREND_UNCLASSIFIED,TREND
5595.75,5596.15,5582.65,5584.9,1904,100,0,2,0.10065473368228106,LONDON,3,0.363510634873716,day_anchor_std,server_midnight,0,0,0,0,1,0,UNCLASSIFIED,TREND_UNCLASSIFIED,TREND
5584.75,5587.9,5575.15,5583.65,2075,100,0,2,0.10065473368228106,LONDON,3,0.363510634873716,day_anchor_std,server_midnight,0,0,0,0,1,0,UNCLASSIFIED,TREND_UNCLASSIFIED,TREND
5583.4,5592.25,5579.25,5583.5,2015,100,0,2,0.5583879619114762,NY,4,0.018935583166840513,day_anchor_std,server_midnight,0,0,0,0,1,0,TREND_STRONG,TREND_STRONG,TREND
5583.5,5593.9,5582.4,5591.65,1561,100,0,2,0.5583879619114762,NY,4,0.018935583166840513,day_anchor_std,server_midnight,0,0,0,0,1,0,TREND_STRONG,TREND_STRONG,TREND
5591.65,5602.65,5591.4,5595.75,1708,100,0,2,0.5583879619114762,NY,4,0.018935583166840513,day_anchor_std,server_midnight,0,0,0,0,1,0,TREND_STRONG,TREND_STRONG,TREND
5596.4,5606.9,5581.75,5594.5,4886,100,0,2,0.5583879619114762,NY,4,0.018935583166840513,day_anchor_std,server_midnight,0,0,0,0,1,0,TREND_STRONG,TREND_STRONG,TREND
5622.65,5623.5,5621.65,5622.15,253,100,0,0,0.8359718454629966,ASIA,2,0.33998137596470535,day_anchor_std,server_midnight,1,0,0,0,0,0,BALANCE_LEAKING,BALANCE_LEAKING,BALANCE
5622.15,5625.65,5621.65,5625.65,285,100,0,0,0.8359718454629966,ASIA,2,0.33998137596470535,day_anchor_std,server_midnight,1,0,0,0,0,0,BALANCE_LEAKING,BALANCE_LEAKING,BALANCE
5625.65,5626.0,5621.65,5622.15,372,100,0,0,0.8359718454629966,ASIA,2,0.33998137596470535,day_anchor_std,server_midnight,1,0,0,0,0,0,BALANCE_LEAKING,BALANCE_LEAKING,BALANCE
5622.4,5625.4,5618.5,5620.65,285,100,0,0,0.8359718454629966,ASIA,2,0.33998137596470535,day_anchor_std,server_midnight,1,0,0,0,0,0,BALANCE_LEAKING,BALANCE_LEAKING,BALANCE
5666.5,5728.25,5576.5,5583.2,5055,100,0,1,0.8337461579219778,NY_PM,5,1.9914331693359881,day_anchor_std,server_midnight,0,0,1,0,0,0,UNCLASSIFIED,TRANSITION_UNCLASSIFIED,TRANSITION
5585.8,5605.95,5524.7,5541.75,4510,100,0,1,0.8337461579219778,NY_PM,5,1.9914331693359881,day_anchor_std,server_midnight,0,0,1,0,0,0,UNCLASSIFIED,TRANSITION_UNCLASSIFIED,TRANSITION
5455.5,5479.6,5454.0,5479.55,4611,100,0,2,0.9836284967380947,NY_PM,3,0.7274478240013983,day_anchor_std,server_midnight,0,0,0,0,1,0,TREND_STRONG,TREND_STRONG,TREND
5479.45,5483.85,5450.05,5454.45,4498,100,0,2,0.9836284967380947,NY_PM,3,0.7274478240013983,day_anchor_std,server_midnight,0,0,0,0,1,0,TREND_STRONG,TREND_STRONG,TREND
5455.1,5463.85,5439.6,5442.7,3885,100,0,2,0.9836284967380947,NY_PM,3,0.7274478240013983,day_anchor_std,server_midnight,0,0,0,0,1,0,TREND_STRONG,TREND_STRONG,TREND
5442.2,5457.9,5437.85,5438.95,3788,100,0,2,0.9836284967380947,NY_PM,3,0.7274478240013983,day_anchor_std,server_midnight,0,0,0,0,1,0,TREND_STRONG,TREND_STRONG,TREND
5382.5,5385.9,5374.65,5385.5,1282,100,0,2,0.9161918901577883,ASIA,6,0.015381019167843731,day_anchor_std,server_midnight,0,0,0,1,0,0,TREND_STRONG,TREND_STRONG,TREND
5385.5,5391.5,5383.5,5384.25,1222,100,0,2,0.9161918901577883,ASIA,6,0.015381019167843731,day_anchor_std,server_midnight,0,0,0,1,0,0,TREND_STRONG,TREND_STRONG,TREND
5384.4,5396.9,5384.4,5392.4,2151,100,0,2,0.9690672563859583,ASIA,7,0.17062381466506818,day_anchor_std,server_midnight,0,0,0,1,0,0,TREND_STRONG,TREND_STRONG,TREND
5392.4,5393.4,5378.65,5385.4,1590,100,0,2,0.9690672563859583,ASIA,7,0.17062381466506818,day_anchor_std,server_midnight,0,0,0,1,0,0,TREND_STRONG,TREND_STRONG,TREND
5385.4,5391.15,5381.65,5384.65,1582,100,0,2,0.9690672563859583,ASIA,7,0.17062381466506818,day_anchor_std,server_midnight,0,0,0,1,0,0,TREND_STRONG,TREND_STRONG,TREND
5384.9,5386.4,5375.15,5376.4,1304,100,0,2,0.9690672563859583,ASIA,7,0.17062381466506818,day_anchor_std,server_midnight,0,0,0,1,0,0,TREND_STRONG,TREND_STRONG,TREND
5376.75,5387.15,5375.9,5381.9,1188,100,0,2,0.9869216956077254,ASIA,8,0.42630307509553445,day_anchor_std,server_midnight,0,0,0,1,0,0,TREND_STRONG,TREND_STRONG,TREND
5382.4,5385.4,5376.4,5376.9,1061,100,0,2,0.9869216956077254,ASIA,8,0.42630307509553445,day_anchor_std,server_midnight,0,0,0,1,0,0,TREND_STRONG,TREND_STRONG,TREND
5376.9,5377.4,5367.4,5369.65,1201,100,0,2,0.9869216956077254,ASIA,8,0.42630307509553445,day_anchor_std,server_midnight,0,0,0,1,0,0,TREND_STRONG,TREND_STRONG,TREND
5369.65,5370.15,5353.15,5363.25,1963,100,0,2,0.9869216956077254,ASIA,8,0.42630307509553445,day_anchor_std,server_midnight,0,0,0,1,0,0,TREND_STRONG,TREND_STRONG,TREND
5363.25,5366.0,5357.5,5362.65,1437,100,0,2,0.7466808782524033,ASIA,9,0.19526008028825548,day_anchor_std,server_midnight,0,0,0,1,0,0,UNCLASSIFIED,TREND_UNCLASSIFIED,TREND
5362.5,5363.15,5345.15,5347.4,1527,100,0,2,0.7466808782524033,ASIA,9,0.19526008028825548,day_anchor_std,server_midnight,0,0,0,1,0,0,UNCLASSIFIED,TREND_UNCLASSIFIED,TREND
5347.25,5369.65,5342.65,5369.65,1950,100,0,2,0.7466808782524033,ASIA,9,0.19526008028825548,day_anchor_std,server_midnight,0,0,0,1,0,0,UNCLASSIFIED,TREND_UNCLASSIFIED,TREND
5369.65,5383.65,5365.5,5383.4,1896,100,0,2,0.7466808782524033,ASIA,9,0.19526008028825548,day_anchor_std,server_midnight,0,0,0,1,0,0,UNCLASSIFIED,TREND_UNCLASSIFIED,TREND
5383.15,5390.75,5378.0,5384.15,2150,100,0,2,0.9322025612064355,LONDON,10,0.36202043815922774,day_anchor_std,server_midnight,0,0,0,0,1,0,UNCLASSIFIED,TREND_UNCLASSIFIED,TREND
5384.25,5384.25,5369.25,5369.5,1877,100,0,2,0.9322025612064355,LONDON,10,0.36202043815922774,day_anchor_std,server_midnight,0,0,0,0,1,0,UNCLASSIFIED,TREND_UNCLASSIFIED,TREND
5369.75,5376.9,5364.75,5371.0,3390,100,0,2,0.9322025612064355,LONDON,10,0.36202043815922774,day_anchor_std,server_midnight,0,0,0,0,1,0,UNCLASSIFIED,TREND_UNCLASSIFIED,TREND
5371.0,5374.15,5358.9,5361.15,3109,100,0,2,0.9322025612064355,LONDON,10,0.36202043815922774,day_anchor_std,server_midnight,0,0,0,0,1,0,UNCLASSIFIED,TREND_UNCLASSIFIED,TREND
5361.15,5370.0,5352.9,5361.9,3239,100,0,2,0.9296242807065991,LONDON,11,0.580677990207653,day_anchor_std,server_midnight,0,0,0,0,1,0,UNCLASSIFIED,TREND_UNCLASSIFIED,TREND
5361.5,5363.15,5348.75,5353.4,2958,100,0,2,0.9296242807065991,LONDON,11,0.580677990207653,day_anchor_std,server_midnight,0,0,0,0,1,0,UNCLASSIFIED,TREND_UNCLASSIFIED,TREND
5353.4,5357.75,5344.25,5344.5,2735,100,0,2,0.9296242807065991,LONDON,11,0.580677990207653,day_anchor_std,server_midnight,0,0,0,0,1,0,UNCLASSIFIED,TREND_UNCLASSIFIED,TREND
5344.65,5357.65,5339.25,5350.5,2654,100,0,2,0.9296242807065991,LONDON,11,0.580677990207653,day_anchor_std,server_midnight,0,0,0,0,1,0,UNCLASSIFIED,TREND_UNCLASSIFIED,TREND
5350.5,5357.4,5250.5,5253.0,5347,100,0,2,0.9796682013668246,LONDON,12,2.039608079136542,day_anchor_std,server_midnight,0,0,0,0,0,1,UNCLASSIFIED,TREND_UNCLASSIFIED,TREND
5252.4,5281.65,5223.25,5235.15,5051,100,0,2,0.9796682013668246,LONDON,12,2.039608079136542,day_anchor_std,server_midnight,0,0,0,0,0,1,UNCLASSIFIED,TREND_UNCLASSIFIED,TREND
5235.9,5253.5,5186.5,5189.9,4699,100,0,2,0.9796682013668246,LONDON,12,2.039608079136542,day_anchor_std,server_midnight,0,0,0,0,0,1,UNCLASSIFIED,TREND_UNCLASSIFIED,TREND
5189.75,5249.25,5173.5,5246.4,4517,100,0,2,0.9796682013668246,LONDON,12,2.039608079136542,day_anchor_std,server_midnight,0,0,0,0,0,1,UNCLASSIFIED,TREND_UNCLASSIFIED,TREND
5246.4,5256.9,5218.25,5251.5,4093,100,0,2,0.957773572535418,NY,12,1.5252853665570987,day_anchor_std,server_midnight,0,0,0,0,0,1,UNCLASSIFIED,TREND_UNCLASSIFIED,TREND
5251.5,5274.5,5224.75,5265.75,4810,100,0,2,0.957773572535418,NY,12,1.5252853665570987,day_anchor_std,server_midnight,0,0,0,0,0,1,UNCLASSIFIED,TREND_UNCLASSIFIED,TREND
5266.4,5283.65,5245.0,5253.0,4744,100,0,2,0.957773572535418,NY,12,1.5252853665570987,day_anchor_std,server_midnight,0,0,0,0,0,1,UNCLASSIFIED,TREND_UNCLASSIFIED,TREND
5254.1,5276.4,5208.25,5249.25,6989,100,0,2,0.957773572535418,NY,12,1.5252853665570987,day_anchor_std,server_midnight,0,0,0,0,0,1,UNCLASSIFIED,TREND_UNCLASSIFIED,TREND
5249.25,5250.15,5179.85,5180.45,6158,100,0,2,0.9990792960413648,NY,12,2.3642349179308573,day_anchor_std,server_midnight,0,0,0,0,0,1,UNCLASSIFIED,TREND_UNCLASSIFIED,TREND
5180.1,5192.3,5117.95,5172.5,6146,100,0,2,0.9990792960413648,NY,12,2.3642349179308573,day_anchor_std,server_midnight,0,0,0,0,0,1,UNCLASSIFIED,TREND_UNCLASSIFIED,TREND
5171.65,5242.95,5165.5,5181.95,6920,100,0,2,0.9990792960413648,NY,12,2.3642349179308573,day_anchor_std,server_midnight,0,0,0,0,0,1,UNCLASSIFIED,TREND_UNCLASSIFIED,TREND
5181.6,5201.7,5159.05,5167.6,6376,100,0,2,0.9990792960413648,NY,12,2.3642349179308573,day_anchor_std,server_midnight,0,0,0,0,0,1,UNCLASSIFIED,TREND_UNCLASSIFIED,TREND
5167.85,5192.1,5136.95,5142.15,5983,100,0,2,0.9981159549441652,NY_PM,12,2.0598932428720858,day_anchor_std,server_midnight,0,0,0,0,0,1,UNCLASSIFIED,TREND_UNCLASSIFIED,TREND
5142.15,5161.35,5128.6,5138.3,5471,100,0,2,0.9981159549441652,NY_PM,12,2.0598932428720858,day_anchor_std,server_midnight,0,0,0,0,0,1,UNCLASSIFIED,TREND_UNCLASSIFIED,TREND
5138.1,5153.6,5100.95,5129.55,5270,100,0,2,0.9981159549441652,NY_PM,12,2.0598932428720858,day_anchor_std,server_midnight,0,0,0,0,0,1,UNCLASSIFIED,TREND_UNCLASSIFIED,TREND
5129.05,5163.7,5114.85,5163.3,5577,100,0,2,0.9981159549441652,NY_PM,12,2.0598932428720858,day_anchor_std,server_midnight,0,0,0,0,0,1,UNCLASSIFIED,TREND_UNCLASSIFIED,TREND
5163.65,5175.6,5103.4,5106.1,5253,100,0,2,0.996478849510279,NY_PM,12,3.086863054333924,day_anchor_std,server_midnight,0,0,0,0,0,1,UNCLASSIFIED,TREND_UNCLASSIFIED,TREND
5106.45,5110.55,5073.2,5095.75,5433,100,0,2,0.996478849510279,NY_PM,12,3.086863054333924,day_anchor_std,server_midnight,0,0,0,0,0,1,UNCLASSIFIED,TREND_UNCLASSIFIED,TREND
5095.5,5137.85,5082.05,5124.75,5691,100,0,2,0.996478849510279,NY_PM,12,3.086863054333924,day_anchor_std,server_midnight,0,0,0,0,0,1,UNCLASSIFIED,TREND_UNCLASSIFIED,TREND
5123.65,5156.9,5069.15,5073.4,6349,100,0,2,0.996478849510279,NY_PM,12,3.086863054333924,day_anchor_std,server_midnight,0,0,0,0,0,1,UNCLASSIFIED,TREND_UNCLASSIFIED,TREND
5073.8,5081.65,5039.3,5048.3,4450,100,0,2,0.9917575445443743,NY_PM,12,3.0010374000626077,day_anchor_std,server_midnight,0,0,0,0,0,1,UNCLASSIFIED,TREND_UNCLASSIFIED,TREND
5048.4,5073.8,5046.55,5065.65,2382,100,0,2,0.9917575445443743,NY_PM,12,3.0010374000626077,day_anchor_std,server_midnight,0,0,0,0,0,1,UNCLASSIFIED,TREND_UNCLASSIFIED,TREND
4858.9,4864.3,4817.9,4862.3,3302,100,0,2,0.9945099808286308,ASIA,12,0.1965367965367948,day_anchor_std,server_midnight,0,0,0,1,0,0,UNCLASSIFIED,TREND_UNCLASSIFIED,TREND
4862.15,4895.0,4852.5,4879.15,3172,100,0,2,0.9945099808286308,ASIA,12,0.1965367965367948,day_anchor_std,server_midnight,0,0,0,1,0,0,UNCLASSIFIED,TREND_UNCLASSIFIED,TREND
4879.8,4894.9,4838.75,4889.15,3997,100,0,2,0.9641452511961116,ASIA,12,0.6708590791310318,day_anchor_std,server_midnight,0,0,0,1,0,0,UNCLASSIFIED,TREND_UNCLASSIFIED,TREND
4889.8,4900.05,4876.05,4899.3,4007,100,0,2,0.9641452511961116,ASIA,12,0.6708590791310318,day_anchor_std,server_midnight,0,0,0,1,0,0,UNCLASSIFIED,TREND_UNCLASSIFIED,TREND
4899.15,4948.15,4891.3,4934.15,3919,100,0,2,0.9641452511961116,ASIA,12,0.6708590791310318,day_anchor_std,server_midnight,0,0,0,1,0,0,UNCLASSIFIED,TREND_UNCLASSIFIED,TREND
4934.15,4960.3,4908.5,4953.15,3549,100,0,2,0.9641452511961116,ASIA,12,0.6708590791310318,day_anchor_std,server_midnight,0,0,0,1,0,0,UNCLASSIFIED,TREND_UNCLASSIFIED,TREND
4846.15,4916.4,4842.8,4902.15,4890,100,0,2,0.9055553218698558,LONDON,3,0.1426242666510972,day_anchor_std,server_midnight,0,0,0,0,1,0,TREND_STRONG,TREND_STRONG,TREND
4902.05,4921.4,4887.15,4891.65,3930,100,0,2,0.9055553218698558,LONDON,3,0.1426242666510972,day_anchor_std,server_midnight,0,0,0,0,1,0,TREND_STRONG,TREND_STRONG,TREND
4891.9,4901.4,4860.65,4884.9,3621,100,0,2,0.9055553218698558,LONDON,3,0.1426242666510972,day_anchor_std,server_midnight,0,0,0,0,1,0,TREND_STRONG,TREND_STRONG,TREND
4885.3,4921.3,4881.65,4902.9,3682,100,0,2,0.9055553218698558,LONDON,3,0.1426242666510972,day_anchor_std,server_midnight,0,0,0,0,1,0,TREND_STRONG,TREND_STRONG,TREND
4903.05,4968.9,4893.05,4952.3,4344,100,0,2,0.8148886125175852,LONDON,4,0.5470343496822211,day_anchor_std,server_midnight,0,0,0,0,1,0,TREND_STRONG,TREND_STRONG,TREND
4952.3,5006.15,4940.8,4964.15,4503,100,0,2,0.8148886125175852,LONDON,4,0.5470343496822211,day_anchor_std,server_midnight,0,0,0,0,1,0,TREND_STRONG,TREND_STRONG,TREND
4964.15,5002.9,4956.3,4980.4,4270,100,0,2,0.8148886125175852,LONDON,4,0.5470343496822211,day_anchor_std,server_midnight,0,0,0,0,1,0,TREND_STRONG,TREND_STRONG,TREND
4980.3,4985.0,4937.55,4951.5,4076,100,0,2,0.8148886125175852,LONDON,4,0.5470343496822211,day_anchor_std,server_midnight,0,0,0,0,1,0,TREND_STRONG,TREND_STRONG,TREND
4951.9,4986.15,4924.55,4978.15,4566,100,0,2,0.6698925339306947,NY,5,0.6467151413853665,day_anchor_std,server_midnight,0,0,0,0,1,0,UNCLASSIFIED,TREND_UNCLASSIFIED,TREND
4977.8,4993.9,4922.0,4980.4,4953,100,0,2,0.6698925339306947,NY,5,0.6467151413853665,day_anchor_std,server_midnight,0,0,0,0,1,0,UNCLASSIFIED,TREND_UNCLASSIFIED,TREND
4978.8,4978.8,4903.8,4908.5,4294,100,0,2,0.6698925339306947,NY,5,0.6467151413853665,day_anchor_std,server_midnight,0,0,0,0,1,0,UNCLASSIFIED,TREND_UNCLASSIFIED,TREND
4909.15,4981.4,4833.4,4973.9,7383,100,0,2,0.6698925339306947,NY,5,0.6467151413853665,day_anchor_std,server_midnight,0,0,0,0,1,0,UNCLASSIFIED,TREND_UNCLASSIFIED,TREND
5085.8,5088.9,5038.95,5042.35,5736,100,0,1,0.8615692370363993,NY_PM,1,1.8653289129717292,day_anchor_std,server_midnight,0,0,1,0,0,0,UNCLASSIFIED,TRANSITION_UNCLASSIFIED,TRANSITION
5042.25,5094.6,5032.2,5035.1,5384,100,0,1,0.8615692370363993,NY_PM,1,1.8653289129717292,day_anchor_std,server_midnight,0,0,1,0,0,0,UNCLASSIFIED,TRANSITION_UNCLASSIFIED,TRANSITION
5034.85,5039.1,4961.5,4992.7,6012,100,0,1,0.8615692370363993,NY_PM,1,1.8653289129717292,day_anchor_std,server_midnight,0,0,1,0,0,0,UNCLASSIFIED,TRANSITION_UNCLASSIFIED,TRANSITION
4992.7,4992.7,4909.35,4984.05,6503,100,0,1,0.8615692370363993,NY_PM,1,1.8653289129717292,day_anchor_std,server_midnight,0,0,1,0,0,0,UNCLASSIFIED,TRANSITION_UNCLASSIFIED,TRANSITION
4894.4,4914.6,4858.4,4858.9,3031,100,0,2,0.8372416700073211,ASIA,3,0.4092452150685195,day_anchor_std,server_midnight,0,0,0,1,0,0,TREND_STRONG,TREND_STRONG,TREND
4858.5,4892.25,4853.0,4870.75,3084,100,0,2,0.8372416700073211,ASIA,3,0.4092452150685195,day_anchor_std,server_midnight,0,0,0,1,0,0,TREND_STRONG,TREND_STRONG,TREND
4870.25,4884.5,4857.15,4874.0,2985,100,0,2,0.8372416700073211,ASIA,3,0.4092452150685195,day_anchor_std,server_midnight,0,0,0,1,0,0,TREND_STRONG,TREND_STRONG,TREND
4873.5,4882.5,4841.5,4882.1,2726,100,0,2,0.8372416700073211,ASIA,3,0.4092452150685195,day_anchor_std,server_midnight,0,0,0,1,0,0,TREND_STRONG,TREND_STRONG,TREND
4977.65,5021.9,4965.05,5010.05,5046,100,0,1,0.9152888050018452,NY_PM,6,2.9387338452651455,day_anchor_std,server_midnight,0,0,1,0,0,0,UNCLASSIFIED,TRANSITION_UNCLASSIFIED,TRANSITION
5009.7,5043.05,5004.15,5029.4,5039,100,0,1,0.9152888050018452,NY_PM,6,2.9387338452651455,day_anchor_std,server_midnight,0,0,1,0,0,0,UNCLASSIFIED,TRANSITION_UNCLASSIFIED,TRANSITION
5029.25,5346.85,4993.7,5252.75,6598,100,0,1,0.9152888050018452,NY_PM,6,2.9387338452651455,day_anchor_std,server_midnight,0,0,1,0,0,0,UNCLASSIFIED,TRANSITION_UNCLASSIFIED,TRANSITION
5255.5,5381.2,5245.5,5367.1,7270,100,0,1,0.9152888050018452,NY_PM,6,2.9387338452651455,day_anchor_std,server_midnight,0,0,1,0,0,0,UNCLASSIFIED,TRANSITION_UNCLASSIFIED,TRANSITION
5417.75,5419.5,5403.6,5411.65,1660,100,0,2,0.9942810732971029,ASIA,3,0.124566510756816,day_anchor_std,server_midnight,0,0,0,1,0,0,TREND_STRONG,TREND_STRONG,TREND
5411.9,5419.4,5410.0,5413.5,1447,100,0,2,0.9942810732971029,ASIA,3,0.124566510756816,day_anchor_std,server_midnight,0,0,0,1,0,0,TREND_STRONG,TREND_STRONG,TREND
5413.5,5419.15,5404.75,5416.9,1586,100,0,2,0.9942810732971029,ASIA,3,0.124566510756816,day_anchor_std,server_midnight,0,0,0,1,0,0,TREND_STRONG,TREND_STRONG,TREND
5417.0,5434.4,5411.5,5433.9,1761,100,0,2,0.9942810732971029,ASIA,3,0.124566510756816,day_anchor_std,server_midnight,0,0,0,1,0,0,TREND_STRONG,TREND_STRONG,TREND
5433.9,5439.4,5419.65,5427.25,2647,100,0,2,0.9423175318618343,LONDON,4,0.6490370905537932,day_anchor_std,server_midnight,0,0,0,0,1,0,UNCLASSIFIED,TREND_UNCLASSIFIED,TREND
5427.4,5435.65,5413.25,5429.9,2572,100,0,2,0.9423175318618343,LONDON,4,0.6490370905537932,day_anchor_std,server_midnight,0,0,0,0,1,0,UNCLASSIFIED,TREND_UNCLASSIFIED,TREND
5430.65,5450.25,5405.4,5406.25,3669,100,0,2,0.9423175318618343,LONDON,4,0.6490370905537932,day_anchor_std,server_midnight,0,0,0,0,1,0,UNCLASSIFIED,TREND_UNCLASSIFIED,TREND
5406.25,5408.4,5353.25,5363.5,3966,100,0,2,0.9423175318618343,LONDON,4,0.6490370905537932,day_anchor_std,server_midnight,0,0,0,0,1,0,UNCLASSIFIED,TREND_UNCLASSIFIED,TREND
5363.4,5377.5,5346.15,5356.4,3401,100,0,2,0.9856555704813609,LONDON,5,0.7533722221388499,day_anchor_std,server_midnight,0,0,0,0,1,0,UNCLASSIFIED,TREND_UNCLASSIFIED,TREND
5356.5,5360.9,5322.75,5335.0,3248,100,0,2,0.9856555704813609,LONDON,5,0.7533722221388499,day_anchor_std,server_midnight,0,0,0,0,1,0,UNCLASSIFIED,TREND_UNCLASSIFIED,TREND
5334.75,5351.0,5322.65,5335.75,3006,100,0,2,0.9856555704813609,LONDON,5,0.7533722221388499,day_anchor_std,server_midnight,0,0,0,0,1,0,UNCLASSIFIED,TREND_UNCLASSIFIED,TREND
5335.75,5359.25,5334.9,5342.25,2560,100,0,2,0.9856555704813609,LONDON,5,0.7533722221388499,day_anchor_std,server_midnight,0,0,0,0,1,0,UNCLASSIFIED,TREND_UNCLASSIFIED,TREND
5342.25,5384.4,5340.9,5369.75,2550,100,0,2,0.9605810812602708,LONDON,6,0.4931623928842522,day_anchor_std,server_midnight,0,0,0,0,1,0,TREND_STRONG,TREND_STRONG,TREND
5369.75,5389.4,5353.65,5353.75,2547,100,0,2,0.9605810812602708,LONDON,6,0.4931623928842522,day_anchor_std,server_midnight,0,0,0,0,1,0,TREND_STRONG,TREND_STRONG,TREND
5353.9,5368.5,5349.4,5356.75,2489,100,0,2,0.9605810812602708,LONDON,6,0.4931623928842522,day_anchor_std,server_midnight,0,0,0,0,1,0,TREND_STRONG,TREND_STRONG,TREND
5357.0,5375.75,5351.25,5368.65,2215,100,0,2,0.9605810812602708,LONDON,6,0.4931623928842522,day_anchor_std,server_midnight,0,0,0,0,1,0,TREND_STRONG,TREND_STRONG,TREND
5368.5,5369.5,5339.9,5348.25,3264,100,0,2,0.9799854276525829,NY,7,0.9924701272022473,day_anchor_std,server_midnight,0,0,0,0,1,1,TREND_STRONG,TREND_STRONG,TREND
5347.25,5387.4,5325.25,5347.75,4239,100,0,2,0.9799854276525829,NY,7,0.9924701272022473,day_anchor_std,server_midnight,0,0,0,0,1,1,TREND_STRONG,TREND_STRONG,TREND
5347.75,5366.65,5332.15,5338.4,3966,100,0,2,0.9799854276525829,NY,7,0.9924701272022473,day_anchor_std,server_midnight,0,0,0,0,1,1,TREND_STRONG,TREND_STRONG,TREND
5337.35,5350.75,5301.0,5306.25,6817,100,0,2,0.9799854276525829,NY,7,0.9924701272022473,day_anchor_std,server_midnight,0,0,0,0,1,1,TREND_STRONG,TREND_STRONG,TREND
5277.4,5280.4,5241.25,5251.5,2005,100,0,2,0.857200429288834,ASIA,3,0.147378627328761,day_anchor_std,server_midnight,0,0,0,1,0,0,TREND_STRONG,TREND_STRONG,TREND
5251.5,5258.0,5230.0,5240.0,2030,100,0,2,0.857200429288834,ASIA,3,0.147378627328761,day_anchor_std,server_midnight,0,0,0,1,0,0,TREND_STRONG,TREND_STRONG,TREND
5240.0,5242.9,5196.65,5198.5,2869,100,0,2,0.7477801356582661,ASIA,4,0.01589636330901829,day_anchor_std,server_midnight,0,0,0,1,0,0,TREND_STRONG,TREND_STRONG,TREND
5196.9,5218.6,5172.5,5196.5,2771,100,0,2,0.7477801356582661,ASIA,4,0.01589636330901829,day_anchor_std,server_midnight,0,0,0,1,0,0,TREND_STRONG,TREND_STRONG,TREND
5196.0,5226.75,5189.1,5216.25,2822,100,0,2,0.7477801356582661,ASIA,4,0.01589636330901829,day_anchor_std,server_midnight,0,0,0,1,0,0,TREND_STRONG,TREND_STRONG,TREND
5215.75,5238.9,5205.25,5236.4,2438,100,0,2,0.7477801356582661,ASIA,4,0.01589636330901829,day_anchor_std,server_midnight,0,0,0,1,0,0,TREND_STRONG,TREND_STRONG,TREND
5235.25,5252.1,5210.0,5243.0,2589,100,0,2,0.2826037639143072,ASIA,5,0.38655639664453406,day_anchor_std,server_midnight,0,0,0,1,0,0,TREND_STRONG,TREND_STRONG,TREND
5243.5,5253.75,5232.15,5234.5,2052,100,0,2,0.2826037639143072,ASIA,5,0.38655639664453406,day_anchor_std,server_midnight,0,0,0,1,0,0,TREND_STRONG,TREND_STRONG,TREND
5234.5,5279.75,5234.5,5270.9,2088,100,0,2,0.2826037639143072,ASIA,5,0.38655639664453406,day_anchor_std,server_midnight,0,0,0,1,0,0,TREND_STRONG,TREND_STRONG,TREND
5272.0,5274.75,5257.5,5266.0,1931,100,0,2,0.2826037639143072,ASIA,5,0.38655639664453406,day_anchor_std,server_midnight,0,0,0,1,0,0,TREND_STRONG,TREND_STRONG,TREND
5425.9,5452.75,5415.15,5439.1,5668,100,0,2,0.8913883936340424,NY,3,0.6731465042557211,day_anchor_std,server_midnight,0,0,0,0,1,0,TREND_FRAGILE,TREND_FRAGILE,TREND
5439.55,5456.5,5434.3,5442.1,4569,100,0,2,0.8913883936340424,NY,3,0.6731465042557211,day_anchor_std,server_midnight,0,0,0,0,1,0,TREND_FRAGILE,TREND_FRAGILE,TREND
5441.35,5448.65,5402.55,5403.55,4482,100,0,2,0.8913883936340424,NY,3,0.6731465042557211,day_anchor_std,server_midnight,0,0,0,0,1,0,TREND_FRAGILE,TREND_FRAGILE,TREND
5403.7,5417.0,5370.1,5374.9,4846,100,0,2,0.8913883936340424,NY,3,0.6731465042557211,day_anchor_std,server_midnight,0,0,0,0,1,0,TREND_FRAGILE,TREND_FRAGILE,TREND
5345.9,5346.4,5343.5,5345.4,515,100,0,1,0.9782192516049686,ASIA,3,0.899333837505725,day_anchor_std,server_midnight,0,0,1,0,0,0,UNCLASSIFIED,TRANSITION_UNCLASSIFIED,TRANSITION
5345.5,5346.9,5340.9,5342.65,516,100,0,1,0.9782192516049686,ASIA,3,0.899333837505725,day_anchor_std,server_midnight,0,0,1,0,0,0,UNCLASSIFIED,TRANSITION_UNCLASSIFIED,TRANSITION
5342.9,5343.15,5307.65,5310.9,1857,100,0,1,0.9782192516049686,ASIA,3,0.899333837505725,day_anchor_std,server_midnight,0,0,1,0,0,0,UNCLASSIFIED,TRANSITION_UNCLASSIFIED,TRANSITION
5310.75,5319.25,5306.65,5313.65,1880,100,0,1,0.9782192516049686,ASIA,3,0.899333837505725,day_anchor_std,server_midnight,0,0,1,0,0,0,UNCLASSIFIED,TRANSITION_UNCLASSIFIED,TRANSITION
5334.65,5335.9,5324.9,5332.1,3107,100,0,1,0.9969604517941754,NY_PM,3,1.950969398026393,day_anchor_std,server_midnight,0,0,1,0,0,0,UNCLASSIFIED,TRANSITION_UNCLASSIFIED,TRANSITION
5332.1,5338.05,5322.3,5326.35,2708,100,0,1,0.9969604517941754,NY_PM,3,1.950969398026393,day_anchor_std,server_midnight,0,0,1,0,0,0,UNCLASSIFIED,TRANSITION_UNCLASSIFIED,TRANSITION
5326.45,5334.4,5319.5,5332.35,3108,100,0,1,0.9969604517941754,NY_PM,3,1.950969398026393,day_anchor_std,server_midnight,0,0,1,0,0,0,UNCLASSIFIED,TRANSITION_UNCLASSIFIED,TRANSITION
5332.5,5333.2,5257.1,5258.15,5468,100,0,1,0.9969604517941754,NY_PM,3,1.950969398026393,day_anchor_std,server_midnight,0,0,1,0,0,0,UNCLASSIFIED,TRANSITION_UNCLASSIFIED,TRANSITION
5150.65,5156.15,5150.15,5154.4,634,100,0,2,0.6069293233377226,ASIA,6,0.2668887655006373,day_anchor_std,server_midnight,0,0,0,1,0,0,TREND_FRAGILE,TREND_FRAGILE,TREND
5154.65,5175.9,5153.65,5175.9,1212,100,0,2,0.6069293233377226,ASIA,6,0.2668887655006373,day_anchor_std,server_midnight,0,0,0,1,0,0,TREND_FRAGILE,TREND_FRAGILE,TREND
5236.9,5251.9,5235.25,5248.5,2903,100,0,1,0.9928996244345848,NY,2,2.3138083401357887,day_anchor_std,server_midnight,0,0,1,0,0,0,UNCLASSIFIED,TRANSITION_UNCLASSIFIED,TRANSITION
5248.4,5266.15,5240.4,5263.9,2441,100,0,1,0.9928996244345848,NY,2,2.3138083401357887,day_anchor_std,server_midnight,0,0,1,0,0,0,UNCLASSIFIED,TRANSITION_UNCLASSIFIED,TRANSITION
5263.9,5275.4,5263.15,5266.5,1937,100,0,1,0.9928996244345848,NY,2,2.3138083401357887,day_anchor_std,server_midnight,0,0,1,0,0,0,UNCLASSIFIED,TRANSITION_UNCLASSIFIED,TRANSITION
5266.4,5282.4,5254.9,5279.0,2473,100,0,1,0.9928996244345848,NY,2,2.3138083401357887,day_anchor_std,server_midnight,0,0,1,0,0,0,UNCLASSIFIED,TRANSITION_UNCLASSIFIED,TRANSITION
5382.15,5385.4,5367.4,5368.15,1574,100,0,2,0.928683535482834,ASIA,3,0.4710766031866595,day_anchor_std,server_midnight,0,0,0,1,0,0,TREND_FRAGILE,TREND_FRAGILE,TREND
5368.15,5369.4,5359.65,5368.15,1333,100,0,2,0.928683535482834,ASIA,3,0.4710766031866595,day_anchor_std,server_midnight,0,0,0,1,0,0,TREND_FRAGILE,TREND_FRAGILE,TREND
5368.15,5373.9,5364.5,5368.5,1353,100,0,2,0.928683535482834,ASIA,3,0.4710766031866595,day_anchor_std,server_midnight,0,0,0,1,0,0,TREND_FRAGILE,TREND_FRAGILE,TREND
5368.65,5368.9,5349.4,5353.4,1535,100,0,2,0.928683535482834,ASIA,3,0.4710766031866595,day_anchor_std,server_midnight,0,0,0,1,0,0,TREND_FRAGILE,TREND_FRAGILE,TREND
5353.4,5359.65,5349.9,5358.65,1085,100,0,2,0.9807281204943827,ASIA,4,0.1433346604114358,day_anchor_std,server_midnight,0,0,0,1,0,0,UNCLASSIFIED,TREND_UNCLASSIFIED,TREND
5358.65,5369.4,5358.15,5363.9,840,100,0,2,0.9807281204943827,ASIA,4,0.1433346604114358,day_anchor_std,server_midnight,0,0,0,1,0,0,UNCLASSIFIED,TREND_UNCLASSIFIED,TREND
5363.9,5363.9,5358.15,5360.9,860,100,0,2,0.9807281204943827,ASIA,4,0.1433346604114358,day_anchor_std,server_midnight,0,0,0,1,0,0,UNCLASSIFIED,TREND_UNCLASSIFIED,TREND
5360.9,5366.25,5358.65,5365.65,835,100,0,2,0.9807281204943827,ASIA,4,0.1433346604114358,day_anchor_std,server_midnight,0,0,0,1,0,0,UNCLASSIFIED,TREND_UNCLASSIFIED,TREND
5365.65,5372.65,5365.4,5367.4,774,100,0,2,0.9600225728083787,ASIA,5,0.03314506317103496,day_anchor_std,server_midnight,0,0,0,1,0,0,UNCLASSIFIED,TREND_UNCLASSIFIED,TREND
5367.4,5372.5,5367.15,5369.4,535,100,0,2,0.9600225728083787,ASIA,5,0.03314506317103496,day_anchor_std,server_midnight,0,0,0,1,0,0,UNCLASSIFIED,TREND_UNCLASSIFIED,TREND
5369.4,5369.75,5359.15,5368.15,903,100,0,2,0.9600225728083787,ASIA,5,0.03314506317103496,day_anchor_std,server_midnight,0,0,0,1,0,0,UNCLASSIFIED,TREND_UNCLASSIFIED,TREND
5367.9,5375.5,5366.65,5372.9,1063,100,0,2,0.9600225728083787,ASIA,5,0.03314506317103496,day_anchor_std,server_midnight,0,0,0,1,0,0,UNCLASSIFIED,TREND_UNCLASSIFIED,TREND
5373.15,5380.25,5369.65,5376.15,1306,100,0,2,0.9938785629646587,LONDON,6,0.3149812734498511,day_anchor_std,server_midnight,0,0,0,0,1,0,UNCLASSIFIED,TREND_UNCLASSIFIED,TREND
5376.15,5377.15,5370.0,5371.4,1099,100,0,2,0.9938785629646587,LONDON,6,0.3149812734498511,day_anchor_std,server_midnight,0,0,0,0,1,0,UNCLASSIFIED,TREND_UNCLASSIFIED,TREND
5370.9,5378.15,5363.9,5372.9,2208,100,0,2,0.9938785629646587,LONDON,6,0.3149812734498511,day_anchor_std,server_midnight,0,0,0,0,1,0,UNCLASSIFIED,TREND_UNCLASSIFIED,TREND
5372.5,5385.9,5372.0,5385.0,1459,100,0,2,0.9938785629646587,LONDON,6,0.3149812734498511,day_anchor_std,server_midnight,0,0,0,0,1,0,UNCLASSIFIED,TREND_UNCLASSIFIED,TREND
5385.15,5394.65,5383.4,5392.4,1056,100,0,2,0.8552888788279924,LONDON,7,0.5959816913123274,day_anchor_std,server_midnight,0,0,0,0,1,0,TREND_STRONG,TREND_STRONG,TREND
5392.4,5405.15,5391.9,5396.25,1117,100,0,2,0.8552888788279924,LONDON,7,0.5959816913123274,day_anchor_std,server_midnight,0,0,0,0,1,0,TREND_STRONG,TREND_STRONG,TREND
5396.25,5402.15,5395.9,5396.65,838,100,0,2,0.8552888788279924,LONDON,7,0.5959816913123274,day_anchor_std,server_midnight,0,0,0,0,1,0,TREND_STRONG,TREND_STRONG,TREND
5396.65,5399.5,5389.65,5398.65,935,100,0,2,0.8552888788279924,LONDON,7,0.5959816913123274,day_anchor_std,server_midnight,0,0,0,0,1,0,TREND_STRONG,TREND_STRONG,TREND
5398.4,5407.4,5396.4,5406.9,1021,100,0,2,0.8993258700737399,LONDON,8,0.6618973957279551,day_anchor_std,server_midnight,0,0,0,0,1,0,UNCLASSIFIED,TREND_UNCLASSIFIED,TREND
5406.9,5421.15,5403.9,5418.4,912,100,0,2,0.8993258700737399,LONDON,8,0.6618973957279551,day_anchor_std,server_midnight,0,0,0,0,1,0,UNCLASSIFIED,TREND_UNCLASSIFIED,TREND
5418.25,5424.4,5410.4,5410.4,1269,100,0,2,0.8993258700737399,LONDON,8,0.6618973957279551,day_anchor_std,server_midnight,0,0,0,0,1,0,UNCLASSIFIED,TREND_UNCLASSIFIED,TREND
5410.4,5413.75,5402.75,5402.9,1611,100,0,2,0.8993258700737399,LONDON,8,0.6618973957279551,day_anchor_std,server_midnight,0,0,0,0,1,0,UNCLASSIFIED,TREND_UNCLASSIFIED,TREND
5402.9,5412.9,5401.75,5410.15,1405,100,0,2,0.9936156230508282,NY,9,1.539972150428685,day_anchor_std,server_midnight,0,0,0,0,0,1,UNCLASSIFIED,TREND_UNCLASSIFIED,TREND
5410.15,5427.65,5408.9,5426.4,873,100,0,2,0.9936156230508282,NY,9,1.539972150428685,day_anchor_std,server_midnight,0,0,0,0,0,1,UNCLASSIFIED,TREND_UNCLASSIFIED,TREND
5426.4,5427.15,5407.25,5421.65,1737,100,0,2,0.9936156230508282,NY,9,1.539972150428685,day_anchor_std,server_midnight,0,0,0,0,0,1,UNCLASSIFIED,TREND_UNCLASSIFIED,TREND
5421.15,5466.75,5411.65,5451.25,6178,100,0,2,0.9936156230508282,NY,9,1.539972150428685,day_anchor_std,server_midnight,0,0,0,0,0,1,UNCLASSIFIED,TREND_UNCLASSIFIED,TREND
5383.4,5392.4,5379.75,5383.5,1428,100,0,0,0.9755570178687661,ASIA,2,0.22016557968073527,day_anchor_std,server_midnight,1,0,0,0,0,0,UNCLASSIFIED,BALANCE_UNCLASSIFIED,BALANCE
5383.4,5387.65,5381.65,5382.9,1163,100,0,0,0.9755570178687661,ASIA,2,0.22016557968073527,day_anchor_std,server_midnight,1,0,0,0,0,0,UNCLASSIFIED,BALANCE_UNCLASSIFIED,BALANCE
5382.75,5385.15,5375.1,5378.4,1273,100,0,0,0.9755570178687661,ASIA,2,0.22016557968073527,day_anchor_std,server_midnight,1,0,0,0,0,0,UNCLASSIFIED,BALANCE_UNCLASSIFIED,BALANCE
5378.25,5384.15,5369.25,5369.25,1072,100,0,0,0.9755570178687661,ASIA,2,0.22016557968073527,day_anchor_std,server_midnight,1,0,0,0,0,0,UNCLASSIFIED,BALANCE_UNCLASSIFIED,BALANCE
5369.25,5375.4,5368.15,5375.0,906,100,0,0,0.9821404508939343,ASIA,3,0.3238119906820165,day_anchor_std,server_midnight,1,0,0,0,0,0,UNCLASSIFIED,BALANCE_UNCLASSIFIED,BALANCE
5375.0,5375.9,5362.75,5363.4,873,100,0,0,0.9821404508939343,ASIA,3,0.3238119906820165,day_anchor_std,server_midnight,1,0,0,0,0,0,UNCLASSIFIED,BALANCE_UNCLASSIFIED,BALANCE
5363.4,5364.65,5359.75,5361.65,749,100,0,0,0.9821404508939343,ASIA,3,0.3238119906820165,day_anchor_std,server_midnight,1,0,0,0,0,0,UNCLASSIFIED,BALANCE_UNCLASSIFIED,BALANCE
5361.65,5366.15,5359.9,5364.4,573,100,0,0,0.9821404508939343,ASIA,3,0.3238119906820165,day_anchor_std,server_midnight,1,0,0,0,0,0,UNCLASSIFIED,BALANCE_UNCLASSIFIED,BALANCE
5444.6,5465.95,5439.45,5461.4,2772,100,0,1,0.048263948107417076,NY_PM,3,2.188326202210998,day_anchor_std,server_midnight,0,0,1,0,0,0,UNCLASSIFIED,TRANSITION_UNCLASSIFIED,TRANSITION
5461.4,5475.5,5459.8,5471.3,2187,100,0,1,0.048263948107417076,NY_PM,3,2.188326202210998,day_anchor_std,server_midnight,0,0,1,0,0,0,UNCLASSIFIED,TRANSITION_UNCLASSIFIED,TRANSITION
5471.55,5471.55,5457.25,5466.85,2376,100,0,1,0.048263948107417076,NY_PM,3,2.188326202210998,day_anchor_std,server_midnight,0,0,1,0,0,0,UNCLASSIFIED,TRANSITION_UNCLASSIFIED,TRANSITION
5466.95,5473.3,5460.85,5469.85,2219,100,0,1,0.048263948107417076,NY_PM,3,2.188326202210998,day_anchor_std,server_midnight,0,0,1,0,0,0,UNCLASSIFIED,TRANSITION_UNCLASSIFIED,TRANSITION
5501.75,5505.9,5499.0,5501.75,752,100,0,2,0.9992026155705968,ASIA,3,0.047561950439628235,day_anchor_std,server_midnight,0,0,0,1,0,0,TREND_STRONG,TREND_STRONG,TREND
5501.9,5504.75,5498.15,5499.9,940,100,0,2,0.9992026155705968,ASIA,3,0.047561950439628235,day_anchor_std,server_midnight,0,0,0,1,0,0,TREND_STRONG,TREND_STRONG,TREND
5499.65,5507.65,5495.75,5505.75,1040,100,0,2,0.986494909510377,ASIA,4,0.05371581117889981,day_anchor_std,server_midnight,0,0,0,1,0,0,TREND_STRONG,TREND_STRONG,TREND
5505.65,5514.15,5503.4,5512.0,832,100,0,2,0.986494909510377,ASIA,4,0.05371581117889981,day_anchor_std,server_midnight,0,0,0,1,0,0,TREND_STRONG,TREND_STRONG,TREND
5512.0,5513.65,5499.4,5500.9,858,100,0,2,0.986494909510377,ASIA,4,0.05371581117889981,day_anchor_std,server_midnight,0,0,0,1,0,0,TREND_STRONG,TREND_STRONG,TREND
5500.65,5511.65,5499.25,5501.5,1044,100,0,2,0.986494909510377,ASIA,4,0.05371581117889981,day_anchor_std,server_midnight,0,0,0,1,0,0,TREND_STRONG,TREND_STRONG,TREND
5501.15,5503.4,5494.4,5494.9,921,100,0,2,0.9936949023828356,ASIA,5,0.26180941663232116,day_anchor_std,server_midnight,0,0,0,1,0,0,TREND_STRONG,TREND_STRONG,TREND
5494.9,5496.75,5492.15,5495.5,877,100,0,2,0.9936949023828356,ASIA,5,0.26180941663232116,day_anchor_std,server_midnight,0,0,0,1,0,0,TREND_STRONG,TREND_STRONG,TREND
5495.5,5505.9,5492.4,5499.9,1008,100,0,2,0.9936949023828356,ASIA,5,0.26180941663232116,day_anchor_std,server_midnight,0,0,0,1,0,0,TREND_STRONG,TREND_STRONG,TREND
5499.9,5513.15,5499.9,5511.9,841,100,0,2,0.9936949023828356,ASIA,5,0.26180941663232116,day_anchor_std,server_midnight,0,0,0,1,0,0,TREND_STRONG,TREND_STRONG,TREND
5511.9,5524.4,5506.1,5507.4,1023,100,0,2,0.9991556992165973,ASIA,6,0.034838871704034026,day_anchor_std,server_midnight,0,0,0,1,0,0,TREND_STRONG,TREND_STRONG,TREND
5507.4,5511.5,5501.9,5504.65,1040,100,0,2,0.9991556992165973,ASIA,6,0.034838871704034026,day_anchor_std,server_midnight,0,0,0,1,0,0,TREND_STRONG,TREND_STRONG,TREND
5504.65,5510.0,5503.65,5505.75,770,100,0,2,0.9991556992165973,ASIA,6,0.034838871704034026,day_anchor_std,server_midnight,0,0,0,1,0,0,TREND_STRONG,TREND_STRONG,TREND
5505.75,5510.15,5503.4,5506.25,806,100,0,2,0.9991556992165973,ASIA,6,0.034838871704034026,day_anchor_std,server_midnight,0,0,0,1,0,0,TREND_STRONG,TREND_STRONG,TREND
5506.9,5513.75,5504.0,5508.4,1140,100,0,2,0.9978424272325174,LONDON,7,0.05722799159622394,day_anchor_std,server_midnight,0,0,0,0,1,0,TREND_STRONG,TREND_STRONG,TREND
5508.4,5520.75,5507.15,5518.9,1149,100,0,2,0.9978424272325174,LONDON,7,0.05722799159622394,day_anchor_std,server_midnight,0,0,0,0,1,0,TREND_STRONG,TREND_STRONG,TREND
5518.9,5520.75,5499.25,5504.25,2559,100,0,2,0.9978424272325174,LONDON,7,0.05722799159622394,day_anchor_std,server_midnight,0,0,0,0,1,0,TREND_STRONG,TREND_STRONG,TREND
5503.9,5510.15,5494.65,5507.9,1527,100,0,2,0.9978424272325174,LONDON,7,0.05722799159622394,day_anchor_std,server_midnight,0,0,0,0,1,0,TREND_STRONG,TREND_STRONG,TREND
5509.0,5515.75,5504.15,5508.65,1511,100,0,2,0.9979591117989361,LONDON,8,0.12484634898547514,day_anchor_std,server_midnight,0,0,0,0,1,0,TREND_STRONG,TREND_STRONG,TREND
5508.65,5510.15,5498.9,5503.9,1270,100,0,2,0.9979591117989361,LONDON,8,0.12484634898547514,day_anchor_std,server_midnight,0,0,0,0,1,0,TREND_STRONG,TREND_STRONG,TREND
5503.9,5505.65,5491.75,5504.65,1378,100,0,2,0.9979591117989361,LONDON,8,0.12484634898547514,day_anchor_std,server_midnight,0,0,0,0,1,0,TREND_STRONG,TREND_STRONG,TREND
5504.65,5504.65,5495.4,5502.5,999,100,0,2,0.9979591117989361,LONDON,8,0.12484634898547514,day_anchor_std,server_midnight,0,0,0,0,1,0,TREND_STRONG,TREND_STRONG,TREND
5502.5,5507.0,5479.65,5483.4,2174,100,0,2,0.8446928667033385,LONDON,9,0.9984803614562838,day_anchor_std,server_midnight,0,0,0,0,1,1,TREND_STRONG,TREND_STRONG,TREND
5483.4,5486.9,5458.4,5460.4,2537,100,0,2,0.8446928667033385,LONDON,9,0.9984803614562838,day_anchor_std,server_midnight,0,0,0,0,1,1,TREND_STRONG,TREND_STRONG,TREND
5461.0,5483.15,5460.0,5480.4,1835,100,0,2,0.8446928667033385,LONDON,9,0.9984803614562838,day_anchor_std,server_midnight,0,0,0,0,1,1,TREND_STRONG,TREND_STRONG,TREND
5480.15,5481.0,5464.9,5469.9,1765,100,0,2,0.8446928667033385,LONDON,9,0.9984803614562838,day_anchor_std,server_midnight,0,0,0,0,1,1,TREND_STRONG,TREND_STRONG,TREND
5621.25,5629.75,5608.15,5620.25,3490,100,0,2,0.8701657929535128,NY_PM,3,0.07270339168497178,day_anchor_std,server_midnight,0,0,0,0,1,0,UNCLASSIFIED,TREND_UNCLASSIFIED,TREND
5620.25,5626.85,5609.3,5613.9,3205,100,0,2,0.8701657929535128,NY_PM,3,0.07270339168497178,day_anchor_std,server_midnight,0,0,0,0,1,0,UNCLASSIFIED,TREND_UNCLASSIFIED,TREND
5613.8,5636.95,5613.8,5630.95,2312,100,0,2,0.8701657929535128,NY_PM,3,0.07270339168497178,day_anchor_std,server_midnight,0,0,0,0,1,0,UNCLASSIFIED,TREND_UNCLASSIFIED,TREND
5631.2,5634.55,5616.1,5623.15,2677,100,0,2,0.8701657929535128,NY_PM,3,0.07270339168497178,day_anchor_std,server_midnight,0,0,0,0,1,0,UNCLASSIFIED,TREND_UNCLASSIFIED,TREND
5679.2,5696.35,5678.6,5689.35,3298,100,0,1,0.9972671833393498,NY_PM,3,1.8118523371726136,day_anchor_std,server_midnight,0,0,1,0,0,0,UNCLASSIFIED,TRANSITION_UNCLASSIFIED,TRANSITION
5689.35,5697.65,5688.85,5691.85,2254,100,0,1,0.9972671833393498,NY_PM,3,1.8118523371726136,day_anchor_std,server_midnight,0,0,1,0,0,0,UNCLASSIFIED,TRANSITION_UNCLASSIFIED,TRANSITION
5692.1,5694.6,5680.55,5684.75,2444,100,0,1,0.9972671833393498,NY_PM,3,1.8118523371726136,day_anchor_std,server_midnight,0,0,1,0,0,0,UNCLASSIFIED,TRANSITION_UNCLASSIFIED,TRANSITION
5684.75,5692.75,5681.8,5689.3,1975,100,0,1,0.9972671833393498,NY_PM,3,1.8118523371726136,day_anchor_std,server_midnight,0,0,1,0,0,0,UNCLASSIFIED,TRANSITION_UNCLASSIFIED,TRANSITION
5639.65,5647.15,5638.4,5645.65,861,100,0,0,0.8263727940445234,ASIA,2,0.1293942743828038,day_anchor_std,server_midnight,1,0,0,0,0,0,BALANCE_STABLE,BALANCE_STABLE,BALANCE
5645.65,5647.5,5642.9,5645.15,629,100,0,0,0.8263727940445234,ASIA,2,0.1293942743828038,day_anchor_std,server_midnight,1,0,0,0,0,0,BALANCE_STABLE,BALANCE_STABLE,BALANCE
5645.4,5647.65,5640.9,5641.65,615,100,0,0,0.8263727940445234,ASIA,2,0.1293942743828038,day_anchor_std,server_midnight,1,0,0,0,0,0,BALANCE_STABLE,BALANCE_STABLE,BALANCE
5641.65,5650.65,5640.4,5647.9,588,100,0,0,0.8263727940445234,ASIA,2,0.1293942743828038,day_anchor_std,server_midnight,1,0,0,0,0,0,BALANCE_STABLE,BALANCE_STABLE,BALANCE
5647.75,5648.15,5640.15,5643.9,821,100,0,0,0.8062508287038036,ASIA,3,0.15212938489009473,day_anchor_std,server_midnight,1,0,0,0,0,0,UNCLASSIFIED,BALANCE_UNCLASSIFIED,BALANCE
5643.75,5646.4,5640.9,5641.9,622,100,0,0,0.8062508287038036,ASIA,3,0.15212938489009473,day_anchor_std,server_midnight,1,0,0,0,0,0,UNCLASSIFIED,BALANCE_UNCLASSIFIED,BALANCE
5641.9,5650.9,5641.9,5647.65,739,100,0,0,0.8062508287038036,ASIA,3,0.15212938489009473,day_anchor_std,server_midnight,1,0,0,0,0,0,UNCLASSIFIED,BALANCE_UNCLASSIFIED,BALANCE
5647.65,5650.15,5645.0,5647.9,721,100,0,0,0.8062508287038036,ASIA,3,0.15212938489009473,day_anchor_std,server_midnight,1,0,0,0,0,0,UNCLASSIFIED,BALANCE_UNCLASSIFIED,BALANCE
5648.0,5653.9,5648.0,5653.5,959,100,0,0,0.7870721102278271,LONDON,4,0.12012095164166381,day_anchor_std,server_midnight,1,0,0,0,0,0,BALANCE_LEAKING,BALANCE_LEAKING,BALANCE
5653.25,5658.0,5649.4,5650.4,736,100,0,0,0.7870721102278271,LONDON,4,0.12012095164166381,day_anchor_std,server_midnight,1,0,0,0,0,0,BALANCE_LEAKING,BALANCE_LEAKING,BALANCE
5650.25,5650.65,5643.9,5647.9,1200,100,0,0,0.7870721102278271,LONDON,4,0.12012095164166381,day_anchor_std,server_midnight,1,0,0,0,0,0,BALANCE_LEAKING,BALANCE_LEAKING,BALANCE
5647.75,5650.65,5645.15,5648.65,862,100,0,0,0.7870721102278271,LONDON,4,0.12012095164166381,day_anchor_std,server_midnight,1,0,0,0,0,0,BALANCE_LEAKING,BALANCE_LEAKING,BALANCE
5648.0,5653.25,5647.9,5648.9,1090,100,0,0,0.3848134994895979,LONDON,5,0.38056444183092714,day_anchor_std,server_midnight,1,0,0,0,0,0,BALANCE_LEAKING,BALANCE_LEAKING,BALANCE
5648.9,5648.9,5632.9,5637.25,1252,100,0,0,0.3848134994895979,LONDON,5,0.38056444183092714,day_anchor_std,server_midnight,1,0,0,0,0,0,BALANCE_LEAKING,BALANCE_LEAKING,BALANCE
5637.15,5643.65,5633.25,5642.75,1066,100,0,0,0.3848134994895979,LONDON,5,0.38056444183092714,day_anchor_std,server_midnight,1,0,0,0,0,0,BALANCE_LEAKING,BALANCE_LEAKING,BALANCE
5642.65,5646.4,5640.15,5642.15,918,100,0,0,0.3848134994895979,LONDON,5,0.38056444183092714,day_anchor_std,server_midnight,1,0,0,0,0,0,BALANCE_LEAKING,BALANCE_LEAKING,BALANCE
5627.4,5635.15,5626.4,5634.9,771,100,0,1,0.811141137714243,LONDON,3,1.023499819927829,day_anchor_std,server_midnight,0,0,1,0,0,0,UNCLASSIFIED,TRANSITION_UNCLASSIFIED,TRANSITION
5634.9,5638.25,5633.15,5638.15,627,100,0,1,0.811141137714243,LONDON,3,1.023499819927829,day_anchor_std,server_midnight,0,0,1,0,0,0,UNCLASSIFIED,TRANSITION_UNCLASSIFIED,TRANSITION
5638.15,5639.4,5627.9,5629.0,1329,100,0,1,0.811141137714243,LONDON,3,1.023499819927829,day_anchor_std,server_midnight,0,0,1,0,0,0,UNCLASSIFIED,TRANSITION_UNCLASSIFIED,TRANSITION
5629.0,5629.65,5619.75,5620.25,1294,100,0,1,0.811141137714243,LONDON,3,1.023499819927829,day_anchor_std,server_midnight,0,0,1,0,0,0,UNCLASSIFIED,TRANSITION_UNCLASSIFIED,TRANSITION
5620.25,5621.4,5605.4,5605.65,1848,100,0,1,0.7289737034492775,LONDON,4,1.2269294883748005,day_anchor_std,server_midnight,0,0,1,0,0,0,UNCLASSIFIED,TRANSITION_UNCLASSIFIED,TRANSITION
5605.65,5615.4,5604.4,5613.15,1284,100,0,1,0.7289737034492775,LONDON,4,1.2269294883748005,day_anchor_std,server_midnight,0,0,1,0,0,0,UNCLASSIFIED,TRANSITION_UNCLASSIFIED,TRANSITION
5613.25,5614.15,5603.65,5605.4,1399,100,0,1,0.7289737034492775,LONDON,4,1.2269294883748005,day_anchor_std,server_midnight,0,0,1,0,0,0,UNCLASSIFIED,TRANSITION_UNCLASSIFIED,TRANSITION
5605.4,5612.65,5602.9,5612.15,1160,100,0,1,0.7289737034492775,LONDON,4,1.2269294883748005,day_anchor_std,server_midnight,0,0,1,0,0,0,UNCLASSIFIED,TRANSITION_UNCLASSIFIED,TRANSITION
5620.35,5650.3,5618.2,5622.7,3520,100,0,2,0.803167138751618,NY_PM,3,0.8523968051392802,day_anchor_std,server_midnight,0,0,0,0,1,0,UNCLASSIFIED,TREND_UNCLASSIFIED,TREND
5622.6,5631.25,5608.2,5608.8,3112,100,0,2,0.803167138751618,NY_PM,3,0.8523968051392802,day_anchor_std,server_midnight,0,0,0,0,1,0,UNCLASSIFIED,TREND_UNCLASSIFIED,TREND
5608.8,5622.6,5608.7,5613.65,2982,100,0,2,0.803167138751618,NY_PM,3,0.8523968051392802,day_anchor_std,server_midnight,0,0,0,0,1,0,UNCLASSIFIED,TREND_UNCLASSIFIED,TREND
5613.4,5617.85,5600.1,5601.15,2527,100,0,2,0.803167138751618,NY_PM,3,0.8523968051392802,day_anchor_std,server_midnight,0,0,0,0,1,0,UNCLASSIFIED,TREND_UNCLASSIFIED,TREND
5601.15,5621.75,5601.15,5621.5,2342,100,0,2,0.7865094021171531,NY_PM,4,0.6687805041007554,day_anchor_std,server_midnight,0,0,0,0,1,0,TREND_FRAGILE,TREND_FRAGILE,TREND
5620.9,5627.15,5615.85,5627.15,1823,100,0,2,0.7865094021171531,NY_PM,4,0.6687805041007554,day_anchor_std,server_midnight,0,0,0,0,1,0,TREND_FRAGILE,TREND_FRAGILE,TREND
5626.65,5627.65,5615.15,5624.55,1823,100,0,2,0.7865094021171531,NY_PM,4,0.6687805041007554,day_anchor_std,server_midnight,0,0,0,0,1,0,TREND_FRAGILE,TREND_FRAGILE,TREND
5624.65,5630.25,5603.35,5604.1,2498,100,0,2,0.7865094021171531,NY_PM,4,0.6687805041007554,day_anchor_std,server_midnight,0,0,0,0,1,0,TREND_FRAGILE,TREND_FRAGILE,TREND
5605.35,5606.7,5584.4,5585.9,1428,100,0,2,0.6175301226325891,NY_PM,5,0.9942420882938515,day_anchor_std,server_midnight,0,0,0,0,1,0,TREND_FRAGILE,TREND_FRAGILE,TREND
5586.25,5597.1,5586.25,5594.35,1125,100,0,2,0.6175301226325891,NY_PM,5,0.9942420882938515,day_anchor_std,server_midnight,0,0,0,0,1,0,TREND_FRAGILE,TREND_FRAGILE,TREND
5651.4,5657.15,5651.4,5657.0,955,100,0,1,0.9663791227044177,ASIA,1,1.0299847549903032,day_anchor_std,server_midnight,0,0,1,0,0,0,TRANSITION_NOISY,TRANSITION_NOISY,TRANSITION
5656.9,5663.4,5656.65,5660.5,787,100,0,1,0.9663791227044177,ASIA,1,1.0299847549903032,day_anchor_std,server_midnight,0,0,1,0,0,0,TRANSITION_NOISY,TRANSITION_NOISY,TRANSITION
5661.15,5675.25,5659.6,5672.9,910,100,0,1,0.9663791227044177,ASIA,1,1.0299847549903032,day_anchor_std,server_midnight,0,0,1,0,0,0,TRANSITION_NOISY,TRANSITION_NOISY,TRANSITION
5672.9,5678.15,5671.15,5677.15,731,100,0,1,0.9663791227044177,ASIA,1,1.0299847549903032,day_anchor_std,server_midnight,0,0,1,0,0,0,TRANSITION_NOISY,TRANSITION_NOISY,TRANSITION
5672.9,5681.65,5669.65,5681.15,1122,100,0,1,0.9976040579460086,LONDON,4,1.3595071231755131,day_anchor_std,server_midnight,0,0,1,0,0,0,TRANSITION_NOISY,TRANSITION_NOISY,TRANSITION
5681.15,5687.15,5681.15,5686.9,591,100,0,1,0.9976040579460086,LONDON,4,1.3595071231755131,day_anchor_std,server_midnight,0,0,1,0,0,0,TRANSITION_NOISY,TRANSITION_NOISY,TRANSITION
5686.65,5691.4,5684.9,5689.9,596,100,0,1,0.9976040579460086,LONDON,4,1.3595071231755131,day_anchor_std,server_midnight,0,0,1,0,0,0,TRANSITION_NOISY,TRANSITION_NOISY,TRANSITION
5689.9,5696.0,5689.5,5692.4,665,100,0,1,0.9976040579460086,LONDON,4,1.3595071231755131,day_anchor_std,server_midnight,0,0,1,0,0,0,TRANSITION_NOISY,TRANSITION_NOISY,TRANSITION
5672.4,5674.0,5668.9,5669.65,914,100,0,0,0.7548339765016348,LONDON,2,0.25211173604792614,day_anchor_std,server_midnight,1,0,0,0,0,0,UNCLASSIFIED,BALANCE_UNCLASSIFIED,BALANCE
5669.9,5673.4,5666.4,5670.5,811,100,0,0,0.7548339765016348,LONDON,2,0.25211173604792614,day_anchor_std,server_midnight,1,0,0,0,0,0,UNCLASSIFIED,BALANCE_UNCLASSIFIED,BALANCE
5670.65,5671.9,5664.15,5669.9,1534,100,0,0,0.7548339765016348,LONDON,2,0.25211173604792614,day_anchor_std,server_midnight,1,0,0,0,0,0,UNCLASSIFIED,BALANCE_UNCLASSIFIED,BALANCE
5670.5,5678.65,5668.65,5669.65,1140,100,0,0,0.7548339765016348,LONDON,2,0.25211173604792614,day_anchor_std,server_midnight,1,0,0,0,0,0,UNCLASSIFIED,BALANCE_UNCLASSIFIED,BALANCE
5720.4,5736.05,5718.9,5733.55,1318,100,0,1,0.9913986686483253,ASIA,1,0.031188477877921745,day_anchor_std,server_midnight,0,1,0,0,0,0,UNCLASSIFIED,TRANSITION_UNCLASSIFIED,TRANSITION
5733.55,5734.55,5723.55,5726.4,1286,100,0,1,0.9913986686483253,ASIA,1,0.031188477877921745,day_anchor_std,server_midnight,0,1,0,0,0,0,UNCLASSIFIED,TRANSITION_UNCLASSIFIED,TRANSITION
5744.3,5747.65,5740.15,5747.3,847,100,0,1,0.9936073787131458,LONDON,5,1.8463115662220013,day_anchor_std,server_midnight,0,0,1,0,0,0,UNCLASSIFIED,TRANSITION_UNCLASSIFIED,TRANSITION
5747.15,5751.3,5743.65,5747.8,741,100,0,1,0.9936073787131458,LONDON,5,1.8463115662220013,day_anchor_std,server_midnight,0,0,1,0,0,0,UNCLASSIFIED,TRANSITION_UNCLASSIFIED,TRANSITION
5747.8,5832.65,5747.4,5830.8,3961,100,0,1,0.9936073787131458,LONDON,5,1.8463115662220013,day_anchor_std,server_midnight,0,0,1,0,0,0,UNCLASSIFIED,TRANSITION_UNCLASSIFIED,TRANSITION
5830.9,5832.9,5794.3,5801.05,3006,100,0,1,0.9936073787131458,LONDON,5,1.8463115662220013,day_anchor_std,server_midnight,0,0,1,0,0,0,UNCLASSIFIED,TRANSITION_UNCLASSIFIED,TRANSITION
5840.35,5849.95,5840.35,5848.1,486,100,0,2,0.8251125190425378,ASIA,3,0.14152872631866603,day_anchor_std,server_midnight,0,0,0,1,0,0,UNCLASSIFIED,TREND_UNCLASSIFIED,TREND
5847.95,5848.45,5836.85,5836.85,489,100,0,2,0.8251125190425378,ASIA,3,0.14152872631866603,day_anchor_std,server_midnight,0,0,0,1,0,0,UNCLASSIFIED,TREND_UNCLASSIFIED,TREND
5836.85,5836.85,5830.85,5833.1,1123,100,0,2,0.8274197209936051,ASIA,4,0.21662200144059918,day_anchor_std,server_midnight,0,0,0,1,0,0,TREND_STRONG,TREND_STRONG,TREND
5833.1,5833.35,5828.1,5829.35,909,100,0,2,0.8274197209936051,ASIA,4,0.21662200144059918,day_anchor_std,server_midnight,0,0,0,1,0,0,TREND_STRONG,TREND_STRONG,TREND
5829.35,5833.3,5827.1,5830.95,894,100,0,2,0.8274197209936051,ASIA,4,0.21662200144059918,day_anchor_std,server_midnight,0,0,0,1,0,0,TREND_STRONG,TREND_STRONG,TREND
5831.1,5833.35,5829.1,5830.2,785,100,0,2,0.8274197209936051,ASIA,4,0.21662200144059918,day_anchor_std,server_midnight,0,0,0,1,0,0,TREND_STRONG,TREND_STRONG,TREND
5830.2,5834.45,5827.2,5828.6,733,100,0,2,0.7698963016680971,ASIA,5,0.45988094566536664,day_anchor_std,server_midnight,0,0,0,1,0,0,TREND_STRONG,TREND_STRONG,TREND
5828.7,5829.2,5824.6,5828.85,617,100,0,2,0.7698963016680971,ASIA,5,0.45988094566536664,day_anchor_std,server_midnight,0,0,0,1,0,0,TREND_STRONG,TREND_STRONG,TREND
5828.85,5829.85,5823.85,5824.85,383,100,0,2,0.7698963016680971,ASIA,5,0.45988094566536664,day_anchor_std,server_midnight,0,0,0,1,0,0,TREND_STRONG,TREND_STRONG,TREND
5825.1,5825.6,5821.85,5822.2,369,100,0,2,0.7698963016680971,ASIA,5,0.45988094566536664,day_anchor_std,server_midnight,0,0,0,1,0,0,TREND_STRONG,TREND_STRONG,TREND
5822.2,5824.1,5819.85,5820.6,467,100,0,2,0.5086267686536265,ASIA,6,0.28383836714900806,day_anchor_std,server_midnight,0,0,0,1,0,0,TREND_STRONG,TREND_STRONG,TREND
5820.6,5823.1,5816.1,5820.85,516,100,0,2,0.5086267686536265,ASIA,6,0.28383836714900806,day_anchor_std,server_midnight,0,0,0,1,0,0,TREND_STRONG,TREND_STRONG,TREND
5820.85,5825.8,5819.85,5825.35,630,100,0,2,0.5086267686536265,ASIA,6,0.28383836714900806,day_anchor_std,server_midnight,0,0,0,1,0,0,TREND_STRONG,TREND_STRONG,TREND
5825.35,5826.85,5824.1,5825.85,432,100,0,2,0.5086267686536265,ASIA,6,0.28383836714900806,day_anchor_std,server_midnight,0,0,0,1,0,0,TREND_STRONG,TREND_STRONG,TREND
5885.4,5886.4,5880.4,5884.65,439,100,0,2,0.9616373429883059,ASIA,3,0.050423349045863784,day_anchor_std,server_midnight,0,0,0,1,0,0,TREND_STRONG,TREND_STRONG,TREND
5884.65,5884.65,5881.4,5883.15,315,100,0,2,0.9616373429883059,ASIA,3,0.050423349045863784,day_anchor_std,server_midnight,0,0,0,1,0,0,TREND_STRONG,TREND_STRONG,TREND
5883.15,5887.9,5882.9,5887.9,314,100,0,2,0.9616373429883059,ASIA,3,0.050423349045863784,day_anchor_std,server_midnight,0,0,0,1,0,0,TREND_STRONG,TREND_STRONG,TREND
5887.65,5888.65,5884.9,5886.4,313,100,0,2,0.9616373429883059,ASIA,3,0.050423349045863784,day_anchor_std,server_midnight,0,0,0,1,0,0,TREND_STRONG,TREND_STRONG,TREND
5886.4,5888.0,5884.65,5887.65,308,100,0,2,0.9882269222117677,ASIA,4,0.23405773463960447,day_anchor_std,server_midnight,0,0,0,1,0,0,TREND_STRONG,TREND_STRONG,TREND
5887.65,5891.9,5887.15,5889.5,391,100,0,2,0.9882269222117677,ASIA,4,0.23405773463960447,day_anchor_std,server_midnight,0,0,0,1,0,0,TREND_STRONG,TREND_STRONG,TREND
5889.5,5892.9,5887.9,5888.65,486,100,0,2,0.9882269222117677,ASIA,4,0.23405773463960447,day_anchor_std,server_midnight,0,0,0,1,0,0,TREND_STRONG,TREND_STRONG,TREND
5888.65,5891.15,5888.0,5889.75,407,100,0,2,0.9882269222117677,ASIA,4,0.23405773463960447,day_anchor_std,server_midnight,0,0,0,1,0,0,TREND_STRONG,TREND_STRONG,TREND
5889.65,5891.4,5886.65,5890.65,549,100,0,2,0.9521289644218539,LONDON,5,0.22751549801868828,day_anchor_std,server_midnight,0,0,0,0,1,0,TREND_STRONG,TREND_STRONG,TREND
5890.75,5896.75,5887.4,5895.15,614,100,0,2,0.9521289644218539,LONDON,5,0.22751549801868828,day_anchor_std,server_midnight,0,0,0,0,1,0,TREND_STRONG,TREND_STRONG,TREND
5895.25,5898.4,5885.4,5885.65,1294,100,0,2,0.9521289644218539,LONDON,5,0.22751549801868828,day_anchor_std,server_midnight,0,0,0,0,1,0,TREND_STRONG,TREND_STRONG,TREND
5885.65,5891.4,5884.4,5890.65,820,100,0,2,0.9521289644218539,LONDON,5,0.22751549801868828,day_anchor_std,server_midnight,0,0,0,0,1,0,TREND_STRONG,TREND_STRONG,TREND
5890.65,5891.9,5883.65,5887.65,1262,100,0,2,0.8757570346286673,LONDON,6,0.4147779451988281,day_anchor_std,server_midnight,0,0,0,0,1,0,TREND_STRONG,TREND_STRONG,TREND
5887.65,5891.4,5884.9,5886.4,968,100,0,2,0.8757570346286673,LONDON,6,0.4147779451988281,day_anchor_std,server_midnight,0,0,0,0,1,0,TREND_STRONG,TREND_STRONG,TREND
5886.4,5888.0,5877.75,5885.4,1297,100,0,2,0.8757570346286673,LONDON,6,0.4147779451988281,day_anchor_std,server_midnight,0,0,0,0,1,0,TREND_STRONG,TREND_STRONG,TREND
5885.4,5886.4,5879.4,5880.15,858,100,0,2,0.8757570346286673,LONDON,6,0.4147779451988281,day_anchor_std,server_midnight,0,0,0,0,1,0,TREND_STRONG,TREND_STRONG,TREND
5879.9,5884.4,5877.4,5883.9,715,100,0,2,0.9624513501680456,LONDON,7,0.5241056016892867,day_anchor_std,server_midnight,0,0,0,0,1,0,TREND_STRONG,TREND_STRONG,TREND
5883.9,5887.65,5883.15,5885.4,542,100,0,2,0.9624513501680456,LONDON,7,0.5241056016892867,day_anchor_std,server_midnight,0,0,0,0,1,0,TREND_STRONG,TREND_STRONG,TREND
5885.25,5900.9,5885.25,5900.65,897,100,0,2,0.9624513501680456,LONDON,7,0.5241056016892867,day_anchor_std,server_midnight,0,0,0,0,1,0,TREND_STRONG,TREND_STRONG,TREND
5900.4,5903.4,5894.75,5896.65,896,100,0,2,0.9624513501680456,LONDON,7,0.5241056016892867,day_anchor_std,server_midnight,0,0,0,0,1,0,TREND_STRONG,TREND_STRONG,TREND
5868.4,5876.5,5867.4,5875.4,582,100,0,1,0.9841140847998419,LONDON,2,0.8228895168370826,day_anchor_std,server_midnight,0,0,1,0,0,0,UNCLASSIFIED,TRANSITION_UNCLASSIFIED,TRANSITION
5875.4,5875.9,5869.75,5871.4,577,100,0,1,0.9841140847998419,LONDON,2,0.8228895168370826,day_anchor_std,server_midnight,0,0,1,0,0,0,UNCLASSIFIED,TRANSITION_UNCLASSIFIED,TRANSITION
5871.4,5874.9,5861.4,5866.75,1386,100,0,1,0.9841140847998419,LONDON,2,0.8228895168370826,day_anchor_std,server_midnight,0,0,1,0,0,0,UNCLASSIFIED,TRANSITION_UNCLASSIFIED,TRANSITION
5866.9,5868.15,5858.15,5858.9,1155,100,0,1,0.9841140847998419,LONDON,2,0.8228895168370826,day_anchor_std,server_midnight,0,0,1,0,0,0,UNCLASSIFIED,TRANSITION_UNCLASSIFIED,TRANSITION
5909.15,5913.5,5906.15,5913.4,819,100,0,1,0.8872379251766078,ASIA,4,0.9771118238785895,day_anchor_std,server_midnight,0,0,1,0,0,0,UNCLASSIFIED,TRANSITION_UNCLASSIFIED,TRANSITION
5913.4,5915.25,5906.15,5906.15,639,100,0,1,0.8872379251766078,ASIA,4,0.9771118238785895,day_anchor_std,server_midnight,0,0,1,0,0,0,UNCLASSIFIED,TRANSITION_UNCLASSIFIED,TRANSITION
5906.15,5906.9,5898.65,5901.15,683,100,0,1,0.8872379251766078,ASIA,4,0.9771118238785895,day_anchor_std,server_midnight,0,0,1,0,0,0,UNCLASSIFIED,TRANSITION_UNCLASSIFIED,TRANSITION
5901.15,5901.4,5890.4,5892.75,846,100,0,1,0.8872379251766078,ASIA,4,0.9771118238785895,day_anchor_std,server_midnight,0,0,1,0,0,0,UNCLASSIFIED,TRANSITION_UNCLASSIFIED,TRANSITION
5896.45,5897.6,5887.35,5890.85,1140,100,0,2,0.43173533289784394,LONDON,3,0.48578190532396925,day_anchor_std,server_midnight,0,0,0,0,1,0,TREND_STRONG,TREND_STRONG,TREND
5890.85,5901.6,5890.85,5901.45,770,100,0,2,0.43173533289784394,LONDON,3,0.48578190532396925,day_anchor_std,server_midnight,0,0,0,0,1,0,TREND_STRONG,TREND_STRONG,TREND
5901.35,5911.85,5901.1,5910.35,733,100,0,2,0.43173533289784394,LONDON,3,0.48578190532396925,day_anchor_std,server_midnight,0,0,0,0,1,0,TREND_STRONG,TREND_STRONG,TREND
5910.35,5916.1,5907.6,5912.85,820,100,0,2,0.43173533289784394,LONDON,3,0.48578190532396925,day_anchor_std,server_midnight,0,0,0,0,1,0,TREND_STRONG,TREND_STRONG,TREND
5912.85,5913.6,5903.1,5909.6,1152,100,0,2,0.47570923328431,NY,4,0.4579148414382994,day_anchor_std,server_midnight,0,0,0,0,1,0,UNCLASSIFIED,TREND_UNCLASSIFIED,TREND
5909.35,5909.35,5899.1,5905.1,1027,100,0,2,0.47570923328431,NY,4,0.4579148414382994,day_anchor_std,server_midnight,0,0,0,0,1,0,UNCLASSIFIED,TREND_UNCLASSIFIED,TREND
5905.1,5906.35,5891.1,5896.6,1275,100,0,2,0.47570923328431,NY,4,0.4579148414382994,day_anchor_std,server_midnight,0,0,0,0,1,0,UNCLASSIFIED,TREND_UNCLASSIFIED,TREND
5897.1,5917.3,5896.85,5910.8,3278,100,0,2,0.47570923328431,NY,4,0.4579148414382994,day_anchor_std,server_midnight,0,0,0,0,1,0,UNCLASSIFIED,TREND_UNCLASSIFIED,TREND
5841.45,5848.6,5839.35,5846.1,619,100,0,2,0.9145554967195545,ASIA,4,0.0035847800481645397,day_anchor_std,server_midnight,0,0,0,1,0,0,UNCLASSIFIED,TREND_UNCLASSIFIED,TREND
5845.95,5845.95,5841.85,5843.85,569,100,0,2,0.9145554967195545,ASIA,4,0.0035847800481645397,day_anchor_std,server_midnight,0,0,0,1,0,0,UNCLASSIFIED,TREND_UNCLASSIFIED,TREND
5843.85,5853.35,5841.85,5849.2,982,100,0,2,0.597854242181857,ASIA,5,0.00772314323926246,day_anchor_std,server_midnight,0,0,0,1,0,0,UNCLASSIFIED,TREND_UNCLASSIFIED,TREND
5849.1,5855.45,5846.6,5854.6,704,100,0,2,0.597854242181857,ASIA,5,0.00772314323926246,day_anchor_std,server_midnight,0,0,0,1,0,0,UNCLASSIFIED,TREND_UNCLASSIFIED,TREND
5854.85,5857.35,5850.35,5851.1,697,100,0,2,0.597854242181857,ASIA,5,0.00772314323926246,day_anchor_std,server_midnight,0,0,0,1,0,0,UNCLASSIFIED,TREND_UNCLASSIFIED,TREND
5851.1,5853.1,5845.85,5846.45,578,100,0,2,0.597854242181857,ASIA,5,0.00772314323926246,day_anchor_std,server_midnight,0,0,0,1,0,0,UNCLASSIFIED,TREND_UNCLASSIFIED,TREND
5850.85,5853.85,5844.7,5852.85,801,100,0,1,0.9978608368729653,LONDON,5,0.9755763876593724,day_anchor_std,server_midnight,0,0,1,0,0,0,UNCLASSIFIED,TRANSITION_UNCLASSIFIED,TRANSITION
5852.85,5853.1,5846.7,5847.85,743,100,0,1,0.9978608368729653,LONDON,5,0.9755763876593724,day_anchor_std,server_midnight,0,0,1,0,0,0,UNCLASSIFIED,TRANSITION_UNCLASSIFIED,TRANSITION
5847.6,5858.1,5842.85,5843.1,1220,100,0,1,0.9978608368729653,LONDON,5,0.9755763876593724,day_anchor_std,server_midnight,0,0,1,0,0,0,UNCLASSIFIED,TRANSITION_UNCLASSIFIED,TRANSITION
5842.95,5846.35,5821.35,5821.35,1472,100,0,1,0.9978608368729653,LONDON,5,0.9755763876593724,day_anchor_std,server_midnight,0,0,1,0,0,0,UNCLASSIFIED,TRANSITION_UNCLASSIFIED,TRANSITION
5871.65,5872.25,5867.15,5870.0,934,100,0,2,0.9841069449091145,NY,3,0.4984821721793931,day_anchor_std,server_midnight,0,0,0,0,1,0,UNCLASSIFIED,TREND_UNCLASSIFIED,TREND
5870.0,5870.15,5860.65,5861.75,1103,100,0,2,0.9841069449091145,NY,3,0.4984821721793931,day_anchor_std,server_midnight,0,0,0,0,1,0,UNCLASSIFIED,TREND_UNCLASSIFIED,TREND
5861.9,5867.9,5857.25,5867.75,965,100,0,2,0.9841069449091145,NY,3,0.4984821721793931,day_anchor_std,server_midnight,0,0,0,0,1,0,UNCLASSIFIED,TREND_UNCLASSIFIED,TREND
5867.75,5874.15,5867.65,5873.4,648,100,0,2,0.9841069449091145,NY,3,0.4984821721793931,day_anchor_std,server_midnight,0,0,0,0,1,0,UNCLASSIFIED,TREND_UNCLASSIFIED,TREND
5873.4,5875.4,5870.9,5871.4,568,100,0,2,0.9791722859474772,NY_PM,4,0.7278203641174011,day_anchor_std,server_midnight,0,0,0,0,1,0,TREND_FRAGILE,TREND_FRAGILE,TREND
5871.4,5878.15,5870.4,5877.15,658,100,0,2,0.9791722859474772,NY_PM,4,0.7278203641174011,day_anchor_std,server_midnight,0,0,0,0,1,0,TREND_FRAGILE,TREND_FRAGILE,TREND
5865.2,5867.3,5862.95,5865.05,457,100,0,2,0.9735958204208159,ASIA,5,0.023746701847052073,day_anchor_std,server_midnight,0,0,0,1,0,0,UNCLASSIFIED,TREND_UNCLASSIFIED,TREND
5865.2,5866.2,5861.95,5865.3,403,100,0,2,0.9735958204208159,ASIA,5,0.023746701847052073,day_anchor_std,server_midnight,0,0,0,1,0,0,UNCLASSIFIED,TREND_UNCLASSIFIED,TREND
5864.95,5866.2,5859.45,5860.7,692,100,0,2,0.7963997761183491,ASIA,6,0.3287876352826665,day_anchor_std,server_midnight,0,0,0,1,0,0,TREND_STRONG,TREND_STRONG,TREND
5860.7,5868.55,5859.7,5868.45,449,100,0,2,0.7963997761183491,ASIA,6,0.3287876352826665,day_anchor_std,server_midnight,0,0,0,1,0,0,TREND_STRONG,TREND_STRONG,TREND
5868.45,5868.45,5856.45,5858.2,651,100,0,2,0.7963997761183491,ASIA,6,0.3287876352826665,day_anchor_std,server_midnight,0,0,0,1,0,0,TREND_STRONG,TREND_STRONG,TREND
5858.2,5859.45,5855.05,5855.45,539,100,0,2,0.7963997761183491,ASIA,6,0.3287876352826665,day_anchor_std,server_midnight,0,0,0,1,0,0,TREND_STRONG,TREND_STRONG,TREND
5861.8,5869.7,5861.7,5869.2,466,100,0,1,0.9283178781099136,LONDON,3,1.9655603014977738,day_anchor_std,server_midnight,0,0,1,0,0,0,UNCLASSIFIED,TRANSITION_UNCLASSIFIED,TRANSITION
5869.05,5872.45,5867.55,5869.45,441,100,0,1,0.9283178781099136,LONDON,3,1.9655603014977738,day_anchor_std,server_midnight,0,0,1,0,0,0,UNCLASSIFIED,TRANSITION_UNCLASSIFIED,TRANSITION
5869.45,5880.8,5867.2,5877.7,989,100,0,1,0.9283178781099136,LONDON,3,1.9655603014977738,day_anchor_std,server_midnight,0,0,1,0,0,0,UNCLASSIFIED,TRANSITION_UNCLASSIFIED,TRANSITION
5877.7,5898.7,5877.3,5892.7,1247,100,0,1,0.9283178781099136,LONDON,3,1.9655603014977738,day_anchor_std,server_midnight,0,0,1,0,0,0,UNCLASSIFIED,TRANSITION_UNCLASSIFIED,TRANSITION
5925.85,5928.35,5924.1,5924.35,273,100,0,2,0.8685156044533651,ASIA,4,0.08095338833651365,day_anchor_std,server_midnight,0,0,0,1,0,0,TREND_FRAGILE,TREND_FRAGILE,TREND
5924.35,5926.85,5923.95,5924.1,257,100,0,2,0.8685156044533651,ASIA,4,0.08095338833651365,day_anchor_std,server_midnight,0,0,0,1,0,0,TREND_FRAGILE,TREND_FRAGILE,TREND
5924.1,5924.1,5921.1,5921.85,495,100,0,2,0.8289656592677541,ASIA,5,0.1855748854105411,day_anchor_std,server_midnight,0,0,0,1,0,0,UNCLASSIFIED,TREND_UNCLASSIFIED,TREND
5921.85,5923.35,5921.1,5922.6,287,100,0,2,0.8289656592677541,ASIA,5,0.1855748854105411,day_anchor_std,server_midnight,0,0,0,1,0,0,UNCLASSIFIED,TREND_UNCLASSIFIED,TREND
5922.85,5925.35,5921.85,5924.35,422,100,0,2,0.8289656592677541,ASIA,5,0.1855748854105411,day_anchor_std,server_midnight,0,0,0,1,0,0,UNCLASSIFIED,TREND_UNCLASSIFIED,TREND
5924.35,5924.6,5920.35,5920.6,369,100,0,2,0.8289656592677541,ASIA,5,0.1855748854105411,day_anchor_std,server_midnight,0,0,0,1,0,0,UNCLASSIFIED,TREND_UNCLASSIFIED,TREND
5920.6,5922.35,5920.1,5921.35,273,100,0,2,0.9083709020213033,ASIA,6,0.35222095518316465,day_anchor_std,server_midnight,0,0,0,1,0,0,UNCLASSIFIED,TREND_UNCLASSIFIED,TREND
5921.35,5922.85,5919.85,5920.1,164,100,0,2,0.9083709020213033,ASIA,6,0.35222095518316465,day_anchor_std,server_midnight,0,0,0,1,0,0,UNCLASSIFIED,TREND_UNCLASSIFIED,TREND
5920.1,5922.85,5919.85,5922.35,142,100,0,2,0.9083709020213033,ASIA,6,0.35222095518316465,day_anchor_std,server_midnight,0,0,0,1,0,0,UNCLASSIFIED,TREND_UNCLASSIFIED,TREND
5922.35,5922.35,5916.1,5916.6,281,100,0,2,0.9083709020213033,ASIA,6,0.35222095518316465,day_anchor_std,server_midnight,0,0,0,1,0,0,UNCLASSIFIED,TREND_UNCLASSIFIED,TREND
5916.6,5917.35,5915.6,5916.35,190,100,0,2,0.8427514502254025,ASIA,7,0.3140795982626368,day_anchor_std,server_midnight,0,0,0,1,0,0,UNCLASSIFIED,TREND_UNCLASSIFIED,TREND
5916.35,5916.85,5914.85,5915.1,174,100,0,2,0.8427514502254025,ASIA,7,0.3140795982626368,day_anchor_std,server_midnight,0,0,0,1,0,0,UNCLASSIFIED,TREND_UNCLASSIFIED,TREND
5915.1,5919.1,5913.85,5914.35,301,100,0,2,0.8427514502254025,ASIA,7,0.3140795982626368,day_anchor_std,server_midnight,0,0,0,1,0,0,UNCLASSIFIED,TREND_UNCLASSIFIED,TREND
5914.35,5918.85,5914.1,5916.6,246,100,0,2,0.8427514502254025,ASIA,7,0.3140795982626368,day_anchor_std,server_midnight,0,0,0,1,0,0,UNCLASSIFIED,TREND_UNCLASSIFIED,TREND
5898.65,5900.4,5896.15,5897.65,567,100,0,2,0.8817993656986556,ASIA,3,0.17188868748981687,day_anchor_std,server_midnight,0,0,0,1,0,0,TREND_STRONG,TREND_STRONG,TREND
5897.65,5901.65,5897.65,5900.9,386,100,0,2,0.8817993656986556,ASIA,3,0.17188868748981687,day_anchor_std,server_midnight,0,0,0,1,0,0,TREND_STRONG,TREND_STRONG,TREND
5900.9,5901.9,5896.15,5896.65,442,100,0,2,0.8817993656986556,ASIA,3,0.17188868748981687,day_anchor_std,server_midnight,0,0,0,1,0,0,TREND_STRONG,TREND_STRONG,TREND
5896.65,5898.65,5895.9,5898.65,369,100,0,2,0.8817993656986556,ASIA,3,0.17188868748981687,day_anchor_std,server_midnight,0,0,0,1,0,0,TREND_STRONG,TREND_STRONG,TREND
5898.65,5900.75,5897.4,5898.65,335,100,0,2,0.5543847978348693,ASIA,4,0.4668324469544592,day_anchor_std,server_midnight,0,0,0,1,0,0,TREND_STRONG,TREND_STRONG,TREND
5898.65,5899.4,5895.65,5898.9,297,100,0,2,0.5543847978348693,ASIA,4,0.4668324469544592,day_anchor_std,server_midnight,0,0,0,1,0,0,TREND_STRONG,TREND_STRONG,TREND
5898.9,5905.15,5898.65,5904.15,490,100,0,2,0.5543847978348693,ASIA,4,0.4668324469544592,day_anchor_std,server_midnight,0,0,0,1,0,0,TREND_STRONG,TREND_STRONG,TREND
5904.15,5911.75,5903.65,5906.75,689,100,0,2,0.5543847978348693,ASIA,4,0.4668324469544592,day_anchor_std,server_midnight,0,0,0,1,0,0,TREND_STRONG,TREND_STRONG,TREND
5906.65,5909.0,5900.15,5900.4,1077,100,0,2,0.7414182570887502,LONDON,5,0.239212255779185,day_anchor_std,server_midnight,0,0,0,0,1,0,TREND_STRONG,TREND_STRONG,TREND
5900.4,5901.5,5895.65,5895.65,1030,100,0,2,0.7414182570887502,LONDON,5,0.239212255779185,day_anchor_std,server_midnight,0,0,0,0,1,0,TREND_STRONG,TREND_STRONG,TREND
5895.65,5901.65,5891.4,5900.0,1595,100,0,2,0.7414182570887502,LONDON,5,0.239212255779185,day_anchor_std,server_midnight,0,0,0,0,1,0,TREND_STRONG,TREND_STRONG,TREND
5900.0,5905.9,5898.15,5902.15,1147,100,0,2,0.7414182570887502,LONDON,5,0.239212255779185,day_anchor_std,server_midnight,0,0,0,0,1,0,TREND_STRONG,TREND_STRONG,TREND
5909.55,5927.05,5905.4,5925.15,1809,100,0,1,0.5843635782067629,NY_PM,1,1.7735654447890863,day_anchor_std,server_midnight,0,0,1,0,0,0,UNCLASSIFIED,TRANSITION_UNCLASSIFIED,TRANSITION
5925.15,5929.85,5921.95,5928.8,1051,100,0,1,0.5843635782067629,NY_PM,1,1.7735654447890863,day_anchor_std,server_midnight,0,0,1,0,0,0,UNCLASSIFIED,TRANSITION_UNCLASSIFIED,TRANSITION
5928.8,5937.25,5927.55,5934.0,1109,100,0,1,0.5843635782067629,NY_PM,1,1.7735654447890863,day_anchor_std,server_midnight,0,0,1,0,0,0,UNCLASSIFIED,TRANSITION_UNCLASSIFIED,TRANSITION
5934.25,5938.1,5926.55,5936.35,1518,100,0,1,0.5843635782067629,NY_PM,1,1.7735654447890863,day_anchor_std,server_midnight,0,0,1,0,0,0,UNCLASSIFIED,TRANSITION_UNCLASSIFIED,TRANSITION
5925.15,5926.4,5921.65,5922.4,590,100,0,2,0.7842045283962453,ASIA,3,0.2514693534844733,day_anchor_std,server_midnight,0,0,0,1,0,0,UNCLASSIFIED,TREND_UNCLASSIFIED,TREND
5922.4,5925.65,5921.9,5923.65,350,100,0,2,0.7842045283962453,ASIA,3,0.2514693534844733,day_anchor_std,server_midnight,0,0,0,1,0,0,UNCLASSIFIED,TREND_UNCLASSIFIED,TREND
5923.65,5925.9,5922.4,5924.9,417,100,0,2,0.7842045283962453,ASIA,3,0.2514693534844733,day_anchor_std,server_midnight,0,0,0,1,0,0,UNCLASSIFIED,TREND_UNCLASSIFIED,TREND
5924.75,5925.4,5921.65,5922.9,429,100,0,2,0.7842045283962453,ASIA,3,0.2514693534844733,day_anchor_std,server_midnight,0,0,0,1,0,0,UNCLASSIFIED,TREND_UNCLASSIFIED,TREND
5922.9,5923.75,5914.4,5914.9,397,100,0,2,0.598846844982335,ASIA,4,0.5520545421043301,day_anchor_std,server_midnight,0,0,0,1,0,0,UNCLASSIFIED,TREND_UNCLASSIFIED,TREND
5914.9,5918.9,5912.15,5917.5,446,100,0,2,0.598846844982335,ASIA,4,0.5520545421043301,day_anchor_std,server_midnight,0,0,0,1,0,0,UNCLASSIFIED,TREND_UNCLASSIFIED,TREND
5917.5,5917.5,5910.9,5911.4,250,100,0,2,0.598846844982335,ASIA,4,0.5520545421043301,day_anchor_std,server_midnight,0,0,0,1,0,0,UNCLASSIFIED,TREND_UNCLASSIFIED,TREND
5911.4,5916.65,5911.0,5915.15,344,100,0,2,0.598846844982335,ASIA,4,0.5520545421043301,day_anchor_std,server_midnight,0,0,0,1,0,0,UNCLASSIFIED,TREND_UNCLASSIFIED,TREND
5935.6,5948.8,5928.15,5948.8,2622,100,0,1,0.9987076514138655,NY,6,1.8722476923761588,day_anchor_std,server_midnight,0,0,1,0,0,0,UNCLASSIFIED,TRANSITION_UNCLASSIFIED,TRANSITION
5948.3,5954.15,5941.55,5953.65,1640,100,0,1,0.9987076514138655,NY,6,1.8722476923761588,day_anchor_std,server_midnight,0,0,1,0,0,0,UNCLASSIFIED,TRANSITION_UNCLASSIFIED,TRANSITION
5953.9,5961.55,5953.6,5959.75,1266,100,0,1,0.9987076514138655,NY,6,1.8722476923761588,day_anchor_std,server_midnight,0,0,1,0,0,0,UNCLASSIFIED,TRANSITION_UNCLASSIFIED,TRANSITION
5959.5,5966.85,5958.25,5966.35,1071,100,0,1,0.9987076514138655,NY,6,1.8722476923761588,day_anchor_std,server_midnight,0,0,1,0,0,0,UNCLASSIFIED,TRANSITION_UNCLASSIFIED,TRANSITION
5970.4,5975.65,5970.0,5975.25,510,100,0,2,0.9848104911482687,ASIA,4,0.017689331122090434,day_anchor_std,server_midnight,0,0,0,1,0,0,TREND_STRONG,TREND_STRONG,TREND
5975.25,5977.5,5974.4,5974.4,303,100,0,2,0.9848104911482687,ASIA,4,0.017689331122090434,day_anchor_std,server_midnight,0,0,0,1,0,0,TREND_STRONG,TREND_STRONG,TREND
5974.4,5976.65,5971.25,5976.0,394,100,0,2,0.9848104911482687,ASIA,4,0.017689331122090434,day_anchor_std,server_midnight,0,0,0,1,0,0,TREND_STRONG,TREND_STRONG,TREND
5976.0,5976.9,5971.75,5974.15,537,100,0,2,0.9848104911482687,ASIA,4,0.017689331122090434,day_anchor_std,server_midnight,0,0,0,1,0,0,TREND_STRONG,TREND_STRONG,TREND
5973.9,5978.4,5971.5,5973.4,979,100,0,2,0.9548197166690855,ASIA,5,0.20577737688266387,day_anchor_std,server_midnight,0,0,0,1,0,0,TREND_STRONG,TREND_STRONG,TREND
5973.4,5977.15,5972.4,5973.15,629,100,0,2,0.9548197166690855,ASIA,5,0.20577737688266387,day_anchor_std,server_midnight,0,0,0,1,0,0,TREND_STRONG,TREND_STRONG,TREND
5973.15,5975.4,5972.65,5974.25,432,100,0,2,0.9548197166690855,ASIA,5,0.20577737688266387,day_anchor_std,server_midnight,0,0,0,1,0,0,TREND_STRONG,TREND_STRONG,TREND
5974.4,5974.4,5967.15,5969.4,580,100,0,2,0.9548197166690855,ASIA,5,0.20577737688266387,day_anchor_std,server_midnight,0,0,0,1,0,0,TREND_STRONG,TREND_STRONG,TREND
5969.4,5969.4,5965.9,5967.9,368,100,0,2,0.9527843398847917,ASIA,6,0.30235668133186133,day_anchor_std,server_midnight,0,0,0,1,0,0,TREND_STRONG,TREND_STRONG,TREND
5967.9,5969.65,5966.15,5966.15,256,100,0,2,0.9527843398847917,ASIA,6,0.30235668133186133,day_anchor_std,server_midnight,0,0,0,1,0,0,TREND_STRONG,TREND_STRONG,TREND
5966.15,5967.9,5965.9,5966.65,228,100,0,2,0.9527843398847917,ASIA,6,0.30235668133186133,day_anchor_std,server_midnight,0,0,0,1,0,0,TREND_STRONG,TREND_STRONG,TREND
5966.65,5967.65,5965.15,5967.4,207,100,0,2,0.9527843398847917,ASIA,6,0.30235668133186133,day_anchor_std,server_midnight,0,0,0,1,0,0,TREND_STRONG,TREND_STRONG,TREND
5967.4,5970.4,5965.65,5969.4,220,100,0,2,0.9849443275142644,ASIA,7,0.10024603617189823,day_anchor_std,server_midnight,0,0,0,1,0,0,TREND_STRONG,TREND_STRONG,TREND
5969.4,5969.65,5966.4,5966.4,146,100,0,2,0.9849443275142644,ASIA,7,0.10024603617189823,day_anchor_std,server_midnight,0,0,0,1,0,0,TREND_STRONG,TREND_STRONG,TREND
5966.4,5969.65,5965.9,5969.65,248,100,0,2,0.9849443275142644,ASIA,7,0.10024603617189823,day_anchor_std,server_midnight,0,0,0,1,0,0,TREND_STRONG,TREND_STRONG,TREND
5969.65,5970.4,5967.9,5970.15,230,100,0,2,0.9849443275142644,ASIA,7,0.10024603617189823,day_anchor_std,server_midnight,0,0,0,1,0,0,TREND_STRONG,TREND_STRONG,TREND
5970.15,5974.9,5968.4,5969.25,576,100,0,2,0.999053903765234,LONDON,8,0.5081420748640055,day_anchor_std,server_midnight,0,0,0,0,1,0,TREND_STRONG,TREND_STRONG,TREND
5969.4,5972.9,5967.65,5971.15,458,100,0,2,0.999053903765234,LONDON,8,0.5081420748640055,day_anchor_std,server_midnight,0,0,0,0,1,0,TREND_STRONG,TREND_STRONG,TREND
5971.15,5973.0,5967.9,5972.65,1041,100,0,2,0.999053903765234,LONDON,8,0.5081420748640055,day_anchor_std,server_midnight,0,0,0,0,1,0,TREND_STRONG,TREND_STRONG,TREND
5972.9,5979.75,5972.4,5979.5,639,100,0,2,0.999053903765234,LONDON,8,0.5081420748640055,day_anchor_std,server_midnight,0,0,0,0,1,0,TREND_STRONG,TREND_STRONG,TREND
5979.65,5986.15,5978.9,5982.15,766,100,0,2,0.9986768321108114,LONDON,9,0.651567754932555,day_anchor_std,server_midnight,0,0,0,0,1,0,TREND_STRONG,TREND_STRONG,TREND
5981.9,5984.5,5978.65,5979.15,531,100,0,2,0.9986768321108114,LONDON,9,0.651567754932555,day_anchor_std,server_midnight,0,0,0,0,1,0,TREND_STRONG,TREND_STRONG,TREND
5979.15,5983.9,5978.4,5983.15,641,100,0,2,0.9986768321108114,LONDON,9,0.651567754932555,day_anchor_std,server_midnight,0,0,0,0,1,0,TREND_STRONG,TREND_STRONG,TREND
5983.15,5984.9,5981.65,5982.65,376,100,0,2,0.9986768321108114,LONDON,9,0.651567754932555,day_anchor_std,server_midnight,0,0,0,0,1,0,TREND_STRONG,TREND_STRONG,TREND
5982.65,5987.15,5979.15,5981.4,732,100,0,2,0.9994909286188106,LONDON,10,0.6800854446716186,day_anchor_std,server_midnight,0,0,0,0,1,0,TREND_STRONG,TREND_STRONG,TREND
5981.4,5984.9,5979.15,5984.65,467,100,0,2,0.9994909286188106,LONDON,10,0.6800854446716186,day_anchor_std,server_midnight,0,0,0,0,1,0,TREND_STRONG,TREND_STRONG,TREND
5984.5,5984.9,5979.65,5980.15,575,100,0,2,0.9994909286188106,LONDON,10,0.6800854446716186,day_anchor_std,server_midnight,0,0,0,0,1,0,TREND_STRONG,TREND_STRONG,TREND
5980.15,5985.4,5979.4,5983.4,335,100,0,2,0.9994909286188106,LONDON,10,0.6800854446716186,day_anchor_std,server_midnight,0,0,0,0,1,0,TREND_STRONG,TREND_STRONG,TREND
5983.65,5986.9,5964.65,5968.9,1452,100,0,2,0.883042361064056,NY,11,0.7171209401454427,day_anchor_std,server_midnight,0,0,0,0,1,0,TREND_STRONG,TREND_STRONG,TREND
5968.9,5973.65,5966.0,5972.5,1339,100,0,2,0.883042361064056,NY,11,0.7171209401454427,day_anchor_std,server_midnight,0,0,0,0,1,0,TREND_STRONG,TREND_STRONG,TREND
5972.5,5979.9,5970.9,5979.65,866,100,0,2,0.883042361064056,NY,11,0.7171209401454427,day_anchor_std,server_midnight,0,0,0,0,1,0,TREND_STRONG,TREND_STRONG,TREND
5979.5,5989.15,5978.15,5985.85,2394,100,0,2,0.883042361064056,NY,11,0.7171209401454427,day_anchor_std,server_midnight,0,0,0,0,1,0,TREND_STRONG,TREND_STRONG,TREND
5965.9,5969.9,5964.0,5969.9,540,100,0,0,0.9510205901038228,ASIA,3,0.15949547350219784,day_anchor_std,server_midnight,1,0,0,0,0,0,BALANCE_LEAKING,BALANCE_LEAKING,BALANCE
5969.9,5971.9,5966.9,5967.15,301,100,0,0,0.9510205901038228,ASIA,3,0.15949547350219784,day_anchor_std,server_midnight,1,0,0,0,0,0,BALANCE_LEAKING,BALANCE_LEAKING,BALANCE
5967.15,5968.9,5964.25,5965.65,291,100,0,0,0.9510205901038228,ASIA,3,0.15949547350219784,day_anchor_std,server_midnight,1,0,0,0,0,0,BALANCE_LEAKING,BALANCE_LEAKING,BALANCE
5965.65,5966.9,5964.15,5965.15,297,100,0,0,0.9510205901038228,ASIA,3,0.15949547350219784,day_anchor_std,server_midnight,1,0,0,0,0,0,BALANCE_LEAKING,BALANCE_LEAKING,BALANCE
5965.15,5970.9,5964.65,5970.65,514,100,0,0,0.9945145977254612,ASIA,4,0.13999622025825176,day_anchor_std,server_midnight,1,0,0,0,0,0,BALANCE_COMPRESSING,BALANCE_COMPRESSING,BALANCE
5970.9,5971.9,5966.9,5967.4,381,100,0,0,0.9945145977254612,ASIA,4,0.13999622025825176,day_anchor_std,server_midnight,1,0,0,0,0,0,BALANCE_COMPRESSING,BALANCE_COMPRESSING,BALANCE
5967.4,5968.65,5964.4,5965.9,319,100,0,0,0.9945145977254612,ASIA,4,0.13999622025825176,day_anchor_std,server_midnight,1,0,0,0,0,0,BALANCE_COMPRESSING,BALANCE_COMPRESSING,BALANCE
5965.9,5969.65,5964.9,5969.4,346,100,0,0,0.9945145977254612,ASIA,4,0.13999622025825176,day_anchor_std,server_midnight,1,0,0,0,0,0,BALANCE_COMPRESSING,BALANCE_COMPRESSING,BALANCE
5952.4,5971.5,5951.15,5971.15,3332,100,0,1,0.942312205800993,NY,1,1.3160196912714968,day_anchor_std,server_midnight,0,0,1,0,0,0,UNCLASSIFIED,TRANSITION_UNCLASSIFIED,TRANSITION
5971.25,5985.35,5950.05,5982.5,4122,100,0,1,0.942312205800993,NY,1,1.3160196912714968,day_anchor_std,server_midnight,0,0,1,0,0,0,UNCLASSIFIED,TRANSITION_UNCLASSIFIED,TRANSITION
5982.6,5996.85,5980.45,5996.2,2176,100,0,1,0.942312205800993,NY,1,1.3160196912714968,day_anchor_std,server_midnight,0,0,1,0,0,0,UNCLASSIFIED,TRANSITION_UNCLASSIFIED,TRANSITION
5996.2,5998.85,5991.5,5997.45,1650,100,0,1,0.942312205800993,NY,1,1.3160196912714968,day_anchor_std,server_midnight,0,0,1,0,0,0,UNCLASSIFIED,TRANSITION_UNCLASSIFIED,TRANSITION
5967.9,5969.65,5940.8,5962.85,2816,100,0,1,0.9932435278194071,NY_PM,3,1.270922861165414,day_anchor_std,server_midnight,0,0,1,0,0,0,UNCLASSIFIED,TRANSITION_UNCLASSIFIED,TRANSITION
5962.85,5970.5,5960.3,5961.95,2352,100,0,1,0.9932435278194071,NY_PM,3,1.270922861165414,day_anchor_std,server_midnight,0,0,1,0,0,0,UNCLASSIFIED,TRANSITION_UNCLASSIFIED,TRANSITION
5961.95,5964.65,5920.05,5933.75,4138,100,0,1,0.9932435278194071,NY_PM,3,1.270922861165414,day_anchor_std,server_midnight,0,0,1,0,0,0,UNCLASSIFIED,TRANSITION_UNCLASSIFIED,TRANSITION
5934.5,5956.55,5931.3,5939.05,4809,100,0,1,0.9932435278194071,NY_PM,3,1.270922861165414,day_anchor_std,server_midnight,0,0,1,0,0,0,UNCLASSIFIED,TRANSITION_UNCLASSIFIED,TRANSITION
5962.4,5967.15,5961.65,5964.85,1115,100,0,1,0.9603375031019195,NY,1,2.1293487398892226,day_anchor_std,server_midnight,0,0,1,0,0,0,UNCLASSIFIED,TRANSITION_UNCLASSIFIED,TRANSITION
5964.85,5989.9,5964.85,5986.15,2692,100,0,1,0.9603375031019195,NY,1,2.1293487398892226,day_anchor_std,server_midnight,0,0,1,0,0,0,UNCLASSIFIED,TRANSITION_UNCLASSIFIED,TRANSITION
5986.0,5999.65,5982.9,5995.0,1459,100,0,1,0.9603375031019195,NY,1,2.1293487398892226,day_anchor_std,server_midnight,0,0,1,0,0,0,UNCLASSIFIED,TRANSITION_UNCLASSIFIED,TRANSITION
5995.25,6017.4,5992.9,6012.4,3390,100,0,1,0.9603375031019195,NY,1,2.1293487398892226,day_anchor_std,server_midnight,0,0,1,0,0,0,UNCLASSIFIED,TRANSITION_UNCLASSIFIED,TRANSITION
6006.95,6008.8,6002.15,6006.4,865,100,0,1,0.6450292666101911,NY_PM,1,1.2421920809770153,day_anchor_std,server_midnight,0,0,1,0,0,0,UNCLASSIFIED,TRANSITION_UNCLASSIFIED,TRANSITION
6006.4,6019.5,6006.4,6015.3,806,100,0,1,0.6450292666101911,NY_PM,1,1.2421920809770153,day_anchor_std,server_midnight,0,0,1,0,0,0,UNCLASSIFIED,TRANSITION_UNCLASSIFIED,TRANSITION
6015.45,6019.65,6009.5,6016.9,1110,100,0,1,0.6450292666101911,NY_PM,1,1.2421920809770153,day_anchor_std,server_midnight,0,0,1,0,0,0,UNCLASSIFIED,TRANSITION_UNCLASSIFIED,TRANSITION
6016.9,6020.8,6014.1,6018.1,860,100,0,1,0.6450292666101911,NY_PM,1,1.2421920809770153,day_anchor_std,server_midnight,0,0,1,0,0,0,UNCLASSIFIED,TRANSITION_UNCLASSIFIED,TRANSITION
6006.0,6011.75,6005.75,6008.75,631,100,0,0,0.9714702571113037,LONDON,2,0.11197331809456665,day_anchor_std,server_midnight,1,0,0,0,0,0,UNCLASSIFIED,BALANCE_UNCLASSIFIED,BALANCE
6008.75,6010.25,6006.85,6009.6,680,100,0,0,0.9714702571113037,LONDON,2,0.11197331809456665,day_anchor_std,server_midnight,1,0,0,0,0,0,UNCLASSIFIED,BALANCE_UNCLASSIFIED,BALANCE
6010.0,6010.6,6001.75,6005.75,894,100,0,0,0.9714702571113037,LONDON,2,0.11197331809456665,day_anchor_std,server_midnight,1,0,0,0,0,0,UNCLASSIFIED,BALANCE_UNCLASSIFIED,BALANCE
6005.75,6013.25,6005.25,6013.25,822,100,0,0,0.9714702571113037,LONDON,2,0.11197331809456665,day_anchor_std,server_midnight,1,0,0,0,0,0,UNCLASSIFIED,BALANCE_UNCLASSIFIED,BALANCE
6013.1,6014.75,6011.1,6013.75,696,100,0,0,0.95780563581078,NY,3,0.1557510501698837,day_anchor_std,server_midnight,1,0,0,0,0,0,BALANCE_LEAKING,BALANCE_LEAKING,BALANCE
6013.75,6016.25,6011.75,6013.0,565,100,0,0,0.95780563581078,NY,3,0.1557510501698837,day_anchor_std,server_midnight,1,0,0,0,0,0,BALANCE_LEAKING,BALANCE_LEAKING,BALANCE
6013.0,6014.75,6008.5,6010.25,772,100,0,0,0.95780563581078,NY,3,0.1557510501698837,day_anchor_std,server_midnight,1,0,0,0,0,0,BALANCE_LEAKING,BALANCE_LEAKING,BALANCE
6011.25,6019.5,6009.85,6014.0,2616,100,0,0,0.95780563581078,NY,3,0.1557510501698837,day_anchor_std,server_midnight,1,0,0,0,0,0,BALANCE_LEAKING,BALANCE_LEAKING,BALANCE
6004.4,6007.4,6003.65,6006.4,313,100,0,0,0.5758058680052343,ASIA,2,0.06799224577561884,day_anchor_std,server_midnight,1,0,0,0,0,0,BALANCE_LEAKING,BALANCE_LEAKING,BALANCE
6006.4,6008.65,6003.0,6008.65,264,100,0,0,0.5758058680052343,ASIA,2,0.06799224577561884,day_anchor_std,server_midnight,1,0,0,0,0,0,BALANCE_LEAKING,BALANCE_LEAKING,BALANCE
6008.5,6010.15,6005.9,6009.15,303,100,0,0,0.5758058680052343,ASIA,2,0.06799224577561884,day_anchor_std,server_midnight,1,0,0,0,0,0,BALANCE_LEAKING,BALANCE_LEAKING,BALANCE
6009.15,6010.65,6002.65,6008.65,603,100,0,0,0.5758058680052343,ASIA,2,0.06799224577561884,day_anchor_std,server_midnight,1,0,0,0,0,0,BALANCE_LEAKING,BALANCE_LEAKING,BALANCE
6010.75,6011.25,5961.75,5965.4,4759,100,0,1,0.9719464143589566,ASIA,1,0.9271970798958672,day_anchor_std,server_midnight,0,0,1,0,0,0,UNCLASSIFIED,TRANSITION_UNCLASSIFIED,TRANSITION
5965.4,5970.4,5946.15,5955.5,3841,100,0,1,0.9719464143589566,ASIA,1,0.9271970798958672,day_anchor_std,server_midnight,0,0,1,0,0,0,UNCLASSIFIED,TRANSITION_UNCLASSIFIED,TRANSITION
5955.5,5957.0,5933.9,5944.0,3100,100,0,1,0.9719464143589566,ASIA,1,0.9271970798958672,day_anchor_std,server_midnight,0,0,1,0,0,0,UNCLASSIFIED,TRANSITION_UNCLASSIFIED,TRANSITION
5943.9,5962.4,5936.25,5962.15,2580,100,0,1,0.9719464143589566,ASIA,1,0.9271970798958672,day_anchor_std,server_midnight,0,0,1,0,0,0,UNCLASSIFIED,TRANSITION_UNCLASSIFIED,TRANSITION
5970.15,5981.9,5969.4,5975.0,1813,100,0,0,0.7464298419380283,LONDON,2,0.11446308662384547,day_anchor_std,server_midnight,1,0,0,0,0,0,BALANCE_LEAKING,BALANCE_LEAKING,BALANCE
5975.0,5976.15,5966.0,5970.9,1576,100,0,0,0.7464298419380283,LONDON,2,0.11446308662384547,day_anchor_std,server_midnight,1,0,0,0,0,0,BALANCE_LEAKING,BALANCE_LEAKING,BALANCE
5970.9,5981.15,5964.9,5977.15,2131,100,0,0,0.7464298419380283,LONDON,2,0.11446308662384547,day_anchor_std,server_midnight,1,0,0,0,0,0,BALANCE_LEAKING,BALANCE_LEAKING,BALANCE
5977.15,5978.9,5970.9,5975.15,1447,100,0,0,0.7464298419380283,LONDON,2,0.11446308662384547,day_anchor_std,server_midnight,1,0,0,0,0,0,BALANCE_LEAKING,BALANCE_LEAKING,BALANCE
6014.4,6020.6,6012.1,6018.6,938,100,0,1,0.6608095793696062,NY,1,2.1888191810135424,day_anchor_std,server_midnight,0,0,1,0,0,0,UNCLASSIFIED,TRANSITION_UNCLASSIFIED,TRANSITION
6018.6,6020.1,6013.8,6014.1,747,100,0,1,0.6608095793696062,NY,1,2.1888191810135424,day_anchor_std,server_midnight,0,0,1,0,0,0,UNCLASSIFIED,TRANSITION_UNCLASSIFIED,TRANSITION
6014.1,6016.4,6010.4,6010.9,1117,100,0,1,0.6608095793696062,NY,1,2.1888191810135424,day_anchor_std,server_midnight,0,0,1,0,0,0,UNCLASSIFIED,TRANSITION_UNCLASSIFIED,TRANSITION
6010.8,6041.0,6010.1,6037.6,3344,100,0,1,0.6608095793696062,NY,1,2.1888191810135424,day_anchor_std,server_midnight,0,0,1,0,0,0,UNCLASSIFIED,TRANSITION_UNCLASSIFIED,TRANSITION
5949.7,5953.9,5944.9,5948.5,891,100,0,1,0.9968044101383249,NY,5,1.5929489352676032,day_anchor_std,server_midnight,0,0,1,0,0,0,UNCLASSIFIED,TRANSITION_UNCLASSIFIED,TRANSITION
5948.5,5950.1,5935.6,5938.6,1083,100,0,1,0.9968044101383249,NY,5,1.5929489352676032,day_anchor_std,server_midnight,0,0,1,0,0,0,UNCLASSIFIED,TRANSITION_UNCLASSIFIED,TRANSITION
5938.4,5944.7,5933.6,5944.5,1021,100,0,1,0.9968044101383249,NY,5,1.5929489352676032,day_anchor_std,server_midnight,0,0,1,0,0,0,UNCLASSIFIED,TRANSITION_UNCLASSIFIED,TRANSITION
5944.6,5945.0,5916.2,5924.0,2209,100,0,1,0.9968044101383249,NY,5,1.5929489352676032,day_anchor_std,server_midnight,0,0,1,0,0,0,UNCLASSIFIED,TRANSITION_UNCLASSIFIED,TRANSITION
5962.3,5974.1,5961.2,5967.9,1046,100,0,0,0.9448549628775486,ASIA,2,0.0783636744088503,day_anchor_std,server_midnight,1,0,0,0,0,0,BALANCE_LEAKING,BALANCE_LEAKING,BALANCE
5967.9,5968.7,5962.4,5964.1,800,100,0,0,0.9448549628775486,ASIA,2,0.0783636744088503,day_anchor_std,server_midnight,1,0,0,0,0,0,BALANCE_LEAKING,BALANCE_LEAKING,BALANCE
5964.1,5966.2,5952.8,5957.1,1041,100,0,0,0.9448549628775486,ASIA,2,0.0783636744088503,day_anchor_std,server_midnight,1,0,0,0,0,0,BALANCE_LEAKING,BALANCE_LEAKING,BALANCE
5957.1,5960.2,5952.8,5958.6,866,100,0,0,0.9448549628775486,ASIA,2,0.0783636744088503,day_anchor_std,server_midnight,1,0,0,0,0,0,BALANCE_LEAKING,BALANCE_LEAKING,BALANCE
5945.5,5949.3,5945.0,5948.0,554,100,0,0,0.9124296106364755,ASIA,2,0.3410106085985432,day_anchor_std,server_midnight,1,0,0,0,0,0,BALANCE_LEAKING,BALANCE_LEAKING,BALANCE
5948.0,5951.5,5947.3,5949.3,488,100,0,0,0.9124296106364755,ASIA,2,0.3410106085985432,day_anchor_std,server_midnight,1,0,0,0,0,0,BALANCE_LEAKING,BALANCE_LEAKING,BALANCE
5949.3,5951.0,5948.5,5949.4,355,100,0,0,0.9124296106364755,ASIA,2,0.3410106085985432,day_anchor_std,server_midnight,1,0,0,0,0,0,BALANCE_LEAKING,BALANCE_LEAKING,BALANCE
5949.5,5952.3,5949.3,5951.0,368,100,0,0,0.9124296106364755,ASIA,2,0.3410106085985432,day_anchor_std,server_midnight,1,0,0,0,0,0,BALANCE_LEAKING,BALANCE_LEAKING,BALANCE
6091.05,6091.05,6085.6,6089.1,653,100,0,2,0.9758862081715265,ASIA,3,0.12771503040836432,day_anchor_std,server_midnight,0,0,0,1,0,0,TREND_FRAGILE,TREND_FRAGILE,TREND
6089.1,6089.4,6086.1,6087.9,282,100,0,2,0.9758862081715265,ASIA,3,0.12771503040836432,day_anchor_std,server_midnight,0,0,0,1,0,0,TREND_FRAGILE,TREND_FRAGILE,TREND
6087.9,6091.0,6085.75,6088.4,288,100,0,2,0.9758862081715265,ASIA,3,0.12771503040836432,day_anchor_std,server_midnight,0,0,0,1,0,0,TREND_FRAGILE,TREND_FRAGILE,TREND
6088.4,6094.3,6087.4,6093.1,336,100,0,2,0.9758862081715265,ASIA,3,0.12771503040836432,day_anchor_std,server_midnight,0,0,0,1,0,0,TREND_FRAGILE,TREND_FRAGILE,TREND
6093.1,6095.6,6091.4,6095.1,639,100,0,2,0.5192123536576372,ASIA,4,0.09630835383966006,day_anchor_std,server_midnight,0,0,0,1,0,0,UNCLASSIFIED,TREND_UNCLASSIFIED,TREND
6095.1,6095.6,6091.1,6094.6,380,100,0,2,0.5192123536576372,ASIA,4,0.09630835383966006,day_anchor_std,server_midnight,0,0,0,1,0,0,UNCLASSIFIED,TREND_UNCLASSIFIED,TREND
6094.6,6094.6,6088.9,6088.9,327,100,0,2,0.5192123536576372,ASIA,4,0.09630835383966006,day_anchor_std,server_midnight,0,0,0,1,0,0,UNCLASSIFIED,TREND_UNCLASSIFIED,TREND
6088.8,6090.9,6087.6,6088.9,372,100,0,2,0.5192123536576372,ASIA,4,0.09630835383966006,day_anchor_std,server_midnight,0,0,0,1,0,0,UNCLASSIFIED,TREND_UNCLASSIFIED,TREND
6088.9,6089.4,6087.5,6088.6,229,100,0,2,0.7697789998911877,ASIA,5,0.007479738017287721,day_anchor_std,server_midnight,0,0,0,1,0,0,TREND_STRONG,TREND_STRONG,TREND
6088.6,6090.1,6088.5,6089.4,202,100,0,2,0.7697789998911877,ASIA,5,0.007479738017287721,day_anchor_std,server_midnight,0,0,0,1,0,0,TREND_STRONG,TREND_STRONG,TREND
6089.4,6093.1,6089.4,6092.6,190,100,0,2,0.7697789998911877,ASIA,5,0.007479738017287721,day_anchor_std,server_midnight,0,0,0,1,0,0,TREND_STRONG,TREND_STRONG,TREND
6092.6,6093.4,6090.1,6090.4,182,100,0,2,0.7697789998911877,ASIA,5,0.007479738017287721,day_anchor_std,server_midnight,0,0,0,1,0,0,TREND_STRONG,TREND_STRONG,TREND
6090.4,6093.3,6090.1,6093.1,124,100,0,2,0.6155999726031266,ASIA,6,0.3177631535981003,day_anchor_std,server_midnight,0,0,0,1,0,0,UNCLASSIFIED,TREND_UNCLASSIFIED,TREND
6093.1,6094.9,6092.9,6094.8,99,100,0,2,0.6155999726031266,ASIA,6,0.3177631535981003,day_anchor_std,server_midnight,0,0,0,1,0,0,UNCLASSIFIED,TREND_UNCLASSIFIED,TREND
6094.8,6096.9,6093.6,6096.1,210,100,0,2,0.6155999726031266,ASIA,6,0.3177631535981003,day_anchor_std,server_midnight,0,0,0,1,0,0,UNCLASSIFIED,TREND_UNCLASSIFIED,TREND
6096.1,6096.6,6095.1,6095.4,212,100,0,2,0.6155999726031266,ASIA,6,0.3177631535981003,day_anchor_std,server_midnight,0,0,0,1,0,0,UNCLASSIFIED,TREND_UNCLASSIFIED,TREND
6145.1,6152.6,6142.8,6150.6,835,100,0,2,0.9973572020491853,ASIA,5,0.24944320712691131,day_anchor_std,server_midnight,0,0,0,1,0,0,UNCLASSIFIED,TREND_UNCLASSIFIED,TREND
6150.9,6151.1,6148.4,6148.6,318,100,0,2,0.9973572020491853,ASIA,5,0.24944320712691131,day_anchor_std,server_midnight,0,0,0,1,0,0,UNCLASSIFIED,TREND_UNCLASSIFIED,TREND
6148.6,6149.9,6144.4,6146.6,340,100,0,2,0.9973572020491853,ASIA,5,0.24944320712691131,day_anchor_std,server_midnight,0,0,0,1,0,0,UNCLASSIFIED,TREND_UNCLASSIFIED,TREND
6146.4,6146.6,6142.9,6144.1,327,100,0,2,0.9973572020491853,ASIA,5,0.24944320712691131,day_anchor_std,server_midnight,0,0,0,1,0,0,UNCLASSIFIED,TREND_UNCLASSIFIED,TREND
6144.3,6148.4,6142.6,6147.9,806,100,0,2,0.9969661714427529,ASIA,6,0.03025376919891315,day_anchor_std,server_midnight,0,0,0,1,0,0,TREND_STRONG,TREND_STRONG,TREND
6147.9,6148.1,6143.9,6144.1,419,100,0,2,0.9969661714427529,ASIA,6,0.03025376919891315,day_anchor_std,server_midnight,0,0,0,1,0,0,TREND_STRONG,TREND_STRONG,TREND
6144.1,6145.4,6143.6,6145.4,332,100,0,2,0.9969661714427529,ASIA,6,0.03025376919891315,day_anchor_std,server_midnight,0,0,0,1,0,0,TREND_STRONG,TREND_STRONG,TREND
6145.4,6148.6,6142.9,6146.6,377,100,0,2,0.9969661714427529,ASIA,6,0.03025376919891315,day_anchor_std,server_midnight,0,0,0,1,0,0,TREND_STRONG,TREND_STRONG,TREND
6146.6,6149.6,6145.6,6149.6,272,100,0,2,0.9987682965001463,ASIA,7,0.3079958855510832,day_anchor_std,server_midnight,0,0,0,1,0,0,TREND_STRONG,TREND_STRONG,TREND
6149.6,6150.6,6147.6,6150.4,209,100,0,2,0.9987682965001463,ASIA,7,0.3079958855510832,day_anchor_std,server_midnight,0,0,0,1,0,0,TREND_STRONG,TREND_STRONG,TREND
6150.4,6152.4,6150.3,6151.6,222,100,0,2,0.9987682965001463,ASIA,7,0.3079958855510832,day_anchor_std,server_midnight,0,0,0,1,0,0,TREND_STRONG,TREND_STRONG,TREND
6151.6,6152.6,6149.6,6150.4,209,100,0,2,0.9987682965001463,ASIA,7,0.3079958855510832,day_anchor_std,server_midnight,0,0,0,1,0,0,TREND_STRONG,TREND_STRONG,TREND
6150.4,6150.9,6148.6,6149.4,159,100,0,2,0.9957324864943103,ASIA,8,0.4980666885072409,day_anchor_std,server_midnight,0,0,0,1,0,0,TREND_STRONG,TREND_STRONG,TREND
6149.4,6150.8,6148.6,6148.6,126,100,0,2,0.9957324864943103,ASIA,8,0.4980666885072409,day_anchor_std,server_midnight,0,0,0,1,0,0,TREND_STRONG,TREND_STRONG,TREND
6148.6,6151.1,6148.4,6150.1,176,100,0,2,0.9957324864943103,ASIA,8,0.4980666885072409,day_anchor_std,server_midnight,0,0,0,1,0,0,TREND_STRONG,TREND_STRONG,TREND
6150.1,6154.4,6150.1,6152.9,257,100,0,2,0.9957324864943103,ASIA,8,0.4980666885072409,day_anchor_std,server_midnight,0,0,0,1,0,0,TREND_STRONG,TREND_STRONG,TREND
6152.9,6157.4,6152.0,6156.4,291,100,0,2,0.9972799812848296,LONDON,9,0.9318937152216623,day_anchor_std,server_midnight,0,0,0,0,1,1,TREND_STRONG,TREND_STRONG,TREND
6156.6,6162.4,6156.4,6159.6,490,100,0,2,0.9972799812848296,LONDON,9,0.9318937152216623,day_anchor_std,server_midnight,0,0,0,0,1,1,TREND_STRONG,TREND_STRONG,TREND
6159.4,6163.1,6157.1,6161.6,663,100,0,2,0.9972799812848296,LONDON,9,0.9318937152216623,day_anchor_std,server_midnight,0,0,0,0,1,1,TREND_STRONG,TREND_STRONG,TREND
6161.6,6161.6,6157.4,6158.6,513,100,0,2,0.9972799812848296,LONDON,9,0.9318937152216623,day_anchor_std,server_midnight,0,0,0,0,1,1,TREND_STRONG,TREND_STRONG,TREND
6158.9,6159.4,6155.9,6156.9,356,100,0,1,0.9983826300628257,LONDON,2,1.559645819605862,day_anchor_std,server_midnight,0,0,1,0,0,0,TRANSITION_NOISY,TRANSITION_NOISY,TRANSITION
6156.9,6158.4,6156.6,6158.1,215,100,0,1,0.9983826300628257,LONDON,2,1.559645819605862,day_anchor_std,server_midnight,0,0,1,0,0,0,TRANSITION_NOISY,TRANSITION_NOISY,TRANSITION
6158.1,6163.4,6157.8,6162.1,349,100,0,1,0.9983826300628257,LONDON,2,1.559645819605862,day_anchor_std,server_midnight,0,0,1,0,0,0,TRANSITION_NOISY,TRANSITION_NOISY,TRANSITION
6162.1,6167.1,6161.9,6166.9,289,100,0,1,0.9983826300628257,LONDON,2,1.559645819605862,day_anchor_std,server_midnight,0,0,1,0,0,0,TRANSITION_NOISY,TRANSITION_NOISY,TRANSITION
6182.3,6186.8,6180.4,6186.3,713,100,0,2,0.5701964982306463,NY_PM,3,0.5300067473854521,day_anchor_std,server_midnight,0,0,0,0,1,0,TREND_FRAGILE,TREND_FRAGILE,TREND
6186.3,6187.0,6179.7,6182.8,697,100,0,2,0.5701964982306463,NY_PM,3,0.5300067473854521,day_anchor_std,server_midnight,0,0,0,0,1,0,TREND_FRAGILE,TREND_FRAGILE,TREND
6182.8,6182.8,6175.8,6177.1,755,100,0,2,0.5701964982306463,NY_PM,3,0.5300067473854521,day_anchor_std,server_midnight,0,0,0,0,1,0,TREND_FRAGILE,TREND_FRAGILE,TREND
6177.1,6179.0,6155.8,6164.7,2216,100,0,2,0.5701964982306463,NY_PM,3,0.5300067473854521,day_anchor_std,server_midnight,0,0,0,0,1,0,TREND_FRAGILE,TREND_FRAGILE,TREND
6164.7,6166.8,6146.4,6146.4,2021,100,0,2,0.6337237474452905,NY_PM,4,0.7999267047306473,day_anchor_std,server_midnight,0,0,0,0,1,0,TREND_FRAGILE,TREND_FRAGILE,TREND
6146.6,6149.0,6131.4,6135.0,2794,100,0,2,0.6337237474452905,NY_PM,4,0.7999267047306473,day_anchor_std,server_midnight,0,0,0,0,1,0,TREND_FRAGILE,TREND_FRAGILE,TREND
6134.4,6150.1,6133.4,6147.0,1345,100,0,2,0.6337237474452905,NY_PM,4,0.7999267047306473,day_anchor_std,server_midnight,0,0,0,0,1,0,TREND_FRAGILE,TREND_FRAGILE,TREND
6147.0,6174.1,6147.0,6170.6,1870,100,0,2,0.6337237474452905,NY_PM,4,0.7999267047306473,day_anchor_std,server_midnight,0,0,0,0,1,0,TREND_FRAGILE,TREND_FRAGILE,TREND
6207.2,6210.2,6203.4,6205.4,909,100,0,0,0.8677081215767039,LONDON,2,0.10227894698415056,day_anchor_std,server_midnight,1,0,0,0,0,0,BALANCE_LEAKING,BALANCE_LEAKING,BALANCE
6205.4,6206.6,6202.2,6204.7,658,100,0,0,0.8677081215767039,LONDON,2,0.10227894698415056,day_anchor_std,server_midnight,1,0,0,0,0,0,BALANCE_LEAKING,BALANCE_LEAKING,BALANCE
6204.7,6206.7,6202.9,6206.4,463,100,0,0,0.8677081215767039,LONDON,2,0.10227894698415056,day_anchor_std,server_midnight,1,0,0,0,0,0,BALANCE_LEAKING,BALANCE_LEAKING,BALANCE
6206.4,6206.9,6203.4,6206.7,308,100,0,0,0.8677081215767039,LONDON,2,0.10227894698415056,day_anchor_std,server_midnight,1,0,0,0,0,0,BALANCE_LEAKING,BALANCE_LEAKING,BALANCE
6226.3,6228.9,6223.4,6224.0,489,100,0,2,0.5602604468176658,ASIA,3,0.1049025904517508,day_anchor_std,server_midnight,0,0,0,1,0,0,UNCLASSIFIED,TREND_UNCLASSIFIED,TREND
6224.0,6227.4,6223.9,6227.1,187,100,0,2,0.5602604468176658,ASIA,3,0.1049025904517508,day_anchor_std,server_midnight,0,0,0,1,0,0,UNCLASSIFIED,TREND_UNCLASSIFIED,TREND
6227.1,6228.0,6226.4,6227.1,138,100,0,2,0.5602604468176658,ASIA,3,0.1049025904517508,day_anchor_std,server_midnight,0,0,0,1,0,0,UNCLASSIFIED,TREND_UNCLASSIFIED,TREND
6227.4,6228.4,6226.9,6227.9,137,100,0,2,0.5602604468176658,ASIA,3,0.1049025904517508,day_anchor_std,server_midnight,0,0,0,1,0,0,UNCLASSIFIED,TREND_UNCLASSIFIED,TREND
6227.9,6229.9,6225.9,6226.6,364,100,0,2,0.5434771510519929,ASIA,4,0.006949122886765958,day_anchor_std,server_midnight,0,0,0,1,0,0,TREND_STRONG,TREND_STRONG,TREND
6226.8,6228.6,6226.1,6227.6,318,100,0,2,0.5434771510519929,ASIA,4,0.006949122886765958,day_anchor_std,server_midnight,0,0,0,1,0,0,TREND_STRONG,TREND_STRONG,TREND
6227.6,6229.9,6225.3,6228.6,341,100,0,2,0.5434771510519929,ASIA,4,0.006949122886765958,day_anchor_std,server_midnight,0,0,0,1,0,0,TREND_STRONG,TREND_STRONG,TREND
6228.6,6228.9,6226.4,6226.6,217,100,0,2,0.5434771510519929,ASIA,4,0.006949122886765958,day_anchor_std,server_midnight,0,0,0,1,0,0,TREND_STRONG,TREND_STRONG,TREND
6231.7,6236.2,6230.0,6232.0,574,100,0,1,0.9805986011021149,NY,6,2.196533819389233,day_anchor_std,server_midnight,0,0,1,0,0,0,UNCLASSIFIED,TRANSITION_UNCLASSIFIED,TRANSITION
6232.4,6246.7,6232.35,6236.7,1840,100,0,1,0.9805986011021149,NY,6,2.196533819389233,day_anchor_std,server_midnight,0,0,1,0,0,0,UNCLASSIFIED,TRANSITION_UNCLASSIFIED,TRANSITION
6236.7,6246.2,6236.2,6244.4,641,100,0,1,0.9805986011021149,NY,6,2.196533819389233,day_anchor_std,server_midnight,0,0,1,0,0,0,UNCLASSIFIED,TRANSITION_UNCLASSIFIED,TRANSITION
6245.0,6266.9,6245.0,6262.3,2028,100,0,1,0.9805986011021149,NY,6,2.196533819389233,day_anchor_std,server_midnight,0,0,1,0,0,0,UNCLASSIFIED,TRANSITION_UNCLASSIFIED,TRANSITION
6275.4,6275.9,6267.8,6273.5,838,100,0,2,0.7924010405718477,ASIA,3,0.13190954773877436,day_anchor_std,server_midnight,0,0,0,1,0,0,TREND_STRONG,TREND_STRONG,TREND
6273.4,6275.6,6271.9,6271.9,323,100,0,2,0.7924010405718477,ASIA,3,0.13190954773877436,day_anchor_std,server_midnight,0,0,0,1,0,0,TREND_STRONG,TREND_STRONG,TREND
6271.8,6273.1,6270.0,6270.9,247,100,0,2,0.7924010405718477,ASIA,3,0.13190954773877436,day_anchor_std,server_midnight,0,0,0,1,0,0,TREND_STRONG,TREND_STRONG,TREND
6270.9,6271.6,6268.8,6269.6,222,100,0,2,0.7924010405718477,ASIA,3,0.13190954773877436,day_anchor_std,server_midnight,0,0,0,1,0,0,TREND_STRONG,TREND_STRONG,TREND
6269.5,6269.5,6266.0,6267.1,437,100,0,2,0.9522443361712798,ASIA,4,0.1568378778272389,day_anchor_std,server_midnight,0,0,0,1,0,0,TREND_STRONG,TREND_STRONG,TREND
6267.1,6267.9,6265.9,6266.3,319,100,0,2,0.9522443361712798,ASIA,4,0.1568378778272389,day_anchor_std,server_midnight,0,0,0,1,0,0,TREND_STRONG,TREND_STRONG,TREND
6266.3,6272.6,6266.1,6271.1,325,100,0,2,0.9522443361712798,ASIA,4,0.1568378778272389,day_anchor_std,server_midnight,0,0,0,1,0,0,TREND_STRONG,TREND_STRONG,TREND
6271.1,6272.5,6268.8,6268.9,291,100,0,2,0.9522443361712798,ASIA,4,0.1568378778272389,day_anchor_std,server_midnight,0,0,0,1,0,0,TREND_STRONG,TREND_STRONG,TREND
6268.9,6269.4,6261.8,6265.4,425,100,0,2,0.8942346132309216,ASIA,5,0.618767689963054,day_anchor_std,server_midnight,0,0,0,1,0,0,TREND_STRONG,TREND_STRONG,TREND
6265.4,6266.1,6263.6,6265.1,263,100,0,2,0.8942346132309216,ASIA,5,0.618767689963054,day_anchor_std,server_midnight,0,0,0,1,0,0,TREND_STRONG,TREND_STRONG,TREND
6265.1,6265.9,6262.6,6264.8,209,100,0,2,0.8942346132309216,ASIA,5,0.618767689963054,day_anchor_std,server_midnight,0,0,0,1,0,0,TREND_STRONG,TREND_STRONG,TREND
6264.8,6264.9,6262.1,6262.6,211,100,0,2,0.8942346132309216,ASIA,5,0.618767689963054,day_anchor_std,server_midnight,0,0,0,1,0,0,TREND_STRONG,TREND_STRONG,TREND
6262.6,6263.6,6259.6,6260.3,331,100,0,2,0.6327907981834129,ASIA,6,0.540669326241145,day_anchor_std,server_midnight,0,0,0,1,0,0,TREND_STRONG,TREND_STRONG,TREND
6260.4,6261.6,6258.5,6260.8,287,100,0,2,0.6327907981834129,ASIA,6,0.540669326241145,day_anchor_std,server_midnight,0,0,0,1,0,0,TREND_STRONG,TREND_STRONG,TREND
6260.9,6261.6,6259.1,6260.9,264,100,0,2,0.6327907981834129,ASIA,6,0.540669326241145,day_anchor_std,server_midnight,0,0,0,1,0,0,TREND_STRONG,TREND_STRONG,TREND
6260.9,6263.1,6258.1,6262.6,282,100,0,2,0.6327907981834129,ASIA,6,0.540669326241145,day_anchor_std,server_midnight,0,0,0,1,0,0,TREND_STRONG,TREND_STRONG,TREND
6238.8,6244.3,6214.3,6227.3,2408,100,0,1,0.8783628292527256,NY_PM,2,1.9922229124097164,day_anchor_std,server_midnight,0,0,1,0,0,0,UNCLASSIFIED,TRANSITION_UNCLASSIFIED,TRANSITION
6227.4,6233.9,6216.5,6219.7,2723,100,0,1,0.8783628292527256,NY_PM,2,1.9922229124097164,day_anchor_std,server_midnight,0,0,1,0,0,0,UNCLASSIFIED,TRANSITION_UNCLASSIFIED,TRANSITION
6219.5,6231.7,6217.6,6223.4,1657,100,0,1,0.8783628292527256,NY_PM,2,1.9922229124097164,day_anchor_std,server_midnight,0,0,1,0,0,0,UNCLASSIFIED,TRANSITION_UNCLASSIFIED,TRANSITION
6223.4,6235.7,6217.0,6221.9,2135,100,0,1,0.8783628292527256,NY_PM,2,1.9922229124097164,day_anchor_std,server_midnight,0,0,1,0,0,0,UNCLASSIFIED,TRANSITION_UNCLASSIFIED,TRANSITION
6266.6,6269.3,6263.6,6266.7,673,100,0,1,0.9043926414582357,NY_PM,1,1.99848070272208,day_anchor_std,server_midnight,0,0,1,0,0,0,UNCLASSIFIED,TRANSITION_UNCLASSIFIED,TRANSITION
6266.6,6268.8,6253.3,6253.5,1036,100,0,1,0.9043926414582357,NY_PM,1,1.99848070272208,day_anchor_std,server_midnight,0,0,1,0,0,0,UNCLASSIFIED,TRANSITION_UNCLASSIFIED,TRANSITION
6252.4,6258.4,6251.0,6253.3,1184,100,0,1,0.9043926414582357,NY_PM,1,1.99848070272208,day_anchor_std,server_midnight,0,0,1,0,0,0,UNCLASSIFIED,TRANSITION_UNCLASSIFIED,TRANSITION
6253.8,6258.3,6240.7,6241.2,1333,100,0,1,0.9043926414582357,NY_PM,1,1.99848070272208,day_anchor_std,server_midnight,0,0,1,0,0,0,UNCLASSIFIED,TRANSITION_UNCLASSIFIED,TRANSITION
6241.2,6243.2,6232.3,6234.1,857,100,0,1,0.9066717012591899,NY_PM,2,2.3706320574702535,day_anchor_std,server_midnight,0,0,1,0,0,0,UNCLASSIFIED,TRANSITION_UNCLASSIFIED,TRANSITION
6234.1,6234.5,6231.3,6232.6,466,100,0,1,0.9066717012591899,NY_PM,2,2.3706320574702535,day_anchor_std,server_midnight,0,0,1,0,0,0,UNCLASSIFIED,TRANSITION_UNCLASSIFIED,TRANSITION
6232.6,6237.1,6232.6,6235.4,229,100,0,2,0.9208474524221271,ASIA,3,0.01620929943435972,day_anchor_std,server_midnight,0,0,0,1,0,0,TREND_STRONG,TREND_STRONG,TREND
6235.4,6236.1,6232.6,6234.0,240,100,0,2,0.9208474524221271,ASIA,3,0.01620929943435972,day_anchor_std,server_midnight,0,0,0,1,0,0,TREND_STRONG,TREND_STRONG,TREND
6234.55,6238.8,6229.4,6230.9,770,100,0,2,0.9208474524221271,ASIA,3,0.01620929943435972,day_anchor_std,server_midnight,0,0,0,1,0,0,TREND_STRONG,TREND_STRONG,TREND
6230.9,6233.8,6228.4,6231.4,489,100,0,2,0.9208474524221271,ASIA,3,0.01620929943435972,day_anchor_std,server_midnight,0,0,0,1,0,0,TREND_STRONG,TREND_STRONG,TREND
6231.4,6231.9,6227.9,6229.1,584,100,0,2,0.9771035036627022,LONDON,4,0.010594723313886199,day_anchor_std,server_midnight,0,0,0,0,1,0,TREND_STRONG,TREND_STRONG,TREND
6229.4,6229.4,6223.9,6224.9,631,100,0,2,0.9771035036627022,LONDON,4,0.010594723313886199,day_anchor_std,server_midnight,0,0,0,0,1,0,TREND_STRONG,TREND_STRONG,TREND
6224.9,6230.6,6217.1,6228.5,1200,100,0,2,0.9771035036627022,LONDON,4,0.010594723313886199,day_anchor_std,server_midnight,0,0,0,0,1,0,TREND_STRONG,TREND_STRONG,TREND
6228.4,6231.4,6228.0,6231.1,583,100,0,2,0.9771035036627022,LONDON,4,0.010594723313886199,day_anchor_std,server_midnight,0,0,0,0,1,0,TREND_STRONG,TREND_STRONG,TREND
6231.1,6235.6,6229.6,6234.6,714,100,0,2,0.8301078345554599,LONDON,5,0.49798779005211696,day_anchor_std,server_midnight,0,0,0,0,1,0,TREND_STRONG,TREND_STRONG,TREND
6234.6,6240.6,6234.4,6238.6,421,100,0,2,0.8301078345554599,LONDON,5,0.49798779005211696,day_anchor_std,server_midnight,0,0,0,0,1,0,TREND_STRONG,TREND_STRONG,TREND
6238.5,6239.15,6234.6,6235.5,531,100,0,2,0.8301078345554599,LONDON,5,0.49798779005211696,day_anchor_std,server_midnight,0,0,0,0,1,0,TREND_STRONG,TREND_STRONG,TREND
6235.6,6238.4,6233.1,6238.4,467,100,0,2,0.8301078345554599,LONDON,5,0.49798779005211696,day_anchor_std,server_midnight,0,0,0,0,1,0,TREND_STRONG,TREND_STRONG,TREND
6238.4,6239.4,6236.6,6238.1,392,100,0,2,0.9174180638975119,LONDON,6,0.7712074748410052,day_anchor_std,server_midnight,0,0,0,0,1,0,TREND_STRONG,TREND_STRONG,TREND
6238.1,6241.9,6236.9,6240.0,488,100,0,2,0.9174180638975119,LONDON,6,0.7712074748410052,day_anchor_std,server_midnight,0,0,0,0,1,0,TREND_STRONG,TREND_STRONG,TREND
6240.1,6242.6,6237.6,6241.4,502,100,0,2,0.9174180638975119,LONDON,6,0.7712074748410052,day_anchor_std,server_midnight,0,0,0,0,1,0,TREND_STRONG,TREND_STRONG,TREND
6241.4,6242.9,6236.6,6242.9,410,100,0,2,0.9174180638975119,LONDON,6,0.7712074748410052,day_anchor_std,server_midnight,0,0,0,0,1,0,TREND_STRONG,TREND_STRONG,TREND
6242.9,6246.9,6240.6,6245.5,459,100,0,2,0.8877029682620894,NY,7,0.5014860531939979,day_anchor_std,server_midnight,0,0,0,0,1,0,TREND_STRONG,TREND_STRONG,TREND
6245.4,6259.9,6245.4,6256.9,1380,100,0,2,0.8877029682620894,NY,7,0.5014860531939979,day_anchor_std,server_midnight,0,0,0,0,1,0,TREND_STRONG,TREND_STRONG,TREND
6256.9,6258.5,6253.6,6257.9,687,100,0,2,0.8877029682620894,NY,7,0.5014860531939979,day_anchor_std,server_midnight,0,0,0,0,1,0,TREND_STRONG,TREND_STRONG,TREND
6257.6,6261.4,6240.5,6241.4,2934,100,0,2,0.8877029682620894,NY,7,0.5014860531939979,day_anchor_std,server_midnight,0,0,0,0,1,0,TREND_STRONG,TREND_STRONG,TREND
6241.4,6248.9,6237.3,6245.4,2185,100,0,2,0.27282057518626623,NY,8,0.2777252213693235,day_anchor_std,server_midnight,0,0,0,0,1,0,TREND_STRONG,TREND_STRONG,TREND
6245.2,6253.9,6235.5,6242.1,2323,100,0,2,0.27282057518626623,NY,8,0.2777252213693235,day_anchor_std,server_midnight,0,0,0,0,1,0,TREND_STRONG,TREND_STRONG,TREND
6242.1,6253.9,6215.2,6233.5,3682,100,0,2,0.27282057518626623,NY,8,0.2777252213693235,day_anchor_std,server_midnight,0,0,0,0,1,0,TREND_STRONG,TREND_STRONG,TREND
6233.8,6245.3,6200.9,6238.8,4092,100,0,2,0.27282057518626623,NY,8,0.2777252213693235,day_anchor_std,server_midnight,0,0,0,0,1,0,TREND_STRONG,TREND_STRONG,TREND
6259.1,6260.1,6253.3,6254.1,511,100,0,2,0.5312824146664313,ASIA,3,0.12286276289908127,day_anchor_std,server_midnight,0,0,0,1,0,0,TREND_STRONG,TREND_STRONG,TREND
6254.1,6254.8,6251.5,6252.3,346,100,0,2,0.5312824146664313,ASIA,3,0.12286276289908127,day_anchor_std,server_midnight,0,0,0,1,0,0,TREND_STRONG,TREND_STRONG,TREND
6252.3,6254.3,6251.3,6252.8,224,100,0,2,0.5312824146664313,ASIA,3,0.12286276289908127,day_anchor_std,server_midnight,0,0,0,1,0,0,TREND_STRONG,TREND_STRONG,TREND
6252.8,6254.3,6251.3,6252.8,222,100,0,2,0.5312824146664313,ASIA,3,0.12286276289908127,day_anchor_std,server_midnight,0,0,0,1,0,0,TREND_STRONG,TREND_STRONG,TREND
6261.1,6270.8,6261.1,6270.8,799,100,0,2,0.9157914614155435,LONDON,3,0.4571517740992431,day_anchor_std,server_midnight,0,0,0,0,1,0,TREND_STRONG,TREND_STRONG,TREND
6270.8,6271.5,6267.6,6268.3,578,100,0,2,0.9157914614155435,LONDON,3,0.4571517740992431,day_anchor_std,server_midnight,0,0,0,0,1,0,TREND_STRONG,TREND_STRONG,TREND
6268.3,6269.3,6262.3,6264.3,1081,100,0,2,0.9157914614155435,LONDON,3,0.4571517740992431,day_anchor_std,server_midnight,0,0,0,0,1,0,TREND_STRONG,TREND_STRONG,TREND
6264.3,6269.3,6264.1,6264.1,810,100,0,2,0.9157914614155435,LONDON,3,0.4571517740992431,day_anchor_std,server_midnight,0,0,0,0,1,0,TREND_STRONG,TREND_STRONG,TREND
6303.4,6304.0,6301.9,6303.6,135,100,0,1,0.9974319627875099,ASIA,2,0.1900584795321123,day_anchor_std,server_midnight,0,1,0,0,0,0,UNCLASSIFIED,TRANSITION_UNCLASSIFIED,TRANSITION
6303.6,6303.9,6301.4,6302.9,189,100,0,1,0.9974319627875099,ASIA,2,0.1900584795321123,day_anchor_std,server_midnight,0,1,0,0,0,0,UNCLASSIFIED,TRANSITION_UNCLASSIFIED,TRANSITION
6302.9,6309.1,6302.6,6306.1,345,100,0,1,0.9974319627875099,ASIA,2,0.1900584795321123,day_anchor_std,server_midnight,0,1,0,0,0,0,UNCLASSIFIED,TRANSITION_UNCLASSIFIED,TRANSITION
6306.1,6311.3,6305.4,6309.6,255,100,0,1,0.9974319627875099,ASIA,2,0.1900584795321123,day_anchor_std,server_midnight,0,1,0,0,0,0,UNCLASSIFIED,TRANSITION_UNCLASSIFIED,TRANSITION
6310.6,6311.6,6309.1,6310.1,201,100,0,1,0.90245212559726,NY,2,1.9798037124008916,day_anchor_std,server_midnight,0,0,1,0,0,0,UNCLASSIFIED,TRANSITION_UNCLASSIFIED,TRANSITION
6309.9,6311.6,6303.6,6304.1,329,100,0,1,0.90245212559726,NY,2,1.9798037124008916,day_anchor_std,server_midnight,0,0,1,0,0,0,UNCLASSIFIED,TRANSITION_UNCLASSIFIED,TRANSITION
6304.1,6307.4,6301.6,6307.4,515,100,0,1,0.90245212559726,NY,2,1.9798037124008916,day_anchor_std,server_midnight,0,0,1,0,0,0,UNCLASSIFIED,TRANSITION_UNCLASSIFIED,TRANSITION
6307.3,6327.4,6306.4,6326.1,1326,100,0,1,0.90245212559726,NY,2,1.9798037124008916,day_anchor_std,server_midnight,0,0,1,0,0,0,UNCLASSIFIED,TRANSITION_UNCLASSIFIED,TRANSITION
6311.1,6314.4,6310.9,6314.1,341,100,0,0,0.8087408804432173,ASIA,2,0.25954441718619636,day_anchor_std,server_midnight,1,0,0,0,0,0,BALANCE_LEAKING,BALANCE_LEAKING,BALANCE
6314.0,6314.1,6310.4,6310.9,229,100,0,0,0.8087408804432173,ASIA,2,0.25954441718619636,day_anchor_std,server_midnight,1,0,0,0,0,0,BALANCE_LEAKING,BALANCE_LEAKING,BALANCE
6310.6,6312.1,6309.6,6312.1,289,100,0,0,0.8087408804432173,ASIA,2,0.25954441718619636,day_anchor_std,server_midnight,1,0,0,0,0,0,BALANCE_LEAKING,BALANCE_LEAKING,BALANCE
6312.1,6315.1,6311.9,6314.6,204,100,0,0,0.8087408804432173,ASIA,2,0.25954441718619636,day_anchor_std,server_midnight,1,0,0,0,0,0,BALANCE_LEAKING,BALANCE_LEAKING,BALANCE
6314.6,6314.9,6311.4,6311.4,165,100,0,0,0.709057386280985,ASIA,3,0.3425726059823541,day_anchor_std,server_midnight,1,0,0,0,0,0,BALANCE_LEAKING,BALANCE_LEAKING,BALANCE
6311.4,6312.1,6309.9,6310.4,141,100,0,0,0.709057386280985,ASIA,3,0.3425726059823541,day_anchor_std,server_midnight,1,0,0,0,0,0,BALANCE_LEAKING,BALANCE_LEAKING,BALANCE
6310.4,6311.4,6309.1,6309.1,156,100,0,0,0.709057386280985,ASIA,3,0.3425726059823541,day_anchor_std,server_midnight,1,0,0,0,0,0,BALANCE_LEAKING,BALANCE_LEAKING,BALANCE
6309.1,6309.8,6307.1,6308.1,279,100,0,0,0.709057386280985,ASIA,3,0.3425726059823541,day_anchor_std,server_midnight,1,0,0,0,0,0,BALANCE_LEAKING,BALANCE_LEAKING,BALANCE
6325.9,6325.9,6313.7,6314.4,1014,100,0,0,0.9145585919954736,ASIA,3,0.3886729594670386,day_anchor_std,server_midnight,1,0,0,0,0,0,UNCLASSIFIED,BALANCE_UNCLASSIFIED,BALANCE
6314.4,6317.2,6313.2,6314.2,541,100,0,0,0.9145585919954736,ASIA,3,0.3886729594670386,day_anchor_std,server_midnight,1,0,0,0,0,0,UNCLASSIFIED,BALANCE_UNCLASSIFIED,BALANCE
6314.2,6320.9,6312.4,6319.7,588,100,0,0,0.9145585919954736,ASIA,3,0.3886729594670386,day_anchor_std,server_midnight,1,0,0,0,0,0,UNCLASSIFIED,BALANCE_UNCLASSIFIED,BALANCE
6319.7,6324.2,6318.4,6324.2,446,100,0,0,0.9145585919954736,ASIA,3,0.3886729594670386,day_anchor_std,server_midnight,1,0,0,0,0,0,UNCLASSIFIED,BALANCE_UNCLASSIFIED,BALANCE
6324.2,6324.2,6319.7,6321.7,423,100,0,0,0.760609807368131,ASIA,4,0.2644868301544447,day_anchor_std,server_midnight,1,0,0,0,0,0,UNCLASSIFIED,BALANCE_UNCLASSIFIED,BALANCE
6321.7,6324.2,6320.7,6323.7,245,100,0,0,0.760609807368131,ASIA,4,0.2644868301544447,day_anchor_std,server_midnight,1,0,0,0,0,0,UNCLASSIFIED,BALANCE_UNCLASSIFIED,BALANCE
6323.7,6326.4,6322.3,6325.7,228,100,0,0,0.760609807368131,ASIA,4,0.2644868301544447,day_anchor_std,server_midnight,1,0,0,0,0,0,UNCLASSIFIED,BALANCE_UNCLASSIFIED,BALANCE
6325.7,6325.7,6321.2,6322.4,324,100,0,0,0.760609807368131,ASIA,4,0.2644868301544447,day_anchor_std,server_midnight,1,0,0,0,0,0,UNCLASSIFIED,BALANCE_UNCLASSIFIED,BALANCE
6324.9,6333.2,6324.4,6331.7,585,100,0,1,0.9985324231343715,LONDON,3,1.0763269824623027,day_anchor_std,server_midnight,0,0,1,0,0,0,TRANSITION_NOISY,TRANSITION_NOISY,TRANSITION
6331.7,6334.9,6329.9,6334.4,318,100,0,1,0.9985324231343715,LONDON,3,1.0763269824623027,day_anchor_std,server_midnight,0,0,1,0,0,0,TRANSITION_NOISY,TRANSITION_NOISY,TRANSITION
6334.4,6336.4,6331.9,6331.9,291,100,0,1,0.9985324231343715,LONDON,3,1.0763269824623027,day_anchor_std,server_midnight,0,0,1,0,0,0,TRANSITION_NOISY,TRANSITION_NOISY,TRANSITION
6331.9,6335.9,6331.4,6335.2,208,100,0,1,0.9985324231343715,LONDON,3,1.0763269824623027,day_anchor_std,server_midnight,0,0,1,0,0,0,TRANSITION_NOISY,TRANSITION_NOISY,TRANSITION
6367.15,6368.3,6364.8,6367.3,653,100,0,2,0.8308710829069169,ASIA,6,0.05536083400738837,day_anchor_std,server_midnight,0,0,0,1,0,0,UNCLASSIFIED,TREND_UNCLASSIFIED,TREND
6367.3,6368.0,6364.3,6364.8,344,100,0,2,0.8308710829069169,ASIA,6,0.05536083400738837,day_anchor_std,server_midnight,0,0,0,1,0,0,UNCLASSIFIED,TREND_UNCLASSIFIED,TREND
6364.8,6367.3,6364.3,6365.0,242,100,0,2,0.8308710829069169,ASIA,6,0.05536083400738837,day_anchor_std,server_midnight,0,0,0,1,0,0,UNCLASSIFIED,TREND_UNCLASSIFIED,TREND
6365.0,6368.5,6365.0,6367.5,259,100,0,2,0.8308710829069169,ASIA,6,0.05536083400738837,day_anchor_std,server_midnight,0,0,0,1,0,0,UNCLASSIFIED,TREND_UNCLASSIFIED,TREND
6367.5,6367.5,6364.3,6367.0,461,100,0,2,0.42815370568536215,ASIA,7,0.09211345247623497,day_anchor_std,server_midnight,0,0,0,1,0,0,UNCLASSIFIED,TREND_UNCLASSIFIED,TREND
6367.0,6368.0,6365.3,6365.5,319,100,0,2,0.42815370568536215,ASIA,7,0.09211345247623497,day_anchor_std,server_midnight,0,0,0,1,0,0,UNCLASSIFIED,TREND_UNCLASSIFIED,TREND
6365.5,6370.5,6365.0,6368.4,405,100,0,2,0.42815370568536215,ASIA,7,0.09211345247623497,day_anchor_std,server_midnight,0,0,0,1,0,0,UNCLASSIFIED,TREND_UNCLASSIFIED,TREND
6368.3,6369.0,6367.5,6368.5,274,100,0,2,0.42815370568536215,ASIA,7,0.09211345247623497,day_anchor_std,server_midnight,0,0,0,1,0,0,UNCLASSIFIED,TREND_UNCLASSIFIED,TREND
6368.5,6370.3,6368.0,6369.3,197,100,0,2,0.31144780330383703,ASIA,8,0.22932463128263023,day_anchor_std,server_midnight,0,0,0,1,0,0,UNCLASSIFIED,TREND_UNCLASSIFIED,TREND
6369.3,6370.0,6368.3,6368.8,200,100,0,2,0.31144780330383703,ASIA,8,0.22932463128263023,day_anchor_std,server_midnight,0,0,0,1,0,0,UNCLASSIFIED,TREND_UNCLASSIFIED,TREND
6368.5,6368.5,6366.8,6367.3,189,100,0,2,0.31144780330383703,ASIA,8,0.22932463128263023,day_anchor_std,server_midnight,0,0,0,1,0,0,UNCLASSIFIED,TREND_UNCLASSIFIED,TREND
6367.3,6367.4,6363.5,6364.0,287,100,0,2,0.31144780330383703,ASIA,8,0.22932463128263023,day_anchor_std,server_midnight,0,0,0,1,0,0,UNCLASSIFIED,TREND_UNCLASSIFIED,TREND
6364.0,6365.5,6363.3,6363.5,275,100,0,2,0.8403955078103477,ASIA,9,0.3132087036469219,day_anchor_std,server_midnight,0,0,0,1,0,0,TREND_FRAGILE,TREND_FRAGILE,TREND
6363.5,6365.3,6362.8,6364.5,218,100,0,2,0.8403955078103477,ASIA,9,0.3132087036469219,day_anchor_std,server_midnight,0,0,0,1,0,0,TREND_FRAGILE,TREND_FRAGILE,TREND
6364.5,6365.5,6363.8,6364.0,225,100,0,2,0.8403955078103477,ASIA,9,0.3132087036469219,day_anchor_std,server_midnight,0,0,0,1,0,0,TREND_FRAGILE,TREND_FRAGILE,TREND
6364.0,6364.0,6362.5,6362.8,209,100,0,2,0.8403955078103477,ASIA,9,0.3132087036469219,day_anchor_std,server_midnight,0,0,0,1,0,0,TREND_FRAGILE,TREND_FRAGILE,TREND
6362.8,6366.7,6362.5,6365.3,342,100,0,2,0.626780392457019,LONDON,10,0.5090540353431943,day_anchor_std,server_midnight,0,0,0,0,1,0,TREND_FRAGILE,TREND_FRAGILE,TREND
6365.3,6365.3,6359.8,6360.0,350,100,0,2,0.626780392457019,LONDON,10,0.5090540353431943,day_anchor_std,server_midnight,0,0,0,0,1,0,TREND_FRAGILE,TREND_FRAGILE,TREND
6360.0,6361.4,6358.0,6358.8,695,100,0,2,0.626780392457019,LONDON,10,0.5090540353431943,day_anchor_std,server_midnight,0,0,0,0,1,0,TREND_FRAGILE,TREND_FRAGILE,TREND
6358.8,6360.3,6357.3,6359.5,392,100,0,2,0.626780392457019,LONDON,10,0.5090540353431943,day_anchor_std,server_midnight,0,0,0,0,1,0,TREND_FRAGILE,TREND_FRAGILE,TREND
6359.4,6364.3,6357.8,6364.0,476,100,0,2,0.8438909253729817,LONDON,11,0.11551415721075042,day_anchor_std,server_midnight,0,0,0,0,1,0,UNCLASSIFIED,TREND_UNCLASSIFIED,TREND
6364.0,6365.5,6362.8,6364.5,300,100,0,2,0.8438909253729817,LONDON,11,0.11551415721075042,day_anchor_std,server_midnight,0,0,0,0,1,0,UNCLASSIFIED,TREND_UNCLASSIFIED,TREND
6364.7,6366.3,6363.3,6365.8,262,100,0,2,0.8438909253729817,LONDON,11,0.11551415721075042,day_anchor_std,server_midnight,0,0,0,0,1,0,UNCLASSIFIED,TREND_UNCLASSIFIED,TREND
6365.8,6367.8,6365.3,6366.8,266,100,0,2,0.8438909253729817,LONDON,11,0.11551415721075042,day_anchor_std,server_midnight,0,0,0,0,1,0,UNCLASSIFIED,TREND_UNCLASSIFIED,TREND
6366.8,6367.8,6361.0,6361.0,417,100,0,2,0.8048239988066457,LONDON,12,0.1737414096584332,day_anchor_std,server_midnight,0,0,0,0,1,0,TREND_STRONG,TREND_STRONG,TREND
6361.0,6362.5,6359.3,6362.3,376,100,0,2,0.8048239988066457,LONDON,12,0.1737414096584332,day_anchor_std,server_midnight,0,0,0,0,1,0,TREND_STRONG,TREND_STRONG,TREND
6362.3,6367.0,6361.5,6366.3,275,100,0,2,0.8048239988066457,LONDON,12,0.1737414096584332,day_anchor_std,server_midnight,0,0,0,0,1,0,TREND_STRONG,TREND_STRONG,TREND
6366.3,6370.3,6365.8,6367.5,340,100,0,2,0.8048239988066457,LONDON,12,0.1737414096584332,day_anchor_std,server_midnight,0,0,0,0,1,0,TREND_STRONG,TREND_STRONG,TREND
6367.5,6368.0,6362.0,6365.4,509,100,0,2,0.9620539950370779,NY,12,0.362056338745481,day_anchor_std,server_midnight,0,0,0,0,1,0,TREND_STRONG,TREND_STRONG,TREND
6365.9,6366.3,6355.3,6361.8,970,100,0,2,0.9620539950370779,NY,12,0.362056338745481,day_anchor_std,server_midnight,0,0,0,0,1,0,TREND_STRONG,TREND_STRONG,TREND
6361.8,6366.3,6358.2,6365.5,841,100,0,2,0.9620539950370779,NY,12,0.362056338745481,day_anchor_std,server_midnight,0,0,0,0,1,0,TREND_STRONG,TREND_STRONG,TREND
6365.8,6373.8,6360.0,6370.3,2099,100,0,2,0.9620539950370779,NY,12,0.362056338745481,day_anchor_std,server_midnight,0,0,0,0,1,0,TREND_STRONG,TREND_STRONG,TREND
6371.0,6373.3,6360.3,6368.0,1994,100,0,2,0.9878022561180596,NY,12,0.6363918597757432,day_anchor_std,server_midnight,0,0,0,0,1,0,TREND_STRONG,TREND_STRONG,TREND
6368.0,6376.4,6367.0,6375.4,921,100,0,2,0.9878022561180596,NY,12,0.6363918597757432,day_anchor_std,server_midnight,0,0,0,0,1,0,TREND_STRONG,TREND_STRONG,TREND
6375.5,6379.0,6374.0,6375.4,775,100,0,2,0.9878022561180596,NY,12,0.6363918597757432,day_anchor_std,server_midnight,0,0,0,0,1,0,TREND_STRONG,TREND_STRONG,TREND
6375.4,6377.1,6372.6,6375.1,670,100,0,2,0.9878022561180596,NY,12,0.6363918597757432,day_anchor_std,server_midnight,0,0,0,0,1,0,TREND_STRONG,TREND_STRONG,TREND
6375.1,6375.6,6362.6,6365.5,991,100,0,2,0.6061383979954034,NY_PM,12,0.4051953597257101,day_anchor_std,server_midnight,0,0,0,0,1,0,TREND_STRONG,TREND_STRONG,TREND
6365.2,6370.2,6364.3,6368.7,797,100,0,2,0.6061383979954034,NY_PM,12,0.4051953597257101,day_anchor_std,server_midnight,0,0,0,0,1,0,TREND_STRONG,TREND_STRONG,TREND
6368.5,6379.5,6367.5,6373.7,692,100,0,2,0.6061383979954034,NY_PM,12,0.4051953597257101,day_anchor_std,server_midnight,0,0,0,0,1,0,TREND_STRONG,TREND_STRONG,TREND
6373.5,6375.7,6371.1,6372.3,508,100,0,2,0.6061383979954034,NY_PM,12,0.4051953597257101,day_anchor_std,server_midnight,0,0,0,0,1,0,TREND_STRONG,TREND_STRONG,TREND
6414.3,6417.3,6409.1,6409.6,1236,100,0,2,0.9939926927396385,ASIA,3,0.01321066289217961,day_anchor_std,server_midnight,0,0,0,1,0,0,TREND_STRONG,TREND_STRONG,TREND
6409.5,6411.8,6408.2,6410.1,369,100,0,2,0.9939926927396385,ASIA,3,0.01321066289217961,day_anchor_std,server_midnight,0,0,0,1,0,0,TREND_STRONG,TREND_STRONG,TREND
6410.1,6416.3,6409.1,6414.6,381,100,0,2,0.9939926927396385,ASIA,3,0.01321066289217961,day_anchor_std,server_midnight,0,0,0,1,0,0,TREND_STRONG,TREND_STRONG,TREND
6414.6,6417.6,6413.1,6413.1,375,100,0,2,0.9939926927396385,ASIA,3,0.01321066289217961,day_anchor_std,server_midnight,0,0,0,1,0,0,TREND_STRONG,TREND_STRONG,TREND
6382.1,6382.4,6374.1,6377.9,945,100,0,2,0.43583948055792343,NY,3,0.09794938807069345,day_anchor_std,server_midnight,0,0,0,0,1,0,TREND_STRONG,TREND_STRONG,TREND
6378.0,6382.8,6374.9,6378.4,1086,100,0,2,0.43583948055792343,NY,3,0.09794938807069345,day_anchor_std,server_midnight,0,0,0,0,1,0,TREND_STRONG,TREND_STRONG,TREND
6378.4,6380.9,6375.1,6379.4,555,100,0,2,0.43583948055792343,NY,3,0.09794938807069345,day_anchor_std,server_midnight,0,0,0,0,1,0,TREND_STRONG,TREND_STRONG,TREND
6379.6,6381.9,6372.9,6377.1,1891,100,0,2,0.43583948055792343,NY,3,0.09794938807069345,day_anchor_std,server_midnight,0,0,0,0,1,0,TREND_STRONG,TREND_STRONG,TREND
6417.7,6419.4,6417.2,6419.4,232,100,0,2,0.9482725995113477,ASIA,3,0.7089047903001378,day_anchor_std,server_midnight,0,0,0,1,0,0,TREND_STRONG,TREND_STRONG,TREND
6419.4,6422.7,6419.4,6421.7,215,100,0,2,0.9482725995113477,ASIA,3,0.7089047903001378,day_anchor_std,server_midnight,0,0,0,1,0,0,TREND_STRONG,TREND_STRONG,TREND
6421.7,6422.2,6419.7,6420.2,174,100,0,2,0.9482725995113477,ASIA,3,0.7089047903001378,day_anchor_std,server_midnight,0,0,0,1,0,0,TREND_STRONG,TREND_STRONG,TREND
6420.2,6423.9,6419.9,6423.2,181,100,0,2,0.9482725995113477,ASIA,3,0.7089047903001378,day_anchor_std,server_midnight,0,0,0,1,0,0,TREND_STRONG,TREND_STRONG,TREND
6423.2,6425.7,6422.4,6422.4,194,100,0,2,0.9847161538405065,ASIA,4,0.7561048689138486,day_anchor_std,server_midnight,0,0,0,1,0,0,TREND_STRONG,TREND_STRONG,TREND
6422.2,6426.9,6421.4,6425.7,296,100,0,2,0.9847161538405065,ASIA,4,0.7561048689138486,day_anchor_std,server_midnight,0,0,0,1,0,0,TREND_STRONG,TREND_STRONG,TREND
6425.7,6425.9,6422.2,6422.3,293,100,0,2,0.9847161538405065,ASIA,4,0.7561048689138486,day_anchor_std,server_midnight,0,0,0,1,0,0,TREND_STRONG,TREND_STRONG,TREND
6422.3,6426.2,6421.2,6425.2,258,100,0,2,0.9847161538405065,ASIA,4,0.7561048689138486,day_anchor_std,server_midnight,0,0,0,1,0,0,TREND_STRONG,TREND_STRONG,TREND
6433.2,6433.2,6428.4,6431.2,666,100,0,2,0.9967348592727391,LONDON,6,0.49547015211856055,day_anchor_std,server_midnight,0,0,0,0,1,0,UNCLASSIFIED,TREND_UNCLASSIFIED,TREND
6431.2,6434.7,6428.4,6429.4,588,100,0,2,0.9967348592727391,LONDON,6,0.49547015211856055,day_anchor_std,server_midnight,0,0,0,0,1,0,UNCLASSIFIED,TREND_UNCLASSIFIED,TREND
6429.7,6430.4,6426.9,6427.9,173,100,0,2,0.9967348592727391,LONDON,6,0.49547015211856055,day_anchor_std,server_midnight,0,0,0,0,1,0,UNCLASSIFIED,TREND_UNCLASSIFIED,TREND
6425.9,6426.2,6423.7,6424.6,330,100,0,2,0.9967348592727391,LONDON,6,0.49547015211856055,day_anchor_std,server_midnight,0,0,0,0,1,0,UNCLASSIFIED,TREND_UNCLASSIFIED,TREND
6332.3,6335.4,6330.4,6333.9,494,100,0,2,0.9503371685701187,ASIA,3,0.13201622697331883,day_anchor_std,server_midnight,0,0,0,1,0,0,TREND_STRONG,TREND_STRONG,TREND
6333.9,6334.9,6331.4,6334.1,306,100,0,2,0.9503371685701187,ASIA,3,0.13201622697331883,day_anchor_std,server_midnight,0,0,0,1,0,0,TREND_STRONG,TREND_STRONG,TREND
6334.1,6335.4,6330.9,6331.4,421,100,0,2,0.9503371685701187,ASIA,3,0.13201622697331883,day_anchor_std,server_midnight,0,0,0,1,0,0,TREND_STRONG,TREND_STRONG,TREND
6331.6,6333.6,6327.1,6327.6,595,100,0,2,0.9503371685701187,ASIA,3,0.13201622697331883,day_anchor_std,server_midnight,0,0,0,1,0,0,TREND_STRONG,TREND_STRONG,TREND
6286.1,6289.6,6283.3,6287.55,1184,100,0,2,0.9866866095300361,NY,7,2.243179491571087,day_anchor_std,server_midnight,0,0,0,0,0,1,TREND_STRONG,TREND_STRONG,TREND
6287.4,6300.0,6272.1,6276.6,3319,100,0,2,0.9866866095300361,NY,7,2.243179491571087,day_anchor_std,server_midnight,0,0,0,0,0,1,TREND_STRONG,TREND_STRONG,TREND
6276.9,6284.4,6270.6,6280.5,2145,100,0,2,0.9866866095300361,NY,7,2.243179491571087,day_anchor_std,server_midnight,0,0,0,0,0,1,TREND_STRONG,TREND_STRONG,TREND
6281.0,6281.0,6228.3,6232.5,4830,100,0,2,0.9866866095300361,NY,7,2.243179491571087,day_anchor_std,server_midnight,0,0,0,0,0,1,TREND_STRONG,TREND_STRONG,TREND
6232.5,6253.4,6213.6,6251.9,4793,100,0,2,0.9757422032839052,NY,8,1.0908286246806786,day_anchor_std,server_midnight,0,0,0,0,0,1,UNCLASSIFIED,TREND_UNCLASSIFIED,TREND
6251.6,6258.9,6236.5,6238.2,4269,100,0,2,0.9757422032839052,NY,8,1.0908286246806786,day_anchor_std,server_midnight,0,0,0,0,0,1,UNCLASSIFIED,TREND_UNCLASSIFIED,TREND
6238.2,6248.3,6232.5,6234.0,3563,100,0,2,0.9757422032839052,NY,8,1.0908286246806786,day_anchor_std,server_midnight,0,0,0,0,0,1,UNCLASSIFIED,TREND_UNCLASSIFIED,TREND
6233.5,6259.0,6232.7,6258.6,2778,100,0,2,0.9757422032839052,NY,8,1.0908286246806786,day_anchor_std,server_midnight,0,0,0,0,0,1,UNCLASSIFIED,TREND_UNCLASSIFIED,TREND
6258.9,6268.4,6257.6,6260.9,2462,100,0,2,0.9830247129411884,NY_PM,9,1.8138234680207053,day_anchor_std,server_midnight,0,0,0,0,0,1,UNCLASSIFIED,TREND_UNCLASSIFIED,TREND
6260.8,6263.4,6230.9,6232.2,2621,100,0,2,0.9830247129411884,NY_PM,9,1.8138234680207053,day_anchor_std,server_midnight,0,0,0,0,0,1,UNCLASSIFIED,TREND_UNCLASSIFIED,TREND
6232.3,6236.6,6222.0,6224.2,2970,100,0,2,0.9830247129411884,NY_PM,9,1.8138234680207053,day_anchor_std,server_midnight,0,0,0,0,0,1,UNCLASSIFIED,TREND_UNCLASSIFIED,TREND
6223.7,6232.5,6220.5,6224.6,2472,100,0,2,0.9830247129411884,NY_PM,9,1.8138234680207053,day_anchor_std,server_midnight,0,0,0,0,0,1,UNCLASSIFIED,TREND_UNCLASSIFIED,TREND
6224.6,6236.4,6211.7,6234.8,2686,100,0,2,0.8397824597680689,NY_PM,10,1.406656011947344,day_anchor_std,server_midnight,0,0,0,0,0,1,UNCLASSIFIED,TREND_UNCLASSIFIED,TREND
6234.9,6249.4,6227.9,6232.4,2486,100,0,2,0.8397824597680689,NY_PM,10,1.406656011947344,day_anchor_std,server_midnight,0,0,0,0,0,1,UNCLASSIFIED,TREND_UNCLASSIFIED,TREND
6232.4,6241.7,6228.3,6236.5,2654,100,0,2,0.8397824597680689,NY_PM,10,1.406656011947344,day_anchor_std,server_midnight,0,0,0,0,0,1,UNCLASSIFIED,TREND_UNCLASSIFIED,TREND
6236.3,6251.1,6227.5,6235.6,3266,100,0,2,0.8397824597680689,NY_PM,10,1.406656011947344,day_anchor_std,server_midnight,0,0,0,0,0,1,UNCLASSIFIED,TREND_UNCLASSIFIED,TREND
6235.5,6239.9,6234.4,6239.4,870,100,0,2,0.9289766916063967,NY_PM,11,1.4379578089476812,day_anchor_std,server_midnight,0,0,0,0,0,1,UNCLASSIFIED,TREND_UNCLASSIFIED,TREND
6239.4,6239.4,6234.9,6236.4,236,100,0,2,0.9289766916063967,NY_PM,11,1.4379578089476812,day_anchor_std,server_midnight,0,0,0,0,0,1,UNCLASSIFIED,TREND_UNCLASSIFIED,TREND
6236.8,6238.6,6224.3,6233.4,1426,100,0,2,0.7089352968320448,ASIA,12,0.20170488654097257,day_anchor_std,server_midnight,0,0,0,1,0,0,TREND_FRAGILE,TREND_FRAGILE,TREND
6233.4,6242.4,6231.6,6240.9,806,100,0,2,0.7089352968320448,ASIA,12,0.20170488654097257,day_anchor_std,server_midnight,0,0,0,1,0,0,TREND_FRAGILE,TREND_FRAGILE,TREND
6240.9,6244.9,6235.5,6242.9,900,100,0,2,0.7089352968320448,ASIA,12,0.20170488654097257,day_anchor_std,server_midnight,0,0,0,1,0,0,TREND_FRAGILE,TREND_FRAGILE,TREND
6242.9,6243.6,6233.6,6243.6,1148,100,0,2,0.7089352968320448,ASIA,12,0.20170488654097257,day_anchor_std,server_midnight,0,0,0,1,0,0,TREND_FRAGILE,TREND_FRAGILE,TREND
6243.6,6248.0,6242.3,6247.4,1214,100,0,2,0.5690855034175226,ASIA,12,0.45281111813014324,day_anchor_std,server_midnight,0,0,0,1,0,0,TREND_STRONG,TREND_STRONG,TREND
6247.4,6254.4,6243.8,6252.6,1077,100,0,2,0.5690855034175226,ASIA,12,0.45281111813014324,day_anchor_std,server_midnight,0,0,0,1,0,0,TREND_STRONG,TREND_STRONG,TREND
6252.6,6255.4,6247.9,6251.0,1154,100,0,2,0.5690855034175226,ASIA,12,0.45281111813014324,day_anchor_std,server_midnight,0,0,0,1,0,0,TREND_STRONG,TREND_STRONG,TREND
6251.3,6256.6,6251.3,6254.1,808,100,0,2,0.5690855034175226,ASIA,12,0.45281111813014324,day_anchor_std,server_midnight,0,0,0,1,0,0,TREND_STRONG,TREND_STRONG,TREND
6254.3,6258.9,6253.4,6257.4,642,100,0,2,0.09588222972824267,ASIA,12,0.6669858264061259,day_anchor_std,server_midnight,0,0,0,1,0,0,UNCLASSIFIED,TREND_UNCLASSIFIED,TREND
6257.4,6260.9,6256.5,6260.1,386,100,0,2,0.09588222972824267,ASIA,12,0.6669858264061259,day_anchor_std,server_midnight,0,0,0,1,0,0,UNCLASSIFIED,TREND_UNCLASSIFIED,TREND
6260.4,6261.1,6258.1,6259.6,367,100,0,2,0.09588222972824267,ASIA,12,0.6669858264061259,day_anchor_std,server_midnight,0,0,0,1,0,0,UNCLASSIFIED,TREND_UNCLASSIFIED,TREND
6259.6,6262.9,6258.9,6262.4,302,100,0,2,0.09588222972824267,ASIA,12,0.6669858264061259,day_anchor_std,server_midnight,0,0,0,1,0,0,UNCLASSIFIED,TREND_UNCLASSIFIED,TREND
6342.9,6344.5,6337.6,6338.1,450,100,0,2,0.9975508969435802,ASIA,6,0.11864406779658802,day_anchor_std,server_midnight,0,0,0,1,0,0,UNCLASSIFIED,TREND_UNCLASSIFIED,TREND
6338.3,6338.6,6336.1,6337.9,352,100,0,2,0.9975508969435802,ASIA,6,0.11864406779658802,day_anchor_std,server_midnight,0,0,0,1,0,0,UNCLASSIFIED,TREND_UNCLASSIFIED,TREND
6337.9,6342.1,6337.1,6337.6,310,100,0,2,0.9975508969435802,ASIA,6,0.11864406779658802,day_anchor_std,server_midnight,0,0,0,1,0,0,UNCLASSIFIED,TREND_UNCLASSIFIED,TREND
6337.6,6338.4,6335.4,6337.1,452,100,0,2,0.9975508969435802,ASIA,6,0.11864406779658802,day_anchor_std,server_midnight,0,0,0,1,0,0,UNCLASSIFIED,TREND_UNCLASSIFIED,TREND
6337.1,6337.1,6333.1,6335.1,595,100,0,2,0.997097865613258,ASIA,7,0.0891142050384236,day_anchor_std,server_midnight,0,0,0,1,0,0,UNCLASSIFIED,TREND_UNCLASSIFIED,TREND
6335.1,6348.6,6335.1,6341.4,790,100,0,2,0.997097865613258,ASIA,7,0.0891142050384236,day_anchor_std,server_midnight,0,0,0,1,0,0,UNCLASSIFIED,TREND_UNCLASSIFIED,TREND
6341.4,6345.9,6338.5,6340.6,840,100,0,2,0.997097865613258,ASIA,7,0.0891142050384236,day_anchor_std,server_midnight,0,0,0,1,0,0,UNCLASSIFIED,TREND_UNCLASSIFIED,TREND
6340.6,6341.4,6337.1,6338.1,472,100,0,2,0.997097865613258,ASIA,7,0.0891142050384236,day_anchor_std,server_midnight,0,0,0,1,0,0,UNCLASSIFIED,TREND_UNCLASSIFIED,TREND
6338.1,6339.4,6336.6,6337.4,290,100,0,2,0.999137165487274,ASIA,8,0.086731393362481,day_anchor_std,server_midnight,0,0,0,1,0,0,UNCLASSIFIED,TREND_UNCLASSIFIED,TREND
6337.4,6339.9,6336.8,6338.4,257,100,0,2,0.999137165487274,ASIA,8,0.086731393362481,day_anchor_std,server_midnight,0,0,0,1,0,0,UNCLASSIFIED,TREND_UNCLASSIFIED,TREND
6338.4,6338.9,6335.6,6337.6,283,100,0,2,0.999137165487274,ASIA,8,0.086731393362481,day_anchor_std,server_midnight,0,0,0,1,0,0,UNCLASSIFIED,TREND_UNCLASSIFIED,TREND
6337.6,6341.9,6337.6,6338.4,354,100,0,2,0.999137165487274,ASIA,8,0.086731393362481,day_anchor_std,server_midnight,0,0,0,1,0,0,UNCLASSIFIED,TREND_UNCLASSIFIED,TREND
6338.4,6338.9,6336.6,6338.1,234,100,0,2,0.9913657924317137,ASIA,9,0.18555160061052262,day_anchor_std,server_midnight,0,0,0,1,0,0,UNCLASSIFIED,TREND_UNCLASSIFIED,TREND
6338.1,6341.9,6338.1,6341.9,223,100,0,2,0.9913657924317137,ASIA,9,0.18555160061052262,day_anchor_std,server_midnight,0,0,0,1,0,0,UNCLASSIFIED,TREND_UNCLASSIFIED,TREND
6341.9,6343.6,6339.9,6343.4,262,100,0,2,0.9913657924317137,ASIA,9,0.18555160061052262,day_anchor_std,server_midnight,0,0,0,1,0,0,UNCLASSIFIED,TREND_UNCLASSIFIED,TREND
6343.4,6344.1,6342.4,6343.1,234,100,0,2,0.9913657924317137,ASIA,9,0.18555160061052262,day_anchor_std,server_midnight,0,0,0,1,0,0,UNCLASSIFIED,TREND_UNCLASSIFIED,TREND
6343.1,6345.9,6341.4,6343.9,377,100,0,2,0.997789995696754,LONDON,10,0.3306954063508909,day_anchor_std,server_midnight,0,0,0,0,1,0,UNCLASSIFIED,TREND_UNCLASSIFIED,TREND
6343.9,6348.6,6343.4,6347.9,445,100,0,2,0.997789995696754,LONDON,10,0.3306954063508909,day_anchor_std,server_midnight,0,0,0,0,1,0,UNCLASSIFIED,TREND_UNCLASSIFIED,TREND
6347.9,6350.4,6340.1,6341.1,988,100,0,2,0.997789995696754,LONDON,10,0.3306954063508909,day_anchor_std,server_midnight,0,0,0,0,1,0,UNCLASSIFIED,TREND_UNCLASSIFIED,TREND
6341.1,6342.9,6333.9,6334.9,883,100,0,2,0.997789995696754,LONDON,10,0.3306954063508909,day_anchor_std,server_midnight,0,0,0,0,1,0,UNCLASSIFIED,TREND_UNCLASSIFIED,TREND
6335.0,6338.9,6331.6,6338.0,1040,100,0,2,0.9960197322530896,LONDON,11,0.07924087150931655,day_anchor_std,server_midnight,0,0,0,0,1,0,TREND_STRONG,TREND_STRONG,TREND
6338.0,6338.4,6335.4,6335.9,486,100,0,2,0.9960197322530896,LONDON,11,0.07924087150931655,day_anchor_std,server_midnight,0,0,0,0,1,0,TREND_STRONG,TREND_STRONG,TREND
6335.9,6337.9,6334.6,6337.1,411,100,0,2,0.9960197322530896,LONDON,11,0.07924087150931655,day_anchor_std,server_midnight,0,0,0,0,1,0,TREND_STRONG,TREND_STRONG,TREND
6337.1,6341.4,6336.4,6338.9,296,100,0,2,0.9960197322530896,LONDON,11,0.07924087150931655,day_anchor_std,server_midnight,0,0,0,0,1,0,TREND_STRONG,TREND_STRONG,TREND
6338.9,6347.4,6338.6,6344.9,551,100,0,2,0.9949462931779918,LONDON,12,0.3057766903095505,day_anchor_std,server_midnight,0,0,0,0,1,0,TREND_STRONG,TREND_STRONG,TREND
6344.9,6347.4,6341.9,6346.0,494,100,0,2,0.9949462931779918,LONDON,12,0.3057766903095505,day_anchor_std,server_midnight,0,0,0,0,1,0,TREND_STRONG,TREND_STRONG,TREND
6345.9,6346.9,6343.0,6343.1,469,100,0,2,0.9949462931779918,LONDON,12,0.3057766903095505,day_anchor_std,server_midnight,0,0,0,0,1,0,TREND_STRONG,TREND_STRONG,TREND
6343.1,6347.4,6340.1,6344.9,633,100,0,2,0.9949462931779918,LONDON,12,0.3057766903095505,day_anchor_std,server_midnight,0,0,0,0,1,0,TREND_STRONG,TREND_STRONG,TREND
6344.9,6349.6,6336.1,6340.8,1326,100,0,2,0.9996341750642991,NY,12,0.1595629147865788,day_anchor_std,server_midnight,0,0,0,0,1,0,UNCLASSIFIED,TREND_UNCLASSIFIED,TREND
6340.6,6341.1,6336.1,6337.1,944,100,0,2,0.9996341750642991,NY,12,0.1595629147865788,day_anchor_std,server_midnight,0,0,0,0,1,0,UNCLASSIFIED,TREND_UNCLASSIFIED,TREND
6337.1,6339.1,6332.6,6336.6,786,100,0,2,0.9996341750642991,NY,12,0.1595629147865788,day_anchor_std,server_midnight,0,0,0,0,1,0,UNCLASSIFIED,TREND_UNCLASSIFIED,TREND
6336.3,6344.6,6330.6,6337.9,2496,100,0,2,0.9996341750642991,NY,12,0.1595629147865788,day_anchor_std,server_midnight,0,0,0,0,1,0,UNCLASSIFIED,TREND_UNCLASSIFIED,TREND
6362.1,6363.9,6360.1,6360.4,269,100,0,0,0.022988642573763984,ASIA,2,0.333413384566226,day_anchor_std,server_midnight,1,0,0,0,0,0,BALANCE_LEAKING,BALANCE_LEAKING,BALANCE
6360.4,6361.4,6355.3,6357.1,460,100,0,0,0.022988642573763984,ASIA,2,0.333413384566226,day_anchor_std,server_midnight,1,0,0,0,0,0,BALANCE_LEAKING,BALANCE_LEAKING,BALANCE
6357.1,6358.6,6354.9,6358.4,533,100,0,0,0.022988642573763984,ASIA,2,0.333413384566226,day_anchor_std,server_midnight,1,0,0,0,0,0,BALANCE_LEAKING,BALANCE_LEAKING,BALANCE
6358.4,6359.9,6356.9,6359.6,427,100,0,0,0.022988642573763984,ASIA,2,0.333413384566226,day_anchor_std,server_midnight,1,0,0,0,0,0,BALANCE_LEAKING,BALANCE_LEAKING,BALANCE
6368.9,6384.1,6368.6,6382.6,1140,100,0,1,0.9949225646773184,LONDON,2,2.071585960027862,day_anchor_std,server_midnight,0,0,1,0,0,0,UNCLASSIFIED,TRANSITION_UNCLASSIFIED,TRANSITION
6382.6,6383.6,6375.4,6380.1,730,100,0,1,0.9949225646773184,LONDON,2,2.071585960027862,day_anchor_std,server_midnight,0,0,1,0,0,0,UNCLASSIFIED,TRANSITION_UNCLASSIFIED,TRANSITION
6380.4,6386.9,6376.6,6386.9,873,100,0,1,0.9949225646773184,LONDON,2,2.071585960027862,day_anchor_std,server_midnight,0,0,1,0,0,0,UNCLASSIFIED,TRANSITION_UNCLASSIFIED,TRANSITION
6386.6,6394.9,6385.0,6392.9,877,100,0,1,0.9949225646773184,LONDON,2,2.071585960027862,day_anchor_std,server_midnight,0,0,1,0,0,0,UNCLASSIFIED,TRANSITION_UNCLASSIFIED,TRANSITION
6399.55,6400.5,6393.5,6397.5,807,100,0,2,0.642994311401965,ASIA,3,0.2242321462219463,day_anchor_std,server_midnight,0,0,0,1,0,0,TREND_FRAGILE,TREND_FRAGILE,TREND
6397.5,6397.8,6395.8,6396.2,233,100,0,2,0.642994311401965,ASIA,3,0.2242321462219463,day_anchor_std,server_midnight,0,0,0,1,0,0,TREND_FRAGILE,TREND_FRAGILE,TREND
6396.0,6398.3,6389.8,6389.8,323,100,0,2,0.642994311401965,ASIA,3,0.2242321462219463,day_anchor_std,server_midnight,0,0,0,1,0,0,TREND_FRAGILE,TREND_FRAGILE,TREND
6389.8,6391.5,6388.8,6390.4,279,100,0,2,0.642994311401965,ASIA,3,0.2242321462219463,day_anchor_std,server_midnight,0,0,0,1,0,0,TREND_FRAGILE,TREND_FRAGILE,TREND
6390.3,6398.5,6390.2,6397.3,591,100,0,2,0.9690594749096905,ASIA,4,0.5651442068983245,day_anchor_std,server_midnight,0,0,0,1,0,0,UNCLASSIFIED,TREND_UNCLASSIFIED,TREND
6397.3,6398.2,6396.3,6397.5,280,100,0,2,0.9690594749096905,ASIA,4,0.5651442068983245,day_anchor_std,server_midnight,0,0,0,1,0,0,UNCLASSIFIED,TREND_UNCLASSIFIED,TREND
6397.3,6400.5,6396.8,6400.4,351,100,0,2,0.9690594749096905,ASIA,4,0.5651442068983245,day_anchor_std,server_midnight,0,0,0,1,0,0,UNCLASSIFIED,TREND_UNCLASSIFIED,TREND
6400.3,6404.0,6399.5,6403.3,428,100,0,2,0.9690594749096905,ASIA,4,0.5651442068983245,day_anchor_std,server_midnight,0,0,0,1,0,0,UNCLASSIFIED,TREND_UNCLASSIFIED,TREND
6403.3,6405.0,6402.0,6402.5,263,100,0,2,0.6394516062153769,ASIA,5,0.30325227041551295,day_anchor_std,server_midnight,0,0,0,1,0,0,UNCLASSIFIED,TREND_UNCLASSIFIED,TREND
6402.5,6403.3,6401.0,6402.0,225,100,0,2,0.6394516062153769,ASIA,5,0.30325227041551295,day_anchor_std,server_midnight,0,0,0,1,0,0,UNCLASSIFIED,TREND_UNCLASSIFIED,TREND
6402.0,6404.7,6401.0,6401.8,248,100,0,2,0.6394516062153769,ASIA,5,0.30325227041551295,day_anchor_std,server_midnight,0,0,0,1,0,0,UNCLASSIFIED,TREND_UNCLASSIFIED,TREND
6401.8,6402.0,6399.8,6400.5,191,100,0,2,0.6394516062153769,ASIA,5,0.30325227041551295,day_anchor_std,server_midnight,0,0,0,1,0,0,UNCLASSIFIED,TREND_UNCLASSIFIED,TREND
6400.5,6401.3,6397.0,6397.3,256,100,0,2,0.8034179176277753,ASIA,6,0.08203319312805722,day_anchor_std,server_midnight,0,0,0,1,0,0,UNCLASSIFIED,TREND_UNCLASSIFIED,TREND
6397.3,6397.5,6396.0,6397.0,220,100,0,2,0.8034179176277753,ASIA,6,0.08203319312805722,day_anchor_std,server_midnight,0,0,0,1,0,0,UNCLASSIFIED,TREND_UNCLASSIFIED,TREND
6397.0,6398.5,6396.0,6397.0,220,100,0,2,0.8034179176277753,ASIA,6,0.08203319312805722,day_anchor_std,server_midnight,0,0,0,1,0,0,UNCLASSIFIED,TREND_UNCLASSIFIED,TREND
6397.0,6398.7,6395.8,6397.8,278,100,0,2,0.8034179176277753,ASIA,6,0.08203319312805722,day_anchor_std,server_midnight,0,0,0,1,0,0,UNCLASSIFIED,TREND_UNCLASSIFIED,TREND
6443.9,6447.4,6443.9,6446.9,196,100,0,2,0.990481543372589,ASIA,3,0.011827115877878843,day_anchor_std,server_midnight,0,0,0,1,0,0,UNCLASSIFIED,TREND_UNCLASSIFIED,TREND
6446.9,6448.4,6446.6,6446.9,208,100,0,2,0.990481543372589,ASIA,3,0.011827115877878843,day_anchor_std,server_midnight,0,0,0,1,0,0,UNCLASSIFIED,TREND_UNCLASSIFIED,TREND
6446.9,6447.4,6445.4,6446.3,211,100,0,2,0.990481543372589,ASIA,3,0.011827115877878843,day_anchor_std,server_midnight,0,0,0,1,0,0,UNCLASSIFIED,TREND_UNCLASSIFIED,TREND
6446.1,6446.9,6443.6,6444.0,161,100,0,2,0.990481543372589,ASIA,3,0.011827115877878843,day_anchor_std,server_midnight,0,0,0,1,0,0,UNCLASSIFIED,TREND_UNCLASSIFIED,TREND
6444.0,6445.4,6440.6,6443.1,286,100,0,2,0.9990710769974059,LONDON,4,0.5732127130435171,day_anchor_std,server_midnight,0,0,0,0,1,0,UNCLASSIFIED,TREND_UNCLASSIFIED,TREND
6443.1,6449.1,6443.1,6445.9,280,100,0,2,0.9990710769974059,LONDON,4,0.5732127130435171,day_anchor_std,server_midnight,0,0,0,0,1,0,UNCLASSIFIED,TREND_UNCLASSIFIED,TREND
6445.9,6454.6,6445.9,6454.1,583,100,0,2,0.9990710769974059,LONDON,4,0.5732127130435171,day_anchor_std,server_midnight,0,0,0,0,1,0,UNCLASSIFIED,TREND_UNCLASSIFIED,TREND
6454.1,6454.1,6450.6,6453.6,411,100,0,2,0.9990710769974059,LONDON,4,0.5732127130435171,day_anchor_std,server_midnight,0,0,0,0,1,0,UNCLASSIFIED,TREND_UNCLASSIFIED,TREND
6460.9,6461.9,6458.1,6458.6,298,100,0,2,0.9977875786630851,LONDON,6,0.8013699429475699,day_anchor_std,server_midnight,0,0,0,0,1,0,UNCLASSIFIED,TREND_UNCLASSIFIED,TREND
6458.6,6460.5,6456.4,6458.6,363,100,0,2,0.9977875786630851,LONDON,6,0.8013699429475699,day_anchor_std,server_midnight,0,0,0,0,1,0,UNCLASSIFIED,TREND_UNCLASSIFIED,TREND
6458.4,6460.4,6457.9,6458.9,296,100,0,2,0.9977875786630851,LONDON,6,0.8013699429475699,day_anchor_std,server_midnight,0,0,0,0,1,0,UNCLASSIFIED,TREND_UNCLASSIFIED,TREND
6458.9,6460.4,6456.9,6458.6,361,100,0,2,0.9977875786630851,LONDON,6,0.8013699429475699,day_anchor_std,server_midnight,0,0,0,0,1,0,UNCLASSIFIED,TREND_UNCLASSIFIED,TREND
6459.0,6460.6,6457.6,6460.1,352,100,0,2,0.990815741264833,NY,7,1.553649083634079,day_anchor_std,server_midnight,0,0,0,0,0,1,UNCLASSIFIED,TREND_UNCLASSIFIED,TREND
6459.9,6465.9,6459.6,6463.6,383,100,0,2,0.990815741264833,NY,7,1.553649083634079,day_anchor_std,server_midnight,0,0,0,0,0,1,UNCLASSIFIED,TREND_UNCLASSIFIED,TREND
6463.6,6467.4,6463.1,6466.9,376,100,0,2,0.990815741264833,NY,7,1.553649083634079,day_anchor_std,server_midnight,0,0,0,0,0,1,UNCLASSIFIED,TREND_UNCLASSIFIED,TREND
6467.3,6479.9,6462.6,6474.1,2062,100,0,2,0.990815741264833,NY,7,1.553649083634079,day_anchor_std,server_midnight,0,0,0,0,0,1,UNCLASSIFIED,TREND_UNCLASSIFIED,TREND
6474.1,6474.9,6457.3,6459.9,2169,100,0,2,0.9151072103935378,NY,8,0.08529509884645654,day_anchor_std,server_midnight,0,0,0,0,1,0,TREND_FRAGILE,TREND_FRAGILE,TREND
6459.9,6461.5,6453.3,6455.7,1795,100,0,2,0.9151072103935378,NY,8,0.08529509884645654,day_anchor_std,server_midnight,0,0,0,0,1,0,TREND_FRAGILE,TREND_FRAGILE,TREND
6455.5,6457.9,6447.9,6453.8,1568,100,0,2,0.9151072103935378,NY,8,0.08529509884645654,day_anchor_std,server_midnight,0,0,0,0,1,0,TREND_FRAGILE,TREND_FRAGILE,TREND
6453.8,6459.8,6450.9,6451.6,1277,100,0,2,0.9151072103935378,NY,8,0.08529509884645654,day_anchor_std,server_midnight,0,0,0,0,1,0,TREND_FRAGILE,TREND_FRAGILE,TREND
6460.2,6462.4,6460.2,6460.2,132,100,0,0,0.9716417897593812,ASIA,2,0.3694186830831603,day_anchor_std,server_midnight,1,0,0,0,0,0,BALANCE_LEAKING,BALANCE_LEAKING,BALANCE
6460.2,6463.5,6459.7,6463.0,136,100,0,0,0.9716417897593812,ASIA,2,0.3694186830831603,day_anchor_std,server_midnight,1,0,0,0,0,0,BALANCE_LEAKING,BALANCE_LEAKING,BALANCE
6463.0,6463.2,6459.6,6461.5,202,100,0,0,0.9716417897593812,ASIA,2,0.3694186830831603,day_anchor_std,server_midnight,1,0,0,0,0,0,BALANCE_LEAKING,BALANCE_LEAKING,BALANCE
6461.5,6462.2,6455.7,6457.7,396,100,0,0,0.9716417897593812,ASIA,2,0.3694186830831603,day_anchor_std,server_midnight,1,0,0,0,0,0,BALANCE_LEAKING,BALANCE_LEAKING,BALANCE
6466.9,6470.9,6464.9,6468.1,458,100,0,2,0.7842007792191221,ASIA,3,0.007662835249000299,day_anchor_std,server_midnight,0,0,0,1,0,0,UNCLASSIFIED,TREND_UNCLASSIFIED,TREND
6468.1,6470.4,6467.1,6470.4,237,100,0,2,0.7842007792191221,ASIA,3,0.007662835249000299,day_anchor_std,server_midnight,0,0,0,1,0,0,UNCLASSIFIED,TREND_UNCLASSIFIED,TREND
6470.4,6472.4,6470.1,6471.0,250,100,0,2,0.7842007792191221,ASIA,3,0.007662835249000299,day_anchor_std,server_midnight,0,0,0,1,0,0,UNCLASSIFIED,TREND_UNCLASSIFIED,TREND
6470.9,6472.6,6468.6,6468.6,304,100,0,2,0.7842007792191221,ASIA,3,0.007662835249000299,day_anchor_std,server_midnight,0,0,0,1,0,0,UNCLASSIFIED,TREND_UNCLASSIFIED,TREND
6468.6,6469.9,6465.6,6468.5,467,100,0,2,0.8329587062666853,ASIA,4,0.37062529578107734,day_anchor_std,server_midnight,0,0,0,1,0,0,TREND_STRONG,TREND_STRONG,TREND
6468.6,6473.9,6468.4,6470.6,360,100,0,2,0.8329587062666853,ASIA,4,0.37062529578107734,day_anchor_std,server_midnight,0,0,0,1,0,0,TREND_STRONG,TREND_STRONG,TREND
6470.6,6473.6,6470.1,6473.1,354,100,0,2,0.8329587062666853,ASIA,4,0.37062529578107734,day_anchor_std,server_midnight,0,0,0,1,0,0,TREND_STRONG,TREND_STRONG,TREND
6473.4,6477.9,6473.1,6475.9,304,100,0,2,0.8329587062666853,ASIA,4,0.37062529578107734,day_anchor_std,server_midnight,0,0,0,1,0,0,TREND_STRONG,TREND_STRONG,TREND
6475.9,6479.5,6475.9,6477.9,291,100,0,2,0.7477133479860469,ASIA,5,0.537199235700257,day_anchor_std,server_midnight,0,0,0,1,0,0,TREND_STRONG,TREND_STRONG,TREND
6477.9,6478.9,6476.4,6477.9,205,100,0,2,0.7477133479860469,ASIA,5,0.537199235700257,day_anchor_std,server_midnight,0,0,0,1,0,0,TREND_STRONG,TREND_STRONG,TREND
6477.9,6479.1,6476.9,6477.9,190,100,0,2,0.7477133479860469,ASIA,5,0.537199235700257,day_anchor_std,server_midnight,0,0,0,1,0,0,TREND_STRONG,TREND_STRONG,TREND
6477.9,6479.6,6475.9,6479.1,206,100,0,2,0.7477133479860469,ASIA,5,0.537199235700257,day_anchor_std,server_midnight,0,0,0,1,0,0,TREND_STRONG,TREND_STRONG,TREND
6479.1,6482.6,6479.1,6480.6,234,100,0,2,0.7531465770938343,ASIA,6,0.8105531032345231,day_anchor_std,server_midnight,0,0,0,1,0,0,TREND_STRONG,TREND_STRONG,TREND
6480.6,6483.6,6480.4,6481.9,196,100,0,2,0.7531465770938343,ASIA,6,0.8105531032345231,day_anchor_std,server_midnight,0,0,0,1,0,0,TREND_STRONG,TREND_STRONG,TREND
6481.9,6484.6,6480.4,6480.6,234,100,0,2,0.7531465770938343,ASIA,6,0.8105531032345231,day_anchor_std,server_midnight,0,0,0,1,0,0,TREND_STRONG,TREND_STRONG,TREND
6480.6,6484.6,6480.5,6483.9,182,100,0,2,0.7531465770938343,ASIA,6,0.8105531032345231,day_anchor_std,server_midnight,0,0,0,1,0,0,TREND_STRONG,TREND_STRONG,TREND
6483.9,6485.6,6482.1,6483.1,357,100,0,2,0.8336033721489605,LONDON,7,0.691706042696449,day_anchor_std,server_midnight,0,0,0,0,1,0,TREND_STRONG,TREND_STRONG,TREND
6483.1,6486.6,6483.1,6484.0,311,100,0,2,0.8336033721489605,LONDON,7,0.691706042696449,day_anchor_std,server_midnight,0,0,0,0,1,0,TREND_STRONG,TREND_STRONG,TREND
6484.5,6486.4,6481.9,6483.9,480,100,0,2,0.8336033721489605,LONDON,7,0.691706042696449,day_anchor_std,server_midnight,0,0,0,0,1,0,TREND_STRONG,TREND_STRONG,TREND
6483.9,6484.4,6481.4,6483.4,356,100,0,2,0.8336033721489605,LONDON,7,0.691706042696449,day_anchor_std,server_midnight,0,0,0,0,1,0,TREND_STRONG,TREND_STRONG,TREND
6413.9,6417.9,6410.8,6411.4,731,100,0,2,0.7859011201739861,ASIA,5,0.192496562561357,day_anchor_std,server_midnight,0,0,0,1,0,0,TREND_STRONG,TREND_STRONG,TREND
6411.4,6415.1,6411.0,6412.6,396,100,0,2,0.7859011201739861,ASIA,5,0.192496562561357,day_anchor_std,server_midnight,0,0,0,1,0,0,TREND_STRONG,TREND_STRONG,TREND
6412.8,6414.6,6404.9,6409.9,563,100,0,2,0.7859011201739861,ASIA,5,0.192496562561357,day_anchor_std,server_midnight,0,0,0,1,0,0,TREND_STRONG,TREND_STRONG,TREND
6409.6,6410.1,6405.6,6407.9,570,100,0,2,0.7859011201739861,ASIA,5,0.192496562561357,day_anchor_std,server_midnight,0,0,0,1,0,0,TREND_STRONG,TREND_STRONG,TREND
6408.0,6408.1,6403.1,6405.1,1004,100,0,2,0.9920894551026027,ASIA,6,0.6545833953026509,day_anchor_std,server_midnight,0,0,0,1,0,0,TREND_STRONG,TREND_STRONG,TREND
6405.1,6407.4,6402.9,6405.4,606,100,0,2,0.9920894551026027,ASIA,6,0.6545833953026509,day_anchor_std,server_midnight,0,0,0,1,0,0,TREND_STRONG,TREND_STRONG,TREND
6405.4,6407.9,6399.9,6400.6,722,100,0,2,0.9920894551026027,ASIA,6,0.6545833953026509,day_anchor_std,server_midnight,0,0,0,1,0,0,TREND_STRONG,TREND_STRONG,TREND
6400.4,6401.6,6398.3,6399.1,747,100,0,2,0.9920894551026027,ASIA,6,0.6545833953026509,day_anchor_std,server_midnight,0,0,0,1,0,0,TREND_STRONG,TREND_STRONG,TREND
6399.1,6400.9,6396.1,6400.4,519,100,0,2,0.9937599674545426,ASIA,7,1.0669992872416674,day_anchor_std,server_midnight,0,0,0,0,0,1,TREND_STRONG,TREND_STRONG,TREND
6400.4,6401.4,6399.4,6400.1,339,100,0,2,0.9937599674545426,ASIA,7,1.0669992872416674,day_anchor_std,server_midnight,0,0,0,0,0,1,TREND_STRONG,TREND_STRONG,TREND
6400.1,6400.8,6393.6,6395.9,471,100,0,2,0.9937599674545426,ASIA,7,1.0669992872416674,day_anchor_std,server_midnight,0,0,0,0,0,1,TREND_STRONG,TREND_STRONG,TREND
6395.9,6397.4,6390.0,6391.1,494,100,0,2,0.9937599674545426,ASIA,7,1.0669992872416674,day_anchor_std,server_midnight,0,0,0,0,0,1,TREND_STRONG,TREND_STRONG,TREND
6391.1,6395.9,6390.9,6395.8,400,100,0,2,0.9291562420922209,ASIA,8,0.6070054222398622,day_anchor_std,server_midnight,0,0,0,1,0,0,UNCLASSIFIED,TREND_UNCLASSIFIED,TREND
6395.6,6396.1,6391.9,6393.4,348,100,0,2,0.9291562420922209,ASIA,8,0.6070054222398622,day_anchor_std,server_midnight,0,0,0,1,0,0,UNCLASSIFIED,TREND_UNCLASSIFIED,TREND
6393.4,6393.4,6389.6,6391.4,401,100,0,2,0.9291562420922209,ASIA,8,0.6070054222398622,day_anchor_std,server_midnight,0,0,0,1,0,0,UNCLASSIFIED,TREND_UNCLASSIFIED,TREND
6391.4,6396.6,6390.9,6396.1,403,100,0,2,0.9291562420922209,ASIA,8,0.6070054222398622,day_anchor_std,server_midnight,0,0,0,1,0,0,UNCLASSIFIED,TREND_UNCLASSIFIED,TREND
6396.1,6397.9,6391.9,6394.4,611,100,0,2,0.6958734821231811,LONDON,9,0.2333319830428512,day_anchor_std,server_midnight,0,0,0,0,1,0,UNCLASSIFIED,TREND_UNCLASSIFIED,TREND
6394.4,6399.6,6393.9,6398.4,621,100,0,2,0.6958734821231811,LONDON,9,0.2333319830428512,day_anchor_std,server_midnight,0,0,0,0,1,0,UNCLASSIFIED,TREND_UNCLASSIFIED,TREND
6398.6,6405.9,6397.9,6403.4,921,100,0,2,0.6958734821231811,LONDON,9,0.2333319830428512,day_anchor_std,server_midnight,0,0,0,0,1,0,UNCLASSIFIED,TREND_UNCLASSIFIED,TREND
6403.4,6403.4,6400.1,6400.4,505,100,0,2,0.6958734821231811,LONDON,9,0.2333319830428512,day_anchor_std,server_midnight,0,0,0,0,1,0,UNCLASSIFIED,TREND_UNCLASSIFIED,TREND
6400.4,6401.1,6393.0,6394.1,879,100,0,2,0.5240102482509481,LONDON,10,0.08136546634824761,day_anchor_std,server_midnight,0,0,0,0,1,0,UNCLASSIFIED,TREND_UNCLASSIFIED,TREND
6394.1,6402.6,6393.1,6400.1,657,100,0,2,0.5240102482509481,LONDON,10,0.08136546634824761,day_anchor_std,server_midnight,0,0,0,0,1,0,UNCLASSIFIED,TREND_UNCLASSIFIED,TREND
6400.1,6404.6,6398.1,6403.4,457,100,0,2,0.5240102482509481,LONDON,10,0.08136546634824761,day_anchor_std,server_midnight,0,0,0,0,1,0,UNCLASSIFIED,TREND_UNCLASSIFIED,TREND
6403.4,6406.1,6402.9,6404.6,314,100,0,2,0.5240102482509481,LONDON,10,0.08136546634824761,day_anchor_std,server_midnight,0,0,0,0,1,0,UNCLASSIFIED,TREND_UNCLASSIFIED,TREND
6404.6,6408.1,6403.5,6406.1,304,100,0,2,0.2201129901434986,LONDON,11,0.09510001820893578,day_anchor_std,server_midnight,0,0,0,0,1,0,TREND_STRONG,TREND_STRONG,TREND
6406.1,6407.1,6401.3,6405.6,404,100,0,2,0.2201129901434986,LONDON,11,0.09510001820893578,day_anchor_std,server_midnight,0,0,0,0,1,0,TREND_STRONG,TREND_STRONG,TREND
6405.4,6409.9,6402.6,6403.0,667,100,0,2,0.2201129901434986,LONDON,11,0.09510001820893578,day_anchor_std,server_midnight,0,0,0,0,1,0,TREND_STRONG,TREND_STRONG,TREND
6403.1,6406.6,6399.4,6404.9,745,100,0,2,0.2201129901434986,LONDON,11,0.09510001820893578,day_anchor_std,server_midnight,0,0,0,0,1,0,TREND_STRONG,TREND_STRONG,TREND
6404.6,6408.8,6404.6,6405.6,629,100,0,2,0.9850142634843744,NY,12,1.9640725101088288,day_anchor_std,server_midnight,0,0,0,0,0,1,TREND_STRONG,TREND_STRONG,TREND
6405.6,6410.1,6402.1,6407.4,786,100,0,2,0.9850142634843744,NY,12,1.9640725101088288,day_anchor_std,server_midnight,0,0,0,0,0,1,TREND_STRONG,TREND_STRONG,TREND
6407.4,6409.0,6404.1,6408.4,671,100,0,2,0.9850142634843744,NY,12,1.9640725101088288,day_anchor_std,server_midnight,0,0,0,0,0,1,TREND_STRONG,TREND_STRONG,TREND
6408.6,6411.1,6363.0,6367.0,3839,100,0,2,0.9850142634843744,NY,12,1.9640725101088288,day_anchor_std,server_midnight,0,0,0,0,0,1,TREND_STRONG,TREND_STRONG,TREND
6366.4,6376.3,6350.2,6353.1,4099,100,0,2,0.9709164778710025,NY,12,1.3911082384433555,day_anchor_std,server_midnight,0,0,0,0,0,1,UNCLASSIFIED,TREND_UNCLASSIFIED,TREND
6352.9,6358.0,6343.2,6347.6,3290,100,0,2,0.9709164778710025,NY,12,1.3911082384433555,day_anchor_std,server_midnight,0,0,0,0,0,1,UNCLASSIFIED,TREND_UNCLASSIFIED,TREND
6347.6,6378.3,6345.9,6377.9,2337,100,0,2,0.9709164778710025,NY,12,1.3911082384433555,day_anchor_std,server_midnight,0,0,0,0,0,1,UNCLASSIFIED,TREND_UNCLASSIFIED,TREND
6377.7,6383.3,6361.7,6365.9,2283,100,0,2,0.9709164778710025,NY,12,1.3911082384433555,day_anchor_std,server_midnight,0,0,0,0,0,1,UNCLASSIFIED,TREND_UNCLASSIFIED,TREND
6456.3,6459.9,6450.7,6455.1,1970,100,0,2,0.5217145841598028,NY,3,0.18227161832173372,day_anchor_std,server_midnight,0,0,0,0,1,0,UNCLASSIFIED,TREND_UNCLASSIFIED,TREND
6455.1,6458.2,6450.9,6457.8,1489,100,0,2,0.5217145841598028,NY,3,0.18227161832173372,day_anchor_std,server_midnight,0,0,0,0,1,0,UNCLASSIFIED,TREND_UNCLASSIFIED,TREND
6457.6,6464.3,6455.8,6462.8,1096,100,0,2,0.5217145841598028,NY,3,0.18227161832173372,day_anchor_std,server_midnight,0,0,0,0,1,0,UNCLASSIFIED,TREND_UNCLASSIFIED,TREND
6462.8,6464.3,6458.8,6463.3,898,100,0,2,0.5217145841598028,NY,3,0.18227161832173372,day_anchor_std,server_midnight,0,0,0,0,1,0,UNCLASSIFIED,TREND_UNCLASSIFIED,TREND
6458.5,6459.2,6453.2,6455.2,644,100,0,1,0.9429617860795769,NY_PM,2,1.669439320906564,day_anchor_std,server_midnight,0,0,1,0,0,0,UNCLASSIFIED,TRANSITION_UNCLASSIFIED,TRANSITION
6455.2,6456.3,6452.3,6452.9,576,100,0,1,0.9429617860795769,NY_PM,2,1.669439320906564,day_anchor_std,server_midnight,0,0,1,0,0,0,UNCLASSIFIED,TRANSITION_UNCLASSIFIED,TRANSITION
6452.9,6455.0,6449.8,6450.5,731,100,0,1,0.9429617860795769,NY_PM,2,1.669439320906564,day_anchor_std,server_midnight,0,0,1,0,0,0,UNCLASSIFIED,TRANSITION_UNCLASSIFIED,TRANSITION
6450.5,6451.9,6437.3,6438.4,860,100,0,1,0.9429617860795769,NY_PM,2,1.669439320906564,day_anchor_std,server_midnight,0,0,1,0,0,0,UNCLASSIFIED,TRANSITION_UNCLASSIFIED,TRANSITION
6433.7,6437.2,6433.2,6436.9,410,100,0,0,0.08202405374662547,LONDON,2,0.12480056991452254,day_anchor_std,server_midnight,1,0,0,0,0,0,BALANCE_LEAKING,BALANCE_LEAKING,BALANCE
6436.9,6437.7,6435.4,6435.9,378,100,0,0,0.08202405374662547,LONDON,2,0.12480056991452254,day_anchor_std,server_midnight,1,0,0,0,0,0,BALANCE_LEAKING,BALANCE_LEAKING,BALANCE
6436.1,6436.9,6432.2,6432.7,423,100,0,0,0.08202405374662547,LONDON,2,0.12480056991452254,day_anchor_std,server_midnight,1,0,0,0,0,0,BALANCE_LEAKING,BALANCE_LEAKING,BALANCE
6432.7,6434.2,6428.2,6433.4,605,100,0,0,0.08202405374662547,LONDON,2,0.12480056991452254,day_anchor_std,server_midnight,1,0,0,0,0,0,BALANCE_LEAKING,BALANCE_LEAKING,BALANCE
6471.4,6473.1,6469.8,6471.5,345,100,0,2,0.2524586501754893,ASIA,3,0.02851059890786166,day_anchor_std,server_midnight,0,0,0,1,0,0,UNCLASSIFIED,TREND_UNCLASSIFIED,TREND
6471.5,6472.6,6471.1,6471.4,159,100,0,2,0.2524586501754893,ASIA,3,0.02851059890786166,day_anchor_std,server_midnight,0,0,0,1,0,0,UNCLASSIFIED,TREND_UNCLASSIFIED,TREND
6471.4,6472.4,6470.4,6471.1,164,100,0,2,0.2524586501754893,ASIA,3,0.02851059890786166,day_anchor_std,server_midnight,0,0,0,1,0,0,UNCLASSIFIED,TREND_UNCLASSIFIED,TREND
6471.1,6472.6,6470.8,6470.9,157,100,0,2,0.2524586501754893,ASIA,3,0.02851059890786166,day_anchor_std,server_midnight,0,0,0,1,0,0,UNCLASSIFIED,TREND_UNCLASSIFIED,TREND
6470.9,6471.4,6468.1,6468.4,332,100,0,2,0.9904525790819582,ASIA,4,0.13646197830481804,day_anchor_std,server_midnight,0,0,0,1,0,0,TREND_STRONG,TREND_STRONG,TREND
6468.4,6469.1,6467.9,6468.4,143,100,0,2,0.9904525790819582,ASIA,4,0.13646197830481804,day_anchor_std,server_midnight,0,0,0,1,0,0,TREND_STRONG,TREND_STRONG,TREND
6468.4,6470.6,6468.4,6469.6,186,100,0,2,0.9904525790819582,ASIA,4,0.13646197830481804,day_anchor_std,server_midnight,0,0,0,1,0,0,TREND_STRONG,TREND_STRONG,TREND
6469.6,6473.4,6469.4,6473.1,227,100,0,2,0.9904525790819582,ASIA,4,0.13646197830481804,day_anchor_std,server_midnight,0,0,0,1,0,0,TREND_STRONG,TREND_STRONG,TREND
6473.1,6473.6,6470.9,6471.4,184,100,0,2,0.963395685831332,ASIA,5,0.06307905815249777,day_anchor_std,server_midnight,0,0,0,1,0,0,TREND_STRONG,TREND_STRONG,TREND
6471.4,6471.6,6470.6,6470.9,142,100,0,2,0.963395685831332,ASIA,5,0.06307905815249777,day_anchor_std,server_midnight,0,0,0,1,0,0,TREND_STRONG,TREND_STRONG,TREND
6470.9,6472.9,6470.9,6471.1,134,100,0,2,0.963395685831332,ASIA,5,0.06307905815249777,day_anchor_std,server_midnight,0,0,0,1,0,0,TREND_STRONG,TREND_STRONG,TREND
6471.1,6472.1,6470.9,6472.1,114,100,0,2,0.963395685831332,ASIA,5,0.06307905815249777,day_anchor_std,server_midnight,0,0,0,1,0,0,TREND_STRONG,TREND_STRONG,TREND
6472.1,6472.1,6470.6,6471.9,113,100,0,2,0.9268697670317698,ASIA,6,0.2238909243767856,day_anchor_std,server_midnight,0,0,0,1,0,0,TREND_STRONG,TREND_STRONG,TREND
6471.9,6472.9,6471.6,6471.9,102,100,0,2,0.9268697670317698,ASIA,6,0.2238909243767856,day_anchor_std,server_midnight,0,0,0,1,0,0,TREND_STRONG,TREND_STRONG,TREND
6471.9,6471.9,6468.1,6468.6,169,100,0,2,0.9268697670317698,ASIA,6,0.2238909243767856,day_anchor_std,server_midnight,0,0,0,1,0,0,TREND_STRONG,TREND_STRONG,TREND
6468.9,6469.6,6467.6,6468.6,135,100,0,2,0.9268697670317698,ASIA,6,0.2238909243767856,day_anchor_std,server_midnight,0,0,0,1,0,0,TREND_STRONG,TREND_STRONG,TREND
6468.6,6471.9,6467.6,6470.9,289,100,0,2,0.9974356605941431,LONDON,7,0.27780087416717714,day_anchor_std,server_midnight,0,0,0,0,1,0,TREND_STRONG,TREND_STRONG,TREND
6470.6,6471.9,6468.4,6468.9,294,100,0,2,0.9974356605941431,LONDON,7,0.27780087416717714,day_anchor_std,server_midnight,0,0,0,0,1,0,TREND_STRONG,TREND_STRONG,TREND
6468.9,6472.1,6463.1,6464.1,511,100,0,2,0.9974356605941431,LONDON,7,0.27780087416717714,day_anchor_std,server_midnight,0,0,0,0,1,0,TREND_STRONG,TREND_STRONG,TREND
6464.1,6467.4,6463.1,6467.1,541,100,0,2,0.9974356605941431,LONDON,7,0.27780087416717714,day_anchor_std,server_midnight,0,0,0,0,1,0,TREND_STRONG,TREND_STRONG,TREND
6466.9,6469.1,6463.9,6464.9,514,100,0,2,0.9503827290760484,LONDON,8,0.023477749831575984,day_anchor_std,server_midnight,0,0,0,0,1,0,TREND_STRONG,TREND_STRONG,TREND
6465.0,6466.9,6462.6,6466.6,495,100,0,2,0.9503827290760484,LONDON,8,0.023477749831575984,day_anchor_std,server_midnight,0,0,0,0,1,0,TREND_STRONG,TREND_STRONG,TREND
6466.6,6470.0,6466.1,6469.6,296,100,0,2,0.9503827290760484,LONDON,8,0.023477749831575984,day_anchor_std,server_midnight,0,0,0,0,1,0,TREND_STRONG,TREND_STRONG,TREND
6469.6,6470.9,6469.1,6469.4,180,100,0,2,0.9503827290760484,LONDON,8,0.023477749831575984,day_anchor_std,server_midnight,0,0,0,0,1,0,TREND_STRONG,TREND_STRONG,TREND
6469.4,6470.6,6468.4,6470.6,238,100,0,2,0.9663958156185556,LONDON,9,0.11955060616656371,day_anchor_std,server_midnight,0,0,0,0,1,0,TREND_STRONG,TREND_STRONG,TREND
6470.6,6470.9,6469.1,6469.4,224,100,0,2,0.9663958156185556,LONDON,9,0.11955060616656371,day_anchor_std,server_midnight,0,0,0,0,1,0,TREND_STRONG,TREND_STRONG,TREND
6469.3,6471.1,6468.6,6470.4,251,100,0,2,0.9663958156185556,LONDON,9,0.11955060616656371,day_anchor_std,server_midnight,0,0,0,0,1,0,TREND_STRONG,TREND_STRONG,TREND
6470.4,6472.1,6469.9,6470.6,171,100,0,2,0.9663958156185556,LONDON,9,0.11955060616656371,day_anchor_std,server_midnight,0,0,0,0,1,0,TREND_STRONG,TREND_STRONG,TREND
6470.6,6473.1,6468.4,6469.1,314,100,0,2,0.7538632636514496,NY,10,0.19255881470321543,day_anchor_std,server_midnight,0,0,0,0,1,0,TREND_STRONG,TREND_STRONG,TREND
6468.9,6469.6,6462.4,6465.1,692,100,0,2,0.7538632636514496,NY,10,0.19255881470321543,day_anchor_std,server_midnight,0,0,0,0,1,0,TREND_STRONG,TREND_STRONG,TREND
6465.1,6465.6,6456.9,6458.6,751,100,0,2,0.7538632636514496,NY,10,0.19255881470321543,day_anchor_std,server_midnight,0,0,0,0,1,0,TREND_STRONG,TREND_STRONG,TREND
6457.9,6468.1,6457.3,6466.4,2232,100,0,2,0.7538632636514496,NY,10,0.19255881470321543,day_anchor_std,server_midnight,0,0,0,0,1,0,TREND_STRONG,TREND_STRONG,TREND
6466.4,6477.1,6465.6,6474.7,1191,100,0,2,0.702659835566018,NY,11,0.9739286586855151,day_anchor_std,server_midnight,0,0,0,0,1,1,TREND_STRONG,TREND_STRONG,TREND
6474.7,6477.4,6471.2,6475.4,877,100,0,2,0.702659835566018,NY,11,0.9739286586855151,day_anchor_std,server_midnight,0,0,0,0,1,1,TREND_STRONG,TREND_STRONG,TREND
6475.5,6478.9,6475.3,6476.5,617,100,0,2,0.702659835566018,NY,11,0.9739286586855151,day_anchor_std,server_midnight,0,0,0,0,1,1,TREND_STRONG,TREND_STRONG,TREND
6476.5,6480.1,6472.5,6478.9,522,100,0,2,0.702659835566018,NY,11,0.9739286586855151,day_anchor_std,server_midnight,0,0,0,0,1,1,TREND_STRONG,TREND_STRONG,TREND
6478.9,6479.4,6468.2,6472.9,700,100,0,2,0.9689938345010211,NY_PM,12,1.096622359464285,day_anchor_std,server_midnight,0,0,0,0,0,1,TREND_STRONG,TREND_STRONG,TREND
6472.9,6478.5,6467.0,6476.3,770,100,0,2,0.9689938345010211,NY_PM,12,1.096622359464285,day_anchor_std,server_midnight,0,0,0,0,0,1,TREND_STRONG,TREND_STRONG,TREND
6476.3,6478.8,6474.0,6477.7,545,100,0,2,0.9689938345010211,NY_PM,12,1.096622359464285,day_anchor_std,server_midnight,0,0,0,0,0,1,TREND_STRONG,TREND_STRONG,TREND
6477.7,6481.4,6477.7,6480.9,367,100,0,2,0.9689938345010211,NY_PM,12,1.096622359464285,day_anchor_std,server_midnight,0,0,0,0,0,1,TREND_STRONG,TREND_STRONG,TREND
6480.9,6486.8,6479.1,6485.8,557,100,0,2,0.8834367875161586,NY_PM,12,0.7944744237227284,day_anchor_std,server_midnight,0,0,0,0,1,0,UNCLASSIFIED,TREND_UNCLASSIFIED,TREND
6485.7,6486.2,6483.2,6483.4,373,100,0,2,0.8834367875161586,NY_PM,12,0.7944744237227284,day_anchor_std,server_midnight,0,0,0,0,1,0,UNCLASSIFIED,TREND_UNCLASSIFIED,TREND
6483.4,6483.7,6471.2,6479.7,841,100,0,2,0.8834367875161586,NY_PM,12,0.7944744237227284,day_anchor_std,server_midnight,0,0,0,0,1,0,UNCLASSIFIED,TREND_UNCLASSIFIED,TREND
6480.0,6486.8,6478.9,6478.9,766,100,0,2,0.8834367875161586,NY_PM,12,0.7944744237227284,day_anchor_std,server_midnight,0,0,0,0,1,0,UNCLASSIFIED,TREND_UNCLASSIFIED,TREND
6452.6,6457.8,6451.5,6454.6,632,100,0,1,0.733252071157395,LONDON,1,2.38913167234325,day_anchor_std,server_midnight,0,0,1,0,0,0,UNCLASSIFIED,TRANSITION_UNCLASSIFIED,TRANSITION
6454.8,6460.1,6454.3,6459.5,506,100,0,1,0.733252071157395,LONDON,1,2.38913167234325,day_anchor_std,server_midnight,0,0,1,0,0,0,UNCLASSIFIED,TRANSITION_UNCLASSIFIED,TRANSITION
6459.5,6460.6,6441.1,6448.6,1716,100,0,1,0.733252071157395,LONDON,1,2.38913167234325,day_anchor_std,server_midnight,0,0,1,0,0,0,UNCLASSIFIED,TRANSITION_UNCLASSIFIED,TRANSITION
6448.6,6450.1,6416.1,6418.3,2301,100,0,1,0.733252071157395,LONDON,1,2.38913167234325,day_anchor_std,server_midnight,0,0,1,0,0,0,UNCLASSIFIED,TRANSITION_UNCLASSIFIED,TRANSITION
6426.1,6429.1,6415.6,6416.3,806,100,0,1,0.99822225828787,LONDON,3,2.2791696195924755,day_anchor_std,server_midnight,0,0,1,0,0,0,TRANSITION_NOISY,TRANSITION_NOISY,TRANSITION
6416.3,6418.1,6409.75,6414.8,1259,100,0,1,0.99822225828787,LONDON,3,2.2791696195924755,day_anchor_std,server_midnight,0,0,1,0,0,0,TRANSITION_NOISY,TRANSITION_NOISY,TRANSITION
6415.1,6416.1,6410.3,6412.6,1035,100,0,1,0.99822225828787,LONDON,3,2.2791696195924755,day_anchor_std,server_midnight,0,0,1,0,0,0,TRANSITION_NOISY,TRANSITION_NOISY,TRANSITION
6412.6,6414.3,6409.1,6410.6,903,100,0,1,0.99822225828787,LONDON,3,2.2791696195924755,day_anchor_std,server_midnight,0,0,1,0,0,0,TRANSITION_NOISY,TRANSITION_NOISY,TRANSITION
6409.8,6410.1,6396.6,6397.6,1405,100,0,1,0.9296164418440355,NY,4,2.0190092344367043,day_anchor_std,server_midnight,0,0,1,0,0,0,TRANSITION_NOISY,TRANSITION_NOISY,TRANSITION
6397.6,6399.3,6376.0,6384.2,1679,100,0,1,0.9296164418440355,NY,4,2.0190092344367043,day_anchor_std,server_midnight,0,0,1,0,0,0,TRANSITION_NOISY,TRANSITION_NOISY,TRANSITION
6384.8,6390.8,6380.6,6386.5,1773,100,0,1,0.9296164418440355,NY,4,2.0190092344367043,day_anchor_std,server_midnight,0,0,1,0,0,0,TRANSITION_NOISY,TRANSITION_NOISY,TRANSITION
6386.5,6403.9,6371.7,6401.65,4191,100,0,1,0.9296164418440355,NY,4,2.0190092344367043,day_anchor_std,server_midnight,0,0,1,0,0,0,TRANSITION_NOISY,TRANSITION_NOISY,TRANSITION
6401.8,6411.6,6392.7,6405.8,3858,100,0,1,0.9941182170266897,NY,5,3.3525729223296543,day_anchor_std,server_midnight,0,0,1,0,0,0,UNCLASSIFIED,TRANSITION_UNCLASSIFIED,TRANSITION
6405.6,6407.0,6383.1,6387.3,2952,100,0,1,0.9941182170266897,NY,5,3.3525729223296543,day_anchor_std,server_midnight,0,0,1,0,0,0,UNCLASSIFIED,TRANSITION_UNCLASSIFIED,TRANSITION
6387.2,6390.2,6372.3,6376.1,2161,100,0,1,0.9941182170266897,NY,5,3.3525729223296543,day_anchor_std,server_midnight,0,0,1,0,0,0,UNCLASSIFIED,TRANSITION_UNCLASSIFIED,TRANSITION
6376.4,6376.4,6359.8,6363.0,1619,100,0,1,0.9941182170266897,NY,5,3.3525729223296543,day_anchor_std,server_midnight,0,0,1,0,0,0,UNCLASSIFIED,TRANSITION_UNCLASSIFIED,TRANSITION
6436.55,6436.9,6430.4,6431.4,698,100,0,0,0.459857326502877,ASIA,3,0.16681943171408645,day_anchor_std,server_midnight,1,0,0,0,0,0,BALANCE_LEAKING,BALANCE_LEAKING,BALANCE
6431.4,6433.8,6424.9,6425.9,405,100,0,0,0.459857326502877,ASIA,3,0.16681943171408645,day_anchor_std,server_midnight,1,0,0,0,0,0,BALANCE_LEAKING,BALANCE_LEAKING,BALANCE
6425.9,6426.6,6422.6,6424.9,254,100,0,0,0.459857326502877,ASIA,3,0.16681943171408645,day_anchor_std,server_midnight,1,0,0,0,0,0,BALANCE_LEAKING,BALANCE_LEAKING,BALANCE
6424.9,6425.6,6423.1,6423.9,297,100,0,0,0.459857326502877,ASIA,3,0.16681943171408645,day_anchor_std,server_midnight,1,0,0,0,0,0,BALANCE_LEAKING,BALANCE_LEAKING,BALANCE
6505.15,6508.1,6503.8,6505.4,490,100,0,2,0.9218718128656892,ASIA,5,0.008111239860979622,day_anchor_std,server_midnight,0,0,0,1,0,0,TREND_STRONG,TREND_STRONG,TREND
6505.4,6507.5,6504.4,6506.9,256,100,0,2,0.9218718128656892,ASIA,5,0.008111239860979622,day_anchor_std,server_midnight,0,0,0,1,0,0,TREND_STRONG,TREND_STRONG,TREND
6506.9,6508.0,6506.4,6507.4,209,100,0,2,0.9218718128656892,ASIA,5,0.008111239860979622,day_anchor_std,server_midnight,0,0,0,1,0,0,TREND_STRONG,TREND_STRONG,TREND
6507.4,6507.9,6505.6,6506.1,263,100,0,2,0.9218718128656892,ASIA,5,0.008111239860979622,day_anchor_std,server_midnight,0,0,0,1,0,0,TREND_STRONG,TREND_STRONG,TREND
6506.1,6510.1,6505.1,6509.6,520,100,0,2,0.997631224854524,ASIA,6,0.23082588059154002,day_anchor_std,server_midnight,0,0,0,1,0,0,TREND_STRONG,TREND_STRONG,TREND
6509.8,6510.3,6508.1,6509.9,262,100,0,2,0.997631224854524,ASIA,6,0.23082588059154002,day_anchor_std,server_midnight,0,0,0,1,0,0,TREND_STRONG,TREND_STRONG,TREND
6509.9,6511.4,6509.1,6510.1,257,100,0,2,0.997631224854524,ASIA,6,0.23082588059154002,day_anchor_std,server_midnight,0,0,0,1,0,0,TREND_STRONG,TREND_STRONG,TREND
6510.1,6510.4,6508.6,6510.1,205,100,0,2,0.997631224854524,ASIA,6,0.23082588059154002,day_anchor_std,server_midnight,0,0,0,1,0,0,TREND_STRONG,TREND_STRONG,TREND
6510.1,6510.1,6508.1,6508.4,184,100,0,2,0.9990656775920496,ASIA,7,0.23675956583845473,day_anchor_std,server_midnight,0,0,0,1,0,0,UNCLASSIFIED,TREND_UNCLASSIFIED,TREND
6508.4,6511.4,6508.1,6510.1,136,100,0,2,0.9990656775920496,ASIA,7,0.23675956583845473,day_anchor_std,server_midnight,0,0,0,1,0,0,UNCLASSIFIED,TREND_UNCLASSIFIED,TREND
6510.1,6510.1,6508.6,6509.4,137,100,0,2,0.9990656775920496,ASIA,7,0.23675956583845473,day_anchor_std,server_midnight,0,0,0,1,0,0,UNCLASSIFIED,TREND_UNCLASSIFIED,TREND
6509.4,6510.9,6508.6,6510.6,127,100,0,2,0.9990656775920496,ASIA,7,0.23675956583845473,day_anchor_std,server_midnight,0,0,0,1,0,0,UNCLASSIFIED,TREND_UNCLASSIFIED,TREND
6510.6,6513.1,6510.5,6511.6,176,100,0,2,0.9995996550492428,ASIA,8,0.6060949184148956,day_anchor_std,server_midnight,0,0,0,1,0,0,UNCLASSIFIED,TREND_UNCLASSIFIED,TREND
6511.6,6512.6,6510.9,6511.1,132,100,0,2,0.9995996550492428,ASIA,8,0.6060949184148956,day_anchor_std,server_midnight,0,0,0,1,0,0,UNCLASSIFIED,TREND_UNCLASSIFIED,TREND
6511.1,6513.1,6510.4,6512.9,162,100,0,2,0.9995996550492428,ASIA,8,0.6060949184148956,day_anchor_std,server_midnight,0,0,0,1,0,0,UNCLASSIFIED,TREND_UNCLASSIFIED,TREND
6512.9,6517.4,6512.9,6515.9,291,100,0,2,0.9995996550492428,ASIA,8,0.6060949184148956,day_anchor_std,server_midnight,0,0,0,1,0,0,UNCLASSIFIED,TREND_UNCLASSIFIED,TREND
6515.9,6521.1,6515.1,6520.6,342,100,0,2,0.9876441389401442,LONDON,9,0.2666925566245273,day_anchor_std,server_midnight,0,0,0,0,1,0,UNCLASSIFIED,TREND_UNCLASSIFIED,TREND
6520.6,6521.3,6516.9,6517.1,254,100,0,2,0.9876441389401442,LONDON,9,0.2666925566245273,day_anchor_std,server_midnight,0,0,0,0,1,0,UNCLASSIFIED,TREND_UNCLASSIFIED,TREND
6517.1,6518.4,6511.1,6511.4,678,100,0,2,0.9876441389401442,LONDON,9,0.2666925566245273,day_anchor_std,server_midnight,0,0,0,0,1,0,UNCLASSIFIED,TREND_UNCLASSIFIED,TREND
6511.4,6515.4,6510.1,6512.9,453,100,0,2,0.9876441389401442,LONDON,9,0.2666925566245273,day_anchor_std,server_midnight,0,0,0,0,1,0,UNCLASSIFIED,TREND_UNCLASSIFIED,TREND
6530.6,6532.6,6528.3,6532.1,324,100,0,2,0.831810671452772,LONDON,3,0.6271098593752105,day_anchor_std,server_midnight,0,0,0,0,1,0,TREND_STRONG,TREND_STRONG,TREND
6532.1,6534.3,6530.8,6532.3,348,100,0,2,0.831810671452772,LONDON,3,0.6271098593752105,day_anchor_std,server_midnight,0,0,0,0,1,0,TREND_STRONG,TREND_STRONG,TREND
6532.3,6535.6,6530.6,6535.1,546,100,0,2,0.831810671452772,LONDON,3,0.6271098593752105,day_anchor_std,server_midnight,0,0,0,0,1,0,TREND_STRONG,TREND_STRONG,TREND
6535.1,6536.3,6532.8,6533.8,414,100,0,2,0.831810671452772,LONDON,3,0.6271098593752105,day_anchor_std,server_midnight,0,0,0,0,1,0,TREND_STRONG,TREND_STRONG,TREND
6533.7,6534.3,6528.6,6528.6,415,100,0,2,0.7878773466113808,LONDON,4,0.12736535518642306,day_anchor_std,server_midnight,0,0,0,0,1,0,TREND_FRAGILE,TREND_FRAGILE,TREND
6528.6,6528.8,6523.6,6525.3,533,100,0,2,0.7878773466113808,LONDON,4,0.12736535518642306,day_anchor_std,server_midnight,0,0,0,0,1,0,TREND_FRAGILE,TREND_FRAGILE,TREND
6525.6,6526.8,6522.3,6523.6,495,100,0,2,0.7878773466113808,LONDON,4,0.12736535518642306,day_anchor_std,server_midnight,0,0,0,0,1,0,TREND_FRAGILE,TREND_FRAGILE,TREND
6523.6,6528.6,6523.1,6528.6,292,100,0,2,0.7878773466113808,LONDON,4,0.12736535518642306,day_anchor_std,server_midnight,0,0,0,0,1,0,TREND_FRAGILE,TREND_FRAGILE,TREND
6528.2,6530.8,6527.3,6530.8,274,100,0,2,0.9633204911051738,LONDON,5,0.7502256745862617,day_anchor_std,server_midnight,0,0,0,0,1,0,TREND_FRAGILE,TREND_FRAGILE,TREND
6530.8,6532.6,6530.1,6532.5,245,100,0,2,0.9633204911051738,LONDON,5,0.7502256745862617,day_anchor_std,server_midnight,0,0,0,0,1,0,TREND_FRAGILE,TREND_FRAGILE,TREND
6532.85,6536.3,6532.3,6534.1,320,100,0,2,0.9633204911051738,LONDON,5,0.7502256745862617,day_anchor_std,server_midnight,0,0,0,0,1,0,TREND_FRAGILE,TREND_FRAGILE,TREND
6534.1,6538.1,6533.6,6536.3,367,100,0,2,0.9633204911051738,LONDON,5,0.7502256745862617,day_anchor_std,server_midnight,0,0,0,0,1,0,TREND_FRAGILE,TREND_FRAGILE,TREND
6536.1,6539.8,6532.7,6534.2,530,100,0,2,0.9954033164700182,NY,6,0.9997105212881496,day_anchor_std,server_midnight,0,0,0,0,1,0,UNCLASSIFIED,TREND_UNCLASSIFIED,TREND
6534.1,6557.1,6533.25,6547.6,1974,100,0,2,0.9954033164700182,NY,6,0.9997105212881496,day_anchor_std,server_midnight,0,0,0,0,1,0,UNCLASSIFIED,TREND_UNCLASSIFIED,TREND
6547.6,6551.8,6543.8,6545.8,802,100,0,2,0.9954033164700182,NY,6,0.9997105212881496,day_anchor_std,server_midnight,0,0,0,0,1,0,UNCLASSIFIED,TREND_UNCLASSIFIED,TREND
6546.1,6548.3,6536.8,6545.3,3053,100,0,2,0.9954033164700182,NY,6,0.9997105212881496,day_anchor_std,server_midnight,0,0,0,0,1,0,UNCLASSIFIED,TREND_UNCLASSIFIED,TREND
6529.9,6535.1,6529.9,6533.1,382,100,0,0,0.9329561626362946,ASIA,2,0.19090909090913236,day_anchor_std,server_midnight,1,0,0,0,0,0,BALANCE_LEAKING,BALANCE_LEAKING,BALANCE
6533.3,6541.6,6533.1,6538.1,279,100,0,0,0.9329561626362946,ASIA,2,0.19090909090913236,day_anchor_std,server_midnight,1,0,0,0,0,0,BALANCE_LEAKING,BALANCE_LEAKING,BALANCE
6538.1,6542.1,6536.9,6539.6,316,100,0,0,0.9329561626362946,ASIA,2,0.19090909090913236,day_anchor_std,server_midnight,1,0,0,0,0,0,BALANCE_LEAKING,BALANCE_LEAKING,BALANCE
6539.9,6540.4,6537.9,6539.6,230,100,0,0,0.9329561626362946,ASIA,2,0.19090909090913236,day_anchor_std,server_midnight,1,0,0,0,0,0,BALANCE_LEAKING,BALANCE_LEAKING,BALANCE
6539.6,6540.1,6533.6,6536.1,457,100,0,0,0.6150940518306319,ASIA,3,0.26028341251800413,day_anchor_std,server_midnight,1,0,0,0,0,0,UNCLASSIFIED,BALANCE_UNCLASSIFIED,BALANCE
6536.1,6541.4,6535.4,6539.9,331,100,0,0,0.6150940518306319,ASIA,3,0.26028341251800413,day_anchor_std,server_midnight,1,0,0,0,0,0,UNCLASSIFIED,BALANCE_UNCLASSIFIED,BALANCE
6539.6,6540.6,6538.4,6540.4,306,100,0,0,0.6150940518306319,ASIA,3,0.26028341251800413,day_anchor_std,server_midnight,1,0,0,0,0,0,UNCLASSIFIED,BALANCE_UNCLASSIFIED,BALANCE
6540.4,6541.6,6538.6,6540.4,274,100,0,0,0.6150940518306319,ASIA,3,0.26028341251800413,day_anchor_std,server_midnight,1,0,0,0,0,0,UNCLASSIFIED,BALANCE_UNCLASSIFIED,BALANCE
6540.4,6540.6,6538.1,6540.4,216,100,0,0,0.4304288700902203,ASIA,4,0.24425892573236524,day_anchor_std,server_midnight,1,0,0,0,0,0,UNCLASSIFIED,BALANCE_UNCLASSIFIED,BALANCE
6540.4,6541.4,6538.4,6539.6,182,100,0,0,0.4304288700902203,ASIA,4,0.24425892573236524,day_anchor_std,server_midnight,1,0,0,0,0,0,UNCLASSIFIED,BALANCE_UNCLASSIFIED,BALANCE
6539.6,6540.9,6539.1,6540.6,142,100,0,0,0.4304288700902203,ASIA,4,0.24425892573236524,day_anchor_std,server_midnight,1,0,0,0,0,0,UNCLASSIFIED,BALANCE_UNCLASSIFIED,BALANCE
6540.6,6541.1,6539.6,6540.1,171,100,0,0,0.4304288700902203,ASIA,4,0.24425892573236524,day_anchor_std,server_midnight,1,0,0,0,0,0,UNCLASSIFIED,BALANCE_UNCLASSIFIED,BALANCE
6540.1,6540.6,6534.4,6535.1,285,100,0,0,0.7814081111677109,ASIA,5,0.2173304111469979,day_anchor_std,server_midnight,1,0,0,0,0,0,UNCLASSIFIED,BALANCE_UNCLASSIFIED,BALANCE
6535.1,6535.6,6533.5,6533.6,222,100,0,0,0.7814081111677109,ASIA,5,0.2173304111469979,day_anchor_std,server_midnight,1,0,0,0,0,0,UNCLASSIFIED,BALANCE_UNCLASSIFIED,BALANCE
6533.8,6535.9,6531.4,6534.9,426,100,0,0,0.7814081111677109,ASIA,5,0.2173304111469979,day_anchor_std,server_midnight,1,0,0,0,0,0,UNCLASSIFIED,BALANCE_UNCLASSIFIED,BALANCE
6534.9,6536.6,6533.6,6534.4,322,100,0,0,0.7814081111677109,ASIA,5,0.2173304111469979,day_anchor_std,server_midnight,1,0,0,0,0,0,UNCLASSIFIED,BALANCE_UNCLASSIFIED,BALANCE
6547.1,6550.9,6545.1,6548.65,731,100,0,1,0.9931882874792269,NY,1,1.5687511724453447,day_anchor_std,server_midnight,0,0,1,0,0,0,UNCLASSIFIED,TRANSITION_UNCLASSIFIED,TRANSITION
6549.1,6555.5,6529.9,6551.9,2842,100,0,1,0.9931882874792269,NY,1,1.5687511724453447,day_anchor_std,server_midnight,0,0,1,0,0,0,UNCLASSIFIED,TRANSITION_UNCLASSIFIED,TRANSITION
6551.6,6552.8,6546.4,6551.6,1221,100,0,1,0.9931882874792269,NY,1,1.5687511724453447,day_anchor_std,server_midnight,0,0,1,0,0,0,UNCLASSIFIED,TRANSITION_UNCLASSIFIED,TRANSITION
6551.8,6566.6,6546.3,6566.1,2624,100,0,1,0.9931882874792269,NY,1,1.5687511724453447,day_anchor_std,server_midnight,0,0,1,0,0,0,UNCLASSIFIED,TRANSITION_UNCLASSIFIED,TRANSITION
6565.9,6572.9,6564.0,6569.4,1870,100,0,1,0.9968644401193794,NY,2,2.1141880980802683,day_anchor_std,server_midnight,0,0,1,0,0,0,UNCLASSIFIED,TRANSITION_UNCLASSIFIED,TRANSITION
6569.4,6579.5,6568.4,6576.2,1408,100,0,1,0.9968644401193794,NY,2,2.1141880980802683,day_anchor_std,server_midnight,0,0,1,0,0,0,UNCLASSIFIED,TRANSITION_UNCLASSIFIED,TRANSITION
6575.9,6585.6,6575.3,6583.8,1121,100,0,1,0.9968644401193794,NY,2,2.1141880980802683,day_anchor_std,server_midnight,0,0,1,0,0,0,UNCLASSIFIED,TRANSITION_UNCLASSIFIED,TRANSITION
6583.8,6587.9,6576.1,6581.7,824,100,0,1,0.9968644401193794,NY,2,2.1141880980802683,day_anchor_std,server_midnight,0,0,1,0,0,0,UNCLASSIFIED,TRANSITION_UNCLASSIFIED,TRANSITION
6584.9,6585.1,6581.6,6584.4,468,100,0,2,0.977187274735094,NY,3,0.42296867187480264,day_anchor_std,server_midnight,0,0,0,0,1,0,TREND_STRONG,TREND_STRONG,TREND
6584.4,6586.4,6580.1,6586.1,591,100,0,2,0.977187274735094,NY,3,0.42296867187480264,day_anchor_std,server_midnight,0,0,0,0,1,0,TREND_STRONG,TREND_STRONG,TREND
6586.1,6588.6,6585.1,6585.1,356,100,0,2,0.977187274735094,NY,3,0.42296867187480264,day_anchor_std,server_midnight,0,0,0,0,1,0,TREND_STRONG,TREND_STRONG,TREND
6585.1,6589.9,6580.6,6588.9,1688,100,0,2,0.977187274735094,NY,3,0.42296867187480264,day_anchor_std,server_midnight,0,0,0,0,1,0,TREND_STRONG,TREND_STRONG,TREND
6597.6,6603.9,6597.1,6600.4,864,100,0,1,0.43025056380186927,NY,4,2.351581122260509,day_anchor_std,server_midnight,0,0,1,0,0,0,UNCLASSIFIED,TRANSITION_UNCLASSIFIED,TRANSITION
6600.4,6605.1,6598.4,6604.9,659,100,0,1,0.43025056380186927,NY,4,2.351581122260509,day_anchor_std,server_midnight,0,0,1,0,0,0,UNCLASSIFIED,TRANSITION_UNCLASSIFIED,TRANSITION
6604.9,6606.6,6602.4,6604.9,528,100,0,1,0.43025056380186927,NY,4,2.351581122260509,day_anchor_std,server_midnight,0,0,1,0,0,0,UNCLASSIFIED,TRANSITION_UNCLASSIFIED,TRANSITION
6605.0,6615.3,6603.4,6614.6,1897,100,0,1,0.43025056380186927,NY,4,2.351581122260509,day_anchor_std,server_midnight,0,0,1,0,0,0,UNCLASSIFIED,TRANSITION_UNCLASSIFIED,TRANSITION
6639.2,6647.2,6637.5,6646.5,744,100,0,1,0.9934660534334308,LONDON,6,1.6497859581532373,day_anchor_std,server_midnight,0,0,1,0,0,0,UNCLASSIFIED,TRANSITION_UNCLASSIFIED,TRANSITION
6646.5,6658.5,6646.0,6657.5,579,100,0,1,0.9934660534334308,LONDON,6,1.6497859581532373,day_anchor_std,server_midnight,0,0,1,0,0,0,UNCLASSIFIED,TRANSITION_UNCLASSIFIED,TRANSITION
6657.5,6659.2,6653.5,6655.5,529,100,0,1,0.9934660534334308,LONDON,6,1.6497859581532373,day_anchor_std,server_midnight,0,0,1,0,0,0,UNCLASSIFIED,TRANSITION_UNCLASSIFIED,TRANSITION
6655.5,6659.2,6654.5,6654.7,443,100,0,1,0.9934660534334308,LONDON,6,1.6497859581532373,day_anchor_std,server_midnight,0,0,1,0,0,0,UNCLASSIFIED,TRANSITION_UNCLASSIFIED,TRANSITION
6644.5,6646.8,6636.4,6637.1,582,100,0,0,0.9007976911142053,ASIA,2,0.06818415601678678,day_anchor_std,server_midnight,1,0,0,0,0,0,UNCLASSIFIED,BALANCE_UNCLASSIFIED,BALANCE
6637.1,6638.4,6634.6,6637.6,428,100,0,0,0.9007976911142053,ASIA,2,0.06818415601678678,day_anchor_std,server_midnight,1,0,0,0,0,0,UNCLASSIFIED,BALANCE_UNCLASSIFIED,BALANCE
6637.6,6638.6,6636.1,6638.6,408,100,0,0,0.9007976911142053,ASIA,2,0.06818415601678678,day_anchor_std,server_midnight,1,0,0,0,0,0,UNCLASSIFIED,BALANCE_UNCLASSIFIED,BALANCE
6638.6,6641.4,6638.4,6640.4,555,100,0,0,0.9007976911142053,ASIA,2,0.06818415601678678,day_anchor_std,server_midnight,1,0,0,0,0,0,UNCLASSIFIED,BALANCE_UNCLASSIFIED,BALANCE
6671.9,6685.5,6671.8,6684.8,1092,100,0,1,0.9575518153692626,NY_PM,2,2.3698042838557294,day_anchor_std,server_midnight,0,0,1,0,0,0,UNCLASSIFIED,TRANSITION_UNCLASSIFIED,TRANSITION
6684.8,6691.3,6684.3,6690.0,823,100,0,1,0.9575518153692626,NY_PM,2,2.3698042838557294,day_anchor_std,server_midnight,0,0,1,0,0,0,UNCLASSIFIED,TRANSITION_UNCLASSIFIED,TRANSITION
6690.3,6691.4,6687.3,6691.3,597,100,0,1,0.9575518153692626,NY_PM,2,2.3698042838557294,day_anchor_std,server_midnight,0,0,1,0,0,0,UNCLASSIFIED,TRANSITION_UNCLASSIFIED,TRANSITION
6691.1,6693.6,6688.7,6689.3,562,100,0,1,0.9575518153692626,NY_PM,2,2.3698042838557294,day_anchor_std,server_midnight,0,0,1,0,0,0,UNCLASSIFIED,TRANSITION_UNCLASSIFIED,TRANSITION
6661.8,6666.2,6661.2,6661.9,345,100,0,2,0.4239166873796488,ASIA,3,0.13347634370155606,day_anchor_std,server_midnight,0,0,0,1,0,0,TREND_STRONG,TREND_STRONG,TREND
6661.9,6664.4,6661.9,6663.4,192,100,0,2,0.4239166873796488,ASIA,3,0.13347634370155606,day_anchor_std,server_midnight,0,0,0,1,0,0,TREND_STRONG,TREND_STRONG,TREND
6663.4,6663.7,6662.2,6662.7,176,100,0,2,0.4239166873796488,ASIA,3,0.13347634370155606,day_anchor_std,server_midnight,0,0,0,1,0,0,TREND_STRONG,TREND_STRONG,TREND
6662.7,6662.9,6661.2,6661.7,211,100,0,2,0.4239166873796488,ASIA,3,0.13347634370155606,day_anchor_std,server_midnight,0,0,0,1,0,0,TREND_STRONG,TREND_STRONG,TREND
6661.7,6662.2,6655.7,6661.9,512,100,0,2,0.46981861291490584,ASIA,4,0.2803897758622754,day_anchor_std,server_midnight,0,0,0,1,0,0,TREND_STRONG,TREND_STRONG,TREND
6661.9,6662.7,6658.9,6661.3,269,100,0,2,0.46981861291490584,ASIA,4,0.2803897758622754,day_anchor_std,server_midnight,0,0,0,1,0,0,TREND_STRONG,TREND_STRONG,TREND
6661.4,6661.7,6657.7,6659.4,359,100,0,2,0.46981861291490584,ASIA,4,0.2803897758622754,day_anchor_std,server_midnight,0,0,0,1,0,0,TREND_STRONG,TREND_STRONG,TREND
6659.4,6660.4,6656.7,6658.4,398,100,0,2,0.46981861291490584,ASIA,4,0.2803897758622754,day_anchor_std,server_midnight,0,0,0,1,0,0,TREND_STRONG,TREND_STRONG,TREND
6658.4,6659.9,6657.3,6659.9,245,100,0,2,0.3488476699478004,ASIA,5,0.09414186436615792,day_anchor_std,server_midnight,0,0,0,1,0,0,TREND_STRONG,TREND_STRONG,TREND
6660.1,6661.7,6659.4,6661.2,204,100,0,2,0.3488476699478004,ASIA,5,0.09414186436615792,day_anchor_std,server_midnight,0,0,0,1,0,0,TREND_STRONG,TREND_STRONG,TREND
6661.2,6662.4,6660.9,6661.7,177,100,0,2,0.3488476699478004,ASIA,5,0.09414186436615792,day_anchor_std,server_midnight,0,0,0,1,0,0,TREND_STRONG,TREND_STRONG,TREND
6661.7,6662.4,6660.9,6662.2,162,100,0,2,0.3488476699478004,ASIA,5,0.09414186436615792,day_anchor_std,server_midnight,0,0,0,1,0,0,TREND_STRONG,TREND_STRONG,TREND
6662.2,6663.2,6661.9,6663.1,175,100,0,2,0.09669257460879199,ASIA,6,0.4730118994859388,day_anchor_std,server_midnight,0,0,0,1,0,0,TREND_STRONG,TREND_STRONG,TREND
6662.9,6664.7,6662.4,6664.4,167,100,0,2,0.09669257460879199,ASIA,6,0.4730118994859388,day_anchor_std,server_midnight,0,0,0,1,0,0,TREND_STRONG,TREND_STRONG,TREND
6664.4,6665.7,6663.4,6665.4,181,100,0,2,0.09669257460879199,ASIA,6,0.4730118994859388,day_anchor_std,server_midnight,0,0,0,1,0,0,TREND_STRONG,TREND_STRONG,TREND
6665.4,6666.4,6663.4,6666.4,220,100,0,2,0.09669257460879199,ASIA,6,0.4730118994859388,day_anchor_std,server_midnight,0,0,0,1,0,0,TREND_STRONG,TREND_STRONG,TREND
6656.2,6660.4,6652.4,6657.1,1929,100,0,1,0.9902552231697164,NY,5,2.0581347228056415,day_anchor_std,server_midnight,0,0,1,0,0,0,UNCLASSIFIED,TRANSITION_UNCLASSIFIED,TRANSITION
6657.1,6661.7,6652.9,6654.4,1338,100,0,1,0.9902552231697164,NY,5,2.0581347228056415,day_anchor_std,server_midnight,0,0,1,0,0,0,UNCLASSIFIED,TRANSITION_UNCLASSIFIED,TRANSITION
6654.6,6656.5,6649.4,6652.0,1232,100,0,1,0.9902552231697164,NY,5,2.0581347228056415,day_anchor_std,server_midnight,0,0,1,0,0,0,UNCLASSIFIED,TRANSITION_UNCLASSIFIED,TRANSITION
6652.0,6652.2,6627.8,6628.9,1701,100,0,1,0.9902552231697164,NY,5,2.0581347228056415,day_anchor_std,server_midnight,0,0,1,0,0,0,UNCLASSIFIED,TRANSITION_UNCLASSIFIED,TRANSITION
6664.1,6667.95,6662.05,6666.6,2189,100,0,1,0.7180372434942962,LONDON,1,0.8487828432334975,day_anchor_std,server_midnight,0,0,1,0,0,0,UNCLASSIFIED,TRANSITION_UNCLASSIFIED,TRANSITION
6666.55,6671.65,6666.55,6669.1,2083,100,0,1,0.7180372434942962,LONDON,1,0.8487828432334975,day_anchor_std,server_midnight,0,0,1,0,0,0,UNCLASSIFIED,TRANSITION_UNCLASSIFIED,TRANSITION
6669.05,6671.65,6664.05,6671.1,2645,100,0,1,0.7180372434942962,LONDON,1,0.8487828432334975,day_anchor_std,server_midnight,0,0,1,0,0,0,UNCLASSIFIED,TRANSITION_UNCLASSIFIED,TRANSITION
6671.05,6673.55,6669.55,6670.85,2318,100,0,1,0.7180372434942962,LONDON,1,0.8487828432334975,day_anchor_std,server_midnight,0,0,1,0,0,0,UNCLASSIFIED,TRANSITION_UNCLASSIFIED,TRANSITION
6675.4,6676.95,6672.55,6675.55,2238,100,0,2,0.634767595939627,NY,3,0.5763198342419475,day_anchor_std,server_midnight,0,0,0,0,1,0,UNCLASSIFIED,TREND_UNCLASSIFIED,TREND
6675.6,6681.65,6674.85,6680.4,2562,100,0,2,0.634767595939627,NY,3,0.5763198342419475,day_anchor_std,server_midnight,0,0,0,0,1,0,UNCLASSIFIED,TREND_UNCLASSIFIED,TREND
6680.4,6682.6,6668.05,6669.1,2993,100,0,2,0.634767595939627,NY,3,0.5763198342419475,day_anchor_std,server_midnight,0,0,0,0,1,0,UNCLASSIFIED,TREND_UNCLASSIFIED,TREND
6669.25,6673.15,6663.05,6670.8,4913,100,0,2,0.634767595939627,NY,3,0.5763198342419475,day_anchor_std,server_midnight,0,0,0,0,1,0,UNCLASSIFIED,TREND_UNCLASSIFIED,TREND
6670.95,6677.1,6665.1,6672.8,4539,100,0,2,0.8719889519134063,NY,4,0.21313893778324225,day_anchor_std,server_midnight,0,0,0,0,1,0,TREND_STRONG,TREND_STRONG,TREND
6672.75,6676.75,6668.05,6669.65,4350,100,0,2,0.8719889519134063,NY,4,0.21313893778324225,day_anchor_std,server_midnight,0,0,0,0,1,0,TREND_STRONG,TREND_STRONG,TREND
6669.7,6671.65,6657.85,6660.55,4498,100,0,2,0.8719889519134063,NY,4,0.21313893778324225,day_anchor_std,server_midnight,0,0,0,0,1,0,TREND_STRONG,TREND_STRONG,TREND
6660.45,6661.6,6653.3,6657.85,4376,100,0,2,0.8719889519134063,NY,4,0.21313893778324225,day_anchor_std,server_midnight,0,0,0,0,1,0,TREND_STRONG,TREND_STRONG,TREND
6657.85,6662.85,6654.0,6659.7,4158,100,0,2,0.014512242714219081,NY_PM,5,0.4440071203389808,day_anchor_std,server_midnight,0,0,0,0,1,0,UNCLASSIFIED,TREND_UNCLASSIFIED,TREND
6659.95,6662.25,6653.7,6655.55,3992,100,0,2,0.014512242714219081,NY_PM,5,0.4440071203389808,day_anchor_std,server_midnight,0,0,0,0,1,0,UNCLASSIFIED,TREND_UNCLASSIFIED,TREND
6655.8,6656.15,6649.15,6650.5,4147,100,0,2,0.014512242714219081,NY_PM,5,0.4440071203389808,day_anchor_std,server_midnight,0,0,0,0,1,0,UNCLASSIFIED,TREND_UNCLASSIFIED,TREND
6650.5,6655.85,6646.75,6654.3,3977,100,0,2,0.014512242714219081,NY_PM,5,0.4440071203389808,day_anchor_std,server_midnight,0,0,0,0,1,0,UNCLASSIFIED,TREND_UNCLASSIFIED,TREND
6648.65,6664.1,6647.85,6662.45,4131,100,0,1,0.9651108713774745,NY_PM,1,1.7811505648353496,day_anchor_std,server_midnight,0,0,1,0,0,0,UNCLASSIFIED,TRANSITION_UNCLASSIFIED,TRANSITION
6662.4,6670.1,6659.6,6668.1,3987,100,0,1,0.9651108713774745,NY_PM,1,1.7811505648353496,day_anchor_std,server_midnight,0,0,1,0,0,0,UNCLASSIFIED,TRANSITION_UNCLASSIFIED,TRANSITION
6668.1,6679.15,6667.45,6677.9,4150,100,0,1,0.9651108713774745,NY_PM,1,1.7811505648353496,day_anchor_std,server_midnight,0,0,1,0,0,0,UNCLASSIFIED,TRANSITION_UNCLASSIFIED,TRANSITION
6677.9,6690.55,6672.85,6683.9,4548,100,0,1,0.9651108713774745,NY_PM,1,1.7811505648353496,day_anchor_std,server_midnight,0,0,1,0,0,0,UNCLASSIFIED,TRANSITION_UNCLASSIFIED,TRANSITION
6672.95,6680.1,6671.75,6679.8,1779,100,0,0,0.808639799244446,ASIA,2,0.15003198976317209,day_anchor_std,server_midnight,1,0,0,0,0,0,BALANCE_LEAKING,BALANCE_LEAKING,BALANCE
6679.85,6681.35,6669.5,6672.15,1484,100,0,0,0.808639799244446,ASIA,2,0.15003198976317209,day_anchor_std,server_midnight,1,0,0,0,0,0,BALANCE_LEAKING,BALANCE_LEAKING,BALANCE
6672.0,6674.95,6668.55,6672.75,1724,100,0,0,0.808639799244446,ASIA,2,0.15003198976317209,day_anchor_std,server_midnight,1,0,0,0,0,0,BALANCE_LEAKING,BALANCE_LEAKING,BALANCE
6672.8,6674.15,6671.25,6671.6,1314,100,0,0,0.808639799244446,ASIA,2,0.15003198976317209,day_anchor_std,server_midnight,1,0,0,0,0,0,BALANCE_LEAKING,BALANCE_LEAKING,BALANCE
6650.2,6653.85,6648.75,6648.8,2058,100,0,0,0.9402848944457727,LONDON,2,0.16421677914422403,day_anchor_std,server_midnight,1,0,0,0,0,0,BALANCE_LEAKING,BALANCE_LEAKING,BALANCE
6648.95,6651.3,6645.8,6647.65,2231,100,0,0,0.9402848944457727,LONDON,2,0.16421677914422403,day_anchor_std,server_midnight,1,0,0,0,0,0,BALANCE_LEAKING,BALANCE_LEAKING,BALANCE
6648.15,6656.65,6647.55,6656.6,2510,100,0,0,0.9402848944457727,LONDON,2,0.16421677914422403,day_anchor_std,server_midnight,1,0,0,0,0,0,BALANCE_LEAKING,BALANCE_LEAKING,BALANCE
6656.6,6663.6,6655.6,6662.6,2495,100,0,0,0.9402848944457727,LONDON,2,0.16421677914422403,day_anchor_std,server_midnight,1,0,0,0,0,0,BALANCE_LEAKING,BALANCE_LEAKING,BALANCE
6693.06,6694.56,6689.06,6692.06,567,100,0,1,0.6515091616196818,NY_PM,3,1.91522086482879,day_anchor_std,server_midnight,0,0,1,0,0,0,UNCLASSIFIED,TRANSITION_UNCLASSIFIED,TRANSITION
6692.36,6693.36,6687.36,6692.06,505,100,0,1,0.6515091616196818,NY_PM,3,1.91522086482879,day_anchor_std,server_midnight,0,0,1,0,0,0,UNCLASSIFIED,TRANSITION_UNCLASSIFIED,TRANSITION
6692.36,6704.36,6691.06,6702.86,659,100,0,1,0.6515091616196818,NY_PM,3,1.91522086482879,day_anchor_std,server_midnight,0,0,1,0,0,0,UNCLASSIFIED,TRANSITION_UNCLASSIFIED,TRANSITION
6703.06,6703.56,6699.36,6702.86,557,100,0,1,0.6515091616196818,NY_PM,3,1.91522086482879,day_anchor_std,server_midnight,0,0,1,0,0,0,UNCLASSIFIED,TRANSITION_UNCLASSIFIED,TRANSITION
6716.87,6720.32,6714.07,6716.57,252,100,0,2,0.9901746077796376,ASIA,3,0.058081926678466865,day_anchor_std,server_midnight,0,0,0,1,0,0,UNCLASSIFIED,TREND_UNCLASSIFIED,TREND
6716.87,6718.87,6715.57,6718.37,209,100,0,2,0.9901746077796376,ASIA,3,0.058081926678466865,day_anchor_std,server_midnight,0,0,0,1,0,0,UNCLASSIFIED,TREND_UNCLASSIFIED,TREND
6718.07,6720.87,6716.87,6718.57,262,100,0,2,0.9901746077796376,ASIA,3,0.058081926678466865,day_anchor_std,server_midnight,0,0,0,1,0,0,UNCLASSIFIED,TREND_UNCLASSIFIED,TREND
6718.67,6719.57,6717.37,6717.87,265,100,0,2,0.9901746077796376,ASIA,3,0.058081926678466865,day_anchor_std,server_midnight,0,0,0,1,0,0,UNCLASSIFIED,TREND_UNCLASSIFIED,TREND
6717.57,6719.62,6714.32,6715.32,493,100,0,2,0.9989219069896739,LONDON,4,0.01519473124419611,day_anchor_std,server_midnight,0,0,0,0,1,0,TREND_STRONG,TREND_STRONG,TREND
6715.62,6717.82,6713.82,6715.32,470,100,0,2,0.9989219069896739,LONDON,4,0.01519473124419611,day_anchor_std,server_midnight,0,0,0,0,1,0,TREND_STRONG,TREND_STRONG,TREND
6715.12,6720.06,6713.32,6716.32,1012,100,0,2,0.9989219069896739,LONDON,4,0.01519473124419611,day_anchor_std,server_midnight,0,0,0,0,1,0,TREND_STRONG,TREND_STRONG,TREND
6716.12,6718.96,6714.32,6717.32,686,100,0,2,0.9989219069896739,LONDON,4,0.01519473124419611,day_anchor_std,server_midnight,0,0,0,0,1,0,TREND_STRONG,TREND_STRONG,TREND
6717.62,6724.32,6717.12,6722.62,720,100,0,2,0.9991421029102041,LONDON,5,0.12517004695984202,day_anchor_std,server_midnight,0,0,0,0,1,0,TREND_STRONG,TREND_STRONG,TREND
6722.32,6723.32,6720.62,6723.32,396,100,0,2,0.9991421029102041,LONDON,5,0.12517004695984202,day_anchor_std,server_midnight,0,0,0,0,1,0,TREND_STRONG,TREND_STRONG,TREND
6722.92,6723.82,6719.42,6719.62,423,100,0,2,0.9991421029102041,LONDON,5,0.12517004695984202,day_anchor_std,server_midnight,0,0,0,0,1,0,TREND_STRONG,TREND_STRONG,TREND
6719.32,6720.57,6715.32,6719.82,383,100,0,2,0.9991421029102041,LONDON,5,0.12517004695984202,day_anchor_std,server_midnight,0,0,0,0,1,0,TREND_STRONG,TREND_STRONG,TREND
6719.72,6724.62,6719.32,6721.62,414,100,0,2,0.9996593537937581,LONDON,6,0.52310576657242,day_anchor_std,server_midnight,0,0,0,0,1,0,TREND_STRONG,TREND_STRONG,TREND
6721.82,6723.42,6720.87,6721.57,219,100,0,2,0.9996593537937581,LONDON,6,0.52310576657242,day_anchor_std,server_midnight,0,0,0,0,1,0,TREND_STRONG,TREND_STRONG,TREND
6721.37,6726.37,6721.37,6726.07,304,100,0,2,0.9996593537937581,LONDON,6,0.52310576657242,day_anchor_std,server_midnight,0,0,0,0,1,0,TREND_STRONG,TREND_STRONG,TREND
6725.87,6727.72,6724.57,6727.12,345,100,0,2,0.9996593537937581,LONDON,6,0.52310576657242,day_anchor_std,server_midnight,0,0,0,0,1,0,TREND_STRONG,TREND_STRONG,TREND
6726.82,6730.32,6725.72,6728.42,390,100,0,2,0.9971720778603255,NY,7,0.10462864752682556,day_anchor_std,server_midnight,0,0,0,0,1,0,UNCLASSIFIED,TREND_UNCLASSIFIED,TREND
6728.62,6730.07,6726.32,6728.62,306,100,0,2,0.9971720778603255,NY,7,0.10462864752682556,day_anchor_std,server_midnight,0,0,0,0,1,0,UNCLASSIFIED,TREND_UNCLASSIFIED,TREND
6728.82,6731.62,6727.62,6728.86,483,100,0,2,0.9971720778603255,NY,7,0.10462864752682556,day_anchor_std,server_midnight,0,0,0,0,1,0,UNCLASSIFIED,TREND_UNCLASSIFIED,TREND
6728.56,6729.56,6711.06,6717.86,2555,100,0,2,0.9971720778603255,NY,7,0.10462864752682556,day_anchor_std,server_midnight,0,0,0,0,1,0,UNCLASSIFIED,TREND_UNCLASSIFIED,TREND
6719.97,6722.27,6718.52,6721.27,371,100,0,2,0.9863255556643172,ASIA,3,0.22355421307657516,day_anchor_std,server_midnight,0,0,0,1,0,0,TREND_FRAGILE,TREND_FRAGILE,TREND
6721.47,6726.52,6720.97,6724.52,284,100,0,2,0.9863255556643172,ASIA,3,0.22355421307657516,day_anchor_std,server_midnight,0,0,0,1,0,0,TREND_FRAGILE,TREND_FRAGILE,TREND
6724.72,6724.97,6722.97,6724.27,289,100,0,2,0.9863255556643172,ASIA,3,0.22355421307657516,day_anchor_std,server_midnight,0,0,0,1,0,0,TREND_FRAGILE,TREND_FRAGILE,TREND
6723.97,6729.27,6723.77,6728.97,186,100,0,2,0.9863255556643172,ASIA,3,0.22355421307657516,day_anchor_std,server_midnight,0,0,0,1,0,0,TREND_FRAGILE,TREND_FRAGILE,TREND
6728.77,6728.97,6725.27,6727.27,168,100,0,2,0.17834493283159653,ASIA,4,0.3531308508425466,day_anchor_std,server_midnight,0,0,0,1,0,0,TREND_STRONG,TREND_STRONG,TREND
6727.47,6729.27,6726.77,6727.97,108,100,0,2,0.17834493283159653,ASIA,4,0.3531308508425466,day_anchor_std,server_midnight,0,0,0,1,0,0,TREND_STRONG,TREND_STRONG,TREND
6727.77,6729.47,6727.77,6728.47,106,100,0,2,0.17834493283159653,ASIA,4,0.3531308508425466,day_anchor_std,server_midnight,0,0,0,1,0,0,TREND_STRONG,TREND_STRONG,TREND
6728.27,6731.97,6728.27,6731.27,92,100,0,2,0.17834493283159653,ASIA,4,0.3531308508425466,day_anchor_std,server_midnight,0,0,0,1,0,0,TREND_STRONG,TREND_STRONG,TREND
6730.97,6732.77,6730.77,6730.97,69,100,0,2,0.07211610266955476,ASIA,5,0.40411021060636626,day_anchor_std,server_midnight,0,0,0,1,0,0,UNCLASSIFIED,TREND_UNCLASSIFIED,TREND
6731.27,6732.77,6730.77,6732.77,62,100,0,2,0.07211610266955476,ASIA,5,0.40411021060636626,day_anchor_std,server_midnight,0,0,0,1,0,0,UNCLASSIFIED,TREND_UNCLASSIFIED,TREND
6732.47,6734.97,6732.37,6734.87,144,100,0,2,0.07211610266955476,ASIA,5,0.40411021060636626,day_anchor_std,server_midnight,0,0,0,1,0,0,UNCLASSIFIED,TREND_UNCLASSIFIED,TREND
6734.97,6735.77,6731.77,6731.77,147,100,0,2,0.07211610266955476,ASIA,5,0.40411021060636626,day_anchor_std,server_midnight,0,0,0,1,0,0,UNCLASSIFIED,TREND_UNCLASSIFIED,TREND
6731.47,6733.97,6728.32,6733.77,321,100,0,2,0.7023467379225814,LONDON,6,0.6806999504877802,day_anchor_std,server_midnight,0,0,0,0,1,0,UNCLASSIFIED,TREND_UNCLASSIFIED,TREND
6733.97,6736.27,6732.72,6734.47,308,100,0,2,0.7023467379225814,LONDON,6,0.6806999504877802,day_anchor_std,server_midnight,0,0,0,0,1,0,UNCLASSIFIED,TREND_UNCLASSIFIED,TREND
6734.77,6737.02,6733.52,6734.22,513,100,0,2,0.7023467379225814,LONDON,6,0.6806999504877802,day_anchor_std,server_midnight,0,0,0,0,1,0,UNCLASSIFIED,TREND_UNCLASSIFIED,TREND
6734.02,6736.27,6733.52,6735.52,435,100,0,2,0.7023467379225814,LONDON,6,0.6806999504877802,day_anchor_std,server_midnight,0,0,0,0,1,0,UNCLASSIFIED,TREND_UNCLASSIFIED,TREND
6735.22,6736.52,6734.02,6735.02,416,100,0,2,0.8424100042250735,LONDON,7,0.9076079787970924,day_anchor_std,server_midnight,0,0,0,0,1,1,TREND_STRONG,TREND_STRONG,TREND
6735.22,6735.77,6733.97,6735.77,256,100,0,2,0.8424100042250735,LONDON,7,0.9076079787970924,day_anchor_std,server_midnight,0,0,0,0,1,1,TREND_STRONG,TREND_STRONG,TREND
6735.87,6736.57,6733.97,6734.97,209,100,0,2,0.8424100042250735,LONDON,7,0.9076079787970924,day_anchor_std,server_midnight,0,0,0,0,1,1,TREND_STRONG,TREND_STRONG,TREND
6734.77,6738.77,6734.77,6738.47,239,100,0,2,0.8424100042250735,LONDON,7,0.9076079787970924,day_anchor_std,server_midnight,0,0,0,0,1,1,TREND_STRONG,TREND_STRONG,TREND
6714.9,6714.9,6714.9,6714.9,2,100,0,0,0.8964829033168088,ASIA,2,6.225760720135423e-14,day_anchor_std,server_midnight,1,0,0,0,0,0,UNCLASSIFIED,BALANCE_UNCLASSIFIED,BALANCE
6729.22,6730.72,6726.92,6727.92,806,100,0,0,0.9243429253493844,ASIA,3,0.35994589866985366,day_anchor_std,server_midnight,1,0,0,0,0,0,UNCLASSIFIED,BALANCE_UNCLASSIFIED,BALANCE
6728.22,6729.17,6726.42,6728.97,320,100,0,0,0.9243429253493844,ASIA,3,0.35994589866985366,day_anchor_std,server_midnight,1,0,0,0,0,0,UNCLASSIFIED,BALANCE_UNCLASSIFIED,BALANCE
6729.17,6729.17,6727.17,6728.67,228,100,0,0,0.9243429253493844,ASIA,3,0.35994589866985366,day_anchor_std,server_midnight,1,0,0,0,0,0,UNCLASSIFIED,BALANCE_UNCLASSIFIED,BALANCE
6728.87,6731.17,6728.67,6730.97,206,100,0,0,0.9243429253493844,ASIA,3,0.35994589866985366,day_anchor_std,server_midnight,1,0,0,0,0,0,UNCLASSIFIED,BALANCE_UNCLASSIFIED,BALANCE
6733.97,6735.22,6731.92,6733.92,417,100,0,0,0.8574409237838303,LONDON,6,0.11121752513127617,day_anchor_std,server_midnight,1,0,0,0,0,0,UNCLASSIFIED,BALANCE_UNCLASSIFIED,BALANCE
6733.72,6736.97,6733.22,6735.72,352,100,0,0,0.8574409237838303,LONDON,6,0.11121752513127617,day_anchor_std,server_midnight,1,0,0,0,0,0,UNCLASSIFIED,BALANCE_UNCLASSIFIED,BALANCE
6735.92,6736.42,6731.42,6732.72,757,100,0,0,0.8574409237838303,LONDON,6,0.11121752513127617,day_anchor_std,server_midnight,1,0,0,0,0,0,UNCLASSIFIED,BALANCE_UNCLASSIFIED,BALANCE
6732.82,6732.92,6722.96,6729.42,1191,100,0,0,0.8574409237838303,LONDON,6,0.11121752513127617,day_anchor_std,server_midnight,1,0,0,0,0,0,UNCLASSIFIED,BALANCE_UNCLASSIFIED,BALANCE
6763.06,6767.19,6761.94,6766.19,392,100,0,2,0.981013807045415,ASIA,5,0.11206403659228023,day_anchor_std,server_midnight,0,0,0,1,0,0,TREND_STRONG,TREND_STRONG,TREND
6765.94,6767.19,6765.07,6766.81,177,100,0,2,0.981013807045415,ASIA,5,0.11206403659228023,day_anchor_std,server_midnight,0,0,0,1,0,0,TREND_STRONG,TREND_STRONG,TREND
6766.94,6771.94,6765.44,6771.19,315,100,0,2,0.981013807045415,ASIA,5,0.11206403659228023,day_anchor_std,server_midnight,0,0,0,1,0,0,TREND_STRONG,TREND_STRONG,TREND
6771.31,6771.69,6767.69,6768.69,281,100,0,2,0.981013807045415,ASIA,5,0.11206403659228023,day_anchor_std,server_midnight,0,0,0,1,0,0,TREND_STRONG,TREND_STRONG,TREND
6768.44,6768.44,6764.69,6766.44,271,100,0,2,0.7510127273596005,ASIA,6,0.5705436586003788,day_anchor_std,server_midnight,0,0,0,1,0,0,TREND_FRAGILE,TREND_FRAGILE,TREND
6766.69,6767.19,6765.19,6765.94,131,100,0,2,0.7510127273596005,ASIA,6,0.5705436586003788,day_anchor_std,server_midnight,0,0,0,1,0,0,TREND_FRAGILE,TREND_FRAGILE,TREND
6765.69,6766.94,6758.94,6762.69,479,100,0,2,0.7510127273596005,ASIA,6,0.5705436586003788,day_anchor_std,server_midnight,0,0,0,1,0,0,TREND_FRAGILE,TREND_FRAGILE,TREND
6762.44,6762.44,6757.94,6758.94,410,100,0,2,0.7510127273596005,ASIA,6,0.5705436586003788,day_anchor_std,server_midnight,0,0,0,1,0,0,TREND_FRAGILE,TREND_FRAGILE,TREND
6624.61,6638.36,6606.21,6618.99,3712,100,0,2,0.5573415696939247,ASIA,5,0.15603391577935824,day_anchor_std,server_midnight,0,0,0,1,0,0,TREND_FRAGILE,TREND_FRAGILE,TREND
6619.11,6624.61,6614.74,6618.49,1857,100,0,2,0.5573415696939247,ASIA,5,0.15603391577935824,day_anchor_std,server_midnight,0,0,0,1,0,0,TREND_FRAGILE,TREND_FRAGILE,TREND
6618.99,6627.74,6610.16,6627.24,2604,100,0,2,0.5573415696939247,ASIA,5,0.15603391577935824,day_anchor_std,server_midnight,0,0,0,1,0,0,TREND_FRAGILE,TREND_FRAGILE,TREND
6627.74,6633.69,6621.56,6631.69,2584,100,0,2,0.5573415696939247,ASIA,5,0.15603391577935824,day_anchor_std,server_midnight,0,0,0,1,0,0,TREND_FRAGILE,TREND_FRAGILE,TREND
6631.57,6635.89,6625.19,6631.64,2379,100,0,2,0.19785182491140846,ASIA,6,0.40261154675102223,day_anchor_std,server_midnight,0,0,0,1,0,0,TREND_FRAGILE,TREND_FRAGILE,TREND
6631.89,6641.89,6629.14,6640.64,1141,100,0,2,0.19785182491140846,ASIA,6,0.40261154675102223,day_anchor_std,server_midnight,0,0,0,1,0,0,TREND_FRAGILE,TREND_FRAGILE,TREND
6640.89,6644.14,6636.64,6642.39,1258,100,0,2,0.19785182491140846,ASIA,6,0.40261154675102223,day_anchor_std,server_midnight,0,0,0,1,0,0,TREND_FRAGILE,TREND_FRAGILE,TREND
6642.64,6646.64,6639.64,6645.89,687,100,0,2,0.19785182491140846,ASIA,6,0.40261154675102223,day_anchor_std,server_midnight,0,0,0,1,0,0,TREND_FRAGILE,TREND_FRAGILE,TREND
6678.64,6685.14,6678.39,6682.64,1320,100,0,2,0.9585731952467338,LONDON,3,0.9134240972236863,day_anchor_std,server_midnight,0,0,0,0,1,0,TREND_STRONG,TREND_STRONG,TREND
6682.52,6683.51,6678.14,6681.39,972,100,0,2,0.9585731952467338,LONDON,3,0.9134240972236863,day_anchor_std,server_midnight,0,0,0,0,1,0,TREND_STRONG,TREND_STRONG,TREND
6681.64,6695.14,6680.64,6686.14,1188,100,0,2,0.9585731952467338,LONDON,3,0.9134240972236863,day_anchor_std,server_midnight,0,0,0,0,1,0,TREND_STRONG,TREND_STRONG,TREND
6685.89,6693.39,6685.27,6692.39,973,100,0,2,0.9585731952467338,LONDON,3,0.9134240972236863,day_anchor_std,server_midnight,0,0,0,0,1,0,TREND_STRONG,TREND_STRONG,TREND
6679.39,6688.64,6675.89,6677.39,1001,100,0,0,0.05647605789499849,NY_PM,2,0.12205190340806926,day_anchor_std,server_midnight,1,0,0,0,0,0,BALANCE_LEAKING,BALANCE_LEAKING,BALANCE
6677.14,6680.14,6673.39,6677.39,446,100,0,0,0.05647605789499849,NY_PM,2,0.12205190340806926,day_anchor_std,server_midnight,1,0,0,0,0,0,BALANCE_LEAKING,BALANCE_LEAKING,BALANCE
6680.71,6690.97,6679.34,6686.59,1079,100,0,0,0.3915722180319881,ASIA,3,0.09359998445185594,day_anchor_std,server_midnight,1,0,0,0,0,0,BALANCE_LEAKING,BALANCE_LEAKING,BALANCE
6686.71,6688.59,6680.09,6687.09,684,100,0,0,0.3915722180319881,ASIA,3,0.09359998445185594,day_anchor_std,server_midnight,1,0,0,0,0,0,BALANCE_LEAKING,BALANCE_LEAKING,BALANCE
6686.59,6687.09,6677.09,6678.22,769,100,0,0,0.3915722180319881,ASIA,3,0.09359998445185594,day_anchor_std,server_midnight,1,0,0,0,0,0,BALANCE_LEAKING,BALANCE_LEAKING,BALANCE
6678.34,6681.09,6675.09,6679.59,915,100,0,0,0.3915722180319881,ASIA,3,0.09359998445185594,day_anchor_std,server_midnight,1,0,0,0,0,0,BALANCE_LEAKING,BALANCE_LEAKING,BALANCE
6679.47,6681.59,6673.09,6675.21,1471,100,0,0,0.6326546717587277,ASIA,4,0.08964637795667964,day_anchor_std,server_midnight,1,0,0,0,0,0,BALANCE_LEAKING,BALANCE_LEAKING,BALANCE
6674.84,6676.22,6667.59,6674.84,1698,100,0,0,0.6326546717587277,ASIA,4,0.08964637795667964,day_anchor_std,server_midnight,1,0,0,0,0,0,BALANCE_LEAKING,BALANCE_LEAKING,BALANCE
6674.59,6680.47,6673.22,6678.34,1339,100,0,0,0.6326546717587277,ASIA,4,0.08964637795667964,day_anchor_std,server_midnight,1,0,0,0,0,0,BALANCE_LEAKING,BALANCE_LEAKING,BALANCE
6678.09,6680.59,6675.09,6677.84,976,100,0,0,0.6326546717587277,ASIA,4,0.08964637795667964,day_anchor_std,server_midnight,1,0,0,0,0,0,BALANCE_LEAKING,BALANCE_LEAKING,BALANCE
6678.34,6680.47,6673.34,6673.59,824,100,0,0,0.390167191475261,ASIA,5,0.20104061206625623,day_anchor_std,server_midnight,1,0,0,0,0,0,BALANCE_LEAKING,BALANCE_LEAKING,BALANCE
6673.84,6679.59,6670.59,6678.34,966,100,0,0,0.390167191475261,ASIA,5,0.20104061206625623,day_anchor_std,server_midnight,1,0,0,0,0,0,BALANCE_LEAKING,BALANCE_LEAKING,BALANCE
6678.22,6680.59,6673.09,6675.84,641,100,0,0,0.390167191475261,ASIA,5,0.20104061206625623,day_anchor_std,server_midnight,1,0,0,0,0,0,BALANCE_LEAKING,BALANCE_LEAKING,BALANCE
6676.09,6676.59,6672.84,6674.34,555,100,0,0,0.390167191475261,ASIA,5,0.20104061206625623,day_anchor_std,server_midnight,1,0,0,0,0,0,BALANCE_LEAKING,BALANCE_LEAKING,BALANCE
6674.59,6678.34,6673.34,6676.97,424,100,0,0,0.5787323830677393,ASIA,6,0.05667196664635327,day_anchor_std,server_midnight,1,0,0,0,0,0,UNCLASSIFIED,BALANCE_UNCLASSIFIED,BALANCE
6676.84,6679.21,6674.09,6677.34,473,100,0,0,0.5787323830677393,ASIA,6,0.05667196664635327,day_anchor_std,server_midnight,1,0,0,0,0,0,UNCLASSIFIED,BALANCE_UNCLASSIFIED,BALANCE
6677.59,6679.59,6675.47,6678.59,529,100,0,0,0.5787323830677393,ASIA,6,0.05667196664635327,day_anchor_std,server_midnight,1,0,0,0,0,0,UNCLASSIFIED,BALANCE_UNCLASSIFIED,BALANCE
6678.47,6684.59,6676.59,6680.59,1331,100,0,0,0.5787323830677393,ASIA,6,0.05667196664635327,day_anchor_std,server_midnight,1,0,0,0,0,0,UNCLASSIFIED,BALANCE_UNCLASSIFIED,BALANCE
6623.41,6634.54,6621.17,6625.79,1538,100,0,2,0.8524185149564947,ASIA,4,0.11513846521921195,day_anchor_std,server_midnight,0,0,0,1,0,0,TREND_STRONG,TREND_STRONG,TREND
6626.04,6628.04,6609.79,6610.04,1168,100,0,2,0.8524185149564947,ASIA,4,0.11513846521921195,day_anchor_std,server_midnight,0,0,0,1,0,0,TREND_STRONG,TREND_STRONG,TREND
6610.29,6616.79,6607.54,6608.29,1746,100,0,2,0.8524185149564947,ASIA,4,0.11513846521921195,day_anchor_std,server_midnight,0,0,0,1,0,0,TREND_STRONG,TREND_STRONG,TREND
6608.79,6617.04,6607.29,6616.79,1512,100,0,2,0.8524185149564947,ASIA,4,0.11513846521921195,day_anchor_std,server_midnight,0,0,0,1,0,0,TREND_STRONG,TREND_STRONG,TREND
6593.79,6599.41,6586.54,6588.91,2027,100,0,1,0.9762490783109605,LONDON,4,1.7386151727311685,day_anchor_std,server_midnight,0,0,1,0,0,0,UNCLASSIFIED,TRANSITION_UNCLASSIFIED,TRANSITION
6588.54,6590.79,6574.42,6576.29,2833,100,0,1,0.9762490783109605,LONDON,4,1.7386151727311685,day_anchor_std,server_midnight,0,0,1,0,0,0,UNCLASSIFIED,TRANSITION_UNCLASSIFIED,TRANSITION
6576.79,6578.66,6542.54,6551.54,4972,100,0,1,0.9762490783109605,LONDON,4,1.7386151727311685,day_anchor_std,server_midnight,0,0,1,0,0,0,UNCLASSIFIED,TRANSITION_UNCLASSIFIED,TRANSITION
6551.29,6558.42,6537.04,6549.54,4536,100,0,1,0.9762490783109605,LONDON,4,1.7386151727311685,day_anchor_std,server_midnight,0,0,1,0,0,0,UNCLASSIFIED,TRANSITION_UNCLASSIFIED,TRANSITION
6689.11,6693.49,6680.99,6682.99,1544,100,0,2,0.4262988602146389,ASIA,4,0.16787645886706928,day_anchor_std,server_midnight,0,0,0,1,0,0,TREND_FRAGILE,TREND_FRAGILE,TREND
6682.86,6684.74,6680.24,6683.24,824,100,0,2,0.4262988602146389,ASIA,4,0.16787645886706928,day_anchor_std,server_midnight,0,0,0,1,0,0,TREND_FRAGILE,TREND_FRAGILE,TREND
6683.61,6684.12,6669.86,6670.49,1175,100,0,2,0.4262988602146389,ASIA,4,0.16787645886706928,day_anchor_std,server_midnight,0,0,0,1,0,0,TREND_FRAGILE,TREND_FRAGILE,TREND
6670.37,6673.64,6668.64,6672.64,1076,100,0,2,0.4262988602146389,ASIA,4,0.16787645886706928,day_anchor_std,server_midnight,0,0,0,1,0,0,TREND_FRAGILE,TREND_FRAGILE,TREND
6672.39,6673.24,6661.74,6666.24,1977,100,0,2,0.8852069075286049,ASIA,5,0.0696019848853745,day_anchor_std,server_midnight,0,0,0,1,0,0,UNCLASSIFIED,TREND_UNCLASSIFIED,TREND
6666.49,6683.74,6664.37,6682.24,1751,100,0,2,0.8852069075286049,ASIA,5,0.0696019848853745,day_anchor_std,server_midnight,0,0,0,1,0,0,UNCLASSIFIED,TREND_UNCLASSIFIED,TREND
6682.49,6688.24,6681.49,6685.87,1421,100,0,2,0.8852069075286049,ASIA,5,0.0696019848853745,day_anchor_std,server_midnight,0,0,0,1,0,0,UNCLASSIFIED,TREND_UNCLASSIFIED,TREND
6685.74,6685.99,6677.74,6680.86,1189,100,0,2,0.8852069075286049,ASIA,5,0.0696019848853745,day_anchor_std,server_midnight,0,0,0,1,0,0,UNCLASSIFIED,TREND_UNCLASSIFIED,TREND
6680.49,6681.49,6676.99,6679.49,889,100,0,2,0.8378026795726969,ASIA,6,0.33305544444938795,day_anchor_std,server_midnight,0,0,0,1,0,0,UNCLASSIFIED,TREND_UNCLASSIFIED,TREND
6679.24,6683.99,6678.62,6682.49,671,100,0,2,0.8378026795726969,ASIA,6,0.33305544444938795,day_anchor_std,server_midnight,0,0,0,1,0,0,UNCLASSIFIED,TREND_UNCLASSIFIED,TREND
6682.62,6685.24,6682.49,6684.74,307,100,0,2,0.8378026795726969,ASIA,6,0.33305544444938795,day_anchor_std,server_midnight,0,0,0,1,0,0,UNCLASSIFIED,TREND_UNCLASSIFIED,TREND
6684.99,6692.24,6683.99,6690.74,516,100,0,2,0.8378026795726969,ASIA,6,0.33305544444938795,day_anchor_std,server_midnight,0,0,0,1,0,0,UNCLASSIFIED,TREND_UNCLASSIFIED,TREND
6690.99,6695.99,6690.49,6694.99,582,100,0,2,0.9131352612030506,ASIA,7,0.46840295505740365,day_anchor_std,server_midnight,0,0,0,1,0,0,TREND_STRONG,TREND_STRONG,TREND
6694.74,6695.49,6689.49,6694.86,623,100,0,2,0.9131352612030506,ASIA,7,0.46840295505740365,day_anchor_std,server_midnight,0,0,0,1,0,0,TREND_STRONG,TREND_STRONG,TREND
6694.74,6696.79,6691.79,6695.79,394,100,0,2,0.9131352612030506,ASIA,7,0.46840295505740365,day_anchor_std,server_midnight,0,0,0,1,0,0,TREND_STRONG,TREND_STRONG,TREND
6695.54,6699.49,6693.49,6696.49,567,100,0,2,0.9131352612030506,ASIA,7,0.46840295505740365,day_anchor_std,server_midnight,0,0,0,1,0,0,TREND_STRONG,TREND_STRONG,TREND
6696.24,6696.61,6690.99,6694.86,1276,100,0,2,0.9938771109035803,LONDON,8,0.4845055561566821,day_anchor_std,server_midnight,0,0,0,0,1,0,UNCLASSIFIED,TREND_UNCLASSIFIED,TREND
6694.99,6698.74,6692.49,6695.49,1091,100,0,2,0.9938771109035803,LONDON,8,0.4845055561566821,day_anchor_std,server_midnight,0,0,0,0,1,0,UNCLASSIFIED,TREND_UNCLASSIFIED,TREND
6695.61,6701.49,6692.87,6701.07,1573,100,0,2,0.9938771109035803,LONDON,8,0.4845055561566821,day_anchor_std,server_midnight,0,0,0,0,1,0,UNCLASSIFIED,TREND_UNCLASSIFIED,TREND
6701.19,6704.69,6696.44,6698.44,1158,100,0,2,0.9938771109035803,LONDON,8,0.4845055561566821,day_anchor_std,server_midnight,0,0,0,0,1,0,UNCLASSIFIED,TREND_UNCLASSIFIED,TREND
6698.69,6699.94,6691.19,6693.19,1624,100,0,2,0.9988724558473228,LONDON,9,0.21011062382977685,day_anchor_std,server_midnight,0,0,0,0,1,0,UNCLASSIFIED,TREND_UNCLASSIFIED,TREND
6693.32,6695.06,6685.94,6687.44,1355,100,0,2,0.9988724558473228,LONDON,9,0.21011062382977685,day_anchor_std,server_midnight,0,0,0,0,1,0,UNCLASSIFIED,TREND_UNCLASSIFIED,TREND
6687.31,6693.19,6684.44,6691.69,1319,100,0,2,0.9988724558473228,LONDON,9,0.21011062382977685,day_anchor_std,server_midnight,0,0,0,0,1,0,UNCLASSIFIED,TREND_UNCLASSIFIED,TREND
6691.81,6692.06,6685.94,6689.94,1079,100,0,2,0.9988724558473228,LONDON,9,0.21011062382977685,day_anchor_std,server_midnight,0,0,0,0,1,0,UNCLASSIFIED,TREND_UNCLASSIFIED,TREND
6690.19,6692.06,6685.94,6687.69,1003,100,0,2,0.9944980196703923,LONDON,10,0.26630292026560815,day_anchor_std,server_midnight,0,0,0,0,1,0,UNCLASSIFIED,TREND_UNCLASSIFIED,TREND
6687.56,6694.19,6679.57,6679.94,1365,100,0,2,0.9944980196703923,LONDON,10,0.26630292026560815,day_anchor_std,server_midnight,0,0,0,0,1,0,UNCLASSIFIED,TREND_UNCLASSIFIED,TREND
6679.44,6689.44,6678.94,6688.19,1060,100,0,2,0.9944980196703923,LONDON,10,0.26630292026560815,day_anchor_std,server_midnight,0,0,0,0,1,0,UNCLASSIFIED,TREND_UNCLASSIFIED,TREND
6687.94,6692.19,6685.44,6691.19,917,100,0,2,0.9944980196703923,LONDON,10,0.26630292026560815,day_anchor_std,server_midnight,0,0,0,0,1,0,UNCLASSIFIED,TREND_UNCLASSIFIED,TREND
6690.82,6692.44,6688.19,6690.94,749,100,0,2,0.9803211579959323,NY,11,1.0379975308878922,day_anchor_std,server_midnight,0,0,0,0,0,1,TREND_STRONG,TREND_STRONG,TREND
6690.69,6701.69,6690.69,6701.44,658,100,0,2,0.9803211579959323,NY,11,1.0379975308878922,day_anchor_std,server_midnight,0,0,0,0,0,1,TREND_STRONG,TREND_STRONG,TREND
6701.19,6705.44,6699.44,6700.69,964,100,0,2,0.9803211579959323,NY,11,1.0379975308878922,day_anchor_std,server_midnight,0,0,0,0,0,1,TREND_STRONG,TREND_STRONG,TREND
6701.19,6721.94,6700.44,6714.69,3446,100,0,2,0.9803211579959323,NY,11,1.0379975308878922,day_anchor_std,server_midnight,0,0,0,0,0,1,TREND_STRONG,TREND_STRONG,TREND
6715.44,6731.69,6714.69,6730.44,2270,100,0,2,0.9971449330483427,NY,12,1.77940191633621,day_anchor_std,server_midnight,0,0,0,0,0,1,TREND_STRONG,TREND_STRONG,TREND
6730.69,6742.69,6725.94,6740.19,1331,100,0,2,0.9971449330483427,NY,12,1.77940191633621,day_anchor_std,server_midnight,0,0,0,0,0,1,TREND_STRONG,TREND_STRONG,TREND
6740.44,6740.69,6730.04,6737.29,1214,100,0,2,0.9971449330483427,NY,12,1.77940191633621,day_anchor_std,server_midnight,0,0,0,0,0,1,TREND_STRONG,TREND_STRONG,TREND
6737.54,6741.29,6729.79,6733.79,1679,100,0,2,0.9971449330483427,NY,12,1.77940191633621,day_anchor_std,server_midnight,0,0,0,0,0,1,TREND_STRONG,TREND_STRONG,TREND
6734.04,6737.29,6730.29,6736.29,1409,100,0,2,0.9988098353257905,NY_PM,12,2.302361392935418,day_anchor_std,server_midnight,0,0,0,0,0,1,TREND_STRONG,TREND_STRONG,TREND
6736.54,6739.04,6731.04,6738.54,877,100,0,2,0.9988098353257905,NY_PM,12,2.302361392935418,day_anchor_std,server_midnight,0,0,0,0,0,1,TREND_STRONG,TREND_STRONG,TREND
6738.29,6748.29,6738.29,6744.29,731,100,0,2,0.9988098353257905,NY_PM,12,2.302361392935418,day_anchor_std,server_midnight,0,0,0,0,0,1,TREND_STRONG,TREND_STRONG,TREND
6744.54,6749.29,6743.79,6746.29,567,100,0,2,0.9988098353257905,NY_PM,12,2.302361392935418,day_anchor_std,server_midnight,0,0,0,0,0,1,TREND_STRONG,TREND_STRONG,TREND
6746.04,6750.54,6745.79,6746.79,504,100,0,2,0.9884050325833219,NY_PM,12,2.299319263212646,day_anchor_std,server_midnight,0,0,0,0,0,1,UNCLASSIFIED,TREND_UNCLASSIFIED,TREND
6747.04,6747.54,6739.79,6744.79,647,100,0,2,0.9884050325833219,NY_PM,12,2.299319263212646,day_anchor_std,server_midnight,0,0,0,0,0,1,UNCLASSIFIED,TREND_UNCLASSIFIED,TREND
6745.04,6748.29,6740.04,6745.29,643,100,0,2,0.9884050325833219,NY_PM,12,2.299319263212646,day_anchor_std,server_midnight,0,0,0,0,0,1,UNCLASSIFIED,TREND_UNCLASSIFIED,TREND
6744.79,6748.79,6740.04,6741.29,924,100,0,2,0.9884050325833219,NY_PM,12,2.299319263212646,day_anchor_std,server_midnight,0,0,0,0,0,1,UNCLASSIFIED,TREND_UNCLASSIFIED,TREND
6741.04,6745.54,6737.54,6745.54,327,100,0,2,0.948573663670404,NY_PM,12,2.712611771637522,day_anchor_std,server_midnight,0,0,0,0,0,1,UNCLASSIFIED,TREND_UNCLASSIFIED,TREND
6745.29,6747.79,6745.29,6747.79,70,100,0,2,0.948573663670404,NY_PM,12,2.712611771637522,day_anchor_std,server_midnight,0,0,0,0,0,1,UNCLASSIFIED,TREND_UNCLASSIFIED,TREND
6748.66,6749.04,6744.79,6747.54,551,100,0,2,0.9792051223664129,ASIA,12,0.05115380874979419,day_anchor_std,server_midnight,0,0,0,1,0,0,TREND_STRONG,TREND_STRONG,TREND
6747.29,6748.04,6745.04,6746.04,316,100,0,2,0.9792051223664129,ASIA,12,0.05115380874979419,day_anchor_std,server_midnight,0,0,0,1,0,0,TREND_STRONG,TREND_STRONG,TREND
6746.17,6750.42,6745.79,6749.54,453,100,0,2,0.9792051223664129,ASIA,12,0.05115380874979419,day_anchor_std,server_midnight,0,0,0,1,0,0,TREND_STRONG,TREND_STRONG,TREND
6749.79,6750.16,6744.79,6746.29,442,100,0,2,0.9792051223664129,ASIA,12,0.05115380874979419,day_anchor_std,server_midnight,0,0,0,1,0,0,TREND_STRONG,TREND_STRONG,TREND
6745.79,6750.29,6744.54,6749.04,957,100,0,2,0.9987731865522634,ASIA,12,0.055491618105858266,day_anchor_std,server_midnight,0,0,0,1,0,0,TREND_STRONG,TREND_STRONG,TREND
6749.29,6750.29,6747.92,6750.29,357,100,0,2,0.9987731865522634,ASIA,12,0.055491618105858266,day_anchor_std,server_midnight,0,0,0,1,0,0,TREND_STRONG,TREND_STRONG,TREND
6750.04,6753.04,6748.29,6749.04,430,100,0,2,0.9987731865522634,ASIA,12,0.055491618105858266,day_anchor_std,server_midnight,0,0,0,1,0,0,TREND_STRONG,TREND_STRONG,TREND
6749.17,6750.79,6746.79,6749.04,387,100,0,2,0.9987731865522634,ASIA,12,0.055491618105858266,day_anchor_std,server_midnight,0,0,0,1,0,0,TREND_STRONG,TREND_STRONG,TREND
6748.67,6752.79,6748.67,6752.79,306,100,0,2,0.9863445343087692,ASIA,12,0.12540900467443886,day_anchor_std,server_midnight,0,0,0,1,0,0,TREND_STRONG,TREND_STRONG,TREND
6753.04,6753.29,6747.79,6748.79,286,100,0,2,0.9863445343087692,ASIA,12,0.12540900467443886,day_anchor_std,server_midnight,0,0,0,1,0,0,TREND_STRONG,TREND_STRONG,TREND
6749.04,6750.54,6748.54,6748.54,191,100,0,2,0.9863445343087692,ASIA,12,0.12540900467443886,day_anchor_std,server_midnight,0,0,0,1,0,0,TREND_STRONG,TREND_STRONG,TREND
6748.29,6749.79,6744.29,6746.04,612,100,0,2,0.9863445343087692,ASIA,12,0.12540900467443886,day_anchor_std,server_midnight,0,0,0,1,0,0,TREND_STRONG,TREND_STRONG,TREND
6746.29,6746.29,6743.79,6745.29,400,100,0,2,0.5927182522204697,ASIA,12,0.4473983501873121,day_anchor_std,server_midnight,0,0,0,1,0,0,TREND_STRONG,TREND_STRONG,TREND
6745.54,6745.54,6739.79,6742.29,557,100,0,2,0.5927182522204697,ASIA,12,0.4473983501873121,day_anchor_std,server_midnight,0,0,0,1,0,0,TREND_STRONG,TREND_STRONG,TREND
6742.41,6744.04,6739.29,6740.04,909,100,0,2,0.5927182522204697,ASIA,12,0.4473983501873121,day_anchor_std,server_midnight,0,0,0,1,0,0,TREND_STRONG,TREND_STRONG,TREND
6739.92,6741.79,6736.04,6740.04,630,100,0,2,0.5927182522204697,ASIA,12,0.4473983501873121,day_anchor_std,server_midnight,0,0,0,1,0,0,TREND_STRONG,TREND_STRONG,TREND
6739.79,6740.04,6733.04,6736.04,829,100,0,2,0.6032658761159623,LONDON,12,0.6575853530026955,day_anchor_std,server_midnight,0,0,0,0,1,0,UNCLASSIFIED,TREND_UNCLASSIFIED,TREND
6736.29,6738.79,6734.79,6736.04,834,100,0,2,0.6032658761159623,LONDON,12,0.6575853530026955,day_anchor_std,server_midnight,0,0,0,0,1,0,UNCLASSIFIED,TREND_UNCLASSIFIED,TREND
6736.29,6737.54,6732.54,6737.16,1403,100,0,2,0.6032658761159623,LONDON,12,0.6575853530026955,day_anchor_std,server_midnight,0,0,0,0,1,0,UNCLASSIFIED,TREND_UNCLASSIFIED,TREND
6737.29,6737.54,6732.24,6735.24,1089,100,0,2,0.6032658761159623,LONDON,12,0.6575853530026955,day_anchor_std,server_midnight,0,0,0,0,1,0,UNCLASSIFIED,TREND_UNCLASSIFIED,TREND
6765.14,6768.14,6763.27,6765.14,335,100,0,2,0.9969114100029445,LONDON,3,0.7211693835226893,day_anchor_std,server_midnight,0,0,0,0,1,0,TREND_STRONG,TREND_STRONG,TREND
6765.39,6767.39,6763.14,6763.39,401,100,0,2,0.9969114100029445,LONDON,3,0.7211693835226893,day_anchor_std,server_midnight,0,0,0,0,1,0,TREND_STRONG,TREND_STRONG,TREND
6763.64,6767.39,6763.51,6765.14,387,100,0,2,0.9969114100029445,LONDON,3,0.7211693835226893,day_anchor_std,server_midnight,0,0,0,0,1,0,TREND_STRONG,TREND_STRONG,TREND
6764.89,6770.14,6763.89,6768.14,343,100,0,2,0.9969114100029445,LONDON,3,0.7211693835226893,day_anchor_std,server_midnight,0,0,0,0,1,0,TREND_STRONG,TREND_STRONG,TREND
6807.14,6810.14,6805.39,6808.39,666,100,0,2,0.9362214590589301,NY_PM,7,1.4642725223648674,day_anchor_std,server_midnight,0,0,0,0,0,1,UNCLASSIFIED,TREND_UNCLASSIFIED,TREND
6808.14,6809.64,6803.89,6808.39,600,100,0,2,0.9362214590589301,NY_PM,7,1.4642725223648674,day_anchor_std,server_midnight,0,0,0,0,0,1,UNCLASSIFIED,TREND_UNCLASSIFIED,TREND
6808.64,6811.39,6807.14,6808.89,543,100,0,2,0.9362214590589301,NY_PM,7,1.4642725223648674,day_anchor_std,server_midnight,0,0,0,0,0,1,UNCLASSIFIED,TREND_UNCLASSIFIED,TREND
6809.14,6809.14,6794.39,6798.14,1034,100,0,2,0.9362214590589301,NY_PM,7,1.4642725223648674,day_anchor_std,server_midnight,0,0,0,0,0,1,UNCLASSIFIED,TREND_UNCLASSIFIED,TREND
6845.76,6854.51,6839.27,6849.89,2311,100,0,1,0.9253519206519452,ASIA,2,0.147913365029092,day_anchor_std,server_midnight,0,1,0,0,0,0,UNCLASSIFIED,TRANSITION_UNCLASSIFIED,TRANSITION
6850.14,6851.64,6842.89,6844.51,871,100,0,1,0.9253519206519452,ASIA,2,0.147913365029092,day_anchor_std,server_midnight,0,1,0,0,0,0,UNCLASSIFIED,TRANSITION_UNCLASSIFIED,TRANSITION
6844.89,6849.27,6843.64,6844.27,801,100,0,1,0.9253519206519452,ASIA,2,0.147913365029092,day_anchor_std,server_midnight,0,1,0,0,0,0,UNCLASSIFIED,TRANSITION_UNCLASSIFIED,TRANSITION
6844.39,6847.64,6842.14,6843.39,565,100,0,1,0.9253519206519452,ASIA,2,0.147913365029092,day_anchor_std,server_midnight,0,1,0,0,0,0,UNCLASSIFIED,TRANSITION_UNCLASSIFIED,TRANSITION
6886.81,6887.06,6883.69,6885.44,538,100,0,2,0.9598996899238336,ASIA,6,0.15161360190599935,day_anchor_std,server_midnight,0,0,0,1,0,0,TREND_STRONG,TREND_STRONG,TREND
6885.69,6886.44,6884.44,6884.94,240,100,0,2,0.9598996899238336,ASIA,6,0.15161360190599935,day_anchor_std,server_midnight,0,0,0,1,0,0,TREND_STRONG,TREND_STRONG,TREND
6885.19,6890.44,6884.32,6889.94,452,100,0,2,0.9598996899238336,ASIA,6,0.15161360190599935,day_anchor_std,server_midnight,0,0,0,1,0,0,TREND_STRONG,TREND_STRONG,TREND
6889.69,6890.69,6884.19,6884.19,499,100,0,2,0.9598996899238336,ASIA,6,0.15161360190599935,day_anchor_std,server_midnight,0,0,0,1,0,0,TREND_STRONG,TREND_STRONG,TREND
6884.44,6884.94,6881.69,6883.19,632,100,0,2,0.6903447348330609,ASIA,7,0.29218228636710447,day_anchor_std,server_midnight,0,0,0,1,0,0,TREND_STRONG,TREND_STRONG,TREND
6883.07,6884.44,6882.07,6882.44,413,100,0,2,0.6903447348330609,ASIA,7,0.29218228636710447,day_anchor_std,server_midnight,0,0,0,1,0,0,TREND_STRONG,TREND_STRONG,TREND
6882.32,6882.94,6879.44,6880.94,427,100,0,2,0.6903447348330609,ASIA,7,0.29218228636710447,day_anchor_std,server_midnight,0,0,0,1,0,0,TREND_STRONG,TREND_STRONG,TREND
6881.06,6883.44,6879.94,6881.04,409,100,0,2,0.6903447348330609,ASIA,7,0.29218228636710447,day_anchor_std,server_midnight,0,0,0,1,0,0,TREND_STRONG,TREND_STRONG,TREND
6881.29,6883.04,6881.04,6882.04,213,100,0,2,0.9642607116504667,ASIA,8,0.3309793854994099,day_anchor_std,server_midnight,0,0,0,1,0,0,TREND_STRONG,TREND_STRONG,TREND
6881.79,6882.04,6879.29,6880.94,189,100,0,2,0.9642607116504667,ASIA,8,0.3309793854994099,day_anchor_std,server_midnight,0,0,0,1,0,0,TREND_STRONG,TREND_STRONG,TREND
6881.19,6882.44,6879.19,6880.69,204,100,0,2,0.9642607116504667,ASIA,8,0.3309793854994099,day_anchor_std,server_midnight,0,0,0,1,0,0,TREND_STRONG,TREND_STRONG,TREND
6880.44,6883.19,6879.69,6881.44,269,100,0,2,0.9642607116504667,ASIA,8,0.3309793854994099,day_anchor_std,server_midnight,0,0,0,1,0,0,TREND_STRONG,TREND_STRONG,TREND
6886.19,6891.44,6885.69,6890.94,431,100,0,2,0.4358996285523613,NY,3,0.05084049841259816,day_anchor_std,server_midnight,0,0,0,0,1,0,TREND_STRONG,TREND_STRONG,TREND
6890.69,6891.19,6887.94,6889.44,321,100,0,2,0.4358996285523613,NY,3,0.05084049841259816,day_anchor_std,server_midnight,0,0,0,0,1,0,TREND_STRONG,TREND_STRONG,TREND
6889.69,6900.69,6889.19,6898.94,1167,100,0,2,0.4358996285523613,NY,3,0.05084049841259816,day_anchor_std,server_midnight,0,0,0,0,1,0,TREND_STRONG,TREND_STRONG,TREND
6898.69,6900.69,6880.19,6884.57,2703,100,0,2,0.4358996285523613,NY,3,0.05084049841259816,day_anchor_std,server_midnight,0,0,0,0,1,0,TREND_STRONG,TREND_STRONG,TREND
6884.44,6890.94,6884.19,6890.44,638,100,0,1,0.07285059416764839,NY_PM,2,1.7209250559848708,day_anchor_std,server_midnight,0,0,1,0,0,0,UNCLASSIFIED,TRANSITION_UNCLASSIFIED,TRANSITION
6890.19,6903.19,6889.44,6897.69,1788,100,0,1,0.07285059416764839,NY_PM,2,1.7209250559848708,day_anchor_std,server_midnight,0,0,1,0,0,0,UNCLASSIFIED,TRANSITION_UNCLASSIFIED,TRANSITION
6897.44,6902.69,6897.44,6898.94,1106,100,0,1,0.07285059416764839,NY_PM,2,1.7209250559848708,day_anchor_std,server_midnight,0,0,1,0,0,0,UNCLASSIFIED,TRANSITION_UNCLASSIFIED,TRANSITION
6899.19,6905.94,6897.44,6904.94,753,100,0,1,0.07285059416764839,NY_PM,2,1.7209250559848708,day_anchor_std,server_midnight,0,0,1,0,0,0,UNCLASSIFIED,TRANSITION_UNCLASSIFIED,TRANSITION
6911.59,6911.71,6906.84,6910.59,307,100,0,2,0.228871478276859,ASIA,3,0.7370521871300545,day_anchor_std,server_midnight,0,0,0,1,0,0,TREND_STRONG,TREND_STRONG,TREND
6910.84,6912.84,6910.19,6912.34,163,100,0,2,0.228871478276859,ASIA,3,0.7370521871300545,day_anchor_std,server_midnight,0,0,0,1,0,0,TREND_STRONG,TREND_STRONG,TREND
6912.46,6913.84,6912.22,6913.59,261,100,0,2,0.228871478276859,ASIA,3,0.7370521871300545,day_anchor_std,server_midnight,0,0,0,1,0,0,TREND_STRONG,TREND_STRONG,TREND
6913.72,6914.59,6912.22,6914.09,191,100,0,2,0.228871478276859,ASIA,3,0.7370521871300545,day_anchor_std,server_midnight,0,0,0,1,0,0,TREND_STRONG,TREND_STRONG,TREND
6872.99,6872.99,6853.14,6856.64,1984,100,0,1,0.9953748137095391,NY_PM,1,1.9259708677641376,day_anchor_std,server_midnight,0,0,1,0,0,0,TRANSITION_NOISY,TRANSITION_NOISY,TRANSITION
6856.89,6862.29,6849.69,6851.69,1964,100,0,1,0.9953748137095391,NY_PM,1,1.9259708677641376,day_anchor_std,server_midnight,0,0,1,0,0,0,TRANSITION_NOISY,TRANSITION_NOISY,TRANSITION
6851.44,6852.44,6831.44,6841.14,2225,100,0,1,0.9953748137095391,NY_PM,1,1.9259708677641376,day_anchor_std,server_midnight,0,0,1,0,0,0,TRANSITION_NOISY,TRANSITION_NOISY,TRANSITION
6841.64,6848.39,6827.14,6828.14,2870,100,0,1,0.9953748137095391,NY_PM,1,1.9259708677641376,day_anchor_std,server_midnight,0,0,1,0,0,0,TRANSITION_NOISY,TRANSITION_NOISY,TRANSITION
6870.39,6875.26,6868.14,6871.89,1109,100,0,0,0.8741842675558242,ASIA,2,0.09728916854645772,day_anchor_std,server_midnight,1,0,0,0,0,0,BALANCE_LEAKING,BALANCE_LEAKING,BALANCE
6871.64,6873.14,6866.39,6869.19,750,100,0,0,0.8741842675558242,ASIA,2,0.09728916854645772,day_anchor_std,server_midnight,1,0,0,0,0,0,BALANCE_LEAKING,BALANCE_LEAKING,BALANCE
6869.06,6871.82,6864.44,6868.17,882,100,0,0,0.8741842675558242,ASIA,2,0.09728916854645772,day_anchor_std,server_midnight,1,0,0,0,0,0,BALANCE_LEAKING,BALANCE_LEAKING,BALANCE
6868.29,6874.76,6864.24,6874.14,670,100,0,0,0.8741842675558242,ASIA,2,0.09728916854645772,day_anchor_std,server_midnight,1,0,0,0,0,0,BALANCE_LEAKING,BALANCE_LEAKING,BALANCE
6874.39,6878.69,6865.02,6877.94,1155,100,0,0,0.9047322418497796,ASIA,3,0.22228306565367498,day_anchor_std,server_midnight,1,0,0,0,0,0,BALANCE_LEAKING,BALANCE_LEAKING,BALANCE
6877.69,6878.94,6874.44,6876.69,865,100,0,0,0.9047322418497796,ASIA,3,0.22228306565367498,day_anchor_std,server_midnight,1,0,0,0,0,0,BALANCE_LEAKING,BALANCE_LEAKING,BALANCE
6876.44,6878.19,6871.44,6876.19,896,100,0,0,0.9047322418497796,ASIA,3,0.22228306565367498,day_anchor_std,server_midnight,1,0,0,0,0,0,BALANCE_LEAKING,BALANCE_LEAKING,BALANCE
6876.69,6879.69,6875.19,6879.19,978,100,0,0,0.9047322418497796,ASIA,3,0.22228306565367498,day_anchor_std,server_midnight,1,0,0,0,0,0,BALANCE_LEAKING,BALANCE_LEAKING,BALANCE
6879.44,6880.44,6874.69,6874.94,717,100,0,0,0.935579884394902,ASIA,4,0.10242032239404256,day_anchor_std,server_midnight,1,0,0,0,0,0,BALANCE_LEAKING,BALANCE_LEAKING,BALANCE
6874.82,6874.82,6869.19,6872.94,684,100,0,0,0.935579884394902,ASIA,4,0.10242032239404256,day_anchor_std,server_midnight,1,0,0,0,0,0,BALANCE_LEAKING,BALANCE_LEAKING,BALANCE
6872.69,6875.69,6868.94,6870.19,591,100,0,0,0.935579884394902,ASIA,4,0.10242032239404256,day_anchor_std,server_midnight,1,0,0,0,0,0,BALANCE_LEAKING,BALANCE_LEAKING,BALANCE
6870.44,6876.19,6869.94,6875.94,516,100,0,0,0.935579884394902,ASIA,4,0.10242032239404256,day_anchor_std,server_midnight,1,0,0,0,0,0,BALANCE_LEAKING,BALANCE_LEAKING,BALANCE
6875.69,6878.69,6875.44,6877.31,400,100,0,0,0.672332029314276,ASIA,5,0.06917495648314267,day_anchor_std,server_midnight,1,0,0,0,0,0,BALANCE_LEAKING,BALANCE_LEAKING,BALANCE
6877.19,6878.69,6875.44,6876.69,320,100,0,0,0.672332029314276,ASIA,5,0.06917495648314267,day_anchor_std,server_midnight,1,0,0,0,0,0,BALANCE_LEAKING,BALANCE_LEAKING,BALANCE
6876.44,6876.94,6872.44,6872.44,501,100,0,0,0.672332029314276,ASIA,5,0.06917495648314267,day_anchor_std,server_midnight,1,0,0,0,0,0,BALANCE_LEAKING,BALANCE_LEAKING,BALANCE
6872.69,6873.44,6869.94,6870.94,545,100,0,0,0.672332029314276,ASIA,5,0.06917495648314267,day_anchor_std,server_midnight,1,0,0,0,0,0,BALANCE_LEAKING,BALANCE_LEAKING,BALANCE
6870.69,6876.44,6870.19,6876.19,745,100,0,0,0.9050469710783022,LONDON,6,0.3115535442883294,day_anchor_std,server_midnight,1,0,0,0,0,0,BALANCE_LEAKING,BALANCE_LEAKING,BALANCE
6876.07,6878.19,6870.82,6871.69,683,100,0,0,0.9050469710783022,LONDON,6,0.3115535442883294,day_anchor_std,server_midnight,1,0,0,0,0,0,BALANCE_LEAKING,BALANCE_LEAKING,BALANCE
6871.94,6874.19,6868.94,6873.94,995,100,0,0,0.9050469710783022,LONDON,6,0.3115535442883294,day_anchor_std,server_midnight,1,0,0,0,0,0,BALANCE_LEAKING,BALANCE_LEAKING,BALANCE
6874.06,6881.94,6873.94,6881.69,668,100,0,0,0.9050469710783022,LONDON,6,0.3115535442883294,day_anchor_std,server_midnight,1,0,0,0,0,0,BALANCE_LEAKING,BALANCE_LEAKING,BALANCE
6881.57,6881.81,6872.07,6875.32,1936,100,0,0,0.9183836791134293,LONDON,7,0.09036505095450696,day_anchor_std,server_midnight,1,0,0,0,0,0,UNCLASSIFIED,BALANCE_UNCLASSIFIED,BALANCE
6875.19,6879.69,6872.44,6879.19,969,100,0,0,0.9183836791134293,LONDON,7,0.09036505095450696,day_anchor_std,server_midnight,1,0,0,0,0,0,UNCLASSIFIED,BALANCE_UNCLASSIFIED,BALANCE
6879.32,6881.69,6876.94,6877.69,586,100,0,0,0.9183836791134293,LONDON,7,0.09036505095450696,day_anchor_std,server_midnight,1,0,0,0,0,0,UNCLASSIFIED,BALANCE_UNCLASSIFIED,BALANCE
6877.81,6878.69,6874.69,6875.69,699,100,0,0,0.9183836791134293,LONDON,7,0.09036505095450696,day_anchor_std,server_midnight,1,0,0,0,0,0,UNCLASSIFIED,BALANCE_UNCLASSIFIED,BALANCE
6875.81,6876.44,6869.19,6871.44,737,100,0,0,0.7156260468731281,LONDON,8,0.39879141375133303,day_anchor_std,server_midnight,1,0,0,0,0,0,UNCLASSIFIED,BALANCE_UNCLASSIFIED,BALANCE
6871.19,6876.44,6870.31,6873.69,802,100,0,0,0.7156260468731281,LONDON,8,0.39879141375133303,day_anchor_std,server_midnight,1,0,0,0,0,0,UNCLASSIFIED,BALANCE_UNCLASSIFIED,BALANCE
6873.94,6880.69,6870.57,6880.69,894,100,0,0,0.7156260468731281,LONDON,8,0.39879141375133303,day_anchor_std,server_midnight,1,0,0,0,0,0,UNCLASSIFIED,BALANCE_UNCLASSIFIED,BALANCE
6880.44,6887.19,6878.19,6883.69,673,100,0,0,0.7156260468731281,LONDON,8,0.39879141375133303,day_anchor_std,server_midnight,1,0,0,0,0,0,UNCLASSIFIED,BALANCE_UNCLASSIFIED,BALANCE
6788.54,6794.04,6781.04,6790.29,1675,100,0,2,0.483473324354208,NY,7,0.23549094140050564,day_anchor_std,server_midnight,0,0,0,0,1,0,UNCLASSIFIED,TREND_UNCLASSIFIED,TREND
6789.54,6816.84,6776.21,6815.84,4280,100,0,2,0.483473324354208,NY,7,0.23549094140050564,day_anchor_std,server_midnight,0,0,0,0,1,0,UNCLASSIFIED,TREND_UNCLASSIFIED,TREND
6815.59,6826.29,6812.34,6823.29,2751,100,0,2,0.483473324354208,NY,7,0.23549094140050564,day_anchor_std,server_midnight,0,0,0,0,1,0,UNCLASSIFIED,TREND_UNCLASSIFIED,TREND
6823.04,6829.79,6806.54,6811.79,2378,100,0,2,0.483473324354208,NY,7,0.23549094140050564,day_anchor_std,server_midnight,0,0,0,0,1,0,UNCLASSIFIED,TREND_UNCLASSIFIED,TREND
6811.66,6818.29,6805.54,6812.04,2559,100,0,2,0.6006613724224781,NY_PM,8,1.0029729106647556,day_anchor_std,server_midnight,0,0,0,0,0,1,TREND_STRONG,TREND_STRONG,TREND
6811.79,6816.29,6804.54,6812.04,2517,100,0,2,0.6006613724224781,NY_PM,8,1.0029729106647556,day_anchor_std,server_midnight,0,0,0,0,0,1,TREND_STRONG,TREND_STRONG,TREND
6811.79,6812.04,6786.54,6799.04,2375,100,0,2,0.6006613724224781,NY_PM,8,1.0029729106647556,day_anchor_std,server_midnight,0,0,0,0,0,1,TREND_STRONG,TREND_STRONG,TREND
6798.54,6802.59,6787.09,6790.09,2336,100,0,2,0.6006613724224781,NY_PM,8,1.0029729106647556,day_anchor_std,server_midnight,0,0,0,0,0,1,TREND_STRONG,TREND_STRONG,TREND
6789.34,6791.09,6778.69,6781.44,2215,100,0,2,0.8770599075340567,NY_PM,9,1.471097662087778,day_anchor_std,server_midnight,0,0,0,0,0,1,TREND_STRONG,TREND_STRONG,TREND
6781.19,6792.64,6775.94,6790.14,2267,100,0,2,0.8770599075340567,NY_PM,9,1.471097662087778,day_anchor_std,server_midnight,0,0,0,0,0,1,TREND_STRONG,TREND_STRONG,TREND
6789.64,6795.14,6785.14,6791.76,2469,100,0,2,0.8770599075340567,NY_PM,9,1.471097662087778,day_anchor_std,server_midnight,0,0,0,0,0,1,TREND_STRONG,TREND_STRONG,TREND
6791.64,6792.64,6774.84,6780.59,2358,100,0,2,0.8770599075340567,NY_PM,9,1.471097662087778,day_anchor_std,server_midnight,0,0,0,0,0,1,TREND_STRONG,TREND_STRONG,TREND
6776.36,6776.74,6764.99,6769.99,1998,100,0,0,0.6649966185191413,ASIA,2,0.3020892126957081,day_anchor_std,server_midnight,1,0,0,0,0,0,BALANCE_LEAKING,BALANCE_LEAKING,BALANCE
6770.24,6772.74,6763.99,6767.99,1709,100,0,0,0.6649966185191413,ASIA,2,0.3020892126957081,day_anchor_std,server_midnight,1,0,0,0,0,0,BALANCE_LEAKING,BALANCE_LEAKING,BALANCE
6768.11,6778.99,6767.74,6777.49,1908,100,0,0,0.6649966185191413,ASIA,2,0.3020892126957081,day_anchor_std,server_midnight,1,0,0,0,0,0,BALANCE_LEAKING,BALANCE_LEAKING,BALANCE
6777.61,6779.49,6765.74,6769.64,1672,100,0,0,0.6649966185191413,ASIA,2,0.3020892126957081,day_anchor_std,server_midnight,1,0,0,0,0,0,BALANCE_LEAKING,BALANCE_LEAKING,BALANCE
6769.39,6781.81,6764.14,6780.86,1969,100,0,0,0.898836048600705,LONDON,3,0.23525116085834977,day_anchor_std,server_midnight,1,0,0,0,0,0,BALANCE_LEAKING,BALANCE_LEAKING,BALANCE
6780.99,6781.99,6776.99,6778.74,1264,100,0,0,0.898836048600705,LONDON,3,0.23525116085834977,day_anchor_std,server_midnight,1,0,0,0,0,0,BALANCE_LEAKING,BALANCE_LEAKING,BALANCE
6778.86,6779.87,6767.49,6772.24,1460,100,0,0,0.898836048600705,LONDON,3,0.23525116085834977,day_anchor_std,server_midnight,1,0,0,0,0,0,BALANCE_LEAKING,BALANCE_LEAKING,BALANCE
6772.37,6774.04,6767.79,6768.04,1362,100,0,0,0.898836048600705,LONDON,3,0.23525116085834977,day_anchor_std,server_midnight,1,0,0,0,0,0,BALANCE_LEAKING,BALANCE_LEAKING,BALANCE
6793.04,6793.71,6787.04,6790.04,2379,100,0,0,0.8330531093410039,LONDON,3,0.09820179237893281,day_anchor_std,server_midnight,1,0,0,0,0,0,BALANCE_LEAKING,BALANCE_LEAKING,BALANCE
6790.54,6797.54,6786.79,6795.54,1870,100,0,0,0.8330531093410039,LONDON,3,0.09820179237893281,day_anchor_std,server_midnight,1,0,0,0,0,0,BALANCE_LEAKING,BALANCE_LEAKING,BALANCE
6796.04,6808.91,6795.29,6808.29,1287,100,0,0,0.8330531093410039,LONDON,3,0.09820179237893281,day_anchor_std,server_midnight,1,0,0,0,0,0,BALANCE_LEAKING,BALANCE_LEAKING,BALANCE
6808.04,6810.54,6805.04,6806.79,923,100,0,0,0.8330531093410039,LONDON,3,0.09820179237893281,day_anchor_std,server_midnight,1,0,0,0,0,0,BALANCE_LEAKING,BALANCE_LEAKING,BALANCE
6815.04,6816.79,6793.54,6795.29,1948,100,0,1,0.8072078622393611,NY,3,2.284123249595354,day_anchor_std,server_midnight,0,0,1,0,0,0,UNCLASSIFIED,TRANSITION_UNCLASSIFIED,TRANSITION
6795.79,6803.44,6770.44,6770.94,4364,100,0,1,0.8072078622393611,NY,3,2.284123249595354,day_anchor_std,server_midnight,0,0,1,0,0,0,UNCLASSIFIED,TRANSITION_UNCLASSIFIED,TRANSITION
6770.44,6782.34,6754.14,6774.09,4535,100,0,1,0.8072078622393611,NY,3,2.284123249595354,day_anchor_std,server_midnight,0,0,1,0,0,0,UNCLASSIFIED,TRANSITION_UNCLASSIFIED,TRANSITION
6774.34,6775.59,6735.79,6737.04,4557,100,0,1,0.8072078622393611,NY,3,2.284123249595354,day_anchor_std,server_midnight,0,0,1,0,0,0,UNCLASSIFIED,TRANSITION_UNCLASSIFIED,TRANSITION
6782.39,6783.64,6778.89,6781.14,845,100,0,2,0.9159590991967727,ASIA,3,0.27894166345865545,day_anchor_std,server_midnight,0,0,0,1,0,0,UNCLASSIFIED,TREND_UNCLASSIFIED,TREND
6781.26,6785.14,6781.26,6782.14,552,100,0,2,0.9159590991967727,ASIA,3,0.27894166345865545,day_anchor_std,server_midnight,0,0,0,1,0,0,UNCLASSIFIED,TREND_UNCLASSIFIED,TREND
6782.27,6788.89,6782.14,6788.39,912,100,0,2,0.9159590991967727,ASIA,3,0.27894166345865545,day_anchor_std,server_midnight,0,0,0,1,0,0,UNCLASSIFIED,TREND_UNCLASSIFIED,TREND
6788.26,6789.64,6783.54,6783.54,604,100,0,2,0.9159590991967727,ASIA,3,0.27894166345865545,day_anchor_std,server_midnight,0,0,0,1,0,0,UNCLASSIFIED,TREND_UNCLASSIFIED,TREND
6783.66,6789.44,6783.54,6786.52,709,100,0,2,0.9815333474032476,ASIA,4,0.4409842086457416,day_anchor_std,server_midnight,0,0,0,1,0,0,TREND_FRAGILE,TREND_FRAGILE,TREND
6786.64,6788.64,6784.39,6786.39,572,100,0,2,0.9815333474032476,ASIA,4,0.4409842086457416,day_anchor_std,server_midnight,0,0,0,1,0,0,TREND_FRAGILE,TREND_FRAGILE,TREND
6786.64,6791.64,6786.39,6790.52,597,100,0,2,0.9815333474032476,ASIA,4,0.4409842086457416,day_anchor_std,server_midnight,0,0,0,1,0,0,TREND_FRAGILE,TREND_FRAGILE,TREND
6790.39,6790.64,6786.39,6789.14,658,100,0,2,0.9815333474032476,ASIA,4,0.4409842086457416,day_anchor_std,server_midnight,0,0,0,1,0,0,TREND_FRAGILE,TREND_FRAGILE,TREND
6789.02,6790.94,6785.94,6787.44,537,100,0,2,0.9813177286288202,LONDON,5,0.38326713029008735,day_anchor_std,server_midnight,0,0,0,0,1,0,TREND_FRAGILE,TREND_FRAGILE,TREND
6787.19,6792.44,6785.32,6785.69,850,100,0,2,0.9813177286288202,LONDON,5,0.38326713029008735,day_anchor_std,server_midnight,0,0,0,0,1,0,TREND_FRAGILE,TREND_FRAGILE,TREND
6785.82,6788.94,6783.69,6786.69,1128,100,0,2,0.9813177286288202,LONDON,5,0.38326713029008735,day_anchor_std,server_midnight,0,0,0,0,1,0,TREND_FRAGILE,TREND_FRAGILE,TREND
6786.94,6789.94,6786.19,6787.94,712,100,0,2,0.9813177286288202,LONDON,5,0.38326713029008735,day_anchor_std,server_midnight,0,0,0,0,1,0,TREND_FRAGILE,TREND_FRAGILE,TREND
6788.19,6790.44,6781.69,6790.19,1469,100,0,2,0.9910957552751809,LONDON,6,0.9119387946375122,day_anchor_std,server_midnight,0,0,0,0,1,0,TREND_STRONG,TREND_STRONG,TREND
6789.94,6797.94,6789.44,6797.69,1044,100,0,2,0.9910957552751809,LONDON,6,0.9119387946375122,day_anchor_std,server_midnight,0,0,0,0,1,0,TREND_STRONG,TREND_STRONG,TREND
6797.44,6807.94,6796.44,6802.32,1415,100,0,2,0.9910957552751809,LONDON,6,0.9119387946375122,day_anchor_std,server_midnight,0,0,0,0,1,0,TREND_STRONG,TREND_STRONG,TREND
6802.19,6806.44,6800.94,6805.19,974,100,0,2,0.9910957552751809,LONDON,6,0.9119387946375122,day_anchor_std,server_midnight,0,0,0,0,1,0,TREND_STRONG,TREND_STRONG,TREND
6805.44,6806.19,6802.94,6803.69,784,100,0,2,0.9944304052057011,LONDON,7,0.8582382765792321,day_anchor_std,server_midnight,0,0,0,0,1,1,TREND_FRAGILE,TREND_FRAGILE,TREND
6803.57,6807.44,6802.19,6802.94,553,100,0,2,0.9944304052057011,LONDON,7,0.8582382765792321,day_anchor_std,server_midnight,0,0,0,0,1,1,TREND_FRAGILE,TREND_FRAGILE,TREND
6802.69,6805.44,6796.94,6797.94,865,100,0,2,0.9944304052057011,LONDON,7,0.8582382765792321,day_anchor_std,server_midnight,0,0,0,0,1,1,TREND_FRAGILE,TREND_FRAGILE,TREND
6797.69,6805.44,6796.94,6805.44,708,100,0,2,0.9944304052057011,LONDON,7,0.8582382765792321,day_anchor_std,server_midnight,0,0,0,0,1,1,TREND_FRAGILE,TREND_FRAGILE,TREND
6805.19,6806.94,6798.44,6798.94,1033,100,0,2,0.9979501827906888,NY,8,0.8285304137872761,day_anchor_std,server_midnight,0,0,0,0,1,1,UNCLASSIFIED,TREND_UNCLASSIFIED,TREND
6799.06,6802.39,6796.14,6800.64,984,100,0,2,0.9979501827906888,NY,8,0.8285304137872761,day_anchor_std,server_midnight,0,0,0,0,1,1,UNCLASSIFIED,TREND_UNCLASSIFIED,TREND
6800.89,6803.64,6798.14,6802.89,796,100,0,2,0.9979501827906888,NY,8,0.8285304137872761,day_anchor_std,server_midnight,0,0,0,0,1,1,UNCLASSIFIED,TREND_UNCLASSIFIED,TREND
6803.14,6806.14,6799.39,6805.14,793,100,0,2,0.9979501827906888,NY,8,0.8285304137872761,day_anchor_std,server_midnight,0,0,0,0,1,1,UNCLASSIFIED,TREND_UNCLASSIFIED,TREND
6805.39,6805.89,6798.39,6801.14,1158,100,0,2,0.9989770383248894,NY,9,0.28383205924111415,day_anchor_std,server_midnight,0,0,0,0,1,0,UNCLASSIFIED,TREND_UNCLASSIFIED,TREND
6801.89,6821.19,6799.39,6814.69,3399,100,0,2,0.9989770383248894,NY,9,0.28383205924111415,day_anchor_std,server_midnight,0,0,0,0,1,0,UNCLASSIFIED,TREND_UNCLASSIFIED,TREND
6814.44,6821.19,6810.69,6817.69,2791,100,0,2,0.9989770383248894,NY,9,0.28383205924111415,day_anchor_std,server_midnight,0,0,0,0,1,0,UNCLASSIFIED,TREND_UNCLASSIFIED,TREND
6817.94,6818.94,6790.44,6791.19,2447,100,0,2,0.9989770383248894,NY,9,0.28383205924111415,day_anchor_std,server_midnight,0,0,0,0,1,0,UNCLASSIFIED,TREND_UNCLASSIFIED,TREND
6790.44,6796.69,6781.44,6784.49,3100,100,0,2,0.9992658154726031,NY_PM,10,1.3378518035149005,day_anchor_std,server_midnight,0,0,0,0,0,1,UNCLASSIFIED,TREND_UNCLASSIFIED,TREND
6784.24,6795.79,6779.54,6795.54,3126,100,0,2,0.9992658154726031,NY_PM,10,1.3378518035149005,day_anchor_std,server_midnight,0,0,0,0,0,1,UNCLASSIFIED,TREND_UNCLASSIFIED,TREND
6795.04,6807.54,6793.54,6804.04,2253,100,0,2,0.9992658154726031,NY_PM,10,1.3378518035149005,day_anchor_std,server_midnight,0,0,0,0,0,1,UNCLASSIFIED,TREND_UNCLASSIFIED,TREND
6804.29,6827.39,6804.29,6824.14,1351,100,0,2,0.9992658154726031,NY_PM,10,1.3378518035149005,day_anchor_std,server_midnight,0,0,0,0,0,1,UNCLASSIFIED,TREND_UNCLASSIFIED,TREND
6824.39,6830.64,6823.39,6824.89,975,100,0,2,0.9998476056298072,NY_PM,11,2.004018491439434,day_anchor_std,server_midnight,0,0,0,0,0,1,UNCLASSIFIED,TREND_UNCLASSIFIED,TREND
6825.14,6835.39,6825.14,6828.89,896,100,0,2,0.9998476056298072,NY_PM,11,2.004018491439434,day_anchor_std,server_midnight,0,0,0,0,0,1,UNCLASSIFIED,TREND_UNCLASSIFIED,TREND
6828.64,6839.64,6828.64,6837.89,919,100,0,2,0.9998476056298072,NY_PM,11,2.004018491439434,day_anchor_std,server_midnight,0,0,0,0,0,1,UNCLASSIFIED,TREND_UNCLASSIFIED,TREND
6837.64,6846.89,6835.64,6843.14,692,100,0,2,0.9998476056298072,NY_PM,11,2.004018491439434,day_anchor_std,server_midnight,0,0,0,0,0,1,UNCLASSIFIED,TREND_UNCLASSIFIED,TREND
6842.89,6851.14,6841.64,6843.14,852,100,0,2,0.9995402054191337,NY_PM,12,2.0158620260878273,day_anchor_std,server_midnight,0,0,0,0,0,1,UNCLASSIFIED,TREND_UNCLASSIFIED,TREND
6842.64,6852.39,6840.64,6843.89,1449,100,0,2,0.9995402054191337,NY_PM,12,2.0158620260878273,day_anchor_std,server_midnight,0,0,0,0,0,1,UNCLASSIFIED,TREND_UNCLASSIFIED,TREND
6851.64,6862.99,6851.04,6859.74,1612,100,0,1,0.09453402182551257,NY_PM,1,1.2597649246105775,day_anchor_std,server_midnight,0,0,1,0,0,0,UNCLASSIFIED,TRANSITION_UNCLASSIFIED,TRANSITION
6859.49,6863.24,6851.99,6862.49,1671,100,0,1,0.09453402182551257,NY_PM,1,1.2597649246105775,day_anchor_std,server_midnight,0,0,1,0,0,0,UNCLASSIFIED,TRANSITION_UNCLASSIFIED,TRANSITION
6862.24,6863.49,6855.24,6861.74,1475,100,0,1,0.09453402182551257,NY_PM,1,1.2597649246105775,day_anchor_std,server_midnight,0,0,1,0,0,0,UNCLASSIFIED,TRANSITION_UNCLASSIFIED,TRANSITION
6861.99,6864.74,6857.74,6861.74,998,100,0,1,0.09453402182551257,NY_PM,1,1.2597649246105775,day_anchor_std,server_midnight,0,0,1,0,0,0,UNCLASSIFIED,TRANSITION_UNCLASSIFIED,TRANSITION
6868.99,6869.74,6864.99,6866.24,684,100,0,2,0.010320633937335955,ASIA,3,0.5034452380066728,day_anchor_std,server_midnight,0,0,0,1,0,0,TREND_FRAGILE,TREND_FRAGILE,TREND
6866.12,6867.74,6863.74,6867.49,382,100,0,2,0.010320633937335955,ASIA,3,0.5034452380066728,day_anchor_std,server_midnight,0,0,0,1,0,0,TREND_FRAGILE,TREND_FRAGILE,TREND
6867.74,6870.99,6867.24,6868.49,480,100,0,2,0.010320633937335955,ASIA,3,0.5034452380066728,day_anchor_std,server_midnight,0,0,0,1,0,0,TREND_FRAGILE,TREND_FRAGILE,TREND
6868.24,6874.74,6868.24,6873.09,341,100,0,2,0.010320633937335955,ASIA,3,0.5034452380066728,day_anchor_std,server_midnight,0,0,0,1,0,0,TREND_FRAGILE,TREND_FRAGILE,TREND
6872.84,6876.84,6872.59,6876.09,422,100,0,2,0.8573967168164548,LONDON,4,0.8221351357824271,day_anchor_std,server_midnight,0,0,0,0,1,0,UNCLASSIFIED,TREND_UNCLASSIFIED,TREND
6875.84,6878.09,6874.59,6877.09,349,100,0,2,0.8573967168164548,LONDON,4,0.8221351357824271,day_anchor_std,server_midnight,0,0,0,0,1,0,UNCLASSIFIED,TREND_UNCLASSIFIED,TREND
6877.34,6880.59,6877.34,6880.34,388,100,0,2,0.8573967168164548,LONDON,4,0.8221351357824271,day_anchor_std,server_midnight,0,0,0,0,1,0,UNCLASSIFIED,TREND_UNCLASSIFIED,TREND
6880.46,6885.09,6878.34,6879.34,643,100,0,2,0.8573967168164548,LONDON,4,0.8221351357824271,day_anchor_std,server_midnight,0,0,0,0,1,0,UNCLASSIFIED,TREND_UNCLASSIFIED,TREND
6791.84,6795.64,6777.19,6785.14,3820,100,0,1,0.5290834647618476,NY_PM,1,3.0373861547204166,day_anchor_std,server_midnight,0,0,1,0,0,0,UNCLASSIFIED,TRANSITION_UNCLASSIFIED,TRANSITION
6784.64,6793.89,6769.89,6778.79,4077,100,0,1,0.5290834647618476,NY_PM,1,3.0373861547204166,day_anchor_std,server_midnight,0,0,1,0,0,0,UNCLASSIFIED,TRANSITION_UNCLASSIFIED,TRANSITION
6779.04,6788.44,6770.54,6785.94,3977,100,0,1,0.5290834647618476,NY_PM,1,3.0373861547204166,day_anchor_std,server_midnight,0,0,1,0,0,0,UNCLASSIFIED,TRANSITION_UNCLASSIFIED,TRANSITION
6785.69,6791.94,6766.34,6768.34,3894,100,0,1,0.5290834647618476,NY_PM,1,3.0373861547204166,day_anchor_std,server_midnight,0,0,1,0,0,0,UNCLASSIFIED,TRANSITION_UNCLASSIFIED,TRANSITION
6750.11,6759.49,6750.11,6758.99,1538,100,0,2,0.8993593932963608,ASIA,3,0.0704547911813672,day_anchor_std,server_midnight,0,0,0,1,0,0,TREND_STRONG,TREND_STRONG,TREND
6759.12,6760.99,6751.74,6752.99,1428,100,0,2,0.8993593932963608,ASIA,3,0.0704547911813672,day_anchor_std,server_midnight,0,0,0,1,0,0,TREND_STRONG,TREND_STRONG,TREND
6724.29,6734.29,6722.29,6731.04,2116,100,0,1,0.998751719983512,LONDON,6,1.3978186794600822,day_anchor_std,server_midnight,0,0,1,0,0,0,UNCLASSIFIED,TRANSITION_UNCLASSIFIED,TRANSITION
6730.79,6734.79,6722.54,6725.29,1789,100,0,1,0.998751719983512,LONDON,6,1.3978186794600822,day_anchor_std,server_midnight,0,0,1,0,0,0,UNCLASSIFIED,TRANSITION_UNCLASSIFIED,TRANSITION
6725.16,6725.16,6700.41,6704.54,2625,100,0,1,0.998751719983512,LONDON,6,1.3978186794600822,day_anchor_std,server_midnight,0,0,1,0,0,0,UNCLASSIFIED,TRANSITION_UNCLASSIFIED,TRANSITION
6704.29,6705.79,6690.79,6701.04,2648,100,0,1,0.998751719983512,LONDON,6,1.3978186794600822,day_anchor_std,server_midnight,0,0,1,0,0,0,UNCLASSIFIED,TRANSITION_UNCLASSIFIED,TRANSITION
6685.94,6695.19,6682.07,6690.19,1486,100,0,2,0.277128384030351,ASIA,3,0.033304359760309675,day_anchor_std,server_midnight,0,0,0,1,0,0,UNCLASSIFIED,TREND_UNCLASSIFIED,TREND
6690.44,6694.19,6687.31,6690.19,1299,100,0,2,0.277128384030351,ASIA,3,0.033304359760309675,day_anchor_std,server_midnight,0,0,0,1,0,0,UNCLASSIFIED,TREND_UNCLASSIFIED,TREND
6690.44,6693.32,6679.19,6679.44,2202,100,0,2,0.11483082355169039,ASIA,4,0.1552887492321287,day_anchor_std,server_midnight,0,0,0,1,0,0,UNCLASSIFIED,TREND_UNCLASSIFIED,TREND
6679.69,6685.44,6673.69,6678.57,2494,100,0,2,0.11483082355169039,ASIA,4,0.1552887492321287,day_anchor_std,server_midnight,0,0,0,1,0,0,UNCLASSIFIED,TREND_UNCLASSIFIED,TREND
6678.44,6696.69,6677.94,6689.44,2952,100,0,2,0.11483082355169039,ASIA,4,0.1552887492321287,day_anchor_std,server_midnight,0,0,0,1,0,0,UNCLASSIFIED,TREND_UNCLASSIFIED,TREND
6689.06,6697.44,6688.19,6692.94,2615,100,0,2,0.11483082355169039,ASIA,4,0.1552887492321287,day_anchor_std,server_midnight,0,0,0,1,0,0,UNCLASSIFIED,TREND_UNCLASSIFIED,TREND
6692.69,6696.44,6688.07,6690.94,1997,100,0,2,0.7159424670014719,ASIA,5,0.5997340762174601,day_anchor_std,server_midnight,0,0,0,1,0,0,TREND_STRONG,TREND_STRONG,TREND
6690.82,6692.69,6675.19,6675.57,2144,100,0,2,0.7159424670014719,ASIA,5,0.5997340762174601,day_anchor_std,server_midnight,0,0,0,1,0,0,TREND_STRONG,TREND_STRONG,TREND
6675.32,6675.94,6668.69,6669.19,2010,100,0,2,0.7159424670014719,ASIA,5,0.5997340762174601,day_anchor_std,server_midnight,0,0,0,1,0,0,TREND_STRONG,TREND_STRONG,TREND
6669.32,6671.94,6661.14,6663.77,2330,100,0,2,0.7159424670014719,ASIA,5,0.5997340762174601,day_anchor_std,server_midnight,0,0,0,1,0,0,TREND_STRONG,TREND_STRONG,TREND
6663.89,6663.89,6627.39,6635.94,3099,100,0,2,0.8506787996850086,ASIA,6,0.9251094665294065,day_anchor_std,server_midnight,0,0,0,1,0,0,TREND_STRONG,TREND_STRONG,TREND
6636.31,6652.44,6636.31,6650.69,2980,100,0,2,0.8506787996850086,ASIA,6,0.9251094665294065,day_anchor_std,server_midnight,0,0,0,1,0,0,TREND_STRONG,TREND_STRONG,TREND
6650.44,6656.44,6642.19,6648.44,2743,100,0,2,0.8506787996850086,ASIA,6,0.9251094665294065,day_anchor_std,server_midnight,0,0,0,1,0,0,TREND_STRONG,TREND_STRONG,TREND
6648.69,6654.69,6644.94,6644.94,2164,100,0,2,0.8506787996850086,ASIA,6,0.9251094665294065,day_anchor_std,server_midnight,0,0,0,1,0,0,TREND_STRONG,TREND_STRONG,TREND
6645.06,6652.69,6643.19,6648.69,2492,100,0,2,0.922783537970379,LONDON,7,0.7955818118296458,day_anchor_std,server_midnight,0,0,0,0,1,0,UNCLASSIFIED,TREND_UNCLASSIFIED,TREND
6648.56,6648.56,6631.82,6635.69,2515,100,0,2,0.922783537970379,LONDON,7,0.7955818118296458,day_anchor_std,server_midnight,0,0,0,0,1,0,UNCLASSIFIED,TREND_UNCLASSIFIED,TREND
6635.44,6640.69,6624.44,6638.69,2933,100,0,2,0.922783537970379,LONDON,7,0.7955818118296458,day_anchor_std,server_midnight,0,0,0,0,1,0,UNCLASSIFIED,TREND_UNCLASSIFIED,TREND
6638.44,6651.44,6637.94,6643.69,2482,100,0,2,0.922783537970379,LONDON,7,0.7955818118296458,day_anchor_std,server_midnight,0,0,0,0,1,0,UNCLASSIFIED,TREND_UNCLASSIFIED,TREND
6730.94,6734.07,6726.69,6727.44,1501,100,0,2,0.9129530895262573,ASIA,3,0.5723195877334836,day_anchor_std,server_midnight,0,0,0,1,0,0,TREND_STRONG,TREND_STRONG,TREND
6727.69,6734.69,6726.82,6734.44,860,100,0,2,0.9129530895262573,ASIA,3,0.5723195877334836,day_anchor_std,server_midnight,0,0,0,1,0,0,TREND_STRONG,TREND_STRONG,TREND
6734.19,6738.94,6733.69,6736.69,1131,100,0,2,0.9129530895262573,ASIA,3,0.5723195877334836,day_anchor_std,server_midnight,0,0,0,1,0,0,TREND_STRONG,TREND_STRONG,TREND
6736.44,6737.19,6727.94,6733.81,1695,100,0,2,0.9129530895262573,ASIA,3,0.5723195877334836,day_anchor_std,server_midnight,0,0,0,1,0,0,TREND_STRONG,TREND_STRONG,TREND
6733.69,6737.19,6731.44,6734.19,1565,100,0,2,0.7990765355319374,ASIA,4,0.6100288145579168,day_anchor_std,server_midnight,0,0,0,1,0,0,TREND_STRONG,TREND_STRONG,TREND
6734.31,6738.94,6733.44,6738.69,682,100,0,2,0.7990765355319374,ASIA,4,0.6100288145579168,day_anchor_std,server_midnight,0,0,0,1,0,0,TREND_STRONG,TREND_STRONG,TREND
6738.81,6743.19,6737.44,6738.56,896,100,0,2,0.7990765355319374,ASIA,4,0.6100288145579168,day_anchor_std,server_midnight,0,0,0,1,0,0,TREND_STRONG,TREND_STRONG,TREND
6738.44,6738.69,6733.94,6735.94,974,100,0,2,0.7990765355319374,ASIA,4,0.6100288145579168,day_anchor_std,server_midnight,0,0,0,1,0,0,TREND_STRONG,TREND_STRONG,TREND
6736.19,6738.94,6729.39,6730.76,1487,100,0,2,0.424761225231565,LONDON,5,0.5141051581854007,day_anchor_std,server_midnight,0,0,0,0,1,0,TREND_STRONG,TREND_STRONG,TREND
6731.02,6738.74,6730.89,6738.74,1099,100,0,2,0.424761225231565,LONDON,5,0.5141051581854007,day_anchor_std,server_midnight,0,0,0,0,1,0,TREND_STRONG,TREND_STRONG,TREND
6738.49,6745.24,6736.61,6743.24,1347,100,0,2,0.424761225231565,LONDON,5,0.5141051581854007,day_anchor_std,server_midnight,0,0,0,0,1,0,TREND_STRONG,TREND_STRONG,TREND
6742.99,6746.49,6732.49,6733.74,1558,100,0,2,0.424761225231565,LONDON,5,0.5141051581854007,day_anchor_std,server_midnight,0,0,0,0,1,0,TREND_STRONG,TREND_STRONG,TREND
6733.86,6737.86,6730.24,6736.49,2440,100,0,2,0.11839160143683097,LONDON,6,0.03834734615634446,day_anchor_std,server_midnight,0,0,0,0,1,0,TREND_STRONG,TREND_STRONG,TREND
6736.62,6744.49,6732.49,6733.24,1901,100,0,2,0.11839160143683097,LONDON,6,0.03834734615634446,day_anchor_std,server_midnight,0,0,0,0,1,0,TREND_STRONG,TREND_STRONG,TREND
6733.49,6735.36,6719.99,6719.99,2166,100,0,2,0.11839160143683097,LONDON,6,0.03834734615634446,day_anchor_std,server_midnight,0,0,0,0,1,0,TREND_STRONG,TREND_STRONG,TREND
6719.74,6724.49,6715.19,6719.09,2330,100,0,2,0.11839160143683097,LONDON,6,0.03834734615634446,day_anchor_std,server_midnight,0,0,0,0,1,0,TREND_STRONG,TREND_STRONG,TREND
6719.34,6727.59,6714.34,6726.72,2189,100,0,2,0.3667930763414289,LONDON,7,0.16634823243740193,day_anchor_std,server_midnight,0,0,0,0,1,0,TREND_STRONG,TREND_STRONG,TREND
6726.84,6736.59,6726.34,6734.47,1585,100,0,2,0.3667930763414289,LONDON,7,0.16634823243740193,day_anchor_std,server_midnight,0,0,0,0,1,0,TREND_STRONG,TREND_STRONG,TREND
6734.59,6734.72,6719.59,6721.59,2412,100,0,2,0.3667930763414289,LONDON,7,0.16634823243740193,day_anchor_std,server_midnight,0,0,0,0,1,0,TREND_STRONG,TREND_STRONG,TREND
6721.84,6731.34,6719.34,6723.09,2262,100,0,2,0.3667930763414289,LONDON,7,0.16634823243740193,day_anchor_std,server_midnight,0,0,0,0,1,0,TREND_STRONG,TREND_STRONG,TREND
6723.59,6726.96,6716.59,6723.59,1962,100,0,2,0.8967142954175303,NY,8,1.1576818973412883,day_anchor_std,server_midnight,0,0,0,0,0,1,TREND_STRONG,TREND_STRONG,TREND
6723.84,6737.34,6723.09,6736.59,1530,100,0,2,0.8967142954175303,NY,8,1.1576818973412883,day_anchor_std,server_midnight,0,0,0,0,0,1,TREND_STRONG,TREND_STRONG,TREND
6736.34,6740.84,6727.59,6731.22,2292,100,0,2,0.8967142954175303,NY,8,1.1576818973412883,day_anchor_std,server_midnight,0,0,0,0,0,1,TREND_STRONG,TREND_STRONG,TREND
6730.97,6763.44,6729.96,6758.44,3809,100,0,2,0.8967142954175303,NY,8,1.1576818973412883,day_anchor_std,server_midnight,0,0,0,0,0,1,TREND_STRONG,TREND_STRONG,TREND
6758.69,6762.69,6752.44,6755.19,2655,100,0,2,0.8645536490126915,NY,9,0.8720693024359747,day_anchor_std,server_midnight,0,0,0,0,1,1,UNCLASSIFIED,TREND_UNCLASSIFIED,TREND
6755.69,6776.69,6751.19,6775.32,5675,100,0,2,0.8645536490126915,NY,9,0.8720693024359747,day_anchor_std,server_midnight,0,0,0,0,1,1,UNCLASSIFIED,TREND_UNCLASSIFIED,TREND
6775.44,6780.56,6754.07,6774.44,4843,100,0,2,0.8645536490126915,NY,9,0.8720693024359747,day_anchor_std,server_midnight,0,0,0,0,1,1,UNCLASSIFIED,TREND_UNCLASSIFIED,TREND
6774.69,6781.69,6753.69,6754.54,3770,100,0,2,0.8645536490126915,NY,9,0.8720693024359747,day_anchor_std,server_midnight,0,0,0,0,1,1,UNCLASSIFIED,TREND_UNCLASSIFIED,TREND
6754.29,6754.79,6699.34,6703.84,5286,100,0,1,0.4029664206832419,NY_PM,1,2.4479804866647705,day_anchor_std,server_midnight,0,0,1,0,0,0,UNCLASSIFIED,TRANSITION_UNCLASSIFIED,TRANSITION
6703.34,6706.59,6617.84,6626.59,6259,100,0,1,0.4029664206832419,NY_PM,1,2.4479804866647705,day_anchor_std,server_midnight,0,0,1,0,0,0,UNCLASSIFIED,TRANSITION_UNCLASSIFIED,TRANSITION
6626.09,6647.54,6591.94,6611.24,6757,100,0,1,0.4029664206832419,NY_PM,1,2.4479804866647705,day_anchor_std,server_midnight,0,0,1,0,0,0,UNCLASSIFIED,TRANSITION_UNCLASSIFIED,TRANSITION
6610.99,6620.49,6578.59,6596.84,6511,100,0,1,0.4029664206832419,NY_PM,1,2.4479804866647705,day_anchor_std,server_midnight,0,0,1,0,0,0,UNCLASSIFIED,TRANSITION_UNCLASSIFIED,TRANSITION
6548.96,6556.96,6531.34,6553.59,2923,100,0,2,0.9573378845753737,ASIA,3,0.153096923777579,day_anchor_std,server_midnight,0,0,0,1,0,0,UNCLASSIFIED,TREND_UNCLASSIFIED,TREND
6553.71,6562.97,6549.21,6557.72,2957,100,0,2,0.9573378845753737,ASIA,3,0.153096923777579,day_anchor_std,server_midnight,0,0,0,1,0,0,UNCLASSIFIED,TREND_UNCLASSIFIED,TREND
6557.59,6569.59,6553.47,6567.34,3101,100,0,2,0.9910483380573569,ASIA,4,0.36781141012026336,day_anchor_std,server_midnight,0,0,0,1,0,0,UNCLASSIFIED,TREND_UNCLASSIFIED,TREND
6567.47,6573.09,6564.59,6569.09,2021,100,0,2,0.9910483380573569,ASIA,4,0.36781141012026336,day_anchor_std,server_midnight,0,0,0,1,0,0,UNCLASSIFIED,TREND_UNCLASSIFIED,TREND
6569.59,6578.09,6566.84,6577.34,2781,100,0,2,0.9910483380573569,ASIA,4,0.36781141012026336,day_anchor_std,server_midnight,0,0,0,1,0,0,UNCLASSIFIED,TREND_UNCLASSIFIED,TREND
6577.59,6580.84,6568.09,6574.84,2800,100,0,2,0.9910483380573569,ASIA,4,0.36781141012026336,day_anchor_std,server_midnight,0,0,0,1,0,0,UNCLASSIFIED,TREND_UNCLASSIFIED,TREND
6575.09,6576.97,6568.59,6572.96,2695,100,0,2,0.9538341373293582,ASIA,5,0.37481022562985084,day_anchor_std,server_midnight,0,0,0,1,0,0,UNCLASSIFIED,TREND_UNCLASSIFIED,TREND
6573.09,6579.59,6571.34,6572.09,2346,100,0,2,0.9538341373293582,ASIA,5,0.37481022562985084,day_anchor_std,server_midnight,0,0,0,1,0,0,UNCLASSIFIED,TREND_UNCLASSIFIED,TREND
6572.21,6576.96,6570.47,6576.09,2004,100,0,2,0.9538341373293582,ASIA,5,0.37481022562985084,day_anchor_std,server_midnight,0,0,0,1,0,0,UNCLASSIFIED,TREND_UNCLASSIFIED,TREND
6576.34,6586.09,6574.59,6576.22,2521,100,0,2,0.9538341373293582,ASIA,5,0.37481022562985084,day_anchor_std,server_midnight,0,0,0,1,0,0,UNCLASSIFIED,TREND_UNCLASSIFIED,TREND
6576.21,6577.59,6563.34,6570.09,2384,100,0,2,0.980678956763314,ASIA,6,0.07712268246191394,day_anchor_std,server_midnight,0,0,0,1,0,0,UNCLASSIFIED,TREND_UNCLASSIFIED,TREND
6569.97,6571.84,6557.84,6571.34,2365,100,0,2,0.980678956763314,ASIA,6,0.07712268246191394,day_anchor_std,server_midnight,0,0,0,1,0,0,UNCLASSIFIED,TREND_UNCLASSIFIED,TREND
6571.09,6577.09,6567.59,6570.59,2625,100,0,2,0.980678956763314,ASIA,6,0.07712268246191394,day_anchor_std,server_midnight,0,0,0,1,0,0,UNCLASSIFIED,TREND_UNCLASSIFIED,TREND
6570.96,6572.59,6561.34,6563.84,2361,100,0,2,0.980678956763314,ASIA,6,0.07712268246191394,day_anchor_std,server_midnight,0,0,0,1,0,0,UNCLASSIFIED,TREND_UNCLASSIFIED,TREND
6564.09,6571.34,6562.09,6562.09,2210,100,0,2,0.9149797548620867,LONDON,7,0.3114122036070387,day_anchor_std,server_midnight,0,0,0,0,1,0,UNCLASSIFIED,TREND_UNCLASSIFIED,TREND
6561.84,6573.72,6561.09,6568.72,1839,100,0,2,0.9149797548620867,LONDON,7,0.3114122036070387,day_anchor_std,server_midnight,0,0,0,0,1,0,UNCLASSIFIED,TREND_UNCLASSIFIED,TREND
6568.59,6571.46,6564.34,6570.84,1957,100,0,2,0.9149797548620867,LONDON,7,0.3114122036070387,day_anchor_std,server_midnight,0,0,0,0,1,0,UNCLASSIFIED,TREND_UNCLASSIFIED,TREND
6570.34,6571.84,6543.34,6545.84,3020,100,0,2,0.9149797548620867,LONDON,7,0.3114122036070387,day_anchor_std,server_midnight,0,0,0,0,1,0,UNCLASSIFIED,TREND_UNCLASSIFIED,TREND
6546.09,6568.59,6545.97,6562.59,4515,100,0,2,0.7055424852350707,LONDON,8,0.3070642342574272,day_anchor_std,server_midnight,0,0,0,0,1,0,UNCLASSIFIED,TREND_UNCLASSIFIED,TREND
6562.34,6576.59,6555.59,6574.59,3303,100,0,2,0.7055424852350707,LONDON,8,0.3070642342574272,day_anchor_std,server_midnight,0,0,0,0,1,0,UNCLASSIFIED,TREND_UNCLASSIFIED,TREND
6574.34,6575.84,6555.09,6559.84,3337,100,0,2,0.7055424852350707,LONDON,8,0.3070642342574272,day_anchor_std,server_midnight,0,0,0,0,1,0,UNCLASSIFIED,TREND_UNCLASSIFIED,TREND
6559.71,6561.96,6543.84,6544.34,3393,100,0,2,0.7055424852350707,LONDON,8,0.3070642342574272,day_anchor_std,server_midnight,0,0,0,0,1,0,UNCLASSIFIED,TREND_UNCLASSIFIED,TREND
6544.09,6544.84,6516.84,6518.34,4616,100,0,2,0.8500233187791371,LONDON,9,0.25130441404901044,day_anchor_std,server_midnight,0,0,0,0,1,0,TREND_STRONG,TREND_STRONG,TREND
6518.21,6553.34,6518.09,6552.59,3890,100,0,2,0.8500233187791371,LONDON,9,0.25130441404901044,day_anchor_std,server_midnight,0,0,0,0,1,0,TREND_STRONG,TREND_STRONG,TREND
6552.84,6564.34,6550.09,6550.09,3323,100,0,2,0.8500233187791371,LONDON,9,0.25130441404901044,day_anchor_std,server_midnight,0,0,0,0,1,0,TREND_STRONG,TREND_STRONG,TREND
6549.84,6554.34,6535.84,6544.59,3087,100,0,2,0.8500233187791371,LONDON,9,0.25130441404901044,day_anchor_std,server_midnight,0,0,0,0,1,0,TREND_STRONG,TREND_STRONG,TREND
6544.34,6548.34,6523.59,6525.34,3879,100,0,2,0.8989696636592481,NY,10,0.5052186119149519,day_anchor_std,server_midnight,0,0,0,0,1,0,TREND_STRONG,TREND_STRONG,TREND
6525.84,6588.09,6525.59,6577.22,5698,100,0,2,0.8989696636592481,NY,10,0.5052186119149519,day_anchor_std,server_midnight,0,0,0,0,1,0,TREND_STRONG,TREND_STRONG,TREND
6577.34,6590.59,6565.09,6573.21,4309,100,0,2,0.8989696636592481,NY,10,0.5052186119149519,day_anchor_std,server_midnight,0,0,0,0,1,0,TREND_STRONG,TREND_STRONG,TREND
6573.34,6588.84,6573.34,6582.59,3441,100,0,2,0.8989696636592481,NY,10,0.5052186119149519,day_anchor_std,server_midnight,0,0,0,0,1,0,TREND_STRONG,TREND_STRONG,TREND
6582.34,6586.09,6571.34,6573.34,3383,100,0,2,0.7113340478454091,NY,11,0.11680682948423045,day_anchor_std,server_midnight,0,0,0,0,1,0,TREND_STRONG,TREND_STRONG,TREND
6572.09,6587.34,6554.59,6567.84,6643,100,0,2,0.7113340478454091,NY,11,0.11680682948423045,day_anchor_std,server_midnight,0,0,0,0,1,0,TREND_STRONG,TREND_STRONG,TREND
6567.96,6582.09,6546.59,6553.47,6612,100,0,2,0.7113340478454091,NY,11,0.11680682948423045,day_anchor_std,server_midnight,0,0,0,0,1,0,TREND_STRONG,TREND_STRONG,TREND
6553.59,6566.59,6531.34,6550.59,6486,100,0,2,0.7113340478454091,NY,11,0.11680682948423045,day_anchor_std,server_midnight,0,0,0,0,1,0,TREND_STRONG,TREND_STRONG,TREND
6718.41,6721.66,6716.04,6717.29,1093,100,0,2,0.7595922936600524,ASIA,5,0.0644998740236937,day_anchor_std,server_midnight,0,0,0,1,0,0,TREND_STRONG,TREND_STRONG,TREND
6717.54,6721.42,6716.04,6716.29,835,100,0,2,0.7595922936600524,ASIA,5,0.0644998740236937,day_anchor_std,server_midnight,0,0,0,1,0,0,TREND_STRONG,TREND_STRONG,TREND
6716.04,6716.04,6709.79,6711.04,1534,100,0,2,0.7245841032696202,ASIA,6,0.21213821919657422,day_anchor_std,server_midnight,0,0,0,1,0,0,TREND_STRONG,TREND_STRONG,TREND
6711.29,6718.04,6710.42,6717.04,1305,100,0,2,0.7245841032696202,ASIA,6,0.21213821919657422,day_anchor_std,server_midnight,0,0,0,1,0,0,TREND_STRONG,TREND_STRONG,TREND
6716.92,6717.79,6712.04,6713.54,1614,100,0,2,0.7245841032696202,ASIA,6,0.21213821919657422,day_anchor_std,server_midnight,0,0,0,1,0,0,TREND_STRONG,TREND_STRONG,TREND
6713.67,6714.29,6708.54,6709.29,843,100,0,2,0.7245841032696202,ASIA,6,0.21213821919657422,day_anchor_std,server_midnight,0,0,0,1,0,0,TREND_STRONG,TREND_STRONG,TREND
6709.04,6715.54,6708.79,6711.29,1100,100,0,2,0.8337484177384263,ASIA,7,0.21753085486192716,day_anchor_std,server_midnight,0,0,0,1,0,0,TREND_STRONG,TREND_STRONG,TREND
6711.04,6714.79,6710.54,6714.29,663,100,0,2,0.8337484177384263,ASIA,7,0.21753085486192716,day_anchor_std,server_midnight,0,0,0,1,0,0,TREND_STRONG,TREND_STRONG,TREND
6714.04,6715.79,6713.29,6714.29,500,100,0,2,0.8337484177384263,ASIA,7,0.21753085486192716,day_anchor_std,server_midnight,0,0,0,1,0,0,TREND_STRONG,TREND_STRONG,TREND
6714.54,6714.66,6707.79,6709.04,1337,100,0,2,0.8337484177384263,ASIA,7,0.21753085486192716,day_anchor_std,server_midnight,0,0,0,1,0,0,TREND_STRONG,TREND_STRONG,TREND
6709.29,6716.54,6708.79,6713.54,615,100,0,2,0.7780704833886721,ASIA,8,0.13549905115533872,day_anchor_std,server_midnight,0,0,0,1,0,0,TREND_STRONG,TREND_STRONG,TREND
6713.41,6714.29,6712.04,6713.54,451,100,0,2,0.7780704833886721,ASIA,8,0.13549905115533872,day_anchor_std,server_midnight,0,0,0,1,0,0,TREND_STRONG,TREND_STRONG,TREND
6713.29,6717.54,6708.79,6709.54,795,100,0,2,0.7780704833886721,ASIA,8,0.13549905115533872,day_anchor_std,server_midnight,0,0,0,1,0,0,TREND_STRONG,TREND_STRONG,TREND
6709.29,6712.79,6709.17,6710.79,603,100,0,2,0.7780704833886721,ASIA,8,0.13549905115533872,day_anchor_std,server_midnight,0,0,0,1,0,0,TREND_STRONG,TREND_STRONG,TREND
6710.92,6714.04,6708.04,6709.29,608,100,0,2,0.9614359251467529,LONDON,9,0.08059089006062525,day_anchor_std,server_midnight,0,0,0,0,1,0,TREND_STRONG,TREND_STRONG,TREND
6709.04,6712.29,6706.29,6707.79,635,100,0,2,0.9614359251467529,LONDON,9,0.08059089006062525,day_anchor_std,server_midnight,0,0,0,0,1,0,TREND_STRONG,TREND_STRONG,TREND
6707.91,6708.29,6704.79,6707.29,667,100,0,2,0.9614359251467529,LONDON,9,0.08059089006062525,day_anchor_std,server_midnight,0,0,0,0,1,0,TREND_STRONG,TREND_STRONG,TREND
6707.04,6715.29,6706.67,6711.79,962,100,0,2,0.9614359251467529,LONDON,9,0.08059089006062525,day_anchor_std,server_midnight,0,0,0,0,1,0,TREND_STRONG,TREND_STRONG,TREND
6711.54,6714.54,6705.04,6712.54,2179,100,0,2,0.37414490694221686,LONDON,10,0.47182950779615357,day_anchor_std,server_midnight,0,0,0,0,1,0,TREND_STRONG,TREND_STRONG,TREND
6712.79,6713.04,6700.54,6703.29,1705,100,0,2,0.37414490694221686,LONDON,10,0.47182950779615357,day_anchor_std,server_midnight,0,0,0,0,1,0,TREND_STRONG,TREND_STRONG,TREND
6704.04,6709.79,6697.54,6697.54,1902,100,0,2,0.37414490694221686,LONDON,10,0.47182950779615357,day_anchor_std,server_midnight,0,0,0,0,1,0,TREND_STRONG,TREND_STRONG,TREND
6697.29,6703.79,6695.54,6701.79,1675,100,0,2,0.37414490694221686,LONDON,10,0.47182950779615357,day_anchor_std,server_midnight,0,0,0,0,1,0,TREND_STRONG,TREND_STRONG,TREND
6797.39,6797.89,6795.39,6797.39,385,100,0,2,0.9991730937358836,LONDON,3,0.6572721827366715,day_anchor_std,server_midnight,0,0,0,0,1,0,UNCLASSIFIED,TREND_UNCLASSIFIED,TREND
6797.51,6801.64,6797.39,6799.39,360,100,0,2,0.9991730937358836,LONDON,3,0.6572721827366715,day_anchor_std,server_midnight,0,0,0,0,1,0,UNCLASSIFIED,TREND_UNCLASSIFIED,TREND
6799.64,6804.64,6799.39,6804.14,445,100,0,2,0.9991730937358836,LONDON,3,0.6572721827366715,day_anchor_std,server_midnight,0,0,0,0,1,0,UNCLASSIFIED,TREND_UNCLASSIFIED,TREND
6804.01,6805.14,6801.39,6801.64,593,100,0,2,0.9991730937358836,LONDON,3,0.6572721827366715,day_anchor_std,server_midnight,0,0,0,0,1,0,UNCLASSIFIED,TREND_UNCLASSIFIED,TREND
6801.51,6803.39,6796.89,6801.02,1648,100,0,2,0.9982185283420454,LONDON,4,0.050674616701039725,day_anchor_std,server_midnight,0,0,0,0,1,0,UNCLASSIFIED,TREND_UNCLASSIFIED,TREND
6801.01,6802.01,6794.89,6795.01,1260,100,0,2,0.9982185283420454,LONDON,4,0.050674616701039725,day_anchor_std,server_midnight,0,0,0,0,1,0,UNCLASSIFIED,TREND_UNCLASSIFIED,TREND
6794.89,6795.14,6787.89,6788.89,1576,100,0,2,0.9982185283420454,LONDON,4,0.050674616701039725,day_anchor_std,server_midnight,0,0,0,0,1,0,UNCLASSIFIED,TREND_UNCLASSIFIED,TREND
6789.14,6794.39,6788.39,6789.64,1023,100,0,2,0.9982185283420454,LONDON,4,0.050674616701039725,day_anchor_std,server_midnight,0,0,0,0,1,0,UNCLASSIFIED,TREND_UNCLASSIFIED,TREND
6847.91,6850.42,6842.29,6843.29,802,100,0,1,0.9797709989694797,NY,1,1.5063013251437636,day_anchor_std,server_midnight,0,0,1,0,0,0,UNCLASSIFIED,TRANSITION_UNCLASSIFIED,TRANSITION
6843.04,6853.79,6839.29,6847.54,3651,100,0,1,0.9797709989694797,NY,1,1.5063013251437636,day_anchor_std,server_midnight,0,0,1,0,0,0,UNCLASSIFIED,TRANSITION_UNCLASSIFIED,TRANSITION
6847.79,6857.04,6838.29,6840.04,2615,100,0,1,0.9797709989694797,NY,1,1.5063013251437636,day_anchor_std,server_midnight,0,0,1,0,0,0,UNCLASSIFIED,TRANSITION_UNCLASSIFIED,TRANSITION
6839.54,6861.29,6832.79,6859.54,2540,100,0,1,0.9797709989694797,NY,1,1.5063013251437636,day_anchor_std,server_midnight,0,0,1,0,0,0,UNCLASSIFIED,TRANSITION_UNCLASSIFIED,TRANSITION
6847.79,6851.04,6844.29,6849.04,1062,100,0,0,0.9207374889023678,NY_PM,3,0.23332254789858875,day_anchor_std,server_midnight,1,0,0,0,0,0,BALANCE_LEAKING,BALANCE_LEAKING,BALANCE
6848.79,6852.79,6838.29,6838.79,1394,100,0,0,0.9207374889023678,NY_PM,3,0.23332254789858875,day_anchor_std,server_midnight,1,0,0,0,0,0,BALANCE_LEAKING,BALANCE_LEAKING,BALANCE
6845.39,6846.64,6841.89,6845.64,485,100,0,0,0.9577450341941367,ASIA,4,0.03838912990090972,day_anchor_std,server_midnight,1,0,0,0,0,0,BALANCE_LEAKING,BALANCE_LEAKING,BALANCE
6845.89,6847.64,6844.14,6845.77,447,100,0,0,0.9577450341941367,ASIA,4,0.03838912990090972,day_anchor_std,server_midnight,1,0,0,0,0,0,BALANCE_LEAKING,BALANCE_LEAKING,BALANCE
6845.89,6848.64,6837.39,6838.39,1071,100,0,0,0.92650671630144,ASIA,5,0.21308137424779552,day_anchor_std,server_midnight,1,0,0,0,0,0,BALANCE_LEAKING,BALANCE_LEAKING,BALANCE
6838.14,6850.64,6837.89,6848.39,931,100,0,0,0.92650671630144,ASIA,5,0.21308137424779552,day_anchor_std,server_midnight,1,0,0,0,0,0,BALANCE_LEAKING,BALANCE_LEAKING,BALANCE
6848.64,6850.89,6847.64,6849.39,543,100,0,0,0.92650671630144,ASIA,5,0.21308137424779552,day_anchor_std,server_midnight,1,0,0,0,0,0,BALANCE_LEAKING,BALANCE_LEAKING,BALANCE
6849.14,6851.64,6848.64,6849.64,430,100,0,0,0.92650671630144,ASIA,5,0.21308137424779552,day_anchor_std,server_midnight,1,0,0,0,0,0,BALANCE_LEAKING,BALANCE_LEAKING,BALANCE
6855.52,6856.64,6855.14,6855.39,184,100,0,0,0.4602351328444328,ASIA,7,0.32269238972107717,day_anchor_std,server_midnight,1,0,0,0,0,0,BALANCE_LEAKING,BALANCE_LEAKING,BALANCE
6855.14,6855.64,6853.89,6854.39,147,100,0,0,0.4602351328444328,ASIA,7,0.32269238972107717,day_anchor_std,server_midnight,1,0,0,0,0,0,BALANCE_LEAKING,BALANCE_LEAKING,BALANCE
6854.14,6857.39,6854.14,6856.64,303,100,0,0,0.4602351328444328,ASIA,7,0.32269238972107717,day_anchor_std,server_midnight,1,0,0,0,0,0,BALANCE_LEAKING,BALANCE_LEAKING,BALANCE
6856.89,6856.89,6852.89,6853.64,186,100,0,0,0.4602351328444328,ASIA,7,0.32269238972107717,day_anchor_std,server_midnight,1,0,0,0,0,0,BALANCE_LEAKING,BALANCE_LEAKING,BALANCE
6853.76,6854.64,6851.39,6851.89,251,100,0,0,0.8514277975767004,LONDON,8,0.245194506525398,day_anchor_std,server_midnight,1,0,0,0,0,0,BALANCE_LEAKING,BALANCE_LEAKING,BALANCE
6851.64,6855.64,6849.27,6853.14,400,100,0,0,0.8514277975767004,LONDON,8,0.245194506525398,day_anchor_std,server_midnight,1,0,0,0,0,0,BALANCE_LEAKING,BALANCE_LEAKING,BALANCE
6853.26,6856.89,6852.64,6855.64,302,100,0,0,0.8514277975767004,LONDON,8,0.245194506525398,day_anchor_std,server_midnight,1,0,0,0,0,0,BALANCE_LEAKING,BALANCE_LEAKING,BALANCE
6855.39,6855.77,6850.39,6852.39,491,100,0,0,0.8514277975767004,LONDON,8,0.245194506525398,day_anchor_std,server_midnight,1,0,0,0,0,0,BALANCE_LEAKING,BALANCE_LEAKING,BALANCE
6882.84,6883.09,6874.59,6879.84,1610,100,0,0,0.8196643429220251,ASIA,2,0.1649526918734304,day_anchor_std,server_midnight,1,0,0,0,0,0,BALANCE_LEAKING,BALANCE_LEAKING,BALANCE
6879.71,6883.59,6878.59,6882.59,492,100,0,0,0.8196643429220251,ASIA,2,0.1649526918734304,day_anchor_std,server_midnight,1,0,0,0,0,0,BALANCE_LEAKING,BALANCE_LEAKING,BALANCE
6882.34,6885.84,6881.59,6882.09,511,100,0,0,0.8196643429220251,ASIA,2,0.1649526918734304,day_anchor_std,server_midnight,1,0,0,0,0,0,BALANCE_LEAKING,BALANCE_LEAKING,BALANCE
6882.34,6885.84,6882.34,6885.09,343,100,0,0,0.8196643429220251,ASIA,2,0.1649526918734304,day_anchor_std,server_midnight,1,0,0,0,0,0,BALANCE_LEAKING,BALANCE_LEAKING,BALANCE
6890.29,6893.04,6887.04,6887.04,714,100,0,1,0.4870270838425348,NY,6,1.428565669956998,day_anchor_std,server_midnight,0,0,1,0,0,0,UNCLASSIFIED,TRANSITION_UNCLASSIFIED,TRANSITION
6886.79,6887.54,6870.92,6875.42,3274,100,0,1,0.4870270838425348,NY,6,1.428565669956998,day_anchor_std,server_midnight,0,0,1,0,0,0,UNCLASSIFIED,TRANSITION_UNCLASSIFIED,TRANSITION
6875.29,6878.54,6859.54,6866.29,2404,100,0,1,0.4870270838425348,NY,6,1.428565669956998,day_anchor_std,server_midnight,0,0,1,0,0,0,UNCLASSIFIED,TRANSITION_UNCLASSIFIED,TRANSITION
6866.04,6871.04,6856.79,6857.79,2215,100,0,1,0.4870270838425348,NY,6,1.428565669956998,day_anchor_std,server_midnight,0,0,1,0,0,0,UNCLASSIFIED,TRANSITION_UNCLASSIFIED,TRANSITION
6911.99,6912.61,6908.87,6909.74,260,100,0,2,0.8582944257133568,ASIA,3,0.2116318109026432,day_anchor_std,server_midnight,0,0,0,1,0,0,TREND_STRONG,TREND_STRONG,TREND
6909.49,6911.86,6909.49,6910.24,215,100,0,2,0.8582944257133568,ASIA,3,0.2116318109026432,day_anchor_std,server_midnight,0,0,0,1,0,0,TREND_STRONG,TREND_STRONG,TREND
6910.74,6913.24,6909.99,6912.49,375,100,0,2,0.8582944257133568,ASIA,3,0.2116318109026432,day_anchor_std,server_midnight,0,0,0,1,0,0,TREND_STRONG,TREND_STRONG,TREND
6912.24,6918.96,6912.24,6917.34,278,100,0,2,0.8582944257133568,ASIA,3,0.2116318109026432,day_anchor_std,server_midnight,0,0,0,1,0,0,TREND_STRONG,TREND_STRONG,TREND
6917.59,6919.09,6917.09,6918.34,227,100,0,2,0.9211527328291671,LONDON,4,0.06859052904917322,day_anchor_std,server_midnight,0,0,0,0,1,0,TREND_STRONG,TREND_STRONG,TREND
6917.59,6918.84,6913.09,6913.84,370,100,0,2,0.9211527328291671,LONDON,4,0.06859052904917322,day_anchor_std,server_midnight,0,0,0,0,1,0,TREND_STRONG,TREND_STRONG,TREND
6913.59,6914.09,6911.09,6912.09,325,100,0,2,0.9211527328291671,LONDON,4,0.06859052904917322,day_anchor_std,server_midnight,0,0,0,0,1,0,TREND_STRONG,TREND_STRONG,TREND
6911.84,6913.84,6910.84,6911.59,323,100,0,2,0.9211527328291671,LONDON,4,0.06859052904917322,day_anchor_std,server_midnight,0,0,0,0,1,0,TREND_STRONG,TREND_STRONG,TREND
6911.84,6917.14,6909.84,6916.14,1194,100,0,2,0.19325388026349033,LONDON,5,0.4112215301069541,day_anchor_std,server_midnight,0,0,0,0,1,0,TREND_STRONG,TREND_STRONG,TREND
6915.89,6918.89,6913.39,6916.14,796,100,0,2,0.19325388026349033,LONDON,5,0.4112215301069541,day_anchor_std,server_midnight,0,0,0,0,1,0,TREND_STRONG,TREND_STRONG,TREND
6915.89,6917.14,6904.64,6904.89,1370,100,0,2,0.19325388026349033,LONDON,5,0.4112215301069541,day_anchor_std,server_midnight,0,0,0,0,1,0,TREND_STRONG,TREND_STRONG,TREND
6904.77,6905.89,6899.64,6904.39,1311,100,0,2,0.19325388026349033,LONDON,5,0.4112215301069541,day_anchor_std,server_midnight,0,0,0,0,1,0,TREND_STRONG,TREND_STRONG,TREND
6904.01,6909.64,6902.64,6903.64,1017,100,0,2,0.09465783460201777,LONDON,6,0.5828639870834632,day_anchor_std,server_midnight,0,0,0,0,1,0,TREND_STRONG,TREND_STRONG,TREND
6903.77,6906.39,6899.77,6905.64,722,100,0,2,0.09465783460201777,LONDON,6,0.5828639870834632,day_anchor_std,server_midnight,0,0,0,0,1,0,TREND_STRONG,TREND_STRONG,TREND
6905.39,6908.14,6902.89,6904.64,667,100,0,2,0.09465783460201777,LONDON,6,0.5828639870834632,day_anchor_std,server_midnight,0,0,0,0,1,0,TREND_STRONG,TREND_STRONG,TREND
6904.77,6906.39,6897.89,6900.39,1082,100,0,2,0.09465783460201777,LONDON,6,0.5828639870834632,day_anchor_std,server_midnight,0,0,0,0,1,0,TREND_STRONG,TREND_STRONG,TREND
6899.89,6905.64,6897.14,6904.64,937,100,0,2,0.7234864540396997,NY,7,0.25550672413548037,day_anchor_std,server_midnight,0,0,0,0,1,0,TREND_STRONG,TREND_STRONG,TREND
6904.39,6908.89,6900.64,6904.39,1099,100,0,2,0.7234864540396997,NY,7,0.25550672413548037,day_anchor_std,server_midnight,0,0,0,0,1,0,TREND_STRONG,TREND_STRONG,TREND
6904.14,6911.64,6902.64,6909.39,887,100,0,2,0.7234864540396997,NY,7,0.25550672413548037,day_anchor_std,server_midnight,0,0,0,0,1,0,TREND_STRONG,TREND_STRONG,TREND
6909.64,6915.39,6907.01,6915.39,701,100,0,2,0.7234864540396997,NY,7,0.25550672413548037,day_anchor_std,server_midnight,0,0,0,0,1,0,TREND_STRONG,TREND_STRONG,TREND
6829.51,6846.64,6827.39,6836.64,1809,100,0,2,0.3851747864059741,ASIA,4,0.1406217762864438,day_anchor_std,server_midnight,0,0,0,1,0,0,TREND_STRONG,TREND_STRONG,TREND
6836.76,6843.14,6836.39,6841.64,1203,100,0,2,0.3851747864059741,ASIA,4,0.1406217762864438,day_anchor_std,server_midnight,0,0,0,1,0,0,TREND_STRONG,TREND_STRONG,TREND
6808.64,6811.39,6786.14,6789.39,3579,100,0,1,0.9473487799407855,NY_PM,1,1.163545499344334,day_anchor_std,server_midnight,0,0,1,0,0,0,UNCLASSIFIED,TRANSITION_UNCLASSIFIED,TRANSITION
6789.14,6802.89,6783.89,6800.89,3055,100,0,1,0.9473487799407855,NY_PM,1,1.163545499344334,day_anchor_std,server_midnight,0,0,1,0,0,0,UNCLASSIFIED,TRANSITION_UNCLASSIFIED,TRANSITION
6801.39,6807.39,6787.89,6791.39,2719,100,0,1,0.9473487799407855,NY_PM,1,1.163545499344334,day_anchor_std,server_midnight,0,0,1,0,0,0,UNCLASSIFIED,TRANSITION_UNCLASSIFIED,TRANSITION
6791.14,6800.39,6772.14,6773.34,2687,100,0,1,0.9473487799407855,NY_PM,1,1.163545499344334,day_anchor_std,server_midnight,0,0,1,0,0,0,UNCLASSIFIED,TRANSITION_UNCLASSIFIED,TRANSITION
6733.14,6741.39,6726.64,6734.89,2531,100,0,2,0.8630993651838728,ASIA,3,0.006499449749068143,day_anchor_std,server_midnight,0,0,0,1,0,0,TREND_FRAGILE,TREND_FRAGILE,TREND
6735.02,6743.39,6732.64,6742.64,1509,100,0,2,0.8630993651838728,ASIA,3,0.006499449749068143,day_anchor_std,server_midnight,0,0,0,1,0,0,TREND_FRAGILE,TREND_FRAGILE,TREND
6742.89,6743.64,6736.64,6740.64,1756,100,0,2,0.8630993651838728,ASIA,3,0.006499449749068143,day_anchor_std,server_midnight,0,0,0,1,0,0,TREND_FRAGILE,TREND_FRAGILE,TREND
6740.26,6742.14,6733.52,6735.14,1788,100,0,2,0.8630993651838728,ASIA,3,0.006499449749068143,day_anchor_std,server_midnight,0,0,0,1,0,0,TREND_FRAGILE,TREND_FRAGILE,TREND
6735.64,6745.39,6733.64,6737.39,2038,100,0,2,0.9385072550120745,ASIA,4,0.15535979517315396,day_anchor_std,server_midnight,0,0,0,1,0,0,UNCLASSIFIED,TREND_UNCLASSIFIED,TREND
6737.27,6741.39,6734.64,6735.89,1001,100,0,2,0.9385072550120745,ASIA,4,0.15535979517315396,day_anchor_std,server_midnight,0,0,0,1,0,0,UNCLASSIFIED,TREND_UNCLASSIFIED,TREND
6736.14,6736.52,6721.89,6724.14,1282,100,0,2,0.9385072550120745,ASIA,4,0.15535979517315396,day_anchor_std,server_midnight,0,0,0,1,0,0,UNCLASSIFIED,TREND_UNCLASSIFIED,TREND
6724.27,6732.89,6724.02,6730.64,1205,100,0,2,0.9385072550120745,ASIA,4,0.15535979517315396,day_anchor_std,server_midnight,0,0,0,1,0,0,UNCLASSIFIED,TREND_UNCLASSIFIED,TREND
6859.71,6860.96,6853.72,6854.34,874,100,0,2,0.9730763695026965,ASIA,3,0.1485643819107138,day_anchor_std,server_midnight,0,0,0,1,0,0,UNCLASSIFIED,TREND_UNCLASSIFIED,TREND
6854.59,6856.34,6853.72,6854.09,479,100,0,2,0.9730763695026965,ASIA,3,0.1485643819107138,day_anchor_std,server_midnight,0,0,0,1,0,0,UNCLASSIFIED,TREND_UNCLASSIFIED,TREND
6854.34,6861.59,6854.22,6860.84,650,100,0,2,0.9730763695026965,ASIA,3,0.1485643819107138,day_anchor_std,server_midnight,0,0,0,1,0,0,UNCLASSIFIED,TREND_UNCLASSIFIED,TREND
6861.09,6862.34,6859.84,6860.09,347,100,0,2,0.9730763695026965,ASIA,3,0.1485643819107138,day_anchor_std,server_midnight,0,0,0,1,0,0,UNCLASSIFIED,TREND_UNCLASSIFIED,TREND
6860.22,6861.09,6858.34,6860.09,391,100,0,2,0.9834503658722482,ASIA,4,0.031726796356298215,day_anchor_std,server_midnight,0,0,0,1,0,0,UNCLASSIFIED,TREND_UNCLASSIFIED,TREND
6860.22,6861.34,6859.22,6861.34,248,100,0,2,0.9834503658722482,ASIA,4,0.031726796356298215,day_anchor_std,server_midnight,0,0,0,1,0,0,UNCLASSIFIED,TREND_UNCLASSIFIED,TREND
6861.22,6862.34,6857.84,6858.09,246,100,0,2,0.9834503658722482,ASIA,4,0.031726796356298215,day_anchor_std,server_midnight,0,0,0,1,0,0,UNCLASSIFIED,TREND_UNCLASSIFIED,TREND
6857.84,6858.71,6857.09,6857.84,318,100,0,2,0.9834503658722482,ASIA,4,0.031726796356298215,day_anchor_std,server_midnight,0,0,0,1,0,0,UNCLASSIFIED,TREND_UNCLASSIFIED,TREND
6858.34,6859.59,6856.97,6858.34,247,100,0,2,0.9896187027206079,ASIA,5,0.043428252939878,day_anchor_std,server_midnight,0,0,0,1,0,0,UNCLASSIFIED,TREND_UNCLASSIFIED,TREND
6858.59,6859.09,6857.34,6857.59,206,100,0,2,0.9896187027206079,ASIA,5,0.043428252939878,day_anchor_std,server_midnight,0,0,0,1,0,0,UNCLASSIFIED,TREND_UNCLASSIFIED,TREND
6857.34,6858.59,6854.97,6854.97,315,100,0,2,0.9896187027206079,ASIA,5,0.043428252939878,day_anchor_std,server_midnight,0,0,0,1,0,0,UNCLASSIFIED,TREND_UNCLASSIFIED,TREND
6854.84,6857.34,6854.59,6856.34,193,100,0,2,0.9896187027206079,ASIA,5,0.043428252939878,day_anchor_std,server_midnight,0,0,0,1,0,0,UNCLASSIFIED,TREND_UNCLASSIFIED,TREND
6856.47,6858.59,6856.47,6857.59,185,100,0,2,0.9886044427945352,LONDON,6,0.36205276313629753,day_anchor_std,server_midnight,0,0,0,0,1,0,UNCLASSIFIED,TREND_UNCLASSIFIED,TREND
6857.84,6861.09,6856.97,6859.84,191,100,0,2,0.9886044427945352,LONDON,6,0.36205276313629753,day_anchor_std,server_midnight,0,0,0,0,1,0,UNCLASSIFIED,TREND_UNCLASSIFIED,TREND
6859.97,6864.59,6859.84,6862.59,392,100,0,2,0.9886044427945352,LONDON,6,0.36205276313629753,day_anchor_std,server_midnight,0,0,0,0,1,0,UNCLASSIFIED,TREND_UNCLASSIFIED,TREND
6862.84,6864.97,6862.59,6863.59,308,100,0,2,0.9886044427945352,LONDON,6,0.36205276313629753,day_anchor_std,server_midnight,0,0,0,0,1,0,UNCLASSIFIED,TREND_UNCLASSIFIED,TREND
6863.84,6866.34,6861.84,6864.09,768,100,0,2,0.9866237788970309,LONDON,7,0.34954740845345134,day_anchor_std,server_midnight,0,0,0,0,1,0,UNCLASSIFIED,TREND_UNCLASSIFIED,TREND
6864.21,6864.84,6858.09,6859.09,613,100,0,2,0.9866237788970309,LONDON,7,0.34954740845345134,day_anchor_std,server_midnight,0,0,0,0,1,0,UNCLASSIFIED,TREND_UNCLASSIFIED,TREND
6858.84,6864.59,6858.59,6863.59,619,100,0,2,0.9866237788970309,LONDON,7,0.34954740845345134,day_anchor_std,server_midnight,0,0,0,0,1,0,UNCLASSIFIED,TREND_UNCLASSIFIED,TREND
6863.72,6865.34,6863.09,6863.84,439,100,0,2,0.9866237788970309,LONDON,7,0.34954740845345134,day_anchor_std,server_midnight,0,0,0,0,1,0,UNCLASSIFIED,TREND_UNCLASSIFIED,TREND
6863.59,6865.59,6862.84,6864.59,323,100,0,2,0.9988793161036968,LONDON,8,0.3608149596871889,day_anchor_std,server_midnight,0,0,0,0,1,0,UNCLASSIFIED,TREND_UNCLASSIFIED,TREND
6864.34,6865.34,6863.59,6864.22,301,100,0,2,0.9988793161036968,LONDON,8,0.3608149596871889,day_anchor_std,server_midnight,0,0,0,0,1,0,UNCLASSIFIED,TREND_UNCLASSIFIED,TREND
6864.09,6866.84,6864.09,6866.09,313,100,0,2,0.9988793161036968,LONDON,8,0.3608149596871889,day_anchor_std,server_midnight,0,0,0,0,1,0,UNCLASSIFIED,TREND_UNCLASSIFIED,TREND
6865.84,6866.34,6863.09,6863.96,351,100,0,2,0.9988793161036968,LONDON,8,0.3608149596871889,day_anchor_std,server_midnight,0,0,0,0,1,0,UNCLASSIFIED,TREND_UNCLASSIFIED,TREND
6864.09,6867.09,6862.59,6866.84,426,100,0,2,0.9995157432953994,NY,9,0.8810549904211513,day_anchor_std,server_midnight,0,0,0,0,1,1,UNCLASSIFIED,TREND_UNCLASSIFIED,TREND
6866.72,6868.59,6864.84,6867.84,437,100,0,2,0.9995157432953994,NY,9,0.8810549904211513,day_anchor_std,server_midnight,0,0,0,0,1,1,UNCLASSIFIED,TREND_UNCLASSIFIED,TREND
6868.09,6872.34,6867.09,6871.59,347,100,0,2,0.9995157432953994,NY,9,0.8810549904211513,day_anchor_std,server_midnight,0,0,0,0,1,1,UNCLASSIFIED,TREND_UNCLASSIFIED,TREND
6871.34,6872.84,6867.84,6872.34,364,100,0,2,0.9995157432953994,NY,9,0.8810549904211513,day_anchor_std,server_midnight,0,0,0,0,1,1,UNCLASSIFIED,TREND_UNCLASSIFIED,TREND
6872.22,6876.84,6872.22,6875.09,500,100,0,2,0.9987390586198517,NY,10,0.6573629518278067,day_anchor_std,server_midnight,0,0,0,0,1,0,UNCLASSIFIED,TREND_UNCLASSIFIED,TREND
6874.84,6880.84,6865.09,6875.34,3538,100,0,2,0.9987390586198517,NY,10,0.6573629518278067,day_anchor_std,server_midnight,0,0,0,0,1,0,UNCLASSIFIED,TREND_UNCLASSIFIED,TREND
6875.59,6876.84,6864.34,6873.09,2373,100,0,2,0.9987390586198517,NY,10,0.6573629518278067,day_anchor_std,server_midnight,0,0,0,0,1,0,UNCLASSIFIED,TREND_UNCLASSIFIED,TREND
6873.34,6875.34,6862.09,6871.84,1919,100,0,2,0.9987390586198517,NY,10,0.6573629518278067,day_anchor_std,server_midnight,0,0,0,0,1,0,UNCLASSIFIED,TREND_UNCLASSIFIED,TREND
6872.09,6885.59,6871.84,6882.59,1080,100,0,2,0.9997057722698832,NY_PM,11,1.5202648175782452,day_anchor_std,server_midnight,0,0,0,0,0,1,UNCLASSIFIED,TREND_UNCLASSIFIED,TREND
6882.71,6885.34,6879.34,6885.34,794,100,0,2,0.9997057722698832,NY_PM,11,1.5202648175782452,day_anchor_std,server_midnight,0,0,0,0,0,1,UNCLASSIFIED,TREND_UNCLASSIFIED,TREND
6885.59,6886.59,6880.84,6882.09,647,100,0,2,0.9997057722698832,NY_PM,11,1.5202648175782452,day_anchor_std,server_midnight,0,0,0,0,0,1,UNCLASSIFIED,TREND_UNCLASSIFIED,TREND
6882.59,6889.34,6881.34,6888.09,535,100,0,2,0.9997057722698832,NY_PM,11,1.5202648175782452,day_anchor_std,server_midnight,0,0,0,0,0,1,UNCLASSIFIED,TREND_UNCLASSIFIED,TREND
6887.84,6888.09,6878.84,6882.59,624,100,0,2,0.9925510875323845,NY_PM,12,1.3845529977122764,day_anchor_std,server_midnight,0,0,0,0,0,1,UNCLASSIFIED,TREND_UNCLASSIFIED,TREND
6882.84,6884.34,6879.34,6880.59,504,100,0,2,0.9925510875323845,NY_PM,12,1.3845529977122764,day_anchor_std,server_midnight,0,0,0,0,0,1,UNCLASSIFIED,TREND_UNCLASSIFIED,TREND
6880.84,6883.09,6877.59,6882.84,545,100,0,2,0.9925510875323845,NY_PM,12,1.3845529977122764,day_anchor_std,server_midnight,0,0,0,0,0,1,UNCLASSIFIED,TREND_UNCLASSIFIED,TREND
6883.09,6885.59,6882.09,6883.34,458,100,0,2,0.9925510875323845,NY_PM,12,1.3845529977122764,day_anchor_std,server_midnight,0,0,0,0,0,1,UNCLASSIFIED,TREND_UNCLASSIFIED,TREND
6869.84,6873.34,6868.09,6873.34,1026,100,0,1,0.8181516393905461,NY,4,1.2335429723513993,day_anchor_std,server_midnight,0,0,1,0,0,0,UNCLASSIFIED,TRANSITION_UNCLASSIFIED,TRANSITION
6873.09,6897.59,6873.09,6889.46,2979,100,0,1,0.8181516393905461,NY,4,1.2335429723513993,day_anchor_std,server_midnight,0,0,1,0,0,0,UNCLASSIFIED,TRANSITION_UNCLASSIFIED,TRANSITION
6889.22,6890.34,6878.34,6887.34,2402,100,0,1,0.8181516393905461,NY,4,1.2335429723513993,day_anchor_std,server_midnight,0,0,1,0,0,0,UNCLASSIFIED,TRANSITION_UNCLASSIFIED,TRANSITION
6887.59,6900.59,6887.34,6899.09,1134,100,0,1,0.8181516393905461,NY,4,1.2335429723513993,day_anchor_std,server_midnight,0,0,1,0,0,0,UNCLASSIFIED,TRANSITION_UNCLASSIFIED,TRANSITION
6898.84,6903.09,6898.34,6900.59,689,100,0,1,0.5256635462821684,NY_PM,5,1.5831457879802897,day_anchor_std,server_midnight,0,0,1,0,0,0,UNCLASSIFIED,TRANSITION_UNCLASSIFIED,TRANSITION
6900.84,6905.84,6899.34,6904.84,561,100,0,1,0.5256635462821684,NY_PM,5,1.5831457879802897,day_anchor_std,server_midnight,0,0,1,0,0,0,UNCLASSIFIED,TRANSITION_UNCLASSIFIED,TRANSITION
6904.59,6908.09,6902.59,6906.59,412,100,0,1,0.5256635462821684,NY_PM,5,1.5831457879802897,day_anchor_std,server_midnight,0,0,1,0,0,0,UNCLASSIFIED,TRANSITION_UNCLASSIFIED,TRANSITION
6906.84,6907.84,6903.84,6905.59,392,100,0,1,0.5256635462821684,NY_PM,5,1.5831457879802897,day_anchor_std,server_midnight,0,0,1,0,0,0,UNCLASSIFIED,TRANSITION_UNCLASSIFIED,TRANSITION
6905.46,6913.09,6905.09,6911.34,403,100,0,1,0.18380283107971623,NY_PM,6,2.2285619848790295,day_anchor_std,server_midnight,0,0,1,0,0,0,UNCLASSIFIED,TRANSITION_UNCLASSIFIED,TRANSITION
6911.59,6912.84,6910.84,6911.09,290,100,0,1,0.18380283107971623,NY_PM,6,2.2285619848790295,day_anchor_std,server_midnight,0,0,1,0,0,0,UNCLASSIFIED,TRANSITION_UNCLASSIFIED,TRANSITION
6911.34,6915.09,6910.84,6914.84,326,100,0,1,0.18380283107971623,NY_PM,6,2.2285619848790295,day_anchor_std,server_midnight,0,0,1,0,0,0,UNCLASSIFIED,TRANSITION_UNCLASSIFIED,TRANSITION
6914.59,6915.34,6913.09,6914.34,248,100,0,1,0.18380283107971623,NY_PM,6,2.2285619848790295,day_anchor_std,server_midnight,0,0,1,0,0,0,UNCLASSIFIED,TRANSITION_UNCLASSIFIED,TRANSITION
6916.67,6917.04,6913.04,6913.79,210,100,0,1,0.9989385861866906,NY,3,1.8051304918598001,day_anchor_std,server_midnight,0,0,1,0,0,0,UNCLASSIFIED,TRANSITION_UNCLASSIFIED,TRANSITION
6913.29,6922.04,6912.29,6920.79,1491,100,0,1,0.9989385861866906,NY,3,1.8051304918598001,day_anchor_std,server_midnight,0,0,1,0,0,0,UNCLASSIFIED,TRANSITION_UNCLASSIFIED,TRANSITION
6920.54,6927.04,6919.79,6926.54,795,100,0,1,0.9989385861866906,NY,3,1.8051304918598001,day_anchor_std,server_midnight,0,0,1,0,0,0,UNCLASSIFIED,TRANSITION_UNCLASSIFIED,TRANSITION
6926.79,6930.04,6925.04,6929.79,480,100,0,1,0.9989385861866906,NY,3,1.8051304918598001,day_anchor_std,server_midnight,0,0,1,0,0,0,UNCLASSIFIED,TRANSITION_UNCLASSIFIED,TRANSITION
6929.91,6935.04,6928.79,6934.79,410,100,0,1,0.988811788624052,NY_PM,4,2.3951797790307294,day_anchor_std,server_midnight,0,0,1,0,0,0,UNCLASSIFIED,TRANSITION_UNCLASSIFIED,TRANSITION
6935.04,6940.29,6934.04,6939.04,475,100,0,1,0.988811788624052,NY_PM,4,2.3951797790307294,day_anchor_std,server_midnight,0,0,1,0,0,0,UNCLASSIFIED,TRANSITION_UNCLASSIFIED,TRANSITION
6938.79,6941.29,6937.29,6939.79,358,100,0,1,0.988811788624052,NY_PM,4,2.3951797790307294,day_anchor_std,server_midnight,0,0,1,0,0,0,UNCLASSIFIED,TRANSITION_UNCLASSIFIED,TRANSITION
6940.04,6942.79,6936.04,6937.29,772,100,0,1,0.988811788624052,NY_PM,4,2.3951797790307294,day_anchor_std,server_midnight,0,0,1,0,0,0,UNCLASSIFIED,TRANSITION_UNCLASSIFIED,TRANSITION
