symbol,ts,time,decision,context_key,meta_baseline_id,setup_family,side_intent,open,high,low,close,ctx_vwap,ctx_vwap_sigma,ctx_vwap_hi,ctx_vwap_lo,ctx_session_bucket,trend_dir_h2,range_pos_h2,ql_extracted
XAUUSD.mg,2023-01-18 16:00:00,2023-01-18 16:00:00,ALLOW,STATE=TRANSITION|QL=TRANSITION_UNCLASSIFIED|LF=LOOK_FOR_transition_chop_near_vwap,TRANSITION_PERSISTENCE,transition_persistence,LONG,1921.38,1922.06,1905.88,1908.45,1907.9443333333331,7.303029740204989,1922.5503928137437,1893.3382738529235,NY,UP,0.4044293015332219,TRANSITION_UNCLASSIFIED
XAUUSD.mg,2023-01-18 18:00:00,2023-01-18 18:00:00,ALLOW,STATE=TRANSITION|QL=TRANSITION_UNCLASSIFIED|LF=LOOK_FOR_transition_chop_near_vwap,TRANSITION_PERSISTENCE,transition_persistence,LONG,1908.48,1908.92,1901.63,1904.97,1908.0548484848484,7.283474581463349,1922.621797647775,1893.4878993219215,NY_PM,UP,0.2858603066439544,TRANSITION_UNCLASSIFIED
XAUUSD.mg,2023-01-20 06:00:00,2023-01-20 06:00:00,ALLOW,STATE=TRANSITION|QL=TRANSITION_UNCLASSIFIED|LF=LOOK_FOR_transition_chop_near_vwap,TRANSITION_PERSISTENCE,transition_persistence,LONG,1923.77,1929.26,1923.2,1926.56,1930.1886666666664,6.616397613633285,1943.421461893933,1916.9558714394,ASIA,UP,0.7004864489228587,TRANSITION_UNCLASSIFIED
XAUUSD.mg,2023-01-31 22:00:00,2023-01-31 22:00:00,ALLOW,STATE=TRANSITION|QL=TRANSITION_UNCLASSIFIED|LF=LOOK_FOR_transition_chop_near_vwap,TRANSITION_PERSISTENCE,transition_persistence,LONG,1928.5,1928.78,1927.62,1928.1,1928.1666666666667,6.317041828890623,1940.800750324448,1915.5325830088852,NY_PM,UP,0.9002971277649394,TRANSITION_UNCLASSIFIED
XAUUSD.mg,2023-02-01 00:00:00,2023-02-01 00:00:00,ALLOW,STATE=TRANSITION|QL=TRANSITION_UNCLASSIFIED|LF=LOOK_FOR_transition_chop_near_vwap,TRANSITION_PERSISTENCE,transition_persistence,LONG,1927.78,1928.39,1926.66,1927.57,1927.9183333333333,5.925903768362291,1939.7701408700584,1916.0665257966089,ASIA,UP,0.8827996038296481,TRANSITION_UNCLASSIFIED
XAUUSD.mg,2023-02-01 02:00:00,2023-02-01 02:00:00,ALLOW,STATE=TRANSITION|QL=TRANSITION_UNCLASSIFIED|LF=LOOK_FOR_transition_chop_near_vwap,TRANSITION_PERSISTENCE,transition_persistence,LONG,1927.58,1928.81,1924.56,1925.31,1927.3544444444444,5.918604916652386,1939.1916542777487,1915.51723461114,ASIA,UP,0.8081875206338741,TRANSITION_UNCLASSIFIED
XAUUSD.mg,2023-02-06 10:00:00,2023-02-06 10:00:00,ALLOW,STATE=TRANSITION|QL=TRANSITION_UNCLASSIFIED|LF=LOOK_FOR_transition_chop_near_vwap,TRANSITION_PERSISTENCE,transition_persistence,LONG,1878.16,1878.67,1870.15,1872.34,1870.7866666666664,14.59332189760185,1899.9733104618704,1841.600022871463,LONDON,UP,0.2181818181818183,TRANSITION_UNCLASSIFIED
XAUUSD.mg,2023-02-20 00:00:00,2023-02-20 00:00:00,ALLOW,STATE=TRANSITION|QL=TRANSITION_UNCLASSIFIED|LF=LOOK_FOR_transition_chop_near_vwap,TRANSITION_PERSISTENCE,transition_persistence,LONG,1840.54,1841.93,1837.28,1838.85,1839.3533333333328,6.40208359645711,1852.1575005262475,1826.549166140419,ASIA,UP,0.8082691528171849,TRANSITION_UNCLASSIFIED
XAUUSD.mg,2023-03-03 02:00:00,2023-03-03 02:00:00,ALLOW,STATE=TRANSITION|QL=TRANSITION_UNCLASSIFIED|LF=LOOK_FOR_transition_chop_near_vwap,TRANSITION_PERSISTENCE,transition_persistence,LONG,1839.53,1841.45,1838.05,1838.65,1837.561111111111,4.80969119668083,1847.1804935044725,1827.9417287177491,ASIA,UP,0.7554585152838478,TRANSITION_UNCLASSIFIED
XAUUSD.mg,2023-03-03 04:00:00,2023-03-03 04:00:00,ALLOW,STATE=TRANSITION|QL=TRANSITION_UNCLASSIFIED|LF=LOOK_FOR_transition_chop_near_vwap,TRANSITION_PERSISTENCE,transition_persistence,LONG,1838.64,1840.04,1838.02,1838.4,1837.7666666666664,4.8115841876524845,1847.3898350419715,1828.1434982913613,ASIA,UP,0.7336244541484767,TRANSITION_UNCLASSIFIED
XAUUSD.mg,2023-03-06 02:00:00,2023-03-06 02:00:00,ALLOW,STATE=TRANSITION|QL=TRANSITION_UNCLASSIFIED|LF=LOOK_FOR_transition_chop_near_vwap,TRANSITION_PERSISTENCE,transition_persistence,LONG,1852.22,1854.73,1850.82,1853.74,1853.1366666666668,5.047737885584647,1863.232142437836,1843.0411908954973,ASIA,UP,0.862255965292844,TRANSITION_UNCLASSIFIED
XAUUSD.mg,2023-03-08 18:00:00,2023-03-08 18:00:00,ALLOW,STATE=TRANSITION|QL=TRANSITION_UNCLASSIFIED|LF=LOOK_FOR_transition_chop_near_vwap,TRANSITION_PERSISTENCE,transition_persistence,LONG,1817.68,1818.32,1813.32,1814.56,1813.9869696969697,7.701898525608626,1829.390766748187,1798.5831726457525,NY_PM,UP,0.3454790823211817,TRANSITION_UNCLASSIFIED
XAUUSD.mg,2023-03-20 14:00:00,2023-03-20 14:00:00,ALLOW,STATE=TRANSITION|QL=TRANSITION_UNCLASSIFIED|LF=LOOK_FOR_transition_chop_near_vwap,TRANSITION_PERSISTENCE,transition_persistence,LONG,1983.59,1986.25,1972.27,1977.71,1983.63625,11.747409164612463,2007.1310683292247,1960.1414316707755,NY,UP,0.4693537641572298,TRANSITION_UNCLASSIFIED
XAUUSD.mg,2023-03-24 02:00:00,2023-03-24 02:00:00,ALLOW,STATE=TRANSITION|QL=TRANSITION_UNCLASSIFIED|LF=LOOK_FOR_transition_chop_near_vwap,TRANSITION_PERSISTENCE,transition_persistence,LONG,1991.08,1994.58,1989.46,1990.49,1993.58,11.604326016279092,2016.788652032558,1970.3713479674416,ASIA,UP,0.6575939031028872,TRANSITION_UNCLASSIFIED
XAUUSD.mg,2023-03-27 22:00:00,2023-03-27 22:00:00,ALLOW,STATE=TRANSITION|QL=TRANSITION_UNCLASSIFIED|LF=LOOK_FOR_transition_chop_near_vwap,TRANSITION_PERSISTENCE,transition_persistence,LONG,1956.79,1957.45,1955.5,1956.35,1956.4333333333327,10.206100946889672,1976.8455352271128,1936.0211314395535,NY_PM,UP,0.3503060656649944,TRANSITION_UNCLASSIFIED
XAUUSD.mg,2023-03-28 00:00:00,2023-03-28 00:00:00,ALLOW,STATE=TRANSITION|QL=TRANSITION_UNCLASSIFIED|LF=LOOK_FOR_transition_chop_near_vwap,TRANSITION_PERSISTENCE,transition_persistence,LONG,1955.19,1958.08,1955.15,1957.89,1956.736666666667,9.260938337636482,1975.25854334194,1938.2147899913937,ASIA,UP,0.4066187050359743,TRANSITION_UNCLASSIFIED
XAUUSD.mg,2023-03-28 02:00:00,2023-03-28 02:00:00,ALLOW,STATE=TRANSITION|QL=TRANSITION_UNCLASSIFIED|LF=LOOK_FOR_transition_chop_near_vwap,TRANSITION_PERSISTENCE,transition_persistence,LONG,1958.1,1963.75,1957.49,1962.39,1957.9677777777777,9.282972298658958,1976.533722375096,1939.40183318046,ASIA,UP,0.5638619854721589,TRANSITION_UNCLASSIFIED
XAUUSD.mg,2023-04-03 22:00:00,2023-04-03 22:00:00,ALLOW,STATE=TRANSITION|QL=TRANSITION_UNCLASSIFIED|LF=LOOK_FOR_transition_chop_near_vwap,TRANSITION_PERSISTENCE,transition_persistence,LONG,1984.82,1985.65,1983.34,1984.3,1984.43,8.146006420381454,2000.722012840763,1968.137987159237,NY_PM,UP,0.8545097075448497,TRANSITION_UNCLASSIFIED
XAUUSD.mg,2023-04-04 00:00:00,2023-04-04 00:00:00,ALLOW,STATE=TRANSITION|QL=TRANSITION_UNCLASSIFIED|LF=LOOK_FOR_transition_chop_near_vwap,TRANSITION_PERSISTENCE,transition_persistence,LONG,1984.61,1985.28,1983.34,1984.69,1984.495,7.968219489805017,2000.4314389796104,1968.55856102039,ASIA,UP,0.8640943720815933,TRANSITION_UNCLASSIFIED
XAUUSD.mg,2023-04-11 02:00:00,2023-04-11 02:00:00,ALLOW,STATE=TRANSITION|QL=TRANSITION_UNCLASSIFIED|LF=LOOK_FOR_transition_chop_near_vwap,TRANSITION_PERSISTENCE,transition_persistence,LONG,1992.2,1995.18,1988.59,1990.95,1991.3844444444449,9.250872942384396,2009.8861903292132,1972.882698559676,ASIA,UP,0.4460600375234531,TRANSITION_UNCLASSIFIED
XAUUSD.mg,2023-04-12 10:00:00,2023-04-12 10:00:00,ALLOW,STATE=TRANSITION|QL=TRANSITION_UNCLASSIFIED|LF=LOOK_FOR_transition_chop_near_vwap,TRANSITION_PERSISTENCE,transition_persistence,LONG,2012.74,2013.43,2008.34,2010.66,2009.7757142857145,5.443819835605425,2020.663353956925,1998.8880746145037,LONDON,UP,0.5994518402505896,TRANSITION_UNCLASSIFIED
XAUUSD.mg,2023-04-12 12:00:00,2023-04-12 12:00:00,ALLOW,STATE=TRANSITION|QL=TRANSITION_UNCLASSIFIED|LF=LOOK_FOR_transition_chop_near_vwap,TRANSITION_PERSISTENCE,transition_persistence,LONG,2010.58,2011.32,2007.08,2007.52,2009.847083333333,5.441952693640798,2020.730988720615,1998.963177946052,LONDON,UP,0.4765074393108842,TRANSITION_UNCLASSIFIED
XAUUSD.mg,2023-04-18 02:00:00,2023-04-18 02:00:00,ALLOW,STATE=TRANSITION|QL=TRANSITION_UNCLASSIFIED|LF=LOOK_FOR_transition_chop_near_vwap,TRANSITION_PERSISTENCE,transition_persistence,LONG,1993.7,1999.14,1993.08,1997.39,1995.387777777778,11.571695362425006,2018.531168502628,1972.244387052928,ASIA,UP,0.48569743438514,TRANSITION_UNCLASSIFIED
XAUUSD.mg,2023-04-18 04:00:00,2023-04-18 04:00:00,ALLOW,STATE=TRANSITION|QL=TRANSITION_UNCLASSIFIED|LF=LOOK_FOR_transition_chop_near_vwap,TRANSITION_PERSISTENCE,transition_persistence,LONG,1997.42,2001.56,1995.95,2000.01,1996.095,11.583163746076387,2019.2613274921528,1972.9286725078475,ASIA,UP,0.5629607785314067,TRANSITION_UNCLASSIFIED
XAUUSD.mg,2023-04-18 06:00:00,2023-04-18 06:00:00,ALLOW,STATE=TRANSITION|QL=TRANSITION_UNCLASSIFIED|LF=LOOK_FOR_transition_chop_near_vwap,TRANSITION_PERSISTENCE,transition_persistence,LONG,2000.02,2001.57,1996.27,2000.33,1996.5413333333331,11.535609237301184,2019.612551807936,1973.470114858731,ASIA,UP,0.5723975228546133,TRANSITION_UNCLASSIFIED
XAUUSD.mg,2023-04-19 20:00:00,2023-04-19 20:00:00,ALLOW,STATE=TRANSITION|QL=TRANSITION_UNCLASSIFIED|LF=LOOK_FOR_transition_chop_near_vwap,TRANSITION_PERSISTENCE,transition_persistence,LONG,1993.78,1996.58,1993.41,1994.24,1995.2138888888887,11.649077136482164,2018.512043161853,1971.9157346159243,NY_PM,UP,0.6485237483953777,TRANSITION_UNCLASSIFIED
XAUUSD.mg,2023-04-20 00:00:00,2023-04-20 00:00:00,ALLOW,STATE=TRANSITION|QL=TRANSITION_UNCLASSIFIED|LF=LOOK_FOR_transition_chop_near_vwap,TRANSITION_PERSISTENCE,transition_persistence,LONG,1994.3,1995.49,1992.97,1993.38,1994.225,10.794134601736792,2015.8132692034733,1972.6367307965263,ASIA,UP,0.6264441591784355,TRANSITION_UNCLASSIFIED
XAUUSD.mg,2023-04-20 02:00:00,2023-04-20 02:00:00,ALLOW,STATE=TRANSITION|QL=TRANSITION_UNCLASSIFIED|LF=LOOK_FOR_transition_chop_near_vwap,TRANSITION_PERSISTENCE,transition_persistence,LONG,1993.5,1998.5,1991.98,1995.44,1994.5855555555556,10.802291169963857,2016.190137895483,1972.980973215628,ASIA,UP,0.7026022304832709,TRANSITION_UNCLASSIFIED
XAUUSD.mg,2023-04-20 04:00:00,2023-04-20 04:00:00,ALLOW,STATE=TRANSITION|QL=TRANSITION_UNCLASSIFIED|LF=LOOK_FOR_transition_chop_near_vwap,TRANSITION_PERSISTENCE,transition_persistence,LONG,1995.43,1996.64,1990.26,1992.55,1994.381666666667,10.795757791429546,2015.9731822495255,1972.790151083808,ASIA,UP,0.6692220329358296,TRANSITION_UNCLASSIFIED
XAUUSD.mg,2023-04-28 20:00:00,2023-04-28 20:00:00,ALLOW,STATE=TRANSITION|QL=TRANSITION_UNCLASSIFIED|LF=LOOK_FOR_transition_chop_near_vwap,TRANSITION_PERSISTENCE,transition_persistence,LONG,1990.4,1990.95,1987.28,1988.98,1986.473333333333,5.266269146916054,1997.005871627165,1975.940795039501,NY_PM,UP,0.6912393162393181,TRANSITION_UNCLASSIFIED
XAUUSD.mg,2023-05-08 06:00:00,2023-05-08 06:00:00,ALLOW,STATE=TRANSITION|QL=TRANSITION_UNCLASSIFIED|LF=LOOK_FOR_transition_chop_near_vwap,TRANSITION_PERSISTENCE,transition_persistence,LONG,2023.02,2024.44,2019.88,2020.71,2018.035,11.893634632546124,2041.822269265092,1994.247730734908,ASIA,UP,0.4391242070800099,TRANSITION_UNCLASSIFIED
XAUUSD.mg,2023-05-09 08:00:00,2023-05-09 08:00:00,ALLOW,STATE=TRANSITION|QL=TRANSITION_UNCLASSIFIED|LF=LOOK_FOR_transition_chop_near_vwap,TRANSITION_PERSISTENCE,transition_persistence,LONG,2025.82,2027.56,2021.53,2024.41,2022.56,9.538067274308492,2041.636134548617,2003.4838654513835,LONDON,UP,0.5905923344947819,TRANSITION_UNCLASSIFIED
XAUUSD.mg,2023-05-09 16:00:00,2023-05-09 16:00:00,ALLOW,STATE=TRANSITION|QL=TRANSITION_UNCLASSIFIED|LF=LOOK_FOR_transition_chop_near_vwap,TRANSITION_PERSISTENCE,transition_persistence,LONG,2030.04,2030.09,2024.15,2026.68,2024.179,9.743555426433664,2043.6661108528676,2004.6918891471328,NY,UP,0.5539622641509544,TRANSITION_UNCLASSIFIED
XAUUSD.mg,2023-05-23 16:00:00,2023-05-23 16:00:00,ALLOW,STATE=TRANSITION|QL=TRANSITION_UNCLASSIFIED|LF=LOOK_FOR_transition_chop_near_vwap,TRANSITION_PERSISTENCE,transition_persistence,LONG,1969.39,1973.2,1963.95,1967.0,1964.879,7.87683458931359,1980.6326691786276,1949.125330821373,NY,UP,0.5330360762059202,TRANSITION_UNCLASSIFIED
XAUUSD.mg,2023-05-23 22:00:00,2023-05-23 22:00:00,ALLOW,STATE=TRANSITION|QL=TRANSITION_UNCLASSIFIED|LF=LOOK_FOR_transition_chop_near_vwap,TRANSITION_PERSISTENCE,transition_persistence,LONG,1974.54,1974.96,1973.93,1974.77,1974.5533333333333,8.033460878686002,1990.620255090705,1958.4864115759613,NY_PM,UP,0.8921108742004278,TRANSITION_UNCLASSIFIED
XAUUSD.mg,2023-05-24 00:00:00,2023-05-24 00:00:00,ALLOW,STATE=TRANSITION|QL=TRANSITION_UNCLASSIFIED|LF=LOOK_FOR_transition_chop_near_vwap,TRANSITION_PERSISTENCE,transition_persistence,LONG,1974.44,1976.89,1974.25,1974.65,1974.855,8.025330650778253,1990.9056613015568,1958.8043386984436,ASIA,UP,0.8869936034115199,TRANSITION_UNCLASSIFIED
XAUUSD.mg,2023-05-31 02:00:00,2023-05-31 02:00:00,ALLOW,STATE=TRANSITION|QL=TRANSITION_UNCLASSIFIED|LF=LOOK_FOR_transition_chop_near_vwap,TRANSITION_PERSISTENCE,transition_persistence,LONG,1958.2,1960.14,1954.4,1954.57,1957.9944444444443,6.695839124097177,1971.386122692639,1944.60276619625,ASIA,UP,0.7278219395866403,TRANSITION_UNCLASSIFIED
XAUUSD.mg,2023-05-31 12:00:00,2023-05-31 12:00:00,ALLOW,STATE=TRANSITION|QL=TRANSITION_UNCLASSIFIED|LF=LOOK_FOR_transition_chop_near_vwap,TRANSITION_PERSISTENCE,transition_persistence,LONG,1958.27,1960.43,1954.56,1959.99,1958.51,6.694121126649834,1971.8982422533,1945.1217577467005,LONDON,UP,0.6548856548856552,TRANSITION_UNCLASSIFIED
XAUUSD.mg,2023-05-31 20:00:00,2023-05-31 20:00:00,ALLOW,STATE=TRANSITION|QL=TRANSITION_UNCLASSIFIED|LF=LOOK_FOR_transition_chop_near_vwap,TRANSITION_PERSISTENCE,transition_persistence,LONG,1965.85,1967.21,1962.33,1962.75,1960.5619444444444,6.613955890422259,1973.789856225289,1947.3340326636,NY_PM,UP,0.4478672985781983,TRANSITION_UNCLASSIFIED
XAUUSD.mg,2023-05-31 22:00:00,2023-05-31 22:00:00,ALLOW,STATE=TRANSITION|QL=TRANSITION_UNCLASSIFIED|LF=LOOK_FOR_transition_chop_near_vwap,TRANSITION_PERSISTENCE,transition_persistence,LONG,1962.69,1963.25,1962.03,1962.22,1962.5,6.316877166375282,1975.1337543327504,1949.8662456672491,NY_PM,UP,0.4227488151658775,TRANSITION_UNCLASSIFIED
XAUUSD.mg,2023-06-01 00:00:00,2023-06-01 00:00:00,ALLOW,STATE=TRANSITION|QL=TRANSITION_UNCLASSIFIED|LF=LOOK_FOR_transition_chop_near_vwap,TRANSITION_PERSISTENCE,transition_persistence,LONG,1962.35,1966.64,1962.27,1965.92,1963.6816666666668,5.968605034820515,1975.618876736308,1951.7444565970256,ASIA,UP,0.5981042654028453,TRANSITION_UNCLASSIFIED
XAUUSD.mg,2023-06-08 08:00:00,2023-06-08 08:00:00,ALLOW,STATE=TRANSITION|QL=TRANSITION_UNCLASSIFIED|LF=LOOK_FOR_transition_chop_near_vwap,TRANSITION_PERSISTENCE,transition_persistence,LONG,1945.57,1947.87,1942.39,1946.91,1943.2416666666668,7.982220101699089,1959.206106870065,1927.2772264632688,LONDON,UP,0.2474498190194147,TRANSITION_UNCLASSIFIED
XAUUSD.mg,2023-06-16 02:00:00,2023-06-16 02:00:00,ALLOW,STATE=TRANSITION|QL=TRANSITION_UNCLASSIFIED|LF=LOOK_FOR_transition_chop_near_vwap,TRANSITION_PERSISTENCE,transition_persistence,LONG,1957.89,1961.66,1956.11,1959.0,1958.208888888889,7.166787350940118,1972.542463590769,1943.8753141870088,ASIA,UP,0.9286097691894772,TRANSITION_UNCLASSIFIED
XAUUSD.mg,2023-06-16 18:00:00,2023-06-16 18:00:00,ALLOW,STATE=TRANSITION|QL=TRANSITION_UNCLASSIFIED|LF=LOOK_FOR_transition_chop_near_vwap,TRANSITION_PERSISTENCE,transition_persistence,LONG,1955.87,1959.14,1953.54,1958.82,1959.237878787879,7.116197938180335,1973.47027466424,1945.0054829115184,NY_PM,UP,0.4052019164955431,TRANSITION_UNCLASSIFIED
XAUUSD.mg,2023-06-20 00:00:00,2023-06-20 00:00:00,ALLOW,STATE=TRANSITION|QL=TRANSITION_UNCLASSIFIED|LF=LOOK_FOR_transition_chop_near_vwap,TRANSITION_PERSISTENCE,transition_persistence,LONG,1950.58,1953.83,1950.4,1952.07,1952.1,6.475044708264553,1965.050089416529,1939.149910583471,ASIA,UP,0.4272644098810536,TRANSITION_UNCLASSIFIED
XAUUSD.mg,2023-06-21 02:00:00,2023-06-21 02:00:00,ALLOW,STATE=TRANSITION|QL=TRANSITION_UNCLASSIFIED|LF=LOOK_FOR_transition_chop_near_vwap,TRANSITION_PERSISTENCE,transition_persistence,LONG,1936.89,1938.01,1935.79,1936.0,1936.381111111111,6.861504077543345,1950.1041192661976,1922.6581029560243,ASIA,UP,0.2448148148148111,TRANSITION_UNCLASSIFIED
XAUUSD.mg,2023-06-21 04:00:00,2023-06-21 04:00:00,ALLOW,STATE=TRANSITION|QL=TRANSITION_UNCLASSIFIED|LF=LOOK_FOR_transition_chop_near_vwap,TRANSITION_PERSISTENCE,transition_persistence,LONG,1936.0,1939.1,1935.08,1936.68,1936.5241666666664,6.862633725533434,1950.2494341177332,1922.7988992156,ASIA,UP,0.2699999999999986,TRANSITION_UNCLASSIFIED
XAUUSD.mg,2023-06-26 06:00:00,2023-06-26 06:00:00,ALLOW,STATE=TRANSITION|QL=TRANSITION_UNCLASSIFIED|LF=LOOK_FOR_transition_chop_near_vwap,TRANSITION_PERSISTENCE,transition_persistence,LONG,1925.11,1926.74,1923.58,1926.4,1925.0175,6.009194719675227,1937.0358894393505,1912.9991105606496,ASIA,UP,0.5677339901477866,TRANSITION_UNCLASSIFIED
XAUUSD.mg,2023-06-29 00:00:00,2023-06-29 00:00:00,ALLOW,STATE=TRANSITION|QL=TRANSITION_UNCLASSIFIED|LF=LOOK_FOR_transition_chop_near_vwap,TRANSITION_PERSISTENCE,transition_persistence,LONG,1907.29,1910.35,1906.94,1909.32,1908.2,4.422458562603117,1917.0449171252064,1899.3550828747937,ASIA,UP,0.4780181437543576,TRANSITION_UNCLASSIFIED
XAUUSD.mg,2023-07-03 02:00:00,2023-07-03 02:00:00,ALLOW,STATE=TRANSITION|QL=TRANSITION_UNCLASSIFIED|LF=LOOK_FOR_transition_chop_near_vwap,TRANSITION_PERSISTENCE,transition_persistence,LONG,1917.75,1918.58,1915.66,1916.91,1917.666666666667,4.508266430081659,1926.6831995268303,1908.650133806504,ASIA,UP,0.7556255625562633,TRANSITION_UNCLASSIFIED
XAUUSD.mg,2023-07-03 18:00:00,2023-07-03 18:00:00,ALLOW,STATE=TRANSITION|QL=TRANSITION_UNCLASSIFIED|LF=LOOK_FOR_transition_chop_near_vwap,TRANSITION_PERSISTENCE,transition_persistence,LONG,1926.18,1926.31,1920.21,1920.22,1917.5343333333335,4.879364860479432,1927.2930630542928,1907.7756036123749,NY_PM,UP,0.5028735632183936,TRANSITION_UNCLASSIFIED
XAUUSD.mg,2023-07-03 22:00:00,2023-07-03 22:00:00,ALLOW,STATE=TRANSITION|QL=TRANSITION_UNCLASSIFIED|LF=LOOK_FOR_transition_chop_near_vwap,TRANSITION_PERSISTENCE,transition_persistence,LONG,1920.96,1921.31,1920.67,1921.22,1921.0666666666664,4.370829538371347,1929.8083257434091,1912.325007589924,NY_PM,UP,0.5507662835249073,TRANSITION_UNCLASSIFIED
XAUUSD.mg,2023-07-04 00:00:00,2023-07-04 00:00:00,ALLOW,STATE=TRANSITION|QL=TRANSITION_UNCLASSIFIED|LF=LOOK_FOR_transition_chop_near_vwap,TRANSITION_PERSISTENCE,transition_persistence,LONG,1920.98,1921.22,1919.5,1920.85,1920.81,4.147253340281648,1929.1045066805632,1912.5154933194367,ASIA,UP,0.5330459770114916,TRANSITION_UNCLASSIFIED
XAUUSD.mg,2023-07-17 18:00:00,2023-07-17 18:00:00,ALLOW,STATE=TRANSITION|QL=TRANSITION_UNCLASSIFIED|LF=LOOK_FOR_transition_chop_near_vwap,TRANSITION_PERSISTENCE,transition_persistence,LONG,1954.27,1955.25,1952.07,1954.82,1953.448666666667,5.427029602162852,1964.3027258709924,1942.594607462341,NY_PM,UP,0.6182056319580772,TRANSITION_UNCLASSIFIED
XAUUSD.mg,2023-07-17 20:00:00,2023-07-17 20:00:00,ALLOW,STATE=TRANSITION|QL=TRANSITION_UNCLASSIFIED|LF=LOOK_FOR_transition_chop_near_vwap,TRANSITION_PERSISTENCE,transition_persistence,LONG,1954.8,1956.0,1954.2,1954.97,1953.4321212121213,5.427158502227812,1964.286438216577,1942.5778042076656,NY_PM,UP,0.6815920398009923,TRANSITION_UNCLASSIFIED
XAUUSD.mg,2023-07-18 02:00:00,2023-07-18 02:00:00,ALLOW,STATE=TRANSITION|QL=TRANSITION_UNCLASSIFIED|LF=LOOK_FOR_transition_chop_near_vwap,TRANSITION_PERSISTENCE,transition_persistence,LONG,1955.1,1959.14,1954.32,1956.8,1955.4344444444444,5.425993969183952,1966.2864323828123,1944.5824565060764,ASIA,UP,0.8116560056858492,TRANSITION_UNCLASSIFIED
XAUUSD.mg,2023-07-18 06:00:00,2023-07-18 06:00:00,ALLOW,STATE=TRANSITION|QL=TRANSITION_UNCLASSIFIED|LF=LOOK_FOR_transition_chop_near_vwap,TRANSITION_PERSISTENCE,transition_persistence,LONG,1959.48,1961.36,1958.59,1958.9,1956.464,5.421567233364366,1967.3071344667287,1945.6208655332712,ASIA,UP,0.8460575719649661,TRANSITION_UNCLASSIFIED
XAUUSD.mg,2023-07-20 06:00:00,2023-07-20 06:00:00,ALLOW,STATE=TRANSITION|QL=TRANSITION_UNCLASSIFIED|LF=LOOK_FOR_transition_chop_near_vwap,TRANSITION_PERSISTENCE,transition_persistence,LONG,1984.79,1985.08,1979.72,1980.4,1979.7506666666663,4.674155956215081,1989.0989785790964,1970.4023547542365,ASIA,UP,0.6224604966140058,TRANSITION_UNCLASSIFIED
XAUUSD.mg,2023-07-20 08:00:00,2023-07-20 08:00:00,ALLOW,STATE=TRANSITION|QL=TRANSITION_UNCLASSIFIED|LF=LOOK_FOR_transition_chop_near_vwap,TRANSITION_PERSISTENCE,transition_persistence,LONG,1980.4,1982.27,1977.46,1978.85,1979.8583333333331,4.688294417000612,1989.2349221673344,1970.481744499332,LONDON,UP,0.5349887133182847,TRANSITION_UNCLASSIFIED
XAUUSD.mg,2023-07-20 10:00:00,2023-07-20 10:00:00,ALLOW,STATE=TRANSITION|QL=TRANSITION_UNCLASSIFIED|LF=LOOK_FOR_transition_chop_near_vwap,TRANSITION_PERSISTENCE,transition_persistence,LONG,1978.82,1983.47,1977.83,1980.54,1980.0157142857145,4.664348116844959,1989.3444105194044,1970.6870180520243,LONDON,UP,0.6303611738149015,TRANSITION_UNCLASSIFIED
XAUUSD.mg,2023-07-20 12:00:00,2023-07-20 12:00:00,ALLOW,STATE=TRANSITION|QL=TRANSITION_UNCLASSIFIED|LF=LOOK_FOR_transition_chop_near_vwap,TRANSITION_PERSISTENCE,transition_persistence,LONG,1980.55,1982.81,1979.01,1981.05,1980.155,4.606945617754442,1989.3688912355087,1970.9411087644912,LONDON,UP,0.6591422121896189,TRANSITION_UNCLASSIFIED
XAUUSD.mg,2023-07-25 12:00:00,2023-07-25 12:00:00,ALLOW,STATE=TRANSITION|QL=TRANSITION_UNCLASSIFIED|LF=LOOK_FOR_transition_chop_near_vwap,TRANSITION_PERSISTENCE,transition_persistence,LONG,1961.78,1962.26,1952.8,1960.38,1957.9383333333333,4.129830061931125,1966.1979934571957,1949.678673209471,LONDON,UP,0.5234806629834354,TRANSITION_UNCLASSIFIED
XAUUSD.mg,2023-07-25 22:00:00,2023-07-25 22:00:00,ALLOW,STATE=TRANSITION|QL=TRANSITION_UNCLASSIFIED|LF=LOOK_FOR_transition_chop_near_vwap,TRANSITION_PERSISTENCE,transition_persistence,LONG,1964.11,1964.85,1963.86,1964.01,1964.24,4.341738250501081,1972.923476501002,1955.5565234989976,NY_PM,UP,0.907201187824796,TRANSITION_UNCLASSIFIED
XAUUSD.mg,2023-07-26 00:00:00,2023-07-26 00:00:00,ALLOW,STATE=TRANSITION|QL=TRANSITION_UNCLASSIFIED|LF=LOOK_FOR_transition_chop_near_vwap,TRANSITION_PERSISTENCE,transition_persistence,LONG,1964.68,1965.9,1963.74,1964.94,1964.55,4.331810835884567,1973.213621671769,1955.8863783282309,ASIA,UP,0.931963146704463,TRANSITION_UNCLASSIFIED
XAUUSD.mg,2023-08-02 04:00:00,2023-08-02 04:00:00,ALLOW,STATE=TRANSITION|QL=TRANSITION_UNCLASSIFIED|LF=LOOK_FOR_transition_chop_near_vwap,TRANSITION_PERSISTENCE,transition_persistence,LONG,1947.32,1949.47,1946.31,1948.93,1947.378333333333,9.564003054577944,1966.5063394424888,1928.2503272241772,ASIA,UP,0.3824644549763086,TRANSITION_UNCLASSIFIED
XAUUSD.mg,2023-08-02 06:00:00,2023-08-02 06:00:00,ALLOW,STATE=TRANSITION|QL=TRANSITION_UNCLASSIFIED|LF=LOOK_FOR_transition_chop_near_vwap,TRANSITION_PERSISTENCE,transition_persistence,LONG,1948.93,1949.59,1944.91,1948.54,1947.552,9.538402250899033,1966.6288045017984,1928.475195498202,ASIA,UP,0.4288107202680083,TRANSITION_UNCLASSIFIED
XAUUSD.mg,2023-08-02 08:00:00,2023-08-02 08:00:00,ALLOW,STATE=TRANSITION|QL=TRANSITION_UNCLASSIFIED|LF=LOOK_FOR_transition_chop_near_vwap,TRANSITION_PERSISTENCE,transition_persistence,LONG,1948.57,1950.05,1947.36,1948.01,1947.638333333333,9.516360251195016,1966.6710538357236,1928.6056128309435,LONDON,UP,0.434650455927056,TRANSITION_UNCLASSIFIED
XAUUSD.mg,2023-08-07 22:00:00,2023-08-07 22:00:00,ALLOW,STATE=TRANSITION|QL=TRANSITION_UNCLASSIFIED|LF=LOOK_FOR_transition_chop_near_vwap,TRANSITION_PERSISTENCE,transition_persistence,LONG,1936.25,1936.33,1935.34,1936.12,1935.93,4.51609478091648,1944.962189561833,1926.8978104381672,NY_PM,UP,0.3280839895013121,TRANSITION_UNCLASSIFIED
XAUUSD.mg,2023-08-08 04:00:00,2023-08-08 04:00:00,ALLOW,STATE=TRANSITION|QL=TRANSITION_UNCLASSIFIED|LF=LOOK_FOR_transition_chop_near_vwap,TRANSITION_PERSISTENCE,transition_persistence,LONG,1931.21,1934.95,1930.75,1932.73,1934.8641666666667,4.085662467081336,1943.0354916008291,1926.692841732504,ASIA,UP,0.1887511916110597,TRANSITION_UNCLASSIFIED
XAUUSD.mg,2023-08-21 14:00:00,2023-08-21 14:00:00,ALLOW,STATE=TRANSITION|QL=TRANSITION_UNCLASSIFIED|LF=LOOK_FOR_transition_chop_near_vwap,TRANSITION_PERSISTENCE,transition_persistence,LONG,1892.63,1898.35,1888.21,1889.65,1889.1691666666663,2.8119634067474286,1894.7930934801611,1883.545239853172,NY,UP,0.3758967001434773,TRANSITION_UNCLASSIFIED
XAUUSD.mg,2023-08-28 04:00:00,2023-08-28 04:00:00,ALLOW,STATE=TRANSITION|QL=TRANSITION_UNCLASSIFIED|LF=LOOK_FOR_transition_chop_near_vwap,TRANSITION_PERSISTENCE,transition_persistence,LONG,1915.15,1916.64,1914.72,1915.94,1915.2666666666669,4.528156088879605,1924.322978844426,1906.2103544889076,ASIA,UP,0.6733046286329408,TRANSITION_UNCLASSIFIED
XAUUSD.mg,2023-08-28 06:00:00,2023-08-28 06:00:00,ALLOW,STATE=TRANSITION|QL=TRANSITION_UNCLASSIFIED|LF=LOOK_FOR_transition_chop_near_vwap,TRANSITION_PERSISTENCE,transition_persistence,LONG,1915.93,1917.17,1914.36,1915.29,1915.315833333333,4.526884887216803,1924.369603107767,1906.2620635589,ASIA,UP,0.6383207750269078,TRANSITION_UNCLASSIFIED
XAUUSD.mg,2023-08-30 02:00:00,2023-08-30 02:00:00,ALLOW,STATE=TRANSITION|QL=TRANSITION_UNCLASSIFIED|LF=LOOK_FOR_transition_chop_near_vwap,TRANSITION_PERSISTENCE,transition_persistence,LONG,1935.84,1936.84,1934.99,1935.78,1936.5522222222223,4.107650224232081,1944.7675226706865,1928.336921773758,ASIA,UP,0.9160691691269504,TRANSITION_UNCLASSIFIED
XAUUSD.mg,2023-08-30 22:00:00,2023-08-30 22:00:00,ALLOW,STATE=TRANSITION|QL=TRANSITION_UNCLASSIFIED|LF=LOOK_FOR_transition_chop_near_vwap,TRANSITION_PERSISTENCE,transition_persistence,LONG,1942.98,1943.26,1941.7,1942.03,1942.33,4.350181437917409,1951.0303628758347,1933.629637124165,NY_PM,UP,0.5298295454545422,TRANSITION_UNCLASSIFIED
XAUUSD.mg,2023-08-31 06:00:00,2023-08-31 06:00:00,ALLOW,STATE=TRANSITION|QL=TRANSITION_UNCLASSIFIED|LF=LOOK_FOR_transition_chop_near_vwap,TRANSITION_PERSISTENCE,transition_persistence,LONG,1944.78,1945.64,1944.09,1945.05,1944.093333333333,4.321142448701513,1952.735618230736,1935.45104843593,ASIA,UP,0.7443181818181749,TRANSITION_UNCLASSIFIED
XAUUSD.mg,2023-09-07 08:00:00,2023-09-07 08:00:00,ALLOW,STATE=TRANSITION|QL=TRANSITION_UNCLASSIFIED|LF=LOOK_FOR_transition_chop_near_vwap,TRANSITION_PERSISTENCE,transition_persistence,LONG,1917.17,1919.41,1916.69,1917.94,1917.5266666666664,3.383331885582836,1924.2933304378323,1910.760002895501,LONDON,UP,0.219020172910662,TRANSITION_UNCLASSIFIED
XAUUSD.mg,2023-09-08 12:00:00,2023-09-08 12:00:00,ALLOW,STATE=TRANSITION|QL=TRANSITION_UNCLASSIFIED|LF=LOOK_FOR_transition_chop_near_vwap,TRANSITION_PERSISTENCE,transition_persistence,LONG,1924.8,1925.18,1922.24,1922.59,1922.1729166666664,3.569551984462179,1929.312020635591,1915.0338126977424,LONDON,UP,0.6108108108108008,TRANSITION_UNCLASSIFIED
XAUUSD.mg,2023-09-14 18:00:00,2023-09-14 18:00:00,ALLOW,STATE=TRANSITION|QL=TRANSITION_UNCLASSIFIED|LF=LOOK_FOR_transition_chop_near_vwap,TRANSITION_PERSISTENCE,transition_persistence,LONG,1907.58,1911.65,1907.58,1908.35,1908.0254545454547,3.224435794013198,1914.474326133481,1901.5765829574284,NY_PM,UP,0.6515533165407168,TRANSITION_UNCLASSIFIED
XAUUSD.mg,2023-09-18 22:00:00,2023-09-18 22:00:00,ALLOW,STATE=TRANSITION|QL=TRANSITION_UNCLASSIFIED|LF=LOOK_FOR_transition_chop_near_vwap,TRANSITION_PERSISTENCE,transition_persistence,LONG,1932.9,1933.81,1932.67,1933.28,1933.253333333333,3.6334746375630704,1940.5202826084596,1925.9863840582072,NY_PM,UP,0.9545064377682422,TRANSITION_UNCLASSIFIED
XAUUSD.mg,2023-09-19 00:00:00,2023-09-19 00:00:00,ALLOW,STATE=TRANSITION|QL=TRANSITION_UNCLASSIFIED|LF=LOOK_FOR_transition_chop_near_vwap,TRANSITION_PERSISTENCE,transition_persistence,LONG,1933.41,1934.13,1932.94,1933.75,1933.385,3.4850423475188985,1940.3550846950377,1926.4149153049625,ASIA,UP,0.9674657534246484,TRANSITION_UNCLASSIFIED
XAUUSD.mg,2023-09-19 02:00:00,2023-09-19 02:00:00,ALLOW,STATE=TRANSITION|QL=TRANSITION_UNCLASSIFIED|LF=LOOK_FOR_transition_chop_near_vwap,TRANSITION_PERSISTENCE,transition_persistence,LONG,1933.74,1934.21,1931.36,1932.6,1933.1644444444448,3.4919569455704003,1940.1483583355853,1926.180530553304,ASIA,UP,0.8630952380952271,TRANSITION_UNCLASSIFIED
XAUUSD.mg,2023-09-19 04:00:00,2023-09-19 04:00:00,ALLOW,STATE=TRANSITION|QL=TRANSITION_UNCLASSIFIED|LF=LOOK_FOR_transition_chop_near_vwap,TRANSITION_PERSISTENCE,transition_persistence,LONG,1932.66,1933.04,1931.71,1931.85,1932.9916666666668,3.503096519671941,1939.9978597060103,1925.985473627323,ASIA,UP,0.7993197278911455,TRANSITION_UNCLASSIFIED
XAUUSD.mg,2023-09-20 20:00:00,2023-09-20 20:00:00,ALLOW,STATE=TRANSITION|QL=TRANSITION_UNCLASSIFIED|LF=LOOK_FOR_transition_chop_near_vwap,TRANSITION_PERSISTENCE,transition_persistence,LONG,1945.93,1946.39,1932.51,1932.67,1932.8366666666664,3.8059089468969622,1940.44848456046,1925.2248487728723,NY_PM,UP,0.2622107969151735,TRANSITION_UNCLASSIFIED
XAUUSD.mg,2023-09-25 14:00:00,2023-09-25 14:00:00,ALLOW,STATE=TRANSITION|QL=TRANSITION_UNCLASSIFIED|LF=LOOK_FOR_transition_chop_near_vwap,TRANSITION_PERSISTENCE,transition_persistence,LONG,1923.67,1926.43,1921.88,1924.98,1923.7625000000005,4.266849945997161,1932.2961998919943,1915.228800108006,NY,UP,0.5462287104622864,TRANSITION_UNCLASSIFIED
XAUUSD.mg,2023-09-28 06:00:00,2023-09-28 06:00:00,ALLOW,STATE=TRANSITION|QL=TRANSITION_UNCLASSIFIED|LF=LOOK_FOR_transition_chop_near_vwap,TRANSITION_PERSISTENCE,transition_persistence,LONG,1874.28,1876.87,1873.33,1876.66,1875.406,5.787735358233997,1886.9814707164685,1863.830529283532,ASIA,UP,0.1703731624575946,TRANSITION_UNCLASSIFIED
XAUUSD.mg,2023-10-17 18:00:00,2023-10-17 18:00:00,ALLOW,STATE=TRANSITION|QL=TRANSITION_UNCLASSIFIED|LF=LOOK_FOR_transition_chop_near_vwap,TRANSITION_PERSISTENCE,transition_persistence,LONG,1926.43,1926.43,1919.33,1919.42,1919.432727272728,12.181812041960816,1943.7963513566492,1895.069103188806,NY_PM,UP,0.3859007832898206,TRANSITION_UNCLASSIFIED
XAUUSD.mg,2023-10-17 20:00:00,2023-10-17 20:00:00,ALLOW,STATE=TRANSITION|QL=TRANSITION_UNCLASSIFIED|LF=LOOK_FOR_transition_chop_near_vwap,TRANSITION_PERSISTENCE,transition_persistence,LONG,1919.42,1924.74,1918.75,1922.25,1919.6316666666671,12.168054731981403,1943.96777613063,1895.295557202704,NY_PM,UP,0.5336814621409911,TRANSITION_UNCLASSIFIED
XAUUSD.mg,2023-10-18 22:00:00,2023-10-18 22:00:00,ALLOW,STATE=TRANSITION|QL=TRANSITION_UNCLASSIFIED|LF=LOOK_FOR_transition_chop_near_vwap,TRANSITION_PERSISTENCE,transition_persistence,LONG,1950.12,1950.29,1946.98,1947.29,1948.1866666666665,12.450616446349766,1973.087899559366,1923.285433773967,NY_PM,UP,0.6203562340966898,TRANSITION_UNCLASSIFIED
XAUUSD.mg,2023-10-19 00:00:00,2023-10-19 00:00:00,ALLOW,STATE=TRANSITION|QL=TRANSITION_UNCLASSIFIED|LF=LOOK_FOR_transition_chop_near_vwap,TRANSITION_PERSISTENCE,transition_persistence,LONG,1947.36,1951.3,1946.95,1950.44,1948.875,12.287444268759293,1973.4498885375183,1924.3001114624813,ASIA,UP,0.6969618949536577,TRANSITION_UNCLASSIFIED
XAUUSD.mg,2023-10-23 14:00:00,2023-10-23 14:00:00,ALLOW,STATE=TRANSITION|QL=TRANSITION_UNCLASSIFIED|LF=LOOK_FOR_transition_chop_near_vwap,TRANSITION_PERSISTENCE,transition_persistence,LONG,1978.98,1981.58,1969.74,1974.35,1972.975416666667,6.518534027146357,1986.0124847209595,1959.938348612374,NY,UP,0.3162861491628584,TRANSITION_UNCLASSIFIED
XAUUSD.mg,2023-10-23 18:00:00,2023-10-23 18:00:00,ALLOW,STATE=TRANSITION|QL=TRANSITION_UNCLASSIFIED|LF=LOOK_FOR_transition_chop_near_vwap,TRANSITION_PERSISTENCE,transition_persistence,LONG,1974.96,1978.97,1971.97,1975.78,1973.164,6.52805952483256,1986.220119049665,1960.107880950335,NY_PM,UP,0.6399566865186745,TRANSITION_UNCLASSIFIED
XAUUSD.mg,2023-10-26 12:00:00,2023-10-26 12:00:00,ALLOW,STATE=TRANSITION|QL=TRANSITION_UNCLASSIFIED|LF=LOOK_FOR_transition_chop_near_vwap,TRANSITION_PERSISTENCE,transition_persistence,LONG,1990.27,1990.78,1982.14,1984.23,1983.503333333333,4.46534191576699,1992.434017164867,1974.572649501799,LONDON,UP,0.7087730870712419,TRANSITION_UNCLASSIFIED
XAUUSD.mg,2023-10-31 16:00:00,2023-10-31 16:00:00,ALLOW,STATE=TRANSITION|QL=TRANSITION_UNCLASSIFIED|LF=LOOK_FOR_transition_chop_near_vwap,TRANSITION_PERSISTENCE,transition_persistence,LONG,2002.21,2007.51,1992.06,1993.82,1995.5103333333336,4.994509687662743,2005.4993527086592,1985.521313958008,NY,UP,0.2082128397917823,TRANSITION_UNCLASSIFIED
XAUUSD.mg,2023-11-01 20:00:00,2023-11-01 20:00:00,ALLOW,STATE=TRANSITION|QL=TRANSITION_UNCLASSIFIED|LF=LOOK_FOR_transition_chop_near_vwap,TRANSITION_PERSISTENCE,transition_persistence,LONG,1977.56,1981.88,1969.48,1978.18,1981.2711111111116,4.916764360415439,1991.1046398319424,1971.4375823902808,NY_PM,UP,0.3849557522123929,TRANSITION_UNCLASSIFIED
XAUUSD.mg,2023-11-07 22:00:00,2023-11-07 22:00:00,ALLOW,STATE=TRANSITION|QL=TRANSITION_UNCLASSIFIED|LF=LOOK_FOR_transition_chop_near_vwap,TRANSITION_PERSISTENCE,transition_persistence,LONG,1967.04,1969.46,1966.57,1968.46,1968.1633333333327,4.248630741377622,1976.6605948160884,1959.666071850578,NY_PM,UP,0.5619223659889107,TRANSITION_UNCLASSIFIED
XAUUSD.mg,2023-11-08 00:00:00,2023-11-08 00:00:00,ALLOW,STATE=TRANSITION|QL=TRANSITION_UNCLASSIFIED|LF=LOOK_FOR_transition_chop_near_vwap,TRANSITION_PERSISTENCE,transition_persistence,LONG,1968.7,1969.0,1967.85,1968.58,1968.1833333333327,4.240105545599949,1976.663544424533,1959.7031222421333,ASIA,UP,0.6031434184675784,TRANSITION_UNCLASSIFIED
XAUUSD.mg,2023-11-08 02:00:00,2023-11-08 02:00:00,ALLOW,STATE=TRANSITION|QL=TRANSITION_UNCLASSIFIED|LF=LOOK_FOR_transition_chop_near_vwap,TRANSITION_PERSISTENCE,transition_persistence,LONG,1968.56,1969.64,1967.11,1968.27,1968.1755555555555,4.225564788306511,1976.6266851321689,1959.7244259789425,ASIA,UP,0.6144763860369619,TRANSITION_UNCLASSIFIED
XAUUSD.mg,2023-11-08 04:00:00,2023-11-08 04:00:00,ALLOW,STATE=TRANSITION|QL=TRANSITION_UNCLASSIFIED|LF=LOOK_FOR_transition_chop_near_vwap,TRANSITION_PERSISTENCE,transition_persistence,LONG,1968.28,1970.63,1966.94,1967.42,1968.1833333333332,4.182181545736241,1976.547696424806,1959.8189702418608,ASIA,UP,0.633618233618242,TRANSITION_UNCLASSIFIED
XAUUSD.mg,2023-11-21 00:00:00,2023-11-21 00:00:00,ALLOW,STATE=TRANSITION|QL=TRANSITION_UNCLASSIFIED|LF=LOOK_FOR_transition_chop_near_vwap,TRANSITION_PERSISTENCE,transition_persistence,LONG,1977.59,1981.21,1977.41,1980.89,1978.5083333333328,5.798114327610256,1990.1045619885535,1966.9121046781129,ASIA,UP,0.8018246325392878,TRANSITION_UNCLASSIFIED
XAUUSD.mg,2023-11-21 10:00:00,2023-11-21 10:00:00,ALLOW,STATE=TRANSITION|QL=TRANSITION_UNCLASSIFIED|LF=LOOK_FOR_transition_chop_near_vwap,TRANSITION_PERSISTENCE,transition_persistence,LONG,1992.0,1993.89,1983.94,1984.99,1984.2938095238096,6.058747260475825,1996.4113040447608,1972.176315002858,LONDON,UP,0.6911866759194989,TRANSITION_UNCLASSIFIED
XAUUSD.mg,2023-12-07 16:00:00,2023-12-07 16:00:00,ALLOW,STATE=TRANSITION|QL=TRANSITION_UNCLASSIFIED|LF=LOOK_FOR_transition_chop_near_vwap,TRANSITION_PERSISTENCE,transition_persistence,LONG,2036.8,2037.09,2024.86,2028.95,2028.619,20.15832891304483,2068.93565782609,1988.3023421739103,NY,UP,0.3339622641509428,TRANSITION_UNCLASSIFIED
XAUUSD.mg,2023-12-07 18:00:00,2023-12-07 18:00:00,ALLOW,STATE=TRANSITION|QL=TRANSITION_UNCLASSIFIED|LF=LOOK_FOR_transition_chop_near_vwap,TRANSITION_PERSISTENCE,transition_persistence,LONG,2028.95,2030.91,2019.84,2028.46,2028.679090909091,20.167622773508064,2069.0143364561072,1988.343845362075,NY_PM,UP,0.4375634517766547,TRANSITION_UNCLASSIFIED
XAUUSD.mg,2023-12-12 06:00:00,2023-12-12 06:00:00,ALLOW,STATE=TRANSITION|QL=TRANSITION_UNCLASSIFIED|LF=LOOK_FOR_transition_chop_near_vwap,TRANSITION_PERSISTENCE,transition_persistence,LONG,1985.12,1987.52,1984.34,1987.15,1983.468,8.3397342230428,2000.1474684460857,1966.7885315539145,ASIA,UP,0.4728744939271272,TRANSITION_UNCLASSIFIED
XAUUSD.mg,2023-12-12 10:00:00,2023-12-12 10:00:00,ALLOW,STATE=TRANSITION|QL=TRANSITION_UNCLASSIFIED|LF=LOOK_FOR_transition_chop_near_vwap,TRANSITION_PERSISTENCE,transition_persistence,LONG,1987.62,1987.86,1982.33,1985.53,1983.9680952380952,8.31712786930257,2000.6023509767003,1967.33383949949,LONDON,UP,0.4815701292484445,TRANSITION_UNCLASSIFIED
XAUUSD.mg,2023-12-15 00:00:00,2023-12-15 00:00:00,ALLOW,STATE=TRANSITION|QL=TRANSITION_UNCLASSIFIED|LF=LOOK_FOR_transition_chop_near_vwap,TRANSITION_PERSISTENCE,transition_persistence,LONG,2035.91,2038.26,2035.13,2035.13,2035.06,7.960937625500232,2050.9818752510005,2019.138124749,ASIA,UP,0.3884501480750307,TRANSITION_UNCLASSIFIED
XAUUSD.mg,2023-12-15 08:00:00,2023-12-15 08:00:00,ALLOW,STATE=TRANSITION|QL=TRANSITION_UNCLASSIFIED|LF=LOOK_FOR_transition_chop_near_vwap,TRANSITION_PERSISTENCE,transition_persistence,LONG,2034.9,2038.72,2033.94,2037.51,2034.863888888889,7.891194656977465,2050.646278202844,2019.081499574934,LONDON,UP,0.505923000987167,TRANSITION_UNCLASSIFIED
XAUUSD.mg,2024-01-09 00:00:00,2024-01-09 00:00:00,ALLOW,STATE=TRANSITION|QL=TRANSITION_UNCLASSIFIED|LF=LOOK_FOR_transition_chop_near_vwap,TRANSITION_PERSISTENCE,transition_persistence,LONG,2027.82,2030.53,2027.61,2030.35,2028.263333333333,7.617820368787501,2043.4989740709084,2013.0276925957585,ASIA,UP,0.4676716917922898,TRANSITION_UNCLASSIFIED
XAUUSD.mg,2024-01-09 02:00:00,2024-01-09 02:00:00,ALLOW,STATE=TRANSITION|QL=TRANSITION_UNCLASSIFIED|LF=LOOK_FOR_transition_chop_near_vwap,TRANSITION_PERSISTENCE,transition_persistence,LONG,2030.36,2035.22,2030.33,2031.86,2029.16,7.652211920064387,2044.4644238401288,2013.8555761598711,ASIA,UP,0.5723270440251504,TRANSITION_UNCLASSIFIED
XAUUSD.mg,2024-01-18 06:00:00,2024-01-18 06:00:00,ALLOW,STATE=TRANSITION|QL=TRANSITION_UNCLASSIFIED|LF=LOOK_FOR_transition_chop_near_vwap,TRANSITION_PERSISTENCE,transition_persistence,LONG,2007.64,2009.03,2005.41,2008.85,2007.740666666667,8.548852570624529,2024.838371807916,1990.642961525418,ASIA,UP,0.2727941176470527,TRANSITION_UNCLASSIFIED
XAUUSD.mg,2024-01-23 12:00:00,2024-01-23 12:00:00,ALLOW,STATE=TRANSITION|QL=TRANSITION_UNCLASSIFIED|LF=LOOK_FOR_transition_chop_near_vwap,TRANSITION_PERSISTENCE,transition_persistence,LONG,2028.27,2028.27,2022.05,2023.54,2024.6320833333332,5.819991899315333,2036.272067131964,2012.992099534703,LONDON,UP,0.3457371643900099,TRANSITION_UNCLASSIFIED
XAUUSD.mg,2024-01-23 14:00:00,2024-01-23 14:00:00,ALLOW,STATE=TRANSITION|QL=TRANSITION_UNCLASSIFIED|LF=LOOK_FOR_transition_chop_near_vwap,TRANSITION_PERSISTENCE,transition_persistence,LONG,2023.55,2029.95,2022.85,2024.57,2024.8896296296296,5.80432753828996,2036.4982847062097,2013.2809745530496,NY,UP,0.3942534149787981,TRANSITION_UNCLASSIFIED
XAUUSD.mg,2024-01-29 12:00:00,2024-01-29 12:00:00,ALLOW,STATE=TRANSITION|QL=TRANSITION_UNCLASSIFIED|LF=LOOK_FOR_transition_chop_near_vwap,TRANSITION_PERSISTENCE,transition_persistence,LONG,2028.0,2028.17,2025.13,2027.77,2025.2019047619049,3.970794504601474,2033.143493771108,2017.260315752702,LONDON,UP,0.6824776785714268,TRANSITION_UNCLASSIFIED
XAUUSD.mg,2024-01-30 16:00:00,2024-01-30 16:00:00,ALLOW,STATE=TRANSITION|QL=TRANSITION_UNCLASSIFIED|LF=LOOK_FOR_transition_chop_near_vwap,TRANSITION_PERSISTENCE,transition_persistence,LONG,2037.37,2048.2,2028.69,2032.23,2032.727666666667,4.162242806343115,2041.052152279353,2024.4031810539807,NY,UP,0.3494908350305508,TRANSITION_UNCLASSIFIED
XAUUSD.mg,2024-02-02 00:00:00,2024-02-02 00:00:00,ALLOW,STATE=TRANSITION|QL=TRANSITION_UNCLASSIFIED|LF=LOOK_FOR_transition_chop_near_vwap,TRANSITION_PERSISTENCE,transition_persistence,LONG,2054.69,2055.9,2054.02,2054.45,2054.398333333333,4.331503488774205,2063.061340310882,2045.7353263557848,ASIA,UP,0.7016151884386452,TRANSITION_UNCLASSIFIED
XAUUSD.mg,2024-02-02 02:00:00,2024-02-02 02:00:00,ALLOW,STATE=TRANSITION|QL=TRANSITION_UNCLASSIFIED|LF=LOOK_FOR_transition_chop_near_vwap,TRANSITION_PERSISTENCE,transition_persistence,LONG,2054.45,2056.44,2052.55,2054.32,2054.411111111111,4.336744930629434,2063.08460097237,2045.7376212498525,ASIA,UP,0.6979314253329594,TRANSITION_UNCLASSIFIED
XAUUSD.mg,2024-02-02 04:00:00,2024-02-02 04:00:00,ALLOW,STATE=TRANSITION|QL=TRANSITION_UNCLASSIFIED|LF=LOOK_FOR_transition_chop_near_vwap,TRANSITION_PERSISTENCE,transition_persistence,LONG,2054.32,2054.99,2051.56,2054.21,2054.3258333333333,4.302694628660105,2062.9312225906533,2045.720444076013,ASIA,UP,0.6948143950127517,TRANSITION_UNCLASSIFIED
XAUUSD.mg,2024-02-02 06:00:00,2024-02-02 06:00:00,ALLOW,STATE=TRANSITION|QL=TRANSITION_UNCLASSIFIED|LF=LOOK_FOR_transition_chop_near_vwap,TRANSITION_PERSISTENCE,transition_persistence,LONG,2054.21,2056.14,2053.71,2055.14,2054.3366666666666,4.285331571639116,2062.9073298099447,2045.7660035233885,ASIA,UP,0.7211674695381084,TRANSITION_UNCLASSIFIED
XAUUSD.mg,2024-02-05 22:00:00,2024-02-05 22:00:00,ALLOW,STATE=TRANSITION|QL=TRANSITION_UNCLASSIFIED|LF=LOOK_FOR_transition_chop_near_vwap,TRANSITION_PERSISTENCE,transition_persistence,LONG,2025.54,2026.0,2023.65,2024.62,2024.756666666667,7.732424641544743,2040.2215159497564,2009.2918173835772,NY_PM,UP,0.3697478991596613,TRANSITION_UNCLASSIFIED
XAUUSD.mg,2024-02-06 02:00:00,2024-02-06 02:00:00,ALLOW,STATE=TRANSITION|QL=TRANSITION_UNCLASSIFIED|LF=LOOK_FOR_transition_chop_near_vwap,TRANSITION_PERSISTENCE,transition_persistence,LONG,2024.69,2028.23,2024.67,2026.79,2025.195555555556,7.724202015843022,2040.6439595872416,2009.7471515238697,ASIA,UP,0.5148722245496448,TRANSITION_UNCLASSIFIED
XAUUSD.mg,2024-02-06 04:00:00,2024-02-06 04:00:00,ALLOW,STATE=TRANSITION|QL=TRANSITION_UNCLASSIFIED|LF=LOOK_FOR_transition_chop_near_vwap,TRANSITION_PERSISTENCE,transition_persistence,LONG,2026.79,2026.98,2023.1,2023.53,2025.135,7.722255434946507,2040.579510869893,2009.690489130107,ASIA,UP,0.4883720930232541,TRANSITION_UNCLASSIFIED
XAUUSD.mg,2024-02-13 02:00:00,2024-02-13 02:00:00,ALLOW,STATE=TRANSITION|QL=TRANSITION_UNCLASSIFIED|LF=LOOK_FOR_transition_chop_near_vwap,TRANSITION_PERSISTENCE,transition_persistence,LONG,2018.52,2020.83,2017.92,2019.84,2019.322222222222,3.1255382883112377,2025.5732987988445,2013.0711456456,ASIA,UP,0.5329073482428032,TRANSITION_UNCLASSIFIED
XAUUSD.mg,2024-02-13 04:00:00,2024-02-13 04:00:00,ALLOW,STATE=TRANSITION|QL=TRANSITION_UNCLASSIFIED|LF=LOOK_FOR_transition_chop_near_vwap,TRANSITION_PERSISTENCE,transition_persistence,LONG,2019.9,2019.94,2016.5,2018.17,2019.1166666666663,3.1224799545770696,2025.3616265758208,2012.8717067575124,ASIA,UP,0.4261980830670948,TRANSITION_UNCLASSIFIED
XAUUSD.mg,2024-02-13 06:00:00,2024-02-13 06:00:00,ALLOW,STATE=TRANSITION|QL=TRANSITION_UNCLASSIFIED|LF=LOOK_FOR_transition_chop_near_vwap,TRANSITION_PERSISTENCE,transition_persistence,LONG,2018.17,2021.23,2018.0,2020.36,2019.166,3.1469940877716884,2025.4599881755432,2012.8720118244569,ASIA,UP,0.5661341853035047,TRANSITION_UNCLASSIFIED
XAUUSD.mg,2024-02-23 22:00:00,2024-02-23 22:00:00,ALLOW,STATE=TRANSITION|QL=TRANSITION_UNCLASSIFIED|LF=LOOK_FOR_transition_chop_near_vwap,TRANSITION_PERSISTENCE,transition_persistence,LONG,2037.02,2037.12,2034.77,2035.45,2035.78,4.051230936260968,2043.8824618725216,2027.677538127478,NY_PM,UP,0.7822134387351778,TRANSITION_UNCLASSIFIED
XAUUSD.mg,2024-02-26 00:00:00,2024-02-26 00:00:00,ALLOW,STATE=TRANSITION|QL=TRANSITION_UNCLASSIFIED|LF=LOOK_FOR_transition_chop_near_vwap,TRANSITION_PERSISTENCE,transition_persistence,LONG,2032.76,2034.59,2032.56,2033.64,2033.5966666666664,4.058281677389061,2041.7132300214448,2025.4801033118883,ASIA,UP,0.7106719367588953,TRANSITION_UNCLASSIFIED
XAUUSD.mg,2024-02-26 02:00:00,2024-02-26 02:00:00,ALLOW,STATE=TRANSITION|QL=TRANSITION_UNCLASSIFIED|LF=LOOK_FOR_transition_chop_near_vwap,TRANSITION_PERSISTENCE,transition_persistence,LONG,2033.64,2033.67,2029.55,2030.91,2032.64,4.088484523919091,2040.816969047838,2024.4630309521615,ASIA,UP,0.6027667984189734,TRANSITION_UNCLASSIFIED
XAUUSD.mg,2024-02-26 04:00:00,2024-02-26 04:00:00,ALLOW,STATE=TRANSITION|QL=TRANSITION_UNCLASSIFIED|LF=LOOK_FOR_transition_chop_near_vwap,TRANSITION_PERSISTENCE,transition_persistence,LONG,2030.91,2032.16,2030.22,2032.13,2032.4566666666667,4.088039411882949,2040.6327454904329,2024.2805878429008,ASIA,UP,0.6509881422924924,TRANSITION_UNCLASSIFIED
XAUUSD.mg,2024-02-28 16:00:00,2024-02-28 16:00:00,ALLOW,STATE=TRANSITION|QL=TRANSITION_UNCLASSIFIED|LF=LOOK_FOR_transition_chop_near_vwap,TRANSITION_PERSISTENCE,transition_persistence,LONG,2035.46,2037.51,2030.1,2031.43,2030.0063333333333,3.763328309001363,2037.5329899513365,2022.4796767153307,NY,UP,0.5462686567164264,TRANSITION_UNCLASSIFIED
XAUUSD.mg,2024-02-28 20:00:00,2024-02-28 20:00:00,ALLOW,STATE=TRANSITION|QL=TRANSITION_UNCLASSIFIED|LF=LOOK_FOR_transition_chop_near_vwap,TRANSITION_PERSISTENCE,transition_persistence,LONG,2033.42,2034.46,2030.46,2031.81,2030.240277777778,3.7229756876988502,2037.686229153176,2022.79432640238,NY_PM,UP,0.5746268656716412,TRANSITION_UNCLASSIFIED
XAUUSD.mg,2024-02-28 22:00:00,2024-02-28 22:00:00,ALLOW,STATE=TRANSITION|QL=TRANSITION_UNCLASSIFIED|LF=LOOK_FOR_transition_chop_near_vwap,TRANSITION_PERSISTENCE,transition_persistence,LONG,2031.81,2034.92,2031.73,2034.05,2033.5666666666664,3.658995885657745,2040.884658437982,2026.248674895351,NY_PM,UP,0.7417910447761185,TRANSITION_UNCLASSIFIED
XAUUSD.mg,2024-02-29 00:00:00,2024-02-29 00:00:00,ALLOW,STATE=TRANSITION|QL=TRANSITION_UNCLASSIFIED|LF=LOOK_FOR_transition_chop_near_vwap,TRANSITION_PERSISTENCE,transition_persistence,LONG,2034.6,2035.23,2034.25,2034.28,2033.6566666666668,3.5963021698283826,2040.8492710063235,2026.46406232701,ASIA,UP,0.7589552238805973,TRANSITION_UNCLASSIFIED
XAUUSD.mg,2024-02-29 02:00:00,2024-02-29 02:00:00,ALLOW,STATE=TRANSITION|QL=TRANSITION_UNCLASSIFIED|LF=LOOK_FOR_transition_chop_near_vwap,TRANSITION_PERSISTENCE,transition_persistence,LONG,2034.32,2036.17,2033.57,2036.08,2033.9911111111112,3.601315186906982,2041.193741484925,2026.7884807372973,ASIA,UP,0.8932835820895482,TRANSITION_UNCLASSIFIED
XAUUSD.mg,2024-02-29 22:00:00,2024-02-29 22:00:00,ALLOW,STATE=TRANSITION|QL=TRANSITION_UNCLASSIFIED|LF=LOOK_FOR_transition_chop_near_vwap,TRANSITION_PERSISTENCE,transition_persistence,LONG,2044.06,2045.09,2042.48,2043.79,2043.7866666666664,3.934378171358013,2051.6554230093825,2035.9179103239503,NY_PM,UP,0.7101193106495811,TRANSITION_UNCLASSIFIED
XAUUSD.mg,2024-03-18 14:00:00,2024-03-18 14:00:00,ALLOW,STATE=TRANSITION|QL=TRANSITION_UNCLASSIFIED|LF=LOOK_FOR_transition_chop_near_vwap,TRANSITION_PERSISTENCE,transition_persistence,LONG,2160.66,2163.19,2155.16,2156.39,2152.7775,7.274427542223186,2167.3263550844463,2138.228644915553,NY,UP,0.518932038834945,TRANSITION_UNCLASSIFIED
XAUUSD.mg,2024-03-25 04:00:00,2024-03-25 04:00:00,ALLOW,STATE=TRANSITION|QL=TRANSITION_UNCLASSIFIED|LF=LOOK_FOR_transition_chop_near_vwap,TRANSITION_PERSISTENCE,transition_persistence,LONG,2174.82,2177.92,2169.71,2170.2,2169.7922222222223,7.850827392858717,2185.49387700794,2154.090567436505,ASIA,UP,0.5853976531942607,TRANSITION_UNCLASSIFIED
XAUUSD.mg,2024-03-25 06:00:00,2024-03-25 06:00:00,ALLOW,STATE=TRANSITION|QL=TRANSITION_UNCLASSIFIED|LF=LOOK_FOR_transition_chop_near_vwap,TRANSITION_PERSISTENCE,transition_persistence,LONG,2170.2,2171.28,2167.41,2169.44,2169.9275,7.849475898616513,2185.626451797233,2154.228548202768,ASIA,UP,0.5523685354193901,TRANSITION_UNCLASSIFIED
XAUUSD.mg,2024-03-25 08:00:00,2024-03-25 08:00:00,ALLOW,STATE=TRANSITION|QL=TRANSITION_UNCLASSIFIED|LF=LOOK_FOR_transition_chop_near_vwap,TRANSITION_PERSISTENCE,transition_persistence,LONG,2169.44,2170.22,2163.18,2165.51,2169.7160000000003,7.8431571954268575,2185.402314390854,2154.029685609147,LONDON,UP,0.3815732290308687,TRANSITION_UNCLASSIFIED
XAUUSD.mg,2024-03-26 16:00:00,2024-03-26 16:00:00,ALLOW,STATE=TRANSITION|QL=TRANSITION_UNCLASSIFIED|LF=LOOK_FOR_transition_chop_near_vwap,TRANSITION_PERSISTENCE,transition_persistence,LONG,2182.73,2185.91,2171.32,2173.93,2176.1776666666665,9.041444963477646,2194.260556593622,2158.094776739711,NY,UP,0.2060363412380659,TRANSITION_UNCLASSIFIED
XAUUSD.mg,2024-04-01 00:00:00,2024-04-01 00:00:00,ALLOW,STATE=TRANSITION|QL=TRANSITION_UNCLASSIFIED|LF=LOOK_FOR_transition_chop_near_vwap,TRANSITION_PERSISTENCE,transition_persistence,LONG,2240.25,2247.0,2234.71,2245.6,2242.4366666666665,7.039000312626784,2256.51466729192,2228.358666041413,ASIA,UP,0.976670554907514,TRANSITION_UNCLASSIFIED
XAUUSD.mg,2024-04-08 00:00:00,2024-04-08 00:00:00,ALLOW,STATE=TRANSITION|QL=TRANSITION_UNCLASSIFIED|LF=LOOK_FOR_transition_chop_near_vwap,TRANSITION_PERSISTENCE,transition_persistence,LONG,2322.36,2328.09,2303.72,2310.88,2314.23,11.411472151916428,2337.052944303833,2291.407055696167,ASIA,UP,0.6942492012779569,TRANSITION_UNCLASSIFIED
XAUUSD.mg,2024-04-08 14:00:00,2024-04-08 14:00:00,ALLOW,STATE=TRANSITION|QL=TRANSITION_UNCLASSIFIED|LF=LOOK_FOR_transition_chop_near_vwap,TRANSITION_PERSISTENCE,transition_persistence,LONG,2337.0,2337.58,2322.4,2327.1,2327.199583333333,11.854895266654871,2350.909373866643,2303.489792800023,NY,UP,0.5430144528561598,TRANSITION_UNCLASSIFIED
XAUUSD.mg,2024-04-16 00:00:00,2024-04-16 00:00:00,ALLOW,STATE=TRANSITION|QL=TRANSITION_UNCLASSIFIED|LF=LOOK_FOR_transition_chop_near_vwap,TRANSITION_PERSISTENCE,transition_persistence,LONG,2380.56,2391.75,2380.56,2381.58,2383.616666666667,12.558374993156416,2408.7334166529795,2358.499916680354,ASIA,UP,0.8501767825574535,TRANSITION_UNCLASSIFIED
XAUUSD.mg,2024-04-19 04:00:00,2024-04-19 04:00:00,ALLOW,STATE=TRANSITION|QL=TRANSITION_UNCLASSIFIED|LF=LOOK_FOR_transition_chop_near_vwap,TRANSITION_PERSISTENCE,transition_persistence,LONG,2409.06,2414.41,2382.59,2390.99,2387.836666666667,9.035966303699109,2405.908599274065,2369.764734059269,ASIA,UP,0.4504878555117248,TRANSITION_UNCLASSIFIED
XAUUSD.mg,2024-04-19 08:00:00,2024-04-19 08:00:00,ALLOW,STATE=TRANSITION|QL=TRANSITION_UNCLASSIFIED|LF=LOOK_FOR_transition_chop_near_vwap,TRANSITION_PERSISTENCE,transition_persistence,LONG,2380.99,2393.49,2378.35,2384.99,2388.985,9.116031763871645,2407.2170635277434,2370.752936472257,LONDON,UP,0.3259290014531824,TRANSITION_UNCLASSIFIED
XAUUSD.mg,2024-04-19 16:00:00,2024-04-19 16:00:00,ALLOW,STATE=TRANSITION|QL=TRANSITION_UNCLASSIFIED|LF=LOOK_FOR_transition_chop_near_vwap,TRANSITION_PERSISTENCE,transition_persistence,LONG,2378.33,2395.68,2378.33,2394.49,2389.749,9.43274674552761,2408.614493491055,2370.8835065089447,NY,UP,0.4886464826357921,TRANSITION_UNCLASSIFIED
XAUUSD.mg,2024-04-19 18:00:00,2024-04-19 18:00:00,ALLOW,STATE=TRANSITION|QL=TRANSITION_UNCLASSIFIED|LF=LOOK_FOR_transition_chop_near_vwap,TRANSITION_PERSISTENCE,transition_persistence,LONG,2394.47,2401.56,2389.45,2393.28,2390.174242424242,9.2977580833875,2408.769758591017,2371.578726257467,NY_PM,UP,0.461709706144261,TRANSITION_UNCLASSIFIED
XAUUSD.mg,2024-04-26 16:00:00,2024-04-26 16:00:00,ALLOW,STATE=TRANSITION|QL=TRANSITION_UNCLASSIFIED|LF=LOOK_FOR_transition_chop_near_vwap,TRANSITION_PERSISTENCE,transition_persistence,LONG,2341.15,2344.86,2328.36,2336.31,2335.978333333333,12.688926779071153,2361.356186891476,2310.600479775191,NY,UP,0.4609375000000047,TRANSITION_UNCLASSIFIED
XAUUSD.mg,2024-04-26 18:00:00,2024-04-26 18:00:00,ALLOW,STATE=TRANSITION|QL=TRANSITION_UNCLASSIFIED|LF=LOOK_FOR_transition_chop_near_vwap,TRANSITION_PERSISTENCE,transition_persistence,LONG,2336.36,2339.96,2332.34,2338.12,2336.230606060606,11.966081642840296,2360.1627693462865,2312.2984427749257,NY_PM,UP,0.463768115942027,TRANSITION_UNCLASSIFIED
XAUUSD.mg,2024-05-03 04:00:00,2024-05-03 04:00:00,ALLOW,STATE=TRANSITION|QL=TRANSITION_UNCLASSIFIED|LF=LOOK_FOR_transition_chop_near_vwap,TRANSITION_PERSISTENCE,transition_persistence,LONG,2302.2,2302.65,2299.57,2302.07,2302.6966666666667,11.014585802801156,2324.725838272269,2280.6674950610645,ASIA,UP,0.4776371308016919,TRANSITION_UNCLASSIFIED
XAUUSD.mg,2024-05-08 14:00:00,2024-05-08 14:00:00,ALLOW,STATE=TRANSITION|QL=TRANSITION_UNCLASSIFIED|LF=LOOK_FOR_transition_chop_near_vwap,TRANSITION_PERSISTENCE,transition_persistence,LONG,2314.31,2318.59,2306.51,2309.71,2312.605555555556,8.716720567751732,2330.0389966910598,2295.1721144200524,NY,UP,0.3407999999999932,TRANSITION_UNCLASSIFIED
XAUUSD.mg,2024-05-14 08:00:00,2024-05-14 08:00:00,ALLOW,STATE=TRANSITION|QL=TRANSITION_UNCLASSIFIED|LF=LOOK_FOR_transition_chop_near_vwap,TRANSITION_PERSISTENCE,transition_persistence,LONG,2344.43,2344.94,2335.72,2338.75,2338.995555555556,9.64919743967616,2358.293950434908,2319.697160676204,LONDON,UP,0.3781232648528614,TRANSITION_UNCLASSIFIED
XAUUSD.mg,2024-05-15 06:00:00,2024-05-15 06:00:00,ALLOW,STATE=TRANSITION|QL=TRANSITION_UNCLASSIFIED|LF=LOOK_FOR_transition_chop_near_vwap,TRANSITION_PERSISTENCE,transition_persistence,LONG,2360.0,2360.48,2355.37,2358.16,2357.1766666666667,9.788014196231371,2376.7526950591296,2337.600638274204,ASIA,UP,0.901929260450159,TRANSITION_UNCLASSIFIED
XAUUSD.mg,2024-05-15 14:00:00,2024-05-15 14:00:00,ALLOW,STATE=TRANSITION|QL=TRANSITION_UNCLASSIFIED|LF=LOOK_FOR_transition_chop_near_vwap,TRANSITION_PERSISTENCE,transition_persistence,LONG,2362.34,2378.5,2351.5,2357.73,2359.7974074074077,9.783103723384407,2379.363614854176,2340.2311999606386,NY,UP,0.3611196554906231,TRANSITION_UNCLASSIFIED
XAUUSD.mg,2024-05-20 00:00:00,2024-05-20 00:00:00,ALLOW,STATE=TRANSITION|QL=TRANSITION_UNCLASSIFIED|LF=LOOK_FOR_transition_chop_near_vwap,TRANSITION_PERSISTENCE,transition_persistence,LONG,2419.29,2425.0,2416.5,2419.96,2420.4866666666667,9.607533892668858,2439.7017344520045,2401.271598881329,ASIA,UP,0.9019264448336256,TRANSITION_UNCLASSIFIED
XAUUSD.mg,2024-05-24 08:00:00,2024-05-24 08:00:00,ALLOW,STATE=TRANSITION|QL=TRANSITION_UNCLASSIFIED|LF=LOOK_FOR_transition_chop_near_vwap,TRANSITION_PERSISTENCE,transition_persistence,LONG,2338.17,2340.21,2334.85,2337.34,2331.574444444444,11.375228843226036,2354.324902130896,2308.823986757992,LONDON,UP,0.2765142985814059,TRANSITION_UNCLASSIFIED
XAUUSD.mg,2024-05-30 22:00:00,2024-05-30 22:00:00,ALLOW,STATE=TRANSITION|QL=TRANSITION_UNCLASSIFIED|LF=LOOK_FOR_transition_chop_near_vwap,TRANSITION_PERSISTENCE,transition_persistence,LONG,2341.12,2343.28,2341.12,2342.7,2342.3666666666663,7.139986110830246,2356.646638888327,2328.086694445006,NY_PM,UP,0.7019822282980113,TRANSITION_UNCLASSIFIED
XAUUSD.mg,2024-06-03 12:00:00,2024-06-03 12:00:00,ALLOW,STATE=TRANSITION|QL=TRANSITION_UNCLASSIFIED|LF=LOOK_FOR_transition_chop_near_vwap,TRANSITION_PERSISTENCE,transition_persistence,LONG,2327.37,2332.92,2325.87,2329.61,2324.7214285714285,7.026259254555535,2338.7739470805395,2310.668910062317,LONDON,UP,0.3393373360017819,TRANSITION_UNCLASSIFIED
XAUUSD.mg,2024-06-07 06:00:00,2024-06-07 06:00:00,ALLOW,STATE=TRANSITION|QL=TRANSITION_UNCLASSIFIED|LF=LOOK_FOR_transition_chop_near_vwap,TRANSITION_PERSISTENCE,transition_persistence,LONG,2379.74,2387.32,2374.63,2375.53,2375.4466666666667,9.600781157784356,2394.648228982236,2356.245104351098,ASIA,UP,0.6546572934973681,TRANSITION_UNCLASSIFIED
XAUUSD.mg,2024-06-07 08:00:00,2024-06-07 08:00:00,ALLOW,STATE=TRANSITION|QL=TRANSITION_UNCLASSIFIED|LF=LOOK_FOR_transition_chop_near_vwap,TRANSITION_PERSISTENCE,transition_persistence,LONG,2375.53,2378.96,2372.48,2373.19,2375.625555555556,9.569159175118171,2394.763873905792,2356.48723720532,LONDON,UP,0.5861159929701238,TRANSITION_UNCLASSIFIED
XAUUSD.mg,2024-06-11 16:00:00,2024-06-11 16:00:00,ALLOW,STATE=TRANSITION|QL=TRANSITION_UNCLASSIFIED|LF=LOOK_FOR_transition_chop_near_vwap,TRANSITION_PERSISTENCE,transition_persistence,LONG,2314.23,2317.38,2309.62,2309.77,2306.633333333333,19.62833663837556,2345.890006610084,2267.3766600565823,NY,UP,0.5603253502033452,TRANSITION_UNCLASSIFIED
XAUUSD.mg,2024-06-11 22:00:00,2024-06-11 22:00:00,ALLOW,STATE=TRANSITION|QL=TRANSITION_UNCLASSIFIED|LF=LOOK_FOR_transition_chop_near_vwap,TRANSITION_PERSISTENCE,transition_persistence,LONG,2314.98,2316.56,2314.42,2316.42,2315.8,19.049045300770604,2353.898090601541,2277.7019093984586,NY_PM,UP,0.8608224130140121,TRANSITION_UNCLASSIFIED
XAUUSD.mg,2024-06-12 04:00:00,2024-06-12 04:00:00,ALLOW,STATE=TRANSITION|QL=TRANSITION_UNCLASSIFIED|LF=LOOK_FOR_transition_chop_near_vwap,TRANSITION_PERSISTENCE,transition_persistence,LONG,2314.05,2316.36,2310.4,2313.57,2314.6583333333333,18.78516280224208,2352.2286589378173,2277.0880077288493,ASIA,UP,0.7320379575237321,TRANSITION_UNCLASSIFIED
XAUUSD.mg,2024-06-14 04:00:00,2024-06-14 04:00:00,ALLOW,STATE=TRANSITION|QL=TRANSITION_UNCLASSIFIED|LF=LOOK_FOR_transition_chop_near_vwap,TRANSITION_PERSISTENCE,transition_persistence,LONG,2305.65,2308.26,2303.83,2305.13,2303.7858333333334,7.149745232302784,2318.085323797939,2289.486342868728,ASIA,UP,0.318752010292707,TRANSITION_UNCLASSIFIED
XAUUSD.mg,2024-06-17 20:00:00,2024-06-17 20:00:00,ALLOW,STATE=TRANSITION|QL=TRANSITION_UNCLASSIFIED|LF=LOOK_FOR_transition_chop_near_vwap,TRANSITION_PERSISTENCE,transition_persistence,LONG,2316.4,2320.23,2315.84,2319.86,2322.870606060606,9.455311947562924,2341.781229955732,2303.95998216548,NY_PM,UP,0.4442022667829132,TRANSITION_UNCLASSIFIED
XAUUSD.mg,2024-06-18 00:00:00,2024-06-18 00:00:00,ALLOW,STATE=TRANSITION|QL=TRANSITION_UNCLASSIFIED|LF=LOOK_FOR_transition_chop_near_vwap,TRANSITION_PERSISTENCE,transition_persistence,LONG,2319.8,2321.12,2318.83,2320.37,2319.4666666666667,9.381222111677223,2338.2291108900213,2300.704222443312,ASIA,UP,0.5655391120507282,TRANSITION_UNCLASSIFIED
XAUUSD.mg,2024-06-18 04:00:00,2024-06-18 04:00:00,ALLOW,STATE=TRANSITION|QL=TRANSITION_UNCLASSIFIED|LF=LOOK_FOR_transition_chop_near_vwap,TRANSITION_PERSISTENCE,transition_persistence,LONG,2322.14,2325.28,2321.23,2324.09,2320.806666666667,9.387146680227406,2339.580960027122,2302.032373306212,ASIA,UP,0.8216524216524386,TRANSITION_UNCLASSIFIED
XAUUSD.mg,2024-06-18 06:00:00,2024-06-18 06:00:00,ALLOW,STATE=TRANSITION|QL=TRANSITION_UNCLASSIFIED|LF=LOOK_FOR_transition_chop_near_vwap,TRANSITION_PERSISTENCE,transition_persistence,LONG,2324.08,2324.43,2319.07,2321.81,2320.990666666667,9.38387178269635,2339.75841023206,2302.2229231012743,ASIA,UP,0.6917378917378952,TRANSITION_UNCLASSIFIED
XAUUSD.mg,2024-06-20 04:00:00,2024-06-20 04:00:00,ALLOW,STATE=TRANSITION|QL=TRANSITION_UNCLASSIFIED|LF=LOOK_FOR_transition_chop_near_vwap,TRANSITION_PERSISTENCE,transition_persistence,LONG,2335.96,2336.95,2332.05,2333.56,2332.1277777777777,7.783088352694189,2347.693954483166,2316.5616010723893,ASIA,UP,0.6671043992120711,TRANSITION_UNCLASSIFIED
XAUUSD.mg,2024-06-20 10:00:00,2024-06-20 10:00:00,ALLOW,STATE=TRANSITION|QL=TRANSITION_UNCLASSIFIED|LF=LOOK_FOR_transition_chop_near_vwap,TRANSITION_PERSISTENCE,transition_persistence,LONG,2338.21,2338.28,2331.26,2334.23,2334.3761111111107,7.811106335591201,2349.998323782293,2318.7538984399284,LONDON,UP,0.4949725776965207,TRANSITION_UNCLASSIFIED
XAUUSD.mg,2024-06-24 10:00:00,2024-06-24 10:00:00,ALLOW,STATE=TRANSITION|QL=TRANSITION_UNCLASSIFIED|LF=LOOK_FOR_transition_chop_near_vwap,TRANSITION_PERSISTENCE,transition_persistence,LONG,2330.44,2332.42,2320.5,2324.71,2323.2533333333336,10.54636768476467,2344.346068702863,2302.1605979638043,LONDON,UP,0.1603156274056952,TRANSITION_UNCLASSIFIED
XAUUSD.mg,2024-06-28 16:00:00,2024-06-28 16:00:00,ALLOW,STATE=TRANSITION|QL=TRANSITION_UNCLASSIFIED|LF=LOOK_FOR_transition_chop_near_vwap,TRANSITION_PERSISTENCE,transition_persistence,LONG,2330.05,2333.33,2322.54,2328.17,2326.2073333333333,8.71985691763606,2343.647047168605,2308.7676194980613,NY,UP,0.4563434635793549,TRANSITION_UNCLASSIFIED
XAUUSD.mg,2024-07-04 08:00:00,2024-07-04 08:00:00,ALLOW,STATE=TRANSITION|QL=TRANSITION_UNCLASSIFIED|LF=LOOK_FOR_transition_chop_near_vwap,TRANSITION_PERSISTENCE,transition_persistence,LONG,2356.49,2357.35,2350.1,2357.17,2357.218888888889,6.76564018341852,2370.750169255726,2343.687608522052,LONDON,UP,0.6760192897851868,TRANSITION_UNCLASSIFIED
XAUUSD.mg,2024-07-10 18:00:00,2024-07-10 18:00:00,ALLOW,STATE=TRANSITION|QL=TRANSITION_UNCLASSIFIED|LF=LOOK_FOR_transition_chop_near_vwap,TRANSITION_PERSISTENCE,transition_persistence,LONG,2378.54,2380.96,2370.06,2372.63,2369.815454545455,9.37772113307721,2388.570896811609,2351.0600122793007,NY_PM,UP,0.4671104150352509,TRANSITION_UNCLASSIFIED
XAUUSD.mg,2024-07-15 22:00:00,2024-07-15 22:00:00,ALLOW,STATE=TRANSITION|QL=TRANSITION_UNCLASSIFIED|LF=LOOK_FOR_transition_chop_near_vwap,TRANSITION_PERSISTENCE,transition_persistence,LONG,2420.75,2422.03,2420.3,2421.86,2421.396666666667,9.510675175026254,2440.41801701672,2402.3753163166143,NY_PM,UP,0.5450039133837756,TRANSITION_UNCLASSIFIED
XAUUSD.mg,2024-07-16 00:00:00,2024-07-16 00:00:00,ALLOW,STATE=TRANSITION|QL=TRANSITION_UNCLASSIFIED|LF=LOOK_FOR_transition_chop_near_vwap,TRANSITION_PERSISTENCE,transition_persistence,LONG,2421.4,2422.34,2420.57,2422.18,2421.501666666667,9.516800629304694,2440.5352679252765,2402.4680654080576,ASIA,UP,0.5533524654317721,TRANSITION_UNCLASSIFIED
XAUUSD.mg,2024-07-18 06:00:00,2024-07-18 06:00:00,ALLOW,STATE=TRANSITION|QL=TRANSITION_UNCLASSIFIED|LF=LOOK_FOR_transition_chop_near_vwap,TRANSITION_PERSISTENCE,transition_persistence,LONG,2467.66,2469.58,2464.6,2466.58,2461.5,10.209177109966024,2481.918354219932,2441.081645780068,ASIA,UP,0.4800498753117178,TRANSITION_UNCLASSIFIED
XAUUSD.mg,2024-07-23 02:00:00,2024-07-23 02:00:00,ALLOW,STATE=TRANSITION|QL=TRANSITION_UNCLASSIFIED|LF=LOOK_FOR_transition_chop_near_vwap,TRANSITION_PERSISTENCE,transition_persistence,LONG,2395.41,2403.6,2395.18,2400.74,2397.582222222222,9.790283804894374,2417.1627898320107,2378.001654612433,ASIA,UP,0.6723935962514531,TRANSITION_UNCLASSIFIED
XAUUSD.mg,2024-07-26 22:00:00,2024-07-26 22:00:00,ALLOW,STATE=TRANSITION|QL=TRANSITION_UNCLASSIFIED|LF=LOOK_FOR_transition_chop_near_vwap,TRANSITION_PERSISTENCE,transition_persistence,LONG,2386.01,2388.35,2385.09,2387.87,2387.103333333333,10.201839718718006,2407.507012770769,2366.6996538958974,NY_PM,UP,0.928346231011751,TRANSITION_UNCLASSIFIED
XAUUSD.mg,2024-07-29 00:00:00,2024-07-29 00:00:00,ALLOW,STATE=TRANSITION|QL=TRANSITION_UNCLASSIFIED|LF=LOOK_FOR_transition_chop_near_vwap,TRANSITION_PERSISTENCE,transition_persistence,LONG,2387.53,2402.87,2387.42,2396.71,2395.6666666666665,10.190805862072244,2416.048278390811,2375.285054942522,ASIA,UP,0.8700147710487471,TRANSITION_UNCLASSIFIED
XAUUSD.mg,2024-07-29 10:00:00,2024-07-29 10:00:00,ALLOW,STATE=TRANSITION|QL=TRANSITION_UNCLASSIFIED|LF=LOOK_FOR_transition_chop_near_vwap,TRANSITION_PERSISTENCE,transition_persistence,LONG,2391.17,2393.09,2386.57,2392.4,2394.46,10.179229773928848,2414.8184595478574,2374.1015404521418,LONDON,UP,0.6823422330097152,TRANSITION_UNCLASSIFIED
XAUUSD.mg,2024-08-01 16:00:00,2024-08-01 16:00:00,ALLOW,STATE=TRANSITION|QL=TRANSITION_UNCLASSIFIED|LF=LOOK_FOR_transition_chop_near_vwap,TRANSITION_PERSISTENCE,transition_persistence,LONG,2456.36,2461.88,2441.78,2444.71,2445.8679999999995,9.206809738382429,2464.2816194767643,2427.4543805232347,NY,UP,0.5784434078075112,TRANSITION_UNCLASSIFIED
XAUUSD.mg,2024-08-15 04:00:00,2024-08-15 04:00:00,ALLOW,STATE=TRANSITION|QL=TRANSITION_UNCLASSIFIED|LF=LOOK_FOR_transition_chop_near_vwap,TRANSITION_PERSISTENCE,transition_persistence,LONG,2450.34,2453.99,2449.46,2453.28,2449.164166666667,10.048639210127302,2469.2614450869214,2429.0668882464124,ASIA,UP,0.3719205931595361,TRANSITION_UNCLASSIFIED
XAUUSD.mg,2024-08-20 16:00:00,2024-08-20 16:00:00,ALLOW,STATE=TRANSITION|QL=TRANSITION_UNCLASSIFIED|LF=LOOK_FOR_transition_chop_near_vwap,TRANSITION_PERSISTENCE,transition_persistence,LONG,2529.58,2529.83,2505.49,2508.12,2508.6116666666667,12.385961375748826,2533.3835894181643,2483.839743915169,NY,UP,0.325466200466201,TRANSITION_UNCLASSIFIED
XAUUSD.mg,2024-08-20 18:00:00,2024-08-20 18:00:00,ALLOW,STATE=TRANSITION|QL=TRANSITION_UNCLASSIFIED|LF=LOOK_FOR_transition_chop_near_vwap,TRANSITION_PERSISTENCE,transition_persistence,LONG,2508.12,2512.77,2500.52,2510.17,2508.992121212121,12.27469051358164,2533.5415022392845,2484.442740184958,NY_PM,UP,0.3851981351981408,TRANSITION_UNCLASSIFIED
XAUUSD.mg,2024-08-21 04:00:00,2024-08-21 04:00:00,ALLOW,STATE=TRANSITION|QL=TRANSITION_UNCLASSIFIED|LF=LOOK_FOR_transition_chop_near_vwap,TRANSITION_PERSISTENCE,transition_persistence,LONG,2516.44,2519.55,2512.72,2517.0,2514.6333333333337,10.77775190928717,2536.188837151908,2493.0778295147597,ASIA,UP,0.5842074592074618,TRANSITION_UNCLASSIFIED
XAUUSD.mg,2024-08-21 06:00:00,2024-08-21 06:00:00,ALLOW,STATE=TRANSITION|QL=TRANSITION_UNCLASSIFIED|LF=LOOK_FOR_transition_chop_near_vwap,TRANSITION_PERSISTENCE,transition_persistence,LONG,2517.01,2518.03,2513.48,2514.85,2514.703333333334,10.79050380755971,2536.284340948453,2493.1223257182146,ASIA,UP,0.5215617715617717,TRANSITION_UNCLASSIFIED
XAUUSD.mg,2024-08-26 16:00:00,2024-08-26 16:00:00,ALLOW,STATE=TRANSITION|QL=TRANSITION_UNCLASSIFIED|LF=LOOK_FOR_transition_chop_near_vwap,TRANSITION_PERSISTENCE,transition_persistence,LONG,2515.52,2518.56,2510.25,2515.47,2515.679259259259,9.259973924519086,2534.1992071082973,2497.159311410221,NY,UP,0.5604483586869492,TRANSITION_UNCLASSIFIED
XAUUSD.mg,2024-08-26 18:00:00,2024-08-26 18:00:00,ALLOW,STATE=TRANSITION|QL=TRANSITION_UNCLASSIFIED|LF=LOOK_FOR_transition_chop_near_vwap,TRANSITION_PERSISTENCE,transition_persistence,LONG,2515.46,2522.97,2513.23,2517.68,2515.8613333333333,8.761543255384769,2533.384419844103,2498.338246822564,NY_PM,UP,0.5362242199894209,TRANSITION_UNCLASSIFIED
XAUUSD.mg,2024-08-27 14:00:00,2024-08-27 14:00:00,ALLOW,STATE=TRANSITION|QL=TRANSITION_UNCLASSIFIED|LF=LOOK_FOR_transition_chop_near_vwap,TRANSITION_PERSISTENCE,transition_persistence,LONG,2511.06,2514.68,2503.19,2511.73,2512.3040740740744,8.787778054484995,2529.8796301830444,2494.7285179651044,NY,UP,0.4328960645812337,TRANSITION_UNCLASSIFIED
XAUUSD.mg,2024-08-27 16:00:00,2024-08-27 16:00:00,ALLOW,STATE=TRANSITION|QL=TRANSITION_UNCLASSIFIED|LF=LOOK_FOR_transition_chop_near_vwap,TRANSITION_PERSISTENCE,transition_persistence,LONG,2511.53,2519.88,2507.43,2511.75,2512.2330000000006,8.7849389739407,2529.802877947882,2494.6631220521194,NY,UP,0.4339051463168534,TRANSITION_UNCLASSIFIED
XAUUSD.mg,2024-08-29 14:00:00,2024-08-29 14:00:00,ALLOW,STATE=TRANSITION|QL=TRANSITION_UNCLASSIFIED|LF=LOOK_FOR_transition_chop_near_vwap,TRANSITION_PERSISTENCE,transition_persistence,LONG,2519.51,2519.99,2503.25,2516.39,2511.834444444444,8.307756293762006,2528.449957031968,2495.2189318569203,NY,UP,0.7272727272727154,TRANSITION_UNCLASSIFIED
XAUUSD.mg,2024-09-04 00:00:00,2024-09-04 00:00:00,ALLOW,STATE=TRANSITION|QL=TRANSITION_UNCLASSIFIED|LF=LOOK_FOR_transition_chop_near_vwap,TRANSITION_PERSISTENCE,transition_persistence,LONG,2492.69,2494.31,2491.69,2492.99,2492.44,6.513760261447267,2505.4675205228946,2479.412479477105,ASIA,UP,0.6067621078281956,TRANSITION_UNCLASSIFIED
XAUUSD.mg,2024-09-04 02:00:00,2024-09-04 02:00:00,ALLOW,STATE=TRANSITION|QL=TRANSITION_UNCLASSIFIED|LF=LOOK_FOR_transition_chop_near_vwap,TRANSITION_PERSISTENCE,transition_persistence,LONG,2492.93,2494.63,2490.95,2493.03,2492.583333333333,6.425416441800285,2505.434166216934,2479.732500449733,ASIA,UP,0.6079805056350923,TRANSITION_UNCLASSIFIED
XAUUSD.mg,2024-09-04 04:00:00,2024-09-04 04:00:00,ALLOW,STATE=TRANSITION|QL=TRANSITION_UNCLASSIFIED|LF=LOOK_FOR_transition_chop_near_vwap,TRANSITION_PERSISTENCE,transition_persistence,LONG,2493.03,2496.48,2491.99,2494.67,2492.945833333333,6.429507632064898,2505.804848597463,2480.086818069203,ASIA,UP,0.6579348157173304,TRANSITION_UNCLASSIFIED
XAUUSD.mg,2024-10-01 02:00:00,2024-10-01 02:00:00,ALLOW,STATE=TRANSITION|QL=TRANSITION_UNCLASSIFIED|LF=LOOK_FOR_transition_chop_near_vwap,TRANSITION_PERSISTENCE,transition_persistence,LONG,2635.32,2639.42,2633.57,2639.42,2634.4777777777776,8.096769423580465,2650.6713166249388,2618.2842389306165,ASIA,UP,0.4208623087621748,TRANSITION_UNCLASSIFIED
XAUUSD.mg,2024-10-01 04:00:00,2024-10-01 04:00:00,ALLOW,STATE=TRANSITION|QL=TRANSITION_UNCLASSIFIED|LF=LOOK_FOR_transition_chop_near_vwap,TRANSITION_PERSISTENCE,transition_persistence,LONG,2639.46,2639.6,2634.2,2637.58,2634.825,8.126871610327898,2651.078743220656,2618.571256779344,ASIA,UP,0.3696801112656476,TRANSITION_UNCLASSIFIED
XAUUSD.mg,2024-10-01 22:00:00,2024-10-01 22:00:00,ALLOW,STATE=TRANSITION|QL=TRANSITION_UNCLASSIFIED|LF=LOOK_FOR_transition_chop_near_vwap,TRANSITION_PERSISTENCE,transition_persistence,LONG,2658.3,2663.66,2657.53,2663.08,2661.4233333333336,10.678686135129862,2682.7807056035936,2640.0659610630737,NY_PM,UP,0.7619867223997966,TRANSITION_UNCLASSIFIED
XAUUSD.mg,2024-10-02 00:00:00,2024-10-02 00:00:00,ALLOW,STATE=TRANSITION|QL=TRANSITION_UNCLASSIFIED|LF=LOOK_FOR_transition_chop_near_vwap,TRANSITION_PERSISTENCE,transition_persistence,LONG,2661.75,2662.45,2659.81,2659.99,2660.9083333333338,10.679419461546033,2682.267172256426,2639.5494944102416,ASIA,UP,0.6741515692778663,TRANSITION_UNCLASSIFIED
XAUUSD.mg,2024-10-14 00:00:00,2024-10-14 00:00:00,ALLOW,STATE=TRANSITION|QL=TRANSITION_UNCLASSIFIED|LF=LOOK_FOR_transition_chop_near_vwap,TRANSITION_PERSISTENCE,transition_persistence,LONG,2652.13,2653.14,2644.89,2647.69,2648.5733333333333,9.303752637990678,2667.180838609315,2629.965828057352,ASIA,UP,0.5457950289410968,TRANSITION_UNCLASSIFIED
XAUUSD.mg,2024-10-16 16:00:00,2024-10-16 16:00:00,ALLOW,STATE=TRANSITION|QL=TRANSITION_UNCLASSIFIED|LF=LOOK_FOR_transition_chop_near_vwap,TRANSITION_PERSISTENCE,transition_persistence,LONG,2674.78,2681.01,2667.2,2669.62,2667.827666666667,6.726555983875177,2681.2807786344174,2654.3745546989167,NY,UP,0.4256680466691711,TRANSITION_UNCLASSIFIED
XAUUSD.mg,2024-10-25 22:00:00,2024-10-25 22:00:00,ALLOW,STATE=TRANSITION|QL=TRANSITION_UNCLASSIFIED|LF=LOOK_FOR_transition_chop_near_vwap,TRANSITION_PERSISTENCE,transition_persistence,LONG,2742.15,2747.27,2742.15,2746.18,2745.2000000000003,9.86838102288056,2764.936762045761,2725.463237954239,NY_PM,UP,0.9643790849673154,TRANSITION_UNCLASSIFIED
XAUUSD.mg,2024-10-28 02:00:00,2024-10-28 02:00:00,ALLOW,STATE=TRANSITION|QL=TRANSITION_UNCLASSIFIED|LF=LOOK_FOR_transition_chop_near_vwap,TRANSITION_PERSISTENCE,transition_persistence,LONG,2735.43,2735.94,2724.32,2731.92,2733.5216666666665,9.745006160689462,2753.0116789880453,2714.031654345288,ASIA,UP,0.4983660130718969,TRANSITION_UNCLASSIFIED
XAUUSD.mg,2024-10-28 14:00:00,2024-10-28 14:00:00,ALLOW,STATE=TRANSITION|QL=TRANSITION_UNCLASSIFIED|LF=LOOK_FOR_transition_chop_near_vwap,TRANSITION_PERSISTENCE,transition_persistence,LONG,2731.89,2739.12,2730.9,2738.46,2733.67875,9.74110484943262,2753.160959698865,2714.196540301135,NY,UP,0.6161220043572978,TRANSITION_UNCLASSIFIED
XAUUSD.mg,2024-11-01 04:00:00,2024-11-01 04:00:00,ALLOW,STATE=TRANSITION|QL=TRANSITION_UNCLASSIFIED|LF=LOOK_FOR_transition_chop_near_vwap,TRANSITION_PERSISTENCE,transition_persistence,LONG,2749.36,2751.51,2745.47,2751.36,2746.5691666666667,11.624718925948615,2769.818604518564,2723.3197288147694,ASIA,UP,0.3669391462307031,TRANSITION_UNCLASSIFIED
XAUUSD.mg,2024-11-01 08:00:00,2024-11-01 08:00:00,ALLOW,STATE=TRANSITION|QL=TRANSITION_UNCLASSIFIED|LF=LOOK_FOR_transition_chop_near_vwap,TRANSITION_PERSISTENCE,transition_persistence,LONG,2754.56,2757.31,2746.77,2749.27,2747.807777777778,11.640196704165357,2771.088171186109,2724.527384369447,LONDON,UP,0.3515139751552821,TRANSITION_UNCLASSIFIED
XAUUSD.mg,2024-11-04 06:00:00,2024-11-04 06:00:00,ALLOW,STATE=TRANSITION|QL=TRANSITION_UNCLASSIFIED|LF=LOOK_FOR_transition_chop_near_vwap,TRANSITION_PERSISTENCE,transition_persistence,LONG,2740.61,2743.33,2737.31,2741.15,2737.2041666666664,11.826506661877758,2760.857179990422,2713.5511533429108,ASIA,UP,0.345995568217798,TRANSITION_UNCLASSIFIED
XAUUSD.mg,2024-11-04 08:00:00,2024-11-04 08:00:00,ALLOW,STATE=TRANSITION|QL=TRANSITION_UNCLASSIFIED|LF=LOOK_FOR_transition_chop_near_vwap,TRANSITION_PERSISTENCE,transition_persistence,LONG,2741.15,2744.52,2734.73,2735.42,2737.107333333333,11.797180815406884,2760.7016949641466,2713.5129717025197,LONDON,UP,0.1646090534979502,TRANSITION_UNCLASSIFIED
XAUUSD.mg,2024-11-04 12:00:00,2024-11-04 12:00:00,ALLOW,STATE=TRANSITION|QL=TRANSITION_UNCLASSIFIED|LF=LOOK_FOR_transition_chop_near_vwap,TRANSITION_PERSISTENCE,transition_persistence,LONG,2742.93,2744.84,2736.13,2740.25,2737.599523809524,11.792831023485135,2761.1851858564937,2714.013861762553,LONDON,UP,0.3175055397277668,TRANSITION_UNCLASSIFIED
XAUUSD.mg,2024-11-12 22:00:00,2024-11-12 22:00:00,ALLOW,STATE=TRANSITION|QL=TRANSITION_UNCLASSIFIED|LF=LOOK_FOR_transition_chop_near_vwap,TRANSITION_PERSISTENCE,transition_persistence,LONG,2597.83,2600.97,2594.81,2597.73,2597.8366666666666,18.505351207731408,2634.8473690821293,2560.825964251204,NY_PM,UP,0.2257203842049101,TRANSITION_UNCLASSIFIED
XAUUSD.mg,2024-11-14 22:00:00,2024-11-14 22:00:00,ALLOW,STATE=TRANSITION|QL=TRANSITION_UNCLASSIFIED|LF=LOOK_FOR_transition_chop_near_vwap,TRANSITION_PERSISTENCE,transition_persistence,LONG,2575.63,2576.18,2563.56,2564.31,2568.0166666666664,14.546402634920607,2597.109471936508,2538.923861396825,NY_PM,UP,0.6247196052041264,TRANSITION_UNCLASSIFIED
XAUUSD.mg,2024-11-19 22:00:00,2024-11-19 22:00:00,ALLOW,STATE=TRANSITION|QL=TRANSITION_UNCLASSIFIED|LF=LOOK_FOR_transition_chop_near_vwap,TRANSITION_PERSISTENCE,transition_persistence,LONG,2630.34,2634.24,2630.1,2631.8,2632.0466666666666,10.71311569138638,2653.472898049439,2610.620435283894,NY_PM,UP,0.7500861771802846,TRANSITION_UNCLASSIFIED
XAUUSD.mg,2024-11-20 00:00:00,2024-11-20 00:00:00,ALLOW,STATE=TRANSITION|QL=TRANSITION_UNCLASSIFIED|LF=LOOK_FOR_transition_chop_near_vwap,TRANSITION_PERSISTENCE,transition_persistence,LONG,2631.76,2635.1,2631.7,2634.77,2632.685,10.134327637262102,2652.953655274524,2612.416344725476,ASIA,UP,0.8490832157968906,TRANSITION_UNCLASSIFIED
XAUUSD.mg,2024-11-20 04:00:00,2024-11-20 04:00:00,ALLOW,STATE=TRANSITION|QL=TRANSITION_UNCLASSIFIED|LF=LOOK_FOR_transition_chop_near_vwap,TRANSITION_PERSISTENCE,transition_persistence,LONG,2639.23,2641.4,2637.23,2637.58,2634.6341666666667,10.05462926407304,2654.743425194813,2614.5249081385205,ASIA,UP,0.8407005838198431,TRANSITION_UNCLASSIFIED
XAUUSD.mg,2024-11-20 06:00:00,2024-11-20 06:00:00,ALLOW,STATE=TRANSITION|QL=TRANSITION_UNCLASSIFIED|LF=LOOK_FOR_transition_chop_near_vwap,TRANSITION_PERSISTENCE,transition_persistence,LONG,2637.58,2638.4,2634.52,2636.5,2634.9073333333336,9.872444411871262,2654.6522221570763,2615.162444509591,ASIA,UP,0.7956630525437829,TRANSITION_UNCLASSIFIED
XAUUSD.mg,2024-11-20 22:00:00,2024-11-20 22:00:00,ALLOW,STATE=TRANSITION|QL=TRANSITION_UNCLASSIFIED|LF=LOOK_FOR_transition_chop_near_vwap,TRANSITION_PERSISTENCE,transition_persistence,LONG,2650.51,2650.83,2646.86,2649.77,2649.1533333333336,8.944859676247424,2667.043052685829,2631.2636139808387,NY_PM,UP,0.8563218390804597,TRANSITION_UNCLASSIFIED
XAUUSD.mg,2024-11-21 00:00:00,2024-11-21 00:00:00,ALLOW,STATE=TRANSITION|QL=TRANSITION_UNCLASSIFIED|LF=LOOK_FOR_transition_chop_near_vwap,TRANSITION_PERSISTENCE,transition_persistence,LONG,2650.47,2652.53,2648.47,2651.73,2649.7633333333333,8.91100007550492,2667.585333484343,2631.9413331823234,ASIA,UP,0.9099616858237556,TRANSITION_UNCLASSIFIED
XAUUSD.mg,2024-11-21 02:00:00,2024-11-21 02:00:00,ALLOW,STATE=TRANSITION|QL=TRANSITION_UNCLASSIFIED|LF=LOOK_FOR_transition_chop_near_vwap,TRANSITION_PERSISTENCE,transition_persistence,LONG,2651.81,2660.01,2651.46,2653.05,2650.944444444445,8.831732967598581,2668.607910379642,2633.280978509248,ASIA,UP,0.8324103058030339,TRANSITION_UNCLASSIFIED
XAUUSD.mg,2024-11-27 16:00:00,2024-11-27 16:00:00,ALLOW,STATE=TRANSITION|QL=TRANSITION_UNCLASSIFIED|LF=LOOK_FOR_transition_chop_near_vwap,TRANSITION_PERSISTENCE,transition_persistence,LONG,2655.89,2656.45,2635.13,2642.32,2638.0796666666665,19.280767762248715,2676.641202191164,2599.5181311421693,NY,UP,0.5989124805800149,TRANSITION_UNCLASSIFIED
XAUUSD.mg,2024-12-06 14:00:00,2024-12-06 14:00:00,ALLOW,STATE=TRANSITION|QL=TRANSITION_UNCLASSIFIED|LF=LOOK_FOR_transition_chop_near_vwap,TRANSITION_PERSISTENCE,transition_persistence,LONG,2638.09,2643.12,2630.83,2635.37,2630.5648148148152,6.223684934675426,2643.012184684166,2618.1174449454643,NY,UP,0.6065395095367813,TRANSITION_UNCLASSIFIED
XAUUSD.mg,2024-12-12 02:00:00,2024-12-12 02:00:00,ALLOW,STATE=TRANSITION|QL=TRANSITION_UNCLASSIFIED|LF=LOOK_FOR_transition_chop_near_vwap,TRANSITION_PERSISTENCE,transition_persistence,LONG,2719.68,2725.74,2696.17,2710.59,2715.6644444444446,8.700994008781418,2733.0664324620075,2698.2624564268817,ASIA,UP,0.6993451081563867,TRANSITION_UNCLASSIFIED
XAUUSD.mg,2024-12-17 22:00:00,2024-12-17 22:00:00,ALLOW,STATE=TRANSITION|QL=TRANSITION_UNCLASSIFIED|LF=LOOK_FOR_transition_chop_near_vwap,TRANSITION_PERSISTENCE,transition_persistence,LONG,2645.06,2646.54,2642.72,2646.19,2645.15,10.558455438775042,2666.2669108775503,2624.03308912245,NY_PM,UP,0.526192337763881,TRANSITION_UNCLASSIFIED
XAUUSD.mg,2024-12-18 00:00:00,2024-12-18 00:00:00,ALLOW,STATE=TRANSITION|QL=TRANSITION_UNCLASSIFIED|LF=LOOK_FOR_transition_chop_near_vwap,TRANSITION_PERSISTENCE,transition_persistence,LONG,2645.9,2647.29,2644.44,2647.06,2645.42,9.907004604167456,2665.234009208335,2625.605990791665,ASIA,UP,0.5602032838154796,TRANSITION_UNCLASSIFIED
XAUUSD.mg,2024-12-18 02:00:00,2024-12-18 02:00:00,ALLOW,STATE=TRANSITION|QL=TRANSITION_UNCLASSIFIED|LF=LOOK_FOR_transition_chop_near_vwap,TRANSITION_PERSISTENCE,transition_persistence,LONG,2647.07,2651.33,2646.2,2650.58,2646.35,9.963165338894468,2666.276330677789,2626.423669322211,ASIA,UP,0.6999999999999964,TRANSITION_UNCLASSIFIED
XAUUSD.mg,2024-12-23 02:00:00,2024-12-23 02:00:00,ALLOW,STATE=TRANSITION|QL=TRANSITION_UNCLASSIFIED|LF=LOOK_FOR_transition_chop_near_vwap,TRANSITION_PERSISTENCE,transition_persistence,LONG,2624.03,2624.82,2617.02,2620.45,2623.883333333333,11.277725495298291,2646.4387843239297,2601.3278823427368,ASIA,UP,0.6949105914717971,TRANSITION_UNCLASSIFIED
XAUUSD.mg,2024-12-30 02:00:00,2024-12-30 02:00:00,ALLOW,STATE=TRANSITION|QL=TRANSITION_UNCLASSIFIED|LF=LOOK_FOR_transition_chop_near_vwap,TRANSITION_PERSISTENCE,transition_persistence,LONG,2623.75,2626.39,2621.11,2623.87,2623.105,6.084773485308129,2635.2745469706165,2610.935453029384,ASIA,UP,0.4748687171792919,TRANSITION_UNCLASSIFIED
XAUUSD.mg,2024-12-30 04:00:00,2024-12-30 04:00:00,ALLOW,STATE=TRANSITION|QL=TRANSITION_UNCLASSIFIED|LF=LOOK_FOR_transition_chop_near_vwap,TRANSITION_PERSISTENCE,transition_persistence,LONG,2623.91,2627.67,2622.08,2626.21,2623.5533333333333,6.101637244263657,2635.7566078218606,2611.350058844806,ASIA,UP,0.5626406601650443,TRANSITION_UNCLASSIFIED
XAUUSD.mg,2024-12-30 06:00:00,2024-12-30 06:00:00,ALLOW,STATE=TRANSITION|QL=TRANSITION_UNCLASSIFIED|LF=LOOK_FOR_transition_chop_near_vwap,TRANSITION_PERSISTENCE,transition_persistence,LONG,2626.19,2626.2,2620.18,2623.35,2623.5391666666665,6.100843856900501,2635.740854380468,2611.337478952865,ASIA,UP,0.4553638409602377,TRANSITION_UNCLASSIFIED
XAUUSD.mg,2025-01-06 18:00:00,2025-01-06 18:00:00,ALLOW,STATE=TRANSITION|QL=TRANSITION_UNCLASSIFIED|LF=LOOK_FOR_transition_chop_near_vwap,TRANSITION_PERSISTENCE,transition_persistence,LONG,2634.0,2640.9,2632.14,2636.31,2636.575,9.343354598130048,2655.26170919626,2617.88829080374,NY_PM,UP,0.6334867663981543,TRANSITION_UNCLASSIFIED
XAUUSD.mg,2025-01-06 20:00:00,2025-01-06 20:00:00,ALLOW,STATE=TRANSITION|QL=TRANSITION_UNCLASSIFIED|LF=LOOK_FOR_transition_chop_near_vwap,TRANSITION_PERSISTENCE,transition_persistence,LONG,2636.32,2638.19,2632.54,2634.02,2636.200303030303,8.960950168829786,2654.122203367963,2618.278402692644,NY_PM,UP,0.5676064441887196,TRANSITION_UNCLASSIFIED
XAUUSD.mg,2025-01-08 18:00:00,2025-01-08 18:00:00,ALLOW,STATE=TRANSITION|QL=TRANSITION_UNCLASSIFIED|LF=LOOK_FOR_transition_chop_near_vwap,TRANSITION_PERSISTENCE,transition_persistence,LONG,2665.48,2669.54,2649.06,2655.23,2651.350606060605,8.602188898034484,2668.5549838566744,2634.1462282645366,NY_PM,UP,0.4199432509120428,TRANSITION_UNCLASSIFIED
XAUUSD.mg,2025-01-08 22:00:00,2025-01-08 22:00:00,ALLOW,STATE=TRANSITION|QL=TRANSITION_UNCLASSIFIED|LF=LOOK_FOR_transition_chop_near_vwap,TRANSITION_PERSISTENCE,transition_persistence,LONG,2657.98,2663.71,2657.95,2661.24,2660.9666666666667,7.576575314299185,2676.119817295265,2645.8135160380684,NY_PM,UP,0.6635589785164103,TRANSITION_UNCLASSIFIED
XAUUSD.mg,2025-01-09 18:00:00,2025-01-09 18:00:00,ALLOW,STATE=TRANSITION|QL=TRANSITION_UNCLASSIFIED|LF=LOOK_FOR_transition_chop_near_vwap,TRANSITION_PERSISTENCE,transition_persistence,LONG,2667.93,2670.61,2662.34,2665.59,2662.8484848484845,7.191620908563073,2677.2317266656105,2648.4652430313586,NY_PM,UP,0.5395872420262686,TRANSITION_UNCLASSIFIED
XAUUSD.mg,2025-01-10 22:00:00,2025-01-10 22:00:00,ALLOW,STATE=TRANSITION|QL=TRANSITION_UNCLASSIFIED|LF=LOOK_FOR_transition_chop_near_vwap,TRANSITION_PERSISTENCE,transition_persistence,LONG,2685.53,2693.03,2684.28,2688.98,2688.763333333334,5.612425853364695,2699.988185040063,2677.5384816266046,NY_PM,UP,0.7486662714878495,TRANSITION_UNCLASSIFIED
XAUUSD.mg,2025-01-13 02:00:00,2025-01-13 02:00:00,ALLOW,STATE=TRANSITION|QL=TRANSITION_UNCLASSIFIED|LF=LOOK_FOR_transition_chop_near_vwap,TRANSITION_PERSISTENCE,transition_persistence,LONG,2690.73,2692.98,2679.02,2685.32,2687.663333333333,5.6087525942258845,2698.880838521785,2676.445828144881,ASIA,UP,0.6401896858328456,TRANSITION_UNCLASSIFIED
XAUUSD.mg,2025-01-14 12:00:00,2025-01-14 12:00:00,ALLOW,STATE=TRANSITION|QL=TRANSITION_UNCLASSIFIED|LF=LOOK_FOR_transition_chop_near_vwap,TRANSITION_PERSISTENCE,transition_persistence,LONG,2666.98,2669.43,2664.25,2668.92,2666.0970833333336,8.416747425437958,2682.930578184209,2649.2635884824576,LONDON,UP,0.6128873585833783,TRANSITION_UNCLASSIFIED
XAUUSD.mg,2025-01-15 00:00:00,2025-01-15 00:00:00,ALLOW,STATE=TRANSITION|QL=TRANSITION_UNCLASSIFIED|LF=LOOK_FOR_transition_chop_near_vwap,TRANSITION_PERSISTENCE,transition_persistence,LONG,2677.83,2677.87,2673.62,2675.25,2675.145,8.166200187515765,2691.477400375032,2658.812599624968,ASIA,UP,0.8572984749455371,TRANSITION_UNCLASSIFIED
XAUUSD.mg,2025-01-15 04:00:00,2025-01-15 04:00:00,ALLOW,STATE=TRANSITION|QL=TRANSITION_UNCLASSIFIED|LF=LOOK_FOR_transition_chop_near_vwap,TRANSITION_PERSISTENCE,transition_persistence,LONG,2669.56,2675.94,2668.96,2675.79,2674.1991666666668,8.207657424953949,2690.614481516575,2657.7838518167587,ASIA,UP,0.886710239651418,TRANSITION_UNCLASSIFIED
XAUUSD.mg,2025-01-15 16:00:00,2025-01-15 16:00:00,ALLOW,STATE=TRANSITION|QL=TRANSITION_UNCLASSIFIED|LF=LOOK_FOR_transition_chop_near_vwap,TRANSITION_PERSISTENCE,transition_persistence,LONG,2693.72,2695.66,2676.34,2678.09,2677.884,8.547523505941077,2694.979047011882,2660.788952988117,NY,UP,0.3997266826101906,TRANSITION_UNCLASSIFIED
XAUUSD.mg,2025-01-15 22:00:00,2025-01-15 22:00:00,ALLOW,STATE=TRANSITION|QL=TRANSITION_UNCLASSIFIED|LF=LOOK_FOR_transition_chop_near_vwap,TRANSITION_PERSISTENCE,transition_persistence,LONG,2693.67,2696.98,2692.85,2696.08,2695.3033333333333,8.797787717718538,2712.8989087687705,2677.707757897896,NY_PM,UP,0.9678800856531016,TRANSITION_UNCLASSIFIED
XAUUSD.mg,2025-01-16 00:00:00,2025-01-16 00:00:00,ALLOW,STATE=TRANSITION|QL=TRANSITION_UNCLASSIFIED|LF=LOOK_FOR_transition_chop_near_vwap,TRANSITION_PERSISTENCE,transition_persistence,LONG,2694.14,2697.09,2693.86,2694.58,2695.0716666666667,8.781250194878458,2712.634167056424,2677.5091662769096,ASIA,UP,0.9107714184144968,TRANSITION_UNCLASSIFIED
XAUUSD.mg,2025-01-16 08:00:00,2025-01-16 08:00:00,ALLOW,STATE=TRANSITION|QL=TRANSITION_UNCLASSIFIED|LF=LOOK_FOR_transition_chop_near_vwap,TRANSITION_PERSISTENCE,transition_persistence,LONG,2694.42,2699.59,2689.6,2697.87,2696.081111111111,8.791072136007037,2713.663255383125,2678.498966839097,LONDON,UP,0.8466378293354261,TRANSITION_UNCLASSIFIED
XAUUSD.mg,2025-01-20 14:00:00,2025-01-20 14:00:00,ALLOW,STATE=TRANSITION|QL=TRANSITION_UNCLASSIFIED|LF=LOOK_FOR_transition_chop_near_vwap,TRANSITION_PERSISTENCE,transition_persistence,LONG,2708.0,2709.94,2701.57,2704.77,2700.244583333333,6.73295149902937,2713.710486331392,2686.778680335274,NY,UP,0.5652797704447617,TRANSITION_UNCLASSIFIED
XAUUSD.mg,2025-01-22 02:00:00,2025-01-22 02:00:00,ALLOW,STATE=TRANSITION|QL=TRANSITION_UNCLASSIFIED|LF=LOOK_FOR_transition_chop_near_vwap,TRANSITION_PERSISTENCE,transition_persistence,LONG,2744.0,2749.5,2742.26,2747.73,2743.9144444444446,7.423789464520698,2758.762023373486,2729.066865515403,ASIA,UP,0.9469583458195988,TRANSITION_UNCLASSIFIED
XAUUSD.mg,2025-01-28 06:00:00,2025-01-28 06:00:00,ALLOW,STATE=TRANSITION|QL=TRANSITION_UNCLASSIFIED|LF=LOOK_FOR_transition_chop_near_vwap,TRANSITION_PERSISTENCE,transition_persistence,LONG,2738.43,2744.52,2738.17,2741.42,2740.9500000000003,9.035132442197709,2759.020264884396,2722.879735115605,ASIA,UP,0.2720694645441435,TRANSITION_UNCLASSIFIED
XAUUSD.mg,2025-01-28 10:00:00,2025-01-28 10:00:00,ALLOW,STATE=TRANSITION|QL=TRANSITION_UNCLASSIFIED|LF=LOOK_FOR_transition_chop_near_vwap,TRANSITION_PERSISTENCE,transition_persistence,LONG,2738.73,2744.69,2734.45,2743.01,2740.824285714286,8.910607454292732,2758.645500622871,2723.0030708057006,LONDON,UP,0.3104196816208474,TRANSITION_UNCLASSIFIED
XAUUSD.mg,2025-01-29 00:00:00,2025-01-29 00:00:00,ALLOW,STATE=TRANSITION|QL=TRANSITION_UNCLASSIFIED|LF=LOOK_FOR_transition_chop_near_vwap,TRANSITION_PERSISTENCE,transition_persistence,LONG,2762.72,2764.0,2762.28,2762.29,2763.086666666667,9.459712298253187,2782.0060912631734,2744.1672420701607,ASIA,UP,0.9230769230769184,TRANSITION_UNCLASSIFIED
XAUUSD.mg,2025-01-29 02:00:00,2025-01-29 02:00:00,ALLOW,STATE=TRANSITION|QL=TRANSITION_UNCLASSIFIED|LF=LOOK_FOR_transition_chop_near_vwap,TRANSITION_PERSISTENCE,transition_persistence,LONG,2762.29,2765.86,2761.91,2763.42,2763.301111111112,9.459778525942625,2782.2206681629964,2744.3815540592263,ASIA,UP,0.9223177332059844,TRANSITION_UNCLASSIFIED
XAUUSD.mg,2025-01-31 00:00:00,2025-01-31 00:00:00,ALLOW,STATE=TRANSITION|QL=TRANSITION_UNCLASSIFIED|LF=LOOK_FOR_transition_chop_near_vwap,TRANSITION_PERSISTENCE,transition_persistence,LONG,2794.91,2796.49,2792.43,2795.89,2794.5650000000005,11.324416963862353,2817.2138339277253,2771.916166072276,ASIA,UP,0.9443324937027696,TRANSITION_UNCLASSIFIED
XAUUSD.mg,2025-01-31 02:00:00,2025-01-31 02:00:00,ALLOW,STATE=TRANSITION|QL=TRANSITION_UNCLASSIFIED|LF=LOOK_FOR_transition_chop_near_vwap,TRANSITION_PERSISTENCE,transition_persistence,LONG,2795.96,2799.27,2793.99,2795.95,2794.8000000000006,11.318953353090253,2817.4379067061814,2772.16209329382,ASIA,UP,0.9187668216295528,TRANSITION_UNCLASSIFIED
XAUUSD.mg,2025-01-31 08:00:00,2025-01-31 08:00:00,ALLOW,STATE=TRANSITION|QL=TRANSITION_UNCLASSIFIED|LF=LOOK_FOR_transition_chop_near_vwap,TRANSITION_PERSISTENCE,transition_persistence,LONG,2795.36,2800.59,2791.9,2797.95,2795.1922222222224,11.254705424745008,2817.7016330717124,2772.6828113727324,LONDON,UP,0.9185436593643844,TRANSITION_UNCLASSIFIED
XAUUSD.mg,2025-01-31 22:00:00,2025-01-31 22:00:00,ALLOW,STATE=TRANSITION|QL=TRANSITION_UNCLASSIFIED|LF=LOOK_FOR_transition_chop_near_vwap,TRANSITION_PERSISTENCE,transition_persistence,LONG,2795.86,2802.28,2793.95,2800.37,2798.8666666666663,9.68573487970119,2818.2381364260686,2779.495196907264,NY_PM,UP,0.371834228702996,TRANSITION_UNCLASSIFIED
XAUUSD.mg,2025-02-04 00:00:00,2025-02-04 00:00:00,ALLOW,STATE=TRANSITION|QL=TRANSITION_UNCLASSIFIED|LF=LOOK_FOR_transition_chop_near_vwap,TRANSITION_PERSISTENCE,transition_persistence,LONG,2813.3,2814.85,2812.09,2813.68,2815.056666666667,10.671136996013733,2836.3989406586943,2793.7143926746394,ASIA,UP,0.7163132694938417,TRANSITION_UNCLASSIFIED
XAUUSD.mg,2025-02-04 02:00:00,2025-02-04 02:00:00,ALLOW,STATE=TRANSITION|QL=TRANSITION_UNCLASSIFIED|LF=LOOK_FOR_transition_chop_near_vwap,TRANSITION_PERSISTENCE,transition_persistence,LONG,2813.72,2823.72,2812.41,2822.98,2816.57,10.647391056745322,2837.8647821134905,2795.275217886509,ASIA,UP,0.8753419972640225,TRANSITION_UNCLASSIFIED
XAUUSD.mg,2025-02-04 04:00:00,2025-02-04 04:00:00,ALLOW,STATE=TRANSITION|QL=TRANSITION_UNCLASSIFIED|LF=LOOK_FOR_transition_chop_near_vwap,TRANSITION_PERSISTENCE,transition_persistence,LONG,2822.98,2824.25,2816.53,2821.04,2817.2091666666665,10.615482306624704,2838.440131279916,2795.978202053417,ASIA,UP,0.8363475177304964,TRANSITION_UNCLASSIFIED
XAUUSD.mg,2025-02-10 22:00:00,2025-02-10 22:00:00,ALLOW,STATE=TRANSITION|QL=TRANSITION_UNCLASSIFIED|LF=LOOK_FOR_transition_chop_near_vwap,TRANSITION_PERSISTENCE,transition_persistence,LONG,2903.99,2907.82,2902.57,2907.6,2905.9966666666664,11.06811421075196,2928.1328950881702,2883.860438245162,NY_PM,UP,0.9351784413692654,TRANSITION_UNCLASSIFIED
XAUUSD.mg,2025-02-11 04:00:00,2025-02-11 04:00:00,ALLOW,STATE=TRANSITION|QL=TRANSITION_UNCLASSIFIED|LF=LOOK_FOR_transition_chop_near_vwap,TRANSITION_PERSISTENCE,transition_persistence,LONG,2933.59,2942.34,2905.25,2919.33,2916.2783333333336,10.888402933717776,2938.055139200769,2894.501527465898,ASIA,UP,0.6629065338411934,TRANSITION_UNCLASSIFIED
XAUUSD.mg,2025-02-13 02:00:00,2025-02-13 02:00:00,ALLOW,STATE=TRANSITION|QL=TRANSITION_UNCLASSIFIED|LF=LOOK_FOR_transition_chop_near_vwap,TRANSITION_PERSISTENCE,transition_persistence,LONG,2905.38,2908.61,2901.13,2905.72,2902.114444444444,11.90831034178245,2925.931065128009,2878.297823760879,ASIA,UP,0.9313180706823704,TRANSITION_UNCLASSIFIED
XAUUSD.mg,2025-02-13 22:00:00,2025-02-13 22:00:00,ALLOW,STATE=TRANSITION|QL=TRANSITION_UNCLASSIFIED|LF=LOOK_FOR_transition_chop_near_vwap,TRANSITION_PERSISTENCE,transition_persistence,LONG,2926.51,2929.14,2924.44,2928.02,2927.2000000000003,12.058077501065402,2951.316155002131,2903.0838449978696,NY_PM,UP,0.9614457831325336,TRANSITION_UNCLASSIFIED
XAUUSD.mg,2025-02-14 02:00:00,2025-02-14 02:00:00,ALLOW,STATE=TRANSITION|QL=TRANSITION_UNCLASSIFIED|LF=LOOK_FOR_transition_chop_near_vwap,TRANSITION_PERSISTENCE,transition_persistence,LONG,2930.77,2933.43,2927.17,2929.5,2928.4533333333334,12.002814551984187,2952.4589624373016,2904.447704229365,ASIA,UP,0.8622985283812249,TRANSITION_UNCLASSIFIED
XAUUSD.mg,2025-02-14 08:00:00,2025-02-14 08:00:00,ALLOW,STATE=TRANSITION|QL=TRANSITION_UNCLASSIFIED|LF=LOOK_FOR_transition_chop_near_vwap,TRANSITION_PERSISTENCE,transition_persistence,LONG,2930.59,2936.45,2929.56,2931.5,2928.571111111111,12.05933556485206,2952.689782240815,2904.4524399814068,LONDON,UP,0.839442101848854,TRANSITION_UNCLASSIFIED
XAUUSD.mg,2025-02-17 12:00:00,2025-02-17 12:00:00,ALLOW,STATE=TRANSITION|QL=TRANSITION_UNCLASSIFIED|LF=LOOK_FOR_transition_chop_near_vwap,TRANSITION_PERSISTENCE,transition_persistence,LONG,2902.21,2903.5,2895.19,2900.64,2892.5338095238103,12.379749035439898,2917.2933075946903,2867.7743114529303,LONDON,UP,0.4260312944523459,TRANSITION_UNCLASSIFIED
XAUUSD.mg,2025-02-18 22:00:00,2025-02-18 22:00:00,ALLOW,STATE=TRANSITION|QL=TRANSITION_UNCLASSIFIED|LF=LOOK_FOR_transition_chop_near_vwap,TRANSITION_PERSISTENCE,transition_persistence,LONG,2935.55,2936.48,2932.28,2935.0,2934.5866666666666,11.77345679472953,2958.1335802561257,2911.0397530772075,NY_PM,UP,0.9629053753887143,TRANSITION_UNCLASSIFIED
XAUUSD.mg,2025-02-19 00:00:00,2025-02-19 00:00:00,ALLOW,STATE=TRANSITION|QL=TRANSITION_UNCLASSIFIED|LF=LOOK_FOR_transition_chop_near_vwap,TRANSITION_PERSISTENCE,transition_persistence,LONG,2934.6,2935.27,2932.92,2933.84,2934.393333333333,11.73449386004951,2957.8623210534324,2910.9243456132344,ASIA,UP,0.9371390493114188,TRANSITION_UNCLASSIFIED
XAUUSD.mg,2025-02-19 02:00:00,2025-02-19 02:00:00,ALLOW,STATE=TRANSITION|QL=TRANSITION_UNCLASSIFIED|LF=LOOK_FOR_transition_chop_near_vwap,TRANSITION_PERSISTENCE,transition_persistence,LONG,2933.84,2939.46,2927.89,2938.29,2934.6952223727976,11.725289716324731,2958.1458018054477,2911.244642940148,ASIA,UP,0.9737078651685376,TRANSITION_UNCLASSIFIED
XAUUSD.mg,2025-02-24 22:00:00,2025-02-24 22:00:00,ALLOW,STATE=TRANSITION|QL=TRANSITION_UNCLASSIFIED|LF=LOOK_FOR_transition_chop_near_vwap,TRANSITION_PERSISTENCE,transition_persistence,LONG,2948.94,2952.82,2946.76,2952.42,2950.6666666666665,6.574274728635736,2963.815216123938,2937.518117209395,NY_PM,UP,0.8981001727115734,TRANSITION_UNCLASSIFIED
XAUUSD.mg,2025-02-25 00:00:00,2025-02-25 00:00:00,ALLOW,STATE=TRANSITION|QL=TRANSITION_UNCLASSIFIED|LF=LOOK_FOR_transition_chop_near_vwap,TRANSITION_PERSISTENCE,transition_persistence,LONG,2952.59,2953.39,2948.05,2949.86,2950.335,6.2893824276867685,2962.9137648553738,2937.7562351446263,ASIA,UP,0.8244099021301132,TRANSITION_UNCLASSIFIED
XAUUSD.mg,2025-02-26 08:00:00,2025-02-26 08:00:00,ALLOW,STATE=TRANSITION|QL=TRANSITION_UNCLASSIFIED|LF=LOOK_FOR_transition_chop_near_vwap,TRANSITION_PERSISTENCE,transition_persistence,LONG,2915.18,2917.27,2905.59,2915.18,2917.5295889470885,9.287276290240529,2936.104141527569,2898.955036366608,LONDON,UP,0.4790228359001564,TRANSITION_UNCLASSIFIED
XAUUSD.mg,2025-03-03 00:00:00,2025-03-03 00:00:00,ALLOW,STATE=TRANSITION|QL=TRANSITION_UNCLASSIFIED|LF=LOOK_FOR_transition_chop_near_vwap,TRANSITION_PERSISTENCE,transition_persistence,LONG,2860.24,2876.58,2860.24,2870.79,2869.2033333333334,9.060514838551272,2887.324363010436,2851.082303656231,ASIA,UP,0.732023650581726,TRANSITION_UNCLASSIFIED
XAUUSD.mg,2025-03-03 02:00:00,2025-03-03 02:00:00,ALLOW,STATE=TRANSITION|QL=TRANSITION_UNCLASSIFIED|LF=LOOK_FOR_transition_chop_near_vwap,TRANSITION_PERSISTENCE,transition_persistence,LONG,2870.78,2871.71,2863.97,2870.69,2869.1810857577484,9.054948195392829,2887.290982148534,2851.0711893669627,ASIA,UP,0.8469026548672559,TRANSITION_UNCLASSIFIED
XAUUSD.mg,2025-03-03 04:00:00,2025-03-03 04:00:00,ALLOW,STATE=TRANSITION|QL=TRANSITION_UNCLASSIFIED|LF=LOOK_FOR_transition_chop_near_vwap,TRANSITION_PERSISTENCE,transition_persistence,LONG,2870.69,2871.77,2859.15,2864.59,2868.217325806819,9.008935431930544,2886.23519667068,2850.1994549429583,ASIA,UP,0.7285487887706642,TRANSITION_UNCLASSIFIED
XAUUSD.mg,2025-03-04 00:00:00,2025-03-04 00:00:00,ALLOW,STATE=TRANSITION|QL=TRANSITION_UNCLASSIFIED|LF=LOOK_FOR_transition_chop_near_vwap,TRANSITION_PERSISTENCE,transition_persistence,LONG,2892.03,2893.08,2890.35,2890.68,2888.3233333333333,9.750628217075253,2907.824589767484,2868.822076899183,ASIA,UP,0.8808147536471144,TRANSITION_UNCLASSIFIED
XAUUSD.mg,2025-03-04 02:00:00,2025-03-04 02:00:00,ALLOW,STATE=TRANSITION|QL=TRANSITION_UNCLASSIFIED|LF=LOOK_FOR_transition_chop_near_vwap,TRANSITION_PERSISTENCE,transition_persistence,LONG,2890.64,2893.53,2881.77,2888.06,2887.902222222222,9.745964482115276,2907.3941511864527,2868.4102932579917,ASIA,UP,0.8086980456922599,TRANSITION_UNCLASSIFIED
XAUUSD.mg,2025-03-05 04:00:00,2025-03-05 04:00:00,ALLOW,STATE=TRANSITION|QL=TRANSITION_UNCLASSIFIED|LF=LOOK_FOR_transition_chop_near_vwap,TRANSITION_PERSISTENCE,transition_persistence,LONG,2906.98,2914.29,2901.82,2908.52,2913.2309564177376,12.924721346283668,2939.080399110305,2887.3815137251704,ASIA,UP,0.5606270170585547,TRANSITION_UNCLASSIFIED
XAUUSD.mg,2025-03-17 02:00:00,2025-03-17 02:00:00,ALLOW,STATE=TRANSITION|QL=TRANSITION_UNCLASSIFIED|LF=LOOK_FOR_transition_chop_near_vwap,TRANSITION_PERSISTENCE,transition_persistence,LONG,2989.76,2992.83,2986.12,2990.6,2990.286822007958,9.610022158454882,3009.506866324868,2971.066777691048,ASIA,UP,0.4665153234960273,TRANSITION_UNCLASSIFIED
XAUUSD.mg,2025-03-19 14:00:00,2025-03-19 14:00:00,ALLOW,STATE=TRANSITION|QL=TRANSITION_UNCLASSIFIED|LF=LOOK_FOR_transition_chop_near_vwap,TRANSITION_PERSISTENCE,transition_persistence,LONG,3038.72,3040.85,3027.46,3033.11,3034.491330545877,9.149909631100453,3052.791149808078,3016.1915112836764,NY,UP,0.466932978251225,TRANSITION_UNCLASSIFIED
XAUUSD.mg,2025-03-24 02:00:00,2025-03-24 02:00:00,ALLOW,STATE=TRANSITION|QL=TRANSITION_UNCLASSIFIED|LF=LOOK_FOR_transition_chop_near_vwap,TRANSITION_PERSISTENCE,transition_persistence,LONG,3024.55,3025.31,3016.82,3020.64,3021.959593540793,9.028641834508198,3040.016877209809,3003.9023098717767,ASIA,UP,0.5537147294848515,TRANSITION_UNCLASSIFIED
XAUUSD.mg,2025-03-24 04:00:00,2025-03-24 04:00:00,ALLOW,STATE=TRANSITION|QL=TRANSITION_UNCLASSIFIED|LF=LOOK_FOR_transition_chop_near_vwap,TRANSITION_PERSISTENCE,transition_persistence,LONG,3020.68,3024.19,3013.5,3016.7,3020.593080689757,9.042734681011517,3038.67855005178,3002.5076113277337,ASIA,UP,0.4517214600051713,TRANSITION_UNCLASSIFIED
XAUUSD.mg,2025-03-24 06:00:00,2025-03-24 06:00:00,ALLOW,STATE=TRANSITION|QL=TRANSITION_UNCLASSIFIED|LF=LOOK_FOR_transition_chop_near_vwap,TRANSITION_PERSISTENCE,transition_persistence,LONG,3016.74,3022.97,3016.31,3021.87,3020.558291896052,9.037265816631054,3038.632823529314,3002.483760262789,ASIA,UP,0.5855552679264775,TRANSITION_UNCLASSIFIED
XAUUSD.mg,2025-03-25 16:00:00,2025-03-25 16:00:00,ALLOW,STATE=TRANSITION|QL=TRANSITION_UNCLASSIFIED|LF=LOOK_FOR_transition_chop_near_vwap,TRANSITION_PERSISTENCE,transition_persistence,LONG,3028.48,3035.69,3017.85,3021.32,3016.3951310804187,7.376577418322421,3031.1482859170637,3001.641976243774,NY,UP,0.5701465749326964,TRANSITION_UNCLASSIFIED
XAUUSD.mg,2025-03-25 18:00:00,2025-03-25 18:00:00,ALLOW,STATE=TRANSITION|QL=TRANSITION_UNCLASSIFIED|LF=LOOK_FOR_transition_chop_near_vwap,TRANSITION_PERSISTENCE,transition_persistence,LONG,3021.38,3025.34,3019.59,3022.43,3017.1209942188416,7.456617865390036,3032.034229949621,3002.2077584880617,NY_PM,UP,0.6033502841758814,TRANSITION_UNCLASSIFIED
XAUUSD.mg,2025-03-25 20:00:00,2025-03-25 20:00:00,ALLOW,STATE=TRANSITION|QL=TRANSITION_UNCLASSIFIED|LF=LOOK_FOR_transition_chop_near_vwap,TRANSITION_PERSISTENCE,transition_persistence,LONG,3022.43,3022.63,3017.58,3019.33,3017.519133567745,7.478718035258843,3032.476569638263,3002.561697497227,NY_PM,UP,0.4598877517332404,TRANSITION_UNCLASSIFIED
XAUUSD.mg,2025-04-01 06:00:00,2025-04-01 06:00:00,ALLOW,STATE=TRANSITION|QL=TRANSITION_UNCLASSIFIED|LF=LOOK_FOR_transition_chop_near_vwap,TRANSITION_PERSISTENCE,transition_persistence,LONG,3145.79,3148.75,3130.26,3131.82,3132.416926303855,7.976351894386013,3148.3696300926267,3116.464222515083,ASIA,UP,0.6549123522217722,TRANSITION_UNCLASSIFIED
XAUUSD.mg,2025-04-01 08:00:00,2025-04-01 08:00:00,ALLOW,STATE=TRANSITION|QL=TRANSITION_UNCLASSIFIED|LF=LOOK_FOR_transition_chop_near_vwap,TRANSITION_PERSISTENCE,transition_persistence,LONG,3131.82,3137.96,3123.88,3127.32,3132.2908848594,8.018945283276283,3148.3287754259527,3116.252994292848,LONDON,UP,0.5631879331430929,TRANSITION_UNCLASSIFIED
XAUUSD.mg,2025-04-01 10:00:00,2025-04-01 10:00:00,ALLOW,STATE=TRANSITION|QL=TRANSITION_UNCLASSIFIED|LF=LOOK_FOR_transition_chop_near_vwap,TRANSITION_PERSISTENCE,transition_persistence,LONG,3127.2,3135.42,3126.17,3132.17,3132.575930939512,8.054879623167018,3148.685690185845,3116.466171693178,LONDON,UP,0.6620464737056676,TRANSITION_UNCLASSIFIED
XAUUSD.mg,2025-04-01 12:00:00,2025-04-01 12:00:00,ALLOW,STATE=TRANSITION|QL=TRANSITION_UNCLASSIFIED|LF=LOOK_FOR_transition_chop_near_vwap,TRANSITION_PERSISTENCE,transition_persistence,LONG,3132.16,3138.68,3128.45,3130.13,3132.6355673637745,8.172748144180815,3148.981063652136,3116.290071075413,LONDON,UP,0.6204647370566672,TRANSITION_UNCLASSIFIED
XAUUSD.mg,2025-04-10 14:00:00,2025-04-10 14:00:00,ALLOW,STATE=TRANSITION|QL=TRANSITION_UNCLASSIFIED|LF=LOOK_FOR_transition_chop_near_vwap,TRANSITION_PERSISTENCE,transition_persistence,LONG,3124.37,3136.46,3115.92,3116.71,3103.6906180951696,29.19905481482502,3162.08872772482,3045.2925084655194,NY,UP,0.7757974798501536,TRANSITION_UNCLASSIFIED
XAUUSD.mg,2025-04-17 06:00:00,2025-04-17 06:00:00,ALLOW,STATE=TRANSITION|QL=TRANSITION_UNCLASSIFIED|LF=LOOK_FOR_transition_chop_near_vwap,TRANSITION_PERSISTENCE,transition_persistence,LONG,3344.3,3345.29,3328.25,3329.2,3338.235261454581,18.522309460279352,3375.27988037514,3301.1906425340226,ASIA,UP,0.6049951165062039,TRANSITION_UNCLASSIFIED
XAUUSD.mg,2025-04-28 00:00:00,2025-04-28 00:00:00,ALLOW,STATE=TRANSITION|QL=TRANSITION_UNCLASSIFIED|LF=LOOK_FOR_transition_chop_near_vwap,TRANSITION_PERSISTENCE,transition_persistence,LONG,3330.31,3331.21,3298.38,3302.48,3310.69,26.154947109340736,3362.9998942186817,3258.3801057813184,ASIA,UP,0.38360923768649,TRANSITION_UNCLASSIFIED
XAUUSD.mg,2025-04-28 04:00:00,2025-04-28 04:00:00,ALLOW,STATE=TRANSITION|QL=TRANSITION_UNCLASSIFIED|LF=LOOK_FOR_transition_chop_near_vwap,TRANSITION_PERSISTENCE,transition_persistence,LONG,3281.42,3294.89,3267.69,3290.69,3300.101159225718,26.02984742213925,3352.1608540699967,3248.04146438144,ASIA,UP,0.3885619435642071,TRANSITION_UNCLASSIFIED
XAUUSD.mg,2025-04-28 06:00:00,2025-04-28 06:00:00,ALLOW,STATE=TRANSITION|QL=TRANSITION_UNCLASSIFIED|LF=LOOK_FOR_transition_chop_near_vwap,TRANSITION_PERSISTENCE,transition_persistence,LONG,3290.69,3300.83,3287.73,3294.88,3299.50323534617,25.71864395750783,3350.9405232611857,3248.0659474311547,ASIA,UP,0.4517881394296071,TRANSITION_UNCLASSIFIED
XAUUSD.mg,2025-04-30 14:00:00,2025-04-30 14:00:00,ALLOW,STATE=TRANSITION|QL=TRANSITION_UNCLASSIFIED|LF=LOOK_FOR_transition_chop_near_vwap,TRANSITION_PERSISTENCE,transition_persistence,LONG,3272.11,3319.57,3266.73,3308.92,3304.5740687681755,18.56535156349581,3341.704771895167,3267.443365641184,NY,UP,0.6689392738227358,TRANSITION_UNCLASSIFIED
XAUUSD.mg,2025-05-01 22:00:00,2025-05-01 22:00:00,ALLOW,STATE=TRANSITION|QL=TRANSITION_UNCLASSIFIED|LF=LOOK_FOR_transition_chop_near_vwap,TRANSITION_PERSISTENCE,transition_persistence,LONG,3228.14,3239.39,3227.84,3237.88,3235.036666666667,17.55408991678382,3270.1448465002345,3199.928486833099,NY_PM,UP,0.40976549223972,TRANSITION_UNCLASSIFIED
XAUUSD.mg,2025-05-02 00:00:00,2025-05-02 00:00:00,ALLOW,STATE=TRANSITION|QL=TRANSITION_UNCLASSIFIED|LF=LOOK_FOR_transition_chop_near_vwap,TRANSITION_PERSISTENCE,transition_persistence,LONG,3240.82,3243.12,3232.45,3237.11,3235.6452862213614,17.627764107227943,3270.900814435817,3200.3897580069056,ASIA,UP,0.4756146715034283,TRANSITION_UNCLASSIFIED
XAUUSD.mg,2025-05-02 14:00:00,2025-05-02 14:00:00,ALLOW,STATE=TRANSITION|QL=TRANSITION_UNCLASSIFIED|LF=LOOK_FOR_transition_chop_near_vwap,TRANSITION_PERSISTENCE,transition_persistence,LONG,3262.41,3264.68,3239.3,3250.37,3246.6110843663278,19.20673958591248,3285.024563538152,3208.1976051945026,NY,UP,0.7103298070939644,TRANSITION_UNCLASSIFIED
XAUUSD.mg,2025-05-09 06:00:00,2025-05-09 06:00:00,ALLOW,STATE=TRANSITION|QL=TRANSITION_UNCLASSIFIED|LF=LOOK_FOR_transition_chop_near_vwap,TRANSITION_PERSISTENCE,transition_persistence,LONG,3307.89,3330.04,3307.89,3321.22,3305.37368473304,27.410420234433293,3360.1945252019063,3250.552844264173,ASIA,UP,0.4936093799514099,TRANSITION_UNCLASSIFIED
XAUUSD.mg,2025-05-12 22:00:00,2025-05-12 22:00:00,ALLOW,STATE=TRANSITION|QL=TRANSITION_UNCLASSIFIED|LF=LOOK_FOR_transition_chop_near_vwap,TRANSITION_PERSISTENCE,transition_persistence,LONG,3235.21,3238.16,3232.34,3234.7,3235.066666666667,24.9034298747928,3284.873526416253,3185.2598069170813,NY_PM,UP,0.2476520470502401,TRANSITION_UNCLASSIFIED
XAUUSD.mg,2025-05-13 00:00:00,2025-05-13 00:00:00,ALLOW,STATE=TRANSITION|QL=TRANSITION_UNCLASSIFIED|LF=LOOK_FOR_transition_chop_near_vwap,TRANSITION_PERSISTENCE,transition_persistence,LONG,3239.14,3241.35,3229.75,3236.65,3235.6621124549574,23.107252532682,3281.8766175203214,3189.447607389593,ASIA,UP,0.3540931760126519,TRANSITION_UNCLASSIFIED
XAUUSD.mg,2025-05-16 00:00:00,2025-05-16 00:00:00,ALLOW,STATE=TRANSITION|QL=TRANSITION_UNCLASSIFIED|LF=LOOK_FOR_transition_chop_near_vwap,TRANSITION_PERSISTENCE,transition_persistence,LONG,3239.19,3251.9,3236.33,3236.94,3239.073315534833,25.61038295537755,3290.2940814455883,3187.8525496240777,ASIA,UP,0.8861491628614915,TRANSITION_UNCLASSIFIED
XAUUSD.mg,2025-05-16 02:00:00,2025-05-16 02:00:00,ALLOW,STATE=TRANSITION|QL=TRANSITION_UNCLASSIFIED|LF=LOOK_FOR_transition_chop_near_vwap,TRANSITION_PERSISTENCE,transition_persistence,LONG,3236.95,3244.28,3214.74,3222.1,3233.84173587666,25.612174447066515,3285.066084770793,3182.617386982527,ASIA,UP,0.7732115677321144,TRANSITION_UNCLASSIFIED
XAUUSD.mg,2025-05-19 00:00:00,2025-05-19 00:00:00,ALLOW,STATE=TRANSITION|QL=TRANSITION_UNCLASSIFIED|LF=LOOK_FOR_transition_chop_near_vwap,TRANSITION_PERSISTENCE,transition_persistence,LONG,3211.8,3245.1,3206.05,3234.61,3228.5866666666666,24.21625607411795,3277.0191788149023,3180.154154518431,ASIA,UP,0.8847379408856191,TRANSITION_UNCLASSIFIED
XAUUSD.mg,2025-05-19 02:00:00,2025-05-19 02:00:00,ALLOW,STATE=TRANSITION|QL=TRANSITION_UNCLASSIFIED|LF=LOOK_FOR_transition_chop_near_vwap,TRANSITION_PERSISTENCE,transition_persistence,LONG,3234.62,3249.59,3214.45,3218.17,3226.3118015421865,24.210793907669515,3274.733389357525,3177.8902137268474,ASIA,UP,0.670994764397905,TRANSITION_UNCLASSIFIED
XAUUSD.mg,2025-05-19 04:00:00,2025-05-19 04:00:00,ALLOW,STATE=TRANSITION|QL=TRANSITION_UNCLASSIFIED|LF=LOOK_FOR_transition_chop_near_vwap,TRANSITION_PERSISTENCE,transition_persistence,LONG,3218.17,3230.32,3207.88,3212.0,3224.9431690075967,24.21869370838865,3273.380556424374,3176.5057815908194,ASIA,UP,0.6063874345549723,TRANSITION_UNCLASSIFIED
XAUUSD.mg,2025-05-22 06:00:00,2025-05-22 06:00:00,ALLOW,STATE=TRANSITION|QL=TRANSITION_UNCLASSIFIED|LF=LOOK_FOR_transition_chop_near_vwap,TRANSITION_PERSISTENCE,transition_persistence,LONG,3335.15,3339.26,3325.98,3332.11,3328.490013174305,19.705023924034677,3367.9000610223748,3289.079965326236,ASIA,UP,0.7622096213645513,TRANSITION_UNCLASSIFIED
XAUUSD.mg,2025-05-22 08:00:00,2025-05-22 08:00:00,ALLOW,STATE=TRANSITION|QL=TRANSITION_UNCLASSIFIED|LF=LOOK_FOR_transition_chop_near_vwap,TRANSITION_PERSISTENCE,transition_persistence,LONG,3332.15,3335.32,3322.4,3327.48,3328.495030789309,19.48954453070303,3367.4741198507154,3289.515941727903,LONDON,UP,0.6775196634351548,TRANSITION_UNCLASSIFIED
XAUUSD.mg,2025-05-28 14:00:00,2025-05-28 14:00:00,ALLOW,STATE=TRANSITION|QL=TRANSITION_UNCLASSIFIED|LF=LOOK_FOR_transition_chop_near_vwap,TRANSITION_PERSISTENCE,transition_persistence,LONG,3310.89,3316.18,3297.42,3304.94,3307.28000461676,18.87766488026733,3345.0353343772945,3269.5246748562254,NY,UP,0.4960159362549837,TRANSITION_UNCLASSIFIED
XAUUSD.mg,2025-05-29 22:00:00,2025-05-29 22:00:00,ALLOW,STATE=TRANSITION|QL=TRANSITION_UNCLASSIFIED|LF=LOOK_FOR_transition_chop_near_vwap,TRANSITION_PERSISTENCE,transition_persistence,LONG,3316.4,3318.02,3315.27,3317.42,3316.903333333333,18.25225865457696,3353.407850642487,3280.3988160241797,NY_PM,UP,0.8409329446064154,TRANSITION_UNCLASSIFIED
XAUUSD.mg,2025-06-04 04:00:00,2025-06-04 04:00:00,ALLOW,STATE=TRANSITION|QL=TRANSITION_UNCLASSIFIED|LF=LOOK_FOR_transition_chop_near_vwap,TRANSITION_PERSISTENCE,transition_persistence,LONG,3370.68,3372.36,3358.16,3358.93,3360.207869061854,20.46085906512765,3401.1295871921093,3319.286150931599,ASIA,UP,0.6590505204366545,TRANSITION_UNCLASSIFIED
XAUUSD.mg,2025-06-09 14:00:00,2025-06-09 14:00:00,ALLOW,STATE=TRANSITION|QL=TRANSITION_UNCLASSIFIED|LF=LOOK_FOR_transition_chop_near_vwap,TRANSITION_PERSISTENCE,transition_persistence,LONG,3317.25,3322.22,3310.56,3319.02,3311.325376155334,12.261936734547229,3335.8492496244285,3286.80150268624,NY,UP,0.4978565861262685,TRANSITION_UNCLASSIFIED
XAUUSD.mg,2025-06-09 22:00:00,2025-06-09 22:00:00,ALLOW,STATE=TRANSITION|QL=TRANSITION_UNCLASSIFIED|LF=LOOK_FOR_transition_chop_near_vwap,TRANSITION_PERSISTENCE,transition_persistence,LONG,3326.82,3329.32,3324.76,3325.37,3326.4833333333336,12.414193022235876,3351.3117193778053,3301.654947288862,NY_PM,UP,0.7173375309197191,TRANSITION_UNCLASSIFIED
XAUUSD.mg,2025-06-10 00:00:00,2025-06-10 00:00:00,ALLOW,STATE=TRANSITION|QL=TRANSITION_UNCLASSIFIED|LF=LOOK_FOR_transition_chop_near_vwap,TRANSITION_PERSISTENCE,transition_persistence,LONG,3326.9,3327.68,3321.25,3326.59,3326.001714017815,12.28027079914871,3350.5622556161125,3301.441172419518,ASIA,UP,0.7447717562401655,TRANSITION_UNCLASSIFIED
XAUUSD.mg,2025-06-12 10:00:00,2025-06-12 10:00:00,ALLOW,STATE=TRANSITION|QL=TRANSITION_UNCLASSIFIED|LF=LOOK_FOR_transition_chop_near_vwap,TRANSITION_PERSISTENCE,transition_persistence,LONG,3345.97,3367.71,3345.97,3365.22,3361.7184371269973,12.173458971240294,3386.065355069478,3337.3715191845167,LONDON,UP,0.7885636021229191,TRANSITION_UNCLASSIFIED
XAUUSD.mg,2025-06-20 20:00:00,2025-06-20 20:00:00,ALLOW,STATE=TRANSITION|QL=TRANSITION_UNCLASSIFIED|LF=LOOK_FOR_transition_chop_near_vwap,TRANSITION_PERSISTENCE,transition_persistence,LONG,3367.22,3370.5,3364.4,3365.36,3358.149869816747,9.405620080185765,3376.9611099771187,3339.338629656376,NY_PM,UP,0.7392961876832875,TRANSITION_UNCLASSIFIED
XAUUSD.mg,2025-06-30 22:00:00,2025-06-30 22:00:00,ALLOW,STATE=TRANSITION|QL=TRANSITION_UNCLASSIFIED|LF=LOOK_FOR_transition_chop_near_vwap,TRANSITION_PERSISTENCE,transition_persistence,LONG,3308.39,3309.02,3302.16,3302.74,3304.6399999999994,13.294355118468156,3331.2287102369355,3278.051289763064,NY_PM,UP,0.8927209418006921,TRANSITION_UNCLASSIFIED
XAUUSD.mg,2025-07-02 22:00:00,2025-07-02 22:00:00,ALLOW,STATE=TRANSITION|QL=TRANSITION_UNCLASSIFIED|LF=LOOK_FOR_transition_chop_near_vwap,TRANSITION_PERSISTENCE,transition_persistence,LONG,3358.06,3359.79,3355.39,3356.86,3357.346666666667,15.007138513118548,3387.360943692904,3327.33238964043,NY_PM,UP,0.909595803764275,TRANSITION_UNCLASSIFIED
XAUUSD.mg,2025-07-03 04:00:00,2025-07-03 04:00:00,ALLOW,STATE=TRANSITION|QL=TRANSITION_UNCLASSIFIED|LF=LOOK_FOR_transition_chop_near_vwap,TRANSITION_PERSISTENCE,transition_persistence,LONG,3345.79,3351.28,3345.24,3347.28,3352.587498556679,15.090628701033957,3382.7687559587466,3322.406241154611,ASIA,UP,0.5216251638269999,TRANSITION_UNCLASSIFIED
XAUUSD.mg,2025-07-03 06:00:00,2025-07-03 06:00:00,ALLOW,STATE=TRANSITION|QL=TRANSITION_UNCLASSIFIED|LF=LOOK_FOR_transition_chop_near_vwap,TRANSITION_PERSISTENCE,transition_persistence,LONG,3347.28,3360.19,3347.18,3359.11,3353.302384273938,15.04919880896152,3383.400781891861,3323.203986656015,ASIA,UP,0.8317169069462632,TRANSITION_UNCLASSIFIED
XAUUSD.mg,2025-07-07 16:00:00,2025-07-07 16:00:00,ALLOW,STATE=TRANSITION|QL=TRANSITION_UNCLASSIFIED|LF=LOOK_FOR_transition_chop_near_vwap,TRANSITION_PERSISTENCE,transition_persistence,LONG,3316.33,3321.76,3313.05,3320.64,3318.8152485292544,10.426989521983788,3339.669227573222,3297.9612694852867,NY,UP,0.5279516511979243,TRANSITION_UNCLASSIFIED
XAUUSD.mg,2025-07-09 22:00:00,2025-07-09 22:00:00,ALLOW,STATE=TRANSITION|QL=TRANSITION_UNCLASSIFIED|LF=LOOK_FOR_transition_chop_near_vwap,TRANSITION_PERSISTENCE,transition_persistence,LONG,3315.61,3315.64,3311.39,3313.36,3313.463333333333,10.153364994223304,3333.77006332178,3293.1566033448867,NY_PM,UP,0.905013192612144,TRANSITION_UNCLASSIFIED
XAUUSD.mg,2025-07-10 00:00:00,2025-07-10 00:00:00,ALLOW,STATE=TRANSITION|QL=TRANSITION_UNCLASSIFIED|LF=LOOK_FOR_transition_chop_near_vwap,TRANSITION_PERSISTENCE,transition_persistence,LONG,3314.0,3320.93,3313.25,3317.42,3315.3981353135314,9.968218468561776,3335.334572250655,3295.461698376408,ASIA,UP,0.9086888657648344,TRANSITION_UNCLASSIFIED
XAUUSD.mg,2025-07-10 02:00:00,2025-07-10 02:00:00,ALLOW,STATE=TRANSITION|QL=TRANSITION_UNCLASSIFIED|LF=LOOK_FOR_transition_chop_near_vwap,TRANSITION_PERSISTENCE,transition_persistence,LONG,3317.41,3326.1,3316.18,3322.01,3317.902770195853,9.868467343889746,3337.6397048836325,3298.165835508073,ASIA,UP,0.9062141710616904,TRANSITION_UNCLASSIFIED
XAUUSD.mg,2025-07-10 16:00:00,2025-07-10 16:00:00,ALLOW,STATE=TRANSITION|QL=TRANSITION_UNCLASSIFIED|LF=LOOK_FOR_transition_chop_near_vwap,TRANSITION_PERSISTENCE,transition_persistence,LONG,3312.47,3321.33,3309.93,3319.42,3319.460481256278,9.465851394846313,3338.3921840459707,3300.528778466585,NY,UP,0.5230219043361686,TRANSITION_UNCLASSIFIED
XAUUSD.mg,2025-07-17 20:00:00,2025-07-17 20:00:00,ALLOW,STATE=TRANSITION|QL=TRANSITION_UNCLASSIFIED|LF=LOOK_FOR_transition_chop_near_vwap,TRANSITION_PERSISTENCE,transition_persistence,LONG,3337.31,3340.53,3335.45,3339.5,3334.5741433336398,9.616885544904282,3353.807914423448,3315.34037224383,NY_PM,UP,0.7064241851676919,TRANSITION_UNCLASSIFIED
XAUUSD.mg,2025-07-24 20:00:00,2025-07-24 20:00:00,ALLOW,STATE=TRANSITION|QL=TRANSITION_UNCLASSIFIED|LF=LOOK_FOR_transition_chop_near_vwap,TRANSITION_PERSISTENCE,transition_persistence,LONG,3369.79,3373.19,3367.22,3370.24,3375.042584662452,14.217281970819624,3403.477148604091,3346.6080207208124,NY_PM,UP,0.4521531100478411,TRANSITION_UNCLASSIFIED
XAUUSD.mg,2025-07-24 22:00:00,2025-07-24 22:00:00,ALLOW,STATE=TRANSITION|QL=TRANSITION_UNCLASSIFIED|LF=LOOK_FOR_transition_chop_near_vwap,TRANSITION_PERSISTENCE,transition_persistence,LONG,3370.27,3370.99,3367.07,3368.32,3368.793333333333,14.19317734791422,3397.1796880291618,3340.4069786375053,NY_PM,UP,0.406220095693783,TRANSITION_UNCLASSIFIED
XAUUSD.mg,2025-07-25 00:00:00,2025-07-25 00:00:00,ALLOW,STATE=TRANSITION|QL=TRANSITION_UNCLASSIFIED|LF=LOOK_FOR_transition_chop_near_vwap,TRANSITION_PERSISTENCE,transition_persistence,LONG,3368.33,3371.18,3364.9,3369.2,3368.5822289277808,14.190694759591556,3396.963618446964,3340.200839408598,ASIA,UP,0.4272727272727222,TRANSITION_UNCLASSIFIED
XAUUSD.mg,2025-07-25 02:00:00,2025-07-25 02:00:00,ALLOW,STATE=TRANSITION|QL=TRANSITION_UNCLASSIFIED|LF=LOOK_FOR_transition_chop_near_vwap,TRANSITION_PERSISTENCE,transition_persistence,LONG,3369.21,3373.28,3366.2,3370.91,3369.120991089289,14.191646318964404,3397.5042837272176,3340.7376984513603,ASIA,UP,0.5243837084673061,TRANSITION_UNCLASSIFIED
XAUUSD.mg,2025-08-07 10:00:00,2025-08-07 10:00:00,ALLOW,STATE=TRANSITION|QL=TRANSITION_UNCLASSIFIED|LF=LOOK_FOR_transition_chop_near_vwap,TRANSITION_PERSISTENCE,transition_persistence,LONG,3395.96,3396.33,3372.21,3376.45,3377.942572300374,13.656839936010188,3405.2562521723944,3350.628892428354,LONDON,UP,0.4712790400816952,TRANSITION_UNCLASSIFIED
XAUUSD.mg,2025-08-07 12:00:00,2025-08-07 12:00:00,ALLOW,STATE=TRANSITION|QL=TRANSITION_UNCLASSIFIED|LF=LOOK_FOR_transition_chop_near_vwap,TRANSITION_PERSISTENCE,transition_persistence,LONG,3376.47,3383.06,3371.62,3378.07,3378.344577108074,13.627855292601588,3405.600287693278,3351.0888665228717,LONDON,UP,0.4858604901696776,TRANSITION_UNCLASSIFIED
XAUUSD.mg,2025-08-07 14:00:00,2025-08-07 14:00:00,ALLOW,STATE=TRANSITION|QL=TRANSITION_UNCLASSIFIED|LF=LOOK_FOR_transition_chop_near_vwap,TRANSITION_PERSISTENCE,transition_persistence,LONG,3378.08,3393.6,3375.09,3384.67,3378.9779107091344,13.627613584993243,3406.233137879121,3351.722683539148,NY,UP,0.6110246029274398,TRANSITION_UNCLASSIFIED
XAUUSD.mg,2025-08-07 22:00:00,2025-08-07 22:00:00,ALLOW,STATE=TRANSITION|QL=TRANSITION_UNCLASSIFIED|LF=LOOK_FOR_transition_chop_near_vwap,TRANSITION_PERSISTENCE,transition_persistence,LONG,3399.53,3401.53,3392.54,3395.79,3396.6200000000003,10.348456176456558,3417.3169123529133,3375.9230876470874,NY_PM,UP,0.8426535087719235,TRANSITION_UNCLASSIFIED
XAUUSD.mg,2025-08-08 00:00:00,2025-08-08 00:00:00,ALLOW,STATE=TRANSITION|QL=TRANSITION_UNCLASSIFIED|LF=LOOK_FOR_transition_chop_near_vwap,TRANSITION_PERSISTENCE,transition_persistence,LONG,3401.55,3408.12,3388.77,3400.17,3398.0484394589243,8.479831884770118,3415.0081032284647,3381.088775689384,ASIA,UP,0.8154167634084079,TRANSITION_UNCLASSIFIED
XAUUSD.mg,2025-08-08 08:00:00,2025-08-08 08:00:00,ALLOW,STATE=TRANSITION|QL=TRANSITION_UNCLASSIFIED|LF=LOOK_FOR_transition_chop_near_vwap,TRANSITION_PERSISTENCE,transition_persistence,LONG,3392.01,3403.98,3388.62,3401.81,3394.715641501051,8.666437783375535,3412.048517067802,3377.3827659343,LONDON,UP,0.8271232876712343,TRANSITION_UNCLASSIFIED
XAUUSD.mg,2025-08-13 18:00:00,2025-08-13 18:00:00,ALLOW,STATE=TRANSITION|QL=TRANSITION_UNCLASSIFIED|LF=LOOK_FOR_transition_chop_near_vwap,TRANSITION_PERSISTENCE,transition_persistence,LONG,3357.68,3360.71,3352.5,3353.39,3353.849215916345,10.121830078642818,3374.092876073631,3333.60555575906,NY_PM,UP,0.3903133903133863,TRANSITION_UNCLASSIFIED
XAUUSD.mg,2025-08-13 20:00:00,2025-08-13 20:00:00,ALLOW,STATE=TRANSITION|QL=TRANSITION_UNCLASSIFIED|LF=LOOK_FOR_transition_chop_near_vwap,TRANSITION_PERSISTENCE,transition_persistence,LONG,3353.44,3358.58,3349.79,3357.6,3354.192065924734,9.999722968043466,3374.191511860821,3334.192619988647,NY_PM,UP,0.5402421652421605,TRANSITION_UNCLASSIFIED
XAUUSD.mg,2025-08-18 12:00:00,2025-08-18 12:00:00,ALLOW,STATE=TRANSITION|QL=TRANSITION_UNCLASSIFIED|LF=LOOK_FOR_transition_chop_near_vwap,TRANSITION_PERSISTENCE,transition_persistence,LONG,3347.72,3351.17,3344.32,3345.22,3341.0218579487296,7.185289310157198,3355.392436569044,3326.651279328415,LONDON,UP,0.6283414774360361,TRANSITION_UNCLASSIFIED
XAUUSD.mg,2025-08-29 00:00:00,2025-08-29 00:00:00,ALLOW,STATE=TRANSITION|QL=TRANSITION_UNCLASSIFIED|LF=LOOK_FOR_transition_chop_near_vwap,TRANSITION_PERSISTENCE,transition_persistence,LONG,3417.45,3418.09,3414.46,3414.46,3417.5472360726376,7.416837467194143,3432.380911007026,3402.713561138249,ASIA,UP,0.7821345105167509,TRANSITION_UNCLASSIFIED
XAUUSD.mg,2025-09-09 12:00:00,2025-09-09 12:00:00,ALLOW,STATE=TRANSITION|QL=TRANSITION_UNCLASSIFIED|LF=LOOK_FOR_transition_chop_near_vwap,TRANSITION_PERSISTENCE,transition_persistence,LONG,3653.41,3655.7,3646.76,3647.85,3643.507762594769,14.117219822826865,3671.742202240423,3615.273322949115,LONDON,UP,0.7481481481481435,TRANSITION_UNCLASSIFIED
XAUUSD.mg,2025-09-16 18:00:00,2025-09-16 18:00:00,ALLOW,STATE=TRANSITION|QL=TRANSITION_UNCLASSIFIED|LF=LOOK_FOR_transition_chop_near_vwap,TRANSITION_PERSISTENCE,transition_persistence,LONG,3686.03,3690.94,3684.46,3687.46,3686.238647301427,10.176197399056534,3706.59104209954,3665.886252503314,NY_PM,UP,0.4590973201692497,TRANSITION_UNCLASSIFIED
XAUUSD.mg,2025-09-17 16:00:00,2025-09-17 16:00:00,ALLOW,STATE=TRANSITION|QL=TRANSITION_UNCLASSIFIED|LF=LOOK_FOR_transition_chop_near_vwap,TRANSITION_PERSISTENCE,transition_persistence,LONG,3678.47,3686.96,3676.64,3684.04,3679.5156939369263,10.119107271496404,3699.753908479919,3659.277479393933,NY,UP,0.6861687020732697,TRANSITION_UNCLASSIFIED
XAUUSD.mg,2025-09-18 00:00:00,2025-09-18 00:00:00,ALLOW,STATE=TRANSITION|QL=TRANSITION_UNCLASSIFIED|LF=LOOK_FOR_transition_chop_near_vwap,TRANSITION_PERSISTENCE,transition_persistence,LONG,3660.89,3671.65,3654.74,3668.8,3662.843233381049,10.499461330066662,3683.842156041183,3641.844310720916,ASIA,UP,0.3734900424420535,TRANSITION_UNCLASSIFIED
XAUUSD.mg,2025-09-26 22:00:00,2025-09-26 22:00:00,ALLOW,STATE=TRANSITION|QL=TRANSITION_UNCLASSIFIED|LF=LOOK_FOR_transition_chop_near_vwap,TRANSITION_PERSISTENCE,transition_persistence,LONG,3766.51,3769.45,3760.85,3761.23,3763.843333333333,13.578066168190398,3790.9994656697136,3736.687200996952,NY_PM,UP,0.5472233481961881,TRANSITION_UNCLASSIFIED
XAUUSD.mg,2025-09-29 00:00:00,2025-09-29 00:00:00,ALLOW,STATE=TRANSITION|QL=TRANSITION_UNCLASSIFIED|LF=LOOK_FOR_transition_chop_near_vwap,TRANSITION_PERSISTENCE,transition_persistence,LONG,3760.96,3772.21,3760.91,3766.36,3766.493333333333,12.719698581695445,3791.932730496724,3741.0539361699434,ASIA,UP,0.651195784353466,TRANSITION_UNCLASSIFIED
XAUUSD.mg,2025-09-29 02:00:00,2025-09-29 02:00:00,ALLOW,STATE=TRANSITION|QL=TRANSITION_UNCLASSIFIED|LF=LOOK_FOR_transition_chop_near_vwap,TRANSITION_PERSISTENCE,transition_persistence,LONG,3766.41,3788.37,3763.61,3778.46,3773.042568246435,12.706842337125009,3798.456252920685,3747.628883572185,ASIA,UP,0.8169560398965667,TRANSITION_UNCLASSIFIED
XAUUSD.mg,2025-09-30 08:00:00,2025-09-30 08:00:00,ALLOW,STATE=TRANSITION|QL=TRANSITION_UNCLASSIFIED|LF=LOOK_FOR_transition_chop_near_vwap,TRANSITION_PERSISTENCE,transition_persistence,LONG,3869.67,3871.51,3839.39,3843.62,3846.743407714314,15.150833797863832,3877.0450753100417,3816.441740118586,LONDON,UP,0.5723048612175998,TRANSITION_UNCLASSIFIED
XAUUSD.mg,2025-10-03 06:00:00,2025-10-03 06:00:00,ALLOW,STATE=TRANSITION|QL=TRANSITION_UNCLASSIFIED|LF=LOOK_FOR_transition_chop_near_vwap,TRANSITION_PERSISTENCE,transition_persistence,LONG,3842.53,3858.9,3841.4,3854.85,3852.960116412429,16.46153637561002,3885.883189163649,3820.037043661209,ASIA,UP,0.4601346104064177,TRANSITION_UNCLASSIFIED
XAUUSD.mg,2025-10-03 08:00:00,2025-10-03 08:00:00,ALLOW,STATE=TRANSITION|QL=TRANSITION_UNCLASSIFIED|LF=LOOK_FOR_transition_chop_near_vwap,TRANSITION_PERSISTENCE,transition_persistence,LONG,3854.86,3864.96,3850.8,3863.92,3853.5379631670735,16.44422088720554,3886.4264049414846,3820.6495213926623,LONDON,UP,0.5775304167745279,TRANSITION_UNCLASSIFIED
XAUUSD.mg,2025-10-14 06:00:00,2025-10-14 06:00:00,ALLOW,STATE=TRANSITION|QL=TRANSITION_UNCLASSIFIED|LF=LOOK_FOR_transition_chop_near_vwap,TRANSITION_PERSISTENCE,transition_persistence,LONG,4162.88,4179.5,4110.83,4120.99,4133.87414416002,21.96073014089685,4177.795604441813,4089.952683878226,ASIA,UP,0.5124979170138292,TRANSITION_UNCLASSIFIED
XAUUSD.mg,2025-10-14 08:00:00,2025-10-14 08:00:00,ALLOW,STATE=TRANSITION|QL=TRANSITION_UNCLASSIFIED|LF=LOOK_FOR_transition_chop_near_vwap,TRANSITION_PERSISTENCE,transition_persistence,LONG,4120.88,4133.6,4090.3,4126.14,4133.466422609828,22.126748510129502,4177.719919630087,4089.212925589569,LONDON,UP,0.5176279153860086,TRANSITION_UNCLASSIFIED
XAUUSD.mg,2025-10-14 10:00:00,2025-10-14 10:00:00,ALLOW,STATE=TRANSITION|QL=TRANSITION_UNCLASSIFIED|LF=LOOK_FOR_transition_chop_near_vwap,TRANSITION_PERSISTENCE,transition_persistence,LONG,4126.2,4144.82,4121.71,4127.45,4133.280482952893,22.26476623620033,4177.810015425294,4088.750950480493,LONDON,UP,0.5199667988564026,TRANSITION_UNCLASSIFIED
XAUUSD.mg,2025-10-14 12:00:00,2025-10-14 12:00:00,ALLOW,STATE=TRANSITION|QL=TRANSITION_UNCLASSIFIED|LF=LOOK_FOR_transition_chop_near_vwap,TRANSITION_PERSISTENCE,transition_persistence,LONG,4127.33,4144.09,4124.77,4130.25,4133.290943438379,22.270145065307467,4177.831233568994,4088.750653307765,LONDON,UP,0.5375152596487923,TRANSITION_UNCLASSIFIED
XAUUSD.mg,2025-10-14 18:00:00,2025-10-14 18:00:00,ALLOW,STATE=TRANSITION|QL=TRANSITION_UNCLASSIFIED|LF=LOOK_FOR_transition_chop_near_vwap,TRANSITION_PERSISTENCE,transition_persistence,LONG,4137.84,4155.05,4127.75,4148.08,4134.02588268447,21.862591399705376,4177.751065483881,4090.300699885059,NY_PM,UP,0.6477578475336307,TRANSITION_UNCLASSIFIED
XAUUSD.mg,2025-10-17 02:00:00,2025-10-17 02:00:00,ALLOW,STATE=TRANSITION|QL=TRANSITION_UNCLASSIFIED|LF=LOOK_FOR_transition_chop_near_vwap,TRANSITION_PERSISTENCE,transition_persistence,LONG,4365.52,4371.49,4278.79,4313.84,4333.646458365281,19.61401716396728,4372.874492693216,4294.418424037347,ASIA,UP,0.6289000227738546,TRANSITION_UNCLASSIFIED
XAUUSD.mg,2025-10-24 18:00:00,2025-10-24 18:00:00,ALLOW,STATE=TRANSITION|QL=TRANSITION_UNCLASSIFIED|LF=LOOK_FOR_transition_chop_near_vwap,TRANSITION_PERSISTENCE,transition_persistence,LONG,4130.45,4138.49,4105.59,4107.39,4103.639168953044,57.98933472442064,4219.617838401885,3987.6604995042026,NY_PM,UP,0.6318796992481251,TRANSITION_UNCLASSIFIED
XAUUSD.mg,2025-10-24 20:00:00,2025-10-24 20:00:00,ALLOW,STATE=TRANSITION|QL=TRANSITION_UNCLASSIFIED|LF=LOOK_FOR_transition_chop_near_vwap,TRANSITION_PERSISTENCE,transition_persistence,LONG,4107.41,4117.22,4101.57,4103.8,4102.961492444849,56.25069056635165,4215.462873577552,3990.460111312145,NY_PM,UP,0.5958897243107802,TRANSITION_UNCLASSIFIED
XAUUSD.mg,2025-10-27 00:00:00,2025-10-27 00:00:00,ALLOW,STATE=TRANSITION|QL=TRANSITION_UNCLASSIFIED|LF=LOOK_FOR_transition_chop_near_vwap,TRANSITION_PERSISTENCE,transition_persistence,LONG,4078.91,4108.97,4061.77,4064.33,4078.356666666667,54.60431427899304,4187.565295224653,3969.148038108681,ASIA,UP,0.2002005012531317,TRANSITION_UNCLASSIFIED
XAUUSD.mg,2025-10-27 02:00:00,2025-10-27 02:00:00,ALLOW,STATE=TRANSITION|QL=TRANSITION_UNCLASSIFIED|LF=LOOK_FOR_transition_chop_near_vwap,TRANSITION_PERSISTENCE,transition_persistence,LONG,4064.33,4097.44,4058.1,4081.67,4080.8413777318506,51.85578588144414,4184.552949494739,3977.1298059689625,ASIA,UP,0.3740350877192994,TRANSITION_UNCLASSIFIED
XAUUSD.mg,2025-10-28 20:00:00,2025-10-28 20:00:00,ALLOW,STATE=TRANSITION|QL=TRANSITION_UNCLASSIFIED|LF=LOOK_FOR_transition_chop_near_vwap,TRANSITION_PERSISTENCE,transition_persistence,LONG,3962.21,3963.86,3945.08,3960.07,3964.05242176506,28.44140317605031,4020.93522811716,3907.169615412959,NY_PM,UP,0.5537016159338611,TRANSITION_UNCLASSIFIED
XAUUSD.mg,2025-11-07 04:00:00,2025-11-07 04:00:00,ALLOW,STATE=TRANSITION|QL=TRANSITION_UNCLASSIFIED|LF=LOOK_FOR_transition_chop_near_vwap,TRANSITION_PERSISTENCE,transition_persistence,LONG,4001.53,4003.0,3988.04,3990.24,3987.1555954209966,16.52915465942882,4020.213904739854,3954.097286102139,ASIA,UP,0.4593390271073101,TRANSITION_UNCLASSIFIED
XAUUSD.mg,2025-11-12 22:00:00,2025-11-12 22:00:00,ALLOW,STATE=TRANSITION|QL=TRANSITION_UNCLASSIFIED|LF=LOOK_FOR_transition_chop_near_vwap,TRANSITION_PERSISTENCE,transition_persistence,LONG,4197.02,4199.42,4190.53,4195.74,4195.2300000000005,20.480541060190674,4236.191082120382,4154.268917879619,NY_PM,UP,0.860537281673903,TRANSITION_UNCLASSIFIED
XAUUSD.mg,2025-11-13 00:00:00,2025-11-13 00:00:00,ALLOW,STATE=TRANSITION|QL=TRANSITION_UNCLASSIFIED|LF=LOOK_FOR_transition_chop_near_vwap,TRANSITION_PERSISTENCE,transition_persistence,LONG,4196.41,4207.95,4187.17,4190.88,4195.281666666667,20.48862704971759,4236.258920766102,4154.304412567231,ASIA,UP,0.8174483553506503,TRANSITION_UNCLASSIFIED
XAUUSD.mg,2025-11-13 02:00:00,2025-11-13 02:00:00,ALLOW,STATE=TRANSITION|QL=TRANSITION_UNCLASSIFIED|LF=LOOK_FOR_transition_chop_near_vwap,TRANSITION_PERSISTENCE,transition_persistence,LONG,4190.88,4209.0,4179.87,4192.08,4194.443689744957,20.498596136762828,4235.440882018483,4153.446497471431,ASIA,UP,0.8280875964181192,TRANSITION_UNCLASSIFIED
XAUUSD.mg,2025-11-18 08:00:00,2025-11-18 08:00:00,ALLOW,STATE=TRANSITION|QL=TRANSITION_UNCLASSIFIED|LF=LOOK_FOR_transition_chop_near_vwap,TRANSITION_PERSISTENCE,transition_persistence,LONG,4018.68,4020.23,3997.72,4013.42,4026.883644541125,30.87653284820984,4088.636710237545,3965.1305788447057,LONDON,UP,0.1601060575158087,TRANSITION_UNCLASSIFIED
XAUUSD.mg,2025-11-18 12:00:00,2025-11-18 12:00:00,ALLOW,STATE=TRANSITION|QL=TRANSITION_UNCLASSIFIED|LF=LOOK_FOR_transition_chop_near_vwap,TRANSITION_PERSISTENCE,transition_persistence,LONG,4039.97,4050.18,4036.76,4039.22,4027.960895157865,30.93657248950805,4089.834040136881,3966.0877501788486,LONDON,UP,0.4401781926177335,TRANSITION_UNCLASSIFIED
XAUUSD.mg,2025-11-19 16:00:00,2025-11-19 16:00:00,ALLOW,STATE=TRANSITION|QL=TRANSITION_UNCLASSIFIED|LF=LOOK_FOR_transition_chop_near_vwap,TRANSITION_PERSISTENCE,transition_persistence,LONG,4110.42,4132.62,4089.96,4096.36,4084.171502685876,29.69735159558389,4143.566205877044,4024.776799494708,NY,UP,0.6073207710634575,TRANSITION_UNCLASSIFIED
XAUUSD.mg,2025-11-21 16:00:00,2025-11-21 16:00:00,ALLOW,STATE=TRANSITION|QL=TRANSITION_UNCLASSIFIED|LF=LOOK_FOR_transition_chop_near_vwap,TRANSITION_PERSISTENCE,transition_persistence,LONG,4079.89,4083.68,4054.89,4069.46,4061.1473395459857,19.778501590272988,4100.704342726532,4021.59033636544,NY,UP,0.7116545893719811,TRANSITION_UNCLASSIFIED
XAUUSD.mg,2025-11-26 14:00:00,2025-11-26 14:00:00,ALLOW,STATE=TRANSITION|QL=TRANSITION_UNCLASSIFIED|LF=LOOK_FOR_transition_chop_near_vwap,TRANSITION_PERSISTENCE,transition_persistence,LONG,4171.33,4173.21,4148.36,4153.09,4150.28780502116,15.158946008432489,4180.605697038025,4119.969913004295,NY,UP,0.6771501925545573,TRANSITION_UNCLASSIFIED
XAUUSD.mg,2025-11-26 22:00:00,2025-11-26 22:00:00,ALLOW,STATE=TRANSITION|QL=TRANSITION_UNCLASSIFIED|LF=LOOK_FOR_transition_chop_near_vwap,TRANSITION_PERSISTENCE,transition_persistence,LONG,4163.14,4167.25,4161.09,4163.8,4164.046666666666,14.868255578281916,4193.78317782323,4134.310155510102,NY_PM,UP,0.7841247992658907,TRANSITION_UNCLASSIFIED
XAUUSD.mg,2025-11-27 02:00:00,2025-11-27 02:00:00,ALLOW,STATE=TRANSITION|QL=TRANSITION_UNCLASSIFIED|LF=LOOK_FOR_transition_chop_near_vwap,TRANSITION_PERSISTENCE,transition_persistence,LONG,4164.68,4167.0,4148.57,4154.07,4160.839451676148,14.942291234922624,4190.724034145994,4130.954869206303,ASIA,UP,0.4722911497105019,TRANSITION_UNCLASSIFIED
XAUUSD.mg,2025-11-28 08:00:00,2025-11-28 08:00:00,ALLOW,STATE=TRANSITION|QL=TRANSITION_UNCLASSIFIED|LF=LOOK_FOR_transition_chop_near_vwap,TRANSITION_PERSISTENCE,transition_persistence,LONG,4182.18,4188.53,4173.61,4174.58,4177.43552453601,11.609930961437536,4200.655386458885,4154.215662613136,LONDON,UP,0.6032608695652174,TRANSITION_UNCLASSIFIED
XAUUSD.mg,2025-11-28 12:00:00,2025-11-28 12:00:00,ALLOW,STATE=TRANSITION|QL=TRANSITION_UNCLASSIFIED|LF=LOOK_FOR_transition_chop_near_vwap,TRANSITION_PERSISTENCE,transition_persistence,LONG,4166.89,4180.19,4160.74,4171.94,4175.576346925158,11.484693196829005,4198.545733318816,4152.6069605315,LONDON,UP,0.5238203783906912,TRANSITION_UNCLASSIFIED
XAUUSD.mg,2025-12-03 04:00:00,2025-12-03 04:00:00,ALLOW,STATE=TRANSITION|QL=TRANSITION_UNCLASSIFIED|LF=LOOK_FOR_transition_chop_near_vwap,TRANSITION_PERSISTENCE,transition_persistence,LONG,4214.26,4228.54,4213.99,4220.83,4210.726276493611,13.694282110631017,4238.114840714873,4183.33771227235,ASIA,UP,0.8583208395802122,TRANSITION_UNCLASSIFIED
XAUUSD.mg,2025-12-03 06:00:00,2025-12-03 06:00:00,ALLOW,STATE=TRANSITION|QL=TRANSITION_UNCLASSIFIED|LF=LOOK_FOR_transition_chop_near_vwap,TRANSITION_PERSISTENCE,transition_persistence,LONG,4220.83,4225.04,4203.37,4207.41,4210.588613667001,13.70554326559476,4237.99970019819,4183.177527135811,ASIA,UP,0.6571214392803605,TRANSITION_UNCLASSIFIED
XAUUSD.mg,2025-12-03 08:00:00,2025-12-03 08:00:00,ALLOW,STATE=TRANSITION|QL=TRANSITION_UNCLASSIFIED|LF=LOOK_FOR_transition_chop_near_vwap,TRANSITION_PERSISTENCE,transition_persistence,LONG,4207.55,4211.55,4199.99,4206.15,4210.4206494435375,13.724307137309486,4237.869263718157,4182.972035168918,LONDON,UP,0.6382308845577185,TRANSITION_UNCLASSIFIED
XAUUSD.mg,2025-12-04 16:00:00,2025-12-04 16:00:00,ALLOW,STATE=TRANSITION|QL=TRANSITION_UNCLASSIFIED|LF=LOOK_FOR_transition_chop_near_vwap,TRANSITION_PERSISTENCE,transition_persistence,LONG,4198.07,4213.13,4191.21,4207.29,4198.81182256565,14.30797715341268,4227.427776872475,4170.195868258825,NY,UP,0.6506767515923515,TRANSITION_UNCLASSIFIED
XAUUSD.mg,2025-12-04 20:00:00,2025-12-04 20:00:00,ALLOW,STATE=TRANSITION|QL=TRANSITION_UNCLASSIFIED|LF=LOOK_FOR_transition_chop_near_vwap,TRANSITION_PERSISTENCE,transition_persistence,LONG,4216.3,4217.2,4199.39,4208.73,4199.6056797611445,14.501651315516632,4228.6089823921775,4170.602377130112,NY_PM,UP,0.7620004465282256,TRANSITION_UNCLASSIFIED
XAUUSD.mg,2025-12-11 22:00:00,2025-12-11 22:00:00,ALLOW,STATE=TRANSITION|QL=TRANSITION_UNCLASSIFIED|LF=LOOK_FOR_transition_chop_near_vwap,TRANSITION_PERSISTENCE,transition_persistence,LONG,4273.39,4276.23,4264.1,4276.15,4272.16,13.454662865275193,4299.06932573055,4245.2506742694495,NY_PM,UP,0.8834476003917678,TRANSITION_UNCLASSIFIED
XAUUSD.mg,2025-12-12 00:00:00,2025-12-12 00:00:00,ALLOW,STATE=TRANSITION|QL=TRANSITION_UNCLASSIFIED|LF=LOOK_FOR_transition_chop_near_vwap,TRANSITION_PERSISTENCE,transition_persistence,LONG,4279.88,4283.38,4272.33,4276.33,4273.381666666667,13.358922358690815,4300.099511384049,4246.663821949285,ASIA,UP,0.8856513222331034,TRANSITION_UNCLASSIFIED
XAUUSD.mg,2025-12-12 02:00:00,2025-12-12 02:00:00,ALLOW,STATE=TRANSITION|QL=TRANSITION_UNCLASSIFIED|LF=LOOK_FOR_transition_chop_near_vwap,TRANSITION_PERSISTENCE,transition_persistence,LONG,4276.33,4279.97,4264.29,4270.96,4273.108193172356,13.360664977653917,4299.829523127663,4246.386863217048,ASIA,UP,0.8199069539666995,TRANSITION_UNCLASSIFIED
XAUUSD.mg,2025-12-12 16:00:00,2025-12-12 16:00:00,ALLOW,STATE=TRANSITION|QL=TRANSITION_UNCLASSIFIED|LF=LOOK_FOR_transition_chop_near_vwap,TRANSITION_PERSISTENCE,transition_persistence,LONG,4340.82,4353.35,4282.86,4289.98,4291.38715230058,17.36839612512212,4326.1239445508245,4256.650360050336,NY,UP,0.3866627951993764,TRANSITION_UNCLASSIFIED
XAUUSD.mg,2025-12-12 18:00:00,2025-12-12 18:00:00,ALLOW,STATE=TRANSITION|QL=TRANSITION_UNCLASSIFIED|LF=LOOK_FOR_transition_chop_near_vwap,TRANSITION_PERSISTENCE,transition_persistence,LONG,4290.2,4298.13,4257.52,4294.38,4292.833877235723,17.330233641743437,4327.494344519209,4258.173409952236,NY_PM,UP,0.3846394657205437,TRANSITION_UNCLASSIFIED
XAUUSD.mg,2025-12-12 20:00:00,2025-12-12 20:00:00,ALLOW,STATE=TRANSITION|QL=TRANSITION_UNCLASSIFIED|LF=LOOK_FOR_transition_chop_near_vwap,TRANSITION_PERSISTENCE,transition_persistence,LONG,4294.98,4303.33,4289.59,4296.5,4294.012711546342,16.94967877795973,4327.912069102262,4260.113353990422,NY_PM,UP,0.4067619743295376,TRANSITION_UNCLASSIFIED
XAUUSD.mg,2025-12-15 04:00:00,2025-12-15 04:00:00,ALLOW,STATE=TRANSITION|QL=TRANSITION_UNCLASSIFIED|LF=LOOK_FOR_transition_chop_near_vwap,TRANSITION_PERSISTENCE,transition_persistence,LONG,4322.32,4329.51,4319.23,4326.98,4313.816687384724,16.673631646223516,4347.163950677171,4280.469424092277,ASIA,UP,0.7248252113116892,TRANSITION_UNCLASSIFIED
XAUUSD.mg,2025-12-24 04:00:00,2025-12-24 04:00:00,ALLOW,STATE=TRANSITION|QL=TRANSITION_UNCLASSIFIED|LF=LOOK_FOR_transition_chop_near_vwap,TRANSITION_PERSISTENCE,transition_persistence,LONG,4518.68,4519.03,4470.98,4492.97,4501.244490485399,16.058278891398974,4533.361048268197,4469.127932702601,ASIA,UP,0.6582677165354311,TRANSITION_UNCLASSIFIED
XAUUSD.mg,2025-12-24 06:00:00,2025-12-24 06:00:00,ALLOW,STATE=TRANSITION|QL=TRANSITION_UNCLASSIFIED|LF=LOOK_FOR_transition_chop_near_vwap,TRANSITION_PERSISTENCE,transition_persistence,LONG,4492.97,4501.28,4485.0,4488.26,4499.592128034853,16.19442958885876,4531.980987212571,4467.203268857135,ASIA,UP,0.608818897637793,TRANSITION_UNCLASSIFIED
XAUUSD.mg,2025-12-26 18:00:00,2025-12-26 18:00:00,ALLOW,STATE=TRANSITION|QL=TRANSITION_UNCLASSIFIED|LF=LOOK_FOR_transition_chop_near_vwap,TRANSITION_PERSISTENCE,transition_persistence,LONG,4546.31,4549.68,4509.98,4518.96,4506.961716536555,17.683309406359722,4542.328335349274,4471.595097723836,NY_PM,UP,0.6724946695095928,TRANSITION_UNCLASSIFIED
