symbol,episode_id,setup_family,side_intent,meta_baseline_id,start_ts,end_ts,n_bars
XAUUSD.mg,1,state_reinforcement,LONG,STATE_REINFORCEMENT,2023-01-04 16:00:00,2023-01-04 16:00:00,1
XAUUSD.mg,2,transition_persistence,LONG,TRANSITION_PERSISTENCE,2023-01-04 18:00:00,2023-01-04 18:00:00,1
XAUUSD.mg,3,balance_stability,NONE,BALANCE_STABILITY,2023-01-04 22:00:00,2023-01-04 22:00:00,1
XAUUSD.mg,4,transition_persistence,LONG,TRANSITION_PERSISTENCE,2023-01-05 00:00:00,2023-01-05 00:00:00,1
XAUUSD.mg,5,balance_stability,NONE,BALANCE_STABILITY,2023-01-05 06:00:00,2023-01-05 06:00:00,1
XAUUSD.mg,6,transition_persistence,SHORT,TRANSITION_PERSISTENCE,2023-01-05 22:00:00,2023-01-06 00:00:00,2
XAUUSD.mg,7,transition_persistence,LONG,TRANSITION_PERSISTENCE,2023-01-06 02:00:00,2023-01-06 04:00:00,2
XAUUSD.mg,8,state_reinforcement,LONG,STATE_REINFORCEMENT,2023-01-06 18:00:00,2023-01-09 06:00:00,5
XAUUSD.mg,9,state_reinforcement,SHORT,STATE_REINFORCEMENT,2023-01-09 14:00:00,2023-01-09 14:00:00,1
XAUUSD.mg,10,transition_persistence,SHORT,TRANSITION_PERSISTENCE,2023-01-09 18:00:00,2023-01-09 18:00:00,1
XAUUSD.mg,11,balance_stability,NONE,BALANCE_STABILITY,2023-01-10 00:00:00,2023-01-11 12:00:00,7
XAUUSD.mg,12,transition_persistence,SHORT,TRANSITION_PERSISTENCE,2023-01-12 14:00:00,2023-01-12 14:00:00,1
XAUUSD.mg,13,state_reinforcement,LONG,STATE_REINFORCEMENT,2023-01-12 20:00:00,2023-01-12 20:00:00,1
XAUUSD.mg,14,transition_persistence,LONG,TRANSITION_PERSISTENCE,2023-01-12 22:00:00,2023-01-13 04:00:00,4
XAUUSD.mg,15,transition_persistence,SHORT,TRANSITION_PERSISTENCE,2023-01-13 12:00:00,2023-01-13 12:00:00,1
XAUUSD.mg,16,transition_persistence,LONG,TRANSITION_PERSISTENCE,2023-01-13 22:00:00,2023-01-16 00:00:00,2
XAUUSD.mg,17,transition_persistence,SHORT,TRANSITION_PERSISTENCE,2023-01-16 10:00:00,2023-01-16 14:00:00,2
XAUUSD.mg,18,transition_persistence,LONG,TRANSITION_PERSISTENCE,2023-01-17 14:00:00,2023-01-17 14:00:00,1
XAUUSD.mg,19,balance_stability,NONE,BALANCE_STABILITY,2023-01-17 22:00:00,2023-01-17 22:00:00,1
XAUUSD.mg,20,transition_persistence,SHORT,TRANSITION_PERSISTENCE,2023-01-18 02:00:00,2023-01-18 02:00:00,1
XAUUSD.mg,21,transition_persistence,LONG,TRANSITION_PERSISTENCE,2023-01-18 16:00:00,2023-01-18 18:00:00,2
XAUUSD.mg,22,transition_persistence,SHORT,TRANSITION_PERSISTENCE,2023-01-18 22:00:00,2023-01-19 02:00:00,3
XAUUSD.mg,23,transition_persistence,LONG,TRANSITION_PERSISTENCE,2023-01-19 04:00:00,2023-01-20 06:00:00,5
XAUUSD.mg,24,transition_persistence,SHORT,TRANSITION_PERSISTENCE,2023-01-20 10:00:00,2023-01-20 12:00:00,2
XAUUSD.mg,25,balance_stability,NONE,BALANCE_STABILITY,2023-01-20 18:00:00,2023-01-23 00:00:00,4
XAUUSD.mg,26,transition_persistence,SHORT,TRANSITION_PERSISTENCE,2023-01-24 22:00:00,2023-01-24 22:00:00,1
XAUUSD.mg,27,transition_persistence,LONG,TRANSITION_PERSISTENCE,2023-01-25 22:00:00,2023-01-26 02:00:00,3
XAUUSD.mg,28,state_reinforcement,SHORT,STATE_REINFORCEMENT,2023-01-26 08:00:00,2023-01-26 08:00:00,1
XAUUSD.mg,29,transition_persistence,SHORT,TRANSITION_PERSISTENCE,2023-01-26 22:00:00,2023-01-27 08:00:00,3
XAUUSD.mg,30,balance_stability,NONE,BALANCE_STABILITY,2023-01-27 20:00:00,2023-01-30 22:00:00,10
XAUUSD.mg,31,state_reinforcement,SHORT,STATE_REINFORCEMENT,2023-01-31 12:00:00,2023-01-31 12:00:00,1
XAUUSD.mg,32,state_reinforcement,LONG,STATE_REINFORCEMENT,2023-01-31 18:00:00,2023-01-31 20:00:00,2
XAUUSD.mg,33,transition_persistence,LONG,TRANSITION_PERSISTENCE,2023-01-31 22:00:00,2023-02-01 02:00:00,3
XAUUSD.mg,34,balance_stability,NONE,BALANCE_STABILITY,2023-02-01 18:00:00,2023-02-01 18:00:00,1
XAUUSD.mg,35,state_reinforcement,LONG,STATE_REINFORCEMENT,2023-02-02 08:00:00,2023-02-02 08:00:00,1
XAUUSD.mg,36,transition_persistence,LONG,TRANSITION_PERSISTENCE,2023-02-02 12:00:00,2023-02-02 12:00:00,1
XAUUSD.mg,37,transition_persistence,SHORT,TRANSITION_PERSISTENCE,2023-02-02 22:00:00,2023-02-03 08:00:00,5
XAUUSD.mg,38,state_reinforcement,SHORT,STATE_REINFORCEMENT,2023-02-03 18:00:00,2023-02-03 18:00:00,1
XAUUSD.mg,39,transition_persistence,SHORT,TRANSITION_PERSISTENCE,2023-02-03 22:00:00,2023-02-06 02:00:00,3
XAUUSD.mg,40,transition_persistence,LONG,TRANSITION_PERSISTENCE,2023-02-06 10:00:00,2023-02-06 10:00:00,1
XAUUSD.mg,41,balance_stability,NONE,BALANCE_STABILITY,2023-02-07 00:00:00,2023-02-09 14:00:00,15
XAUUSD.mg,42,transition_persistence,SHORT,TRANSITION_PERSISTENCE,2023-02-09 22:00:00,2023-02-10 02:00:00,3
XAUUSD.mg,43,transition_persistence,LONG,TRANSITION_PERSISTENCE,2023-02-10 10:00:00,2023-02-10 16:00:00,4
XAUUSD.mg,44,balance_stability,NONE,BALANCE_STABILITY,2023-02-10 20:00:00,2023-02-13 02:00:00,4
XAUUSD.mg,45,transition_persistence,SHORT,TRANSITION_PERSISTENCE,2023-02-13 22:00:00,2023-02-13 22:00:00,1
XAUUSD.mg,46,balance_stability,NONE,BALANCE_STABILITY,2023-02-14 02:00:00,2023-02-15 00:00:00,8
XAUUSD.mg,47,transition_persistence,SHORT,TRANSITION_PERSISTENCE,2023-02-16 20:00:00,2023-02-16 20:00:00,1
XAUUSD.mg,48,balance_stability,NONE,BALANCE_STABILITY,2023-02-17 00:00:00,2023-02-17 00:00:00,1
XAUUSD.mg,49,transition_persistence,SHORT,TRANSITION_PERSISTENCE,2023-02-17 12:00:00,2023-02-17 14:00:00,2
XAUUSD.mg,50,transition_persistence,LONG,TRANSITION_PERSISTENCE,2023-02-20 00:00:00,2023-02-20 00:00:00,1
XAUUSD.mg,51,state_reinforcement,LONG,STATE_REINFORCEMENT,2023-02-20 06:00:00,2023-02-20 06:00:00,1
XAUUSD.mg,52,balance_stability,NONE,BALANCE_STABILITY,2023-02-21 00:00:00,2023-02-22 16:00:00,8
XAUUSD.mg,53,transition_persistence,SHORT,TRANSITION_PERSISTENCE,2023-02-22 22:00:00,2023-02-23 00:00:00,2
XAUUSD.mg,54,balance_stability,NONE,BALANCE_STABILITY,2023-02-23 20:00:00,2023-02-24 10:00:00,8
XAUUSD.mg,55,transition_persistence,SHORT,TRANSITION_PERSISTENCE,2023-02-24 22:00:00,2023-02-27 04:00:00,4
XAUUSD.mg,56,balance_stability,NONE,BALANCE_STABILITY,2023-02-28 00:00:00,2023-02-28 00:00:00,1
XAUUSD.mg,57,state_reinforcement,LONG,STATE_REINFORCEMENT,2023-02-28 20:00:00,2023-03-01 16:00:00,9
XAUUSD.mg,58,transition_persistence,LONG,TRANSITION_PERSISTENCE,2023-03-01 22:00:00,2023-03-01 22:00:00,1
XAUUSD.mg,59,transition_persistence,SHORT,TRANSITION_PERSISTENCE,2023-03-02 00:00:00,2023-03-02 06:00:00,3
XAUUSD.mg,60,transition_persistence,LONG,TRANSITION_PERSISTENCE,2023-03-03 02:00:00,2023-03-03 04:00:00,2
XAUUSD.mg,61,state_reinforcement,LONG,STATE_REINFORCEMENT,2023-03-03 12:00:00,2023-03-03 20:00:00,4
XAUUSD.mg,62,transition_persistence,LONG,TRANSITION_PERSISTENCE,2023-03-06 02:00:00,2023-03-06 02:00:00,1
XAUUSD.mg,63,transition_persistence,SHORT,TRANSITION_PERSISTENCE,2023-03-06 08:00:00,2023-03-06 08:00:00,1
XAUUSD.mg,64,transition_persistence_flat,NONE,TRANSITION_PERSISTENCE,2023-03-06 12:00:00,2023-03-06 12:00:00,1
XAUUSD.mg,65,state_reinforcement,SHORT,STATE_REINFORCEMENT,2023-03-07 18:00:00,2023-03-07 20:00:00,2
XAUUSD.mg,66,state_reinforcement,LONG,STATE_REINFORCEMENT,2023-03-08 12:00:00,2023-03-08 14:00:00,2
XAUUSD.mg,67,transition_persistence,LONG,TRANSITION_PERSISTENCE,2023-03-08 18:00:00,2023-03-10 04:00:00,4
XAUUSD.mg,68,transition_persistence,SHORT,TRANSITION_PERSISTENCE,2023-03-10 06:00:00,2023-03-10 06:00:00,1
XAUUSD.mg,69,transition_persistence,LONG,TRANSITION_PERSISTENCE,2023-03-10 22:00:00,2023-03-14 02:00:00,7
XAUUSD.mg,70,transition_persistence,SHORT,TRANSITION_PERSISTENCE,2023-03-14 12:00:00,2023-03-14 12:00:00,1
XAUUSD.mg,71,balance_stability,NONE,BALANCE_STABILITY,2023-03-14 18:00:00,2023-03-15 04:00:00,5
XAUUSD.mg,72,state_reinforcement,LONG,STATE_REINFORCEMENT,2023-03-15 16:00:00,2023-03-15 20:00:00,3
XAUUSD.mg,73,transition_persistence,LONG,TRANSITION_PERSISTENCE,2023-03-15 22:00:00,2023-03-16 00:00:00,2
XAUUSD.mg,74,transition_persistence,SHORT,TRANSITION_PERSISTENCE,2023-03-16 04:00:00,2023-03-16 06:00:00,2
XAUUSD.mg,75,balance_stability,NONE,BALANCE_STABILITY,2023-03-17 00:00:00,2023-03-17 02:00:00,2
XAUUSD.mg,76,state_reinforcement,LONG,STATE_REINFORCEMENT,2023-03-17 16:00:00,2023-03-20 02:00:00,4
XAUUSD.mg,77,transition_persistence,LONG,TRANSITION_PERSISTENCE,2023-03-20 04:00:00,2023-03-20 04:00:00,1
XAUUSD.mg,78,transition_persistence,SHORT,TRANSITION_PERSISTENCE,2023-03-20 10:00:00,2023-03-20 10:00:00,1
XAUUSD.mg,79,transition_persistence,LONG,TRANSITION_PERSISTENCE,2023-03-20 12:00:00,2023-03-20 14:00:00,2
XAUUSD.mg,80,transition_persistence,SHORT,TRANSITION_PERSISTENCE,2023-03-20 18:00:00,2023-03-21 00:00:00,2
XAUUSD.mg,81,transition_persistence,LONG,TRANSITION_PERSISTENCE,2023-03-22 22:00:00,2023-03-23 08:00:00,4
XAUUSD.mg,82,state_reinforcement,LONG,STATE_REINFORCEMENT,2023-03-23 14:00:00,2023-03-23 20:00:00,4
XAUUSD.mg,83,transition_persistence,LONG,TRANSITION_PERSISTENCE,2023-03-24 02:00:00,2023-03-24 04:00:00,2
XAUUSD.mg,84,transition_persistence,SHORT,TRANSITION_PERSISTENCE,2023-03-24 06:00:00,2023-03-24 08:00:00,2
XAUUSD.mg,85,transition_persistence,LONG,TRANSITION_PERSISTENCE,2023-03-24 10:00:00,2023-03-24 10:00:00,1
XAUUSD.mg,86,transition_persistence,SHORT,TRANSITION_PERSISTENCE,2023-03-27 04:00:00,2023-03-27 08:00:00,3
XAUUSD.mg,87,transition_persistence,LONG,TRANSITION_PERSISTENCE,2023-03-27 22:00:00,2023-03-28 04:00:00,4
XAUUSD.mg,88,balance_stability,NONE,BALANCE_STABILITY,2023-03-28 08:00:00,2023-03-28 10:00:00,2
XAUUSD.mg,89,state_reinforcement,LONG,STATE_REINFORCEMENT,2023-03-29 02:00:00,2023-03-29 02:00:00,1
XAUUSD.mg,90,balance_stability,NONE,BALANCE_STABILITY,2023-03-30 00:00:00,2023-03-30 14:00:00,5
XAUUSD.mg,91,transition_persistence,LONG,TRANSITION_PERSISTENCE,2023-03-30 22:00:00,2023-03-31 04:00:00,4
XAUUSD.mg,92,transition_persistence,SHORT,TRANSITION_PERSISTENCE,2023-03-31 06:00:00,2023-03-31 06:00:00,1
XAUUSD.mg,93,balance_stability,NONE,BALANCE_STABILITY,2023-03-31 10:00:00,2023-03-31 12:00:00,2
XAUUSD.mg,94,transition_persistence,SHORT,TRANSITION_PERSISTENCE,2023-03-31 22:00:00,2023-04-03 08:00:00,4
XAUUSD.mg,95,transition_persistence,LONG,TRANSITION_PERSISTENCE,2023-04-03 22:00:00,2023-04-04 00:00:00,2
XAUUSD.mg,96,transition_persistence,SHORT,TRANSITION_PERSISTENCE,2023-04-04 06:00:00,2023-04-04 08:00:00,2
XAUUSD.mg,97,transition_persistence,LONG,TRANSITION_PERSISTENCE,2023-04-04 22:00:00,2023-04-05 08:00:00,6
XAUUSD.mg,98,transition_persistence,SHORT,TRANSITION_PERSISTENCE,2023-04-05 18:00:00,2023-04-06 00:00:00,3
XAUUSD.mg,99,balance_stability,NONE,BALANCE_STABILITY,2023-04-06 08:00:00,2023-04-06 08:00:00,1
XAUUSD.mg,100,transition_persistence,SHORT,TRANSITION_PERSISTENCE,2023-04-06 22:00:00,2023-04-11 00:00:00,6
XAUUSD.mg,101,transition_persistence,LONG,TRANSITION_PERSISTENCE,2023-04-11 02:00:00,2023-04-11 02:00:00,1
XAUUSD.mg,102,state_reinforcement,LONG,STATE_REINFORCEMENT,2023-04-11 14:00:00,2023-04-11 16:00:00,2
XAUUSD.mg,103,transition_persistence,SHORT,TRANSITION_PERSISTENCE,2023-04-11 22:00:00,2023-04-11 22:00:00,1
XAUUSD.mg,104,state_reinforcement,LONG,STATE_REINFORCEMENT,2023-04-12 04:00:00,2023-04-12 08:00:00,3
XAUUSD.mg,105,transition_persistence,LONG,TRANSITION_PERSISTENCE,2023-04-12 10:00:00,2023-04-12 12:00:00,2
XAUUSD.mg,106,transition_persistence,SHORT,TRANSITION_PERSISTENCE,2023-04-12 14:00:00,2023-04-12 18:00:00,2
XAUUSD.mg,107,balance_stability,NONE,BALANCE_STABILITY,2023-04-12 22:00:00,2023-04-13 06:00:00,5
XAUUSD.mg,108,transition_persistence,LONG,TRANSITION_PERSISTENCE,2023-04-13 22:00:00,2023-04-14 04:00:00,3
XAUUSD.mg,109,transition_persistence,SHORT,TRANSITION_PERSISTENCE,2023-04-14 06:00:00,2023-04-14 06:00:00,1
XAUUSD.mg,110,state_reinforcement,SHORT,STATE_REINFORCEMENT,2023-04-14 18:00:00,2023-04-14 20:00:00,2
XAUUSD.mg,111,state_reinforcement,LONG,STATE_REINFORCEMENT,2023-04-17 06:00:00,2023-04-17 08:00:00,2
XAUUSD.mg,112,state_reinforcement,SHORT,STATE_REINFORCEMENT,2023-04-17 18:00:00,2023-04-17 18:00:00,1
XAUUSD.mg,113,transition_persistence,SHORT,TRANSITION_PERSISTENCE,2023-04-17 22:00:00,2023-04-18 00:00:00,2
XAUUSD.mg,114,transition_persistence,LONG,TRANSITION_PERSISTENCE,2023-04-18 02:00:00,2023-04-18 06:00:00,3
XAUUSD.mg,115,transition_persistence,SHORT,TRANSITION_PERSISTENCE,2023-04-19 18:00:00,2023-04-19 18:00:00,1
XAUUSD.mg,116,transition_persistence,LONG,TRANSITION_PERSISTENCE,2023-04-19 20:00:00,2023-04-20 04:00:00,4
XAUUSD.mg,117,balance_stability,NONE,BALANCE_STABILITY,2023-04-20 22:00:00,2023-04-21 04:00:00,4
XAUUSD.mg,118,transition_persistence,SHORT,TRANSITION_PERSISTENCE,2023-04-21 22:00:00,2023-04-21 22:00:00,1
XAUUSD.mg,119,balance_stability,NONE,BALANCE_STABILITY,2023-04-24 22:00:00,2023-04-24 22:00:00,1
XAUUSD.mg,120,transition_persistence,LONG,TRANSITION_PERSISTENCE,2023-04-25 04:00:00,2023-04-25 08:00:00,3
XAUUSD.mg,121,transition_persistence,SHORT,TRANSITION_PERSISTENCE,2023-04-25 16:00:00,2023-04-25 16:00:00,1
XAUUSD.mg,122,balance_stability,NONE,BALANCE_STABILITY,2023-04-26 06:00:00,2023-04-27 10:00:00,5
XAUUSD.mg,123,transition_persistence,SHORT,TRANSITION_PERSISTENCE,2023-04-27 18:00:00,2023-04-27 20:00:00,2
XAUUSD.mg,124,balance_stability,NONE,BALANCE_STABILITY,2023-04-28 00:00:00,2023-04-28 00:00:00,1
XAUUSD.mg,125,transition_persistence,LONG,TRANSITION_PERSISTENCE,2023-04-28 04:00:00,2023-04-28 04:00:00,1
XAUUSD.mg,126,transition_persistence,SHORT,TRANSITION_PERSISTENCE,2023-04-28 06:00:00,2023-04-28 06:00:00,1
XAUUSD.mg,127,transition_persistence,LONG,TRANSITION_PERSISTENCE,2023-04-28 20:00:00,2023-04-28 20:00:00,1
XAUUSD.mg,128,balance_stability,NONE,BALANCE_STABILITY,2023-05-01 00:00:00,2023-05-01 00:00:00,1
XAUUSD.mg,129,transition_persistence_flat,NONE,TRANSITION_PERSISTENCE,2023-05-01 16:00:00,2023-05-01 16:00:00,1
XAUUSD.mg,130,transition_persistence,SHORT,TRANSITION_PERSISTENCE,2023-05-02 04:00:00,2023-05-02 04:00:00,1
XAUUSD.mg,131,transition_persistence,LONG,TRANSITION_PERSISTENCE,2023-05-02 06:00:00,2023-05-04 06:00:00,2
XAUUSD.mg,132,transition_persistence,SHORT,TRANSITION_PERSISTENCE,2023-05-04 12:00:00,2023-05-04 12:00:00,1
XAUUSD.mg,133,transition_persistence_flat,NONE,TRANSITION_PERSISTENCE,2023-05-04 14:00:00,2023-05-04 14:00:00,1
XAUUSD.mg,134,transition_persistence,LONG,TRANSITION_PERSISTENCE,2023-05-04 16:00:00,2023-05-04 16:00:00,1
XAUUSD.mg,135,balance_stability,NONE,BALANCE_STABILITY,2023-05-04 20:00:00,2023-05-05 06:00:00,4
XAUUSD.mg,136,state_reinforcement,SHORT,STATE_REINFORCEMENT,2023-05-05 16:00:00,2023-05-05 20:00:00,3
XAUUSD.mg,137,state_reinforcement,LONG,STATE_REINFORCEMENT,2023-05-08 04:00:00,2023-05-08 04:00:00,1
XAUUSD.mg,138,transition_persistence,LONG,TRANSITION_PERSISTENCE,2023-05-08 06:00:00,2023-05-08 06:00:00,1
XAUUSD.mg,139,transition_persistence,SHORT,TRANSITION_PERSISTENCE,2023-05-08 20:00:00,2023-05-09 02:00:00,4
XAUUSD.mg,140,transition_persistence,LONG,TRANSITION_PERSISTENCE,2023-05-09 08:00:00,2023-05-10 04:00:00,6
XAUUSD.mg,141,balance_stability,NONE,BALANCE_STABILITY,2023-05-10 08:00:00,2023-05-10 08:00:00,1
XAUUSD.mg,142,transition_persistence,SHORT,TRANSITION_PERSISTENCE,2023-05-12 00:00:00,2023-05-12 06:00:00,4
XAUUSD.mg,143,transition_persistence,LONG,TRANSITION_PERSISTENCE,2023-05-12 18:00:00,2023-05-12 18:00:00,1
XAUUSD.mg,144,balance_stability,NONE,BALANCE_STABILITY,2023-05-12 22:00:00,2023-05-16 06:00:00,8
XAUUSD.mg,145,transition_persistence,SHORT,TRANSITION_PERSISTENCE,2023-05-16 22:00:00,2023-05-17 04:00:00,4
XAUUSD.mg,146,transition_persistence,LONG,TRANSITION_PERSISTENCE,2023-05-17 06:00:00,2023-05-17 06:00:00,1
XAUUSD.mg,147,balance_stability,NONE,BALANCE_STABILITY,2023-05-18 00:00:00,2023-05-18 00:00:00,1
XAUUSD.mg,148,transition_persistence,LONG,TRANSITION_PERSISTENCE,2023-05-18 02:00:00,2023-05-18 02:00:00,1
XAUUSD.mg,149,state_reinforcement,SHORT,STATE_REINFORCEMENT,2023-05-18 18:00:00,2023-05-18 20:00:00,2
XAUUSD.mg,150,transition_persistence,SHORT,TRANSITION_PERSISTENCE,2023-05-18 22:00:00,2023-05-19 02:00:00,3
XAUUSD.mg,151,transition_persistence,LONG,TRANSITION_PERSISTENCE,2023-05-19 22:00:00,2023-05-22 04:00:00,4
XAUUSD.mg,152,balance_stability,NONE,BALANCE_STABILITY,2023-05-22 08:00:00,2023-05-22 10:00:00,2
XAUUSD.mg,153,transition_persistence,LONG,TRANSITION_PERSISTENCE,2023-05-23 16:00:00,2023-05-24 10:00:00,4
XAUUSD.mg,154,transition_persistence,SHORT,TRANSITION_PERSISTENCE,2023-05-24 14:00:00,2023-05-24 14:00:00,1
XAUUSD.mg,155,transition_persistence,LONG,TRANSITION_PERSISTENCE,2023-05-25 12:00:00,2023-05-25 12:00:00,1
XAUUSD.mg,156,transition_persistence,SHORT,TRANSITION_PERSISTENCE,2023-05-25 22:00:00,2023-05-26 00:00:00,2
XAUUSD.mg,157,balance_stability,NONE,BALANCE_STABILITY,2023-05-26 20:00:00,2023-05-30 02:00:00,10
XAUUSD.mg,158,transition_persistence,SHORT,TRANSITION_PERSISTENCE,2023-05-30 08:00:00,2023-05-30 08:00:00,1
XAUUSD.mg,159,state_reinforcement,LONG,STATE_REINFORCEMENT,2023-05-30 14:00:00,2023-05-30 14:00:00,1
XAUUSD.mg,160,transition_persistence,LONG,TRANSITION_PERSISTENCE,2023-05-31 02:00:00,2023-05-31 02:00:00,1
XAUUSD.mg,161,transition_persistence,SHORT,TRANSITION_PERSISTENCE,2023-05-31 04:00:00,2023-05-31 10:00:00,2
XAUUSD.mg,162,transition_persistence,LONG,TRANSITION_PERSISTENCE,2023-05-31 12:00:00,2023-06-01 00:00:00,4
XAUUSD.mg,163,balance_stability,NONE,BALANCE_STABILITY,2023-06-01 06:00:00,2023-06-01 06:00:00,1
XAUUSD.mg,164,transition_persistence,LONG,TRANSITION_PERSISTENCE,2023-06-01 22:00:00,2023-06-02 06:00:00,4
XAUUSD.mg,165,transition_persistence,SHORT,TRANSITION_PERSISTENCE,2023-06-02 08:00:00,2023-06-02 08:00:00,1
XAUUSD.mg,166,state_reinforcement,SHORT,STATE_REINFORCEMENT,2023-06-05 06:00:00,2023-06-05 12:00:00,3
XAUUSD.mg,167,transition_persistence,LONG,TRANSITION_PERSISTENCE,2023-06-05 22:00:00,2023-06-06 00:00:00,2
XAUUSD.mg,168,balance_stability,NONE,BALANCE_STABILITY,2023-06-07 06:00:00,2023-06-07 10:00:00,2
XAUUSD.mg,169,state_reinforcement,SHORT,STATE_REINFORCEMENT,2023-06-08 00:00:00,2023-06-08 04:00:00,3
XAUUSD.mg,170,state_reinforcement,LONG,STATE_REINFORCEMENT,2023-06-08 06:00:00,2023-06-08 06:00:00,1
XAUUSD.mg,171,transition_persistence,LONG,TRANSITION_PERSISTENCE,2023-06-08 08:00:00,2023-06-08 08:00:00,1
XAUUSD.mg,172,state_reinforcement,LONG,STATE_REINFORCEMENT,2023-06-08 20:00:00,2023-06-08 20:00:00,1
XAUUSD.mg,173,transition_persistence,SHORT,TRANSITION_PERSISTENCE,2023-06-12 04:00:00,2023-06-12 06:00:00,2
XAUUSD.mg,174,transition_persistence,LONG,TRANSITION_PERSISTENCE,2023-06-12 08:00:00,2023-06-12 08:00:00,1
XAUUSD.mg,175,transition_persistence,SHORT,TRANSITION_PERSISTENCE,2023-06-12 16:00:00,2023-06-12 16:00:00,1
XAUUSD.mg,176,balance_stability,NONE,BALANCE_STABILITY,2023-06-12 20:00:00,2023-06-13 08:00:00,2
XAUUSD.mg,177,state_reinforcement,SHORT,STATE_REINFORCEMENT,2023-06-13 20:00:00,2023-06-14 02:00:00,2
XAUUSD.mg,178,state_reinforcement,LONG,STATE_REINFORCEMENT,2023-06-14 04:00:00,2023-06-14 08:00:00,2
XAUUSD.mg,179,transition_persistence,SHORT,TRANSITION_PERSISTENCE,2023-06-15 06:00:00,2023-06-15 10:00:00,2
XAUUSD.mg,180,transition_persistence,LONG,TRANSITION_PERSISTENCE,2023-06-15 22:00:00,2023-06-16 02:00:00,3
XAUUSD.mg,181,transition_persistence_flat,NONE,TRANSITION_PERSISTENCE,2023-06-16 04:00:00,2023-06-16 04:00:00,1
XAUUSD.mg,182,transition_persistence,SHORT,TRANSITION_PERSISTENCE,2023-06-16 16:00:00,2023-06-16 16:00:00,1
XAUUSD.mg,183,transition_persistence,LONG,TRANSITION_PERSISTENCE,2023-06-16 18:00:00,2023-06-16 18:00:00,1
XAUUSD.mg,184,transition_persistence,SHORT,TRANSITION_PERSISTENCE,2023-06-16 22:00:00,2023-06-19 04:00:00,4
XAUUSD.mg,185,state_reinforcement,SHORT,STATE_REINFORCEMENT,2023-06-19 16:00:00,2023-06-19 16:00:00,1
XAUUSD.mg,186,transition_persistence,LONG,TRANSITION_PERSISTENCE,2023-06-20 00:00:00,2023-06-20 00:00:00,1
XAUUSD.mg,187,balance_stability,NONE,BALANCE_STABILITY,2023-06-20 06:00:00,2023-06-20 06:00:00,1
XAUUSD.mg,188,transition_persistence,SHORT,TRANSITION_PERSISTENCE,2023-06-20 22:00:00,2023-06-21 00:00:00,2
XAUUSD.mg,189,transition_persistence,LONG,TRANSITION_PERSISTENCE,2023-06-21 02:00:00,2023-06-21 04:00:00,2
XAUUSD.mg,190,state_reinforcement,SHORT,STATE_REINFORCEMENT,2023-06-21 10:00:00,2023-06-21 10:00:00,1
XAUUSD.mg,191,transition_persistence,SHORT,TRANSITION_PERSISTENCE,2023-06-21 16:00:00,2023-06-22 00:00:00,5
XAUUSD.mg,192,transition_persistence,LONG,TRANSITION_PERSISTENCE,2023-06-22 02:00:00,2023-06-22 02:00:00,1
XAUUSD.mg,193,transition_persistence,SHORT,TRANSITION_PERSISTENCE,2023-06-22 22:00:00,2023-06-23 06:00:00,5
XAUUSD.mg,194,state_reinforcement,LONG,STATE_REINFORCEMENT,2023-06-23 18:00:00,2023-06-23 18:00:00,1
XAUUSD.mg,195,transition_persistence,LONG,TRANSITION_PERSISTENCE,2023-06-23 20:00:00,2023-06-26 00:00:00,3
XAUUSD.mg,196,transition_persistence,SHORT,TRANSITION_PERSISTENCE,2023-06-26 02:00:00,2023-06-26 02:00:00,1
XAUUSD.mg,197,transition_persistence,LONG,TRANSITION_PERSISTENCE,2023-06-26 04:00:00,2023-06-26 06:00:00,2
XAUUSD.mg,198,balance_stability,NONE,BALANCE_STABILITY,2023-06-26 22:00:00,2023-06-27 12:00:00,4
XAUUSD.mg,199,transition_persistence,SHORT,TRANSITION_PERSISTENCE,2023-06-27 22:00:00,2023-06-28 02:00:00,3
XAUUSD.mg,200,transition_persistence,LONG,TRANSITION_PERSISTENCE,2023-06-28 04:00:00,2023-06-28 06:00:00,2
XAUUSD.mg,201,transition_persistence,SHORT,TRANSITION_PERSISTENCE,2023-06-28 18:00:00,2023-06-28 18:00:00,1
XAUUSD.mg,202,transition_persistence_flat,NONE,TRANSITION_PERSISTENCE,2023-06-28 22:00:00,2023-06-28 22:00:00,1
XAUUSD.mg,203,transition_persistence,LONG,TRANSITION_PERSISTENCE,2023-06-29 00:00:00,2023-06-29 00:00:00,1
XAUUSD.mg,204,transition_persistence_flat,NONE,TRANSITION_PERSISTENCE,2023-06-29 02:00:00,2023-06-29 02:00:00,1
XAUUSD.mg,205,balance_stability,NONE,BALANCE_STABILITY,2023-06-29 20:00:00,2023-06-29 20:00:00,1
XAUUSD.mg,206,transition_persistence,SHORT,TRANSITION_PERSISTENCE,2023-06-30 00:00:00,2023-06-30 00:00:00,1
XAUUSD.mg,207,transition_persistence,LONG,TRANSITION_PERSISTENCE,2023-06-30 02:00:00,2023-06-30 02:00:00,1
XAUUSD.mg,208,transition_persistence,SHORT,TRANSITION_PERSISTENCE,2023-06-30 04:00:00,2023-06-30 06:00:00,2
XAUUSD.mg,209,state_reinforcement,LONG,STATE_REINFORCEMENT,2023-06-30 18:00:00,2023-06-30 20:00:00,2
XAUUSD.mg,210,transition_persistence,LONG,TRANSITION_PERSISTENCE,2023-06-30 22:00:00,2023-07-03 02:00:00,3
XAUUSD.mg,211,transition_persistence,SHORT,TRANSITION_PERSISTENCE,2023-07-03 04:00:00,2023-07-03 06:00:00,2
XAUUSD.mg,212,transition_persistence,LONG,TRANSITION_PERSISTENCE,2023-07-03 18:00:00,2023-07-04 00:00:00,3
XAUUSD.mg,213,transition_persistence,SHORT,TRANSITION_PERSISTENCE,2023-07-04 02:00:00,2023-07-04 04:00:00,2
XAUUSD.mg,214,state_reinforcement,LONG,STATE_REINFORCEMENT,2023-07-04 10:00:00,2023-07-04 14:00:00,3
XAUUSD.mg,215,balance_stability,NONE,BALANCE_STABILITY,2023-07-05 00:00:00,2023-07-05 06:00:00,4
XAUUSD.mg,216,state_reinforcement,SHORT,STATE_REINFORCEMENT,2023-07-06 02:00:00,2023-07-06 02:00:00,1
XAUUSD.mg,217,state_reinforcement,NONE,STATE_REINFORCEMENT,2023-07-06 06:00:00,2023-07-06 06:00:00,1
XAUUSD.mg,218,transition_persistence,SHORT,TRANSITION_PERSISTENCE,2023-07-06 22:00:00,2023-07-07 00:00:00,2
XAUUSD.mg,219,transition_persistence_flat,NONE,TRANSITION_PERSISTENCE,2023-07-07 02:00:00,2023-07-07 04:00:00,2
XAUUSD.mg,220,balance_stability,NONE,BALANCE_STABILITY,2023-07-11 00:00:00,2023-07-12 12:00:00,4
XAUUSD.mg,221,state_reinforcement,LONG,STATE_REINFORCEMENT,2023-07-12 18:00:00,2023-07-12 18:00:00,1
XAUUSD.mg,222,transition_persistence,LONG,TRANSITION_PERSISTENCE,2023-07-13 00:00:00,2023-07-13 04:00:00,3
XAUUSD.mg,223,transition_persistence,SHORT,TRANSITION_PERSISTENCE,2023-07-13 06:00:00,2023-07-13 06:00:00,1
XAUUSD.mg,224,transition_persistence,LONG,TRANSITION_PERSISTENCE,2023-07-13 10:00:00,2023-07-13 12:00:00,2
XAUUSD.mg,225,transition_persistence,SHORT,TRANSITION_PERSISTENCE,2023-07-13 14:00:00,2023-07-13 14:00:00,1
XAUUSD.mg,226,balance_stability,NONE,BALANCE_STABILITY,2023-07-13 18:00:00,2023-07-17 08:00:00,11
XAUUSD.mg,227,transition_persistence,LONG,TRANSITION_PERSISTENCE,2023-07-17 18:00:00,2023-07-17 20:00:00,2
XAUUSD.mg,228,transition_persistence,SHORT,TRANSITION_PERSISTENCE,2023-07-17 22:00:00,2023-07-18 00:00:00,2
XAUUSD.mg,229,transition_persistence,LONG,TRANSITION_PERSISTENCE,2023-07-18 02:00:00,2023-07-18 06:00:00,2
XAUUSD.mg,230,state_reinforcement,LONG,STATE_REINFORCEMENT,2023-07-18 12:00:00,2023-07-18 16:00:00,3
XAUUSD.mg,231,transition_persistence,LONG,TRANSITION_PERSISTENCE,2023-07-18 22:00:00,2023-07-19 02:00:00,3
XAUUSD.mg,232,transition_persistence,SHORT,TRANSITION_PERSISTENCE,2023-07-19 04:00:00,2023-07-19 04:00:00,1
XAUUSD.mg,233,transition_persistence,LONG,TRANSITION_PERSISTENCE,2023-07-19 06:00:00,2023-07-19 06:00:00,1
XAUUSD.mg,234,transition_persistence_flat,NONE,TRANSITION_PERSISTENCE,2023-07-19 08:00:00,2023-07-19 08:00:00,1
XAUUSD.mg,235,balance_stability,NONE,BALANCE_STABILITY,2023-07-20 00:00:00,2023-07-20 00:00:00,1
XAUUSD.mg,236,transition_persistence,LONG,TRANSITION_PERSISTENCE,2023-07-20 06:00:00,2023-07-20 12:00:00,4
XAUUSD.mg,237,transition_persistence,SHORT,TRANSITION_PERSISTENCE,2023-07-20 22:00:00,2023-07-21 00:00:00,2
XAUUSD.mg,238,state_reinforcement,SHORT,STATE_REINFORCEMENT,2023-07-21 08:00:00,2023-07-21 16:00:00,5
XAUUSD.mg,239,transition_persistence,SHORT,TRANSITION_PERSISTENCE,2023-07-21 22:00:00,2023-07-24 00:00:00,2
XAUUSD.mg,240,transition_persistence_flat,NONE,TRANSITION_PERSISTENCE,2023-07-24 02:00:00,2023-07-24 02:00:00,1
XAUUSD.mg,241,transition_persistence,SHORT,TRANSITION_PERSISTENCE,2023-07-24 22:00:00,2023-07-25 00:00:00,2
XAUUSD.mg,242,transition_persistence,LONG,TRANSITION_PERSISTENCE,2023-07-25 12:00:00,2023-07-26 00:00:00,3
XAUUSD.mg,243,state_reinforcement,LONG,STATE_REINFORCEMENT,2023-07-26 16:00:00,2023-07-26 16:00:00,1
XAUUSD.mg,244,balance_stability,NONE,BALANCE_STABILITY,2023-07-27 00:00:00,2023-07-27 00:00:00,1
XAUUSD.mg,245,transition_persistence,SHORT,TRANSITION_PERSISTENCE,2023-07-27 22:00:00,2023-07-28 00:00:00,2
XAUUSD.mg,246,state_reinforcement,LONG,STATE_REINFORCEMENT,2023-07-31 18:00:00,2023-07-31 18:00:00,1
XAUUSD.mg,247,transition_persistence,LONG,TRANSITION_PERSISTENCE,2023-07-31 22:00:00,2023-08-01 00:00:00,2
XAUUSD.mg,248,transition_persistence,SHORT,TRANSITION_PERSISTENCE,2023-08-01 04:00:00,2023-08-01 04:00:00,1
XAUUSD.mg,249,state_reinforcement,SHORT,STATE_REINFORCEMENT,2023-08-01 18:00:00,2023-08-01 20:00:00,2
XAUUSD.mg,250,transition_persistence,SHORT,TRANSITION_PERSISTENCE,2023-08-01 22:00:00,2023-08-01 22:00:00,1
XAUUSD.mg,251,transition_persistence_flat,NONE,TRANSITION_PERSISTENCE,2023-08-02 02:00:00,2023-08-02 02:00:00,1
XAUUSD.mg,252,transition_persistence,LONG,TRANSITION_PERSISTENCE,2023-08-02 04:00:00,2023-08-02 08:00:00,3
XAUUSD.mg,253,state_reinforcement,SHORT,STATE_REINFORCEMENT,2023-08-02 20:00:00,2023-08-03 14:00:00,2
XAUUSD.mg,254,balance_stability,NONE,BALANCE_STABILITY,2023-08-04 00:00:00,2023-08-04 10:00:00,6
XAUUSD.mg,255,transition_persistence,LONG,TRANSITION_PERSISTENCE,2023-08-04 22:00:00,2023-08-07 00:00:00,2
XAUUSD.mg,256,transition_persistence,SHORT,TRANSITION_PERSISTENCE,2023-08-07 02:00:00,2023-08-07 02:00:00,1
XAUUSD.mg,257,transition_persistence,LONG,TRANSITION_PERSISTENCE,2023-08-07 22:00:00,2023-08-08 04:00:00,2
XAUUSD.mg,258,transition_persistence,SHORT,TRANSITION_PERSISTENCE,2023-08-08 22:00:00,2023-08-09 00:00:00,2
XAUUSD.mg,259,balance_stability,NONE,BALANCE_STABILITY,2023-08-09 10:00:00,2023-08-09 10:00:00,1
XAUUSD.mg,260,state_reinforcement,SHORT,STATE_REINFORCEMENT,2023-08-09 20:00:00,2023-08-09 20:00:00,1
XAUUSD.mg,261,state_reinforcement,LONG,STATE_REINFORCEMENT,2023-08-10 04:00:00,2023-08-11 12:00:00,7
XAUUSD.mg,262,balance_stability,NONE,BALANCE_STABILITY,2023-08-11 22:00:00,2023-08-14 00:00:00,2
XAUUSD.mg,263,transition_persistence,SHORT,TRANSITION_PERSISTENCE,2023-08-14 04:00:00,2023-08-14 04:00:00,1
XAUUSD.mg,264,transition_persistence_flat,NONE,TRANSITION_PERSISTENCE,2023-08-14 06:00:00,2023-08-14 12:00:00,3
XAUUSD.mg,265,transition_persistence,SHORT,TRANSITION_PERSISTENCE,2023-08-14 16:00:00,2023-08-14 22:00:00,3
XAUUSD.mg,266,balance_stability,NONE,BALANCE_STABILITY,2023-08-15 02:00:00,2023-08-15 02:00:00,1
XAUUSD.mg,267,transition_persistence,SHORT,TRANSITION_PERSISTENCE,2023-08-15 04:00:00,2023-08-17 06:00:00,7
XAUUSD.mg,268,transition_persistence,LONG,TRANSITION_PERSISTENCE,2023-08-17 10:00:00,2023-08-17 10:00:00,1
XAUUSD.mg,269,transition_persistence,SHORT,TRANSITION_PERSISTENCE,2023-08-17 22:00:00,2023-08-18 00:00:00,2
XAUUSD.mg,270,transition_persistence,LONG,TRANSITION_PERSISTENCE,2023-08-18 04:00:00,2023-08-18 10:00:00,4
XAUUSD.mg,271,balance_stability,NONE,BALANCE_STABILITY,2023-08-18 22:00:00,2023-08-21 06:00:00,2
XAUUSD.mg,272,transition_persistence,SHORT,TRANSITION_PERSISTENCE,2023-08-21 08:00:00,2023-08-21 08:00:00,1
XAUUSD.mg,273,transition_persistence_flat,NONE,TRANSITION_PERSISTENCE,2023-08-21 10:00:00,2023-08-21 10:00:00,1
XAUUSD.mg,274,transition_persistence,LONG,TRANSITION_PERSISTENCE,2023-08-21 14:00:00,2023-08-21 14:00:00,1
XAUUSD.mg,275,transition_persistence,SHORT,TRANSITION_PERSISTENCE,2023-08-21 16:00:00,2023-08-21 16:00:00,1
XAUUSD.mg,276,balance_stability,SHORT,BALANCE_STABILITY,2023-08-22 16:00:00,2023-08-22 16:00:00,1
XAUUSD.mg,277,balance_stability,NONE,BALANCE_STABILITY,2023-08-22 18:00:00,2023-08-22 22:00:00,3
XAUUSD.mg,278,state_reinforcement,LONG,STATE_REINFORCEMENT,2023-08-23 18:00:00,2023-08-24 10:00:00,7
XAUUSD.mg,279,state_reinforcement,SHORT,STATE_REINFORCEMENT,2023-08-24 14:00:00,2023-08-24 14:00:00,1
XAUUSD.mg,280,transition_persistence,SHORT,TRANSITION_PERSISTENCE,2023-08-24 18:00:00,2023-08-24 20:00:00,2
XAUUSD.mg,281,transition_persistence_flat,NONE,TRANSITION_PERSISTENCE,2023-08-25 20:00:00,2023-08-25 20:00:00,1
XAUUSD.mg,282,transition_persistence,SHORT,TRANSITION_PERSISTENCE,2023-08-25 22:00:00,2023-08-28 00:00:00,2
XAUUSD.mg,283,transition_persistence_flat,NONE,TRANSITION_PERSISTENCE,2023-08-28 02:00:00,2023-08-28 02:00:00,1
XAUUSD.mg,284,transition_persistence,LONG,TRANSITION_PERSISTENCE,2023-08-28 04:00:00,2023-08-28 06:00:00,2
XAUUSD.mg,285,transition_persistence_flat,NONE,TRANSITION_PERSISTENCE,2023-08-28 08:00:00,2023-08-28 08:00:00,1
XAUUSD.mg,286,transition_persistence,LONG,TRANSITION_PERSISTENCE,2023-08-28 22:00:00,2023-08-30 02:00:00,7
XAUUSD.mg,287,transition_persistence_flat,NONE,TRANSITION_PERSISTENCE,2023-08-30 04:00:00,2023-08-30 04:00:00,1
XAUUSD.mg,288,state_reinforcement,LONG,STATE_REINFORCEMENT,2023-08-30 16:00:00,2023-08-30 16:00:00,1
XAUUSD.mg,289,transition_persistence,LONG,TRANSITION_PERSISTENCE,2023-08-30 22:00:00,2023-08-30 22:00:00,1
XAUUSD.mg,290,transition_persistence_flat,NONE,TRANSITION_PERSISTENCE,2023-08-31 04:00:00,2023-08-31 04:00:00,1
XAUUSD.mg,291,transition_persistence,LONG,TRANSITION_PERSISTENCE,2023-08-31 06:00:00,2023-08-31 06:00:00,1
XAUUSD.mg,292,balance_stability,NONE,BALANCE_STABILITY,2023-08-31 22:00:00,2023-09-04 08:00:00,4
XAUUSD.mg,293,transition_persistence,SHORT,TRANSITION_PERSISTENCE,2023-09-05 04:00:00,2023-09-05 08:00:00,3
XAUUSD.mg,294,state_reinforcement,LONG,STATE_REINFORCEMENT,2023-09-06 06:00:00,2023-09-06 06:00:00,1
XAUUSD.mg,295,state_reinforcement,SHORT,STATE_REINFORCEMENT,2023-09-06 08:00:00,2023-09-06 08:00:00,1
XAUUSD.mg,296,transition_persistence,SHORT,TRANSITION_PERSISTENCE,2023-09-07 00:00:00,2023-09-07 02:00:00,2
XAUUSD.mg,297,transition_persistence_flat,NONE,TRANSITION_PERSISTENCE,2023-09-07 06:00:00,2023-09-07 06:00:00,1
XAUUSD.mg,298,transition_persistence,LONG,TRANSITION_PERSISTENCE,2023-09-07 08:00:00,2023-09-07 08:00:00,1
XAUUSD.mg,299,balance_stability,NONE,BALANCE_STABILITY,2023-09-07 20:00:00,2023-09-08 00:00:00,3
XAUUSD.mg,300,transition_persistence,LONG,TRANSITION_PERSISTENCE,2023-09-08 12:00:00,2023-09-08 12:00:00,1
XAUUSD.mg,301,transition_persistence,SHORT,TRANSITION_PERSISTENCE,2023-09-08 22:00:00,2023-09-11 00:00:00,2
XAUUSD.mg,302,balance_stability,NONE,BALANCE_STABILITY,2023-09-12 00:00:00,2023-09-12 00:00:00,1
XAUUSD.mg,303,state_reinforcement,SHORT,STATE_REINFORCEMENT,2023-09-12 14:00:00,2023-09-12 18:00:00,3
XAUUSD.mg,304,transition_persistence,SHORT,TRANSITION_PERSISTENCE,2023-09-12 22:00:00,2023-09-12 22:00:00,1
XAUUSD.mg,305,transition_persistence_flat,NONE,TRANSITION_PERSISTENCE,2023-09-13 00:00:00,2023-09-13 00:00:00,1
XAUUSD.mg,306,transition_persistence,LONG,TRANSITION_PERSISTENCE,2023-09-13 02:00:00,2023-09-13 02:00:00,1
XAUUSD.mg,307,transition_persistence,SHORT,TRANSITION_PERSISTENCE,2023-09-13 06:00:00,2023-09-13 06:00:00,1
XAUUSD.mg,308,balance_stability,NONE,BALANCE_STABILITY,2023-09-14 04:00:00,2023-09-14 06:00:00,2
XAUUSD.mg,309,transition_persistence,SHORT,TRANSITION_PERSISTENCE,2023-09-14 16:00:00,2023-09-14 16:00:00,1
XAUUSD.mg,310,transition_persistence,LONG,TRANSITION_PERSISTENCE,2023-09-14 18:00:00,2023-09-14 22:00:00,2
XAUUSD.mg,311,state_reinforcement,LONG,STATE_REINFORCEMENT,2023-09-15 16:00:00,2023-09-15 20:00:00,3
XAUUSD.mg,312,transition_persistence,LONG,TRANSITION_PERSISTENCE,2023-09-15 22:00:00,2023-09-18 00:00:00,2
XAUUSD.mg,313,state_reinforcement,LONG,STATE_REINFORCEMENT,2023-09-18 06:00:00,2023-09-18 06:00:00,1
XAUUSD.mg,314,transition_persistence,LONG,TRANSITION_PERSISTENCE,2023-09-18 22:00:00,2023-09-19 04:00:00,4
XAUUSD.mg,315,state_reinforcement,LONG,STATE_REINFORCEMENT,2023-09-19 14:00:00,2023-09-19 14:00:00,1
XAUUSD.mg,316,transition_persistence,SHORT,TRANSITION_PERSISTENCE,2023-09-19 20:00:00,2023-09-20 02:00:00,4
XAUUSD.mg,317,balance_stability,NONE,BALANCE_STABILITY,2023-09-20 06:00:00,2023-09-20 12:00:00,2
XAUUSD.mg,318,transition_persistence,LONG,TRANSITION_PERSISTENCE,2023-09-20 20:00:00,2023-09-20 20:00:00,1
XAUUSD.mg,319,transition_persistence,SHORT,TRANSITION_PERSISTENCE,2023-09-21 00:00:00,2023-09-21 22:00:00,5
XAUUSD.mg,320,balance_stability,NONE,BALANCE_STABILITY,2023-09-22 22:00:00,2023-09-25 00:00:00,2
XAUUSD.mg,321,transition_persistence,SHORT,TRANSITION_PERSISTENCE,2023-09-25 08:00:00,2023-09-25 12:00:00,3
XAUUSD.mg,322,transition_persistence,LONG,TRANSITION_PERSISTENCE,2023-09-25 14:00:00,2023-09-25 14:00:00,1
XAUUSD.mg,323,transition_persistence,SHORT,TRANSITION_PERSISTENCE,2023-09-25 22:00:00,2023-09-26 08:00:00,6
XAUUSD.mg,324,state_reinforcement,SHORT,STATE_REINFORCEMENT,2023-09-26 18:00:00,2023-09-27 20:00:00,6
XAUUSD.mg,325,transition_persistence,SHORT,TRANSITION_PERSISTENCE,2023-09-27 22:00:00,2023-09-28 04:00:00,2
XAUUSD.mg,326,transition_persistence,LONG,TRANSITION_PERSISTENCE,2023-09-28 06:00:00,2023-09-28 06:00:00,1
XAUUSD.mg,327,transition_persistence,SHORT,TRANSITION_PERSISTENCE,2023-09-28 08:00:00,2023-09-28 08:00:00,1
XAUUSD.mg,328,transition_persistence,LONG,TRANSITION_PERSISTENCE,2023-09-28 10:00:00,2023-09-28 10:00:00,1
XAUUSD.mg,329,transition_persistence,SHORT,TRANSITION_PERSISTENCE,2023-09-28 22:00:00,2023-09-29 04:00:00,4
XAUUSD.mg,330,balance_stability,NONE,BALANCE_STABILITY,2023-09-29 12:00:00,2023-09-29 12:00:00,1
XAUUSD.mg,331,state_reinforcement,SHORT,STATE_REINFORCEMENT,2023-09-29 20:00:00,2023-09-29 20:00:00,1
XAUUSD.mg,332,transition_persistence,SHORT,TRANSITION_PERSISTENCE,2023-09-29 22:00:00,2023-10-02 00:00:00,2
XAUUSD.mg,333,state_reinforcement,SHORT,STATE_REINFORCEMENT,2023-10-02 06:00:00,2023-10-02 10:00:00,3
XAUUSD.mg,334,transition_persistence,SHORT,TRANSITION_PERSISTENCE,2023-10-02 22:00:00,2023-10-03 08:00:00,4
XAUUSD.mg,335,balance_stability,NONE,BALANCE_STABILITY,2023-10-03 18:00:00,2023-10-06 08:00:00,15
XAUUSD.mg,336,state_reinforcement,LONG,STATE_REINFORCEMENT,2023-10-06 20:00:00,2023-10-06 20:00:00,1
XAUUSD.mg,337,transition_persistence,LONG,TRANSITION_PERSISTENCE,2023-10-09 02:00:00,2023-10-09 16:00:00,7
XAUUSD.mg,338,state_reinforcement,LONG,STATE_REINFORCEMENT,2023-10-11 12:00:00,2023-10-11 14:00:00,2
XAUUSD.mg,339,transition_persistence,LONG,TRANSITION_PERSISTENCE,2023-10-11 22:00:00,2023-10-12 08:00:00,5
XAUUSD.mg,340,transition_persistence,SHORT,TRANSITION_PERSISTENCE,2023-10-12 22:00:00,2023-10-13 00:00:00,2
XAUUSD.mg,341,state_reinforcement,LONG,STATE_REINFORCEMENT,2023-10-13 16:00:00,2023-10-16 02:00:00,4
XAUUSD.mg,342,state_reinforcement,SHORT,STATE_REINFORCEMENT,2023-10-16 04:00:00,2023-10-16 10:00:00,4
XAUUSD.mg,343,balance_stability,NONE,BALANCE_STABILITY,2023-10-17 00:00:00,2023-10-17 06:00:00,2
XAUUSD.mg,344,transition_persistence,LONG,TRANSITION_PERSISTENCE,2023-10-17 18:00:00,2023-10-17 20:00:00,2
XAUUSD.mg,345,balance_stability,NONE,BALANCE_STABILITY,2023-10-18 00:00:00,2023-10-18 00:00:00,1
XAUUSD.mg,346,transition_persistence,LONG,TRANSITION_PERSISTENCE,2023-10-18 22:00:00,2023-10-19 00:00:00,2
XAUUSD.mg,347,transition_persistence,SHORT,TRANSITION_PERSISTENCE,2023-10-19 02:00:00,2023-10-19 06:00:00,2
XAUUSD.mg,348,balance_stability,NONE,BALANCE_STABILITY,2023-10-19 10:00:00,2023-10-19 12:00:00,2
XAUUSD.mg,349,transition_persistence,LONG,TRANSITION_PERSISTENCE,2023-10-19 22:00:00,2023-10-20 02:00:00,3
XAUUSD.mg,350,state_reinforcement,LONG,STATE_REINFORCEMENT,2023-10-20 08:00:00,2023-10-20 16:00:00,4
XAUUSD.mg,351,transition_persistence,SHORT,TRANSITION_PERSISTENCE,2023-10-20 20:00:00,2023-10-23 02:00:00,3
XAUUSD.mg,352,balance_stability,NONE,BALANCE_STABILITY,2023-10-23 06:00:00,2023-10-23 06:00:00,1
XAUUSD.mg,353,transition_persistence,SHORT,TRANSITION_PERSISTENCE,2023-10-23 10:00:00,2023-10-23 10:00:00,1
XAUUSD.mg,354,transition_persistence,LONG,TRANSITION_PERSISTENCE,2023-10-23 14:00:00,2023-10-23 18:00:00,2
XAUUSD.mg,355,balance_stability,NONE,BALANCE_STABILITY,2023-10-24 00:00:00,2023-10-24 06:00:00,4
XAUUSD.mg,356,state_reinforcement,SHORT,STATE_REINFORCEMENT,2023-10-24 14:00:00,2023-10-24 14:00:00,1
XAUUSD.mg,357,transition_persistence,SHORT,TRANSITION_PERSISTENCE,2023-10-24 16:00:00,2023-10-24 20:00:00,2
XAUUSD.mg,358,transition_persistence,LONG,TRANSITION_PERSISTENCE,2023-10-25 00:00:00,2023-10-25 04:00:00,3
XAUUSD.mg,359,balance_stability,NONE,BALANCE_STABILITY,2023-10-25 22:00:00,2023-10-25 22:00:00,1
XAUUSD.mg,360,transition_persistence,LONG,TRANSITION_PERSISTENCE,2023-10-26 00:00:00,2023-10-26 00:00:00,1
XAUUSD.mg,361,transition_persistence_flat,NONE,TRANSITION_PERSISTENCE,2023-10-26 02:00:00,2023-10-26 02:00:00,1
XAUUSD.mg,362,transition_persistence,LONG,TRANSITION_PERSISTENCE,2023-10-26 06:00:00,2023-10-26 12:00:00,2
XAUUSD.mg,363,balance_stability,NONE,BALANCE_STABILITY,2023-10-27 00:00:00,2023-10-27 00:00:00,1
XAUUSD.mg,364,transition_persistence,LONG,TRANSITION_PERSISTENCE,2023-10-27 22:00:00,2023-10-30 06:00:00,5
XAUUSD.mg,365,transition_persistence,SHORT,TRANSITION_PERSISTENCE,2023-10-30 10:00:00,2023-10-30 10:00:00,1
XAUUSD.mg,366,balance_stability,NONE,BALANCE_STABILITY,2023-10-31 08:00:00,2023-10-31 08:00:00,1
XAUUSD.mg,367,transition_persistence,LONG,TRANSITION_PERSISTENCE,2023-10-31 16:00:00,2023-10-31 16:00:00,1
XAUUSD.mg,368,state_reinforcement,SHORT,STATE_REINFORCEMENT,2023-11-01 08:00:00,2023-11-01 08:00:00,1
XAUUSD.mg,369,state_reinforcement,LONG,STATE_REINFORCEMENT,2023-11-01 14:00:00,2023-11-01 14:00:00,1
XAUUSD.mg,370,transition_persistence,SHORT,TRANSITION_PERSISTENCE,2023-11-01 18:00:00,2023-11-01 18:00:00,1
XAUUSD.mg,371,transition_persistence,LONG,TRANSITION_PERSISTENCE,2023-11-01 20:00:00,2023-11-01 20:00:00,1
XAUUSD.mg,372,balance_stability,NONE,BALANCE_STABILITY,2023-11-03 00:00:00,2023-11-03 12:00:00,6
XAUUSD.mg,373,transition_persistence,LONG,TRANSITION_PERSISTENCE,2023-11-03 22:00:00,2023-11-06 00:00:00,2
XAUUSD.mg,374,transition_persistence,SHORT,TRANSITION_PERSISTENCE,2023-11-06 02:00:00,2023-11-07 00:00:00,3
XAUUSD.mg,375,state_reinforcement,SHORT,STATE_REINFORCEMENT,2023-11-07 08:00:00,2023-11-07 18:00:00,6
XAUUSD.mg,376,transition_persistence,LONG,TRANSITION_PERSISTENCE,2023-11-07 22:00:00,2023-11-08 04:00:00,4
XAUUSD.mg,377,balance_stability,NONE,BALANCE_STABILITY,2023-11-08 08:00:00,2023-11-08 14:00:00,3
XAUUSD.mg,378,transition_persistence,SHORT,TRANSITION_PERSISTENCE,2023-11-08 22:00:00,2023-11-09 06:00:00,3
XAUUSD.mg,379,transition_persistence,LONG,TRANSITION_PERSISTENCE,2023-11-09 08:00:00,2023-11-09 08:00:00,1
XAUUSD.mg,380,transition_persistence,SHORT,TRANSITION_PERSISTENCE,2023-11-09 12:00:00,2023-11-09 14:00:00,2
XAUUSD.mg,381,transition_persistence,LONG,TRANSITION_PERSISTENCE,2023-11-09 22:00:00,2023-11-10 00:00:00,2
XAUUSD.mg,382,balance_stability,NONE,BALANCE_STABILITY,2023-11-10 04:00:00,2023-11-10 08:00:00,3
XAUUSD.mg,383,state_reinforcement,SHORT,STATE_REINFORCEMENT,2023-11-10 20:00:00,2023-11-13 02:00:00,3
XAUUSD.mg,384,state_reinforcement,LONG,STATE_REINFORCEMENT,2023-11-13 06:00:00,2023-11-13 06:00:00,1
XAUUSD.mg,385,transition_persistence,SHORT,TRANSITION_PERSISTENCE,2023-11-13 12:00:00,2023-11-13 12:00:00,1
XAUUSD.mg,386,balance_stability,NONE,BALANCE_STABILITY,2023-11-13 16:00:00,2023-11-13 16:00:00,1
XAUUSD.mg,387,transition_persistence,LONG,TRANSITION_PERSISTENCE,2023-11-13 22:00:00,2023-11-14 04:00:00,4
XAUUSD.mg,388,transition_persistence,SHORT,TRANSITION_PERSISTENCE,2023-11-14 06:00:00,2023-11-14 08:00:00,2
XAUUSD.mg,389,state_reinforcement,LONG,STATE_REINFORCEMENT,2023-11-14 18:00:00,2023-11-15 12:00:00,7
XAUUSD.mg,390,transition_persistence,SHORT,TRANSITION_PERSISTENCE,2023-11-15 16:00:00,2023-11-16 04:00:00,5
XAUUSD.mg,391,state_reinforcement,LONG,STATE_REINFORCEMENT,2023-11-16 20:00:00,2023-11-16 20:00:00,1
XAUUSD.mg,392,transition_persistence,LONG,TRANSITION_PERSISTENCE,2023-11-17 00:00:00,2023-11-17 14:00:00,4
XAUUSD.mg,393,transition_persistence,SHORT,TRANSITION_PERSISTENCE,2023-11-20 06:00:00,2023-11-20 18:00:00,4
XAUUSD.mg,394,transition_persistence_flat,NONE,TRANSITION_PERSISTENCE,2023-11-20 20:00:00,2023-11-20 20:00:00,1
XAUUSD.mg,395,transition_persistence,SHORT,TRANSITION_PERSISTENCE,2023-11-20 22:00:00,2023-11-20 22:00:00,1
XAUUSD.mg,396,transition_persistence,LONG,TRANSITION_PERSISTENCE,2023-11-21 00:00:00,2023-11-21 12:00:00,3
XAUUSD.mg,397,transition_persistence,SHORT,TRANSITION_PERSISTENCE,2023-11-22 22:00:00,2023-11-23 02:00:00,3
XAUUSD.mg,398,balance_stability,NONE,BALANCE_STABILITY,2023-11-24 10:00:00,2023-11-24 12:00:00,2
XAUUSD.mg,399,transition_persistence,LONG,TRANSITION_PERSISTENCE,2023-11-27 00:00:00,2023-11-27 08:00:00,4
XAUUSD.mg,400,transition_persistence,SHORT,TRANSITION_PERSISTENCE,2023-11-27 14:00:00,2023-11-27 14:00:00,1
XAUUSD.mg,401,transition_persistence,LONG,TRANSITION_PERSISTENCE,2023-11-27 16:00:00,2023-11-27 16:00:00,1
XAUUSD.mg,402,transition_persistence,SHORT,TRANSITION_PERSISTENCE,2023-11-27 18:00:00,2023-11-27 18:00:00,1
XAUUSD.mg,403,balance_stability,NONE,BALANCE_STABILITY,2023-11-27 22:00:00,2023-11-28 12:00:00,2
XAUUSD.mg,404,transition_persistence,LONG,TRANSITION_PERSISTENCE,2023-11-28 22:00:00,2023-11-29 04:00:00,3
XAUUSD.mg,405,balance_stability,NONE,BALANCE_STABILITY,2023-11-29 20:00:00,2023-12-01 08:00:00,8
XAUUSD.mg,406,transition_persistence,SHORT,TRANSITION_PERSISTENCE,2023-12-01 12:00:00,2023-12-01 14:00:00,2
XAUUSD.mg,407,state_reinforcement,LONG,STATE_REINFORCEMENT,2023-12-04 00:00:00,2023-12-04 00:00:00,1
XAUUSD.mg,408,balance_stability,NONE,BALANCE_STABILITY,2023-12-06 22:00:00,2023-12-07 08:00:00,6
XAUUSD.mg,409,transition_persistence,LONG,TRANSITION_PERSISTENCE,2023-12-07 16:00:00,2023-12-07 18:00:00,2
XAUUSD.mg,410,transition_persistence_flat,NONE,TRANSITION_PERSISTENCE,2023-12-07 20:00:00,2023-12-07 20:00:00,1
XAUUSD.mg,411,transition_persistence,SHORT,TRANSITION_PERSISTENCE,2023-12-07 22:00:00,2023-12-08 02:00:00,3
XAUUSD.mg,412,state_reinforcement,SHORT,STATE_REINFORCEMENT,2023-12-08 18:00:00,2023-12-11 04:00:00,4
XAUUSD.mg,413,state_reinforcement,LONG,STATE_REINFORCEMENT,2023-12-11 06:00:00,2023-12-11 06:00:00,1
XAUUSD.mg,414,state_reinforcement,SHORT,STATE_REINFORCEMENT,2023-12-11 08:00:00,2023-12-11 18:00:00,3
XAUUSD.mg,415,transition_persistence,SHORT,TRANSITION_PERSISTENCE,2023-12-11 22:00:00,2023-12-12 00:00:00,2
XAUUSD.mg,416,transition_persistence,LONG,TRANSITION_PERSISTENCE,2023-12-12 06:00:00,2023-12-12 10:00:00,2
XAUUSD.mg,417,state_reinforcement,LONG,STATE_REINFORCEMENT,2023-12-14 00:00:00,2023-12-14 02:00:00,2
XAUUSD.mg,418,transition_persistence,LONG,TRANSITION_PERSISTENCE,2023-12-14 04:00:00,2023-12-15 00:00:00,2
XAUUSD.mg,419,transition_persistence,SHORT,TRANSITION_PERSISTENCE,2023-12-15 02:00:00,2023-12-15 06:00:00,3
XAUUSD.mg,420,transition_persistence,LONG,TRANSITION_PERSISTENCE,2023-12-15 08:00:00,2023-12-15 08:00:00,1
XAUUSD.mg,421,balance_stability,NONE,BALANCE_STABILITY,2023-12-15 18:00:00,2023-12-15 18:00:00,1
XAUUSD.mg,422,transition_persistence,SHORT,TRANSITION_PERSISTENCE,2023-12-15 22:00:00,2023-12-18 06:00:00,5
XAUUSD.mg,423,transition_persistence,LONG,TRANSITION_PERSISTENCE,2023-12-18 08:00:00,2023-12-18 08:00:00,1
XAUUSD.mg,424,state_reinforcement,LONG,STATE_REINFORCEMENT,2023-12-19 20:00:00,2023-12-19 20:00:00,1
XAUUSD.mg,425,transition_persistence,LONG,TRANSITION_PERSISTENCE,2023-12-19 22:00:00,2023-12-20 02:00:00,3
XAUUSD.mg,426,state_reinforcement,LONG,STATE_REINFORCEMENT,2023-12-20 08:00:00,2023-12-20 08:00:00,1
XAUUSD.mg,427,balance_stability,NONE,BALANCE_STABILITY,2023-12-21 08:00:00,2023-12-21 12:00:00,3
XAUUSD.mg,428,transition_persistence,LONG,TRANSITION_PERSISTENCE,2023-12-21 22:00:00,2023-12-22 08:00:00,5
XAUUSD.mg,429,balance_stability,NONE,BALANCE_STABILITY,2023-12-26 20:00:00,2023-12-26 20:00:00,1
XAUUSD.mg,430,transition_persistence,LONG,TRANSITION_PERSISTENCE,2023-12-27 02:00:00,2023-12-27 02:00:00,1
XAUUSD.mg,431,balance_stability,NONE,BALANCE_STABILITY,2023-12-27 06:00:00,2023-12-27 06:00:00,1
XAUUSD.mg,432,transition_persistence,LONG,TRANSITION_PERSISTENCE,2023-12-27 08:00:00,2023-12-27 14:00:00,3
XAUUSD.mg,433,state_reinforcement,LONG,STATE_REINFORCEMENT,2023-12-27 20:00:00,2023-12-28 08:00:00,5
XAUUSD.mg,434,transition_persistence,SHORT,TRANSITION_PERSISTENCE,2023-12-28 16:00:00,2023-12-29 04:00:00,4
XAUUSD.mg,435,transition_persistence_flat,NONE,TRANSITION_PERSISTENCE,2023-12-29 10:00:00,2023-12-29 10:00:00,1
XAUUSD.mg,436,transition_persistence,SHORT,TRANSITION_PERSISTENCE,2023-12-29 16:00:00,2023-12-29 20:00:00,2
XAUUSD.mg,437,balance_stability,NONE,BALANCE_STABILITY,2024-01-02 00:00:00,2024-01-02 00:00:00,1
XAUUSD.mg,438,transition_persistence,LONG,TRANSITION_PERSISTENCE,2024-01-02 12:00:00,2024-01-02 12:00:00,1
XAUUSD.mg,439,transition_persistence_flat,NONE,TRANSITION_PERSISTENCE,2024-01-02 14:00:00,2024-01-02 14:00:00,1
XAUUSD.mg,440,balance_stability,NONE,BALANCE_STABILITY,2024-01-02 22:00:00,2024-01-03 06:00:00,2
XAUUSD.mg,441,state_reinforcement,SHORT,STATE_REINFORCEMENT,2024-01-03 16:00:00,2024-01-03 20:00:00,3
XAUUSD.mg,442,state_reinforcement,LONG,STATE_REINFORCEMENT,2024-01-04 04:00:00,2024-01-04 04:00:00,1
XAUUSD.mg,443,balance_stability,NONE,BALANCE_STABILITY,2024-01-05 00:00:00,2024-01-05 20:00:00,6
XAUUSD.mg,444,transition_persistence,SHORT,TRANSITION_PERSISTENCE,2024-01-08 16:00:00,2024-01-08 22:00:00,2
XAUUSD.mg,445,transition_persistence,LONG,TRANSITION_PERSISTENCE,2024-01-09 00:00:00,2024-01-09 02:00:00,2
XAUUSD.mg,446,transition_persistence,SHORT,TRANSITION_PERSISTENCE,2024-01-09 16:00:00,2024-01-10 02:00:00,5
XAUUSD.mg,447,transition_persistence_flat,NONE,TRANSITION_PERSISTENCE,2024-01-10 04:00:00,2024-01-10 04:00:00,1
XAUUSD.mg,448,transition_persistence,SHORT,TRANSITION_PERSISTENCE,2024-01-10 06:00:00,2024-01-10 06:00:00,1
XAUUSD.mg,449,balance_stability,NONE,BALANCE_STABILITY,2024-01-12 04:00:00,2024-01-12 04:00:00,1
XAUUSD.mg,450,state_reinforcement,LONG,STATE_REINFORCEMENT,2024-01-12 18:00:00,2024-01-12 20:00:00,2
XAUUSD.mg,451,transition_persistence,LONG,TRANSITION_PERSISTENCE,2024-01-15 00:00:00,2024-01-15 00:00:00,1
XAUUSD.mg,452,transition_persistence,SHORT,TRANSITION_PERSISTENCE,2024-01-15 02:00:00,2024-01-15 02:00:00,1
XAUUSD.mg,453,balance_stability,NONE,BALANCE_STABILITY,2024-01-15 14:00:00,2024-01-15 14:00:00,1
XAUUSD.mg,454,state_reinforcement,SHORT,STATE_REINFORCEMENT,2024-01-16 10:00:00,2024-01-16 20:00:00,6
XAUUSD.mg,455,transition_persistence,SHORT,TRANSITION_PERSISTENCE,2024-01-16 22:00:00,2024-01-17 14:00:00,4
XAUUSD.mg,456,state_reinforcement,SHORT,STATE_REINFORCEMENT,2024-01-17 20:00:00,2024-01-18 02:00:00,2
XAUUSD.mg,457,transition_persistence,LONG,TRANSITION_PERSISTENCE,2024-01-18 06:00:00,2024-01-18 06:00:00,1
XAUUSD.mg,458,state_reinforcement,LONG,STATE_REINFORCEMENT,2024-01-19 08:00:00,2024-01-19 18:00:00,5
XAUUSD.mg,459,transition_persistence_flat,NONE,TRANSITION_PERSISTENCE,2024-01-19 22:00:00,2024-01-19 22:00:00,1
XAUUSD.mg,460,balance_stability,NONE,BALANCE_STABILITY,2024-01-22 02:00:00,2024-01-22 02:00:00,1
XAUUSD.mg,461,transition_persistence,LONG,TRANSITION_PERSISTENCE,2024-01-23 12:00:00,2024-01-23 14:00:00,2
XAUUSD.mg,462,transition_persistence,SHORT,TRANSITION_PERSISTENCE,2024-01-23 16:00:00,2024-01-25 02:00:00,4
XAUUSD.mg,463,transition_persistence,LONG,TRANSITION_PERSISTENCE,2024-01-25 04:00:00,2024-01-25 04:00:00,1
XAUUSD.mg,464,transition_persistence,SHORT,TRANSITION_PERSISTENCE,2024-01-25 06:00:00,2024-01-25 06:00:00,1
XAUUSD.mg,465,transition_persistence,LONG,TRANSITION_PERSISTENCE,2024-01-25 08:00:00,2024-01-25 08:00:00,1
XAUUSD.mg,466,balance_stability,NONE,BALANCE_STABILITY,2024-01-25 18:00:00,2024-01-26 10:00:00,2
XAUUSD.mg,467,transition_persistence,LONG,TRANSITION_PERSISTENCE,2024-01-29 10:00:00,2024-01-29 12:00:00,2
XAUUSD.mg,468,transition_persistence_flat,NONE,TRANSITION_PERSISTENCE,2024-01-29 16:00:00,2024-01-29 16:00:00,1
XAUUSD.mg,469,transition_persistence,LONG,TRANSITION_PERSISTENCE,2024-01-29 18:00:00,2024-01-29 18:00:00,1
XAUUSD.mg,470,transition_persistence,SHORT,TRANSITION_PERSISTENCE,2024-01-29 20:00:00,2024-01-29 20:00:00,1
XAUUSD.mg,471,transition_persistence,LONG,TRANSITION_PERSISTENCE,2024-01-29 22:00:00,2024-01-30 00:00:00,2
XAUUSD.mg,472,balance_stability,NONE,BALANCE_STABILITY,2024-01-30 04:00:00,2024-01-30 04:00:00,1
XAUUSD.mg,473,transition_persistence,LONG,TRANSITION_PERSISTENCE,2024-01-30 16:00:00,2024-01-30 16:00:00,1
XAUUSD.mg,474,transition_persistence,SHORT,TRANSITION_PERSISTENCE,2024-01-30 20:00:00,2024-01-30 20:00:00,1
XAUUSD.mg,475,balance_stability,NONE,BALANCE_STABILITY,2024-01-31 00:00:00,2024-02-01 14:00:00,8
XAUUSD.mg,476,transition_persistence,LONG,TRANSITION_PERSISTENCE,2024-02-01 22:00:00,2024-02-02 06:00:00,5
XAUUSD.mg,477,state_reinforcement,SHORT,STATE_REINFORCEMENT,2024-02-02 20:00:00,2024-02-05 14:00:00,7
XAUUSD.mg,478,transition_persistence,LONG,TRANSITION_PERSISTENCE,2024-02-05 22:00:00,2024-02-05 22:00:00,1
XAUUSD.mg,479,transition_persistence,SHORT,TRANSITION_PERSISTENCE,2024-02-06 00:00:00,2024-02-06 00:00:00,1
XAUUSD.mg,480,transition_persistence,LONG,TRANSITION_PERSISTENCE,2024-02-06 02:00:00,2024-02-06 04:00:00,2
XAUUSD.mg,481,state_reinforcement,LONG,STATE_REINFORCEMENT,2024-02-06 18:00:00,2024-02-06 18:00:00,1
XAUUSD.mg,482,transition_persistence,LONG,TRANSITION_PERSISTENCE,2024-02-06 22:00:00,2024-02-07 02:00:00,3
XAUUSD.mg,483,transition_persistence,SHORT,TRANSITION_PERSISTENCE,2024-02-07 04:00:00,2024-02-08 18:00:00,4
XAUUSD.mg,484,transition_persistence_flat,NONE,TRANSITION_PERSISTENCE,2024-02-08 20:00:00,2024-02-08 20:00:00,1
XAUUSD.mg,485,balance_stability,NONE,BALANCE_STABILITY,2024-02-09 00:00:00,2024-02-09 08:00:00,2
XAUUSD.mg,486,state_reinforcement,SHORT,STATE_REINFORCEMENT,2024-02-09 20:00:00,2024-02-12 16:00:00,5
XAUUSD.mg,487,transition_persistence,SHORT,TRANSITION_PERSISTENCE,2024-02-12 22:00:00,2024-02-13 00:00:00,2
XAUUSD.mg,488,transition_persistence,LONG,TRANSITION_PERSISTENCE,2024-02-13 02:00:00,2024-02-13 06:00:00,3
XAUUSD.mg,489,state_reinforcement,SHORT,STATE_REINFORCEMENT,2024-02-13 20:00:00,2024-02-13 20:00:00,1
XAUUSD.mg,490,transition_persistence,SHORT,TRANSITION_PERSISTENCE,2024-02-14 06:00:00,2024-02-14 08:00:00,2
XAUUSD.mg,491,balance_stability,NONE,BALANCE_STABILITY,2024-02-15 08:00:00,2024-02-15 08:00:00,1
XAUUSD.mg,492,transition_persistence,LONG,TRANSITION_PERSISTENCE,2024-02-16 04:00:00,2024-02-16 06:00:00,2
XAUUSD.mg,493,state_reinforcement,LONG,STATE_REINFORCEMENT,2024-02-19 02:00:00,2024-02-19 10:00:00,5
XAUUSD.mg,494,transition_persistence,SHORT,TRANSITION_PERSISTENCE,2024-02-19 18:00:00,2024-02-19 18:00:00,1
XAUUSD.mg,495,balance_stability,NONE,BALANCE_STABILITY,2024-02-20 06:00:00,2024-02-20 06:00:00,1
XAUUSD.mg,496,transition_persistence_flat,NONE,TRANSITION_PERSISTENCE,2024-02-20 22:00:00,2024-02-20 22:00:00,1
XAUUSD.mg,497,transition_persistence,SHORT,TRANSITION_PERSISTENCE,2024-02-21 00:00:00,2024-02-21 02:00:00,2
XAUUSD.mg,498,balance_stability,NONE,BALANCE_STABILITY,2024-02-22 12:00:00,2024-02-22 14:00:00,2
XAUUSD.mg,499,transition_persistence,SHORT,TRANSITION_PERSISTENCE,2024-02-23 12:00:00,2024-02-23 14:00:00,2
XAUUSD.mg,500,transition_persistence,LONG,TRANSITION_PERSISTENCE,2024-02-23 22:00:00,2024-02-26 04:00:00,4
XAUUSD.mg,501,transition_persistence,SHORT,TRANSITION_PERSISTENCE,2024-02-26 06:00:00,2024-02-26 06:00:00,1
XAUUSD.mg,502,balance_stability,NONE,BALANCE_STABILITY,2024-02-27 02:00:00,2024-02-27 06:00:00,3
XAUUSD.mg,503,state_reinforcement,SHORT,STATE_REINFORCEMENT,2024-02-28 12:00:00,2024-02-28 12:00:00,1
XAUUSD.mg,504,transition_persistence,LONG,TRANSITION_PERSISTENCE,2024-02-28 16:00:00,2024-03-01 00:00:00,7
XAUUSD.mg,505,transition_persistence,SHORT,TRANSITION_PERSISTENCE,2024-03-01 02:00:00,2024-03-01 06:00:00,3
XAUUSD.mg,506,state_reinforcement,LONG,STATE_REINFORCEMENT,2024-03-01 20:00:00,2024-03-01 20:00:00,1
XAUUSD.mg,507,transition_persistence,LONG,TRANSITION_PERSISTENCE,2024-03-01 22:00:00,2024-03-04 04:00:00,4
XAUUSD.mg,508,transition_persistence,SHORT,TRANSITION_PERSISTENCE,2024-03-04 06:00:00,2024-03-04 06:00:00,1
XAUUSD.mg,509,transition_persistence,LONG,TRANSITION_PERSISTENCE,2024-03-04 08:00:00,2024-03-05 04:00:00,3
XAUUSD.mg,510,transition_persistence,SHORT,TRANSITION_PERSISTENCE,2024-03-05 08:00:00,2024-03-06 06:00:00,3
XAUUSD.mg,511,state_reinforcement,LONG,STATE_REINFORCEMENT,2024-03-06 16:00:00,2024-03-07 20:00:00,11
XAUUSD.mg,512,transition_persistence,LONG,TRANSITION_PERSISTENCE,2024-03-07 22:00:00,2024-03-07 22:00:00,1
XAUUSD.mg,513,balance_stability,NONE,BALANCE_STABILITY,2024-03-08 06:00:00,2024-03-08 08:00:00,2
XAUUSD.mg,514,transition_persistence,LONG,TRANSITION_PERSISTENCE,2024-03-08 22:00:00,2024-03-11 04:00:00,4
XAUUSD.mg,515,transition_persistence,SHORT,TRANSITION_PERSISTENCE,2024-03-11 06:00:00,2024-03-11 06:00:00,1
XAUUSD.mg,516,balance_stability,NONE,BALANCE_STABILITY,2024-03-11 20:00:00,2024-03-12 02:00:00,4
XAUUSD.mg,517,state_reinforcement,SHORT,STATE_REINFORCEMENT,2024-03-12 18:00:00,2024-03-12 20:00:00,2
XAUUSD.mg,518,transition_persistence,LONG,TRANSITION_PERSISTENCE,2024-03-13 22:00:00,2024-03-14 04:00:00,4
XAUUSD.mg,519,transition_persistence,SHORT,TRANSITION_PERSISTENCE,2024-03-14 10:00:00,2024-03-14 10:00:00,1
XAUUSD.mg,520,transition_persistence,LONG,TRANSITION_PERSISTENCE,2024-03-15 04:00:00,2024-03-15 04:00:00,1
XAUUSD.mg,521,balance_stability,NONE,BALANCE_STABILITY,2024-03-15 12:00:00,2024-03-18 00:00:00,3
XAUUSD.mg,522,transition_persistence,SHORT,TRANSITION_PERSISTENCE,2024-03-18 08:00:00,2024-03-18 10:00:00,2
XAUUSD.mg,523,transition_persistence,LONG,TRANSITION_PERSISTENCE,2024-03-18 14:00:00,2024-03-18 14:00:00,1
XAUUSD.mg,524,balance_stability,NONE,BALANCE_STABILITY,2024-03-18 22:00:00,2024-03-19 00:00:00,2
XAUUSD.mg,525,transition_persistence,LONG,TRANSITION_PERSISTENCE,2024-03-20 22:00:00,2024-03-21 12:00:00,6
XAUUSD.mg,526,balance_stability,NONE,BALANCE_STABILITY,2024-03-21 22:00:00,2024-03-21 22:00:00,1
XAUUSD.mg,527,transition_persistence,SHORT,TRANSITION_PERSISTENCE,2024-03-22 22:00:00,2024-03-22 22:00:00,1
XAUUSD.mg,528,transition_persistence,LONG,TRANSITION_PERSISTENCE,2024-03-25 00:00:00,2024-03-25 08:00:00,4
XAUUSD.mg,529,balance_stability,NONE,BALANCE_STABILITY,2024-03-25 22:00:00,2024-03-26 06:00:00,3
XAUUSD.mg,530,transition_persistence,LONG,TRANSITION_PERSISTENCE,2024-03-26 16:00:00,2024-03-26 16:00:00,1
XAUUSD.mg,531,balance_stability,NONE,BALANCE_STABILITY,2024-03-26 20:00:00,2024-03-27 08:00:00,3
XAUUSD.mg,532,state_reinforcement,LONG,STATE_REINFORCEMENT,2024-03-28 06:00:00,2024-03-28 06:00:00,1
XAUUSD.mg,533,transition_persistence,LONG,TRANSITION_PERSISTENCE,2024-03-28 22:00:00,2024-04-01 00:00:00,2
XAUUSD.mg,534,transition_persistence,SHORT,TRANSITION_PERSISTENCE,2024-04-01 20:00:00,2024-04-01 20:00:00,1
XAUUSD.mg,535,state_reinforcement,LONG,STATE_REINFORCEMENT,2024-04-02 16:00:00,2024-04-02 16:00:00,1
XAUUSD.mg,536,transition_persistence,LONG,TRANSITION_PERSISTENCE,2024-04-02 22:00:00,2024-04-02 22:00:00,1
XAUUSD.mg,537,transition_persistence,SHORT,TRANSITION_PERSISTENCE,2024-04-03 12:00:00,2024-04-03 14:00:00,2
XAUUSD.mg,538,state_reinforcement,LONG,STATE_REINFORCEMENT,2024-04-03 20:00:00,2024-04-03 20:00:00,1
XAUUSD.mg,539,transition_persistence_flat,NONE,TRANSITION_PERSISTENCE,2024-04-04 06:00:00,2024-04-04 06:00:00,1
XAUUSD.mg,540,state_reinforcement,SHORT,STATE_REINFORCEMENT,2024-04-04 12:00:00,2024-04-04 12:00:00,1
XAUUSD.mg,541,transition_persistence,SHORT,TRANSITION_PERSISTENCE,2024-04-05 06:00:00,2024-04-05 06:00:00,1
XAUUSD.mg,542,state_reinforcement,LONG,STATE_REINFORCEMENT,2024-04-05 20:00:00,2024-04-05 20:00:00,1
XAUUSD.mg,543,transition_persistence,LONG,TRANSITION_PERSISTENCE,2024-04-08 00:00:00,2024-04-08 00:00:00,1
XAUUSD.mg,544,state_reinforcement,LONG,STATE_REINFORCEMENT,2024-04-08 10:00:00,2024-04-08 12:00:00,2
XAUUSD.mg,545,transition_persistence,LONG,TRANSITION_PERSISTENCE,2024-04-08 14:00:00,2024-04-08 14:00:00,1
XAUUSD.mg,546,transition_persistence,SHORT,TRANSITION_PERSISTENCE,2024-04-08 16:00:00,2024-04-09 22:00:00,4
XAUUSD.mg,547,transition_persistence_flat,NONE,TRANSITION_PERSISTENCE,2024-04-10 00:00:00,2024-04-10 00:00:00,1
XAUUSD.mg,548,transition_persistence,SHORT,TRANSITION_PERSISTENCE,2024-04-10 02:00:00,2024-04-10 02:00:00,1
XAUUSD.mg,549,balance_stability,NONE,BALANCE_STABILITY,2024-04-10 06:00:00,2024-04-10 08:00:00,2
XAUUSD.mg,550,transition_persistence,SHORT,TRANSITION_PERSISTENCE,2024-04-10 22:00:00,2024-04-11 00:00:00,2
XAUUSD.mg,551,transition_persistence,LONG,TRANSITION_PERSISTENCE,2024-04-11 06:00:00,2024-04-11 06:00:00,1
XAUUSD.mg,552,state_reinforcement,LONG,STATE_REINFORCEMENT,2024-04-12 02:00:00,2024-04-12 16:00:00,8
XAUUSD.mg,553,transition_persistence,SHORT,TRANSITION_PERSISTENCE,2024-04-12 22:00:00,2024-04-15 04:00:00,4
XAUUSD.mg,554,transition_persistence,LONG,TRANSITION_PERSISTENCE,2024-04-15 06:00:00,2024-04-16 06:00:00,4
XAUUSD.mg,555,balance_stability,NONE,BALANCE_STABILITY,2024-04-16 22:00:00,2024-04-17 06:00:00,5
XAUUSD.mg,556,transition_persistence,SHORT,TRANSITION_PERSISTENCE,2024-04-17 22:00:00,2024-04-18 02:00:00,3
XAUUSD.mg,557,state_reinforcement,LONG,STATE_REINFORCEMENT,2024-04-19 02:00:00,2024-04-19 02:00:00,1
XAUUSD.mg,558,transition_persistence,LONG,TRANSITION_PERSISTENCE,2024-04-19 04:00:00,2024-04-19 18:00:00,4
XAUUSD.mg,559,transition_persistence,SHORT,TRANSITION_PERSISTENCE,2024-04-22 22:00:00,2024-04-23 00:00:00,2
XAUUSD.mg,560,balance_stability,NONE,BALANCE_STABILITY,2024-04-23 16:00:00,2024-04-25 02:00:00,9
XAUUSD.mg,561,transition_persistence,LONG,TRANSITION_PERSISTENCE,2024-04-26 16:00:00,2024-04-26 18:00:00,2
XAUUSD.mg,562,transition_persistence,SHORT,TRANSITION_PERSISTENCE,2024-04-26 20:00:00,2024-04-26 20:00:00,1
XAUUSD.mg,563,balance_stability,NONE,BALANCE_STABILITY,2024-04-29 00:00:00,2024-04-29 12:00:00,4
XAUUSD.mg,564,state_reinforcement,SHORT,STATE_REINFORCEMENT,2024-04-30 12:00:00,2024-05-01 04:00:00,6
XAUUSD.mg,565,transition_persistence,LONG,TRANSITION_PERSISTENCE,2024-05-03 04:00:00,2024-05-03 04:00:00,1
XAUUSD.mg,566,transition_persistence,SHORT,TRANSITION_PERSISTENCE,2024-05-03 06:00:00,2024-05-03 06:00:00,1
XAUUSD.mg,567,balance_stability,NONE,BALANCE_STABILITY,2024-05-03 18:00:00,2024-05-06 00:00:00,4
XAUUSD.mg,568,transition_persistence,LONG,TRANSITION_PERSISTENCE,2024-05-06 22:00:00,2024-05-06 22:00:00,1
XAUUSD.mg,569,transition_persistence,SHORT,TRANSITION_PERSISTENCE,2024-05-07 14:00:00,2024-05-07 14:00:00,1
XAUUSD.mg,570,transition_persistence_flat,NONE,TRANSITION_PERSISTENCE,2024-05-07 22:00:00,2024-05-07 22:00:00,1
XAUUSD.mg,571,transition_persistence,SHORT,TRANSITION_PERSISTENCE,2024-05-08 12:00:00,2024-05-08 12:00:00,1
XAUUSD.mg,572,transition_persistence,LONG,TRANSITION_PERSISTENCE,2024-05-08 14:00:00,2024-05-08 14:00:00,1
XAUUSD.mg,573,transition_persistence,SHORT,TRANSITION_PERSISTENCE,2024-05-08 18:00:00,2024-05-09 00:00:00,3
XAUUSD.mg,574,state_reinforcement,LONG,STATE_REINFORCEMENT,2024-05-10 14:00:00,2024-05-10 16:00:00,2
XAUUSD.mg,575,transition_persistence,SHORT,TRANSITION_PERSISTENCE,2024-05-10 22:00:00,2024-05-13 00:00:00,2
XAUUSD.mg,576,balance_stability,NONE,BALANCE_STABILITY,2024-05-13 04:00:00,2024-05-13 04:00:00,1
XAUUSD.mg,577,state_reinforcement,LONG,STATE_REINFORCEMENT,2024-05-14 04:00:00,2024-05-14 04:00:00,1
XAUUSD.mg,578,transition_persistence,LONG,TRANSITION_PERSISTENCE,2024-05-14 08:00:00,2024-05-16 08:00:00,12
XAUUSD.mg,579,transition_persistence_flat,NONE,TRANSITION_PERSISTENCE,2024-05-16 10:00:00,2024-05-16 10:00:00,1
XAUUSD.mg,580,transition_persistence,LONG,TRANSITION_PERSISTENCE,2024-05-17 22:00:00,2024-05-20 12:00:00,3
XAUUSD.mg,581,transition_persistence,SHORT,TRANSITION_PERSISTENCE,2024-05-20 16:00:00,2024-05-20 18:00:00,2
XAUUSD.mg,582,balance_stability,NONE,BALANCE_STABILITY,2024-05-20 22:00:00,2024-05-22 10:00:00,10
XAUUSD.mg,583,transition_persistence,SHORT,TRANSITION_PERSISTENCE,2024-05-22 22:00:00,2024-05-23 04:00:00,4
XAUUSD.mg,584,transition_persistence,LONG,TRANSITION_PERSISTENCE,2024-05-24 08:00:00,2024-05-24 08:00:00,1
XAUUSD.mg,585,state_reinforcement,LONG,STATE_REINFORCEMENT,2024-05-24 14:00:00,2024-05-24 14:00:00,1
XAUUSD.mg,586,balance_stability,NONE,BALANCE_STABILITY,2024-05-27 08:00:00,2024-05-27 10:00:00,2
XAUUSD.mg,587,transition_persistence,LONG,TRANSITION_PERSISTENCE,2024-05-28 00:00:00,2024-05-28 02:00:00,2
XAUUSD.mg,588,transition_persistence,SHORT,TRANSITION_PERSISTENCE,2024-05-28 04:00:00,2024-05-28 04:00:00,1
XAUUSD.mg,589,balance_stability,NONE,BALANCE_STABILITY,2024-05-28 12:00:00,2024-05-28 12:00:00,1
XAUUSD.mg,590,state_reinforcement,SHORT,STATE_REINFORCEMENT,2024-05-30 06:00:00,2024-05-30 06:00:00,1
XAUUSD.mg,591,transition_persistence,SHORT,TRANSITION_PERSISTENCE,2024-05-30 08:00:00,2024-05-30 12:00:00,3
XAUUSD.mg,592,transition_persistence,LONG,TRANSITION_PERSISTENCE,2024-05-30 22:00:00,2024-05-30 22:00:00,1
XAUUSD.mg,593,state_reinforcement,SHORT,STATE_REINFORCEMENT,2024-06-03 02:00:00,2024-06-03 06:00:00,3
XAUUSD.mg,594,transition_persistence,SHORT,TRANSITION_PERSISTENCE,2024-06-03 08:00:00,2024-06-03 08:00:00,1
XAUUSD.mg,595,transition_persistence_flat,NONE,TRANSITION_PERSISTENCE,2024-06-03 10:00:00,2024-06-03 10:00:00,1
XAUUSD.mg,596,transition_persistence,LONG,TRANSITION_PERSISTENCE,2024-06-03 12:00:00,2024-06-04 04:00:00,4
XAUUSD.mg,597,transition_persistence_flat,NONE,TRANSITION_PERSISTENCE,2024-06-04 06:00:00,2024-06-04 06:00:00,1
XAUUSD.mg,598,transition_persistence,SHORT,TRANSITION_PERSISTENCE,2024-06-04 22:00:00,2024-06-04 22:00:00,1
XAUUSD.mg,599,transition_persistence,LONG,TRANSITION_PERSISTENCE,2024-06-05 00:00:00,2024-06-05 02:00:00,2
XAUUSD.mg,600,balance_stability,NONE,BALANCE_STABILITY,2024-06-05 10:00:00,2024-06-05 12:00:00,2
XAUUSD.mg,601,transition_persistence,LONG,TRANSITION_PERSISTENCE,2024-06-05 22:00:00,2024-06-07 08:00:00,5
XAUUSD.mg,602,state_reinforcement,SHORT,STATE_REINFORCEMENT,2024-06-07 18:00:00,2024-06-07 20:00:00,2
XAUUSD.mg,603,state_reinforcement,LONG,STATE_REINFORCEMENT,2024-06-10 12:00:00,2024-06-10 12:00:00,1
XAUUSD.mg,604,transition_persistence,LONG,TRANSITION_PERSISTENCE,2024-06-11 16:00:00,2024-06-12 06:00:00,4
XAUUSD.mg,605,balance_stability,NONE,BALANCE_STABILITY,2024-06-12 22:00:00,2024-06-13 10:00:00,3
XAUUSD.mg,606,transition_persistence,SHORT,TRANSITION_PERSISTENCE,2024-06-13 14:00:00,2024-06-14 02:00:00,4
XAUUSD.mg,607,transition_persistence,LONG,TRANSITION_PERSISTENCE,2024-06-14 04:00:00,2024-06-14 04:00:00,1
XAUUSD.mg,608,state_reinforcement,LONG,STATE_REINFORCEMENT,2024-06-14 16:00:00,2024-06-14 18:00:00,2
XAUUSD.mg,609,transition_persistence,LONG,TRANSITION_PERSISTENCE,2024-06-14 22:00:00,2024-06-14 22:00:00,1
XAUUSD.mg,610,transition_persistence,SHORT,TRANSITION_PERSISTENCE,2024-06-17 00:00:00,2024-06-17 04:00:00,3
XAUUSD.mg,611,transition_persistence,LONG,TRANSITION_PERSISTENCE,2024-06-17 20:00:00,2024-06-17 20:00:00,1
XAUUSD.mg,612,transition_persistence,SHORT,TRANSITION_PERSISTENCE,2024-06-17 22:00:00,2024-06-17 22:00:00,1
XAUUSD.mg,613,transition_persistence,LONG,TRANSITION_PERSISTENCE,2024-06-18 00:00:00,2024-06-18 06:00:00,3
XAUUSD.mg,614,balance_stability,NONE,BALANCE_STABILITY,2024-06-19 06:00:00,2024-06-19 06:00:00,1
XAUUSD.mg,615,transition_persistence,LONG,TRANSITION_PERSISTENCE,2024-06-20 04:00:00,2024-06-21 08:00:00,8
XAUUSD.mg,616,state_reinforcement,SHORT,STATE_REINFORCEMENT,2024-06-21 20:00:00,2024-06-21 20:00:00,1
XAUUSD.mg,617,transition_persistence,SHORT,TRANSITION_PERSISTENCE,2024-06-21 22:00:00,2024-06-24 04:00:00,4
XAUUSD.mg,618,transition_persistence,LONG,TRANSITION_PERSISTENCE,2024-06-24 06:00:00,2024-06-24 10:00:00,2
XAUUSD.mg,619,balance_stability,NONE,BALANCE_STABILITY,2024-06-25 14:00:00,2024-06-25 16:00:00,2
XAUUSD.mg,620,transition_persistence,SHORT,TRANSITION_PERSISTENCE,2024-06-26 10:00:00,2024-06-27 00:00:00,4
XAUUSD.mg,621,transition_persistence,LONG,TRANSITION_PERSISTENCE,2024-06-27 02:00:00,2024-06-27 02:00:00,1
XAUUSD.mg,622,transition_persistence,SHORT,TRANSITION_PERSISTENCE,2024-06-27 04:00:00,2024-06-27 06:00:00,2
XAUUSD.mg,623,transition_persistence,LONG,TRANSITION_PERSISTENCE,2024-06-28 00:00:00,2024-06-28 00:00:00,1
XAUUSD.mg,624,transition_persistence,SHORT,TRANSITION_PERSISTENCE,2024-06-28 04:00:00,2024-06-28 04:00:00,1
XAUUSD.mg,625,transition_persistence_flat,NONE,TRANSITION_PERSISTENCE,2024-06-28 06:00:00,2024-06-28 06:00:00,1
XAUUSD.mg,626,transition_persistence,LONG,TRANSITION_PERSISTENCE,2024-06-28 08:00:00,2024-06-28 16:00:00,2
XAUUSD.mg,627,transition_persistence,SHORT,TRANSITION_PERSISTENCE,2024-06-28 20:00:00,2024-07-01 02:00:00,4
XAUUSD.mg,628,balance_stability,NONE,BALANCE_STABILITY,2024-07-01 06:00:00,2024-07-03 06:00:00,12
XAUUSD.mg,629,state_reinforcement,LONG,STATE_REINFORCEMENT,2024-07-03 14:00:00,2024-07-04 02:00:00,5
XAUUSD.mg,630,transition_persistence,SHORT,TRANSITION_PERSISTENCE,2024-07-04 04:00:00,2024-07-04 04:00:00,1
XAUUSD.mg,631,transition_persistence_flat,NONE,TRANSITION_PERSISTENCE,2024-07-04 06:00:00,2024-07-04 06:00:00,1
XAUUSD.mg,632,transition_persistence,LONG,TRANSITION_PERSISTENCE,2024-07-04 08:00:00,2024-07-04 08:00:00,1
XAUUSD.mg,633,state_reinforcement,LONG,STATE_REINFORCEMENT,2024-07-05 16:00:00,2024-07-05 20:00:00,3
XAUUSD.mg,634,state_reinforcement,SHORT,STATE_REINFORCEMENT,2024-07-08 04:00:00,2024-07-08 04:00:00,1
XAUUSD.mg,635,transition_persistence,SHORT,TRANSITION_PERSISTENCE,2024-07-08 06:00:00,2024-07-08 06:00:00,1
XAUUSD.mg,636,balance_stability,NONE,BALANCE_STABILITY,2024-07-10 00:00:00,2024-07-10 06:00:00,4
XAUUSD.mg,637,transition_persistence,LONG,TRANSITION_PERSISTENCE,2024-07-10 18:00:00,2024-07-10 18:00:00,1
XAUUSD.mg,638,transition_persistence,SHORT,TRANSITION_PERSISTENCE,2024-07-10 20:00:00,2024-07-11 02:00:00,4
XAUUSD.mg,639,state_reinforcement,LONG,STATE_REINFORCEMENT,2024-07-11 18:00:00,2024-07-11 18:00:00,1
XAUUSD.mg,640,transition_persistence,LONG,TRANSITION_PERSISTENCE,2024-07-11 22:00:00,2024-07-12 00:00:00,2
XAUUSD.mg,641,transition_persistence,SHORT,TRANSITION_PERSISTENCE,2024-07-12 04:00:00,2024-07-12 06:00:00,2
XAUUSD.mg,642,balance_stability,NONE,BALANCE_STABILITY,2024-07-12 22:00:00,2024-07-15 00:00:00,2
XAUUSD.mg,643,state_reinforcement,LONG,STATE_REINFORCEMENT,2024-07-15 16:00:00,2024-07-15 16:00:00,1
XAUUSD.mg,644,transition_persistence,LONG,TRANSITION_PERSISTENCE,2024-07-15 22:00:00,2024-07-16 00:00:00,2
XAUUSD.mg,645,state_reinforcement,LONG,STATE_REINFORCEMENT,2024-07-16 06:00:00,2024-07-17 14:00:00,8
XAUUSD.mg,646,transition_persistence,SHORT,TRANSITION_PERSISTENCE,2024-07-17 22:00:00,2024-07-18 02:00:00,3
XAUUSD.mg,647,transition_persistence,LONG,TRANSITION_PERSISTENCE,2024-07-18 06:00:00,2024-07-18 06:00:00,1
XAUUSD.mg,648,balance_stability,NONE,BALANCE_STABILITY,2024-07-18 12:00:00,2024-07-18 12:00:00,1
XAUUSD.mg,649,transition_persistence,SHORT,TRANSITION_PERSISTENCE,2024-07-18 22:00:00,2024-07-23 00:00:00,5
XAUUSD.mg,650,transition_persistence,LONG,TRANSITION_PERSISTENCE,2024-07-23 02:00:00,2024-07-24 08:00:00,2
XAUUSD.mg,651,transition_persistence,SHORT,TRANSITION_PERSISTENCE,2024-07-24 18:00:00,2024-07-25 00:00:00,3
XAUUSD.mg,652,state_reinforcement,SHORT,STATE_REINFORCEMENT,2024-07-25 06:00:00,2024-07-25 08:00:00,2
XAUUSD.mg,653,transition_persistence,SHORT,TRANSITION_PERSISTENCE,2024-07-25 22:00:00,2024-07-26 00:00:00,2
XAUUSD.mg,654,state_reinforcement,LONG,STATE_REINFORCEMENT,2024-07-26 18:00:00,2024-07-26 18:00:00,1
XAUUSD.mg,655,transition_persistence,LONG,TRANSITION_PERSISTENCE,2024-07-26 22:00:00,2024-07-29 10:00:00,7
XAUUSD.mg,656,transition_persistence,SHORT,TRANSITION_PERSISTENCE,2024-07-30 00:00:00,2024-07-30 02:00:00,2
XAUUSD.mg,657,balance_stability,NONE,BALANCE_STABILITY,2024-07-30 12:00:00,2024-07-30 12:00:00,1
XAUUSD.mg,658,transition_persistence,LONG,TRANSITION_PERSISTENCE,2024-07-30 22:00:00,2024-07-31 02:00:00,3
XAUUSD.mg,659,state_reinforcement,LONG,STATE_REINFORCEMENT,2024-07-31 16:00:00,2024-07-31 20:00:00,3
XAUUSD.mg,660,transition_persistence,SHORT,TRANSITION_PERSISTENCE,2024-08-01 12:00:00,2024-08-01 12:00:00,1
XAUUSD.mg,661,transition_persistence,LONG,TRANSITION_PERSISTENCE,2024-08-01 16:00:00,2024-08-01 16:00:00,1
XAUUSD.mg,662,transition_persistence,SHORT,TRANSITION_PERSISTENCE,2024-08-01 18:00:00,2024-08-01 18:00:00,1
XAUUSD.mg,663,transition_persistence,LONG,TRANSITION_PERSISTENCE,2024-08-05 06:00:00,2024-08-05 06:00:00,1
XAUUSD.mg,664,transition_persistence,SHORT,TRANSITION_PERSISTENCE,2024-08-05 08:00:00,2024-08-05 08:00:00,1
XAUUSD.mg,665,state_reinforcement,SHORT,STATE_REINFORCEMENT,2024-08-05 14:00:00,2024-08-05 14:00:00,1
XAUUSD.mg,666,transition_persistence,SHORT,TRANSITION_PERSISTENCE,2024-08-05 22:00:00,2024-08-05 22:00:00,1
XAUUSD.mg,667,transition_persistence,LONG,TRANSITION_PERSISTENCE,2024-08-06 00:00:00,2024-08-06 04:00:00,3
XAUUSD.mg,668,state_reinforcement,LONG,STATE_REINFORCEMENT,2024-08-08 20:00:00,2024-08-09 04:00:00,2
XAUUSD.mg,669,transition_persistence,SHORT,TRANSITION_PERSISTENCE,2024-08-09 14:00:00,2024-08-09 14:00:00,1
XAUUSD.mg,670,state_reinforcement,LONG,STATE_REINFORCEMENT,2024-08-12 10:00:00,2024-08-13 04:00:00,8
XAUUSD.mg,671,state_reinforcement,SHORT,STATE_REINFORCEMENT,2024-08-13 06:00:00,2024-08-13 06:00:00,1
XAUUSD.mg,672,balance_stability,NONE,BALANCE_STABILITY,2024-08-13 18:00:00,2024-08-14 06:00:00,5
XAUUSD.mg,673,transition_persistence,SHORT,TRANSITION_PERSISTENCE,2024-08-14 22:00:00,2024-08-15 02:00:00,3
XAUUSD.mg,674,transition_persistence,LONG,TRANSITION_PERSISTENCE,2024-08-15 04:00:00,2024-08-15 04:00:00,1
XAUUSD.mg,675,balance_stability,NONE,BALANCE_STABILITY,2024-08-15 22:00:00,2024-08-16 06:00:00,5
XAUUSD.mg,676,transition_persistence,LONG,TRANSITION_PERSISTENCE,2024-08-16 22:00:00,2024-08-19 06:00:00,4
XAUUSD.mg,677,transition_persistence,SHORT,TRANSITION_PERSISTENCE,2024-08-19 08:00:00,2024-08-19 10:00:00,2
XAUUSD.mg,678,balance_stability,NONE,BALANCE_STABILITY,2024-08-19 20:00:00,2024-08-20 06:00:00,6
XAUUSD.mg,679,transition_persistence,LONG,TRANSITION_PERSISTENCE,2024-08-20 16:00:00,2024-08-20 18:00:00,2
XAUUSD.mg,680,transition_persistence,SHORT,TRANSITION_PERSISTENCE,2024-08-20 22:00:00,2024-08-21 02:00:00,3
XAUUSD.mg,681,transition_persistence,LONG,TRANSITION_PERSISTENCE,2024-08-21 04:00:00,2024-08-21 06:00:00,2
XAUUSD.mg,682,state_reinforcement,SHORT,STATE_REINFORCEMENT,2024-08-22 20:00:00,2024-08-22 20:00:00,1
XAUUSD.mg,683,state_reinforcement,LONG,STATE_REINFORCEMENT,2024-08-23 02:00:00,2024-08-23 02:00:00,1
XAUUSD.mg,684,transition_persistence,LONG,TRANSITION_PERSISTENCE,2024-08-23 22:00:00,2024-08-26 02:00:00,3
XAUUSD.mg,685,transition_persistence_flat,NONE,TRANSITION_PERSISTENCE,2024-08-26 04:00:00,2024-08-26 06:00:00,2
XAUUSD.mg,686,transition_persistence,LONG,TRANSITION_PERSISTENCE,2024-08-26 16:00:00,2024-08-26 18:00:00,2
XAUUSD.mg,687,transition_persistence,SHORT,TRANSITION_PERSISTENCE,2024-08-26 20:00:00,2024-08-26 20:00:00,1
XAUUSD.mg,688,balance_stability,NONE,BALANCE_STABILITY,2024-08-27 00:00:00,2024-08-27 06:00:00,2
XAUUSD.mg,689,transition_persistence,SHORT,TRANSITION_PERSISTENCE,2024-08-27 10:00:00,2024-08-27 12:00:00,2
XAUUSD.mg,690,transition_persistence,LONG,TRANSITION_PERSISTENCE,2024-08-27 14:00:00,2024-08-27 16:00:00,2
XAUUSD.mg,691,balance_stability,NONE,BALANCE_STABILITY,2024-08-28 00:00:00,2024-08-28 00:00:00,1
XAUUSD.mg,692,transition_persistence,LONG,TRANSITION_PERSISTENCE,2024-08-29 14:00:00,2024-08-29 14:00:00,1
XAUUSD.mg,693,transition_persistence_flat,NONE,TRANSITION_PERSISTENCE,2024-08-30 00:00:00,2024-08-30 00:00:00,1
XAUUSD.mg,694,transition_persistence,SHORT,TRANSITION_PERSISTENCE,2024-08-30 02:00:00,2024-08-30 08:00:00,2
XAUUSD.mg,695,state_reinforcement,SHORT,STATE_REINFORCEMENT,2024-08-30 20:00:00,2024-08-30 20:00:00,1
XAUUSD.mg,696,transition_persistence,SHORT,TRANSITION_PERSISTENCE,2024-08-30 22:00:00,2024-09-02 10:00:00,7
XAUUSD.mg,697,balance_stability,NONE,BALANCE_STABILITY,2024-09-03 06:00:00,2024-09-03 06:00:00,1
XAUUSD.mg,698,transition_persistence,SHORT,TRANSITION_PERSISTENCE,2024-09-03 18:00:00,2024-09-03 22:00:00,3
XAUUSD.mg,699,transition_persistence,LONG,TRANSITION_PERSISTENCE,2024-09-04 00:00:00,2024-09-04 04:00:00,3
XAUUSD.mg,700,balance_stability,NONE,BALANCE_STABILITY,2024-09-04 14:00:00,2024-09-05 04:00:00,8
XAUUSD.mg,701,state_reinforcement,LONG,STATE_REINFORCEMENT,2024-09-05 14:00:00,2024-09-06 06:00:00,3
XAUUSD.mg,702,state_reinforcement,SHORT,STATE_REINFORCEMENT,2024-09-09 06:00:00,2024-09-09 06:00:00,1
XAUUSD.mg,703,state_reinforcement,LONG,STATE_REINFORCEMENT,2024-09-10 20:00:00,2024-09-10 20:00:00,1
XAUUSD.mg,704,transition_persistence,LONG,TRANSITION_PERSISTENCE,2024-09-11 02:00:00,2024-09-11 12:00:00,5
XAUUSD.mg,705,balance_stability,NONE,BALANCE_STABILITY,2024-09-12 02:00:00,2024-09-12 10:00:00,4
XAUUSD.mg,706,transition_persistence,LONG,TRANSITION_PERSISTENCE,2024-09-12 22:00:00,2024-09-13 06:00:00,4
XAUUSD.mg,707,state_reinforcement,LONG,STATE_REINFORCEMENT,2024-09-13 14:00:00,2024-09-13 20:00:00,4
XAUUSD.mg,708,transition_persistence,LONG,TRANSITION_PERSISTENCE,2024-09-13 22:00:00,2024-09-16 02:00:00,3
XAUUSD.mg,709,transition_persistence_flat,NONE,TRANSITION_PERSISTENCE,2024-09-16 08:00:00,2024-09-16 08:00:00,1
XAUUSD.mg,710,transition_persistence,LONG,TRANSITION_PERSISTENCE,2024-09-16 10:00:00,2024-09-16 12:00:00,2
XAUUSD.mg,711,balance_stability,NONE,BALANCE_STABILITY,2024-09-16 20:00:00,2024-09-17 02:00:00,4
XAUUSD.mg,712,transition_persistence,SHORT,TRANSITION_PERSISTENCE,2024-09-17 12:00:00,2024-09-19 02:00:00,5
XAUUSD.mg,713,state_reinforcement,LONG,STATE_REINFORCEMENT,2024-09-20 16:00:00,2024-09-23 06:00:00,5
XAUUSD.mg,714,transition_persistence_flat,NONE,TRANSITION_PERSISTENCE,2024-09-23 10:00:00,2024-09-23 10:00:00,1
XAUUSD.mg,715,balance_stability,NONE,BALANCE_STABILITY,2024-09-23 20:00:00,2024-09-23 20:00:00,1
XAUUSD.mg,716,transition_persistence,SHORT,TRANSITION_PERSISTENCE,2024-09-24 02:00:00,2024-09-24 02:00:00,1
XAUUSD.mg,717,balance_stability,NONE,BALANCE_STABILITY,2024-09-24 06:00:00,2024-09-24 06:00:00,1
XAUUSD.mg,718,transition_persistence,LONG,TRANSITION_PERSISTENCE,2024-09-25 00:00:00,2024-09-25 06:00:00,4
XAUUSD.mg,719,transition_persistence,SHORT,TRANSITION_PERSISTENCE,2024-09-25 08:00:00,2024-09-25 08:00:00,1
XAUUSD.mg,720,transition_persistence_flat,NONE,TRANSITION_PERSISTENCE,2024-09-25 10:00:00,2024-09-25 10:00:00,1
XAUUSD.mg,721,transition_persistence,SHORT,TRANSITION_PERSISTENCE,2024-09-25 12:00:00,2024-09-25 12:00:00,1
XAUUSD.mg,722,balance_stability,NONE,BALANCE_STABILITY,2024-09-25 20:00:00,2024-09-26 02:00:00,4
XAUUSD.mg,723,transition_persistence_flat,NONE,TRANSITION_PERSISTENCE,2024-09-26 14:00:00,2024-09-26 14:00:00,1
XAUUSD.mg,724,transition_persistence,LONG,TRANSITION_PERSISTENCE,2024-09-26 22:00:00,2024-09-26 22:00:00,1
XAUUSD.mg,725,transition_persistence,SHORT,TRANSITION_PERSISTENCE,2024-09-27 00:00:00,2024-09-27 00:00:00,1
XAUUSD.mg,726,balance_stability,NONE,BALANCE_STABILITY,2024-09-27 04:00:00,2024-09-27 10:00:00,3
XAUUSD.mg,727,state_reinforcement,SHORT,STATE_REINFORCEMENT,2024-09-27 20:00:00,2024-09-27 20:00:00,1
XAUUSD.mg,728,transition_persistence,SHORT,TRANSITION_PERSISTENCE,2024-09-27 22:00:00,2024-09-30 00:00:00,2
XAUUSD.mg,729,transition_persistence,LONG,TRANSITION_PERSISTENCE,2024-09-30 04:00:00,2024-09-30 04:00:00,1
XAUUSD.mg,730,transition_persistence,SHORT,TRANSITION_PERSISTENCE,2024-09-30 08:00:00,2024-09-30 08:00:00,1
XAUUSD.mg,731,transition_persistence,LONG,TRANSITION_PERSISTENCE,2024-10-01 02:00:00,2024-10-01 04:00:00,2
XAUUSD.mg,732,state_reinforcement,LONG,STATE_REINFORCEMENT,2024-10-01 18:00:00,2024-10-01 20:00:00,2
XAUUSD.mg,733,transition_persistence,LONG,TRANSITION_PERSISTENCE,2024-10-01 22:00:00,2024-10-02 00:00:00,2
XAUUSD.mg,734,transition_persistence,SHORT,TRANSITION_PERSISTENCE,2024-10-02 02:00:00,2024-10-02 04:00:00,2
XAUUSD.mg,735,balance_stability,NONE,BALANCE_STABILITY,2024-10-02 08:00:00,2024-10-04 04:00:00,8
XAUUSD.mg,736,transition_persistence,LONG,TRANSITION_PERSISTENCE,2024-10-04 08:00:00,2024-10-04 10:00:00,2
XAUUSD.mg,737,transition_persistence,SHORT,TRANSITION_PERSISTENCE,2024-10-04 16:00:00,2024-10-04 22:00:00,3
XAUUSD.mg,738,balance_stability,NONE,BALANCE_STABILITY,2024-10-07 18:00:00,2024-10-08 06:00:00,4
XAUUSD.mg,739,transition_persistence,SHORT,TRANSITION_PERSISTENCE,2024-10-08 22:00:00,2024-10-09 02:00:00,3
XAUUSD.mg,740,transition_persistence,LONG,TRANSITION_PERSISTENCE,2024-10-09 04:00:00,2024-10-09 06:00:00,2
XAUUSD.mg,741,balance_stability,NONE,BALANCE_STABILITY,2024-10-10 06:00:00,2024-10-10 12:00:00,2
XAUUSD.mg,742,state_reinforcement,LONG,STATE_REINFORCEMENT,2024-10-11 02:00:00,2024-10-11 08:00:00,4
XAUUSD.mg,743,transition_persistence,LONG,TRANSITION_PERSISTENCE,2024-10-14 00:00:00,2024-10-14 00:00:00,1
XAUUSD.mg,744,transition_persistence,SHORT,TRANSITION_PERSISTENCE,2024-10-14 02:00:00,2024-10-14 02:00:00,1
XAUUSD.mg,745,balance_stability,NONE,BALANCE_STABILITY,2024-10-15 02:00:00,2024-10-15 02:00:00,1
XAUUSD.mg,746,transition_persistence,SHORT,TRANSITION_PERSISTENCE,2024-10-15 08:00:00,2024-10-15 12:00:00,2
XAUUSD.mg,747,transition_persistence_flat,NONE,TRANSITION_PERSISTENCE,2024-10-15 14:00:00,2024-10-15 14:00:00,1
XAUUSD.mg,748,transition_persistence,LONG,TRANSITION_PERSISTENCE,2024-10-15 22:00:00,2024-10-16 16:00:00,4
XAUUSD.mg,749,transition_persistence,SHORT,TRANSITION_PERSISTENCE,2024-10-16 22:00:00,2024-10-17 00:00:00,2
XAUUSD.mg,750,balance_stability,NONE,BALANCE_STABILITY,2024-10-17 10:00:00,2024-10-17 12:00:00,2
XAUUSD.mg,751,state_reinforcement,LONG,STATE_REINFORCEMENT,2024-10-18 02:00:00,2024-10-18 16:00:00,7
XAUUSD.mg,752,transition_persistence,LONG,TRANSITION_PERSISTENCE,2024-10-21 06:00:00,2024-10-21 06:00:00,1
XAUUSD.mg,753,state_reinforcement,LONG,STATE_REINFORCEMENT,2024-10-21 12:00:00,2024-10-21 14:00:00,2
XAUUSD.mg,754,balance_stability,NONE,BALANCE_STABILITY,2024-10-22 00:00:00,2024-10-22 00:00:00,1
XAUUSD.mg,755,state_reinforcement,LONG,STATE_REINFORCEMENT,2024-10-22 20:00:00,2024-10-23 08:00:00,2
XAUUSD.mg,756,transition_persistence,SHORT,TRANSITION_PERSISTENCE,2024-10-23 22:00:00,2024-10-24 02:00:00,3
XAUUSD.mg,757,transition_persistence,LONG,TRANSITION_PERSISTENCE,2024-10-24 04:00:00,2024-10-24 04:00:00,1
XAUUSD.mg,758,transition_persistence,SHORT,TRANSITION_PERSISTENCE,2024-10-25 14:00:00,2024-10-25 14:00:00,1
XAUUSD.mg,759,transition_persistence,LONG,TRANSITION_PERSISTENCE,2024-10-25 22:00:00,2024-10-28 02:00:00,3
XAUUSD.mg,760,balance_stability,NONE,BALANCE_STABILITY,2024-10-28 06:00:00,2024-10-28 06:00:00,1
XAUUSD.mg,761,transition_persistence,SHORT,TRANSITION_PERSISTENCE,2024-10-28 08:00:00,2024-10-28 12:00:00,2
XAUUSD.mg,762,transition_persistence,LONG,TRANSITION_PERSISTENCE,2024-10-28 14:00:00,2024-10-28 14:00:00,1
XAUUSD.mg,763,balance_stability,NONE,BALANCE_STABILITY,2024-10-28 22:00:00,2024-10-28 22:00:00,1
XAUUSD.mg,764,transition_persistence,LONG,TRANSITION_PERSISTENCE,2024-10-29 06:00:00,2024-10-29 12:00:00,2
XAUUSD.mg,765,state_reinforcement,LONG,STATE_REINFORCEMENT,2024-10-29 18:00:00,2024-10-30 10:00:00,6
XAUUSD.mg,766,transition_persistence,LONG,TRANSITION_PERSISTENCE,2024-10-30 22:00:00,2024-10-30 22:00:00,1
XAUUSD.mg,767,balance_stability,NONE,BALANCE_STABILITY,2024-10-31 04:00:00,2024-10-31 08:00:00,3
XAUUSD.mg,768,transition_persistence,SHORT,TRANSITION_PERSISTENCE,2024-10-31 22:00:00,2024-11-01 02:00:00,3
XAUUSD.mg,769,transition_persistence,LONG,TRANSITION_PERSISTENCE,2024-11-01 04:00:00,2024-11-01 08:00:00,2
XAUUSD.mg,770,balance_stability,NONE,BALANCE_STABILITY,2024-11-04 00:00:00,2024-11-04 00:00:00,1
XAUUSD.mg,771,transition_persistence,SHORT,TRANSITION_PERSISTENCE,2024-11-04 02:00:00,2024-11-04 04:00:00,2
XAUUSD.mg,772,transition_persistence,LONG,TRANSITION_PERSISTENCE,2024-11-04 06:00:00,2024-11-04 12:00:00,3
XAUUSD.mg,773,balance_stability,NONE,BALANCE_STABILITY,2024-11-05 02:00:00,2024-11-06 06:00:00,5
XAUUSD.mg,774,transition_persistence,SHORT,TRANSITION_PERSISTENCE,2024-11-06 22:00:00,2024-11-07 00:00:00,2
XAUUSD.mg,775,transition_persistence,LONG,TRANSITION_PERSISTENCE,2024-11-08 00:00:00,2024-11-08 00:00:00,1
XAUUSD.mg,776,state_reinforcement,SHORT,STATE_REINFORCEMENT,2024-11-08 06:00:00,2024-11-08 06:00:00,1
XAUUSD.mg,777,transition_persistence,SHORT,TRANSITION_PERSISTENCE,2024-11-08 12:00:00,2024-11-08 12:00:00,1
XAUUSD.mg,778,state_reinforcement,SHORT,STATE_REINFORCEMENT,2024-11-12 06:00:00,2024-11-12 12:00:00,4
XAUUSD.mg,779,transition_persistence,SHORT,TRANSITION_PERSISTENCE,2024-11-12 14:00:00,2024-11-12 14:00:00,1
XAUUSD.mg,780,transition_persistence,LONG,TRANSITION_PERSISTENCE,2024-11-12 22:00:00,2024-11-13 00:00:00,2
XAUUSD.mg,781,balance_stability,NONE,BALANCE_STABILITY,2024-11-13 06:00:00,2024-11-13 16:00:00,3
XAUUSD.mg,782,transition_persistence,SHORT,TRANSITION_PERSISTENCE,2024-11-13 22:00:00,2024-11-14 00:00:00,2
XAUUSD.mg,783,state_reinforcement,SHORT,STATE_REINFORCEMENT,2024-11-14 08:00:00,2024-11-14 14:00:00,4
XAUUSD.mg,784,transition_persistence,LONG,TRANSITION_PERSISTENCE,2024-11-14 22:00:00,2024-11-14 22:00:00,1
XAUUSD.mg,785,balance_stability,NONE,BALANCE_STABILITY,2024-11-15 02:00:00,2024-11-15 08:00:00,3
XAUUSD.mg,786,transition_persistence,LONG,TRANSITION_PERSISTENCE,2024-11-18 06:00:00,2024-11-18 06:00:00,1
XAUUSD.mg,787,transition_persistence_flat,NONE,TRANSITION_PERSISTENCE,2024-11-19 16:00:00,2024-11-19 16:00:00,1
XAUUSD.mg,788,transition_persistence,LONG,TRANSITION_PERSISTENCE,2024-11-19 22:00:00,2024-11-20 06:00:00,4
XAUUSD.mg,789,transition_persistence,SHORT,TRANSITION_PERSISTENCE,2024-11-20 12:00:00,2024-11-20 14:00:00,2
XAUUSD.mg,790,state_reinforcement,LONG,STATE_REINFORCEMENT,2024-11-20 20:00:00,2024-11-20 20:00:00,1
XAUUSD.mg,791,transition_persistence,LONG,TRANSITION_PERSISTENCE,2024-11-20 22:00:00,2024-11-21 02:00:00,3
XAUUSD.mg,792,state_reinforcement,LONG,STATE_REINFORCEMENT,2024-11-21 08:00:00,2024-11-21 20:00:00,7
XAUUSD.mg,793,transition_persistence,LONG,TRANSITION_PERSISTENCE,2024-11-21 22:00:00,2024-11-21 22:00:00,1
XAUUSD.mg,794,transition_persistence,SHORT,TRANSITION_PERSISTENCE,2024-11-22 00:00:00,2024-11-22 00:00:00,1
XAUUSD.mg,795,state_reinforcement,LONG,STATE_REINFORCEMENT,2024-11-22 18:00:00,2024-11-22 20:00:00,2
XAUUSD.mg,796,transition_persistence,SHORT,TRANSITION_PERSISTENCE,2024-11-25 12:00:00,2024-11-25 22:00:00,2
XAUUSD.mg,797,transition_persistence,LONG,TRANSITION_PERSISTENCE,2024-11-26 04:00:00,2024-11-26 04:00:00,1
XAUUSD.mg,798,transition_persistence,SHORT,TRANSITION_PERSISTENCE,2024-11-26 06:00:00,2024-11-26 06:00:00,1
XAUUSD.mg,799,state_reinforcement,LONG,STATE_REINFORCEMENT,2024-11-26 12:00:00,2024-11-26 14:00:00,2
XAUUSD.mg,800,transition_persistence,SHORT,TRANSITION_PERSISTENCE,2024-11-26 16:00:00,2024-11-26 16:00:00,1
XAUUSD.mg,801,state_reinforcement,LONG,STATE_REINFORCEMENT,2024-11-27 12:00:00,2024-11-27 14:00:00,2
XAUUSD.mg,802,transition_persistence,LONG,TRANSITION_PERSISTENCE,2024-11-27 16:00:00,2024-11-27 16:00:00,1
XAUUSD.mg,803,transition_persistence,SHORT,TRANSITION_PERSISTENCE,2024-11-27 18:00:00,2024-11-27 22:00:00,3
XAUUSD.mg,804,balance_stability,NONE,BALANCE_STABILITY,2024-11-28 02:00:00,2024-11-28 08:00:00,2
XAUUSD.mg,805,state_reinforcement,LONG,STATE_REINFORCEMENT,2024-11-29 08:00:00,2024-11-29 10:00:00,2
XAUUSD.mg,806,transition_persistence,SHORT,TRANSITION_PERSISTENCE,2024-11-29 20:00:00,2024-11-29 20:00:00,1
XAUUSD.mg,807,balance_stability,NONE,BALANCE_STABILITY,2024-12-03 12:00:00,2024-12-05 12:00:00,11
XAUUSD.mg,808,state_reinforcement,SHORT,STATE_REINFORCEMENT,2024-12-05 20:00:00,2024-12-05 20:00:00,1
XAUUSD.mg,809,transition_persistence,SHORT,TRANSITION_PERSISTENCE,2024-12-06 00:00:00,2024-12-06 00:00:00,1
XAUUSD.mg,810,transition_persistence,LONG,TRANSITION_PERSISTENCE,2024-12-06 14:00:00,2024-12-06 14:00:00,1
XAUUSD.mg,811,transition_persistence,SHORT,TRANSITION_PERSISTENCE,2024-12-06 16:00:00,2024-12-06 18:00:00,2
XAUUSD.mg,812,state_reinforcement,LONG,STATE_REINFORCEMENT,2024-12-09 16:00:00,2024-12-11 20:00:00,11
XAUUSD.mg,813,transition_persistence,LONG,TRANSITION_PERSISTENCE,2024-12-12 02:00:00,2024-12-12 02:00:00,1
XAUUSD.mg,814,transition_persistence,SHORT,TRANSITION_PERSISTENCE,2024-12-12 04:00:00,2024-12-13 00:00:00,6
XAUUSD.mg,815,transition_persistence,LONG,TRANSITION_PERSISTENCE,2024-12-13 04:00:00,2024-12-13 06:00:00,2
XAUUSD.mg,816,transition_persistence,SHORT,TRANSITION_PERSISTENCE,2024-12-16 04:00:00,2024-12-16 06:00:00,2
XAUUSD.mg,817,transition_persistence,LONG,TRANSITION_PERSISTENCE,2024-12-16 08:00:00,2024-12-16 08:00:00,1
XAUUSD.mg,818,balance_stability,NONE,BALANCE_STABILITY,2024-12-17 00:00:00,2024-12-17 08:00:00,4
XAUUSD.mg,819,transition_persistence,SHORT,TRANSITION_PERSISTENCE,2024-12-17 18:00:00,2024-12-17 20:00:00,2
XAUUSD.mg,820,transition_persistence,LONG,TRANSITION_PERSISTENCE,2024-12-17 22:00:00,2024-12-18 02:00:00,3
XAUUSD.mg,821,balance_stability,NONE,BALANCE_STABILITY,2024-12-18 14:00:00,2024-12-18 14:00:00,1
XAUUSD.mg,822,state_reinforcement,SHORT,STATE_REINFORCEMENT,2024-12-19 04:00:00,2024-12-19 04:00:00,1
XAUUSD.mg,823,transition_persistence,SHORT,TRANSITION_PERSISTENCE,2024-12-19 14:00:00,2024-12-19 14:00:00,1
XAUUSD.mg,824,balance_stability,NONE,BALANCE_STABILITY,2024-12-19 22:00:00,2024-12-20 06:00:00,5
XAUUSD.mg,825,transition_persistence,LONG,TRANSITION_PERSISTENCE,2024-12-23 02:00:00,2024-12-23 02:00:00,1
XAUUSD.mg,826,state_reinforcement,LONG,STATE_REINFORCEMENT,2024-12-23 08:00:00,2024-12-23 08:00:00,1
XAUUSD.mg,827,transition_persistence,SHORT,TRANSITION_PERSISTENCE,2024-12-26 14:00:00,2024-12-26 14:00:00,1
XAUUSD.mg,828,transition_persistence,LONG,TRANSITION_PERSISTENCE,2024-12-26 22:00:00,2024-12-27 00:00:00,2
XAUUSD.mg,829,balance_stability,NONE,BALANCE_STABILITY,2024-12-27 04:00:00,2024-12-27 04:00:00,1
XAUUSD.mg,830,transition_persistence,SHORT,TRANSITION_PERSISTENCE,2024-12-27 08:00:00,2024-12-27 08:00:00,1
XAUUSD.mg,831,balance_stability,NONE,BALANCE_STABILITY,2024-12-27 12:00:00,2024-12-27 12:00:00,1
XAUUSD.mg,832,transition_persistence,SHORT,TRANSITION_PERSISTENCE,2024-12-27 22:00:00,2024-12-30 00:00:00,2
XAUUSD.mg,833,transition_persistence,LONG,TRANSITION_PERSISTENCE,2024-12-30 02:00:00,2024-12-30 06:00:00,3
XAUUSD.mg,834,state_reinforcement,LONG,STATE_REINFORCEMENT,2024-12-31 20:00:00,2025-01-02 18:00:00,6
XAUUSD.mg,835,transition_persistence,LONG,TRANSITION_PERSISTENCE,2025-01-02 22:00:00,2025-01-03 06:00:00,5
XAUUSD.mg,836,transition_persistence_flat,NONE,TRANSITION_PERSISTENCE,2025-01-03 08:00:00,2025-01-03 08:00:00,1
XAUUSD.mg,837,transition_persistence,SHORT,TRANSITION_PERSISTENCE,2025-01-03 10:00:00,2025-01-06 16:00:00,2
XAUUSD.mg,838,transition_persistence,LONG,TRANSITION_PERSISTENCE,2025-01-06 18:00:00,2025-01-06 20:00:00,2
XAUUSD.mg,839,balance_stability,NONE,BALANCE_STABILITY,2025-01-07 00:00:00,2025-01-07 00:00:00,1
XAUUSD.mg,840,transition_persistence,LONG,TRANSITION_PERSISTENCE,2025-01-07 16:00:00,2025-01-08 00:00:00,3
XAUUSD.mg,841,transition_persistence,SHORT,TRANSITION_PERSISTENCE,2025-01-08 02:00:00,2025-01-08 02:00:00,1
XAUUSD.mg,842,balance_stability,NONE,BALANCE_STABILITY,2025-01-08 06:00:00,2025-01-08 06:00:00,1
XAUUSD.mg,843,transition_persistence,LONG,TRANSITION_PERSISTENCE,2025-01-08 18:00:00,2025-01-09 00:00:00,3
XAUUSD.mg,844,transition_persistence,SHORT,TRANSITION_PERSISTENCE,2025-01-09 02:00:00,2025-01-09 04:00:00,2
XAUUSD.mg,845,balance_stability,NONE,BALANCE_STABILITY,2025-01-09 08:00:00,2025-01-09 08:00:00,1
XAUUSD.mg,846,transition_persistence,LONG,TRANSITION_PERSISTENCE,2025-01-09 18:00:00,2025-01-09 22:00:00,2
XAUUSD.mg,847,state_reinforcement,LONG,STATE_REINFORCEMENT,2025-01-10 06:00:00,2025-01-10 20:00:00,8
XAUUSD.mg,848,transition_persistence,LONG,TRANSITION_PERSISTENCE,2025-01-10 22:00:00,2025-01-13 02:00:00,3
XAUUSD.mg,849,transition_persistence,SHORT,TRANSITION_PERSISTENCE,2025-01-13 04:00:00,2025-01-13 06:00:00,2
XAUUSD.mg,850,balance_stability,NONE,BALANCE_STABILITY,2025-01-13 10:00:00,2025-01-13 10:00:00,1
XAUUSD.mg,851,state_reinforcement,SHORT,STATE_REINFORCEMENT,2025-01-13 20:00:00,2025-01-14 00:00:00,2
XAUUSD.mg,852,state_reinforcement,LONG,STATE_REINFORCEMENT,2025-01-14 02:00:00,2025-01-14 08:00:00,3
XAUUSD.mg,853,transition_persistence,LONG,TRANSITION_PERSISTENCE,2025-01-14 12:00:00,2025-01-15 04:00:00,3
XAUUSD.mg,854,state_reinforcement,LONG,STATE_REINFORCEMENT,2025-01-15 14:00:00,2025-01-15 14:00:00,1
XAUUSD.mg,855,transition_persistence,LONG,TRANSITION_PERSISTENCE,2025-01-15 16:00:00,2025-01-16 08:00:00,6
XAUUSD.mg,856,state_reinforcement,LONG,STATE_REINFORCEMENT,2025-01-16 18:00:00,2025-01-16 20:00:00,2
XAUUSD.mg,857,transition_persistence,SHORT,TRANSITION_PERSISTENCE,2025-01-17 08:00:00,2025-01-17 08:00:00,1
XAUUSD.mg,858,transition_persistence_flat,NONE,TRANSITION_PERSISTENCE,2025-01-20 08:00:00,2025-01-20 08:00:00,1
XAUUSD.mg,859,transition_persistence,LONG,TRANSITION_PERSISTENCE,2025-01-20 14:00:00,2025-01-20 14:00:00,1
XAUUSD.mg,860,state_reinforcement,LONG,STATE_REINFORCEMENT,2025-01-21 06:00:00,2025-01-21 20:00:00,5
XAUUSD.mg,861,transition_persistence,LONG,TRANSITION_PERSISTENCE,2025-01-22 00:00:00,2025-01-22 08:00:00,3
XAUUSD.mg,862,state_reinforcement,SHORT,STATE_REINFORCEMENT,2025-01-22 18:00:00,2025-01-22 18:00:00,1
XAUUSD.mg,863,transition_persistence,SHORT,TRANSITION_PERSISTENCE,2025-01-22 22:00:00,2025-01-22 22:00:00,1
XAUUSD.mg,864,balance_stability,NONE,BALANCE_STABILITY,2025-01-23 08:00:00,2025-01-23 20:00:00,2
XAUUSD.mg,865,state_reinforcement,LONG,STATE_REINFORCEMENT,2025-01-24 16:00:00,2025-01-24 16:00:00,1
XAUUSD.mg,866,transition_persistence,SHORT,TRANSITION_PERSISTENCE,2025-01-27 00:00:00,2025-01-27 10:00:00,4
XAUUSD.mg,867,state_reinforcement,SHORT,STATE_REINFORCEMENT,2025-01-27 18:00:00,2025-01-27 18:00:00,1
XAUUSD.mg,868,transition_persistence,SHORT,TRANSITION_PERSISTENCE,2025-01-28 00:00:00,2025-01-28 04:00:00,3
XAUUSD.mg,869,transition_persistence,LONG,TRANSITION_PERSISTENCE,2025-01-28 06:00:00,2025-01-28 06:00:00,1
XAUUSD.mg,870,transition_persistence,SHORT,TRANSITION_PERSISTENCE,2025-01-28 08:00:00,2025-01-28 08:00:00,1
XAUUSD.mg,871,transition_persistence,LONG,TRANSITION_PERSISTENCE,2025-01-28 10:00:00,2025-01-29 06:00:00,5
XAUUSD.mg,872,transition_persistence,SHORT,TRANSITION_PERSISTENCE,2025-01-29 10:00:00,2025-01-29 10:00:00,1
XAUUSD.mg,873,state_reinforcement,LONG,STATE_REINFORCEMENT,2025-01-30 16:00:00,2025-01-30 20:00:00,3
XAUUSD.mg,874,transition_persistence,LONG,TRANSITION_PERSISTENCE,2025-01-31 00:00:00,2025-01-31 04:00:00,3
XAUUSD.mg,875,transition_persistence_flat,NONE,TRANSITION_PERSISTENCE,2025-01-31 06:00:00,2025-01-31 06:00:00,1
XAUUSD.mg,876,transition_persistence,LONG,TRANSITION_PERSISTENCE,2025-01-31 08:00:00,2025-01-31 08:00:00,1
XAUUSD.mg,877,transition_persistence,SHORT,TRANSITION_PERSISTENCE,2025-01-31 20:00:00,2025-01-31 20:00:00,1
XAUUSD.mg,878,transition_persistence,LONG,TRANSITION_PERSISTENCE,2025-01-31 22:00:00,2025-01-31 22:00:00,1
XAUUSD.mg,879,transition_persistence,SHORT,TRANSITION_PERSISTENCE,2025-02-03 00:00:00,2025-02-03 08:00:00,3
XAUUSD.mg,880,transition_persistence,LONG,TRANSITION_PERSISTENCE,2025-02-04 00:00:00,2025-02-04 04:00:00,3
XAUUSD.mg,881,transition_persistence,SHORT,TRANSITION_PERSISTENCE,2025-02-04 06:00:00,2025-02-04 08:00:00,2
XAUUSD.mg,882,transition_persistence,LONG,TRANSITION_PERSISTENCE,2025-02-04 22:00:00,2025-02-05 02:00:00,3
XAUUSD.mg,883,state_reinforcement,LONG,STATE_REINFORCEMENT,2025-02-05 08:00:00,2025-02-05 16:00:00,5
XAUUSD.mg,884,transition_persistence,SHORT,TRANSITION_PERSISTENCE,2025-02-05 22:00:00,2025-02-06 04:00:00,2
XAUUSD.mg,885,balance_stability,NONE,BALANCE_STABILITY,2025-02-06 22:00:00,2025-02-07 08:00:00,4
XAUUSD.mg,886,transition_persistence,SHORT,TRANSITION_PERSISTENCE,2025-02-07 18:00:00,2025-02-07 18:00:00,1
XAUUSD.mg,887,balance_stability,NONE,BALANCE_STABILITY,2025-02-07 22:00:00,2025-02-07 22:00:00,1
XAUUSD.mg,888,transition_persistence,LONG,TRANSITION_PERSISTENCE,2025-02-10 22:00:00,2025-02-11 08:00:00,4
XAUUSD.mg,889,balance_stability,NONE,BALANCE_STABILITY,2025-02-12 16:00:00,2025-02-12 16:00:00,1
XAUUSD.mg,890,transition_persistence,LONG,TRANSITION_PERSISTENCE,2025-02-13 02:00:00,2025-02-13 02:00:00,1
XAUUSD.mg,891,state_reinforcement,LONG,STATE_REINFORCEMENT,2025-02-13 16:00:00,2025-02-13 16:00:00,1
XAUUSD.mg,892,transition_persistence,LONG,TRANSITION_PERSISTENCE,2025-02-13 22:00:00,2025-02-14 08:00:00,4
XAUUSD.mg,893,transition_persistence_flat,NONE,TRANSITION_PERSISTENCE,2025-02-14 12:00:00,2025-02-14 12:00:00,1
XAUUSD.mg,894,state_reinforcement,SHORT,STATE_REINFORCEMENT,2025-02-17 00:00:00,2025-02-17 02:00:00,2
XAUUSD.mg,895,transition_persistence,LONG,TRANSITION_PERSISTENCE,2025-02-17 12:00:00,2025-02-17 12:00:00,1
XAUUSD.mg,896,state_reinforcement,LONG,STATE_REINFORCEMENT,2025-02-18 18:00:00,2025-02-18 20:00:00,2
XAUUSD.mg,897,transition_persistence,LONG,TRANSITION_PERSISTENCE,2025-02-18 22:00:00,2025-02-19 06:00:00,5
XAUUSD.mg,898,transition_persistence,SHORT,TRANSITION_PERSISTENCE,2025-02-19 08:00:00,2025-02-19 08:00:00,1
XAUUSD.mg,899,transition_persistence,LONG,TRANSITION_PERSISTENCE,2025-02-19 12:00:00,2025-02-19 12:00:00,1
XAUUSD.mg,900,transition_persistence,SHORT,TRANSITION_PERSISTENCE,2025-02-24 16:00:00,2025-02-24 16:00:00,1
XAUUSD.mg,901,transition_persistence,LONG,TRANSITION_PERSISTENCE,2025-02-24 22:00:00,2025-02-25 00:00:00,2
XAUUSD.mg,902,transition_persistence,SHORT,TRANSITION_PERSISTENCE,2025-02-25 02:00:00,2025-02-25 02:00:00,1
XAUUSD.mg,903,state_reinforcement,SHORT,STATE_REINFORCEMENT,2025-02-25 20:00:00,2025-02-25 20:00:00,1
XAUUSD.mg,904,transition_persistence,LONG,TRANSITION_PERSISTENCE,2025-02-26 08:00:00,2025-02-26 08:00:00,1
XAUUSD.mg,905,state_reinforcement,SHORT,STATE_REINFORCEMENT,2025-02-26 14:00:00,2025-02-26 14:00:00,1
XAUUSD.mg,906,balance_stability,NONE,BALANCE_STABILITY,2025-02-26 22:00:00,2025-02-27 02:00:00,3
XAUUSD.mg,907,state_reinforcement,SHORT,STATE_REINFORCEMENT,2025-02-27 10:00:00,2025-02-27 12:00:00,2
XAUUSD.mg,908,transition_persistence,SHORT,TRANSITION_PERSISTENCE,2025-02-28 00:00:00,2025-02-28 02:00:00,2
XAUUSD.mg,909,state_reinforcement,SHORT,STATE_REINFORCEMENT,2025-02-28 20:00:00,2025-02-28 20:00:00,1
XAUUSD.mg,910,transition_persistence,LONG,TRANSITION_PERSISTENCE,2025-03-03 00:00:00,2025-03-03 04:00:00,3
XAUUSD.mg,911,balance_stability,NONE,BALANCE_STABILITY,2025-03-03 08:00:00,2025-03-03 12:00:00,3
XAUUSD.mg,912,transition_persistence,LONG,TRANSITION_PERSISTENCE,2025-03-04 00:00:00,2025-03-04 04:00:00,3
XAUUSD.mg,913,transition_persistence,SHORT,TRANSITION_PERSISTENCE,2025-03-04 06:00:00,2025-03-05 00:00:00,2
XAUUSD.mg,914,transition_persistence,LONG,TRANSITION_PERSISTENCE,2025-03-05 04:00:00,2025-03-05 06:00:00,2
XAUUSD.mg,915,balance_stability,NONE,BALANCE_STABILITY,2025-03-06 20:00:00,2025-03-06 20:00:00,1
XAUUSD.mg,916,transition_persistence,LONG,TRANSITION_PERSISTENCE,2025-03-07 02:00:00,2025-03-07 02:00:00,1
XAUUSD.mg,917,balance_stability,NONE,BALANCE_STABILITY,2025-03-07 16:00:00,2025-03-10 02:00:00,6
XAUUSD.mg,918,transition_persistence,SHORT,TRANSITION_PERSISTENCE,2025-03-10 22:00:00,2025-03-11 02:00:00,3
XAUUSD.mg,919,transition_persistence,LONG,TRANSITION_PERSISTENCE,2025-03-11 22:00:00,2025-03-12 00:00:00,2
XAUUSD.mg,920,transition_persistence,SHORT,TRANSITION_PERSISTENCE,2025-03-12 02:00:00,2025-03-12 06:00:00,3
XAUUSD.mg,921,state_reinforcement,LONG,STATE_REINFORCEMENT,2025-03-12 20:00:00,2025-03-13 04:00:00,3
XAUUSD.mg,922,transition_persistence,LONG,TRANSITION_PERSISTENCE,2025-03-13 06:00:00,2025-03-13 08:00:00,2
XAUUSD.mg,923,state_reinforcement,LONG,STATE_REINFORCEMENT,2025-03-14 10:00:00,2025-03-14 10:00:00,1
XAUUSD.mg,924,transition_persistence,SHORT,TRANSITION_PERSISTENCE,2025-03-14 16:00:00,2025-03-14 16:00:00,1
XAUUSD.mg,925,transition_persistence_flat,NONE,TRANSITION_PERSISTENCE,2025-03-14 18:00:00,2025-03-14 18:00:00,1
XAUUSD.mg,926,transition_persistence,SHORT,TRANSITION_PERSISTENCE,2025-03-14 20:00:00,2025-03-17 00:00:00,3
XAUUSD.mg,927,transition_persistence,LONG,TRANSITION_PERSISTENCE,2025-03-17 02:00:00,2025-03-17 02:00:00,1
XAUUSD.mg,928,state_reinforcement,LONG,STATE_REINFORCEMENT,2025-03-18 08:00:00,2025-03-19 06:00:00,8
XAUUSD.mg,929,transition_persistence_flat,NONE,TRANSITION_PERSISTENCE,2025-03-19 08:00:00,2025-03-19 08:00:00,1
XAUUSD.mg,930,transition_persistence,SHORT,TRANSITION_PERSISTENCE,2025-03-19 10:00:00,2025-03-19 10:00:00,1
XAUUSD.mg,931,transition_persistence,LONG,TRANSITION_PERSISTENCE,2025-03-19 12:00:00,2025-03-19 14:00:00,2
XAUUSD.mg,932,transition_persistence,SHORT,TRANSITION_PERSISTENCE,2025-03-19 16:00:00,2025-03-19 18:00:00,2
XAUUSD.mg,933,transition_persistence,LONG,TRANSITION_PERSISTENCE,2025-03-19 22:00:00,2025-03-19 22:00:00,1
XAUUSD.mg,934,balance_stability,NONE,BALANCE_STABILITY,2025-03-21 00:00:00,2025-03-21 00:00:00,1
XAUUSD.mg,935,state_reinforcement,SHORT,STATE_REINFORCEMENT,2025-03-21 18:00:00,2025-03-21 20:00:00,2
XAUUSD.mg,936,transition_persistence,SHORT,TRANSITION_PERSISTENCE,2025-03-21 22:00:00,2025-03-24 00:00:00,2
XAUUSD.mg,937,transition_persistence,LONG,TRANSITION_PERSISTENCE,2025-03-24 02:00:00,2025-03-24 06:00:00,3
XAUUSD.mg,938,balance_stability,NONE,BALANCE_STABILITY,2025-03-25 04:00:00,2025-03-25 04:00:00,1
XAUUSD.mg,939,transition_persistence,LONG,TRANSITION_PERSISTENCE,2025-03-25 16:00:00,2025-03-25 20:00:00,3
XAUUSD.mg,940,transition_persistence_flat,NONE,TRANSITION_PERSISTENCE,2025-03-26 00:00:00,2025-03-26 00:00:00,1
XAUUSD.mg,941,balance_stability,NONE,BALANCE_STABILITY,2025-03-26 04:00:00,2025-03-26 04:00:00,1
XAUUSD.mg,942,state_reinforcement,LONG,STATE_REINFORCEMENT,2025-03-27 16:00:00,2025-03-27 20:00:00,2
XAUUSD.mg,943,transition_persistence,LONG,TRANSITION_PERSISTENCE,2025-03-27 22:00:00,2025-03-28 12:00:00,3
XAUUSD.mg,944,transition_persistence_flat,NONE,TRANSITION_PERSISTENCE,2025-03-28 18:00:00,2025-03-28 18:00:00,1
XAUUSD.mg,945,transition_persistence,LONG,TRANSITION_PERSISTENCE,2025-03-28 22:00:00,2025-03-31 02:00:00,2
XAUUSD.mg,946,state_reinforcement,LONG,STATE_REINFORCEMENT,2025-03-31 08:00:00,2025-03-31 12:00:00,3
XAUUSD.mg,947,transition_persistence,LONG,TRANSITION_PERSISTENCE,2025-03-31 22:00:00,2025-04-01 12:00:00,6
XAUUSD.mg,948,transition_persistence,SHORT,TRANSITION_PERSISTENCE,2025-04-01 14:00:00,2025-04-01 14:00:00,1
XAUUSD.mg,949,balance_stability,NONE,BALANCE_STABILITY,2025-04-02 18:00:00,2025-04-02 22:00:00,3
XAUUSD.mg,950,balance_stability,SHORT,BALANCE_STABILITY,2025-04-03 04:00:00,2025-04-03 04:00:00,1
XAUUSD.mg,951,transition_persistence,LONG,TRANSITION_PERSISTENCE,2025-04-04 00:00:00,2025-04-04 02:00:00,2
XAUUSD.mg,952,transition_persistence,SHORT,TRANSITION_PERSISTENCE,2025-04-04 04:00:00,2025-04-04 04:00:00,1
XAUUSD.mg,953,state_reinforcement,SHORT,STATE_REINFORCEMENT,2025-04-04 20:00:00,2025-04-04 20:00:00,1
XAUUSD.mg,954,transition_persistence,SHORT,TRANSITION_PERSISTENCE,2025-04-07 04:00:00,2025-04-07 04:00:00,1
XAUUSD.mg,955,transition_persistence,LONG,TRANSITION_PERSISTENCE,2025-04-07 06:00:00,2025-04-07 06:00:00,1
XAUUSD.mg,956,transition_persistence,SHORT,TRANSITION_PERSISTENCE,2025-04-07 08:00:00,2025-04-07 10:00:00,2
XAUUSD.mg,957,transition_persistence,LONG,TRANSITION_PERSISTENCE,2025-04-07 12:00:00,2025-04-07 12:00:00,1
XAUUSD.mg,958,transition_persistence,SHORT,TRANSITION_PERSISTENCE,2025-04-07 14:00:00,2025-04-07 14:00:00,1
XAUUSD.mg,959,balance_stability,NONE,BALANCE_STABILITY,2025-04-09 00:00:00,2025-04-09 00:00:00,1
XAUUSD.mg,960,state_reinforcement,LONG,STATE_REINFORCEMENT,2025-04-09 18:00:00,2025-04-09 20:00:00,2
XAUUSD.mg,961,transition_persistence,LONG,TRANSITION_PERSISTENCE,2025-04-09 22:00:00,2025-04-10 14:00:00,5
XAUUSD.mg,962,state_reinforcement,LONG,STATE_REINFORCEMENT,2025-04-11 02:00:00,2025-04-11 14:00:00,3
XAUUSD.mg,963,transition_persistence,LONG,TRANSITION_PERSISTENCE,2025-04-11 22:00:00,2025-04-14 02:00:00,3
XAUUSD.mg,964,transition_persistence,SHORT,TRANSITION_PERSISTENCE,2025-04-14 18:00:00,2025-04-14 22:00:00,2
XAUUSD.mg,965,balance_stability,NONE,BALANCE_STABILITY,2025-04-15 02:00:00,2025-04-15 10:00:00,3
XAUUSD.mg,966,state_reinforcement,LONG,STATE_REINFORCEMENT,2025-04-16 02:00:00,2025-04-17 02:00:00,11
XAUUSD.mg,967,transition_persistence,LONG,TRANSITION_PERSISTENCE,2025-04-17 06:00:00,2025-04-17 06:00:00,1
XAUUSD.mg,968,transition_persistence,SHORT,TRANSITION_PERSISTENCE,2025-04-17 12:00:00,2025-04-17 20:00:00,3
XAUUSD.mg,969,state_reinforcement,LONG,STATE_REINFORCEMENT,2025-04-21 10:00:00,2025-04-22 08:00:00,10
XAUUSD.mg,970,transition_persistence,LONG,TRANSITION_PERSISTENCE,2025-04-22 12:00:00,2025-04-22 12:00:00,1
XAUUSD.mg,971,transition_persistence,SHORT,TRANSITION_PERSISTENCE,2025-04-22 22:00:00,2025-04-23 12:00:00,4
XAUUSD.mg,972,state_reinforcement,SHORT,STATE_REINFORCEMENT,2025-04-23 18:00:00,2025-04-23 18:00:00,1
XAUUSD.mg,973,transition_persistence,SHORT,TRANSITION_PERSISTENCE,2025-04-23 22:00:00,2025-04-23 22:00:00,1
XAUUSD.mg,974,balance_stability,NONE,BALANCE_STABILITY,2025-04-24 08:00:00,2025-04-24 12:00:00,3
XAUUSD.mg,975,transition_persistence,LONG,TRANSITION_PERSISTENCE,2025-04-25 22:00:00,2025-04-28 06:00:00,4
XAUUSD.mg,976,balance_stability,NONE,BALANCE_STABILITY,2025-04-30 06:00:00,2025-04-30 08:00:00,2
XAUUSD.mg,977,transition_persistence,LONG,TRANSITION_PERSISTENCE,2025-04-30 14:00:00,2025-04-30 14:00:00,1
XAUUSD.mg,978,balance_stability,NONE,BALANCE_STABILITY,2025-04-30 18:00:00,2025-04-30 18:00:00,1
XAUUSD.mg,979,transition_persistence,SHORT,TRANSITION_PERSISTENCE,2025-04-30 20:00:00,2025-04-30 20:00:00,1
XAUUSD.mg,980,transition_persistence,LONG,TRANSITION_PERSISTENCE,2025-04-30 22:00:00,2025-04-30 22:00:00,1
XAUUSD.mg,981,transition_persistence_flat,NONE,TRANSITION_PERSISTENCE,2025-05-01 00:00:00,2025-05-01 00:00:00,1
XAUUSD.mg,982,state_reinforcement,SHORT,STATE_REINFORCEMENT,2025-05-01 12:00:00,2025-05-01 16:00:00,3
XAUUSD.mg,983,transition_persistence,LONG,TRANSITION_PERSISTENCE,2025-05-01 22:00:00,2025-05-02 14:00:00,3
XAUUSD.mg,984,transition_persistence,SHORT,TRANSITION_PERSISTENCE,2025-05-02 22:00:00,2025-05-05 00:00:00,2
XAUUSD.mg,985,balance_stability,NONE,BALANCE_STABILITY,2025-05-05 08:00:00,2025-05-05 08:00:00,1
XAUUSD.mg,986,state_reinforcement,LONG,STATE_REINFORCEMENT,2025-05-05 16:00:00,2025-05-06 20:00:00,11
XAUUSD.mg,987,balance_stability,NONE,BALANCE_STABILITY,2025-05-07 08:00:00,2025-05-07 16:00:00,2
XAUUSD.mg,988,transition_persistence,SHORT,TRANSITION_PERSISTENCE,2025-05-08 14:00:00,2025-05-09 00:00:00,3
XAUUSD.mg,989,transition_persistence,LONG,TRANSITION_PERSISTENCE,2025-05-09 06:00:00,2025-05-09 06:00:00,1
XAUUSD.mg,990,state_reinforcement,SHORT,STATE_REINFORCEMENT,2025-05-12 10:00:00,2025-05-12 14:00:00,3
XAUUSD.mg,991,transition_persistence,LONG,TRANSITION_PERSISTENCE,2025-05-12 22:00:00,2025-05-13 00:00:00,2
XAUUSD.mg,992,transition_persistence,SHORT,TRANSITION_PERSISTENCE,2025-05-13 02:00:00,2025-05-13 02:00:00,1
XAUUSD.mg,993,balance_stability,NONE,BALANCE_STABILITY,2025-05-13 18:00:00,2025-05-14 00:00:00,4
XAUUSD.mg,994,state_reinforcement,SHORT,STATE_REINFORCEMENT,2025-05-14 20:00:00,2025-05-15 08:00:00,5
XAUUSD.mg,995,transition_persistence,LONG,TRANSITION_PERSISTENCE,2025-05-16 00:00:00,2025-05-16 02:00:00,2
XAUUSD.mg,996,state_reinforcement,SHORT,STATE_REINFORCEMENT,2025-05-16 08:00:00,2025-05-16 10:00:00,2
XAUUSD.mg,997,transition_persistence,SHORT,TRANSITION_PERSISTENCE,2025-05-16 22:00:00,2025-05-16 22:00:00,1
XAUUSD.mg,998,transition_persistence,LONG,TRANSITION_PERSISTENCE,2025-05-19 00:00:00,2025-05-19 04:00:00,3
XAUUSD.mg,999,balance_stability,NONE,BALANCE_STABILITY,2025-05-20 02:00:00,2025-05-20 08:00:00,4
XAUUSD.mg,1000,state_reinforcement,LONG,STATE_REINFORCEMENT,2025-05-20 18:00:00,2025-05-21 16:00:00,8
XAUUSD.mg,1001,state_reinforcement,NONE,STATE_REINFORCEMENT,2025-05-21 18:00:00,2025-05-21 18:00:00,1
XAUUSD.mg,1002,state_reinforcement,LONG,STATE_REINFORCEMENT,2025-05-21 20:00:00,2025-05-22 04:00:00,3
XAUUSD.mg,1003,transition_persistence,LONG,TRANSITION_PERSISTENCE,2025-05-22 06:00:00,2025-05-22 08:00:00,2
XAUUSD.mg,1004,state_reinforcement,LONG,STATE_REINFORCEMENT,2025-05-23 18:00:00,2025-05-23 20:00:00,2
XAUUSD.mg,1005,balance_stability,NONE,BALANCE_STABILITY,2025-05-26 14:00:00,2025-05-27 04:00:00,2
XAUUSD.mg,1006,transition_persistence,LONG,TRANSITION_PERSISTENCE,2025-05-27 22:00:00,2025-05-28 14:00:00,4
XAUUSD.mg,1007,transition_persistence,SHORT,TRANSITION_PERSISTENCE,2025-05-28 22:00:00,2025-05-29 04:00:00,2
XAUUSD.mg,1008,transition_persistence,LONG,TRANSITION_PERSISTENCE,2025-05-29 22:00:00,2025-05-29 22:00:00,1
XAUUSD.mg,1009,transition_persistence,SHORT,TRANSITION_PERSISTENCE,2025-05-30 06:00:00,2025-05-30 06:00:00,1
XAUUSD.mg,1010,state_reinforcement,SHORT,STATE_REINFORCEMENT,2025-05-30 18:00:00,2025-05-30 18:00:00,1
XAUUSD.mg,1011,transition_persistence_flat,NONE,TRANSITION_PERSISTENCE,2025-05-30 20:00:00,2025-05-30 20:00:00,1
XAUUSD.mg,1012,transition_persistence,SHORT,TRANSITION_PERSISTENCE,2025-05-30 22:00:00,2025-05-30 22:00:00,1
XAUUSD.mg,1013,balance_stability,NONE,BALANCE_STABILITY,2025-06-02 02:00:00,2025-06-02 02:00:00,1
XAUUSD.mg,1014,state_reinforcement,LONG,STATE_REINFORCEMENT,2025-06-03 02:00:00,2025-06-03 02:00:00,1
XAUUSD.mg,1015,transition_persistence,SHORT,TRANSITION_PERSISTENCE,2025-06-03 22:00:00,2025-06-03 22:00:00,1
XAUUSD.mg,1016,transition_persistence_flat,NONE,TRANSITION_PERSISTENCE,2025-06-04 00:00:00,2025-06-04 00:00:00,1
XAUUSD.mg,1017,transition_persistence,LONG,TRANSITION_PERSISTENCE,2025-06-04 04:00:00,2025-06-04 04:00:00,1
XAUUSD.mg,1018,balance_stability,NONE,BALANCE_STABILITY,2025-06-04 14:00:00,2025-06-05 04:00:00,3
XAUUSD.mg,1019,transition_persistence,SHORT,TRANSITION_PERSISTENCE,2025-06-05 22:00:00,2025-06-05 22:00:00,1
XAUUSD.mg,1020,balance_stability,NONE,BALANCE_STABILITY,2025-06-06 02:00:00,2025-06-06 08:00:00,3
XAUUSD.mg,1021,transition_persistence,SHORT,TRANSITION_PERSISTENCE,2025-06-06 22:00:00,2025-06-09 00:00:00,2
XAUUSD.mg,1022,transition_persistence,LONG,TRANSITION_PERSISTENCE,2025-06-09 14:00:00,2025-06-10 00:00:00,3
XAUUSD.mg,1023,state_reinforcement,LONG,STATE_REINFORCEMENT,2025-06-12 02:00:00,2025-06-12 06:00:00,3
XAUUSD.mg,1024,transition_persistence,LONG,TRANSITION_PERSISTENCE,2025-06-12 10:00:00,2025-06-13 00:00:00,3
XAUUSD.mg,1025,state_reinforcement,LONG,STATE_REINFORCEMENT,2025-06-13 18:00:00,2025-06-13 20:00:00,2
XAUUSD.mg,1026,transition_persistence,SHORT,TRANSITION_PERSISTENCE,2025-06-16 22:00:00,2025-06-16 22:00:00,1
XAUUSD.mg,1027,transition_persistence,LONG,TRANSITION_PERSISTENCE,2025-06-17 02:00:00,2025-06-17 02:00:00,1
XAUUSD.mg,1028,transition_persistence,SHORT,TRANSITION_PERSISTENCE,2025-06-17 04:00:00,2025-06-17 04:00:00,1
XAUUSD.mg,1029,transition_persistence_flat,NONE,TRANSITION_PERSISTENCE,2025-06-17 06:00:00,2025-06-17 06:00:00,1
XAUUSD.mg,1030,balance_stability,NONE,BALANCE_STABILITY,2025-06-17 20:00:00,2025-06-18 08:00:00,7
XAUUSD.mg,1031,transition_persistence,SHORT,TRANSITION_PERSISTENCE,2025-06-18 22:00:00,2025-06-19 04:00:00,4
XAUUSD.mg,1032,balance_stability,NONE,BALANCE_STABILITY,2025-06-20 00:00:00,2025-06-20 00:00:00,1
XAUUSD.mg,1033,transition_persistence,SHORT,TRANSITION_PERSISTENCE,2025-06-20 10:00:00,2025-06-20 10:00:00,1
XAUUSD.mg,1034,transition_persistence,LONG,TRANSITION_PERSISTENCE,2025-06-20 20:00:00,2025-06-20 20:00:00,1
XAUUSD.mg,1035,balance_stability,LONG,BALANCE_STABILITY,2025-06-23 00:00:00,2025-06-23 04:00:00,2
XAUUSD.mg,1036,balance_stability,NONE,BALANCE_STABILITY,2025-06-23 10:00:00,2025-06-23 22:00:00,3
XAUUSD.mg,1037,transition_persistence,SHORT,TRANSITION_PERSISTENCE,2025-06-24 02:00:00,2025-06-24 04:00:00,2
XAUUSD.mg,1038,transition_persistence,LONG,TRANSITION_PERSISTENCE,2025-06-24 22:00:00,2025-06-25 04:00:00,3
XAUUSD.mg,1039,balance_stability,NONE,BALANCE_STABILITY,2025-06-25 22:00:00,2025-06-26 04:00:00,2
XAUUSD.mg,1040,transition_persistence,LONG,TRANSITION_PERSISTENCE,2025-06-26 10:00:00,2025-06-26 10:00:00,1
XAUUSD.mg,1041,balance_stability,NONE,BALANCE_STABILITY,2025-06-26 18:00:00,2025-06-26 18:00:00,1
XAUUSD.mg,1042,transition_persistence,SHORT,TRANSITION_PERSISTENCE,2025-06-27 00:00:00,2025-06-27 00:00:00,1
XAUUSD.mg,1043,state_reinforcement,SHORT,STATE_REINFORCEMENT,2025-06-27 12:00:00,2025-06-27 20:00:00,5
XAUUSD.mg,1044,transition_persistence,SHORT,TRANSITION_PERSISTENCE,2025-06-27 22:00:00,2025-06-30 00:00:00,2
XAUUSD.mg,1045,transition_persistence_flat,NONE,TRANSITION_PERSISTENCE,2025-06-30 02:00:00,2025-06-30 02:00:00,1
XAUUSD.mg,1046,balance_stability,NONE,BALANCE_STABILITY,2025-06-30 12:00:00,2025-06-30 12:00:00,1
XAUUSD.mg,1047,transition_persistence,LONG,TRANSITION_PERSISTENCE,2025-06-30 22:00:00,2025-06-30 22:00:00,1
XAUUSD.mg,1048,state_reinforcement,LONG,STATE_REINFORCEMENT,2025-07-01 04:00:00,2025-07-01 18:00:00,8
XAUUSD.mg,1049,state_reinforcement,SHORT,STATE_REINFORCEMENT,2025-07-01 20:00:00,2025-07-01 20:00:00,1
XAUUSD.mg,1050,transition_persistence,SHORT,TRANSITION_PERSISTENCE,2025-07-02 02:00:00,2025-07-02 02:00:00,1
XAUUSD.mg,1051,transition_persistence_flat,NONE,TRANSITION_PERSISTENCE,2025-07-02 04:00:00,2025-07-02 04:00:00,1
XAUUSD.mg,1052,transition_persistence,LONG,TRANSITION_PERSISTENCE,2025-07-02 22:00:00,2025-07-03 06:00:00,3
XAUUSD.mg,1053,transition_persistence,SHORT,TRANSITION_PERSISTENCE,2025-07-03 08:00:00,2025-07-03 08:00:00,1
XAUUSD.mg,1054,state_reinforcement,SHORT,STATE_REINFORCEMENT,2025-07-07 12:00:00,2025-07-07 12:00:00,1
XAUUSD.mg,1055,transition_persistence_flat,NONE,TRANSITION_PERSISTENCE,2025-07-07 14:00:00,2025-07-07 14:00:00,1
XAUUSD.mg,1056,transition_persistence,LONG,TRANSITION_PERSISTENCE,2025-07-07 16:00:00,2025-07-07 16:00:00,1
XAUUSD.mg,1057,balance_stability,NONE,BALANCE_STABILITY,2025-07-08 00:00:00,2025-07-08 00:00:00,1
XAUUSD.mg,1058,transition_persistence,SHORT,TRANSITION_PERSISTENCE,2025-07-08 22:00:00,2025-07-09 08:00:00,5
XAUUSD.mg,1059,transition_persistence,LONG,TRANSITION_PERSISTENCE,2025-07-09 22:00:00,2025-07-10 02:00:00,3
XAUUSD.mg,1060,state_reinforcement,LONG,STATE_REINFORCEMENT,2025-07-10 10:00:00,2025-07-10 10:00:00,1
XAUUSD.mg,1061,transition_persistence,LONG,TRANSITION_PERSISTENCE,2025-07-10 16:00:00,2025-07-10 16:00:00,1
XAUUSD.mg,1062,transition_persistence,SHORT,TRANSITION_PERSISTENCE,2025-07-10 18:00:00,2025-07-10 18:00:00,1
XAUUSD.mg,1063,balance_stability,NONE,BALANCE_STABILITY,2025-07-11 00:00:00,2025-07-11 02:00:00,2
XAUUSD.mg,1064,transition_persistence,LONG,TRANSITION_PERSISTENCE,2025-07-11 22:00:00,2025-07-14 00:00:00,2
XAUUSD.mg,1065,state_reinforcement,LONG,STATE_REINFORCEMENT,2025-07-14 06:00:00,2025-07-14 08:00:00,2
XAUUSD.mg,1066,transition_persistence,SHORT,TRANSITION_PERSISTENCE,2025-07-14 22:00:00,2025-07-16 02:00:00,6
XAUUSD.mg,1067,state_reinforcement,LONG,STATE_REINFORCEMENT,2025-07-16 08:00:00,2025-07-16 10:00:00,2
XAUUSD.mg,1068,balance_stability,NONE,BALANCE_STABILITY,2025-07-17 02:00:00,2025-07-17 06:00:00,3
XAUUSD.mg,1069,transition_persistence,SHORT,TRANSITION_PERSISTENCE,2025-07-17 16:00:00,2025-07-17 18:00:00,2
XAUUSD.mg,1070,transition_persistence,LONG,TRANSITION_PERSISTENCE,2025-07-17 20:00:00,2025-07-17 20:00:00,1
XAUUSD.mg,1071,balance_stability,NONE,BALANCE_STABILITY,2025-07-18 00:00:00,2025-07-18 00:00:00,1
XAUUSD.mg,1072,state_reinforcement,LONG,STATE_REINFORCEMENT,2025-07-18 16:00:00,2025-07-18 18:00:00,2
XAUUSD.mg,1073,transition_persistence,SHORT,TRANSITION_PERSISTENCE,2025-07-18 20:00:00,2025-07-21 00:00:00,3
XAUUSD.mg,1074,transition_persistence,LONG,TRANSITION_PERSISTENCE,2025-07-21 22:00:00,2025-07-22 00:00:00,2
XAUUSD.mg,1075,transition_persistence,SHORT,TRANSITION_PERSISTENCE,2025-07-22 04:00:00,2025-07-22 08:00:00,2
XAUUSD.mg,1076,state_reinforcement,LONG,STATE_REINFORCEMENT,2025-07-22 20:00:00,2025-07-23 02:00:00,2
XAUUSD.mg,1077,state_reinforcement,SHORT,STATE_REINFORCEMENT,2025-07-23 04:00:00,2025-07-24 18:00:00,10
XAUUSD.mg,1078,transition_persistence,LONG,TRANSITION_PERSISTENCE,2025-07-24 20:00:00,2025-07-25 02:00:00,4
XAUUSD.mg,1079,state_reinforcement,SHORT,STATE_REINFORCEMENT,2025-07-25 14:00:00,2025-07-25 20:00:00,4
XAUUSD.mg,1080,transition_persistence,SHORT,TRANSITION_PERSISTENCE,2025-07-25 22:00:00,2025-07-29 04:00:00,7
XAUUSD.mg,1081,transition_persistence,LONG,TRANSITION_PERSISTENCE,2025-07-29 06:00:00,2025-07-29 06:00:00,1
XAUUSD.mg,1082,balance_stability,NONE,BALANCE_STABILITY,2025-07-30 08:00:00,2025-07-30 10:00:00,2
XAUUSD.mg,1083,transition_persistence,SHORT,TRANSITION_PERSISTENCE,2025-07-30 22:00:00,2025-07-30 22:00:00,1
XAUUSD.mg,1084,state_reinforcement,LONG,STATE_REINFORCEMENT,2025-08-01 18:00:00,2025-08-01 20:00:00,2
XAUUSD.mg,1085,transition_persistence,SHORT,TRANSITION_PERSISTENCE,2025-08-04 10:00:00,2025-08-04 10:00:00,1
XAUUSD.mg,1086,transition_persistence,LONG,TRANSITION_PERSISTENCE,2025-08-05 00:00:00,2025-08-05 00:00:00,1
XAUUSD.mg,1087,transition_persistence,SHORT,TRANSITION_PERSISTENCE,2025-08-05 02:00:00,2025-08-05 04:00:00,2
XAUUSD.mg,1088,transition_persistence_flat,NONE,TRANSITION_PERSISTENCE,2025-08-05 06:00:00,2025-08-05 06:00:00,1
XAUUSD.mg,1089,transition_persistence,SHORT,TRANSITION_PERSISTENCE,2025-08-05 14:00:00,2025-08-05 14:00:00,1
XAUUSD.mg,1090,balance_stability,NONE,BALANCE_STABILITY,2025-08-06 00:00:00,2025-08-06 00:00:00,1
XAUUSD.mg,1091,transition_persistence,LONG,TRANSITION_PERSISTENCE,2025-08-07 10:00:00,2025-08-08 00:00:00,5
XAUUSD.mg,1092,balance_stability,NONE,BALANCE_STABILITY,2025-08-08 06:00:00,2025-08-08 06:00:00,1
XAUUSD.mg,1093,transition_persistence,LONG,TRANSITION_PERSISTENCE,2025-08-08 08:00:00,2025-08-08 10:00:00,2
XAUUSD.mg,1094,balance_stability,NONE,BALANCE_STABILITY,2025-08-08 14:00:00,2025-08-08 16:00:00,2
XAUUSD.mg,1095,balance_stability,LONG,BALANCE_STABILITY,2025-08-08 18:00:00,2025-08-08 18:00:00,1
XAUUSD.mg,1096,balance_stability,NONE,BALANCE_STABILITY,2025-08-11 00:00:00,2025-08-11 00:00:00,1
XAUUSD.mg,1097,balance_stability,LONG,BALANCE_STABILITY,2025-08-11 06:00:00,2025-08-11 06:00:00,1
XAUUSD.mg,1098,transition_persistence,SHORT,TRANSITION_PERSISTENCE,2025-08-12 00:00:00,2025-08-12 02:00:00,2
XAUUSD.mg,1099,balance_stability,NONE,BALANCE_STABILITY,2025-08-12 06:00:00,2025-08-13 08:00:00,14
XAUUSD.mg,1100,transition_persistence,LONG,TRANSITION_PERSISTENCE,2025-08-13 18:00:00,2025-08-13 20:00:00,2
XAUUSD.mg,1101,transition_persistence,SHORT,TRANSITION_PERSISTENCE,2025-08-13 22:00:00,2025-08-13 22:00:00,1
XAUUSD.mg,1102,transition_persistence_flat,NONE,TRANSITION_PERSISTENCE,2025-08-14 00:00:00,2025-08-14 00:00:00,1
XAUUSD.mg,1103,balance_stability,NONE,BALANCE_STABILITY,2025-08-14 12:00:00,2025-08-15 22:00:00,3
XAUUSD.mg,1104,transition_persistence,LONG,TRANSITION_PERSISTENCE,2025-08-18 12:00:00,2025-08-18 12:00:00,1
XAUUSD.mg,1105,transition_persistence,SHORT,TRANSITION_PERSISTENCE,2025-08-18 14:00:00,2025-08-20 00:00:00,4
XAUUSD.mg,1106,state_reinforcement,LONG,STATE_REINFORCEMENT,2025-08-20 18:00:00,2025-08-20 20:00:00,2
XAUUSD.mg,1107,state_reinforcement,SHORT,STATE_REINFORCEMENT,2025-08-21 02:00:00,2025-08-21 04:00:00,2
XAUUSD.mg,1108,transition_persistence,LONG,TRANSITION_PERSISTENCE,2025-08-22 22:00:00,2025-08-25 02:00:00,3
XAUUSD.mg,1109,transition_persistence_flat,NONE,TRANSITION_PERSISTENCE,2025-08-25 04:00:00,2025-08-25 04:00:00,1
XAUUSD.mg,1110,transition_persistence,SHORT,TRANSITION_PERSISTENCE,2025-08-25 06:00:00,2025-08-25 08:00:00,2
XAUUSD.mg,1111,balance_stability,NONE,BALANCE_STABILITY,2025-08-25 20:00:00,2025-08-25 20:00:00,1
XAUUSD.mg,1112,transition_persistence,LONG,TRANSITION_PERSISTENCE,2025-08-26 22:00:00,2025-08-27 02:00:00,3
XAUUSD.mg,1113,transition_persistence,SHORT,TRANSITION_PERSISTENCE,2025-08-27 08:00:00,2025-08-27 08:00:00,1
XAUUSD.mg,1114,transition_persistence_flat,NONE,TRANSITION_PERSISTENCE,2025-08-28 08:00:00,2025-08-28 08:00:00,1
XAUUSD.mg,1115,state_reinforcement,LONG,STATE_REINFORCEMENT,2025-08-28 16:00:00,2025-08-28 20:00:00,3
XAUUSD.mg,1116,transition_persistence,LONG,TRANSITION_PERSISTENCE,2025-08-29 00:00:00,2025-08-29 00:00:00,1
XAUUSD.mg,1117,transition_persistence,SHORT,TRANSITION_PERSISTENCE,2025-08-29 06:00:00,2025-08-29 12:00:00,2
XAUUSD.mg,1118,state_reinforcement,LONG,STATE_REINFORCEMENT,2025-08-29 18:00:00,2025-09-01 04:00:00,4
XAUUSD.mg,1119,transition_persistence,LONG,TRANSITION_PERSISTENCE,2025-09-01 10:00:00,2025-09-03 04:00:00,6
XAUUSD.mg,1120,transition_persistence_flat,NONE,TRANSITION_PERSISTENCE,2025-09-03 06:00:00,2025-09-03 06:00:00,1
XAUUSD.mg,1121,transition_persistence,SHORT,TRANSITION_PERSISTENCE,2025-09-03 08:00:00,2025-09-03 08:00:00,1
XAUUSD.mg,1122,transition_persistence,LONG,TRANSITION_PERSISTENCE,2025-09-03 10:00:00,2025-09-03 10:00:00,1
XAUUSD.mg,1123,transition_persistence,SHORT,TRANSITION_PERSISTENCE,2025-09-04 08:00:00,2025-09-04 10:00:00,2
XAUUSD.mg,1124,balance_stability,NONE,BALANCE_STABILITY,2025-09-05 10:00:00,2025-09-05 10:00:00,1
XAUUSD.mg,1125,state_reinforcement,LONG,STATE_REINFORCEMENT,2025-09-05 18:00:00,2025-09-05 20:00:00,2
XAUUSD.mg,1126,transition_persistence,LONG,TRANSITION_PERSISTENCE,2025-09-08 00:00:00,2025-09-08 00:00:00,1
XAUUSD.mg,1127,transition_persistence,SHORT,TRANSITION_PERSISTENCE,2025-09-08 02:00:00,2025-09-08 06:00:00,3
XAUUSD.mg,1128,state_reinforcement,LONG,STATE_REINFORCEMENT,2025-09-08 16:00:00,2025-09-09 10:00:00,7
XAUUSD.mg,1129,transition_persistence,LONG,TRANSITION_PERSISTENCE,2025-09-09 12:00:00,2025-09-09 12:00:00,1
XAUUSD.mg,1130,transition_persistence_flat,NONE,TRANSITION_PERSISTENCE,2025-09-09 16:00:00,2025-09-09 16:00:00,1
XAUUSD.mg,1131,transition_persistence,SHORT,TRANSITION_PERSISTENCE,2025-09-09 18:00:00,2025-09-10 04:00:00,5
XAUUSD.mg,1132,balance_stability,NONE,BALANCE_STABILITY,2025-09-11 00:00:00,2025-09-11 02:00:00,2
XAUUSD.mg,1133,transition_persistence,SHORT,TRANSITION_PERSISTENCE,2025-09-11 14:00:00,2025-09-11 14:00:00,1
XAUUSD.mg,1134,balance_stability,NONE,BALANCE_STABILITY,2025-09-11 18:00:00,2025-09-11 18:00:00,1
XAUUSD.mg,1135,transition_persistence,LONG,TRANSITION_PERSISTENCE,2025-09-11 20:00:00,2025-09-11 20:00:00,1
XAUUSD.mg,1136,balance_stability,NONE,BALANCE_STABILITY,2025-09-12 00:00:00,2025-09-12 00:00:00,1
XAUUSD.mg,1137,state_reinforcement,LONG,STATE_REINFORCEMENT,2025-09-12 08:00:00,2025-09-12 14:00:00,2
XAUUSD.mg,1138,transition_persistence,SHORT,TRANSITION_PERSISTENCE,2025-09-12 16:00:00,2025-09-12 18:00:00,2
XAUUSD.mg,1139,balance_stability,NONE,BALANCE_STABILITY,2025-09-12 22:00:00,2025-09-15 08:00:00,4
XAUUSD.mg,1140,state_reinforcement,LONG,STATE_REINFORCEMENT,2025-09-15 18:00:00,2025-09-15 20:00:00,2
XAUUSD.mg,1141,transition_persistence,LONG,TRANSITION_PERSISTENCE,2025-09-15 22:00:00,2025-09-16 02:00:00,3
XAUUSD.mg,1142,transition_persistence_flat,NONE,TRANSITION_PERSISTENCE,2025-09-16 04:00:00,2025-09-16 04:00:00,1
XAUUSD.mg,1143,transition_persistence,LONG,TRANSITION_PERSISTENCE,2025-09-16 06:00:00,2025-09-16 18:00:00,3
XAUUSD.mg,1144,balance_stability,NONE,BALANCE_STABILITY,2025-09-16 22:00:00,2025-09-17 06:00:00,3
XAUUSD.mg,1145,transition_persistence_flat,NONE,TRANSITION_PERSISTENCE,2025-09-17 14:00:00,2025-09-17 14:00:00,1
XAUUSD.mg,1146,transition_persistence,LONG,TRANSITION_PERSISTENCE,2025-09-17 16:00:00,2025-09-18 00:00:00,2
XAUUSD.mg,1147,balance_stability,NONE,BALANCE_STABILITY,2025-09-18 12:00:00,2025-09-18 12:00:00,1
XAUUSD.mg,1148,state_reinforcement,LONG,STATE_REINFORCEMENT,2025-09-19 18:00:00,2025-09-23 02:00:00,11
XAUUSD.mg,1149,transition_persistence,LONG,TRANSITION_PERSISTENCE,2025-09-23 08:00:00,2025-09-23 08:00:00,1
XAUUSD.mg,1150,balance_stability,NONE,BALANCE_STABILITY,2025-09-23 22:00:00,2025-09-23 22:00:00,1
XAUUSD.mg,1151,transition_persistence,SHORT,TRANSITION_PERSISTENCE,2025-09-25 00:00:00,2025-09-25 04:00:00,3
XAUUSD.mg,1152,balance_stability,NONE,BALANCE_STABILITY,2025-09-25 18:00:00,2025-09-26 06:00:00,7
XAUUSD.mg,1153,state_reinforcement,LONG,STATE_REINFORCEMENT,2025-09-26 18:00:00,2025-09-26 18:00:00,1
XAUUSD.mg,1154,transition_persistence,LONG,TRANSITION_PERSISTENCE,2025-09-26 22:00:00,2025-09-29 02:00:00,3
XAUUSD.mg,1155,state_reinforcement,LONG,STATE_REINFORCEMENT,2025-09-29 10:00:00,2025-09-29 12:00:00,2
XAUUSD.mg,1156,transition_persistence,LONG,TRANSITION_PERSISTENCE,2025-09-29 22:00:00,2025-09-30 00:00:00,2
XAUUSD.mg,1157,state_reinforcement,LONG,STATE_REINFORCEMENT,2025-09-30 06:00:00,2025-09-30 06:00:00,1
XAUUSD.mg,1158,transition_persistence,LONG,TRANSITION_PERSISTENCE,2025-09-30 08:00:00,2025-09-30 08:00:00,1
XAUUSD.mg,1159,transition_persistence,SHORT,TRANSITION_PERSISTENCE,2025-09-30 16:00:00,2025-09-30 18:00:00,2
XAUUSD.mg,1160,transition_persistence,LONG,TRANSITION_PERSISTENCE,2025-09-30 22:00:00,2025-10-01 02:00:00,3
XAUUSD.mg,1161,balance_stability,NONE,BALANCE_STABILITY,2025-10-01 20:00:00,2025-10-01 20:00:00,1
XAUUSD.mg,1162,transition_persistence,SHORT,TRANSITION_PERSISTENCE,2025-10-02 02:00:00,2025-10-03 02:00:00,7
XAUUSD.mg,1163,transition_persistence,LONG,TRANSITION_PERSISTENCE,2025-10-03 06:00:00,2025-10-03 08:00:00,2
XAUUSD.mg,1164,state_reinforcement,LONG,STATE_REINFORCEMENT,2025-10-06 18:00:00,2025-10-06 20:00:00,2
XAUUSD.mg,1165,transition_persistence,LONG,TRANSITION_PERSISTENCE,2025-10-06 22:00:00,2025-10-07 04:00:00,4
XAUUSD.mg,1166,balance_stability,NONE,BALANCE_STABILITY,2025-10-07 10:00:00,2025-10-07 12:00:00,2
XAUUSD.mg,1167,transition_persistence,SHORT,TRANSITION_PERSISTENCE,2025-10-07 16:00:00,2025-10-07 16:00:00,1
XAUUSD.mg,1168,transition_persistence,LONG,TRANSITION_PERSISTENCE,2025-10-08 00:00:00,2025-10-08 02:00:00,2
XAUUSD.mg,1169,state_reinforcement,LONG,STATE_REINFORCEMENT,2025-10-08 16:00:00,2025-10-08 20:00:00,3
XAUUSD.mg,1170,balance_stability,NONE,BALANCE_STABILITY,2025-10-09 04:00:00,2025-10-09 04:00:00,1
XAUUSD.mg,1171,transition_persistence,SHORT,TRANSITION_PERSISTENCE,2025-10-09 22:00:00,2025-10-10 04:00:00,4
XAUUSD.mg,1172,transition_persistence,LONG,TRANSITION_PERSISTENCE,2025-10-10 06:00:00,2025-10-10 06:00:00,1
XAUUSD.mg,1173,transition_persistence,SHORT,TRANSITION_PERSISTENCE,2025-10-10 08:00:00,2025-10-10 08:00:00,1
XAUUSD.mg,1174,balance_stability,NONE,BALANCE_STABILITY,2025-10-10 18:00:00,2025-10-10 18:00:00,1
XAUUSD.mg,1175,transition_persistence,LONG,TRANSITION_PERSISTENCE,2025-10-13 02:00:00,2025-10-13 04:00:00,2
XAUUSD.mg,1176,state_reinforcement,LONG,STATE_REINFORCEMENT,2025-10-14 02:00:00,2025-10-14 04:00:00,2
XAUUSD.mg,1177,transition_persistence,LONG,TRANSITION_PERSISTENCE,2025-10-14 06:00:00,2025-10-14 12:00:00,4
XAUUSD.mg,1178,transition_persistence,SHORT,TRANSITION_PERSISTENCE,2025-10-14 14:00:00,2025-10-14 16:00:00,2
XAUUSD.mg,1179,transition_persistence,LONG,TRANSITION_PERSISTENCE,2025-10-14 18:00:00,2025-10-14 18:00:00,1
XAUUSD.mg,1180,balance_stability,NONE,BALANCE_STABILITY,2025-10-14 22:00:00,2025-10-15 00:00:00,2
XAUUSD.mg,1181,transition_persistence,LONG,TRANSITION_PERSISTENCE,2025-10-15 22:00:00,2025-10-16 08:00:00,3
XAUUSD.mg,1182,state_reinforcement,LONG,STATE_REINFORCEMENT,2025-10-16 18:00:00,2025-10-17 00:00:00,3
XAUUSD.mg,1183,transition_persistence,LONG,TRANSITION_PERSISTENCE,2025-10-17 02:00:00,2025-10-17 10:00:00,2
XAUUSD.mg,1184,transition_persistence,SHORT,TRANSITION_PERSISTENCE,2025-10-20 00:00:00,2025-10-20 04:00:00,3
XAUUSD.mg,1185,state_reinforcement,LONG,STATE_REINFORCEMENT,2025-10-20 18:00:00,2025-10-20 20:00:00,2
XAUUSD.mg,1186,transition_persistence,LONG,TRANSITION_PERSISTENCE,2025-10-20 22:00:00,2025-10-21 02:00:00,3
XAUUSD.mg,1187,transition_persistence,SHORT,TRANSITION_PERSISTENCE,2025-10-21 04:00:00,2025-10-21 04:00:00,1
XAUUSD.mg,1188,balance_stability,NONE,BALANCE_STABILITY,2025-10-22 20:00:00,2025-10-23 22:00:00,9
XAUUSD.mg,1189,transition_persistence,SHORT,TRANSITION_PERSISTENCE,2025-10-24 02:00:00,2025-10-24 06:00:00,3
XAUUSD.mg,1190,state_reinforcement,SHORT,STATE_REINFORCEMENT,2025-10-24 12:00:00,2025-10-24 12:00:00,1
XAUUSD.mg,1191,transition_persistence,SHORT,TRANSITION_PERSISTENCE,2025-10-24 14:00:00,2025-10-24 14:00:00,1
XAUUSD.mg,1192,transition_persistence,LONG,TRANSITION_PERSISTENCE,2025-10-24 18:00:00,2025-10-27 02:00:00,4
XAUUSD.mg,1193,transition_persistence,SHORT,TRANSITION_PERSISTENCE,2025-10-27 04:00:00,2025-10-28 02:00:00,2
XAUUSD.mg,1194,transition_persistence,LONG,TRANSITION_PERSISTENCE,2025-10-28 04:00:00,2025-10-28 04:00:00,1
XAUUSD.mg,1195,transition_persistence,SHORT,TRANSITION_PERSISTENCE,2025-10-28 16:00:00,2025-10-28 18:00:00,2
XAUUSD.mg,1196,transition_persistence,LONG,TRANSITION_PERSISTENCE,2025-10-28 20:00:00,2025-10-29 02:00:00,3
XAUUSD.mg,1197,transition_persistence,SHORT,TRANSITION_PERSISTENCE,2025-10-29 22:00:00,2025-10-30 02:00:00,3
XAUUSD.mg,1198,transition_persistence,LONG,TRANSITION_PERSISTENCE,2025-10-30 22:00:00,2025-10-30 22:00:00,1
XAUUSD.mg,1199,transition_persistence_flat,NONE,TRANSITION_PERSISTENCE,2025-10-31 06:00:00,2025-10-31 06:00:00,1
XAUUSD.mg,1200,transition_persistence,SHORT,TRANSITION_PERSISTENCE,2025-10-31 08:00:00,2025-10-31 14:00:00,4
XAUUSD.mg,1201,balance_stability,NONE,BALANCE_STABILITY,2025-10-31 20:00:00,2025-11-04 00:00:00,8
XAUUSD.mg,1202,transition_persistence,SHORT,TRANSITION_PERSISTENCE,2025-11-04 08:00:00,2025-11-04 12:00:00,3
XAUUSD.mg,1203,state_reinforcement,LONG,STATE_REINFORCEMENT,2025-11-06 12:00:00,2025-11-06 12:00:00,1
XAUUSD.mg,1204,transition_persistence,SHORT,TRANSITION_PERSISTENCE,2025-11-06 16:00:00,2025-11-07 00:00:00,5
XAUUSD.mg,1205,transition_persistence,LONG,TRANSITION_PERSISTENCE,2025-11-07 04:00:00,2025-11-11 08:00:00,4
XAUUSD.mg,1206,balance_stability,NONE,BALANCE_STABILITY,2025-11-11 22:00:00,2025-11-12 02:00:00,3
XAUUSD.mg,1207,state_reinforcement,LONG,STATE_REINFORCEMENT,2025-11-12 20:00:00,2025-11-12 20:00:00,1
XAUUSD.mg,1208,transition_persistence,LONG,TRANSITION_PERSISTENCE,2025-11-12 22:00:00,2025-11-13 02:00:00,3
XAUUSD.mg,1209,state_reinforcement,LONG,STATE_REINFORCEMENT,2025-11-13 08:00:00,2025-11-13 14:00:00,4
XAUUSD.mg,1210,transition_persistence,SHORT,TRANSITION_PERSISTENCE,2025-11-13 18:00:00,2025-11-14 02:00:00,4
XAUUSD.mg,1211,balance_stability,NONE,BALANCE_STABILITY,2025-11-14 08:00:00,2025-11-14 08:00:00,1
XAUUSD.mg,1212,transition_persistence,LONG,TRANSITION_PERSISTENCE,2025-11-14 10:00:00,2025-11-14 10:00:00,1
XAUUSD.mg,1213,state_reinforcement,SHORT,STATE_REINFORCEMENT,2025-11-14 18:00:00,2025-11-17 06:00:00,3
XAUUSD.mg,1214,transition_persistence,SHORT,TRANSITION_PERSISTENCE,2025-11-17 22:00:00,2025-11-18 06:00:00,5
XAUUSD.mg,1215,transition_persistence,LONG,TRANSITION_PERSISTENCE,2025-11-18 08:00:00,2025-11-18 08:00:00,1
XAUUSD.mg,1216,transition_persistence_flat,NONE,TRANSITION_PERSISTENCE,2025-11-18 10:00:00,2025-11-18 10:00:00,1
XAUUSD.mg,1217,transition_persistence,LONG,TRANSITION_PERSISTENCE,2025-11-18 12:00:00,2025-11-18 12:00:00,1
XAUUSD.mg,1218,state_reinforcement,LONG,STATE_REINFORCEMENT,2025-11-19 10:00:00,2025-11-19 10:00:00,1
XAUUSD.mg,1219,transition_persistence,LONG,TRANSITION_PERSISTENCE,2025-11-19 16:00:00,2025-11-19 16:00:00,1
XAUUSD.mg,1220,transition_persistence,SHORT,TRANSITION_PERSISTENCE,2025-11-19 18:00:00,2025-11-19 20:00:00,2
XAUUSD.mg,1221,balance_stability,NONE,BALANCE_STABILITY,2025-11-20 04:00:00,2025-11-21 02:00:00,8
XAUUSD.mg,1222,transition_persistence,SHORT,TRANSITION_PERSISTENCE,2025-11-21 10:00:00,2025-11-21 10:00:00,1
XAUUSD.mg,1223,transition_persistence,LONG,TRANSITION_PERSISTENCE,2025-11-21 16:00:00,2025-11-21 16:00:00,1
XAUUSD.mg,1224,balance_stability,NONE,BALANCE_STABILITY,2025-11-21 22:00:00,2025-11-21 22:00:00,1
XAUUSD.mg,1225,balance_stability,LONG,BALANCE_STABILITY,2025-11-24 02:00:00,2025-11-24 02:00:00,1
XAUUSD.mg,1226,balance_stability,NONE,BALANCE_STABILITY,2025-11-24 04:00:00,2025-11-24 10:00:00,4
XAUUSD.mg,1227,state_reinforcement,LONG,STATE_REINFORCEMENT,2025-11-25 00:00:00,2025-11-25 06:00:00,3
XAUUSD.mg,1228,transition_persistence,SHORT,TRANSITION_PERSISTENCE,2025-11-25 12:00:00,2025-11-25 12:00:00,1
XAUUSD.mg,1229,transition_persistence,LONG,TRANSITION_PERSISTENCE,2025-11-25 14:00:00,2025-11-25 14:00:00,1
XAUUSD.mg,1230,balance_stability,NONE,BALANCE_STABILITY,2025-11-25 22:00:00,2025-11-26 02:00:00,3
XAUUSD.mg,1231,transition_persistence,LONG,TRANSITION_PERSISTENCE,2025-11-26 14:00:00,2025-11-26 22:00:00,2
XAUUSD.mg,1232,transition_persistence,SHORT,TRANSITION_PERSISTENCE,2025-11-27 00:00:00,2025-11-27 00:00:00,1
XAUUSD.mg,1233,transition_persistence,LONG,TRANSITION_PERSISTENCE,2025-11-27 02:00:00,2025-11-28 12:00:00,4
XAUUSD.mg,1234,transition_persistence,SHORT,TRANSITION_PERSISTENCE,2025-11-28 14:00:00,2025-11-28 14:00:00,1
XAUUSD.mg,1235,state_reinforcement,LONG,STATE_REINFORCEMENT,2025-11-28 20:00:00,2025-12-01 12:00:00,4
XAUUSD.mg,1236,state_reinforcement,SHORT,STATE_REINFORCEMENT,2025-12-01 14:00:00,2025-12-01 14:00:00,1
XAUUSD.mg,1237,transition_persistence,SHORT,TRANSITION_PERSISTENCE,2025-12-01 16:00:00,2025-12-01 16:00:00,1
XAUUSD.mg,1238,balance_stability,NONE,BALANCE_STABILITY,2025-12-01 20:00:00,2025-12-02 06:00:00,6
XAUUSD.mg,1239,transition_persistence,SHORT,TRANSITION_PERSISTENCE,2025-12-02 14:00:00,2025-12-02 14:00:00,1
XAUUSD.mg,1240,transition_persistence,LONG,TRANSITION_PERSISTENCE,2025-12-03 02:00:00,2025-12-03 08:00:00,4
XAUUSD.mg,1241,transition_persistence,SHORT,TRANSITION_PERSISTENCE,2025-12-03 16:00:00,2025-12-04 14:00:00,5
XAUUSD.mg,1242,transition_persistence,LONG,TRANSITION_PERSISTENCE,2025-12-04 16:00:00,2025-12-04 22:00:00,3
XAUUSD.mg,1243,state_reinforcement,LONG,STATE_REINFORCEMENT,2025-12-05 14:00:00,2025-12-05 16:00:00,2
XAUUSD.mg,1244,transition_persistence,SHORT,TRANSITION_PERSISTENCE,2025-12-05 18:00:00,2025-12-08 04:00:00,2
XAUUSD.mg,1245,transition_persistence_flat,NONE,TRANSITION_PERSISTENCE,2025-12-08 08:00:00,2025-12-08 08:00:00,1
XAUUSD.mg,1246,balance_stability,NONE,BALANCE_STABILITY,2025-12-08 22:00:00,2025-12-08 22:00:00,1
XAUUSD.mg,1247,transition_persistence,LONG,TRANSITION_PERSISTENCE,2025-12-11 00:00:00,2025-12-11 02:00:00,2
XAUUSD.mg,1248,transition_persistence_flat,NONE,TRANSITION_PERSISTENCE,2025-12-11 08:00:00,2025-12-11 08:00:00,1
XAUUSD.mg,1249,transition_persistence,SHORT,TRANSITION_PERSISTENCE,2025-12-11 10:00:00,2025-12-11 10:00:00,1
XAUUSD.mg,1250,state_reinforcement,LONG,STATE_REINFORCEMENT,2025-12-11 20:00:00,2025-12-11 20:00:00,1
XAUUSD.mg,1251,transition_persistence,LONG,TRANSITION_PERSISTENCE,2025-12-11 22:00:00,2025-12-12 04:00:00,4
XAUUSD.mg,1252,transition_persistence_flat,NONE,TRANSITION_PERSISTENCE,2025-12-12 06:00:00,2025-12-12 06:00:00,1
XAUUSD.mg,1253,transition_persistence,LONG,TRANSITION_PERSISTENCE,2025-12-12 16:00:00,2025-12-12 20:00:00,3
XAUUSD.mg,1254,transition_persistence,SHORT,TRANSITION_PERSISTENCE,2025-12-12 22:00:00,2025-12-15 02:00:00,3
XAUUSD.mg,1255,transition_persistence,LONG,TRANSITION_PERSISTENCE,2025-12-15 04:00:00,2025-12-15 04:00:00,1
XAUUSD.mg,1256,balance_stability,NONE,BALANCE_STABILITY,2025-12-16 22:00:00,2025-12-19 14:00:00,13
XAUUSD.mg,1257,state_reinforcement,LONG,STATE_REINFORCEMENT,2025-12-22 06:00:00,2025-12-22 18:00:00,7
XAUUSD.mg,1258,transition_persistence,LONG,TRANSITION_PERSISTENCE,2025-12-22 22:00:00,2025-12-22 22:00:00,1
XAUUSD.mg,1259,state_reinforcement,LONG,STATE_REINFORCEMENT,2025-12-23 06:00:00,2025-12-23 12:00:00,4
XAUUSD.mg,1260,state_reinforcement,SHORT,STATE_REINFORCEMENT,2025-12-23 14:00:00,2025-12-23 14:00:00,1
XAUUSD.mg,1261,transition_persistence,SHORT,TRANSITION_PERSISTENCE,2025-12-23 16:00:00,2025-12-23 18:00:00,2
XAUUSD.mg,1262,transition_persistence,LONG,TRANSITION_PERSISTENCE,2025-12-24 04:00:00,2025-12-24 06:00:00,2
XAUUSD.mg,1263,transition_persistence,SHORT,TRANSITION_PERSISTENCE,2025-12-24 10:00:00,2025-12-24 14:00:00,3
XAUUSD.mg,1264,balance_stability,NONE,BALANCE_STABILITY,2025-12-24 20:00:00,2025-12-26 12:00:00,4
XAUUSD.mg,1265,transition_persistence,LONG,TRANSITION_PERSISTENCE,2025-12-26 18:00:00,2025-12-29 00:00:00,2
XAUUSD.mg,1266,balance_stability,NONE,BALANCE_STABILITY,2025-12-29 04:00:00,2025-12-29 04:00:00,1
XAUUSD.mg,1267,transition_persistence,SHORT,TRANSITION_PERSISTENCE,2025-12-29 22:00:00,2025-12-30 02:00:00,3
