symbol,episode_id,setup_family,baseline_id,intent_side,entry_ts,horizon_bars,entry_close,mfe_points,mae_points,mfe_bps,mae_bps,mfe_gt_mae,exit_ts,n_window,is_virtual_pair,ooto_tp_bps,ooto_sl_bps,ooto_outcome
XAUUSD.mg,3,balance_stability,BALANCE_STABILITY,LONG,2023-01-04 22:00:00,10,1854.16,4.869999999999891,29.070000000000164,26.26526297622584,156.78258618458042,False,2023-01-05 16:00:00,10,True,,,
XAUUSD.mg,5,balance_stability,BALANCE_STABILITY,LONG,2023-01-05 06:00:00,10,1850.73,4.910000000000082,25.6400000000001,26.5300719175681,138.5399274880728,False,2023-01-06 00:00:00,10,True,,,
XAUUSD.mg,11,balance_stability,BALANCE_STABILITY,LONG,2023-01-10 00:00:00,10,1870.67,10.079999999999927,2.8700000000001182,53.88443712680445,15.342096681938118,True,2023-01-10 18:00:00,10,True,,,
XAUUSD.mg,19,balance_stability,BALANCE_STABILITY,LONG,2023-01-17 22:00:00,10,1908.22,17.710000000000036,11.6400000000001,92.80900525096706,60.999255851003035,True,2023-01-18 16:00:00,10,True,,,
XAUUSD.mg,25,balance_stability,BALANCE_STABILITY,LONG,2023-01-20 18:00:00,10,1929.45,6.119999999999891,10.539999999999964,31.7188836196838,54.62696623390067,False,2023-01-23 12:00:00,10,True,,,
XAUUSD.mg,30,balance_stability,BALANCE_STABILITY,LONG,2023-01-27 20:00:00,10,1926.68,7.789999999999964,5.960000000000036,40.432246143625115,30.93404197894843,True,2023-01-30 14:00:00,10,True,,,
XAUUSD.mg,34,balance_stability,BALANCE_STABILITY,LONG,2023-02-01 18:00:00,10,1927.35,32.30000000000018,6.759999999999991,167.5876203076773,35.074065426622,True,2023-02-02 12:00:00,10,True,,,
XAUUSD.mg,41,balance_stability,BALANCE_STABILITY,LONG,2023-02-07 00:00:00,10,1869.87,14.52000000000021,4.889999999999873,77.6524571226888,26.151550642557357,True,2023-02-07 18:00:00,10,True,,,
XAUUSD.mg,44,balance_stability,BALANCE_STABILITY,LONG,2023-02-10 20:00:00,10,1864.25,2.2899999999999636,11.0,12.283760225291479,59.004961780877025,False,2023-02-13 14:00:00,10,True,,,
XAUUSD.mg,46,balance_stability,BALANCE_STABILITY,LONG,2023-02-14 02:00:00,10,1857.51,12.970000000000027,14.210000000000036,69.8246577407391,76.50026110222845,False,2023-02-14 20:00:00,10,True,,,
XAUUSD.mg,48,balance_stability,BALANCE_STABILITY,LONG,2023-02-17 00:00:00,10,1832.58,10.800000000000182,13.669999999999845,58.93330714075338,74.59428783463666,False,2023-02-17 18:00:00,10,True,,,
XAUUSD.mg,52,balance_stability,BALANCE_STABILITY,LONG,2023-02-21 00:00:00,10,1841.68,2.1799999999998363,11.440000000000055,11.837018374526716,62.117197341558004,False,2023-02-21 18:00:00,10,True,,,
XAUUSD.mg,54,balance_stability,BALANCE_STABILITY,LONG,2023-02-23 20:00:00,10,1823.56,4.25,14.529999999999973,23.306060672530652,79.67930860514583,False,2023-02-24 14:00:00,10,True,,,
XAUUSD.mg,56,balance_stability,BALANCE_STABILITY,LONG,2023-02-28 00:00:00,10,1816.52,14.660000000000082,11.809999999999945,80.70376323960144,65.01442318278878,True,2023-02-28 18:00:00,10,True,,,
XAUUSD.mg,71,balance_stability,BALANCE_STABILITY,LONG,2023-03-14 18:00:00,10,1906.73,12.230000000000018,21.25999999999999,64.14122607815484,111.49979283904901,False,2023-03-15 12:00:00,10,True,,,
XAUUSD.mg,75,balance_stability,BALANCE_STABILITY,LONG,2023-03-17 00:00:00,10,1921.39,53.77999999999997,3.380000000000109,279.90152962178405,17.591431203452235,True,2023-03-17 18:00:00,10,True,,,
XAUUSD.mg,88,balance_stability,BALANCE_STABILITY,LONG,2023-03-28 08:00:00,10,1953.66,21.389999999999873,4.720000000000027,109.48680937317583,24.159782152472932,True,2023-03-29 02:00:00,10,True,,,
XAUUSD.mg,90,balance_stability,BALANCE_STABILITY,LONG,2023-03-30 00:00:00,10,1962.99,21.069999999999936,7.809999999999945,107.33625744400092,39.78624445361385,True,2023-03-30 18:00:00,10,True,,,
XAUUSD.mg,93,balance_stability,BALANCE_STABILITY,LONG,2023-03-31 10:00:00,10,1978.24,9.129999999999882,28.710000000000036,46.15213523131612,145.12900355871903,False,2023-04-03 04:00:00,10,True,,,
XAUUSD.mg,99,balance_stability,BALANCE_STABILITY,LONG,2023-04-06 08:00:00,10,2016.14,4.579999999999927,21.410000000000082,22.716676421279907,106.19302230995903,False,2023-04-10 02:00:00,10,True,,,
XAUUSD.mg,107,balance_stability,BALANCE_STABILITY,LONG,2023-04-12 22:00:00,10,2014.62,33.73000000000002,1.6199999999998909,167.42611509862914,8.041218691365572,True,2023-04-13 16:00:00,10,True,,,
XAUUSD.mg,117,balance_stability,BALANCE_STABILITY,LONG,2023-04-20 22:00:00,10,2004.6,0.9600000000000364,33.23000000000002,4.788985333732597,165.76873191659195,False,2023-04-21 16:00:00,10,True,,,
XAUUSD.mg,119,balance_stability,BALANCE_STABILITY,LONG,2023-04-24 22:00:00,10,1988.85,11.820000000000164,12.949999999999818,59.43132966287133,65.1130050028902,False,2023-04-25 16:00:00,10,True,,,
XAUUSD.mg,122,balance_stability,BALANCE_STABILITY,LONG,2023-04-26 06:00:00,10,1995.94,13.139999999999873,12.789999999999964,65.83364229385589,64.08008256761207,True,2023-04-27 00:00:00,10,True,,,
XAUUSD.mg,124,balance_stability,BALANCE_STABILITY,LONG,2023-04-28 00:00:00,10,1986.72,8.039999999999964,10.680000000000064,40.468712249335404,53.756946122252074,False,2023-04-28 18:00:00,10,True,,,
XAUUSD.mg,128,balance_stability,BALANCE_STABILITY,LONG,2023-05-01 00:00:00,10,1986.66,19.1099999999999,9.820000000000164,96.1915979583819,49.429696072806436,True,2023-05-01 18:00:00,10,True,,,
XAUUSD.mg,135,balance_stability,BALANCE_STABILITY,LONG,2023-05-04 20:00:00,10,2049.35,3.4100000000003092,48.50999999999999,16.639422255838728,236.7092004782004,False,2023-05-05 14:00:00,10,True,,,
XAUUSD.mg,141,balance_stability,BALANCE_STABILITY,LONG,2023-05-10 08:00:00,10,2031.47,16.460000000000036,10.190000000000055,81.02507051543974,50.160721054212246,True,2023-05-11 02:00:00,10,True,,,
XAUUSD.mg,144,balance_stability,BALANCE_STABILITY,LONG,2023-05-12 22:00:00,10,2010.62,11.090000000000146,3.6599999999998545,55.15711571555115,18.20334026320167,True,2023-05-15 16:00:00,10,True,,,
XAUUSD.mg,147,balance_stability,BALANCE_STABILITY,LONG,2023-05-18 00:00:00,10,1982.35,3.25,30.769999999999982,16.394683078164803,155.2198148661941,False,2023-05-18 18:00:00,10,True,,,
XAUUSD.mg,152,balance_stability,BALANCE_STABILITY,LONG,2023-05-22 08:00:00,10,1976.47,5.7000000000000455,16.529999999999973,28.839294297409246,83.63395346248602,False,2023-05-23 02:00:00,10,True,,,
XAUUSD.mg,157,balance_stability,BALANCE_STABILITY,LONG,2023-05-26 20:00:00,10,1947.02,2.3600000000001273,7.089999999999918,12.121087610811022,36.414623373154456,False,2023-05-29 14:00:00,10,True,,,
XAUUSD.mg,163,balance_stability,BALANCE_STABILITY,LONG,2023-06-01 06:00:00,10,1962.34,20.38000000000011,9.36999999999989,103.85560096619399,47.749115851482884,True,2023-06-02 00:00:00,10,True,,,
XAUUSD.mg,168,balance_stability,BALANCE_STABILITY,LONG,2023-06-07 06:00:00,10,1962.77,7.009999999999991,23.37999999999988,35.71483159004871,119.11736983956287,False,2023-06-08 00:00:00,10,True,,,
XAUUSD.mg,176,balance_stability,BALANCE_STABILITY,LONG,2023-06-12 20:00:00,10,1957.61,13.1400000000001,7.369999999999891,67.12266488217827,37.64794826344313,True,2023-06-13 14:00:00,10,True,,,
XAUUSD.mg,187,balance_stability,BALANCE_STABILITY,LONG,2023-06-20 06:00:00,10,1948.42,7.970000000000027,19.029999999999973,40.9049383603126,97.66888042619134,False,2023-06-21 00:00:00,10,True,,,
XAUUSD.mg,198,balance_stability,BALANCE_STABILITY,LONG,2023-06-26 22:00:00,10,1922.86,7.430000000000064,11.72999999999979,38.640358632454074,61.00288112498981,False,2023-06-27 16:00:00,10,True,,,
XAUUSD.mg,205,balance_stability,BALANCE_STABILITY,LONG,2023-06-29 20:00:00,10,1907.35,6.75,7.230000000000018,35.38941463286759,37.90599522898272,False,2023-06-30 14:00:00,10,True,,,
XAUUSD.mg,215,balance_stability,BALANCE_STABILITY,LONG,2023-07-05 00:00:00,10,1925.94,8.679999999999836,7.330000000000155,45.0689014195657,38.059337258690064,True,2023-07-05 18:00:00,10,True,,,
XAUUSD.mg,220,balance_stability,BALANCE_STABILITY,LONG,2023-07-11 00:00:00,10,1924.46,13.629999999999882,0.4900000000000091,70.8250626149667,2.546168795402394,True,2023-07-11 18:00:00,10,True,,,
XAUUSD.mg,226,balance_stability,BALANCE_STABILITY,LONG,2023-07-13 18:00:00,10,1959.7,3.6599999999998545,5.75,18.67632800938845,29.34122569781089,False,2023-07-14 12:00:00,10,True,,,
XAUUSD.mg,235,balance_stability,BALANCE_STABILITY,LONG,2023-07-20 00:00:00,10,1977.4,9.689999999999827,12.420000000000073,49.00374228785186,62.80975017700047,False,2023-07-20 18:00:00,10,True,,,
XAUUSD.mg,244,balance_stability,BALANCE_STABILITY,LONG,2023-07-27 00:00:00,10,1971.66,10.11999999999989,29.440000000000055,51.327307953703425,149.31580495623004,False,2023-07-27 18:00:00,10,True,,,
XAUUSD.mg,254,balance_stability,BALANCE_STABILITY,LONG,2023-08-04 00:00:00,10,1935.46,11.029999999999973,9.660000000000082,56.98903619811297,49.910615564259054,True,2023-08-04 18:00:00,10,True,,,
XAUUSD.mg,259,balance_stability,BALANCE_STABILITY,LONG,2023-08-09 10:00:00,10,1925.82,4.509999999999991,12.129999999999882,23.418595715071973,62.98615654630174,False,2023-08-10 04:00:00,10,True,,,
XAUUSD.mg,262,balance_stability,BALANCE_STABILITY,LONG,2023-08-11 22:00:00,10,1913.52,2.2899999999999636,11.210000000000036,11.967473556586624,58.58313474643608,False,2023-08-14 16:00:00,10,True,,,
XAUUSD.mg,266,balance_stability,BALANCE_STABILITY,LONG,2023-08-15 02:00:00,10,1905.71,5.529999999999973,9.670000000000073,29.0180562624952,50.74224304852297,False,2023-08-15 20:00:00,10,True,,,
XAUUSD.mg,271,balance_stability,BALANCE_STABILITY,LONG,2023-08-18 22:00:00,10,1889.3,9.049999999999955,4.889999999999873,47.90133912030887,25.882602021912206,True,2023-08-21 16:00:00,10,True,,,
XAUUSD.mg,276,balance_stability,BALANCE_STABILITY,LONG,2023-08-22 16:00:00,10,1897.45,7.639999999999873,7.720000000000027,40.264565601200935,40.68618408917245,False,2023-08-23 10:00:00,10,True,,,
XAUUSD.mg,277,balance_stability,BALANCE_STABILITY,LONG,2023-08-22 18:00:00,10,1897.33,7.759999999999991,1.3399999999999181,40.8995799360153,7.062556329156858,True,2023-08-23 12:00:00,10,True,,,
XAUUSD.mg,292,balance_stability,BALANCE_STABILITY,LONG,2023-08-31 22:00:00,10,1939.71,12.8599999999999,5.650000000000091,66.29857040485382,29.12806553557022,True,2023-09-01 16:00:00,10,True,,,
XAUUSD.mg,299,balance_stability,BALANCE_STABILITY,LONG,2023-09-07 20:00:00,10,1918.42,10.089999999999918,0.7300000000000182,52.595364935727936,3.8052147079368344,True,2023-09-08 14:00:00,10,True,,,
XAUUSD.mg,302,balance_stability,BALANCE_STABILITY,LONG,2023-09-12 00:00:00,10,1921.25,2.869999999999891,14.039999999999964,14.938191281717064,73.07742355237457,False,2023-09-12 18:00:00,10,True,,,
XAUUSD.mg,308,balance_stability,BALANCE_STABILITY,LONG,2023-09-14 04:00:00,10,1909.33,2.3200000000001637,8.740000000000009,12.150859201919856,45.77521957964318,False,2023-09-14 22:00:00,10,True,,,
XAUUSD.mg,317,balance_stability,BALANCE_STABILITY,LONG,2023-09-20 06:00:00,10,1930.78,16.24000000000001,3.2100000000000364,84.1110846393686,16.625405276624143,True,2023-09-21 00:00:00,10,True,,,
XAUUSD.mg,320,balance_stability,BALANCE_STABILITY,LONG,2023-09-22 22:00:00,10,1924.78,2.0299999999999727,9.980000000000018,10.54665987801189,51.85008156776368,False,2023-09-25 16:00:00,10,True,,,
XAUUSD.mg,330,balance_stability,BALANCE_STABILITY,LONG,2023-09-29 12:00:00,10,1869.08,10.370000000000118,30.220000000000027,55.48184133370492,161.68382305733314,False,2023-10-02 06:00:00,10,True,,,
XAUUSD.mg,335,balance_stability,BALANCE_STABILITY,LONG,2023-10-03 18:00:00,10,1823.2,4.509999999999991,6.880000000000109,24.73672663448876,37.73584905660437,False,2023-10-04 12:00:00,10,True,,,
XAUUSD.mg,343,balance_stability,BALANCE_STABILITY,LONG,2023-10-17 00:00:00,10,1919.04,12.1400000000001,7.009999999999991,63.26079706519979,36.528681007170206,True,2023-10-17 18:00:00,10,True,,,
XAUUSD.mg,345,balance_stability,BALANCE_STABILITY,LONG,2023-10-18 00:00:00,10,1924.31,37.90000000000009,1.3999999999998636,196.95371327904596,7.275335055161921,True,2023-10-18 18:00:00,10,True,,,
XAUUSD.mg,348,balance_stability,BALANCE_STABILITY,LONG,2023-10-19 10:00:00,10,1950.35,31.5,2.869999999999891,161.50947265875357,14.715307508908097,True,2023-10-20 04:00:00,10,True,,,
XAUUSD.mg,352,balance_stability,BALANCE_STABILITY,LONG,2023-10-23 06:00:00,10,1975.34,7.0900000000001455,5.599999999999909,35.89255520568685,28.34954995089407,True,2023-10-24 00:00:00,10,True,,,
XAUUSD.mg,355,balance_stability,BALANCE_STABILITY,LONG,2023-10-24 00:00:00,10,1973.17,7.259999999999991,19.960000000000036,36.793585955594246,101.15702144265336,False,2023-10-24 18:00:00,10,True,,,
XAUUSD.mg,359,balance_stability,BALANCE_STABILITY,LONG,2023-10-25 22:00:00,10,1979.22,13.839999999999918,7.730000000000018,69.92653671648385,39.055789654510455,True,2023-10-26 16:00:00,10,True,,,
XAUUSD.mg,363,balance_stability,BALANCE_STABILITY,LONG,2023-10-27 00:00:00,10,1984.05,12.559999999999945,7.559999999999945,63.30485622842139,38.10387843048283,True,2023-10-27 18:00:00,10,True,,,
XAUUSD.mg,366,balance_stability,BALANCE_STABILITY,LONG,2023-10-31 08:00:00,10,1995.87,11.6400000000001,18.269999999999982,58.32043169144333,91.53902809301199,False,2023-11-01 02:00:00,10,True,,,
XAUUSD.mg,372,balance_stability,BALANCE_STABILITY,LONG,2023-11-03 00:00:00,10,1984.59,19.080000000000155,1.7300000000000182,96.14076459117578,8.717165762197824,True,2023-11-03 18:00:00,10,True,,,
XAUUSD.mg,377,balance_stability,BALANCE_STABILITY,LONG,2023-11-08 08:00:00,10,1967.29,1.4800000000000182,20.24000000000001,7.5230393078804765,102.88264566993178,False,2023-11-09 02:00:00,10,True,,,
XAUUSD.mg,382,balance_stability,BALANCE_STABILITY,LONG,2023-11-10 04:00:00,10,1959.09,1.0199999999999818,26.419999999999845,5.206498935730272,134.85853125685827,False,2023-11-10 22:00:00,10,True,,,
XAUUSD.mg,386,balance_stability,BALANCE_STABILITY,LONG,2023-11-13 16:00:00,10,1938.08,10.740000000000009,6.849999999999909,55.41566911582602,35.34425823495371,True,2023-11-14 10:00:00,10,True,,,
XAUUSD.mg,398,balance_stability,BALANCE_STABILITY,LONG,2023-11-24 10:00:00,10,1994.16,23.669999999999845,2.2799999999999727,118.69659405463877,11.433385485617867,True,2023-11-27 06:00:00,10,True,,,
XAUUSD.mg,403,balance_stability,BALANCE_STABILITY,LONG,2023-11-27 22:00:00,10,2013.85,17.25999999999999,2.5299999999999727,85.70648260793998,12.563001216575081,True,2023-11-28 16:00:00,10,True,,,
XAUUSD.mg,405,balance_stability,BALANCE_STABILITY,LONG,2023-11-29 20:00:00,10,2045.92,3.2599999999997635,12.269999999999982,15.934151872994855,59.973019472902074,False,2023-11-30 14:00:00,10,True,,,
XAUUSD.mg,408,balance_stability,BALANCE_STABILITY,LONG,2023-12-06 22:00:00,10,2024.95,14.589999999999918,0.8800000000001091,72.05116175708001,4.345786315712038,True,2023-12-07 16:00:00,10,True,,,
XAUUSD.mg,421,balance_stability,BALANCE_STABILITY,LONG,2023-12-15 18:00:00,10,2032.41,3.599999999999909,17.180000000000064,17.712961459547575,84.53018829862116,False,2023-12-18 12:00:00,10,True,,,
XAUUSD.mg,427,balance_stability,BALANCE_STABILITY,LONG,2023-12-21 08:00:00,10,2034.6,20.0,2.6699999999998454,98.2994200334218,13.12297257446105,True,2023-12-22 02:00:00,10,True,,,
XAUUSD.mg,429,balance_stability,BALANCE_STABILITY,LONG,2023-12-26 20:00:00,10,2061.3,8.609999999999673,4.3400000000001455,41.76975694949629,21.054674234706958,True,2023-12-27 14:00:00,10,True,,,
XAUUSD.mg,431,balance_stability,BALANCE_STABILITY,LONG,2023-12-27 06:00:00,10,2064.28,19.769999999999982,3.1600000000003092,95.77189141007993,15.308000852599013,True,2023-12-28 00:00:00,10,True,,,
XAUUSD.mg,437,balance_stability,BALANCE_STABILITY,LONG,2024-01-02 00:00:00,10,2063.31,15.170000000000073,7.630000000000109,73.52264080530833,36.979416568523924,True,2024-01-02 18:00:00,10,True,,,
XAUUSD.mg,440,balance_stability,BALANCE_STABILITY,LONG,2024-01-02 22:00:00,10,2058.55,7.079999999999927,27.1400000000001,34.39314080299204,131.840373078138,False,2024-01-03 16:00:00,10,True,,,
XAUUSD.mg,443,balance_stability,BALANCE_STABILITY,LONG,2024-01-05 00:00:00,10,2043.89,19.689999999999827,19.79000000000019,96.33590848822503,96.82517160904055,False,2024-01-05 18:00:00,10,True,,,
XAUUSD.mg,449,balance_stability,BALANCE_STABILITY,LONG,2024-01-12 04:00:00,10,2033.54,28.309999999999945,1.0499999999999545,139.21535843897806,5.163409620661283,True,2024-01-12 22:00:00,10,True,,,
XAUUSD.mg,453,balance_stability,BALANCE_STABILITY,LONG,2024-01-15 14:00:00,10,2053.86,2.0899999999996908,15.560000000000173,10.17596136055861,75.75978888531921,False,2024-01-16 10:00:00,10,True,,,
XAUUSD.mg,460,balance_stability,BALANCE_STABILITY,LONG,2024-01-22 02:00:00,10,2028.71,3.0599999999999454,12.509999999999991,15.083476692084847,61.66480177058323,False,2024-01-22 20:00:00,10,True,,,
XAUUSD.mg,466,balance_stability,BALANCE_STABILITY,LONG,2024-01-25 18:00:00,10,2014.58,9.690000000000055,2.439999999999827,48.09935569696937,12.111705665696212,True,2024-01-26 12:00:00,10,True,,,
XAUUSD.mg,472,balance_stability,BALANCE_STABILITY,LONG,2024-01-30 04:00:00,10,2031.67,16.529999999999745,2.980000000000018,81.3616384550628,14.667736394197966,True,2024-01-30 22:00:00,10,True,,,
XAUUSD.mg,475,balance_stability,BALANCE_STABILITY,LONG,2024-01-31 00:00:00,10,2036.07,19.50999999999999,3.5799999999999272,95.82185288325053,17.582892533164024,True,2024-01-31 18:00:00,10,True,,,
XAUUSD.mg,485,balance_stability,BALANCE_STABILITY,LONG,2024-02-09 00:00:00,10,2033.88,2.9199999999998454,13.970000000000027,14.356795877828805,68.68645151139707,False,2024-02-09 18:00:00,10,True,,,
XAUUSD.mg,491,balance_stability,BALANCE_STABILITY,LONG,2024-02-15 08:00:00,10,1993.45,14.430000000000064,2.3400000000001455,72.38706764654275,11.738443402142746,True,2024-02-16 02:00:00,10,True,,,
XAUUSD.mg,495,balance_stability,BALANCE_STABILITY,LONG,2024-02-20 06:00:00,10,2018.13,12.339999999999918,0.7700000000002092,61.14571410166796,3.8154132786302624,True,2024-02-21 00:00:00,10,True,,,
XAUUSD.mg,498,balance_stability,BALANCE_STABILITY,LONG,2024-02-22 12:00:00,10,2028.62,2.2200000000000273,9.329999999999927,10.943399946761973,45.99185653301223,False,2024-02-23 06:00:00,10,True,,,
XAUUSD.mg,502,balance_stability,BALANCE_STABILITY,LONG,2024-02-27 02:00:00,10,2033.21,5.8599999999999,4.190000000000055,28.821420315658,20.60780735880728,True,2024-02-27 20:00:00,10,True,,,
XAUUSD.mg,513,balance_stability,BALANCE_STABILITY,LONG,2024-03-08 06:00:00,10,2157.36,37.379999999999654,1.3800000000001091,173.26732673267165,6.396707086439486,True,2024-03-11 00:00:00,10,True,,,
XAUUSD.mg,516,balance_stability,BALANCE_STABILITY,LONG,2024-03-11 20:00:00,10,2180.95,3.4200000000000728,25.129999999999654,15.681239826681368,115.22501662119562,False,2024-03-12 14:00:00,10,True,,,
XAUUSD.mg,521,balance_stability,BALANCE_STABILITY,LONG,2024-03-15 12:00:00,10,2166.61,5.6599999999998545,20.91000000000031,26.12376015988043,96.51021642104628,False,2024-03-18 06:00:00,10,True,,,
XAUUSD.mg,524,balance_stability,BALANCE_STABILITY,LONG,2024-03-18 22:00:00,10,2159.99,2.480000000000018,13.209999999999582,11.481534636734514,61.1576905448617,False,2024-03-19 16:00:00,10,True,,,
XAUUSD.mg,526,balance_stability,BALANCE_STABILITY,LONG,2024-03-21 22:00:00,10,2180.9,4.799999999999727,18.66000000000031,22.009262231187705,85.5610069237485,False,2024-03-22 16:00:00,10,True,,,
XAUUSD.mg,529,balance_stability,BALANCE_STABILITY,LONG,2024-03-25 22:00:00,10,2171.42,28.289999999999964,4.180000000000291,130.28340901345646,19.250075987143394,True,2024-03-26 16:00:00,10,True,,,
XAUUSD.mg,531,balance_stability,BALANCE_STABILITY,LONG,2024-03-26 20:00:00,10,2177.53,19.679999999999836,4.390000000000327,90.37762969970487,20.16045703159234,True,2024-03-27 14:00:00,10,True,,,
XAUUSD.mg,549,balance_stability,BALANCE_STABILITY,LONG,2024-04-10 06:00:00,10,2357.05,2.599999999999909,38.01999999999998,11.030737574510125,161.3033240703421,False,2024-04-11 00:00:00,10,True,,,
XAUUSD.mg,555,balance_stability,BALANCE_STABILITY,LONG,2024-04-16 22:00:00,10,2382.33,12.860000000000127,9.9699999999998,53.980766728371506,41.84978571398505,True,2024-04-17 16:00:00,10,True,,,
XAUUSD.mg,560,balance_stability,BALANCE_STABILITY,LONG,2024-04-23 16:00:00,10,2322.85,8.860000000000127,11.420000000000073,38.142798717093775,49.16374281593763,False,2024-04-24 10:00:00,10,True,,,
XAUUSD.mg,563,balance_stability,BALANCE_STABILITY,LONG,2024-04-29 00:00:00,10,2335.64,10.690000000000055,15.960000000000036,45.769039749276665,68.33244849377488,False,2024-04-29 18:00:00,10,True,,,
XAUUSD.mg,567,balance_stability,BALANCE_STABILITY,LONG,2024-05-03 18:00:00,10,2301.68,22.110000000000127,10.25,96.06026902088965,44.53268916617428,True,2024-05-06 12:00:00,10,True,,,
XAUUSD.mg,576,balance_stability,BALANCE_STABILITY,LONG,2024-05-13 04:00:00,10,2356.68,2.7899999999999636,24.73999999999978,11.83868832425261,104.97818965663468,False,2024-05-13 22:00:00,10,True,,,
XAUUSD.mg,582,balance_stability,BALANCE_STABILITY,LONG,2024-05-20 22:00:00,10,2425.95,7.5900000000001455,19.889999999999873,31.2867124219384,81.98849935076929,False,2024-05-21 16:00:00,10,True,,,
XAUUSD.mg,586,balance_stability,BALANCE_STABILITY,LONG,2024-05-27 08:00:00,10,2338.17,19.929999999999836,0.38999999999987267,85.2376003455687,1.6679711056076874,True,2024-05-28 04:00:00,10,True,,,
XAUUSD.mg,589,balance_stability,BALANCE_STABILITY,LONG,2024-05-28 12:00:00,10,2347.04,16.639999999999873,4.2199999999998,70.89781171177259,17.98009407594161,True,2024-05-29 06:00:00,10,True,,,
XAUUSD.mg,600,balance_stability,BALANCE_STABILITY,LONG,2024-06-05 10:00:00,10,2331.91,42.65000000000009,2.8099999999999454,182.89728162750745,12.050207769596364,True,2024-06-06 04:00:00,10,True,,,
XAUUSD.mg,605,balance_stability,BALANCE_STABILITY,LONG,2024-06-12 22:00:00,10,2324.48,1.8299999999999272,27.050000000000182,7.872728524228762,116.37011288546334,False,2024-06-13 16:00:00,10,True,,,
XAUUSD.mg,614,balance_stability,BALANCE_STABILITY,LONG,2024-06-19 06:00:00,10,2328.92,9.710000000000036,5.519999999999982,41.69314532057793,23.70197344691952,True,2024-06-20 02:00:00,10,True,,,
XAUUSD.mg,619,balance_stability,BALANCE_STABILITY,LONG,2024-06-25 14:00:00,10,2325.33,4.760000000000218,16.029999999999745,20.470212830007863,68.9364520304634,False,2024-06-26 08:00:00,10,True,,,
XAUUSD.mg,628,balance_stability,BALANCE_STABILITY,LONG,2024-07-01 06:00:00,10,2321.49,16.63000000000011,3.349999999999909,71.63502750388807,14.430387380518157,True,2024-07-02 00:00:00,10,True,,,
XAUUSD.mg,636,balance_stability,BALANCE_STABILITY,LONG,2024-07-10 00:00:00,10,2364.64,21.59999999999991,1.8599999999996726,91.34582854049627,7.865890790985827,True,2024-07-10 18:00:00,10,True,,,
XAUUSD.mg,642,balance_stability,BALANCE_STABILITY,LONG,2024-07-12 22:00:00,10,2411.21,25.84999999999991,10.240000000000236,107.20758457371986,42.46830429535477,True,2024-07-15 16:00:00,10,True,,,
XAUUSD.mg,648,balance_stability,BALANCE_STABILITY,LONG,2024-07-18 12:00:00,10,2464.08,5.369999999999891,43.960000000000036,21.79312359988268,178.40329859420166,False,2024-07-19 06:00:00,10,True,,,
XAUUSD.mg,657,balance_stability,BALANCE_STABILITY,LONG,2024-07-30 12:00:00,10,2386.7,35.100000000000364,3.6399999999998727,147.0649851259076,15.251183642686023,True,2024-07-31 06:00:00,10,True,,,
XAUUSD.mg,672,balance_stability,BALANCE_STABILITY,LONG,2024-08-13 18:00:00,10,2467.26,11.009999999999764,12.320000000000164,44.62440115755844,49.93393481027603,False,2024-08-14 12:00:00,10,True,,,
XAUUSD.mg,675,balance_stability,BALANCE_STABILITY,LONG,2024-08-15 22:00:00,10,2456.03,43.679999999999836,5.610000000000127,177.84799045614196,22.84174053248587,True,2024-08-16 16:00:00,10,True,,,
XAUUSD.mg,678,balance_stability,BALANCE_STABILITY,LONG,2024-08-19 20:00:00,10,2505.14,26.13000000000011,8.190000000000055,104.30554779373652,32.69278363684287,True,2024-08-20 14:00:00,10,True,,,
XAUUSD.mg,688,balance_stability,BALANCE_STABILITY,LONG,2024-08-27 00:00:00,10,2515.16,6.150000000000091,12.009999999999764,24.45172474116991,47.750441323811465,False,2024-08-27 18:00:00,10,True,,,
XAUUSD.mg,691,balance_stability,BALANCE_STABILITY,LONG,2024-08-28 00:00:00,10,2524.9,3.730000000000018,31.610000000000127,14.772862291575976,125.19307695354321,False,2024-08-28 18:00:00,10,True,,,
XAUUSD.mg,697,balance_stability,BALANCE_STABILITY,LONG,2024-09-03 06:00:00,10,2494.62,11.2800000000002,21.549999999999727,45.21730764605512,86.38590246209735,False,2024-09-04 00:00:00,10,True,,,
XAUUSD.mg,700,balance_stability,BALANCE_STABILITY,LONG,2024-09-04 14:00:00,10,2485.57,21.690000000000055,3.850000000000364,87.26368599556663,15.489404844765442,True,2024-09-05 08:00:00,10,True,,,
XAUUSD.mg,705,balance_stability,BALANCE_STABILITY,LONG,2024-09-12 02:00:00,10,2512.79,45.88999999999987,2.130000000000109,182.62568698538226,8.476633542795495,True,2024-09-12 20:00:00,10,True,,,
XAUUSD.mg,711,balance_stability,BALANCE_STABILITY,LONG,2024-09-16 20:00:00,10,2582.16,4.370000000000346,14.170000000000073,16.9238157201736,54.87653747250392,False,2024-09-17 14:00:00,10,True,,,
XAUUSD.mg,715,balance_stability,BALANCE_STABILITY,LONG,2024-09-23 20:00:00,10,2625.92,13.819999999999709,3.630000000000109,52.62917377528527,13.823726541555374,True,2024-09-24 14:00:00,10,True,,,
XAUUSD.mg,717,balance_stability,BALANCE_STABILITY,LONG,2024-09-24 06:00:00,10,2625.02,38.940000000000055,2.730000000000018,148.34172692017606,10.399920762508545,True,2024-09-25 00:00:00,10,True,,,
XAUUSD.mg,722,balance_stability,BALANCE_STABILITY,LONG,2024-09-25 20:00:00,10,2659.33,25.86999999999989,4.880000000000109,97.28014199065137,18.35048677674493,True,2024-09-26 14:00:00,10,True,,,
XAUUSD.mg,726,balance_stability,BALANCE_STABILITY,LONG,2024-09-27 04:00:00,10,2673.31,0.5599999999999454,30.590000000000146,2.094781375897092,114.42743265839033,False,2024-09-27 22:00:00,10,True,,,
XAUUSD.mg,735,balance_stability,BALANCE_STABILITY,LONG,2024-10-02 08:00:00,10,2654.97,7.960000000000036,14.230000000000018,29.98150638236981,53.59759243983932,False,2024-10-03 02:00:00,10,True,,,
XAUUSD.mg,738,balance_stability,BALANCE_STABILITY,LONG,2024-10-07 18:00:00,10,2647.6,3.900000000000091,19.420000000000073,14.73032180087661,73.34944855718415,False,2024-10-08 12:00:00,10,True,,,
XAUUSD.mg,741,balance_stability,BALANCE_STABILITY,LONG,2024-10-10 06:00:00,10,2612.94,22.639999999999873,9.760000000000218,86.64569412232915,37.35256071704753,True,2024-10-11 00:00:00,10,True,,,
XAUUSD.mg,745,balance_stability,BALANCE_STABILITY,LONG,2024-10-15 02:00:00,10,2648.0,20.5,10.329999999999927,77.41691842900302,39.01057401812661,True,2024-10-15 20:00:00,10,True,,,
XAUUSD.mg,750,balance_stability,BALANCE_STABILITY,LONG,2024-10-17 10:00:00,10,2679.06,32.49000000000024,6.25,121.27387964435376,23.329078109486165,True,2024-10-18 04:00:00,10,True,,,
XAUUSD.mg,754,balance_stability,BALANCE_STABILITY,LONG,2024-10-22 00:00:00,10,2721.1,26.840000000000146,2.549999999999727,98.63658079453215,9.371210172355765,True,2024-10-22 18:00:00,10,True,,,
XAUUSD.mg,760,balance_stability,BALANCE_STABILITY,LONG,2024-10-28 06:00:00,10,2737.97,7.570000000000164,10.489999999999782,27.64822112733216,38.313056753725505,False,2024-10-29 00:00:00,10,True,,,
XAUUSD.mg,763,balance_stability,BALANCE_STABILITY,LONG,2024-10-28 22:00:00,10,2742.05,29.25,2.600000000000364,106.67201546288359,9.481956930035425,True,2024-10-29 16:00:00,10,True,,,
XAUUSD.mg,767,balance_stability,BALANCE_STABILITY,LONG,2024-10-31 04:00:00,10,2784.19,4.429999999999836,53.0300000000002,15.91127042335414,190.46832292336444,False,2024-10-31 22:00:00,10,True,,,
XAUUSD.mg,770,balance_stability,BALANCE_STABILITY,LONG,2024-11-04 00:00:00,10,2737.96,9.849999999999909,7.7400000000002365,35.97568992972837,28.26922234072169,True,2024-11-04 18:00:00,10,True,,,
XAUUSD.mg,773,balance_stability,BALANCE_STABILITY,LONG,2024-11-05 02:00:00,10,2733.87,15.7800000000002,9.539999999999964,57.72037441429256,34.895587573659185,True,2024-11-05 20:00:00,10,True,,,
XAUUSD.mg,781,balance_stability,BALANCE_STABILITY,LONG,2024-11-13 06:00:00,10,2605.36,13.08999999999969,36.38000000000011,50.242576841586924,139.63521355973882,False,2024-11-14 00:00:00,10,True,,,
XAUUSD.mg,785,balance_stability,BALANCE_STABILITY,LONG,2024-11-15 02:00:00,10,2564.64,10.960000000000036,10.61999999999989,42.73504273504288,41.40932060640048,True,2024-11-15 20:00:00,10,True,,,
XAUUSD.mg,804,balance_stability,BALANCE_STABILITY,LONG,2024-11-28 02:00:00,10,2628.45,20.820000000000164,7.9099999999998545,79.21018090509678,30.093781506210334,True,2024-11-28 20:00:00,10,True,,,
XAUUSD.mg,807,balance_stability,BALANCE_STABILITY,LONG,2024-12-03 12:00:00,10,2643.26,11.959999999999582,8.440000000000055,45.247156919862526,31.930267926727048,True,2024-12-04 06:00:00,10,True,,,
XAUUSD.mg,818,balance_stability,BALANCE_STABILITY,LONG,2024-12-17 00:00:00,10,2651.36,6.949999999999818,18.63000000000011,26.21296240419942,70.26582584032387,False,2024-12-17 18:00:00,10,True,,,
XAUUSD.mg,821,balance_stability,BALANCE_STABILITY,LONG,2024-12-18 14:00:00,10,2643.58,3.7800000000002,60.529999999999745,14.298791789922,228.96980609627758,False,2024-12-19 08:00:00,10,True,,,
XAUUSD.mg,824,balance_stability,BALANCE_STABILITY,LONG,2024-12-19 22:00:00,10,2594.2,36.5600000000004,4.929999999999836,140.92976640197517,19.003931847967916,True,2024-12-20 16:00:00,10,True,,,
XAUUSD.mg,829,balance_stability,BALANCE_STABILITY,LONG,2024-12-27 04:00:00,10,2633.4,4.4699999999998,22.190000000000055,16.97425381635832,84.26368952684763,False,2024-12-27 22:00:00,10,True,,,
XAUUSD.mg,831,balance_stability,BALANCE_STABILITY,LONG,2024-12-27 12:00:00,10,2628.31,2.9700000000002547,17.09999999999991,11.300036905845408,65.06081854880098,False,2024-12-30 06:00:00,10,True,,,
XAUUSD.mg,839,balance_stability,BALANCE_STABILITY,LONG,2025-01-07 00:00:00,10,2634.26,29.609999999999673,1.6700000000000728,112.40348333118095,6.33954127534895,True,2025-01-07 18:00:00,10,True,,,
XAUUSD.mg,842,balance_stability,BALANCE_STABILITY,LONG,2025-01-08 06:00:00,10,2649.68,19.860000000000127,4.809999999999945,74.95244708795073,18.153135472962568,True,2025-01-09 00:00:00,10,True,,,
XAUUSD.mg,845,balance_stability,BALANCE_STABILITY,LONG,2025-01-09 08:00:00,10,2662.03,15.829999999999927,4.080000000000382,59.46589632723871,15.326649211317608,True,2025-01-10 02:00:00,10,True,,,
XAUUSD.mg,850,balance_stability,BALANCE_STABILITY,LONG,2025-01-13 10:00:00,10,2684.42,4.949999999999818,27.960000000000036,18.43973744793966,104.15657758472979,False,2025-01-14 04:00:00,10,True,,,
XAUUSD.mg,864,balance_stability,BALANCE_STABILITY,LONG,2025-01-23 08:00:00,10,2752.51,9.6899999999996,16.980000000000018,35.20423177390672,61.689149176569806,False,2025-01-24 02:00:00,10,True,,,
XAUUSD.mg,885,balance_stability,BALANCE_STABILITY,LONG,2025-02-06 22:00:00,10,2855.59,30.81999999999971,3.4100000000003092,107.92865922628847,11.941490199924742,True,2025-02-07 16:00:00,10,True,,,
XAUUSD.mg,887,balance_stability,BALANCE_STABILITY,LONG,2025-02-07 22:00:00,10,2861.55,49.60999999999967,5.3100000000004,173.3675805070667,18.55637678880467,True,2025-02-10 16:00:00,10,True,,,
XAUUSD.mg,889,balance_stability,BALANCE_STABILITY,LONG,2025-02-12 16:00:00,10,2894.26,28.20999999999958,12.680000000000291,97.46878303953197,43.810853206001845,True,2025-02-13 10:00:00,10,True,,,
XAUUSD.mg,906,balance_stability,BALANCE_STABILITY,LONG,2025-02-26 22:00:00,10,2916.08,4.4900000000002365,48.4699999999998,15.397382787852997,166.21629036240364,False,2025-02-27 16:00:00,10,True,,,
XAUUSD.mg,911,balance_stability,BALANCE_STABILITY,LONG,2025-03-03 08:00:00,10,2863.07,31.940000000000055,4.390000000000327,111.55857174291951,15.333191294660374,True,2025-03-04 02:00:00,10,True,,,
XAUUSD.mg,915,balance_stability,BALANCE_STABILITY,LONG,2025-03-06 20:00:00,10,2913.78,12.279999999999745,17.120000000000346,42.14456822409291,58.755293810789915,False,2025-03-07 14:00:00,10,True,,,
XAUUSD.mg,917,balance_stability,BALANCE_STABILITY,LONG,2025-03-07 16:00:00,10,2915.56,14.650000000000091,19.029999999999745,50.24763681762711,65.27047977060924,False,2025-03-10 10:00:00,10,True,,,
XAUUSD.mg,934,balance_stability,BALANCE_STABILITY,LONG,2025-03-21 00:00:00,10,3046.16,1.050000000000182,46.909999999999854,3.4469627334092166,153.99716364209317,False,2025-03-21 18:00:00,10,True,,,
XAUUSD.mg,938,balance_stability,BALANCE_STABILITY,LONG,2025-03-25 04:00:00,10,3014.98,20.710000000000036,7.610000000000127,68.69033957107521,25.240631778652357,True,2025-03-25 22:00:00,10,True,,,
XAUUSD.mg,941,balance_stability,BALANCE_STABILITY,LONG,2025-03-26 04:00:00,10,3017.33,14.5,5.170000000000073,48.055731391660835,17.13435388240621,True,2025-03-26 22:00:00,10,True,,,
XAUUSD.mg,949,balance_stability,BALANCE_STABILITY,LONG,2025-04-02 18:00:00,10,3123.29,44.13999999999987,38.190000000000055,141.32533322233886,122.27490883011201,True,2025-04-03 12:00:00,10,True,,,
XAUUSD.mg,950,balance_stability,BALANCE_STABILITY,LONG,2025-04-03 04:00:00,10,3147.73,7.400000000000091,93.78999999999996,23.5090049019455,297.96075266938385,False,2025-04-03 22:00:00,10,True,,,
XAUUSD.mg,959,balance_stability,BALANCE_STABILITY,LONG,2025-04-09 00:00:00,10,2978.12,120.63000000000011,8.409999999999854,405.0541952641267,28.239291902273433,True,2025-04-09 18:00:00,10,True,,,
XAUUSD.mg,965,balance_stability,BALANCE_STABILITY,LONG,2025-04-15 02:00:00,10,3223.47,8.890000000000327,13.639999999999873,27.578975451920844,42.314648499908095,False,2025-04-15 20:00:00,10,True,,,
XAUUSD.mg,974,balance_stability,BALANCE_STABILITY,LONG,2025-04-24 08:00:00,10,3333.54,36.940000000000055,27.070000000000164,110.81312958596584,81.20496529215237,True,2025-04-25 02:00:00,10,True,,,
XAUUSD.mg,976,balance_stability,BALANCE_STABILITY,LONG,2025-04-30 06:00:00,10,3309.33,10.240000000000236,42.59999999999991,30.942819241357725,128.72696285955135,False,2025-05-01 00:00:00,10,True,,,
XAUUSD.mg,978,balance_stability,BALANCE_STABILITY,LONG,2025-04-30 18:00:00,10,3305.12,8.970000000000255,101.94000000000005,27.139710509755336,308.43055622791326,False,2025-05-01 12:00:00,10,True,,,
XAUUSD.mg,985,balance_stability,BALANCE_STABILITY,LONG,2025-05-05 08:00:00,10,3264.56,117.01000000000022,7.880000000000109,358.42502511824017,24.138015536550437,True,2025-05-06 02:00:00,10,True,,,
XAUUSD.mg,987,balance_stability,BALANCE_STABILITY,LONG,2025-05-07 08:00:00,10,3387.84,21.679999999999836,24.370000000000346,63.993577028430614,71.93373949183062,False,2025-05-08 02:00:00,10,True,,,
XAUUSD.mg,993,balance_stability,BALANCE_STABILITY,LONG,2025-05-13 18:00:00,10,3246.92,10.610000000000127,27.63000000000011,32.67712170302973,85.09602946792685,False,2025-05-14 12:00:00,10,True,,,
XAUUSD.mg,999,balance_stability,BALANCE_STABILITY,LONG,2025-05-20 02:00:00,10,3221.03,73.88999999999987,16.610000000000127,229.39867061157415,51.567355783709324,True,2025-05-20 20:00:00,10,True,,,
XAUUSD.mg,1005,balance_stability,BALANCE_STABILITY,LONG,2025-05-26 14:00:00,10,3338.12,11.610000000000127,45.75,34.78005583981441,137.05319161683823,False,2025-05-27 10:00:00,10,True,,,
XAUUSD.mg,1013,balance_stability,BALANCE_STABILITY,LONG,2025-06-02 02:00:00,10,3303.46,78.57000000000016,2.1700000000000728,237.84153584423655,6.568870214865846,True,2025-06-02 20:00:00,10,True,,,
XAUUSD.mg,1018,balance_stability,BALANCE_STABILITY,LONG,2025-06-04 14:00:00,10,3352.6,31.889999999999873,8.36999999999989,95.12020521386349,24.96569826403356,True,2025-06-05 08:00:00,10,True,,,
XAUUSD.mg,1020,balance_stability,BALANCE_STABILITY,LONG,2025-06-06 02:00:00,10,3363.56,11.800000000000182,52.409999999999854,35.08187753451754,155.81705098169752,False,2025-06-06 20:00:00,10,True,,,
XAUUSD.mg,1030,balance_stability,BALANCE_STABILITY,LONG,2025-06-17 20:00:00,10,3385.47,14.360000000000127,15.099999999999909,42.416562545230434,44.602374264134404,False,2025-06-18 14:00:00,10,True,,,
XAUUSD.mg,1032,balance_stability,BALANCE_STABILITY,LONG,2025-06-20 00:00:00,10,3368.59,5.6599999999998545,28.440000000000055,16.80228226052994,84.42701545750612,False,2025-06-20 18:00:00,10,True,,,
XAUUSD.mg,1035,balance_stability,BALANCE_STABILITY,LONG,2025-06-23 00:00:00,10,3372.57,22.149999999999636,25.720000000000255,65.67691700987567,76.26231627512625,False,2025-06-23 18:00:00,10,True,,,
XAUUSD.mg,1036,balance_stability,BALANCE_STABILITY,LONG,2025-06-23 10:00:00,10,3366.31,26.88000000000011,33.340000000000146,79.85004351946229,99.04019534742834,False,2025-06-24 04:00:00,10,True,,,
XAUUSD.mg,1039,balance_stability,BALANCE_STABILITY,LONG,2025-06-25 22:00:00,10,3331.99,18.080000000000382,22.309999999999945,54.26186753261679,66.9569836644166,False,2025-06-26 16:00:00,10,True,,,
XAUUSD.mg,1041,balance_stability,BALANCE_STABILITY,LONG,2025-06-26 18:00:00,10,3332.49,3.6900000000000546,56.659999999999854,11.07280141875911,170.0230158230028,False,2025-06-27 12:00:00,10,True,,,
XAUUSD.mg,1046,balance_stability,BALANCE_STABILITY,LONG,2025-06-30 12:00:00,10,3277.69,54.38000000000011,3.369999999999891,165.9095277466756,10.28163127080319,True,2025-07-01 06:00:00,10,True,,,
XAUUSD.mg,1057,balance_stability,BALANCE_STABILITY,LONG,2025-07-08 00:00:00,10,3334.36,11.289999999999964,47.460000000000036,33.85957125205426,142.33616046257762,False,2025-07-08 18:00:00,10,True,,,
XAUUSD.mg,1063,balance_stability,BALANCE_STABILITY,LONG,2025-07-11 00:00:00,10,3323.56,44.88999999999987,1.9400000000000546,135.0660135517333,5.837114419478073,True,2025-07-11 18:00:00,10,True,,,
XAUUSD.mg,1068,balance_stability,BALANCE_STABILITY,LONG,2025-07-17 02:00:00,10,3343.78,3.349999999999909,34.190000000000055,10.01860170226483,102.24954991058038,False,2025-07-17 20:00:00,10,True,,,
XAUUSD.mg,1071,balance_stability,BALANCE_STABILITY,LONG,2025-07-18 00:00:00,10,3340.02,20.990000000000236,8.239999999999782,62.8439350662578,24.67051095502357,True,2025-07-18 18:00:00,10,True,,,
XAUUSD.mg,1082,balance_stability,BALANCE_STABILITY,LONG,2025-07-30 08:00:00,10,3327.5,6.349999999999909,59.65000000000009,19.083395942899802,179.26371149511675,False,2025-07-31 02:00:00,10,True,,,
XAUUSD.mg,1090,balance_stability,BALANCE_STABILITY,LONG,2025-08-06 00:00:00,10,3383.05,2.0099999999997635,25.0600000000004,5.941384253853072,74.07516885650641,False,2025-08-06 18:00:00,10,True,,,
XAUUSD.mg,1092,balance_stability,BALANCE_STABILITY,LONG,2025-08-08 06:00:00,10,3392.04,12.829999999999927,20.88000000000011,37.82384641690525,61.555877878798924,False,2025-08-11 00:00:00,10,True,,,
XAUUSD.mg,1094,balance_stability,BALANCE_STABILITY,LONG,2025-08-08 14:00:00,10,3400.08,4.789999999999964,43.29999999999973,14.087903814027799,127.34994470718256,False,2025-08-11 08:00:00,10,True,,,
XAUUSD.mg,1095,balance_stability,BALANCE_STABILITY,LONG,2025-08-08 18:00:00,10,3385.51,19.359999999999673,35.83000000000038,57.184884995169625,105.83338994715827,False,2025-08-11 12:00:00,10,True,,,
XAUUSD.mg,1096,balance_stability,BALANCE_STABILITY,LONG,2025-08-11 00:00:00,10,3391.22,13.650000000000091,50.13999999999987,40.25100111464338,147.85239530316488,False,2025-08-11 18:00:00,10,True,,,
XAUUSD.mg,1097,balance_stability,BALANCE_STABILITY,LONG,2025-08-11 06:00:00,10,3376.89,2.980000000000018,35.809999999999945,8.824687804459186,106.04431888512786,False,2025-08-12 00:00:00,10,True,,,
XAUUSD.mg,1099,balance_stability,BALANCE_STABILITY,LONG,2025-08-12 06:00:00,10,3354.37,4.599999999999909,23.4699999999998,13.71345438934855,69.96842924304653,False,2025-08-13 00:00:00,10,True,,,
XAUUSD.mg,1103,balance_stability,BALANCE_STABILITY,LONG,2025-08-14 12:00:00,10,3355.23,3.6799999999998363,25.59999999999991,10.96795152642244,76.29879322728966,False,2025-08-15 06:00:00,10,True,,,
XAUUSD.mg,1111,balance_stability,BALANCE_STABILITY,LONG,2025-08-25 20:00:00,10,3365.2,21.019999999999982,14.1899999999996,62.46285510519429,42.16688458338167,True,2025-08-26 14:00:00,10,True,,,
XAUUSD.mg,1124,balance_stability,BALANCE_STABILITY,LONG,2025-09-05 10:00:00,10,3552.11,47.7199999999998,7.519999999999982,134.34268645959668,21.170515552727764,True,2025-09-08 04:00:00,10,True,,,
XAUUSD.mg,1132,balance_stability,BALANCE_STABILITY,LONG,2025-09-11 00:00:00,10,3644.7,4.170000000000073,31.949999999999818,11.441270886492914,87.66153592888254,False,2025-09-11 18:00:00,10,True,,,
XAUUSD.mg,1134,balance_stability,BALANCE_STABILITY,LONG,2025-09-11 18:00:00,10,3634.79,21.570000000000164,4.599999999999909,59.34318076147498,12.655476657523293,True,2025-09-12 12:00:00,10,True,,,
XAUUSD.mg,1136,balance_stability,BALANCE_STABILITY,LONG,2025-09-12 00:00:00,10,3631.67,24.690000000000055,1.4400000000000546,67.98525196397264,3.9651179760277078,True,2025-09-12 18:00:00,10,True,,,
XAUUSD.mg,1139,balance_stability,BALANCE_STABILITY,LONG,2025-09-12 22:00:00,10,3643.19,38.440000000000055,16.860000000000127,105.51192773366213,46.278124390987365,True,2025-09-15 16:00:00,10,True,,,
XAUUSD.mg,1144,balance_stability,BALANCE_STABILITY,LONG,2025-09-16 22:00:00,10,3689.5,5.5900000000001455,29.61999999999989,15.151104485703064,80.2818810136872,False,2025-09-17 16:00:00,10,True,,,
XAUUSD.mg,1147,balance_stability,BALANCE_STABILITY,LONG,2025-09-18 12:00:00,10,3667.02,5.309999999999945,39.32999999999993,14.480422795621363,107.25330104553541,False,2025-09-19 06:00:00,10,True,,,
XAUUSD.mg,1150,balance_stability,BALANCE_STABILITY,LONG,2025-09-23 22:00:00,10,3763.84,15.08999999999969,24.329999999999927,40.09203366774276,64.64143002890646,False,2025-09-24 16:00:00,10,True,,,
XAUUSD.mg,1152,balance_stability,BALANCE_STABILITY,LONG,2025-09-25 18:00:00,10,3741.55,16.389999999999873,9.400000000000091,43.80537477783238,25.12327778594457,True,2025-09-26 12:00:00,10,True,,,
XAUUSD.mg,1161,balance_stability,BALANCE_STABILITY,LONG,2025-10-01 20:00:00,10,3863.25,33.309999999999945,43.94999999999982,86.22273992105079,113.76431760823095,False,2025-10-02 18:00:00,10,True,,,
XAUUSD.mg,1166,balance_stability,BALANCE_STABILITY,LONG,2025-10-07 10:00:00,10,3954.98,81.80000000000018,14.240000000000236,206.82784742274342,36.005238964546564,True,2025-10-08 06:00:00,10,True,,,
XAUUSD.mg,1170,balance_stability,BALANCE_STABILITY,LONG,2025-10-09 04:00:00,10,4026.56,31.190000000000055,81.90999999999985,77.4606612095686,203.42426289438094,False,2025-10-09 22:00:00,10,True,,,
XAUUSD.mg,1174,balance_stability,BALANCE_STABILITY,LONG,2025-10-10 18:00:00,10,3989.7,105.75,14.849999999999909,265.05752312203924,37.22084367245635,True,2025-10-13 14:00:00,10,True,,,
XAUUSD.mg,1180,balance_stability,BALANCE_STABILITY,LONG,2025-10-14 22:00:00,10,4141.86,76.05000000000018,2.869999999999891,183.61315930524012,6.9292540066537525,True,2025-10-15 16:00:00,10,True,,,
XAUUSD.mg,1188,balance_stability,BALANCE_STABILITY,LONG,2025-10-22 20:00:00,10,4102.07,48.70000000000073,35.6899999999996,118.72054840605044,87.00485364706014,True,2025-10-23 14:00:00,10,True,,,
XAUUSD.mg,1201,balance_stability,BALANCE_STABILITY,LONG,2025-10-31 20:00:00,10,4000.91,26.809999999999945,38.56999999999971,67.00975528067352,96.40306830196057,False,2025-11-03 14:00:00,10,True,,,
XAUUSD.mg,1206,balance_stability,BALANCE_STABILITY,LONG,2025-11-11 22:00:00,10,4129.34,55.92000000000007,30.659999999999854,135.42115689190058,74.24915361776907,True,2025-11-12 16:00:00,10,True,,,
XAUUSD.mg,1211,balance_stability,BALANCE_STABILITY,LONG,2025-11-14 08:00:00,10,4180.82,12.270000000000437,148.85999999999967,29.348309661742043,356.05455389134113,False,2025-11-17 02:00:00,10,True,,,
XAUUSD.mg,1221,balance_stability,BALANCE_STABILITY,LONG,2025-11-20 04:00:00,10,4072.14,34.79000000000042,33.5,85.4341943056978,82.26632679622999,True,2025-11-20 22:00:00,10,True,,,
XAUUSD.mg,1224,balance_stability,BALANCE_STABILITY,LONG,2025-11-21 22:00:00,10,4062.45,31.110000000000127,22.559999999999945,76.57940405420406,55.53299117527587,True,2025-11-24 16:00:00,10,True,,,
XAUUSD.mg,1225,balance_stability,BALANCE_STABILITY,LONG,2025-11-24 02:00:00,10,4044.33,81.19000000000051,4.440000000000055,200.75018606295853,10.978332628643198,True,2025-11-24 20:00:00,10,True,,,
XAUUSD.mg,1226,balance_stability,BALANCE_STABILITY,LONG,2025-11-24 04:00:00,10,4049.86,83.45999999999958,9.970000000000255,206.08119786856727,24.618134947875372,True,2025-11-24 22:00:00,10,True,,,
XAUUSD.mg,1230,balance_stability,BALANCE_STABILITY,LONG,2025-11-25 22:00:00,10,4132.06,41.149999999999636,2.4400000000005093,99.58713087418776,5.905044941265396,True,2025-11-26 16:00:00,10,True,,,
XAUUSD.mg,1238,balance_stability,BALANCE_STABILITY,LONG,2025-12-01 20:00:00,10,4236.79,7.569999999999709,55.76999999999953,17.867300479843724,131.632674737241,False,2025-12-02 14:00:00,10,True,,,
XAUUSD.mg,1246,balance_stability,BALANCE_STABILITY,LONG,2025-12-08 22:00:00,10,4191.25,24.840000000000146,21.36999999999989,59.26632866090104,50.987175663584594,True,2025-12-09 16:00:00,10,True,,,
XAUUSD.mg,1256,balance_stability,BALANCE_STABILITY,LONG,2025-12-16 22:00:00,10,4304.63,44.649999999999636,3.2100000000000364,103.72552344800745,7.457086904101018,True,2025-12-17 16:00:00,10,True,,,
XAUUSD.mg,1264,balance_stability,BALANCE_STABILITY,LONG,2025-12-24 20:00:00,10,4480.51,66.69999999999982,10.579999999999927,148.86698166056948,23.613383297883335,True,2025-12-26 16:00:00,10,True,,,
XAUUSD.mg,1266,balance_stability,BALANCE_STABILITY,LONG,2025-12-29 04:00:00,10,4516.32,3.630000000000109,213.09000000000015,8.03751727069851,471.822191518759,False,2025-12-29 22:00:00,10,True,,,
XAUUSD.mg,3,balance_stability,BALANCE_STABILITY,SHORT,2023-01-04 22:00:00,10,1854.16,29.070000000000164,4.869999999999891,156.78258618458042,26.26526297622584,True,2023-01-05 16:00:00,10,True,,,
XAUUSD.mg,5,balance_stability,BALANCE_STABILITY,SHORT,2023-01-05 06:00:00,10,1850.73,25.6400000000001,4.910000000000082,138.5399274880728,26.5300719175681,True,2023-01-06 00:00:00,10,True,,,
XAUUSD.mg,11,balance_stability,BALANCE_STABILITY,SHORT,2023-01-10 00:00:00,10,1870.67,2.8700000000001182,10.079999999999927,15.342096681938118,53.88443712680445,False,2023-01-10 18:00:00,10,True,,,
XAUUSD.mg,19,balance_stability,BALANCE_STABILITY,SHORT,2023-01-17 22:00:00,10,1908.22,11.6400000000001,17.710000000000036,60.999255851003035,92.80900525096706,False,2023-01-18 16:00:00,10,True,,,
XAUUSD.mg,25,balance_stability,BALANCE_STABILITY,SHORT,2023-01-20 18:00:00,10,1929.45,10.539999999999964,6.119999999999891,54.62696623390067,31.7188836196838,True,2023-01-23 12:00:00,10,True,,,
XAUUSD.mg,30,balance_stability,BALANCE_STABILITY,SHORT,2023-01-27 20:00:00,10,1926.68,5.960000000000036,7.789999999999964,30.93404197894843,40.432246143625115,False,2023-01-30 14:00:00,10,True,,,
XAUUSD.mg,34,balance_stability,BALANCE_STABILITY,SHORT,2023-02-01 18:00:00,10,1927.35,6.759999999999991,32.30000000000018,35.074065426622,167.5876203076773,False,2023-02-02 12:00:00,10,True,,,
XAUUSD.mg,41,balance_stability,BALANCE_STABILITY,SHORT,2023-02-07 00:00:00,10,1869.87,4.889999999999873,14.52000000000021,26.151550642557357,77.6524571226888,False,2023-02-07 18:00:00,10,True,,,
XAUUSD.mg,44,balance_stability,BALANCE_STABILITY,SHORT,2023-02-10 20:00:00,10,1864.25,11.0,2.2899999999999636,59.004961780877025,12.283760225291479,True,2023-02-13 14:00:00,10,True,,,
XAUUSD.mg,46,balance_stability,BALANCE_STABILITY,SHORT,2023-02-14 02:00:00,10,1857.51,14.210000000000036,12.970000000000027,76.50026110222845,69.8246577407391,True,2023-02-14 20:00:00,10,True,,,
XAUUSD.mg,48,balance_stability,BALANCE_STABILITY,SHORT,2023-02-17 00:00:00,10,1832.58,13.669999999999845,10.800000000000182,74.59428783463666,58.93330714075338,True,2023-02-17 18:00:00,10,True,,,
XAUUSD.mg,52,balance_stability,BALANCE_STABILITY,SHORT,2023-02-21 00:00:00,10,1841.68,11.440000000000055,2.1799999999998363,62.117197341558004,11.837018374526716,True,2023-02-21 18:00:00,10,True,,,
XAUUSD.mg,54,balance_stability,BALANCE_STABILITY,SHORT,2023-02-23 20:00:00,10,1823.56,14.529999999999973,4.25,79.67930860514583,23.306060672530652,True,2023-02-24 14:00:00,10,True,,,
XAUUSD.mg,56,balance_stability,BALANCE_STABILITY,SHORT,2023-02-28 00:00:00,10,1816.52,11.809999999999945,14.660000000000082,65.01442318278878,80.70376323960144,False,2023-02-28 18:00:00,10,True,,,
XAUUSD.mg,71,balance_stability,BALANCE_STABILITY,SHORT,2023-03-14 18:00:00,10,1906.73,21.25999999999999,12.230000000000018,111.49979283904901,64.14122607815484,True,2023-03-15 12:00:00,10,True,,,
XAUUSD.mg,75,balance_stability,BALANCE_STABILITY,SHORT,2023-03-17 00:00:00,10,1921.39,3.380000000000109,53.77999999999997,17.591431203452235,279.90152962178405,False,2023-03-17 18:00:00,10,True,,,
XAUUSD.mg,88,balance_stability,BALANCE_STABILITY,SHORT,2023-03-28 08:00:00,10,1953.66,4.720000000000027,21.389999999999873,24.159782152472932,109.48680937317583,False,2023-03-29 02:00:00,10,True,,,
XAUUSD.mg,90,balance_stability,BALANCE_STABILITY,SHORT,2023-03-30 00:00:00,10,1962.99,7.809999999999945,21.069999999999936,39.78624445361385,107.33625744400092,False,2023-03-30 18:00:00,10,True,,,
XAUUSD.mg,93,balance_stability,BALANCE_STABILITY,SHORT,2023-03-31 10:00:00,10,1978.24,28.710000000000036,9.129999999999882,145.12900355871903,46.15213523131612,True,2023-04-03 04:00:00,10,True,,,
XAUUSD.mg,99,balance_stability,BALANCE_STABILITY,SHORT,2023-04-06 08:00:00,10,2016.14,21.410000000000082,4.579999999999927,106.19302230995903,22.716676421279907,True,2023-04-10 02:00:00,10,True,,,
XAUUSD.mg,107,balance_stability,BALANCE_STABILITY,SHORT,2023-04-12 22:00:00,10,2014.62,1.6199999999998909,33.73000000000002,8.041218691365572,167.42611509862914,False,2023-04-13 16:00:00,10,True,,,
XAUUSD.mg,117,balance_stability,BALANCE_STABILITY,SHORT,2023-04-20 22:00:00,10,2004.6,33.23000000000002,0.9600000000000364,165.76873191659195,4.788985333732597,True,2023-04-21 16:00:00,10,True,,,
XAUUSD.mg,119,balance_stability,BALANCE_STABILITY,SHORT,2023-04-24 22:00:00,10,1988.85,12.949999999999818,11.820000000000164,65.1130050028902,59.43132966287133,True,2023-04-25 16:00:00,10,True,,,
XAUUSD.mg,122,balance_stability,BALANCE_STABILITY,SHORT,2023-04-26 06:00:00,10,1995.94,12.789999999999964,13.139999999999873,64.08008256761207,65.83364229385589,False,2023-04-27 00:00:00,10,True,,,
XAUUSD.mg,124,balance_stability,BALANCE_STABILITY,SHORT,2023-04-28 00:00:00,10,1986.72,10.680000000000064,8.039999999999964,53.756946122252074,40.468712249335404,True,2023-04-28 18:00:00,10,True,,,
XAUUSD.mg,128,balance_stability,BALANCE_STABILITY,SHORT,2023-05-01 00:00:00,10,1986.66,9.820000000000164,19.1099999999999,49.429696072806436,96.1915979583819,False,2023-05-01 18:00:00,10,True,,,
XAUUSD.mg,135,balance_stability,BALANCE_STABILITY,SHORT,2023-05-04 20:00:00,10,2049.35,48.50999999999999,3.4100000000003092,236.7092004782004,16.639422255838728,True,2023-05-05 14:00:00,10,True,,,
XAUUSD.mg,141,balance_stability,BALANCE_STABILITY,SHORT,2023-05-10 08:00:00,10,2031.47,10.190000000000055,16.460000000000036,50.160721054212246,81.02507051543974,False,2023-05-11 02:00:00,10,True,,,
XAUUSD.mg,144,balance_stability,BALANCE_STABILITY,SHORT,2023-05-12 22:00:00,10,2010.62,3.6599999999998545,11.090000000000146,18.20334026320167,55.15711571555115,False,2023-05-15 16:00:00,10,True,,,
XAUUSD.mg,147,balance_stability,BALANCE_STABILITY,SHORT,2023-05-18 00:00:00,10,1982.35,30.769999999999982,3.25,155.2198148661941,16.394683078164803,True,2023-05-18 18:00:00,10,True,,,
XAUUSD.mg,152,balance_stability,BALANCE_STABILITY,SHORT,2023-05-22 08:00:00,10,1976.47,16.529999999999973,5.7000000000000455,83.63395346248602,28.839294297409246,True,2023-05-23 02:00:00,10,True,,,
XAUUSD.mg,157,balance_stability,BALANCE_STABILITY,SHORT,2023-05-26 20:00:00,10,1947.02,7.089999999999918,2.3600000000001273,36.414623373154456,12.121087610811022,True,2023-05-29 14:00:00,10,True,,,
XAUUSD.mg,163,balance_stability,BALANCE_STABILITY,SHORT,2023-06-01 06:00:00,10,1962.34,9.36999999999989,20.38000000000011,47.749115851482884,103.85560096619399,False,2023-06-02 00:00:00,10,True,,,
XAUUSD.mg,168,balance_stability,BALANCE_STABILITY,SHORT,2023-06-07 06:00:00,10,1962.77,23.37999999999988,7.009999999999991,119.11736983956287,35.71483159004871,True,2023-06-08 00:00:00,10,True,,,
XAUUSD.mg,176,balance_stability,BALANCE_STABILITY,SHORT,2023-06-12 20:00:00,10,1957.61,7.369999999999891,13.1400000000001,37.64794826344313,67.12266488217827,False,2023-06-13 14:00:00,10,True,,,
XAUUSD.mg,187,balance_stability,BALANCE_STABILITY,SHORT,2023-06-20 06:00:00,10,1948.42,19.029999999999973,7.970000000000027,97.66888042619134,40.9049383603126,True,2023-06-21 00:00:00,10,True,,,
XAUUSD.mg,198,balance_stability,BALANCE_STABILITY,SHORT,2023-06-26 22:00:00,10,1922.86,11.72999999999979,7.430000000000064,61.00288112498981,38.640358632454074,True,2023-06-27 16:00:00,10,True,,,
XAUUSD.mg,205,balance_stability,BALANCE_STABILITY,SHORT,2023-06-29 20:00:00,10,1907.35,7.230000000000018,6.75,37.90599522898272,35.38941463286759,True,2023-06-30 14:00:00,10,True,,,
XAUUSD.mg,215,balance_stability,BALANCE_STABILITY,SHORT,2023-07-05 00:00:00,10,1925.94,7.330000000000155,8.679999999999836,38.059337258690064,45.0689014195657,False,2023-07-05 18:00:00,10,True,,,
XAUUSD.mg,220,balance_stability,BALANCE_STABILITY,SHORT,2023-07-11 00:00:00,10,1924.46,0.4900000000000091,13.629999999999882,2.546168795402394,70.8250626149667,False,2023-07-11 18:00:00,10,True,,,
XAUUSD.mg,226,balance_stability,BALANCE_STABILITY,SHORT,2023-07-13 18:00:00,10,1959.7,5.75,3.6599999999998545,29.34122569781089,18.67632800938845,True,2023-07-14 12:00:00,10,True,,,
XAUUSD.mg,235,balance_stability,BALANCE_STABILITY,SHORT,2023-07-20 00:00:00,10,1977.4,12.420000000000073,9.689999999999827,62.80975017700047,49.00374228785186,True,2023-07-20 18:00:00,10,True,,,
XAUUSD.mg,244,balance_stability,BALANCE_STABILITY,SHORT,2023-07-27 00:00:00,10,1971.66,29.440000000000055,10.11999999999989,149.31580495623004,51.327307953703425,True,2023-07-27 18:00:00,10,True,,,
XAUUSD.mg,254,balance_stability,BALANCE_STABILITY,SHORT,2023-08-04 00:00:00,10,1935.46,9.660000000000082,11.029999999999973,49.910615564259054,56.98903619811297,False,2023-08-04 18:00:00,10,True,,,
XAUUSD.mg,259,balance_stability,BALANCE_STABILITY,SHORT,2023-08-09 10:00:00,10,1925.82,12.129999999999882,4.509999999999991,62.98615654630174,23.418595715071973,True,2023-08-10 04:00:00,10,True,,,
XAUUSD.mg,262,balance_stability,BALANCE_STABILITY,SHORT,2023-08-11 22:00:00,10,1913.52,11.210000000000036,2.2899999999999636,58.58313474643608,11.967473556586624,True,2023-08-14 16:00:00,10,True,,,
XAUUSD.mg,266,balance_stability,BALANCE_STABILITY,SHORT,2023-08-15 02:00:00,10,1905.71,9.670000000000073,5.529999999999973,50.74224304852297,29.0180562624952,True,2023-08-15 20:00:00,10,True,,,
XAUUSD.mg,271,balance_stability,BALANCE_STABILITY,SHORT,2023-08-18 22:00:00,10,1889.3,4.889999999999873,9.049999999999955,25.882602021912206,47.90133912030887,False,2023-08-21 16:00:00,10,True,,,
XAUUSD.mg,276,balance_stability,BALANCE_STABILITY,SHORT,2023-08-22 16:00:00,10,1897.45,7.720000000000027,7.639999999999873,40.68618408917245,40.264565601200935,True,2023-08-23 10:00:00,10,True,,,
XAUUSD.mg,277,balance_stability,BALANCE_STABILITY,SHORT,2023-08-22 18:00:00,10,1897.33,1.3399999999999181,7.759999999999991,7.062556329156858,40.8995799360153,False,2023-08-23 12:00:00,10,True,,,
XAUUSD.mg,292,balance_stability,BALANCE_STABILITY,SHORT,2023-08-31 22:00:00,10,1939.71,5.650000000000091,12.8599999999999,29.12806553557022,66.29857040485382,False,2023-09-01 16:00:00,10,True,,,
XAUUSD.mg,299,balance_stability,BALANCE_STABILITY,SHORT,2023-09-07 20:00:00,10,1918.42,0.7300000000000182,10.089999999999918,3.8052147079368344,52.595364935727936,False,2023-09-08 14:00:00,10,True,,,
XAUUSD.mg,302,balance_stability,BALANCE_STABILITY,SHORT,2023-09-12 00:00:00,10,1921.25,14.039999999999964,2.869999999999891,73.07742355237457,14.938191281717064,True,2023-09-12 18:00:00,10,True,,,
XAUUSD.mg,308,balance_stability,BALANCE_STABILITY,SHORT,2023-09-14 04:00:00,10,1909.33,8.740000000000009,2.3200000000001637,45.77521957964318,12.150859201919856,True,2023-09-14 22:00:00,10,True,,,
XAUUSD.mg,317,balance_stability,BALANCE_STABILITY,SHORT,2023-09-20 06:00:00,10,1930.78,3.2100000000000364,16.24000000000001,16.625405276624143,84.1110846393686,False,2023-09-21 00:00:00,10,True,,,
XAUUSD.mg,320,balance_stability,BALANCE_STABILITY,SHORT,2023-09-22 22:00:00,10,1924.78,9.980000000000018,2.0299999999999727,51.85008156776368,10.54665987801189,True,2023-09-25 16:00:00,10,True,,,
XAUUSD.mg,330,balance_stability,BALANCE_STABILITY,SHORT,2023-09-29 12:00:00,10,1869.08,30.220000000000027,10.370000000000118,161.68382305733314,55.48184133370492,True,2023-10-02 06:00:00,10,True,,,
XAUUSD.mg,335,balance_stability,BALANCE_STABILITY,SHORT,2023-10-03 18:00:00,10,1823.2,6.880000000000109,4.509999999999991,37.73584905660437,24.73672663448876,True,2023-10-04 12:00:00,10,True,,,
XAUUSD.mg,343,balance_stability,BALANCE_STABILITY,SHORT,2023-10-17 00:00:00,10,1919.04,7.009999999999991,12.1400000000001,36.528681007170206,63.26079706519979,False,2023-10-17 18:00:00,10,True,,,
XAUUSD.mg,345,balance_stability,BALANCE_STABILITY,SHORT,2023-10-18 00:00:00,10,1924.31,1.3999999999998636,37.90000000000009,7.275335055161921,196.95371327904596,False,2023-10-18 18:00:00,10,True,,,
XAUUSD.mg,348,balance_stability,BALANCE_STABILITY,SHORT,2023-10-19 10:00:00,10,1950.35,2.869999999999891,31.5,14.715307508908097,161.50947265875357,False,2023-10-20 04:00:00,10,True,,,
XAUUSD.mg,352,balance_stability,BALANCE_STABILITY,SHORT,2023-10-23 06:00:00,10,1975.34,5.599999999999909,7.0900000000001455,28.34954995089407,35.89255520568685,False,2023-10-24 00:00:00,10,True,,,
XAUUSD.mg,355,balance_stability,BALANCE_STABILITY,SHORT,2023-10-24 00:00:00,10,1973.17,19.960000000000036,7.259999999999991,101.15702144265336,36.793585955594246,True,2023-10-24 18:00:00,10,True,,,
XAUUSD.mg,359,balance_stability,BALANCE_STABILITY,SHORT,2023-10-25 22:00:00,10,1979.22,7.730000000000018,13.839999999999918,39.055789654510455,69.92653671648385,False,2023-10-26 16:00:00,10,True,,,
XAUUSD.mg,363,balance_stability,BALANCE_STABILITY,SHORT,2023-10-27 00:00:00,10,1984.05,7.559999999999945,12.559999999999945,38.10387843048283,63.30485622842139,False,2023-10-27 18:00:00,10,True,,,
XAUUSD.mg,366,balance_stability,BALANCE_STABILITY,SHORT,2023-10-31 08:00:00,10,1995.87,18.269999999999982,11.6400000000001,91.53902809301199,58.32043169144333,True,2023-11-01 02:00:00,10,True,,,
XAUUSD.mg,372,balance_stability,BALANCE_STABILITY,SHORT,2023-11-03 00:00:00,10,1984.59,1.7300000000000182,19.080000000000155,8.717165762197824,96.14076459117578,False,2023-11-03 18:00:00,10,True,,,
XAUUSD.mg,377,balance_stability,BALANCE_STABILITY,SHORT,2023-11-08 08:00:00,10,1967.29,20.24000000000001,1.4800000000000182,102.88264566993178,7.5230393078804765,True,2023-11-09 02:00:00,10,True,,,
XAUUSD.mg,382,balance_stability,BALANCE_STABILITY,SHORT,2023-11-10 04:00:00,10,1959.09,26.419999999999845,1.0199999999999818,134.85853125685827,5.206498935730272,True,2023-11-10 22:00:00,10,True,,,
XAUUSD.mg,386,balance_stability,BALANCE_STABILITY,SHORT,2023-11-13 16:00:00,10,1938.08,6.849999999999909,10.740000000000009,35.34425823495371,55.41566911582602,False,2023-11-14 10:00:00,10,True,,,
XAUUSD.mg,398,balance_stability,BALANCE_STABILITY,SHORT,2023-11-24 10:00:00,10,1994.16,2.2799999999999727,23.669999999999845,11.433385485617867,118.69659405463877,False,2023-11-27 06:00:00,10,True,,,
XAUUSD.mg,403,balance_stability,BALANCE_STABILITY,SHORT,2023-11-27 22:00:00,10,2013.85,2.5299999999999727,17.25999999999999,12.563001216575081,85.70648260793998,False,2023-11-28 16:00:00,10,True,,,
XAUUSD.mg,405,balance_stability,BALANCE_STABILITY,SHORT,2023-11-29 20:00:00,10,2045.92,12.269999999999982,3.2599999999997635,59.973019472902074,15.934151872994855,True,2023-11-30 14:00:00,10,True,,,
XAUUSD.mg,408,balance_stability,BALANCE_STABILITY,SHORT,2023-12-06 22:00:00,10,2024.95,0.8800000000001091,14.589999999999918,4.345786315712038,72.05116175708001,False,2023-12-07 16:00:00,10,True,,,
XAUUSD.mg,421,balance_stability,BALANCE_STABILITY,SHORT,2023-12-15 18:00:00,10,2032.41,17.180000000000064,3.599999999999909,84.53018829862116,17.712961459547575,True,2023-12-18 12:00:00,10,True,,,
XAUUSD.mg,427,balance_stability,BALANCE_STABILITY,SHORT,2023-12-21 08:00:00,10,2034.6,2.6699999999998454,20.0,13.12297257446105,98.2994200334218,False,2023-12-22 02:00:00,10,True,,,
XAUUSD.mg,429,balance_stability,BALANCE_STABILITY,SHORT,2023-12-26 20:00:00,10,2061.3,4.3400000000001455,8.609999999999673,21.054674234706958,41.76975694949629,False,2023-12-27 14:00:00,10,True,,,
XAUUSD.mg,431,balance_stability,BALANCE_STABILITY,SHORT,2023-12-27 06:00:00,10,2064.28,3.1600000000003092,19.769999999999982,15.308000852599013,95.77189141007993,False,2023-12-28 00:00:00,10,True,,,
XAUUSD.mg,437,balance_stability,BALANCE_STABILITY,SHORT,2024-01-02 00:00:00,10,2063.31,7.630000000000109,15.170000000000073,36.979416568523924,73.52264080530833,False,2024-01-02 18:00:00,10,True,,,
XAUUSD.mg,440,balance_stability,BALANCE_STABILITY,SHORT,2024-01-02 22:00:00,10,2058.55,27.1400000000001,7.079999999999927,131.840373078138,34.39314080299204,True,2024-01-03 16:00:00,10,True,,,
XAUUSD.mg,443,balance_stability,BALANCE_STABILITY,SHORT,2024-01-05 00:00:00,10,2043.89,19.79000000000019,19.689999999999827,96.82517160904055,96.33590848822503,True,2024-01-05 18:00:00,10,True,,,
XAUUSD.mg,449,balance_stability,BALANCE_STABILITY,SHORT,2024-01-12 04:00:00,10,2033.54,1.0499999999999545,28.309999999999945,5.163409620661283,139.21535843897806,False,2024-01-12 22:00:00,10,True,,,
XAUUSD.mg,453,balance_stability,BALANCE_STABILITY,SHORT,2024-01-15 14:00:00,10,2053.86,15.560000000000173,2.0899999999996908,75.75978888531921,10.17596136055861,True,2024-01-16 10:00:00,10,True,,,
XAUUSD.mg,460,balance_stability,BALANCE_STABILITY,SHORT,2024-01-22 02:00:00,10,2028.71,12.509999999999991,3.0599999999999454,61.66480177058323,15.083476692084847,True,2024-01-22 20:00:00,10,True,,,
XAUUSD.mg,466,balance_stability,BALANCE_STABILITY,SHORT,2024-01-25 18:00:00,10,2014.58,2.439999999999827,9.690000000000055,12.111705665696212,48.09935569696937,False,2024-01-26 12:00:00,10,True,,,
XAUUSD.mg,472,balance_stability,BALANCE_STABILITY,SHORT,2024-01-30 04:00:00,10,2031.67,2.980000000000018,16.529999999999745,14.667736394197966,81.3616384550628,False,2024-01-30 22:00:00,10,True,,,
XAUUSD.mg,475,balance_stability,BALANCE_STABILITY,SHORT,2024-01-31 00:00:00,10,2036.07,3.5799999999999272,19.50999999999999,17.582892533164024,95.82185288325053,False,2024-01-31 18:00:00,10,True,,,
XAUUSD.mg,485,balance_stability,BALANCE_STABILITY,SHORT,2024-02-09 00:00:00,10,2033.88,13.970000000000027,2.9199999999998454,68.68645151139707,14.356795877828805,True,2024-02-09 18:00:00,10,True,,,
XAUUSD.mg,491,balance_stability,BALANCE_STABILITY,SHORT,2024-02-15 08:00:00,10,1993.45,2.3400000000001455,14.430000000000064,11.738443402142746,72.38706764654275,False,2024-02-16 02:00:00,10,True,,,
XAUUSD.mg,495,balance_stability,BALANCE_STABILITY,SHORT,2024-02-20 06:00:00,10,2018.13,0.7700000000002092,12.339999999999918,3.8154132786302624,61.14571410166796,False,2024-02-21 00:00:00,10,True,,,
XAUUSD.mg,498,balance_stability,BALANCE_STABILITY,SHORT,2024-02-22 12:00:00,10,2028.62,9.329999999999927,2.2200000000000273,45.99185653301223,10.943399946761973,True,2024-02-23 06:00:00,10,True,,,
XAUUSD.mg,502,balance_stability,BALANCE_STABILITY,SHORT,2024-02-27 02:00:00,10,2033.21,4.190000000000055,5.8599999999999,20.60780735880728,28.821420315658,False,2024-02-27 20:00:00,10,True,,,
XAUUSD.mg,513,balance_stability,BALANCE_STABILITY,SHORT,2024-03-08 06:00:00,10,2157.36,1.3800000000001091,37.379999999999654,6.396707086439486,173.26732673267165,False,2024-03-11 00:00:00,10,True,,,
XAUUSD.mg,516,balance_stability,BALANCE_STABILITY,SHORT,2024-03-11 20:00:00,10,2180.95,25.129999999999654,3.4200000000000728,115.22501662119562,15.681239826681368,True,2024-03-12 14:00:00,10,True,,,
XAUUSD.mg,521,balance_stability,BALANCE_STABILITY,SHORT,2024-03-15 12:00:00,10,2166.61,20.91000000000031,5.6599999999998545,96.51021642104628,26.12376015988043,True,2024-03-18 06:00:00,10,True,,,
XAUUSD.mg,524,balance_stability,BALANCE_STABILITY,SHORT,2024-03-18 22:00:00,10,2159.99,13.209999999999582,2.480000000000018,61.1576905448617,11.481534636734514,True,2024-03-19 16:00:00,10,True,,,
XAUUSD.mg,526,balance_stability,BALANCE_STABILITY,SHORT,2024-03-21 22:00:00,10,2180.9,18.66000000000031,4.799999999999727,85.5610069237485,22.009262231187705,True,2024-03-22 16:00:00,10,True,,,
XAUUSD.mg,529,balance_stability,BALANCE_STABILITY,SHORT,2024-03-25 22:00:00,10,2171.42,4.180000000000291,28.289999999999964,19.250075987143394,130.28340901345646,False,2024-03-26 16:00:00,10,True,,,
XAUUSD.mg,531,balance_stability,BALANCE_STABILITY,SHORT,2024-03-26 20:00:00,10,2177.53,4.390000000000327,19.679999999999836,20.16045703159234,90.37762969970487,False,2024-03-27 14:00:00,10,True,,,
XAUUSD.mg,549,balance_stability,BALANCE_STABILITY,SHORT,2024-04-10 06:00:00,10,2357.05,38.01999999999998,2.599999999999909,161.3033240703421,11.030737574510125,True,2024-04-11 00:00:00,10,True,,,
XAUUSD.mg,555,balance_stability,BALANCE_STABILITY,SHORT,2024-04-16 22:00:00,10,2382.33,9.9699999999998,12.860000000000127,41.84978571398505,53.980766728371506,False,2024-04-17 16:00:00,10,True,,,
XAUUSD.mg,560,balance_stability,BALANCE_STABILITY,SHORT,2024-04-23 16:00:00,10,2322.85,11.420000000000073,8.860000000000127,49.16374281593763,38.142798717093775,True,2024-04-24 10:00:00,10,True,,,
XAUUSD.mg,563,balance_stability,BALANCE_STABILITY,SHORT,2024-04-29 00:00:00,10,2335.64,15.960000000000036,10.690000000000055,68.33244849377488,45.769039749276665,True,2024-04-29 18:00:00,10,True,,,
XAUUSD.mg,567,balance_stability,BALANCE_STABILITY,SHORT,2024-05-03 18:00:00,10,2301.68,10.25,22.110000000000127,44.53268916617428,96.06026902088965,False,2024-05-06 12:00:00,10,True,,,
XAUUSD.mg,576,balance_stability,BALANCE_STABILITY,SHORT,2024-05-13 04:00:00,10,2356.68,24.73999999999978,2.7899999999999636,104.97818965663468,11.83868832425261,True,2024-05-13 22:00:00,10,True,,,
XAUUSD.mg,582,balance_stability,BALANCE_STABILITY,SHORT,2024-05-20 22:00:00,10,2425.95,19.889999999999873,7.5900000000001455,81.98849935076929,31.2867124219384,True,2024-05-21 16:00:00,10,True,,,
XAUUSD.mg,586,balance_stability,BALANCE_STABILITY,SHORT,2024-05-27 08:00:00,10,2338.17,0.38999999999987267,19.929999999999836,1.6679711056076874,85.2376003455687,False,2024-05-28 04:00:00,10,True,,,
XAUUSD.mg,589,balance_stability,BALANCE_STABILITY,SHORT,2024-05-28 12:00:00,10,2347.04,4.2199999999998,16.639999999999873,17.98009407594161,70.89781171177259,False,2024-05-29 06:00:00,10,True,,,
XAUUSD.mg,600,balance_stability,BALANCE_STABILITY,SHORT,2024-06-05 10:00:00,10,2331.91,2.8099999999999454,42.65000000000009,12.050207769596364,182.89728162750745,False,2024-06-06 04:00:00,10,True,,,
XAUUSD.mg,605,balance_stability,BALANCE_STABILITY,SHORT,2024-06-12 22:00:00,10,2324.48,27.050000000000182,1.8299999999999272,116.37011288546334,7.872728524228762,True,2024-06-13 16:00:00,10,True,,,
XAUUSD.mg,614,balance_stability,BALANCE_STABILITY,SHORT,2024-06-19 06:00:00,10,2328.92,5.519999999999982,9.710000000000036,23.70197344691952,41.69314532057793,False,2024-06-20 02:00:00,10,True,,,
XAUUSD.mg,619,balance_stability,BALANCE_STABILITY,SHORT,2024-06-25 14:00:00,10,2325.33,16.029999999999745,4.760000000000218,68.9364520304634,20.470212830007863,True,2024-06-26 08:00:00,10,True,,,
XAUUSD.mg,628,balance_stability,BALANCE_STABILITY,SHORT,2024-07-01 06:00:00,10,2321.49,3.349999999999909,16.63000000000011,14.430387380518157,71.63502750388807,False,2024-07-02 00:00:00,10,True,,,
XAUUSD.mg,636,balance_stability,BALANCE_STABILITY,SHORT,2024-07-10 00:00:00,10,2364.64,1.8599999999996726,21.59999999999991,7.865890790985827,91.34582854049627,False,2024-07-10 18:00:00,10,True,,,
XAUUSD.mg,642,balance_stability,BALANCE_STABILITY,SHORT,2024-07-12 22:00:00,10,2411.21,10.240000000000236,25.84999999999991,42.46830429535477,107.20758457371986,False,2024-07-15 16:00:00,10,True,,,
XAUUSD.mg,648,balance_stability,BALANCE_STABILITY,SHORT,2024-07-18 12:00:00,10,2464.08,43.960000000000036,5.369999999999891,178.40329859420166,21.79312359988268,True,2024-07-19 06:00:00,10,True,,,
XAUUSD.mg,657,balance_stability,BALANCE_STABILITY,SHORT,2024-07-30 12:00:00,10,2386.7,3.6399999999998727,35.100000000000364,15.251183642686023,147.0649851259076,False,2024-07-31 06:00:00,10,True,,,
XAUUSD.mg,672,balance_stability,BALANCE_STABILITY,SHORT,2024-08-13 18:00:00,10,2467.26,12.320000000000164,11.009999999999764,49.93393481027603,44.62440115755844,True,2024-08-14 12:00:00,10,True,,,
XAUUSD.mg,675,balance_stability,BALANCE_STABILITY,SHORT,2024-08-15 22:00:00,10,2456.03,5.610000000000127,43.679999999999836,22.84174053248587,177.84799045614196,False,2024-08-16 16:00:00,10,True,,,
XAUUSD.mg,678,balance_stability,BALANCE_STABILITY,SHORT,2024-08-19 20:00:00,10,2505.14,8.190000000000055,26.13000000000011,32.69278363684287,104.30554779373652,False,2024-08-20 14:00:00,10,True,,,
XAUUSD.mg,688,balance_stability,BALANCE_STABILITY,SHORT,2024-08-27 00:00:00,10,2515.16,12.009999999999764,6.150000000000091,47.750441323811465,24.45172474116991,True,2024-08-27 18:00:00,10,True,,,
XAUUSD.mg,691,balance_stability,BALANCE_STABILITY,SHORT,2024-08-28 00:00:00,10,2524.9,31.610000000000127,3.730000000000018,125.19307695354321,14.772862291575976,True,2024-08-28 18:00:00,10,True,,,
XAUUSD.mg,697,balance_stability,BALANCE_STABILITY,SHORT,2024-09-03 06:00:00,10,2494.62,21.549999999999727,11.2800000000002,86.38590246209735,45.21730764605512,True,2024-09-04 00:00:00,10,True,,,
XAUUSD.mg,700,balance_stability,BALANCE_STABILITY,SHORT,2024-09-04 14:00:00,10,2485.57,3.850000000000364,21.690000000000055,15.489404844765442,87.26368599556663,False,2024-09-05 08:00:00,10,True,,,
XAUUSD.mg,705,balance_stability,BALANCE_STABILITY,SHORT,2024-09-12 02:00:00,10,2512.79,2.130000000000109,45.88999999999987,8.476633542795495,182.62568698538226,False,2024-09-12 20:00:00,10,True,,,
XAUUSD.mg,711,balance_stability,BALANCE_STABILITY,SHORT,2024-09-16 20:00:00,10,2582.16,14.170000000000073,4.370000000000346,54.87653747250392,16.9238157201736,True,2024-09-17 14:00:00,10,True,,,
XAUUSD.mg,715,balance_stability,BALANCE_STABILITY,SHORT,2024-09-23 20:00:00,10,2625.92,3.630000000000109,13.819999999999709,13.823726541555374,52.62917377528527,False,2024-09-24 14:00:00,10,True,,,
XAUUSD.mg,717,balance_stability,BALANCE_STABILITY,SHORT,2024-09-24 06:00:00,10,2625.02,2.730000000000018,38.940000000000055,10.399920762508545,148.34172692017606,False,2024-09-25 00:00:00,10,True,,,
XAUUSD.mg,722,balance_stability,BALANCE_STABILITY,SHORT,2024-09-25 20:00:00,10,2659.33,4.880000000000109,25.86999999999989,18.35048677674493,97.28014199065137,False,2024-09-26 14:00:00,10,True,,,
XAUUSD.mg,726,balance_stability,BALANCE_STABILITY,SHORT,2024-09-27 04:00:00,10,2673.31,30.590000000000146,0.5599999999999454,114.42743265839033,2.094781375897092,True,2024-09-27 22:00:00,10,True,,,
XAUUSD.mg,735,balance_stability,BALANCE_STABILITY,SHORT,2024-10-02 08:00:00,10,2654.97,14.230000000000018,7.960000000000036,53.59759243983932,29.98150638236981,True,2024-10-03 02:00:00,10,True,,,
XAUUSD.mg,738,balance_stability,BALANCE_STABILITY,SHORT,2024-10-07 18:00:00,10,2647.6,19.420000000000073,3.900000000000091,73.34944855718415,14.73032180087661,True,2024-10-08 12:00:00,10,True,,,
XAUUSD.mg,741,balance_stability,BALANCE_STABILITY,SHORT,2024-10-10 06:00:00,10,2612.94,9.760000000000218,22.639999999999873,37.35256071704753,86.64569412232915,False,2024-10-11 00:00:00,10,True,,,
XAUUSD.mg,745,balance_stability,BALANCE_STABILITY,SHORT,2024-10-15 02:00:00,10,2648.0,10.329999999999927,20.5,39.01057401812661,77.41691842900302,False,2024-10-15 20:00:00,10,True,,,
XAUUSD.mg,750,balance_stability,BALANCE_STABILITY,SHORT,2024-10-17 10:00:00,10,2679.06,6.25,32.49000000000024,23.329078109486165,121.27387964435376,False,2024-10-18 04:00:00,10,True,,,
XAUUSD.mg,754,balance_stability,BALANCE_STABILITY,SHORT,2024-10-22 00:00:00,10,2721.1,2.549999999999727,26.840000000000146,9.371210172355765,98.63658079453215,False,2024-10-22 18:00:00,10,True,,,
XAUUSD.mg,760,balance_stability,BALANCE_STABILITY,SHORT,2024-10-28 06:00:00,10,2737.97,10.489999999999782,7.570000000000164,38.313056753725505,27.64822112733216,True,2024-10-29 00:00:00,10,True,,,
XAUUSD.mg,763,balance_stability,BALANCE_STABILITY,SHORT,2024-10-28 22:00:00,10,2742.05,2.600000000000364,29.25,9.481956930035425,106.67201546288359,False,2024-10-29 16:00:00,10,True,,,
XAUUSD.mg,767,balance_stability,BALANCE_STABILITY,SHORT,2024-10-31 04:00:00,10,2784.19,53.0300000000002,4.429999999999836,190.46832292336444,15.91127042335414,True,2024-10-31 22:00:00,10,True,,,
XAUUSD.mg,770,balance_stability,BALANCE_STABILITY,SHORT,2024-11-04 00:00:00,10,2737.96,7.7400000000002365,9.849999999999909,28.26922234072169,35.97568992972837,False,2024-11-04 18:00:00,10,True,,,
XAUUSD.mg,773,balance_stability,BALANCE_STABILITY,SHORT,2024-11-05 02:00:00,10,2733.87,9.539999999999964,15.7800000000002,34.895587573659185,57.72037441429256,False,2024-11-05 20:00:00,10,True,,,
XAUUSD.mg,781,balance_stability,BALANCE_STABILITY,SHORT,2024-11-13 06:00:00,10,2605.36,36.38000000000011,13.08999999999969,139.63521355973882,50.242576841586924,True,2024-11-14 00:00:00,10,True,,,
XAUUSD.mg,785,balance_stability,BALANCE_STABILITY,SHORT,2024-11-15 02:00:00,10,2564.64,10.61999999999989,10.960000000000036,41.40932060640048,42.73504273504288,False,2024-11-15 20:00:00,10,True,,,
XAUUSD.mg,804,balance_stability,BALANCE_STABILITY,SHORT,2024-11-28 02:00:00,10,2628.45,7.9099999999998545,20.820000000000164,30.093781506210334,79.21018090509678,False,2024-11-28 20:00:00,10,True,,,
XAUUSD.mg,807,balance_stability,BALANCE_STABILITY,SHORT,2024-12-03 12:00:00,10,2643.26,8.440000000000055,11.959999999999582,31.930267926727048,45.247156919862526,False,2024-12-04 06:00:00,10,True,,,
XAUUSD.mg,818,balance_stability,BALANCE_STABILITY,SHORT,2024-12-17 00:00:00,10,2651.36,18.63000000000011,6.949999999999818,70.26582584032387,26.21296240419942,True,2024-12-17 18:00:00,10,True,,,
XAUUSD.mg,821,balance_stability,BALANCE_STABILITY,SHORT,2024-12-18 14:00:00,10,2643.58,60.529999999999745,3.7800000000002,228.96980609627758,14.298791789922,True,2024-12-19 08:00:00,10,True,,,
XAUUSD.mg,824,balance_stability,BALANCE_STABILITY,SHORT,2024-12-19 22:00:00,10,2594.2,4.929999999999836,36.5600000000004,19.003931847967916,140.92976640197517,False,2024-12-20 16:00:00,10,True,,,
XAUUSD.mg,829,balance_stability,BALANCE_STABILITY,SHORT,2024-12-27 04:00:00,10,2633.4,22.190000000000055,4.4699999999998,84.26368952684763,16.97425381635832,True,2024-12-27 22:00:00,10,True,,,
XAUUSD.mg,831,balance_stability,BALANCE_STABILITY,SHORT,2024-12-27 12:00:00,10,2628.31,17.09999999999991,2.9700000000002547,65.06081854880098,11.300036905845408,True,2024-12-30 06:00:00,10,True,,,
XAUUSD.mg,839,balance_stability,BALANCE_STABILITY,SHORT,2025-01-07 00:00:00,10,2634.26,1.6700000000000728,29.609999999999673,6.33954127534895,112.40348333118095,False,2025-01-07 18:00:00,10,True,,,
XAUUSD.mg,842,balance_stability,BALANCE_STABILITY,SHORT,2025-01-08 06:00:00,10,2649.68,4.809999999999945,19.860000000000127,18.153135472962568,74.95244708795073,False,2025-01-09 00:00:00,10,True,,,
XAUUSD.mg,845,balance_stability,BALANCE_STABILITY,SHORT,2025-01-09 08:00:00,10,2662.03,4.080000000000382,15.829999999999927,15.326649211317608,59.46589632723871,False,2025-01-10 02:00:00,10,True,,,
XAUUSD.mg,850,balance_stability,BALANCE_STABILITY,SHORT,2025-01-13 10:00:00,10,2684.42,27.960000000000036,4.949999999999818,104.15657758472979,18.43973744793966,True,2025-01-14 04:00:00,10,True,,,
XAUUSD.mg,864,balance_stability,BALANCE_STABILITY,SHORT,2025-01-23 08:00:00,10,2752.51,16.980000000000018,9.6899999999996,61.689149176569806,35.20423177390672,True,2025-01-24 02:00:00,10,True,,,
XAUUSD.mg,885,balance_stability,BALANCE_STABILITY,SHORT,2025-02-06 22:00:00,10,2855.59,3.4100000000003092,30.81999999999971,11.941490199924742,107.92865922628847,False,2025-02-07 16:00:00,10,True,,,
XAUUSD.mg,887,balance_stability,BALANCE_STABILITY,SHORT,2025-02-07 22:00:00,10,2861.55,5.3100000000004,49.60999999999967,18.55637678880467,173.3675805070667,False,2025-02-10 16:00:00,10,True,,,
XAUUSD.mg,889,balance_stability,BALANCE_STABILITY,SHORT,2025-02-12 16:00:00,10,2894.26,12.680000000000291,28.20999999999958,43.810853206001845,97.46878303953197,False,2025-02-13 10:00:00,10,True,,,
XAUUSD.mg,906,balance_stability,BALANCE_STABILITY,SHORT,2025-02-26 22:00:00,10,2916.08,48.4699999999998,4.4900000000002365,166.21629036240364,15.397382787852997,True,2025-02-27 16:00:00,10,True,,,
XAUUSD.mg,911,balance_stability,BALANCE_STABILITY,SHORT,2025-03-03 08:00:00,10,2863.07,4.390000000000327,31.940000000000055,15.333191294660374,111.55857174291951,False,2025-03-04 02:00:00,10,True,,,
XAUUSD.mg,915,balance_stability,BALANCE_STABILITY,SHORT,2025-03-06 20:00:00,10,2913.78,17.120000000000346,12.279999999999745,58.755293810789915,42.14456822409291,True,2025-03-07 14:00:00,10,True,,,
XAUUSD.mg,917,balance_stability,BALANCE_STABILITY,SHORT,2025-03-07 16:00:00,10,2915.56,19.029999999999745,14.650000000000091,65.27047977060924,50.24763681762711,True,2025-03-10 10:00:00,10,True,,,
XAUUSD.mg,934,balance_stability,BALANCE_STABILITY,SHORT,2025-03-21 00:00:00,10,3046.16,46.909999999999854,1.050000000000182,153.99716364209317,3.4469627334092166,True,2025-03-21 18:00:00,10,True,,,
XAUUSD.mg,938,balance_stability,BALANCE_STABILITY,SHORT,2025-03-25 04:00:00,10,3014.98,7.610000000000127,20.710000000000036,25.240631778652357,68.69033957107521,False,2025-03-25 22:00:00,10,True,,,
XAUUSD.mg,941,balance_stability,BALANCE_STABILITY,SHORT,2025-03-26 04:00:00,10,3017.33,5.170000000000073,14.5,17.13435388240621,48.055731391660835,False,2025-03-26 22:00:00,10,True,,,
XAUUSD.mg,949,balance_stability,BALANCE_STABILITY,SHORT,2025-04-02 18:00:00,10,3123.29,38.190000000000055,44.13999999999987,122.27490883011201,141.32533322233886,False,2025-04-03 12:00:00,10,True,,,
XAUUSD.mg,950,balance_stability,BALANCE_STABILITY,SHORT,2025-04-03 04:00:00,10,3147.73,93.78999999999996,7.400000000000091,297.96075266938385,23.5090049019455,True,2025-04-03 22:00:00,10,True,,,
XAUUSD.mg,959,balance_stability,BALANCE_STABILITY,SHORT,2025-04-09 00:00:00,10,2978.12,8.409999999999854,120.63000000000011,28.239291902273433,405.0541952641267,False,2025-04-09 18:00:00,10,True,,,
XAUUSD.mg,965,balance_stability,BALANCE_STABILITY,SHORT,2025-04-15 02:00:00,10,3223.47,13.639999999999873,8.890000000000327,42.314648499908095,27.578975451920844,True,2025-04-15 20:00:00,10,True,,,
XAUUSD.mg,974,balance_stability,BALANCE_STABILITY,SHORT,2025-04-24 08:00:00,10,3333.54,27.070000000000164,36.940000000000055,81.20496529215237,110.81312958596584,False,2025-04-25 02:00:00,10,True,,,
XAUUSD.mg,976,balance_stability,BALANCE_STABILITY,SHORT,2025-04-30 06:00:00,10,3309.33,42.59999999999991,10.240000000000236,128.72696285955135,30.942819241357725,True,2025-05-01 00:00:00,10,True,,,
XAUUSD.mg,978,balance_stability,BALANCE_STABILITY,SHORT,2025-04-30 18:00:00,10,3305.12,101.94000000000005,8.970000000000255,308.43055622791326,27.139710509755336,True,2025-05-01 12:00:00,10,True,,,
XAUUSD.mg,985,balance_stability,BALANCE_STABILITY,SHORT,2025-05-05 08:00:00,10,3264.56,7.880000000000109,117.01000000000022,24.138015536550437,358.42502511824017,False,2025-05-06 02:00:00,10,True,,,
XAUUSD.mg,987,balance_stability,BALANCE_STABILITY,SHORT,2025-05-07 08:00:00,10,3387.84,24.370000000000346,21.679999999999836,71.93373949183062,63.993577028430614,True,2025-05-08 02:00:00,10,True,,,
XAUUSD.mg,993,balance_stability,BALANCE_STABILITY,SHORT,2025-05-13 18:00:00,10,3246.92,27.63000000000011,10.610000000000127,85.09602946792685,32.67712170302973,True,2025-05-14 12:00:00,10,True,,,
XAUUSD.mg,999,balance_stability,BALANCE_STABILITY,SHORT,2025-05-20 02:00:00,10,3221.03,16.610000000000127,73.88999999999987,51.567355783709324,229.39867061157415,False,2025-05-20 20:00:00,10,True,,,
XAUUSD.mg,1005,balance_stability,BALANCE_STABILITY,SHORT,2025-05-26 14:00:00,10,3338.12,45.75,11.610000000000127,137.05319161683823,34.78005583981441,True,2025-05-27 10:00:00,10,True,,,
XAUUSD.mg,1013,balance_stability,BALANCE_STABILITY,SHORT,2025-06-02 02:00:00,10,3303.46,2.1700000000000728,78.57000000000016,6.568870214865846,237.84153584423655,False,2025-06-02 20:00:00,10,True,,,
XAUUSD.mg,1018,balance_stability,BALANCE_STABILITY,SHORT,2025-06-04 14:00:00,10,3352.6,8.36999999999989,31.889999999999873,24.96569826403356,95.12020521386349,False,2025-06-05 08:00:00,10,True,,,
XAUUSD.mg,1020,balance_stability,BALANCE_STABILITY,SHORT,2025-06-06 02:00:00,10,3363.56,52.409999999999854,11.800000000000182,155.81705098169752,35.08187753451754,True,2025-06-06 20:00:00,10,True,,,
XAUUSD.mg,1030,balance_stability,BALANCE_STABILITY,SHORT,2025-06-17 20:00:00,10,3385.47,15.099999999999909,14.360000000000127,44.602374264134404,42.416562545230434,True,2025-06-18 14:00:00,10,True,,,
XAUUSD.mg,1032,balance_stability,BALANCE_STABILITY,SHORT,2025-06-20 00:00:00,10,3368.59,28.440000000000055,5.6599999999998545,84.42701545750612,16.80228226052994,True,2025-06-20 18:00:00,10,True,,,
XAUUSD.mg,1035,balance_stability,BALANCE_STABILITY,SHORT,2025-06-23 00:00:00,10,3372.57,25.720000000000255,22.149999999999636,76.26231627512625,65.67691700987567,True,2025-06-23 18:00:00,10,True,,,
XAUUSD.mg,1036,balance_stability,BALANCE_STABILITY,SHORT,2025-06-23 10:00:00,10,3366.31,33.340000000000146,26.88000000000011,99.04019534742834,79.85004351946229,True,2025-06-24 04:00:00,10,True,,,
XAUUSD.mg,1039,balance_stability,BALANCE_STABILITY,SHORT,2025-06-25 22:00:00,10,3331.99,22.309999999999945,18.080000000000382,66.9569836644166,54.26186753261679,True,2025-06-26 16:00:00,10,True,,,
XAUUSD.mg,1041,balance_stability,BALANCE_STABILITY,SHORT,2025-06-26 18:00:00,10,3332.49,56.659999999999854,3.6900000000000546,170.0230158230028,11.07280141875911,True,2025-06-27 12:00:00,10,True,,,
XAUUSD.mg,1046,balance_stability,BALANCE_STABILITY,SHORT,2025-06-30 12:00:00,10,3277.69,3.369999999999891,54.38000000000011,10.28163127080319,165.9095277466756,False,2025-07-01 06:00:00,10,True,,,
XAUUSD.mg,1057,balance_stability,BALANCE_STABILITY,SHORT,2025-07-08 00:00:00,10,3334.36,47.460000000000036,11.289999999999964,142.33616046257762,33.85957125205426,True,2025-07-08 18:00:00,10,True,,,
XAUUSD.mg,1063,balance_stability,BALANCE_STABILITY,SHORT,2025-07-11 00:00:00,10,3323.56,1.9400000000000546,44.88999999999987,5.837114419478073,135.0660135517333,False,2025-07-11 18:00:00,10,True,,,
XAUUSD.mg,1068,balance_stability,BALANCE_STABILITY,SHORT,2025-07-17 02:00:00,10,3343.78,34.190000000000055,3.349999999999909,102.24954991058038,10.01860170226483,True,2025-07-17 20:00:00,10,True,,,
XAUUSD.mg,1071,balance_stability,BALANCE_STABILITY,SHORT,2025-07-18 00:00:00,10,3340.02,8.239999999999782,20.990000000000236,24.67051095502357,62.8439350662578,False,2025-07-18 18:00:00,10,True,,,
XAUUSD.mg,1082,balance_stability,BALANCE_STABILITY,SHORT,2025-07-30 08:00:00,10,3327.5,59.65000000000009,6.349999999999909,179.26371149511675,19.083395942899802,True,2025-07-31 02:00:00,10,True,,,
XAUUSD.mg,1090,balance_stability,BALANCE_STABILITY,SHORT,2025-08-06 00:00:00,10,3383.05,25.0600000000004,2.0099999999997635,74.07516885650641,5.941384253853072,True,2025-08-06 18:00:00,10,True,,,
XAUUSD.mg,1092,balance_stability,BALANCE_STABILITY,SHORT,2025-08-08 06:00:00,10,3392.04,20.88000000000011,12.829999999999927,61.555877878798924,37.82384641690525,True,2025-08-11 00:00:00,10,True,,,
XAUUSD.mg,1094,balance_stability,BALANCE_STABILITY,SHORT,2025-08-08 14:00:00,10,3400.08,43.29999999999973,4.789999999999964,127.34994470718256,14.087903814027799,True,2025-08-11 08:00:00,10,True,,,
XAUUSD.mg,1095,balance_stability,BALANCE_STABILITY,SHORT,2025-08-08 18:00:00,10,3385.51,35.83000000000038,19.359999999999673,105.83338994715827,57.184884995169625,True,2025-08-11 12:00:00,10,True,,,
XAUUSD.mg,1096,balance_stability,BALANCE_STABILITY,SHORT,2025-08-11 00:00:00,10,3391.22,50.13999999999987,13.650000000000091,147.85239530316488,40.25100111464338,True,2025-08-11 18:00:00,10,True,,,
XAUUSD.mg,1097,balance_stability,BALANCE_STABILITY,SHORT,2025-08-11 06:00:00,10,3376.89,35.809999999999945,2.980000000000018,106.04431888512786,8.824687804459186,True,2025-08-12 00:00:00,10,True,,,
XAUUSD.mg,1099,balance_stability,BALANCE_STABILITY,SHORT,2025-08-12 06:00:00,10,3354.37,23.4699999999998,4.599999999999909,69.96842924304653,13.71345438934855,True,2025-08-13 00:00:00,10,True,,,
XAUUSD.mg,1103,balance_stability,BALANCE_STABILITY,SHORT,2025-08-14 12:00:00,10,3355.23,25.59999999999991,3.6799999999998363,76.29879322728966,10.96795152642244,True,2025-08-15 06:00:00,10,True,,,
XAUUSD.mg,1111,balance_stability,BALANCE_STABILITY,SHORT,2025-08-25 20:00:00,10,3365.2,14.1899999999996,21.019999999999982,42.16688458338167,62.46285510519429,False,2025-08-26 14:00:00,10,True,,,
XAUUSD.mg,1124,balance_stability,BALANCE_STABILITY,SHORT,2025-09-05 10:00:00,10,3552.11,7.519999999999982,47.7199999999998,21.170515552727764,134.34268645959668,False,2025-09-08 04:00:00,10,True,,,
XAUUSD.mg,1132,balance_stability,BALANCE_STABILITY,SHORT,2025-09-11 00:00:00,10,3644.7,31.949999999999818,4.170000000000073,87.66153592888254,11.441270886492914,True,2025-09-11 18:00:00,10,True,,,
XAUUSD.mg,1134,balance_stability,BALANCE_STABILITY,SHORT,2025-09-11 18:00:00,10,3634.79,4.599999999999909,21.570000000000164,12.655476657523293,59.34318076147498,False,2025-09-12 12:00:00,10,True,,,
XAUUSD.mg,1136,balance_stability,BALANCE_STABILITY,SHORT,2025-09-12 00:00:00,10,3631.67,1.4400000000000546,24.690000000000055,3.9651179760277078,67.98525196397264,False,2025-09-12 18:00:00,10,True,,,
XAUUSD.mg,1139,balance_stability,BALANCE_STABILITY,SHORT,2025-09-12 22:00:00,10,3643.19,16.860000000000127,38.440000000000055,46.278124390987365,105.51192773366213,False,2025-09-15 16:00:00,10,True,,,
XAUUSD.mg,1144,balance_stability,BALANCE_STABILITY,SHORT,2025-09-16 22:00:00,10,3689.5,29.61999999999989,5.5900000000001455,80.2818810136872,15.151104485703064,True,2025-09-17 16:00:00,10,True,,,
XAUUSD.mg,1147,balance_stability,BALANCE_STABILITY,SHORT,2025-09-18 12:00:00,10,3667.02,39.32999999999993,5.309999999999945,107.25330104553541,14.480422795621363,True,2025-09-19 06:00:00,10,True,,,
XAUUSD.mg,1150,balance_stability,BALANCE_STABILITY,SHORT,2025-09-23 22:00:00,10,3763.84,24.329999999999927,15.08999999999969,64.64143002890646,40.09203366774276,True,2025-09-24 16:00:00,10,True,,,
XAUUSD.mg,1152,balance_stability,BALANCE_STABILITY,SHORT,2025-09-25 18:00:00,10,3741.55,9.400000000000091,16.389999999999873,25.12327778594457,43.80537477783238,False,2025-09-26 12:00:00,10,True,,,
XAUUSD.mg,1161,balance_stability,BALANCE_STABILITY,SHORT,2025-10-01 20:00:00,10,3863.25,43.94999999999982,33.309999999999945,113.76431760823095,86.22273992105079,True,2025-10-02 18:00:00,10,True,,,
XAUUSD.mg,1166,balance_stability,BALANCE_STABILITY,SHORT,2025-10-07 10:00:00,10,3954.98,14.240000000000236,81.80000000000018,36.005238964546564,206.82784742274342,False,2025-10-08 06:00:00,10,True,,,
XAUUSD.mg,1170,balance_stability,BALANCE_STABILITY,SHORT,2025-10-09 04:00:00,10,4026.56,81.90999999999985,31.190000000000055,203.42426289438094,77.4606612095686,True,2025-10-09 22:00:00,10,True,,,
XAUUSD.mg,1174,balance_stability,BALANCE_STABILITY,SHORT,2025-10-10 18:00:00,10,3989.7,14.849999999999909,105.75,37.22084367245635,265.05752312203924,False,2025-10-13 14:00:00,10,True,,,
XAUUSD.mg,1180,balance_stability,BALANCE_STABILITY,SHORT,2025-10-14 22:00:00,10,4141.86,2.869999999999891,76.05000000000018,6.9292540066537525,183.61315930524012,False,2025-10-15 16:00:00,10,True,,,
XAUUSD.mg,1188,balance_stability,BALANCE_STABILITY,SHORT,2025-10-22 20:00:00,10,4102.07,35.6899999999996,48.70000000000073,87.00485364706014,118.72054840605044,False,2025-10-23 14:00:00,10,True,,,
XAUUSD.mg,1201,balance_stability,BALANCE_STABILITY,SHORT,2025-10-31 20:00:00,10,4000.91,38.56999999999971,26.809999999999945,96.40306830196057,67.00975528067352,True,2025-11-03 14:00:00,10,True,,,
XAUUSD.mg,1206,balance_stability,BALANCE_STABILITY,SHORT,2025-11-11 22:00:00,10,4129.34,30.659999999999854,55.92000000000007,74.24915361776907,135.42115689190058,False,2025-11-12 16:00:00,10,True,,,
XAUUSD.mg,1211,balance_stability,BALANCE_STABILITY,SHORT,2025-11-14 08:00:00,10,4180.82,148.85999999999967,12.270000000000437,356.05455389134113,29.348309661742043,True,2025-11-17 02:00:00,10,True,,,
XAUUSD.mg,1221,balance_stability,BALANCE_STABILITY,SHORT,2025-11-20 04:00:00,10,4072.14,33.5,34.79000000000042,82.26632679622999,85.4341943056978,False,2025-11-20 22:00:00,10,True,,,
XAUUSD.mg,1224,balance_stability,BALANCE_STABILITY,SHORT,2025-11-21 22:00:00,10,4062.45,22.559999999999945,31.110000000000127,55.53299117527587,76.57940405420406,False,2025-11-24 16:00:00,10,True,,,
XAUUSD.mg,1225,balance_stability,BALANCE_STABILITY,SHORT,2025-11-24 02:00:00,10,4044.33,4.440000000000055,81.19000000000051,10.978332628643198,200.75018606295853,False,2025-11-24 20:00:00,10,True,,,
XAUUSD.mg,1226,balance_stability,BALANCE_STABILITY,SHORT,2025-11-24 04:00:00,10,4049.86,9.970000000000255,83.45999999999958,24.618134947875372,206.08119786856727,False,2025-11-24 22:00:00,10,True,,,
XAUUSD.mg,1230,balance_stability,BALANCE_STABILITY,SHORT,2025-11-25 22:00:00,10,4132.06,2.4400000000005093,41.149999999999636,5.905044941265396,99.58713087418776,False,2025-11-26 16:00:00,10,True,,,
XAUUSD.mg,1238,balance_stability,BALANCE_STABILITY,SHORT,2025-12-01 20:00:00,10,4236.79,55.76999999999953,7.569999999999709,131.632674737241,17.867300479843724,True,2025-12-02 14:00:00,10,True,,,
XAUUSD.mg,1246,balance_stability,BALANCE_STABILITY,SHORT,2025-12-08 22:00:00,10,4191.25,21.36999999999989,24.840000000000146,50.987175663584594,59.26632866090104,False,2025-12-09 16:00:00,10,True,,,
XAUUSD.mg,1256,balance_stability,BALANCE_STABILITY,SHORT,2025-12-16 22:00:00,10,4304.63,3.2100000000000364,44.649999999999636,7.457086904101018,103.72552344800745,False,2025-12-17 16:00:00,10,True,,,
XAUUSD.mg,1264,balance_stability,BALANCE_STABILITY,SHORT,2025-12-24 20:00:00,10,4480.51,10.579999999999927,66.69999999999982,23.613383297883335,148.86698166056948,False,2025-12-26 16:00:00,10,True,,,
XAUUSD.mg,1266,balance_stability,BALANCE_STABILITY,SHORT,2025-12-29 04:00:00,10,4516.32,213.09000000000015,3.630000000000109,471.822191518759,8.03751727069851,True,2025-12-29 22:00:00,10,True,,,
XAUUSD.mg,1,state_reinforcement,STATE_REINFORCEMENT,LONG,2023-01-04 16:00:00,16,1858.58,1.800000000000182,33.49000000000001,9.684813136911954,180.19132886397148,False,2023-01-05 22:00:00,16,False,,,
XAUUSD.mg,8,state_reinforcement,STATE_REINFORCEMENT,LONG,2023-01-06 18:00:00,16,1868.72,12.879999999999882,7.75,68.92418339826128,41.4722376814076,True,2023-01-10 00:00:00,16,False,,,
XAUUSD.mg,13,state_reinforcement,STATE_REINFORCEMENT,LONG,2023-01-12 20:00:00,16,1898.4,30.429999999999836,6.070000000000164,160.29287821323135,31.974294142436598,True,2023-01-16 02:00:00,16,False,,,
XAUUSD.mg,32,state_reinforcement,STATE_REINFORCEMENT,LONG,2023-01-31 18:00:00,16,1929.37,26.79000000000019,8.779999999999973,138.85361542887156,45.50708262282493,True,2023-02-02 00:00:00,16,False,,,
XAUUSD.mg,35,state_reinforcement,STATE_REINFORCEMENT,LONG,2023-02-02 08:00:00,16,1957.24,2.410000000000082,81.87000000000012,12.313257444156475,418.29310661952604,False,2023-02-03 14:00:00,16,False,,,
XAUUSD.mg,51,state_reinforcement,STATE_REINFORCEMENT,LONG,2023-02-20 06:00:00,16,1844.03,3.4400000000000546,13.789999999999964,18.654794119401824,74.78186363562395,False,2023-02-21 14:00:00,16,False,,,
XAUUSD.mg,57,state_reinforcement,STATE_REINFORCEMENT,LONG,2023-02-28 20:00:00,16,1826.52,18.029999999999973,3.4500000000000455,98.71230536758411,18.88837789895564,True,2023-03-02 02:00:00,16,False,,,
XAUUSD.mg,61,state_reinforcement,STATE_REINFORCEMENT,LONG,2023-03-03 12:00:00,16,1845.76,12.529999999999973,6.680000000000064,67.88531553398043,36.191054091539876,True,2023-03-06 18:00:00,16,False,,,
XAUUSD.mg,66,state_reinforcement,STATE_REINFORCEMENT,LONG,2023-03-08 12:00:00,16,1815.14,20.45999999999981,3.2200000000000273,112.71857818129625,17.739678482100704,True,2023-03-09 18:00:00,16,False,,,
XAUUSD.mg,72,state_reinforcement,STATE_REINFORCEMENT,LONG,2023-03-15 16:00:00,16,1927.17,10.139999999999873,19.910000000000082,52.616012079888506,103.3121105040037,False,2023-03-16 22:00:00,16,False,,,
XAUUSD.mg,76,state_reinforcement,STATE_REINFORCEMENT,LONG,2023-03-17 16:00:00,16,1959.33,50.24000000000001,9.799999999999955,256.41418239908546,50.01709768135002,True,2023-03-20 22:00:00,16,False,,,
XAUUSD.mg,82,state_reinforcement,STATE_REINFORCEMENT,LONG,2023-03-23 14:00:00,16,1983.84,19.230000000000018,17.50999999999999,96.93322042100178,88.26316638438578,True,2023-03-24 20:00:00,16,False,,,
XAUUSD.mg,89,state_reinforcement,STATE_REINFORCEMENT,LONG,2023-03-29 02:00:00,16,1968.94,3.740000000000009,13.759999999999991,18.994992229321408,69.88531900413416,False,2023-03-30 08:00:00,16,False,,,
XAUUSD.mg,102,state_reinforcement,STATE_REINFORCEMENT,LONG,2023-04-11 14:00:00,16,2001.16,26.899999999999864,5.810000000000173,134.42203521957197,29.033160766756147,True,2023-04-12 20:00:00,16,False,,,
XAUUSD.mg,104,state_reinforcement,STATE_REINFORCEMENT,LONG,2023-04-12 04:00:00,16,2017.04,11.920000000000073,15.8599999999999,59.09649783841705,78.63007178836266,False,2023-04-13 10:00:00,16,False,,,
XAUUSD.mg,111,state_reinforcement,STATE_REINFORCEMENT,LONG,2023-04-17 06:00:00,16,2011.09,3.740000000000009,30.169999999999845,18.596880298743514,150.01814936178812,False,2023-04-18 12:00:00,16,False,,,
XAUUSD.mg,137,state_reinforcement,STATE_REINFORCEMENT,LONG,2023-05-08 04:00:00,16,2022.99,6.119999999999891,6.920000000000073,30.252250381859973,34.20679291543741,False,2023-05-09 10:00:00,16,False,,,
XAUUSD.mg,159,state_reinforcement,STATE_REINFORCEMENT,LONG,2023-05-30 14:00:00,16,1952.4,22.0,1.8600000000001273,112.6818274943659,9.526736324524315,True,2023-05-31 20:00:00,16,False,,,
XAUUSD.mg,170,state_reinforcement,STATE_REINFORCEMENT,LONG,2023-06-08 06:00:00,16,1945.57,24.50999999999999,3.1799999999998363,125.97850501395475,16.34482439593454,True,2023-06-09 12:00:00,16,False,,,
XAUUSD.mg,172,state_reinforcement,STATE_REINFORCEMENT,LONG,2023-06-08 20:00:00,16,1964.6,8.080000000000155,9.409999999999854,41.12796498014942,47.89779089890998,False,2023-06-12 02:00:00,16,False,,,
XAUUSD.mg,178,state_reinforcement,STATE_REINFORCEMENT,LONG,2023-06-14 04:00:00,16,1948.9,11.0,20.310000000000173,56.442095541074444,104.21263276720289,False,2023-06-15 10:00:00,16,False,,,
XAUUSD.mg,194,state_reinforcement,STATE_REINFORCEMENT,LONG,2023-06-23 18:00:00,16,1920.45,12.5,2.900000000000091,65.08891145304486,15.10062745710688,True,2023-06-27 00:00:00,16,False,,,
XAUUSD.mg,209,state_reinforcement,STATE_REINFORCEMENT,LONG,2023-06-30 18:00:00,16,1918.21,12.389999999999873,8.490000000000009,64.59146808743502,44.260013241511665,True,2023-07-04 00:00:00,16,False,,,
XAUUSD.mg,214,state_reinforcement,STATE_REINFORCEMENT,LONG,2023-07-04 10:00:00,16,1929.37,5.25,10.759999999999991,27.210954871279228,55.76949988856462,False,2023-07-05 18:00:00,16,False,,,
XAUUSD.mg,221,state_reinforcement,STATE_REINFORCEMENT,LONG,2023-07-12 18:00:00,16,1956.86,6.410000000000082,4.789999999999964,32.75655897713726,24.477990249685536,True,2023-07-14 00:00:00,16,False,,,
XAUUSD.mg,230,state_reinforcement,STATE_REINFORCEMENT,LONG,2023-07-18 12:00:00,16,1962.67,21.299999999999955,2.269999999999982,108.5256309007625,11.565877095996687,True,2023-07-19 18:00:00,16,False,,,
XAUUSD.mg,243,state_reinforcement,STATE_REINFORCEMENT,LONG,2023-07-26 16:00:00,16,1971.99,9.789999999999964,29.769999999999982,49.64528217688712,150.9642543826286,False,2023-07-27 22:00:00,16,False,,,
XAUUSD.mg,246,state_reinforcement,STATE_REINFORCEMENT,LONG,2023-07-31 18:00:00,16,1970.61,1.290000000000191,29.75,6.5461963554442075,150.96848184064834,False,2023-08-02 00:00:00,16,False,,,
XAUUSD.mg,261,state_reinforcement,STATE_REINFORCEMENT,LONG,2023-08-10 04:00:00,16,1918.29,11.440000000000055,7.7999999999999545,59.636447043982166,40.661213893623774,True,2023-08-11 10:00:00,16,False,,,
XAUUSD.mg,278,state_reinforcement,STATE_REINFORCEMENT,LONG,2023-08-23 18:00:00,16,1917.61,5.350000000000136,6.189999999999827,27.899312164622298,32.279764915701456,False,2023-08-25 00:00:00,16,False,,,
XAUUSD.mg,288,state_reinforcement,STATE_REINFORCEMENT,LONG,2023-08-30 16:00:00,16,1944.56,4.0900000000001455,5.899999999999864,21.033035751018975,30.341054017360555,False,2023-08-31 22:00:00,16,False,,,
XAUUSD.mg,294,state_reinforcement,STATE_REINFORCEMENT,LONG,2023-09-06 06:00:00,16,1927.84,0.9400000000000546,12.939999999999827,4.875923313138303,67.12175284255865,False,2023-09-07 12:00:00,16,False,,,
XAUUSD.mg,311,state_reinforcement,STATE_REINFORCEMENT,LONG,2023-09-15 16:00:00,16,1926.05,7.759999999999991,4.079999999999927,40.28971210508549,21.18325069442604,True,2023-09-18 22:00:00,16,False,,,
XAUUSD.mg,313,state_reinforcement,STATE_REINFORCEMENT,LONG,2023-09-18 06:00:00,16,1929.47,6.930000000000064,7.019999999999982,35.916598858754284,36.38304819458184,False,2023-09-19 12:00:00,16,False,,,
XAUUSD.mg,315,state_reinforcement,STATE_REINFORCEMENT,LONG,2023-09-19 14:00:00,16,1934.38,12.639999999999873,6.810000000000173,65.34393449063717,35.20507862984611,True,2023-09-20 20:00:00,16,False,,,
XAUUSD.mg,336,state_reinforcement,STATE_REINFORCEMENT,LONG,2023-10-06 20:00:00,16,1829.05,35.91000000000008,0.4900000000000091,196.33142888384725,2.678986359038895,True,2023-10-10 02:00:00,16,False,,,
XAUUSD.mg,338,state_reinforcement,STATE_REINFORCEMENT,LONG,2023-10-11 12:00:00,16,1870.64,14.079999999999927,3.6000000000001364,75.2683573536326,19.244750459736434,True,2023-10-12 18:00:00,16,False,,,
XAUUSD.mg,341,state_reinforcement,STATE_REINFORCEMENT,LONG,2023-10-13 16:00:00,16,1922.59,7.779999999999973,14.929999999999836,40.466246053500605,77.65566241372231,False,2023-10-16 22:00:00,16,False,,,
XAUUSD.mg,350,state_reinforcement,STATE_REINFORCEMENT,LONG,2023-10-20 08:00:00,16,1979.78,17.029999999999973,15.819999999999936,86.01965874996198,79.9078685510508,True,2023-10-23 14:00:00,16,False,,,
XAUUSD.mg,369,state_reinforcement,STATE_REINFORCEMENT,LONG,2023-11-01 14:00:00,16,1985.35,6.730000000000018,15.86999999999989,33.89830508474586,79.93552774070008,False,2023-11-02 20:00:00,16,False,,,
XAUUSD.mg,384,state_reinforcement,STATE_REINFORCEMENT,LONG,2023-11-13 06:00:00,16,1938.77,10.049999999999955,7.539999999999964,51.83698943144342,38.890636847072955,True,2023-11-14 12:00:00,16,False,,,
XAUUSD.mg,389,state_reinforcement,STATE_REINFORCEMENT,LONG,2023-11-14 18:00:00,16,1961.84,13.070000000000164,6.769999999999982,66.62113118297192,34.50842066631317,True,2023-11-16 00:00:00,16,False,,,
XAUUSD.mg,391,state_reinforcement,STATE_REINFORCEMENT,LONG,2023-11-16 20:00:00,16,1982.94,10.079999999999927,9.88000000000011,50.83361069926436,49.82500731237511,True,2023-11-20 02:00:00,16,False,,,
XAUUSD.mg,407,state_reinforcement,STATE_REINFORCEMENT,LONG,2023-12-04 00:00:00,16,2123.23,26.559999999999945,103.46000000000004,125.09242992987075,487.27646086387267,False,2023-12-05 06:00:00,16,False,,,
XAUUSD.mg,413,state_reinforcement,STATE_REINFORCEMENT,LONG,2023-12-11 06:00:00,16,1998.44,1.7300000000000182,22.970000000000027,8.65675226676817,114.93965292928497,False,2023-12-12 12:00:00,16,False,,,
XAUUSD.mg,417,state_reinforcement,STATE_REINFORCEMENT,LONG,2023-12-14 00:00:00,16,2032.49,15.029999999999973,8.519999999999982,73.94870331465332,41.91902543185935,True,2023-12-15 06:00:00,16,False,,,
XAUUSD.mg,424,state_reinforcement,STATE_REINFORCEMENT,LONG,2023-12-19 20:00:00,16,2039.13,3.9299999999998363,12.02000000000021,19.272925218106916,58.946707664544235,False,2023-12-21 02:00:00,16,False,,,
XAUUSD.mg,426,state_reinforcement,STATE_REINFORCEMENT,LONG,2023-12-20 08:00:00,16,2041.88,3.6799999999998363,14.77000000000021,18.022606617430192,72.33529884224444,False,2023-12-21 14:00:00,16,False,,,
XAUUSD.mg,433,state_reinforcement,STATE_REINFORCEMENT,LONG,2023-12-27 20:00:00,16,2077.14,10.930000000000291,12.859999999999673,52.62043001434805,61.91205214862587,False,2023-12-29 02:00:00,16,False,,,
XAUUSD.mg,442,state_reinforcement,STATE_REINFORCEMENT,LONG,2024-01-04 04:00:00,16,2044.28,6.279999999999973,8.450000000000045,30.71986224978952,41.334846498522936,False,2024-01-05 10:00:00,16,False,,,
XAUUSD.mg,450,state_reinforcement,STATE_REINFORCEMENT,LONG,2024-01-12 18:00:00,16,2043.53,14.700000000000045,2.4500000000000455,71.93434889627285,11.989058149378995,True,2024-01-16 02:00:00,16,False,,,
XAUUSD.mg,458,state_reinforcement,STATE_REINFORCEMENT,LONG,2024-01-19 08:00:00,16,2027.66,11.319999999999936,8.8900000000001,55.82790014104898,43.84364242525916,True,2024-01-22 14:00:00,16,False,,,
XAUUSD.mg,481,state_reinforcement,STATE_REINFORCEMENT,LONG,2024-02-06 18:00:00,16,2036.67,7.490000000000009,6.440000000000055,36.77571722468544,31.620242847393314,True,2024-02-08 00:00:00,16,False,,,
XAUUSD.mg,493,state_reinforcement,STATE_REINFORCEMENT,LONG,2024-02-19 02:00:00,16,2019.43,5.339999999999918,6.529999999999973,26.44310523266426,32.3358571478089,False,2024-02-20 10:00:00,16,False,,,
XAUUSD.mg,506,state_reinforcement,STATE_REINFORCEMENT,LONG,2024-03-01 20:00:00,16,2084.87,34.65000000000009,5.789999999999964,166.19741278832777,27.771515729997382,True,2024-03-05 02:00:00,16,False,,,
XAUUSD.mg,511,state_reinforcement,STATE_REINFORCEMENT,LONG,2024-03-06 16:00:00,16,2140.69,23.59999999999991,8.820000000000164,110.24482760231471,41.201668620865995,True,2024-03-07 22:00:00,16,False,,,
XAUUSD.mg,532,state_reinforcement,STATE_REINFORCEMENT,LONG,2024-03-28 06:00:00,16,2196.9,68.42000000000007,6.430000000000291,311.4388456461381,29.268514725296054,True,2024-04-01 12:00:00,16,False,,,
XAUUSD.mg,535,state_reinforcement,STATE_REINFORCEMENT,LONG,2024-04-02 16:00:00,16,2258.21,42.529999999999745,7.720000000000255,188.33500870158107,34.18636884966524,True,2024-04-03 22:00:00,16,False,,,
XAUUSD.mg,538,state_reinforcement,STATE_REINFORCEMENT,LONG,2024-04-03 20:00:00,16,2297.12,8.070000000000164,29.699999999999818,35.13094657658357,129.292331266977,False,2024-04-05 02:00:00,16,False,,,
XAUUSD.mg,542,state_reinforcement,STATE_REINFORCEMENT,LONG,2024-04-05 20:00:00,16,2322.84,30.81999999999971,20.26000000000022,132.68240602021538,87.22081589778124,True,2024-04-09 02:00:00,16,False,,,
XAUUSD.mg,544,state_reinforcement,STATE_REINFORCEMENT,LONG,2024-04-08 10:00:00,16,2337.09,27.829999999999927,18.700000000000273,119.07971023794516,80.01403454723726,True,2024-04-09 16:00:00,16,False,,,
XAUUSD.mg,552,state_reinforcement,STATE_REINFORCEMENT,LONG,2024-04-12 02:00:00,16,2390.35,40.73000000000002,56.90000000000009,170.3934570251219,238.04045432677262,False,2024-04-15 08:00:00,16,False,,,
XAUUSD.mg,557,state_reinforcement,STATE_REINFORCEMENT,LONG,2024-04-19 02:00:00,16,2408.92,8.539999999999964,57.76999999999998,35.45157165866846,239.81701343340575,False,2024-04-22 08:00:00,16,False,,,
XAUUSD.mg,574,state_reinforcement,STATE_REINFORCEMENT,LONG,2024-05-10 14:00:00,16,2367.28,8.139999999999873,35.340000000000146,34.38545503700396,149.28525565205697,False,2024-05-13 20:00:00,16,False,,,
XAUUSD.mg,577,state_reinforcement,STATE_REINFORCEMENT,LONG,2024-05-14 04:00:00,16,2342.74,31.16000000000031,7.019999999999982,133.00665033251795,29.964912879790255,True,2024-05-15 10:00:00,16,False,,,
XAUUSD.mg,585,state_reinforcement,STATE_REINFORCEMENT,LONG,2024-05-24 14:00:00,16,2337.16,20.940000000000055,5.670000000000073,89.59591983432908,24.26021325026987,True,2024-05-27 20:00:00,16,False,,,
XAUUSD.mg,603,state_reinforcement,STATE_REINFORCEMENT,LONG,2024-06-10 12:00:00,16,2304.7,14.800000000000182,9.759999999999764,64.21660085911478,42.34824489087415,True,2024-06-11 18:00:00,16,False,,,
XAUUSD.mg,608,state_reinforcement,STATE_REINFORCEMENT,LONG,2024-06-14 16:00:00,16,2325.71,9.4699999999998,16.039999999999964,40.71874825322073,68.96818605931077,False,2024-06-17 22:00:00,16,False,,,
XAUUSD.mg,629,state_reinforcement,STATE_REINFORCEMENT,LONG,2024-07-03 14:00:00,16,2355.12,9.440000000000055,10.579999999999927,40.082883250110626,44.923400930737834,False,2024-07-04 20:00:00,16,False,,,
XAUUSD.mg,633,state_reinforcement,STATE_REINFORCEMENT,LONG,2024-07-05 16:00:00,16,2384.33,8.170000000000073,33.57999999999993,34.26539111616292,140.83620975284433,False,2024-07-08 22:00:00,16,False,,,
XAUUSD.mg,639,state_reinforcement,STATE_REINFORCEMENT,LONG,2024-07-11 18:00:00,16,2413.3,5.569999999999709,22.220000000000255,23.080429287696134,92.07309493225148,False,2024-07-15 00:00:00,16,False,,,
XAUUSD.mg,643,state_reinforcement,STATE_REINFORCEMENT,LONG,2024-07-15 16:00:00,16,2432.94,36.32999999999993,15.13000000000011,149.32550741078666,62.18813452037497,True,2024-07-16 22:00:00,16,False,,,
XAUUSD.mg,645,state_reinforcement,STATE_REINFORCEMENT,LONG,2024-07-16 06:00:00,16,2431.54,50.42000000000007,6.7599999999997635,207.3582996783934,27.801311103250463,True,2024-07-17 12:00:00,16,False,,,
XAUUSD.mg,654,state_reinforcement,STATE_REINFORCEMENT,LONG,2024-07-26 18:00:00,16,2383.06,19.809999999999945,13.75,83.12841472728319,57.69892491166819,True,2024-07-30 00:00:00,16,False,,,
XAUUSD.mg,659,state_reinforcement,STATE_REINFORCEMENT,LONG,2024-07-31 16:00:00,16,2422.7,39.18000000000029,3.8799999999996544,161.72039460106615,16.015189664422564,True,2024-08-01 22:00:00,16,False,,,
XAUUSD.mg,668,state_reinforcement,STATE_REINFORCEMENT,LONG,2024-08-08 20:00:00,16,2423.19,13.449999999999818,6.670000000000073,55.505346258443694,27.52569959433669,True,2024-08-12 02:00:00,16,False,,,
XAUUSD.mg,670,state_reinforcement,STATE_REINFORCEMENT,LONG,2024-08-12 10:00:00,16,2442.28,34.25,3.0100000000002183,140.23781057045056,12.32454919173976,True,2024-08-13 16:00:00,16,False,,,
XAUUSD.mg,683,state_reinforcement,STATE_REINFORCEMENT,LONG,2024-08-23 02:00:00,16,2490.48,30.88000000000011,4.369999999999891,123.99216215348089,17.546818284025132,True,2024-08-26 08:00:00,16,False,,,
XAUUSD.mg,701,state_reinforcement,STATE_REINFORCEMENT,LONG,2024-09-05 14:00:00,16,2514.64,14.120000000000346,29.84999999999991,56.151178697548545,118.7048643145735,False,2024-09-06 20:00:00,16,False,,,
XAUUSD.mg,703,state_reinforcement,STATE_REINFORCEMENT,LONG,2024-09-10 20:00:00,16,2516.88,11.75,16.329999999999927,46.68478433616223,64.88191729442772,False,2024-09-12 02:00:00,16,False,,,
XAUUSD.mg,707,state_reinforcement,STATE_REINFORCEMENT,LONG,2024-09-13 14:00:00,16,2577.65,11.610000000000127,11.970000000000255,45.04102574050056,46.43764669369485,False,2024-09-16 20:00:00,16,False,,,
XAUUSD.mg,713,state_reinforcement,STATE_REINFORCEMENT,LONG,2024-09-20 16:00:00,16,2622.39,12.050000000000182,18.019999999999982,45.950449780544396,68.71594232741882,False,2024-09-23 22:00:00,16,False,,,
XAUUSD.mg,732,state_reinforcement,STATE_REINFORCEMENT,LONG,2024-10-01 18:00:00,16,2662.02,10.740000000000236,21.2800000000002,40.34530168819256,79.93929422017942,False,2024-10-03 00:00:00,16,False,,,
XAUUSD.mg,742,state_reinforcement,STATE_REINFORCEMENT,LONG,2024-10-11 02:00:00,16,2637.45,28.980000000000018,5.789999999999964,109.87886026275388,21.95302280611941,True,2024-10-14 08:00:00,16,False,,,
XAUUSD.mg,751,state_reinforcement,STATE_REINFORCEMENT,LONG,2024-10-18 02:00:00,16,2704.28,33.41999999999962,11.830000000000382,123.58187761622175,43.74547014362559,True,2024-10-21 12:00:00,16,False,,,
XAUUSD.mg,753,state_reinforcement,STATE_REINFORCEMENT,LONG,2024-10-21 12:00:00,16,2734.08,13.860000000000127,20.289999999999964,50.69346910112406,74.2114349250935,False,2024-10-22 18:00:00,16,False,,,
XAUUSD.mg,755,state_reinforcement,STATE_REINFORCEMENT,LONG,2024-10-22 20:00:00,16,2747.99,10.100000000000364,39.58999999999969,36.75413665988728,144.06893765988846,False,2024-10-24 02:00:00,16,False,,,
XAUUSD.mg,765,state_reinforcement,STATE_REINFORCEMENT,LONG,2024-10-29 18:00:00,16,2769.38,20.190000000000055,5.579999999999927,72.90440459597474,20.148914197401318,True,2024-10-31 00:00:00,16,False,,,
XAUUSD.mg,790,state_reinforcement,STATE_REINFORCEMENT,LONG,2024-11-20 20:00:00,16,2650.51,28.549999999999727,5.450000000000273,107.71511897710148,20.56208050526228,True,2024-11-22 02:00:00,16,False,,,
XAUUSD.mg,792,state_reinforcement,STATE_REINFORCEMENT,LONG,2024-11-21 08:00:00,16,2662.73,47.00999999999976,6.550000000000182,176.54812917569475,24.598813999166953,True,2024-11-22 14:00:00,16,False,,,
XAUUSD.mg,795,state_reinforcement,STATE_REINFORCEMENT,LONG,2024-11-22 18:00:00,16,2706.45,14.5,101.57999999999993,53.57571726800791,375.32561104029236,False,2024-11-26 00:00:00,16,False,,,
XAUUSD.mg,799,state_reinforcement,STATE_REINFORCEMENT,LONG,2024-11-26 12:00:00,16,2632.86,24.949999999999818,16.440000000000055,94.76386894859513,62.44160342745172,True,2024-11-27 18:00:00,16,False,,,
XAUUSD.mg,801,state_reinforcement,STATE_REINFORCEMENT,LONG,2024-11-27 12:00:00,16,2650.75,7.059999999999945,30.210000000000036,26.633971517494842,113.9677449778366,False,2024-11-28 18:00:00,16,False,,,
XAUUSD.mg,805,state_reinforcement,STATE_REINFORCEMENT,LONG,2024-11-29 08:00:00,16,2660.2,5.680000000000291,38.69999999999982,21.35177806180096,145.47778362529067,False,2024-12-02 16:00:00,16,False,,,
XAUUSD.mg,812,state_reinforcement,STATE_REINFORCEMENT,LONG,2024-12-09 16:00:00,16,2667.92,27.269999999999982,11.599999999999909,102.21445920417396,43.47956460463548,True,2024-12-10 22:00:00,16,False,,,
XAUUSD.mg,826,state_reinforcement,STATE_REINFORCEMENT,LONG,2024-12-23 08:00:00,16,2629.9,2.9899999999997817,22.139999999999873,11.369253583785625,84.18571048328785,False,2024-12-24 14:00:00,16,False,,,
XAUUSD.mg,834,state_reinforcement,STATE_REINFORCEMENT,LONG,2024-12-31 20:00:00,16,2623.39,38.68000000000029,2.0599999999999454,147.44281254407576,7.852435207879672,True,2025-01-03 02:00:00,16,False,,,
XAUUSD.mg,847,state_reinforcement,STATE_REINFORCEMENT,LONG,2025-01-10 06:00:00,16,2674.61,22.84999999999991,10.890000000000327,85.43301640239103,40.71621656989366,True,2025-01-13 12:00:00,16,False,,,
XAUUSD.mg,852,state_reinforcement,STATE_REINFORCEMENT,LONG,2025-01-14 02:00:00,16,2670.4,13.329999999999927,10.889999999999873,49.91761533852579,40.78040742959808,True,2025-01-15 08:00:00,16,False,,,
XAUUSD.mg,854,state_reinforcement,STATE_REINFORCEMENT,LONG,2025-01-15 14:00:00,16,2693.5,30.84999999999991,17.159999999999854,114.53499164655618,63.70892890291389,True,2025-01-16 20:00:00,16,False,,,
XAUUSD.mg,856,state_reinforcement,STATE_REINFORCEMENT,LONG,2025-01-16 18:00:00,16,2721.38,2.9699999999998,30.440000000000055,10.91358060983692,111.85501473517132,False,2025-01-20 00:00:00,16,False,,,
XAUUSD.mg,860,state_reinforcement,STATE_REINFORCEMENT,LONG,2025-01-21 06:00:00,16,2725.8,37.179999999999836,9.670000000000073,136.4003228410002,35.4758236114171,True,2025-01-22 12:00:00,16,False,,,
XAUUSD.mg,865,state_reinforcement,STATE_REINFORCEMENT,LONG,2025-01-24 16:00:00,16,2775.54,10.070000000000164,45.40000000000009,36.28122815740419,163.57177342066802,False,2025-01-27 22:00:00,16,False,,,
XAUUSD.mg,873,state_reinforcement,STATE_REINFORCEMENT,LONG,2025-01-30 16:00:00,16,2795.06,21.679999999999836,15.36999999999989,77.5654189892161,54.98987499373857,True,2025-01-31 22:00:00,16,False,,,
XAUUSD.mg,883,state_reinforcement,STATE_REINFORCEMENT,LONG,2025-02-05 08:00:00,16,2863.78,18.169999999999618,15.190000000000055,63.44761119918296,53.041783935917046,True,2025-02-06 14:00:00,16,False,,,
XAUUSD.mg,891,state_reinforcement,STATE_REINFORCEMENT,LONG,2025-02-13 16:00:00,16,2919.85,19.800000000000182,43.17000000000007,67.81170265595898,147.85006079079432,False,2025-02-14 22:00:00,16,False,,,
XAUUSD.mg,896,state_reinforcement,STATE_REINFORCEMENT,LONG,2025-02-18 18:00:00,16,2930.94,15.820000000000164,12.5300000000002,53.975857574703554,42.75078984899111,True,2025-02-20 00:00:00,16,False,,,
XAUUSD.mg,921,state_reinforcement,STATE_REINFORCEMENT,LONG,2025-03-12 20:00:00,16,2931.17,58.73000000000002,0.5100000000002183,200.36367730292008,1.7399195543084103,True,2025-03-14 02:00:00,16,False,,,
XAUUSD.mg,923,state_reinforcement,STATE_REINFORCEMENT,LONG,2025-03-14 10:00:00,16,2998.51,6.1899999999996,20.240000000000236,20.643586314534886,67.50019176190919,False,2025-03-17 16:00:00,16,False,,,
XAUUSD.mg,928,state_reinforcement,STATE_REINFORCEMENT,LONG,2025-03-18 08:00:00,16,3016.26,28.859999999999673,5.900000000000091,95.6814067752769,19.560647954752213,True,2025-03-19 14:00:00,16,False,,,
XAUUSD.mg,942,state_reinforcement,STATE_REINFORCEMENT,LONG,2025-03-27 16:00:00,16,3051.94,34.61000000000013,11.429999999999836,113.4032779150315,37.45158817014698,True,2025-03-28 22:00:00,16,False,,,
XAUUSD.mg,946,state_reinforcement,STATE_REINFORCEMENT,LONG,2025-03-31 08:00:00,16,3124.33,24.420000000000073,24.639999999999873,78.16075766644393,78.86490863641123,False,2025-04-01 14:00:00,16,False,,,
XAUUSD.mg,960,state_reinforcement,STATE_REINFORCEMENT,LONG,2025-04-09 18:00:00,16,3059.89,131.1600000000003,11.519999999999982,428.64285971064425,37.648412197824044,True,2025-04-11 00:00:00,16,False,,,
XAUUSD.mg,962,state_reinforcement,STATE_REINFORCEMENT,LONG,2025-04-11 02:00:00,16,3206.93,38.48000000000002,22.09999999999991,119.99014633933395,68.91325972191444,True,2025-04-14 08:00:00,16,False,,,
XAUUSD.mg,966,state_reinforcement,STATE_REINFORCEMENT,LONG,2025-04-16 02:00:00,16,3269.93,87.58000000000038,18.309999999999945,267.83447963718,55.995082463538814,True,2025-04-17 08:00:00,16,False,,,
XAUUSD.mg,969,state_reinforcement,STATE_REINFORCEMENT,LONG,2025-04-21 10:00:00,16,3394.63,105.13000000000011,11.140000000000327,309.6950183083285,32.81653670650506,True,2025-04-22 16:00:00,16,False,,,
XAUUSD.mg,986,state_reinforcement,STATE_REINFORCEMENT,LONG,2025-05-05 16:00:00,16,3311.77,122.99000000000024,6.300000000000182,371.3724081080517,19.023060176280907,True,2025-05-06 22:00:00,16,False,,,
XAUUSD.mg,1000,state_reinforcement,STATE_REINFORCEMENT,LONG,2025-05-20 18:00:00,16,3286.29,38.30000000000018,11.239999999999782,116.54479671605421,34.20270274382292,True,2025-05-22 00:00:00,16,False,,,
XAUUSD.mg,1002,state_reinforcement,STATE_REINFORCEMENT,LONG,2025-05-21 20:00:00,16,3318.07,27.039999999999964,39.070000000000164,81.49315716666605,117.7491734652981,False,2025-05-23 02:00:00,16,False,,,
XAUUSD.mg,1004,state_reinforcement,STATE_REINFORCEMENT,LONG,2025-05-23 18:00:00,16,3362.46,3.199999999999818,39.07999999999993,9.51684183603617,116.22443092259812,False,2025-05-27 02:00:00,16,False,,,
XAUUSD.mg,1014,state_reinforcement,STATE_REINFORCEMENT,LONG,2025-06-03 02:00:00,16,3372.47,15.980000000000018,39.5,47.38366834990384,117.12483728543175,False,2025-06-04 08:00:00,16,False,,,
XAUUSD.mg,1023,state_reinforcement,STATE_REINFORCEMENT,LONG,2025-06-12 02:00:00,16,3370.79,73.47000000000025,32.320000000000164,217.96077477386683,95.88256758801398,True,2025-06-13 08:00:00,16,False,,,
XAUUSD.mg,1025,state_reinforcement,STATE_REINFORCEMENT,LONG,2025-06-13 18:00:00,16,3430.15,20.860000000000127,47.590000000000146,60.81366704080033,138.74028832558386,False,2025-06-17 00:00:00,16,False,,,
XAUUSD.mg,1048,state_reinforcement,STATE_REINFORCEMENT,LONG,2025-07-01 04:00:00,16,3320.87,36.92000000000007,6.6599999999998545,111.17568588954121,20.054985591124776,True,2025-07-02 10:00:00,16,False,,,
XAUUSD.mg,1060,state_reinforcement,STATE_REINFORCEMENT,LONG,2025-07-10 10:00:00,16,3326.19,42.25999999999976,16.26000000000022,127.05227302108347,48.88476004076802,True,2025-07-11 16:00:00,16,False,,,
XAUUSD.mg,1065,state_reinforcement,STATE_REINFORCEMENT,LONG,2025-07-14 06:00:00,16,3357.39,17.34999999999991,16.59999999999991,51.67704675357915,49.44316865183941,True,2025-07-15 12:00:00,16,False,,,
XAUUSD.mg,1067,state_reinforcement,STATE_REINFORCEMENT,LONG,2025-07-16 08:00:00,16,3337.59,39.38999999999987,28.0,118.01928936747734,83.89286880653405,True,2025-07-17 14:00:00,16,False,,,
XAUUSD.mg,1072,state_reinforcement,STATE_REINFORCEMENT,LONG,2025-07-18 16:00:00,16,3353.44,47.76999999999998,8.670000000000073,142.4507371534901,25.854048380171026,True,2025-07-21 22:00:00,16,False,,,
XAUUSD.mg,1076,state_reinforcement,STATE_REINFORCEMENT,LONG,2025-07-22 20:00:00,16,3431.34,7.349999999999909,50.070000000000164,21.420203185927097,145.9196698665832,False,2025-07-24 02:00:00,16,False,,,
XAUUSD.mg,1084,state_reinforcement,STATE_REINFORCEMENT,LONG,2025-08-01 18:00:00,16,3347.98,37.15000000000009,7.619999999999891,110.96243107784423,22.759992592548016,True,2025-08-05 00:00:00,16,False,,,
XAUUSD.mg,1106,state_reinforcement,STATE_REINFORCEMENT,LONG,2025-08-20 18:00:00,16,3346.67,5.210000000000036,21.720000000000255,15.567713577974633,64.90033376460856,False,2025-08-22 00:00:00,16,False,,,
XAUUSD.mg,1115,state_reinforcement,STATE_REINFORCEMENT,LONG,2025-08-28 16:00:00,16,3410.69,42.88999999999987,6.539999999999964,125.75168074495153,19.175005644019137,True,2025-08-29 22:00:00,16,False,,,
XAUUSD.mg,1118,state_reinforcement,STATE_REINFORCEMENT,LONG,2025-08-29 18:00:00,16,3443.6,64.82000000000016,6.819999999999709,188.23324427924314,19.804855383899724,True,2025-09-02 02:00:00,16,False,,,
XAUUSD.mg,1125,state_reinforcement,STATE_REINFORCEMENT,LONG,2025-09-05 18:00:00,16,3596.21,49.90000000000009,16.75,138.75719159893356,46.57681281126519,True,2025-09-09 00:00:00,16,False,,,
XAUUSD.mg,1128,state_reinforcement,STATE_REINFORCEMENT,LONG,2025-09-08 16:00:00,16,3639.1,35.289999999999964,13.269999999999982,96.97452666868172,36.46506004231811,True,2025-09-09 22:00:00,16,False,,,
XAUUSD.mg,1137,state_reinforcement,STATE_REINFORCEMENT,LONG,2025-09-12 08:00:00,16,3648.12,15.930000000000291,21.789999999999964,43.66632676556772,59.729394866396845,False,2025-09-15 14:00:00,16,False,,,
XAUUSD.mg,1140,state_reinforcement,STATE_REINFORCEMENT,LONG,2025-09-15 18:00:00,16,3681.48,21.320000000000164,7.039999999999964,57.9114921173011,19.12274411378023,True,2025-09-17 00:00:00,16,False,,,
XAUUSD.mg,1148,state_reinforcement,STATE_REINFORCEMENT,LONG,2025-09-19 18:00:00,16,3678.5,70.44999999999982,12.059999999999945,191.5182819083861,32.78510262335176,True,2025-09-23 00:00:00,16,False,,,
XAUUSD.mg,1153,state_reinforcement,STATE_REINFORCEMENT,LONG,2025-09-26 18:00:00,16,3782.68,51.340000000000146,21.829999999999927,135.72387830850124,57.71040637854624,True,2025-09-30 00:00:00,16,False,,,
XAUUSD.mg,1155,state_reinforcement,STATE_REINFORCEMENT,LONG,2025-09-29 10:00:00,16,3807.25,64.26000000000022,14.309999999999945,168.7832424978665,37.5861842537263,True,2025-09-30 16:00:00,16,False,,,
XAUUSD.mg,1157,state_reinforcement,STATE_REINFORCEMENT,LONG,2025-09-30 06:00:00,16,3869.62,25.43000000000029,76.67999999999984,65.71704715191748,198.15899235583814,False,2025-10-01 12:00:00,16,False,,,
XAUUSD.mg,1164,state_reinforcement,STATE_REINFORCEMENT,LONG,2025-10-06 18:00:00,16,3957.62,42.32999999999993,16.88000000000011,106.95822236596723,42.65189684709525,True,2025-10-08 02:00:00,16,False,,,
XAUUSD.mg,1169,state_reinforcement,STATE_REINFORCEMENT,LONG,2025-10-08 16:00:00,16,4045.4,13.650000000000091,100.75,33.74202798239999,249.0483017748554,False,2025-10-09 22:00:00,16,False,,,
XAUUSD.mg,1176,state_reinforcement,STATE_REINFORCEMENT,LONG,2025-10-14 02:00:00,16,4136.96,72.57999999999993,46.659999999999854,175.44283725247507,112.78813428217786,True,2025-10-15 08:00:00,16,False,,,
XAUUSD.mg,1182,state_reinforcement,STATE_REINFORCEMENT,LONG,2025-10-16 18:00:00,16,4293.65,85.3700000000008,107.17000000000007,198.82850255610217,249.60115519429877,False,2025-10-20 02:00:00,16,False,,,
XAUUSD.mg,1185,state_reinforcement,STATE_REINFORCEMENT,LONG,2025-10-20 18:00:00,16,4347.18,33.9399999999996,264.85000000000036,78.07360173721722,609.2455338863363,False,2025-10-22 00:00:00,16,False,,,
XAUUSD.mg,1203,state_reinforcement,STATE_REINFORCEMENT,LONG,2025-11-06 12:00:00,16,4017.96,9.179999999999836,52.460000000000036,22.847415106172875,130.56376867863304,False,2025-11-07 18:00:00,16,False,,,
XAUUSD.mg,1207,state_reinforcement,STATE_REINFORCEMENT,LONG,2025-11-12 20:00:00,16,4197.21,47.64000000000033,52.07999999999993,113.50397049468653,124.08242618310717,False,2025-11-14 02:00:00,16,False,,,
XAUUSD.mg,1209,state_reinforcement,STATE_REINFORCEMENT,LONG,2025-11-13 08:00:00,16,4219.68,25.170000000000073,178.6800000000003,59.64907291548191,423.44443180525604,False,2025-11-14 14:00:00,16,False,,,
XAUUSD.mg,1218,state_reinforcement,STATE_REINFORCEMENT,LONG,2025-11-19 10:00:00,16,4113.11,19.51000000000022,74.4699999999998,47.43369372567283,181.055211263496,False,2025-11-20 16:00:00,16,False,,,
XAUUSD.mg,1227,state_reinforcement,STATE_REINFORCEMENT,LONG,2025-11-25 00:00:00,16,4143.59,25.649999999999636,34.18000000000029,61.90284270403113,82.48885628163089,False,2025-11-26 06:00:00,16,False,,,
XAUUSD.mg,1235,state_reinforcement,STATE_REINFORCEMENT,LONG,2025-11-28 20:00:00,16,4218.94,45.33000000000084,18.8799999999992,107.44404992723489,44.75057715918975,True,2025-12-02 04:00:00,16,False,,,
XAUUSD.mg,1243,state_reinforcement,STATE_REINFORCEMENT,LONG,2025-12-05 14:00:00,16,4234.33,24.779999999999745,58.32999999999993,58.52165513788426,137.7549694993067,False,2025-12-08 20:00:00,16,False,,,
XAUUSD.mg,1250,state_reinforcement,STATE_REINFORCEMENT,LONG,2025-12-11 20:00:00,16,4273.34,80.01000000000022,15.819999999999709,187.23059714415473,37.02022305737364,True,2025-12-15 02:00:00,16,False,,,
XAUUSD.mg,1257,state_reinforcement,STATE_REINFORCEMENT,LONG,2025-12-22 06:00:00,16,4399.89,97.65999999999985,8.700000000000728,221.96009445690655,19.773221603269008,True,2025-12-23 12:00:00,16,False,,,
XAUUSD.mg,1259,state_reinforcement,STATE_REINFORCEMENT,LONG,2025-12-23 06:00:00,16,4475.07,50.45000000000073,44.79999999999927,112.73566670465654,100.11016587449868,True,2025-12-24 12:00:00,16,False,,,
XAUUSD.mg,9,state_reinforcement,STATE_REINFORCEMENT,SHORT,2023-01-09 14:00:00,16,1877.02,9.220000000000027,4.579999999999927,49.12041427368929,24.400379324673832,True,2023-01-10 20:00:00,16,False,,,
XAUUSD.mg,28,state_reinforcement,STATE_REINFORCEMENT,SHORT,2023-01-26 08:00:00,16,1942.04,23.420000000000073,3.7100000000000364,120.59483841733473,19.103622994377233,True,2023-01-27 14:00:00,16,False,,,
XAUUSD.mg,31,state_reinforcement,STATE_REINFORCEMENT,SHORT,2023-01-31 12:00:00,16,1907.21,6.380000000000109,26.0,33.45200580953387,136.3247885654962,False,2023-02-01 18:00:00,16,False,,,
XAUUSD.mg,38,state_reinforcement,STATE_REINFORCEMENT,SHORT,2023-02-03 18:00:00,16,1865.28,5.420000000000073,16.019999999999982,29.057299708355167,85.8852290272773,False,2023-02-07 00:00:00,16,False,,,
XAUUSD.mg,65,state_reinforcement,STATE_REINFORCEMENT,SHORT,2023-03-07 18:00:00,16,1814.5,5.059999999999945,9.759999999999991,27.88647010195616,53.788922568200555,False,2023-03-09 00:00:00,16,False,,,
XAUUSD.mg,110,state_reinforcement,STATE_REINFORCEMENT,SHORT,2023-04-14 18:00:00,16,2003.7,22.779999999999973,11.129999999999882,113.68967410290948,55.54723761042013,True,2023-04-18 00:00:00,16,False,,,
XAUUSD.mg,112,state_reinforcement,STATE_REINFORCEMENT,SHORT,2023-04-17 18:00:00,16,1995.02,7.980000000000018,16.579999999999927,39.99959900151386,83.1069362713152,False,2023-04-19 00:00:00,16,False,,,
XAUUSD.mg,136,state_reinforcement,STATE_REINFORCEMENT,SHORT,2023-05-05 16:00:00,16,2014.95,15.700000000000045,14.159999999999854,77.91756619270971,70.27469664259586,True,2023-05-08 22:00:00,16,False,,,
XAUUSD.mg,149,state_reinforcement,STATE_REINFORCEMENT,SHORT,2023-05-18 18:00:00,16,1958.1,4.5499999999999545,25.690000000000055,23.236811194525075,131.19861089832008,False,2023-05-22 00:00:00,16,False,,,
XAUUSD.mg,166,state_reinforcement,STATE_REINFORCEMENT,SHORT,2023-06-05 06:00:00,16,1944.58,6.829999999999927,19.970000000000027,35.123265692334215,102.69569778564023,False,2023-06-06 12:00:00,16,False,,,
XAUUSD.mg,169,state_reinforcement,STATE_REINFORCEMENT,SHORT,2023-06-08 00:00:00,16,1944.06,4.669999999999845,26.019999999999982,24.02189232842528,133.8436056500313,False,2023-06-09 06:00:00,16,False,,,
XAUUSD.mg,177,state_reinforcement,STATE_REINFORCEMENT,SHORT,2023-06-13 20:00:00,16,1943.18,10.730000000000018,16.720000000000027,55.218765116973294,86.04452495394162,False,2023-06-15 02:00:00,16,False,,,
XAUUSD.mg,185,state_reinforcement,STATE_REINFORCEMENT,SHORT,2023-06-19 16:00:00,16,1950.29,20.899999999999864,6.100000000000136,107.16355003614777,31.27739977131676,True,2023-06-21 00:00:00,16,False,,,
XAUUSD.mg,190,state_reinforcement,STATE_REINFORCEMENT,SHORT,2023-06-21 10:00:00,16,1932.9,20.480000000000018,4.309999999999945,105.9547829685965,22.298101298566635,True,2023-06-22 16:00:00,16,False,,,
XAUUSD.mg,216,state_reinforcement,STATE_REINFORCEMENT,SHORT,2023-07-06 02:00:00,16,1919.08,16.819999999999936,8.160000000000082,87.64616378681418,42.52037434604124,True,2023-07-07 08:00:00,16,False,,,
XAUUSD.mg,238,state_reinforcement,STATE_REINFORCEMENT,SHORT,2023-07-21 08:00:00,16,1963.91,7.470000000000027,7.939999999999827,38.036366228595135,40.42955125234775,False,2023-07-24 14:00:00,16,False,,,
XAUUSD.mg,249,state_reinforcement,STATE_REINFORCEMENT,SHORT,2023-08-01 18:00:00,16,1942.39,9.63000000000011,12.009999999999991,49.57809708657946,61.831043199357445,False,2023-08-03 00:00:00,16,False,,,
XAUUSD.mg,253,state_reinforcement,STATE_REINFORCEMENT,SHORT,2023-08-02 20:00:00,16,1934.87,5.7199999999998,3.6900000000000546,29.562709639406265,19.071048700946598,True,2023-08-04 02:00:00,16,False,,,
XAUUSD.mg,260,state_reinforcement,STATE_REINFORCEMENT,SHORT,2023-08-09 20:00:00,16,1915.16,4.670000000000073,14.569999999999936,24.384385638798182,76.07719459470715,False,2023-08-11 02:00:00,16,False,,,
XAUUSD.mg,279,state_reinforcement,STATE_REINFORCEMENT,SHORT,2023-08-24 14:00:00,16,1915.72,12.289999999999964,7.240000000000009,64.1534253439958,37.792579291336985,True,2023-08-25 20:00:00,16,False,,,
XAUUSD.mg,295,state_reinforcement,STATE_REINFORCEMENT,SHORT,2023-09-06 08:00:00,16,1922.56,7.6599999999998545,6.220000000000027,39.842709720372085,32.352696404793754,True,2023-09-07 14:00:00,16,False,,,
XAUUSD.mg,303,state_reinforcement,STATE_REINFORCEMENT,SHORT,2023-09-12 14:00:00,16,1908.84,3.599999999999909,6.5,18.859621550260417,34.05209446574883,False,2023-09-13 20:00:00,16,False,,,
XAUUSD.mg,324,state_reinforcement,STATE_REINFORCEMENT,SHORT,2023-09-26 18:00:00,16,1900.59,28.449999999999818,2.9500000000000455,149.69035930947663,15.521495956519004,True,2023-09-28 00:00:00,16,False,,,
XAUUSD.mg,331,state_reinforcement,STATE_REINFORCEMENT,SHORT,2023-09-29 20:00:00,16,1847.86,27.74000000000001,2.6900000000000546,150.11959780502858,14.557379888087056,True,2023-10-03 02:00:00,16,False,,,
XAUUSD.mg,333,state_reinforcement,STATE_REINFORCEMENT,SHORT,2023-10-02 06:00:00,16,1839.26,24.3900000000001,6.6099999999999,132.60767917532107,35.93836651696824,True,2023-10-03 12:00:00,16,False,,,
XAUUSD.mg,342,state_reinforcement,STATE_REINFORCEMENT,SHORT,2023-10-16 04:00:00,16,1919.68,11.860000000000127,4.509999999999991,61.78113018836539,23.493498916486033,True,2023-10-17 10:00:00,16,False,,,
XAUUSD.mg,356,state_reinforcement,STATE_REINFORCEMENT,SHORT,2023-10-24 14:00:00,16,1964.17,5.539999999999964,22.689999999999827,28.205297912095,115.5195324233637,False,2023-10-25 20:00:00,16,False,,,
XAUUSD.mg,368,state_reinforcement,STATE_REINFORCEMENT,SHORT,2023-11-01 08:00:00,16,1976.7,7.220000000000027,15.379999999999882,36.52552233520528,77.80644508524249,False,2023-11-02 14:00:00,16,False,,,
XAUUSD.mg,375,state_reinforcement,STATE_REINFORCEMENT,SHORT,2023-11-07 08:00:00,16,1968.97,12.670000000000073,4.569999999999936,64.3483648811311,23.210104775593006,True,2023-11-08 14:00:00,16,False,,,
XAUUSD.mg,383,state_reinforcement,STATE_REINFORCEMENT,SHORT,2023-11-10 20:00:00,16,1935.04,6.460000000000036,13.779999999999973,33.38432280469673,71.21299818091602,False,2023-11-14 02:00:00,16,False,,,
XAUUSD.mg,412,state_reinforcement,STATE_REINFORCEMENT,SHORT,2023-12-08 18:00:00,16,1996.77,21.299999999999955,12.5,106.67227572529612,62.60110077775607,True,2023-12-12 00:00:00,16,False,,,
XAUUSD.mg,414,state_reinforcement,STATE_REINFORCEMENT,SHORT,2023-12-11 08:00:00,16,1992.44,16.970000000000027,7.730000000000018,85.1719499708901,38.796651342073126,True,2023-12-12 14:00:00,16,False,,,
XAUUSD.mg,441,state_reinforcement,STATE_REINFORCEMENT,SHORT,2024-01-03 16:00:00,16,2032.2,1.9600000000000364,18.3599999999999,9.644720007873419,90.34543844109783,False,2024-01-04 22:00:00,16,False,,,
XAUUSD.mg,454,state_reinforcement,STATE_REINFORCEMENT,SHORT,2024-01-16 10:00:00,16,2040.87,35.069999999999936,8.860000000000127,171.83848064795865,43.412858241828864,True,2024-01-17 16:00:00,16,False,,,
XAUUSD.mg,456,state_reinforcement,STATE_REINFORCEMENT,SHORT,2024-01-17 20:00:00,16,2005.11,3.6799999999998363,20.050000000000182,18.353107809545794,99.99451401668829,False,2024-01-19 02:00:00,16,False,,,
XAUUSD.mg,477,state_reinforcement,STATE_REINFORCEMENT,SHORT,2024-02-02 20:00:00,16,2037.77,23.269999999999982,4.099999999999909,114.19345657262588,20.120033173517665,True,2024-02-06 02:00:00,16,False,,,
XAUUSD.mg,486,state_reinforcement,STATE_REINFORCEMENT,SHORT,2024-02-09 20:00:00,16,2024.38,12.88000000000011,2.769999999999982,63.62441834043069,13.683201770418506,True,2024-02-13 02:00:00,16,False,,,
XAUUSD.mg,489,state_reinforcement,STATE_REINFORCEMENT,SHORT,2024-02-13 20:00:00,16,1991.38,7.520000000000209,4.349999999999909,37.762757484760364,21.84414827908239,True,2024-02-15 02:00:00,16,False,,,
XAUUSD.mg,503,state_reinforcement,STATE_REINFORCEMENT,SHORT,2024-02-28 12:00:00,16,2026.9,2.790000000000191,23.449999999999818,13.764862598057087,115.6939168187864,False,2024-02-29 18:00:00,16,False,,,
XAUUSD.mg,517,state_reinforcement,STATE_REINFORCEMENT,SHORT,2024-03-12 18:00:00,16,2154.62,4.389999999999873,24.84999999999991,20.374822474496074,115.333562298688,False,2024-03-14 00:00:00,16,False,,,
XAUUSD.mg,540,state_reinforcement,STATE_REINFORCEMENT,SHORT,2024-04-04 12:00:00,16,2288.92,21.5,41.09999999999991,93.93076210614613,179.56066616570217,False,2024-04-05 18:00:00,16,False,,,
XAUUSD.mg,564,state_reinforcement,STATE_REINFORCEMENT,SHORT,2024-04-30 12:00:00,16,2312.36,31.16000000000031,5.230000000000018,134.75410403224544,22.61758549706801,True,2024-05-01 18:00:00,16,False,,,
XAUUSD.mg,590,state_reinforcement,STATE_REINFORCEMENT,SHORT,2024-05-30 06:00:00,16,2324.64,2.480000000000018,26.7800000000002,10.668318535343186,115.20063321632682,False,2024-05-31 12:00:00,16,False,,,
XAUUSD.mg,593,state_reinforcement,STATE_REINFORCEMENT,SHORT,2024-06-03 02:00:00,16,2330.41,16.059999999999945,23.920000000000073,68.91491196828004,102.64288258289346,False,2024-06-04 08:00:00,16,False,,,
XAUUSD.mg,602,state_reinforcement,STATE_REINFORCEMENT,SHORT,2024-06-07 18:00:00,16,2305.09,18.670000000000073,9.009999999999764,80.99466832097693,39.08741090369471,True,2024-06-11 00:00:00,16,False,,,
XAUUSD.mg,616,state_reinforcement,STATE_REINFORCEMENT,SHORT,2024-06-21 20:00:00,16,2321.78,5.3400000000001455,12.5,22.999595138213547,53.838003600685674,False,2024-06-25 02:00:00,16,False,,,
XAUUSD.mg,634,state_reinforcement,STATE_REINFORCEMENT,SHORT,2024-07-08 04:00:00,16,2382.59,31.840000000000146,4.2199999999998,133.63608510066837,17.711817811708265,True,2024-07-09 10:00:00,16,False,,,
XAUUSD.mg,652,state_reinforcement,STATE_REINFORCEMENT,SHORT,2024-07-25 06:00:00,16,2375.95,23.1899999999996,6.230000000000018,97.6030640375412,26.221090511164032,True,2024-07-26 12:00:00,16,False,,,
XAUUSD.mg,665,state_reinforcement,STATE_REINFORCEMENT,SHORT,2024-08-05 14:00:00,16,2393.18,29.259999999999764,24.789999999999964,122.26410048554544,103.58602361711182,True,2024-08-06 20:00:00,16,False,,,
XAUUSD.mg,671,state_reinforcement,STATE_REINFORCEMENT,SHORT,2024-08-13 06:00:00,16,2462.37,7.429999999999836,15.900000000000091,30.174181784215357,64.57193679260261,False,2024-08-14 12:00:00,16,False,,,
XAUUSD.mg,682,state_reinforcement,STATE_REINFORCEMENT,SHORT,2024-08-22 20:00:00,16,2482.59,4.390000000000327,35.35999999999967,17.683145424739195,142.43189572180535,False,2024-08-26 02:00:00,16,False,,,
XAUUSD.mg,695,state_reinforcement,STATE_REINFORCEMENT,SHORT,2024-08-30 20:00:00,16,2501.94,12.470000000000255,4.960000000000036,49.84132313324962,19.82461609790817,True,2024-09-03 04:00:00,16,False,,,
XAUUSD.mg,702,state_reinforcement,STATE_REINFORCEMENT,SHORT,2024-09-09 06:00:00,16,2487.52,2.3299999999999272,21.740000000000236,9.366758860229977,87.39628224094776,False,2024-09-10 12:00:00,16,False,,,
XAUUSD.mg,727,state_reinforcement,STATE_REINFORCEMENT,SHORT,2024-09-27 20:00:00,16,2651.74,27.449999999999818,13.850000000000364,103.51693604953661,52.2298566224455,True,2024-10-01 02:00:00,16,False,,,
XAUUSD.mg,776,state_reinforcement,STATE_REINFORCEMENT,SHORT,2024-11-08 06:00:00,16,2694.83,36.179999999999836,8.789999999999964,134.25707744087694,32.61801301009697,True,2024-11-11 12:00:00,16,False,,,
XAUUSD.mg,778,state_reinforcement,STATE_REINFORCEMENT,SHORT,2024-11-12 06:00:00,16,2606.5,17.230000000000018,12.210000000000036,66.10397084212552,46.844427393055966,True,2024-11-13 12:00:00,16,False,,,
XAUUSD.mg,783,state_reinforcement,STATE_REINFORCEMENT,SHORT,2024-11-14 08:00:00,16,2556.58,20.11999999999989,20.51000000000022,78.69888679407603,80.22436223392275,False,2024-11-15 14:00:00,16,False,,,
XAUUSD.mg,808,state_reinforcement,STATE_REINFORCEMENT,SHORT,2024-12-05 20:00:00,16,2629.44,16.329999999999927,20.7199999999998,62.104478520140894,78.80004867956599,False,2024-12-09 02:00:00,16,False,,,
XAUUSD.mg,822,state_reinforcement,STATE_REINFORCEMENT,SHORT,2024-12-19 04:00:00,16,2610.02,23.409999999999854,16.039999999999964,89.69279928889378,61.45546777419317,True,2024-12-20 10:00:00,16,False,,,
XAUUSD.mg,851,state_reinforcement,STATE_REINFORCEMENT,SHORT,2025-01-13 20:00:00,16,2658.51,2.050000000000182,19.359999999999673,7.711086285175463,72.82274657608838,False,2025-01-15 02:00:00,16,False,,,
XAUUSD.mg,862,state_reinforcement,STATE_REINFORCEMENT,SHORT,2025-01-22 18:00:00,16,2756.21,20.679999999999836,3.6599999999998545,75.03056733703106,13.279104277249752,True,2025-01-24 00:00:00,16,False,,,
XAUUSD.mg,867,state_reinforcement,STATE_REINFORCEMENT,SHORT,2025-01-27 18:00:00,16,2733.35,3.2100000000000364,31.26000000000022,11.74383083029995,114.3651563100233,False,2025-01-29 00:00:00,16,False,,,
XAUUSD.mg,894,state_reinforcement,STATE_REINFORCEMENT,SHORT,2025-02-17 00:00:00,16,2878.88,0.43000000000029104,36.38000000000011,1.4936364141620735,126.36858778413865,False,2025-02-18 08:00:00,16,False,,,
XAUUSD.mg,903,state_reinforcement,STATE_REINFORCEMENT,SHORT,2025-02-25 20:00:00,16,2911.87,21.299999999999727,18.050000000000182,73.1488699701557,61.987657416025385,True,2025-02-27 02:00:00,16,False,,,
XAUUSD.mg,905,state_reinforcement,STATE_REINFORCEMENT,SHORT,2025-02-26 14:00:00,16,2905.68,38.06999999999971,14.890000000000327,131.01924506483752,51.24445912832909,True,2025-02-27 20:00:00,16,False,,,
XAUUSD.mg,907,state_reinforcement,STATE_REINFORCEMENT,SHORT,2025-02-27 10:00:00,16,2887.24,54.82999999999993,7.570000000000164,189.90454551751822,26.218811044458253,True,2025-02-28 16:00:00,16,False,,,
XAUUSD.mg,909,state_reinforcement,STATE_REINFORCEMENT,SHORT,2025-02-28 20:00:00,16,2849.36,11.519999999999982,45.65000000000009,40.430131678692696,160.21141589690347,False,2025-03-04 02:00:00,16,False,,,
XAUUSD.mg,935,state_reinforcement,STATE_REINFORCEMENT,SHORT,2025-03-21 18:00:00,16,3013.43,11.169999999999618,19.620000000000346,37.06739496188602,65.10853081040658,False,2025-03-25 00:00:00,16,False,,,
XAUUSD.mg,953,state_reinforcement,STATE_REINFORCEMENT,SHORT,2025-04-04 20:00:00,16,3036.22,79.81999999999971,18.990000000000236,262.89267576130754,62.54487487731534,True,2025-04-08 02:00:00,16,False,,,
XAUUSD.mg,972,state_reinforcement,STATE_REINFORCEMENT,SHORT,2025-04-23 18:00:00,16,3281.03,3.480000000000018,89.44999999999982,10.606425421285444,272.6278028545908,False,2025-04-25 00:00:00,16,False,,,
XAUUSD.mg,982,state_reinforcement,STATE_REINFORCEMENT,SHORT,2025-05-01 12:00:00,16,3205.26,3.550000000000182,63.72999999999956,11.0755445736077,198.82942413407824,False,2025-05-02 18:00:00,16,False,,,
XAUUSD.mg,990,state_reinforcement,STATE_REINFORCEMENT,SHORT,2025-05-12 10:00:00,16,3214.75,7.210000000000036,50.5,22.42787152966805,157.08842056147444,False,2025-05-13 16:00:00,16,False,,,
XAUUSD.mg,994,state_reinforcement,STATE_REINFORCEMENT,SHORT,2025-05-14 20:00:00,16,3180.34,59.840000000000146,71.55999999999995,188.15598332253828,225.00738914707216,False,2025-05-16 02:00:00,16,False,,,
XAUUSD.mg,996,state_reinforcement,STATE_REINFORCEMENT,SHORT,2025-05-16 08:00:00,16,3207.39,53.29999999999973,42.20000000000027,166.17873099311194,131.57115286884437,True,2025-05-19 14:00:00,16,False,,,
XAUUSD.mg,1010,state_reinforcement,STATE_REINFORCEMENT,SHORT,2025-05-30 18:00:00,16,3290.8,7.050000000000182,101.12999999999965,21.42336210040167,307.3112920870294,False,2025-06-03 00:00:00,16,False,,,
XAUUSD.mg,1043,state_reinforcement,STATE_REINFORCEMENT,SHORT,2025-06-27 12:00:00,16,3281.18,32.279999999999745,17.070000000000164,98.37924161429652,52.02396698748671,True,2025-06-30 18:00:00,16,False,,,
XAUUSD.mg,1049,state_reinforcement,STATE_REINFORCEMENT,SHORT,2025-07-01 20:00:00,16,3337.8,10.420000000000073,27.730000000000018,31.218167655342057,83.07867457606812,False,2025-07-03 02:00:00,16,False,,,
XAUUSD.mg,1054,state_reinforcement,STATE_REINFORCEMENT,SHORT,2025-07-07 12:00:00,16,3301.78,14.88000000000011,43.86999999999989,45.06660043976312,132.8677258933057,False,2025-07-08 18:00:00,16,False,,,
XAUUSD.mg,1077,state_reinforcement,STATE_REINFORCEMENT,SHORT,2025-07-23 04:00:00,16,3422.8,61.039999999999964,10.710000000000036,178.33352810564438,31.290171789178554,True,2025-07-24 10:00:00,16,False,,,
XAUUSD.mg,1079,state_reinforcement,STATE_REINFORCEMENT,SHORT,2025-07-25 14:00:00,16,3343.65,42.070000000000164,3.619999999999891,125.82058528853248,10.826492007237274,True,2025-07-28 20:00:00,16,False,,,
XAUUSD.mg,1107,state_reinforcement,STATE_REINFORCEMENT,SHORT,2025-08-21 02:00:00,16,3342.59,17.640000000000327,5.309999999999945,52.773448134531385,15.885884897639093,True,2025-08-22 08:00:00,16,False,,,
XAUUSD.mg,1190,state_reinforcement,STATE_REINFORCEMENT,SHORT,2025-10-24 12:00:00,16,4061.19,89.96000000000004,77.29999999999973,221.5114289161552,190.33829985792272,True,2025-10-27 20:00:00,16,False,,,
XAUUSD.mg,1213,state_reinforcement,STATE_REINFORCEMENT,SHORT,2025-11-14 18:00:00,16,4099.5,92.82999999999993,11.479999999999563,226.4422490547626,28.003415050614866,True,2025-11-18 00:00:00,16,False,,,
XAUUSD.mg,1236,state_reinforcement,STATE_REINFORCEMENT,SHORT,2025-12-01 14:00:00,16,4247.27,83.69000000000051,17.0,197.0442189924363,40.02571063294775,True,2025-12-02 20:00:00,16,False,,,
XAUUSD.mg,1260,state_reinforcement,STATE_REINFORCEMENT,SHORT,2025-12-23 14:00:00,16,4478.6,48.32999999999993,46.92000000000007,107.91318715670059,104.76488188273136,True,2025-12-24 20:00:00,16,False,,,
XAUUSD.mg,2,transition_persistence,TRANSITION_PERSISTENCE,LONG,2023-01-04 18:00:00,16,1850.61,9.430000000000064,25.519999999999982,50.95617120841271,137.90047605924525,False,2023-01-06 00:00:00,16,False,,,
XAUUSD.mg,4,transition_persistence,TRANSITION_PERSISTENCE,LONG,2023-01-05 00:00:00,16,1855.15,3.8799999999998818,30.060000000000173,20.914750828773315,162.0354149260177,False,2023-01-06 06:00:00,16,False,,,
XAUUSD.mg,7,transition_persistence,TRANSITION_PERSISTENCE,LONG,2023-01-06 02:00:00,16,1838.24,42.72000000000003,5.839999999999918,232.39620506571515,31.769518670031758,True,2023-01-09 08:00:00,16,False,,,
XAUUSD.mg,14,transition_persistence,TRANSITION_PERSISTENCE,LONG,2023-01-12 22:00:00,16,1896.54,32.430000000000064,4.210000000000036,170.99560251827046,22.19831904415428,True,2023-01-16 04:00:00,16,False,,,
XAUUSD.mg,16,transition_persistence,TRANSITION_PERSISTENCE,LONG,2023-01-13 22:00:00,16,1920.68,8.289999999999964,13.710000000000036,43.16179686361062,71.380969240061,False,2023-01-17 06:00:00,16,False,,,
XAUUSD.mg,18,transition_persistence,TRANSITION_PERSISTENCE,LONG,2023-01-17 14:00:00,16,1913.5,12.430000000000064,16.920000000000073,64.95949830154201,88.42435327933146,False,2023-01-18 20:00:00,16,False,,,
XAUUSD.mg,21,transition_persistence,TRANSITION_PERSISTENCE,LONG,2023-01-18 16:00:00,16,1908.45,26.730000000000018,7.470000000000027,140.06130629568506,39.14171186041042,True,2023-01-19 22:00:00,16,False,,,
XAUUSD.mg,23,transition_persistence,TRANSITION_PERSISTENCE,LONG,2023-01-19 04:00:00,16,1909.8,27.710000000000036,3.3999999999998636,145.09372709184225,17.80291129961181,True,2023-01-20 10:00:00,16,False,,,
XAUUSD.mg,27,transition_persistence,TRANSITION_PERSISTENCE,LONG,2023-01-25 22:00:00,16,1945.89,3.259999999999991,27.27000000000021,16.753259433986457,140.1415290689618,False,2023-01-27 04:00:00,16,False,,,
XAUUSD.mg,33,transition_persistence,TRANSITION_PERSISTENCE,LONG,2023-01-31 22:00:00,16,1928.1,29.160000000000082,7.509999999999991,151.2369690368761,38.950261915875686,True,2023-02-02 04:00:00,16,False,,,
XAUUSD.mg,36,transition_persistence,TRANSITION_PERSISTENCE,LONG,2023-02-02 12:00:00,16,1953.53,3.0699999999999363,92.08999999999992,15.715141308297985,471.4030498635799,False,2023-02-03 18:00:00,16,False,,,
XAUUSD.mg,40,transition_persistence,TRANSITION_PERSISTENCE,LONG,2023-02-06 10:00:00,16,1872.34,7.830000000000155,9.259999999999991,41.81932768621167,49.456829422006635,False,2023-02-07 16:00:00,16,False,,,
XAUUSD.mg,43,transition_persistence,TRANSITION_PERSISTENCE,LONG,2023-02-10 10:00:00,16,1862.99,6.980000000000018,12.279999999999973,37.46665306845457,65.915544366851,False,2023-02-13 16:00:00,16,False,,,
XAUUSD.mg,50,transition_persistence,TRANSITION_PERSISTENCE,LONG,2023-02-20 00:00:00,16,1838.85,8.620000000000118,7.740000000000009,46.877124289638196,42.09152459417576,True,2023-02-21 08:00:00,16,False,,,
XAUUSD.mg,58,transition_persistence,TRANSITION_PERSISTENCE,LONG,2023-03-01 22:00:00,16,1836.14,5.309999999999945,6.1400000000001,28.919363447231394,33.43971592580141,False,2023-03-03 04:00:00,16,False,,,
XAUUSD.mg,60,transition_persistence,TRANSITION_PERSISTENCE,LONG,2023-03-03 02:00:00,16,1838.65,19.639999999999873,0.8100000000001728,106.81750197155452,4.405406140375671,True,2023-03-06 08:00:00,16,False,,,
XAUUSD.mg,62,transition_persistence,TRANSITION_PERSISTENCE,LONG,2023-03-06 02:00:00,16,1853.74,4.5499999999999545,9.680000000000064,24.544973944565875,52.21875775459376,False,2023-03-07 08:00:00,16,False,,,
XAUUSD.mg,67,transition_persistence,TRANSITION_PERSISTENCE,LONG,2023-03-08 18:00:00,16,1814.56,21.039999999999964,2.6399999999998727,115.95097434088686,14.548981571289309,True,2023-03-10 00:00:00,16,False,,,
XAUUSD.mg,69,transition_persistence,TRANSITION_PERSISTENCE,LONG,2023-03-10 22:00:00,16,1867.45,47.149999999999864,1.0399999999999636,252.48333288709128,5.569091541942027,True,2023-03-14 04:00:00,16,False,,,
XAUUSD.mg,73,transition_persistence,TRANSITION_PERSISTENCE,LONG,2023-03-15 22:00:00,16,1918.24,15.25,10.980000000000018,79.49995829510384,57.23996997247486,True,2023-03-17 04:00:00,16,False,,,
XAUUSD.mg,77,transition_persistence,TRANSITION_PERSISTENCE,LONG,2023-03-20 04:00:00,16,1973.14,36.429999999999836,10.3900000000001,184.62957519486622,52.65718600808914,True,2023-03-21 10:00:00,16,False,,,
XAUUSD.mg,79,transition_persistence,TRANSITION_PERSISTENCE,LONG,2023-03-20 12:00:00,16,1983.59,4.769999999999982,47.11999999999989,24.047308163481276,237.54909028579442,False,2023-03-21 18:00:00,16,False,,,
XAUUSD.mg,81,transition_persistence,TRANSITION_PERSISTENCE,LONG,2023-03-22 22:00:00,16,1969.59,33.48000000000002,5.199999999999818,169.98461608761224,26.401433800942424,True,2023-03-24 04:00:00,16,False,,,
XAUUSD.mg,83,transition_persistence,TRANSITION_PERSISTENCE,LONG,2023-03-24 02:00:00,16,1990.49,12.220000000000027,24.799999999999955,61.39191857281387,124.59243703811602,False,2023-03-27 08:00:00,16,False,,,
XAUUSD.mg,85,transition_persistence,TRANSITION_PERSISTENCE,LONG,2023-03-24 10:00:00,16,1994.17,8.539999999999964,50.41000000000008,42.82483439225324,252.7868737369436,False,2023-03-27 16:00:00,16,False,,,
XAUUSD.mg,87,transition_persistence,TRANSITION_PERSISTENCE,LONG,2023-03-27 22:00:00,16,1956.35,18.700000000000045,7.4099999999998545,95.58616811920182,37.876658062206936,True,2023-03-29 04:00:00,16,False,,,
XAUUSD.mg,91,transition_persistence,TRANSITION_PERSISTENCE,LONG,2023-03-30 22:00:00,16,1980.08,7.289999999999964,30.549999999999955,36.81669427497861,154.2866954870508,False,2023-04-03 04:00:00,16,False,,,
XAUUSD.mg,95,transition_persistence,TRANSITION_PERSISTENCE,LONG,2023-04-03 22:00:00,16,1984.3,40.75999999999999,7.579999999999927,205.41248803104367,38.199868971425325,True,2023-04-05 04:00:00,16,False,,,
XAUUSD.mg,97,transition_persistence,TRANSITION_PERSISTENCE,LONG,2023-04-04 22:00:00,16,2020.11,11.670000000000073,12.429999999999836,57.7691313839349,61.531302750839494,False,2023-04-06 04:00:00,16,False,,,
XAUUSD.mg,101,transition_persistence,TRANSITION_PERSISTENCE,LONG,2023-04-11 02:00:00,16,1990.95,29.940000000000055,2.3600000000001273,150.38047163414478,11.853637710641289,True,2023-04-12 08:00:00,16,False,,,
XAUUSD.mg,105,transition_persistence,TRANSITION_PERSISTENCE,LONG,2023-04-12 10:00:00,16,2010.66,37.68999999999983,9.480000000000018,187.4508867734964,47.14869744263087,True,2023-04-13 16:00:00,16,False,,,
XAUUSD.mg,108,transition_persistence,TRANSITION_PERSISTENCE,LONG,2023-04-13 22:00:00,16,2039.71,7.470000000000027,47.559999999999945,36.62285324874628,233.1704016747476,False,2023-04-17 04:00:00,16,False,,,
XAUUSD.mg,114,transition_persistence,TRANSITION_PERSISTENCE,LONG,2023-04-18 02:00:00,16,1997.39,14.209999999999809,10.63000000000011,71.14284140803653,53.21945138405674,True,2023-04-19 08:00:00,16,False,,,
XAUUSD.mg,116,transition_persistence,TRANSITION_PERSISTENCE,LONG,2023-04-19 20:00:00,16,1994.24,17.87999999999988,3.980000000000018,89.65821566110338,19.957477535301763,True,2023-04-21 02:00:00,16,False,,,
XAUUSD.mg,120,transition_persistence,TRANSITION_PERSISTENCE,LONG,2023-04-25 04:00:00,16,1992.6,10.980000000000018,16.699999999999818,55.10388437217715,83.81009736023195,False,2023-04-26 10:00:00,16,False,,,
XAUUSD.mg,125,transition_persistence,TRANSITION_PERSISTENCE,LONG,2023-04-28 04:00:00,16,1988.69,6.069999999999936,12.650000000000091,30.52260533315869,63.60971292660037,False,2023-05-01 10:00:00,16,False,,,
XAUUSD.mg,127,transition_persistence,TRANSITION_PERSISTENCE,LONG,2023-04-28 20:00:00,16,1988.98,16.789999999999964,12.1400000000001,84.41512735170774,61.03631006847781,True,2023-05-02 02:00:00,16,False,,,
XAUUSD.mg,131,transition_persistence,TRANSITION_PERSISTENCE,LONG,2023-05-02 06:00:00,16,1982.54,36.74000000000001,4.319999999999936,185.3178246088352,21.790228696520305,True,2023-05-03 12:00:00,16,False,,,
XAUUSD.mg,134,transition_persistence,TRANSITION_PERSISTENCE,LONG,2023-05-04 16:00:00,16,2050.73,8.590000000000146,51.48000000000002,41.8875229796226,251.032559137478,False,2023-05-05 22:00:00,16,False,,,
XAUUSD.mg,138,transition_persistence,TRANSITION_PERSISTENCE,LONG,2023-05-08 06:00:00,16,2020.71,11.879999999999882,3.0799999999999272,58.79121694849772,15.242167357017717,True,2023-05-09 12:00:00,16,False,,,
XAUUSD.mg,140,transition_persistence,TRANSITION_PERSISTENCE,LONG,2023-05-09 08:00:00,16,2024.41,23.519999999999982,3.2200000000000273,116.18199870579566,15.905868870436459,True,2023-05-10 14:00:00,16,False,,,
XAUUSD.mg,143,transition_persistence,TRANSITION_PERSISTENCE,LONG,2023-05-12 18:00:00,16,2014.26,7.4500000000000455,7.2999999999999545,36.98628776821287,36.24159741046317,True,2023-05-16 00:00:00,16,False,,,
XAUUSD.mg,146,transition_persistence,TRANSITION_PERSISTENCE,LONG,2023-05-17 06:00:00,16,1987.52,4.2000000000000455,15.690000000000055,21.13186282402213,78.94260183545352,False,2023-05-18 12:00:00,16,False,,,
XAUUSD.mg,148,transition_persistence,TRANSITION_PERSISTENCE,LONG,2023-05-18 02:00:00,16,1984.71,0.8899999999998727,33.13000000000011,4.48428233847702,166.92615041996115,False,2023-05-19 08:00:00,16,False,,,
XAUUSD.mg,151,transition_persistence,TRANSITION_PERSISTENCE,LONG,2023-05-19 22:00:00,16,1977.2,4.970000000000027,17.309999999999945,25.136556746914966,87.54804774428457,False,2023-05-23 04:00:00,16,False,,,
XAUUSD.mg,153,transition_persistence,TRANSITION_PERSISTENCE,LONG,2023-05-23 16:00:00,16,1967.0,17.8599999999999,10.660000000000082,90.79816980172802,54.19420437214073,True,2023-05-24 22:00:00,16,False,,,
XAUUSD.mg,155,transition_persistence,TRANSITION_PERSISTENCE,LONG,2023-05-25 12:00:00,16,1961.57,1.150000000000091,25.230000000000018,5.8626508358105545,128.62146138042496,False,2023-05-26 18:00:00,16,False,,,
XAUUSD.mg,160,transition_persistence,TRANSITION_PERSISTENCE,LONG,2023-05-31 02:00:00,16,1954.57,19.830000000000155,1.2699999999999818,101.454539873221,6.497592820927272,True,2023-06-01 08:00:00,16,False,,,
XAUUSD.mg,162,transition_persistence,TRANSITION_PERSISTENCE,LONG,2023-05-31 12:00:00,16,1959.99,22.730000000000018,7.019999999999982,115.96997943867069,35.81650926790434,True,2023-06-01 18:00:00,16,False,,,
XAUUSD.mg,164,transition_persistence,TRANSITION_PERSISTENCE,LONG,2023-06-01 22:00:00,16,1977.32,5.730000000000018,33.68999999999983,28.978617522707594,170.38213339267205,False,2023-06-05 04:00:00,16,False,,,
XAUUSD.mg,167,transition_persistence,TRANSITION_PERSISTENCE,LONG,2023-06-05 22:00:00,16,1961.37,4.9500000000000455,7.349999999999909,25.237461570229208,37.47380657397589,False,2023-06-07 04:00:00,16,False,,,
XAUUSD.mg,171,transition_persistence,TRANSITION_PERSISTENCE,LONG,2023-06-08 08:00:00,16,1946.91,25.769999999999982,4.519999999999982,132.3635915373591,23.216276047685724,True,2023-06-09 14:00:00,16,False,,,
XAUUSD.mg,174,transition_persistence,TRANSITION_PERSISTENCE,LONG,2023-06-12 08:00:00,16,1960.24,10.509999999999991,11.400000000000091,53.61588376933432,58.156144145615286,False,2023-06-13 14:00:00,16,False,,,
XAUUSD.mg,180,transition_persistence,TRANSITION_PERSISTENCE,LONG,2023-06-15 22:00:00,16,1957.65,9.8599999999999,4.75,50.36651086762138,24.263785661379714,True,2023-06-19 04:00:00,16,False,,,
XAUUSD.mg,183,transition_persistence,TRANSITION_PERSISTENCE,LONG,2023-06-16 18:00:00,16,1958.82,0.5499999999999545,14.079999999999927,2.8078128669298583,71.88000939340995,False,2023-06-20 02:00:00,16,False,,,
XAUUSD.mg,186,transition_persistence,TRANSITION_PERSISTENCE,LONG,2023-06-20 00:00:00,16,1952.07,4.320000000000164,22.679999999999836,22.13035393198074,116.18435814289363,False,2023-06-21 06:00:00,16,False,,,
XAUUSD.mg,189,transition_persistence,TRANSITION_PERSISTENCE,LONG,2023-06-21 02:00:00,16,1936.0,3.099999999999909,17.210000000000036,16.012396694214406,88.89462809917373,False,2023-06-22 08:00:00,16,False,,,
XAUUSD.mg,192,transition_persistence,TRANSITION_PERSISTENCE,LONG,2023-06-22 02:00:00,16,1932.84,1.009999999999991,23.12999999999988,5.225471327166195,119.66846712609363,False,2023-06-23 08:00:00,16,False,,,
XAUUSD.mg,195,transition_persistence,TRANSITION_PERSISTENCE,LONG,2023-06-23 20:00:00,16,1918.67,14.279999999999973,0.03999999999996362,74.42655589548995,0.20847774760622526,True,2023-06-27 02:00:00,16,False,,,
XAUUSD.mg,197,transition_persistence,TRANSITION_PERSISTENCE,LONG,2023-06-26 04:00:00,16,1925.12,7.830000000000155,4.5,40.672789228724206,23.375166223404257,True,2023-06-27 10:00:00,16,False,,,
XAUUSD.mg,200,transition_persistence,TRANSITION_PERSISTENCE,LONG,2023-06-28 04:00:00,16,1914.82,1.5700000000001637,12.679999999999836,8.19920410273636,66.22032358132795,False,2023-06-29 10:00:00,16,False,,,
XAUUSD.mg,203,transition_persistence,TRANSITION_PERSISTENCE,LONG,2023-06-29 00:00:00,16,1909.32,3.400000000000091,16.769999999999982,17.807386923093517,87.83231726478527,False,2023-06-30 06:00:00,16,False,,,
XAUUSD.mg,207,transition_persistence,TRANSITION_PERSISTENCE,LONG,2023-06-30 02:00:00,16,1907.56,14.779999999999973,7.440000000000055,77.48118014636485,39.002705026316626,True,2023-07-03 08:00:00,16,False,,,
XAUUSD.mg,210,transition_persistence,TRANSITION_PERSISTENCE,LONG,2023-06-30 22:00:00,16,1918.87,11.730000000000018,9.149999999999864,61.12972739164205,47.684314205755804,True,2023-07-04 04:00:00,16,False,,,
XAUUSD.mg,212,transition_persistence,TRANSITION_PERSISTENCE,LONG,2023-07-03 18:00:00,16,1920.22,10.089999999999918,0.7200000000000273,52.5460624303461,3.7495703617295275,True,2023-07-05 02:00:00,16,False,,,
XAUUSD.mg,222,transition_persistence,TRANSITION_PERSISTENCE,LONG,2023-07-13 00:00:00,16,1957.4,5.959999999999809,5.330000000000155,30.448554204556086,27.229998978237223,True,2023-07-14 06:00:00,16,False,,,
XAUUSD.mg,224,transition_persistence,TRANSITION_PERSISTENCE,LONG,2023-07-13 10:00:00,16,1959.64,3.7199999999998,9.040000000000191,18.98307852462595,46.13092200608372,False,2023-07-14 16:00:00,16,False,,,
XAUUSD.mg,227,transition_persistence,TRANSITION_PERSISTENCE,LONG,2023-07-17 18:00:00,16,1954.82,29.15000000000009,2.75,149.11858892378885,14.067791407904565,True,2023-07-19 00:00:00,16,False,,,
XAUUSD.mg,229,transition_persistence,TRANSITION_PERSISTENCE,LONG,2023-07-18 02:00:00,16,1956.8,27.170000000000073,2.480000000000018,138.84914145543783,12.673753066230676,True,2023-07-19 08:00:00,16,False,,,
XAUUSD.mg,231,transition_persistence,TRANSITION_PERSISTENCE,LONG,2023-07-18 22:00:00,16,1978.38,8.709999999999809,9.010000000000218,44.025920197332205,45.54231239701279,False,2023-07-20 04:00:00,16,False,,,
XAUUSD.mg,233,transition_persistence,TRANSITION_PERSISTENCE,LONG,2023-07-19 06:00:00,16,1977.78,9.309999999999945,8.410000000000082,47.07298081687521,42.522424132108135,True,2023-07-20 12:00:00,16,False,,,
XAUUSD.mg,236,transition_persistence,TRANSITION_PERSISTENCE,LONG,2023-07-20 06:00:00,16,1980.4,4.679999999999836,19.710000000000036,23.63158957786223,99.52534841446192,False,2023-07-21 12:00:00,16,False,,,
XAUUSD.mg,242,transition_persistence,TRANSITION_PERSISTENCE,LONG,2023-07-25 12:00:00,16,1960.38,14.299999999999955,8.590000000000146,72.94504126750913,43.81803527887524,True,2023-07-26 18:00:00,16,False,,,
XAUUSD.mg,247,transition_persistence,TRANSITION_PERSISTENCE,LONG,2023-07-31 22:00:00,16,1965.12,0.4900000000000091,24.25999999999999,2.4934864028660293,123.45302068067086,False,2023-08-02 04:00:00,16,False,,,
XAUUSD.mg,252,transition_persistence,TRANSITION_PERSISTENCE,LONG,2023-08-02 04:00:00,16,1948.93,5.470000000000027,18.38000000000011,28.066682743864725,94.30815883587461,False,2023-08-03 10:00:00,16,False,,,
XAUUSD.mg,255,transition_persistence,TRANSITION_PERSISTENCE,LONG,2023-08-04 22:00:00,16,1942.41,3.949999999999818,11.660000000000082,20.335562522844395,60.02852126996917,False,2023-08-08 04:00:00,16,False,,,
XAUUSD.mg,257,transition_persistence,TRANSITION_PERSISTENCE,LONG,2023-08-07 22:00:00,16,1936.12,1.5700000000001637,13.759999999999991,8.109001508171827,71.06997500154945,False,2023-08-09 04:00:00,16,False,,,
XAUUSD.mg,268,transition_persistence,TRANSITION_PERSISTENCE,LONG,2023-08-17 10:00:00,16,1894.87,8.210000000000036,10.22999999999979,43.32751059439453,53.98787251895798,False,2023-08-18 16:00:00,16,False,,,
XAUUSD.mg,270,transition_persistence,TRANSITION_PERSISTENCE,LONG,2023-08-18 04:00:00,16,1892.32,4.130000000000109,7.9099999999998545,21.825061300414884,41.80054113469104,False,2023-08-21 10:00:00,16,False,,,
XAUUSD.mg,274,transition_persistence,TRANSITION_PERSISTENCE,LONG,2023-08-21 14:00:00,16,1889.65,15.439999999999827,4.690000000000055,81.70825285105616,24.819411002037704,True,2023-08-23 10:00:00,16,False,,,
XAUUSD.mg,284,transition_persistence,TRANSITION_PERSISTENCE,LONG,2023-08-28 04:00:00,16,1915.94,9.740000000000009,3.519999999999982,50.836665031264076,18.372182844974173,True,2023-08-29 10:00:00,16,False,,,
XAUUSD.mg,286,transition_persistence,TRANSITION_PERSISTENCE,LONG,2023-08-28 22:00:00,16,1919.77,18.0,5.710000000000036,93.76123181422774,29.743146314402434,True,2023-08-30 04:00:00,16,False,,,
XAUUSD.mg,289,transition_persistence,TRANSITION_PERSISTENCE,LONG,2023-08-30 22:00:00,16,1942.03,5.460000000000036,3.7200000000000273,28.114910686240876,19.15521387414215,True,2023-09-01 04:00:00,16,False,,,
XAUUSD.mg,291,transition_persistence,TRANSITION_PERSISTENCE,LONG,2023-08-31 06:00:00,16,1945.05,2.4400000000000546,7.230000000000018,12.544664661577103,37.1712809439347,False,2023-09-01 12:00:00,16,False,,,
XAUUSD.mg,298,transition_persistence,TRANSITION_PERSISTENCE,LONG,2023-09-07 08:00:00,16,1917.94,10.569999999999936,2.130000000000109,55.11121307235855,11.105665453560118,True,2023-09-08 14:00:00,16,False,,,
XAUUSD.mg,300,transition_persistence,TRANSITION_PERSISTENCE,LONG,2023-09-08 12:00:00,16,1922.59,7.720000000000027,6.269999999999982,40.15416703509343,32.61225742357956,True,2023-09-11 18:00:00,16,False,,,
XAUUSD.mg,306,transition_persistence,TRANSITION_PERSISTENCE,LONG,2023-09-13 02:00:00,16,1911.04,4.2999999999999545,6.25,22.500837240455223,32.70470529135968,False,2023-09-14 08:00:00,16,False,,,
XAUUSD.mg,310,transition_persistence,TRANSITION_PERSISTENCE,LONG,2023-09-14 18:00:00,16,1908.35,21.670000000000073,0.7699999999999818,113.55359341839849,4.034899258521665,True,2023-09-18 00:00:00,16,False,,,
XAUUSD.mg,312,transition_persistence,TRANSITION_PERSISTENCE,LONG,2023-09-15 22:00:00,16,1923.25,10.960000000000036,1.25,56.98687118159384,6.499415052645262,True,2023-09-19 04:00:00,16,False,,,
XAUUSD.mg,314,transition_persistence,TRANSITION_PERSISTENCE,LONG,2023-09-18 22:00:00,16,1933.28,3.7100000000000364,5.160000000000082,19.19018455681555,26.69039145907516,False,2023-09-20 04:00:00,16,False,,,
XAUUSD.mg,318,transition_persistence,TRANSITION_PERSISTENCE,LONG,2023-09-20 20:00:00,16,1932.67,13.720000000000027,19.13000000000011,70.98987411197994,98.98223700890534,False,2023-09-22 02:00:00,16,False,,,
XAUUSD.mg,322,transition_persistence,TRANSITION_PERSISTENCE,LONG,2023-09-25 14:00:00,16,1924.98,1.4500000000000455,26.24000000000001,7.532545792683797,136.31310455173565,False,2023-09-26 20:00:00,16,False,,,
XAUUSD.mg,326,transition_persistence,TRANSITION_PERSISTENCE,LONG,2023-09-28 06:00:00,16,1876.66,2.5499999999999545,19.37000000000012,13.58797011712273,103.21528673281318,False,2023-09-29 12:00:00,16,False,,,
XAUUSD.mg,328,transition_persistence,TRANSITION_PERSISTENCE,LONG,2023-09-28 10:00:00,16,1875.48,3.9700000000000273,23.62000000000012,21.16791434726058,125.94109241367606,False,2023-09-29 16:00:00,16,False,,,
XAUUSD.mg,337,transition_persistence,TRANSITION_PERSISTENCE,LONG,2023-10-09 02:00:00,16,1848.57,16.3900000000001,4.769999999999982,88.66312879685434,25.803729369187977,True,2023-10-10 08:00:00,16,False,,,
XAUUSD.mg,339,transition_persistence,TRANSITION_PERSISTENCE,LONG,2023-10-11 22:00:00,16,1873.9,10.819999999999936,6.380000000000109,57.74054111745523,34.04664069587549,True,2023-10-13 04:00:00,16,False,,,
XAUUSD.mg,344,transition_persistence,TRANSITION_PERSISTENCE,LONG,2023-10-17 18:00:00,16,1919.42,42.789999999999964,0.6700000000000728,222.9319273530544,3.4906377968348394,True,2023-10-19 00:00:00,16,False,,,
XAUUSD.mg,346,transition_persistence,TRANSITION_PERSISTENCE,LONG,2023-10-18 22:00:00,16,1947.29,34.559999999999945,2.4500000000000455,177.4774173338329,12.581587745020236,True,2023-10-20 04:00:00,16,False,,,
XAUUSD.mg,349,transition_persistence,TRANSITION_PERSISTENCE,LONG,2023-10-19 22:00:00,16,1973.96,22.84999999999991,10.0,115.75715819976043,50.65958783359338,True,2023-10-23 04:00:00,16,False,,,
XAUUSD.mg,354,transition_persistence,TRANSITION_PERSISTENCE,LONG,2023-10-23 14:00:00,16,1974.35,7.230000000000018,21.139999999999873,36.6196469724214,107.07321396915376,False,2023-10-24 20:00:00,16,False,,,
XAUUSD.mg,358,transition_persistence,TRANSITION_PERSISTENCE,LONG,2023-10-25 00:00:00,16,1972.45,16.75,9.710000000000036,84.91976982939998,49.22811731602847,True,2023-10-26 06:00:00,16,False,,,
XAUUSD.mg,360,transition_persistence,TRANSITION_PERSISTENCE,LONG,2023-10-26 00:00:00,16,1982.61,10.450000000000045,11.11999999999989,52.708298656821285,56.087682398454014,False,2023-10-27 06:00:00,16,False,,,
XAUUSD.mg,362,transition_persistence,TRANSITION_PERSISTENCE,LONG,2023-10-26 06:00:00,16,1985.4,7.6599999999998545,13.910000000000082,38.58164601591545,70.06144857459495,False,2023-10-27 12:00:00,16,False,,,
XAUUSD.mg,364,transition_persistence,TRANSITION_PERSISTENCE,LONG,2023-10-27 22:00:00,16,2005.41,1.3599999999999,14.88000000000011,6.7816556215432255,74.19929091806718,False,2023-10-31 04:00:00,16,False,,,
XAUUSD.mg,367,transition_persistence,TRANSITION_PERSISTENCE,LONG,2023-10-31 16:00:00,16,1993.82,13.690000000000055,24.339999999999918,68.66216609322835,122.07721860549057,False,2023-11-01 22:00:00,16,False,,,
XAUUSD.mg,371,transition_persistence,TRANSITION_PERSISTENCE,LONG,2023-11-01 20:00:00,16,1978.18,12.450000000000045,8.700000000000045,62.93663872852847,43.97981983439346,True,2023-11-03 02:00:00,16,False,,,
XAUUSD.mg,373,transition_persistence,TRANSITION_PERSISTENCE,LONG,2023-11-03 22:00:00,16,1992.07,0.6800000000000637,20.189999999999827,3.4135346649468326,101.35186012539633,False,2023-11-07 04:00:00,16,False,,,
XAUUSD.mg,376,transition_persistence,TRANSITION_PERSISTENCE,LONG,2023-11-07 22:00:00,16,1968.46,2.1700000000000728,21.410000000000082,11.023846052244256,108.76522763988133,False,2023-11-09 04:00:00,16,False,,,
XAUUSD.mg,379,transition_persistence,TRANSITION_PERSISTENCE,LONG,2023-11-09 08:00:00,16,1948.97,16.210000000000036,6.170000000000073,83.17213707753343,31.65774742556362,True,2023-11-10 14:00:00,16,False,,,
XAUUSD.mg,381,transition_persistence,TRANSITION_PERSISTENCE,LONG,2023-11-09 22:00:00,16,1958.11,2.290000000000191,29.529999999999973,11.69495074331979,150.8086879695215,False,2023-11-13 04:00:00,16,False,,,
XAUUSD.mg,387,transition_persistence,TRANSITION_PERSISTENCE,LONG,2023-11-13 22:00:00,16,1945.78,24.660000000000082,2.3999999999998636,126.73580774805005,12.334385182291234,True,2023-11-15 04:00:00,16,False,,,
XAUUSD.mg,392,transition_persistence,TRANSITION_PERSISTENCE,LONG,2023-11-17 00:00:00,16,1982.27,10.75,9.210000000000036,54.23075564882685,46.461884607041604,True,2023-11-20 06:00:00,16,False,,,
XAUUSD.mg,396,transition_persistence,TRANSITION_PERSISTENCE,LONG,2023-11-21 00:00:00,16,1980.89,26.20999999999981,3.480000000000018,132.31426278087025,17.56786091100474,True,2023-11-22 06:00:00,16,False,,,
XAUUSD.mg,399,transition_persistence,TRANSITION_PERSISTENCE,LONG,2023-11-27 00:00:00,16,2002.07,15.759999999999991,1.9199999999998454,78.71852632525332,9.590074273126541,True,2023-11-28 06:00:00,16,False,,,
XAUUSD.mg,401,transition_persistence,TRANSITION_PERSISTENCE,LONG,2023-11-27 16:00:00,16,2009.95,32.659999999999854,4.5499999999999545,162.49160426876216,22.637379039279356,True,2023-11-28 22:00:00,16,False,,,
XAUUSD.mg,404,transition_persistence,TRANSITION_PERSISTENCE,LONG,2023-11-28 22:00:00,16,2040.79,10.820000000000164,5.809999999999945,53.01868394102364,28.469367254837323,True,2023-11-30 04:00:00,16,False,,,
XAUUSD.mg,409,transition_persistence,TRANSITION_PERSISTENCE,LONG,2023-12-07 16:00:00,16,2028.95,8.139999999999873,34.66000000000008,40.11927351585733,170.82727519160196,False,2023-12-08 22:00:00,16,False,,,
XAUUSD.mg,416,transition_persistence,TRANSITION_PERSISTENCE,LONG,2023-12-12 06:00:00,16,1987.15,9.189999999999827,14.470000000000027,46.247137860754485,72.817854716554,False,2023-12-13 12:00:00,16,False,,,
XAUUSD.mg,418,transition_persistence,TRANSITION_PERSISTENCE,LONG,2023-12-14 04:00:00,16,2030.63,16.889999999999873,3.3700000000001182,83.17615715319812,16.595834790188846,True,2023-12-15 10:00:00,16,False,,,
XAUUSD.mg,420,transition_persistence,TRANSITION_PERSISTENCE,LONG,2023-12-15 08:00:00,16,2037.51,7.009999999999991,22.279999999999973,34.40473911784478,109.34915656855658,False,2023-12-18 14:00:00,16,False,,,
XAUUSD.mg,423,transition_persistence,TRANSITION_PERSISTENCE,LONG,2023-12-18 08:00:00,16,2022.73,10.559999999999945,4.329999999999927,52.206671182016116,21.406712710049916,True,2023-12-19 14:00:00,16,False,,,
XAUUSD.mg,425,transition_persistence,TRANSITION_PERSISTENCE,LONG,2023-12-19 22:00:00,16,2039.82,3.240000000000009,12.710000000000036,15.883754448922009,62.30941945857986,False,2023-12-21 04:00:00,16,False,,,
XAUUSD.mg,428,transition_persistence,TRANSITION_PERSISTENCE,LONG,2023-12-21 22:00:00,16,2045.36,24.87999999999988,2.6299999999998818,121.64117808111962,12.85837212031076,True,2023-12-26 04:00:00,16,False,,,
XAUUSD.mg,430,transition_persistence,TRANSITION_PERSISTENCE,LONG,2023-12-27 02:00:00,16,2066.33,21.740000000000236,5.210000000000036,105.21068754748873,25.213784826237998,True,2023-12-28 08:00:00,16,False,,,
XAUUSD.mg,432,transition_persistence,TRANSITION_PERSISTENCE,LONG,2023-12-27 08:00:00,16,2065.63,22.440000000000055,4.510000000000218,108.63513794822913,21.833532626850975,True,2023-12-28 14:00:00,16,False,,,
XAUUSD.mg,438,transition_persistence,TRANSITION_PERSISTENCE,LONG,2024-01-02 12:00:00,16,2068.88,8.5,38.6400000000001,41.085031514635936,186.76771973241608,False,2024-01-03 18:00:00,16,False,,,
XAUUSD.mg,445,transition_persistence,TRANSITION_PERSISTENCE,LONG,2024-01-09 00:00:00,16,2030.35,11.200000000000045,5.2199999999998,55.162902947767854,25.709852981012144,True,2024-01-10 06:00:00,16,False,,,
XAUUSD.mg,451,transition_persistence,TRANSITION_PERSISTENCE,LONG,2024-01-15 00:00:00,16,2047.23,11.0,1.7699999999999818,53.73113914899645,8.645828753974795,True,2024-01-16 08:00:00,16,False,,,
XAUUSD.mg,457,transition_persistence,TRANSITION_PERSISTENCE,LONG,2024-01-18 06:00:00,16,2008.85,22.730000000000018,3.439999999999827,113.1493142842921,17.124225303033217,True,2024-01-19 12:00:00,16,False,,,
XAUUSD.mg,461,transition_persistence,TRANSITION_PERSISTENCE,LONG,2024-01-23 12:00:00,16,2023.54,12.740000000000009,12.009999999999991,62.95897288909539,59.351433626219354,True,2024-01-24 18:00:00,16,False,,,
XAUUSD.mg,463,transition_persistence,TRANSITION_PERSISTENCE,LONG,2024-01-25 04:00:00,16,2015.42,9.429999999999836,6.019999999999982,46.78925484514313,29.869704577705797,True,2024-01-26 10:00:00,16,False,,,
XAUUSD.mg,465,transition_persistence,TRANSITION_PERSISTENCE,LONG,2024-01-25 08:00:00,16,2015.45,11.019999999999982,6.0499999999999545,54.677615420873664,30.01811009948128,True,2024-01-26 14:00:00,16,False,,,
XAUUSD.mg,467,transition_persistence,TRANSITION_PERSISTENCE,LONG,2024-01-29 10:00:00,16,2028.0,20.199999999999818,7.819999999999936,99.60552268244487,38.56015779092671,True,2024-01-30 16:00:00,16,False,,,
XAUUSD.mg,469,transition_persistence,TRANSITION_PERSISTENCE,LONG,2024-01-29 18:00:00,16,2028.95,19.249999999999773,5.2999999999999545,94.87666034155487,26.121885704428173,True,2024-01-31 00:00:00,16,False,,,
XAUUSD.mg,471,transition_persistence,TRANSITION_PERSISTENCE,LONG,2024-01-29 22:00:00,16,2032.39,15.809999999999718,5.8400000000001455,77.7901879068472,28.734642465275588,True,2024-01-31 04:00:00,16,False,,,
XAUUSD.mg,473,transition_persistence,TRANSITION_PERSISTENCE,LONG,2024-01-30 16:00:00,16,2032.23,23.34999999999991,3.5399999999999636,114.89841208918237,17.419288171122183,True,2024-01-31 22:00:00,16,False,,,
XAUUSD.mg,476,transition_persistence,TRANSITION_PERSISTENCE,LONG,2024-02-01 22:00:00,16,2054.53,2.7099999999995816,27.02000000000021,13.19036470628115,131.51426360286882,False,2024-02-05 04:00:00,16,False,,,
XAUUSD.mg,478,transition_persistence,TRANSITION_PERSISTENCE,LONG,2024-02-05 22:00:00,16,2024.62,13.88000000000011,2.0799999999999272,68.55607472019496,10.273532811095055,True,2024-02-07 04:00:00,16,False,,,
XAUUSD.mg,480,transition_persistence,TRANSITION_PERSISTENCE,LONG,2024-02-06 02:00:00,16,2026.79,11.710000000000036,4.25,57.77608928404047,20.96911865560813,True,2024-02-07 08:00:00,16,False,,,
XAUUSD.mg,482,transition_persistence,TRANSITION_PERSISTENCE,LONG,2024-02-06 22:00:00,16,2035.44,8.720000000000027,5.210000000000036,42.840859961482664,25.596431238454763,True,2024-02-08 04:00:00,16,False,,,
XAUUSD.mg,488,transition_persistence,TRANSITION_PERSISTENCE,LONG,2024-02-13 02:00:00,16,2019.84,17.070000000000164,31.34999999999991,84.51164448669283,155.2103136882125,False,2024-02-14 08:00:00,16,False,,,
XAUUSD.mg,492,transition_persistence,TRANSITION_PERSISTENCE,LONG,2024-02-16 04:00:00,16,2003.91,18.689999999999827,9.170000000000073,93.26766172133392,45.760538147921174,True,2024-02-19 10:00:00,16,False,,,
XAUUSD.mg,500,transition_persistence,TRANSITION_PERSISTENCE,LONG,2024-02-23 22:00:00,16,2035.45,1.6699999999998454,10.759999999999991,8.204573927140657,52.863003267090775,False,2024-02-27 04:00:00,16,False,,,
XAUUSD.mg,504,transition_persistence,TRANSITION_PERSISTENCE,LONG,2024-02-28 16:00:00,16,2031.43,18.919999999999845,3.7100000000000364,93.13636207006812,18.26299700211199,True,2024-02-29 22:00:00,16,False,,,
XAUUSD.mg,507,transition_persistence,TRANSITION_PERSISTENCE,LONG,2024-03-01 22:00:00,16,2083.08,36.440000000000055,4.0,174.93327188586161,19.20233500393648,True,2024-03-05 04:00:00,16,False,,,
XAUUSD.mg,509,transition_persistence,TRANSITION_PERSISTENCE,LONG,2024-03-04 08:00:00,16,2087.03,54.309999999999945,6.330000000000382,260.22625453395466,30.330182124839517,True,2024-03-05 14:00:00,16,False,,,
XAUUSD.mg,512,transition_persistence,TRANSITION_PERSISTENCE,LONG,2024-03-07 22:00:00,16,2159.56,35.179999999999836,5.9099999999998545,162.90355442775305,27.36668580636729,True,2024-03-11 04:00:00,16,False,,,
XAUUSD.mg,514,transition_persistence,TRANSITION_PERSISTENCE,LONG,2024-03-08 22:00:00,16,2178.37,10.25,3.900000000000091,47.05353085104919,17.903294665277667,True,2024-03-12 04:00:00,16,False,,,
XAUUSD.mg,518,transition_persistence,TRANSITION_PERSISTENCE,LONG,2024-03-13 22:00:00,16,2173.97,2.630000000000109,21.56999999999971,12.097683040704835,99.21940045170683,False,2024-03-15 04:00:00,16,False,,,
XAUUSD.mg,520,transition_persistence,TRANSITION_PERSISTENCE,LONG,2024-03-15 04:00:00,16,2164.23,8.110000000000127,18.5300000000002,37.47291184393585,85.61936577905398,False,2024-03-18 10:00:00,16,False,,,
XAUUSD.mg,523,transition_persistence,TRANSITION_PERSISTENCE,LONG,2024-03-18 14:00:00,16,2156.39,6.800000000000182,9.609999999999673,31.53418444715558,44.565222431933336,False,2024-03-19 20:00:00,16,False,,,
XAUUSD.mg,525,transition_persistence,TRANSITION_PERSISTENCE,LONG,2024-03-20 22:00:00,16,2185.9,36.57999999999993,19.840000000000146,167.34525824603105,90.76352989615329,True,2024-03-22 04:00:00,16,False,,,
XAUUSD.mg,528,transition_persistence,TRANSITION_PERSISTENCE,LONG,2024-03-25 00:00:00,16,2168.0,12.909999999999854,4.820000000000164,59.54797047970413,22.232472324724,True,2024-03-26 06:00:00,16,False,,,
XAUUSD.mg,530,transition_persistence,TRANSITION_PERSISTENCE,LONG,2024-03-26 16:00:00,16,2173.93,23.2800000000002,2.6099999999996726,107.0871647201161,12.005906353928934,True,2024-03-27 22:00:00,16,False,,,
XAUUSD.mg,533,transition_persistence,TRANSITION_PERSISTENCE,LONG,2024-03-28 22:00:00,16,2232.62,32.70000000000027,13.36999999999989,146.46469170750183,59.884799025359854,True,2024-04-02 04:00:00,16,False,,,
XAUUSD.mg,536,transition_persistence,TRANSITION_PERSISTENCE,LONG,2024-04-02 22:00:00,16,2280.22,24.120000000000346,15.059999999999945,105.77926691284327,66.04625869433627,True,2024-04-04 04:00:00,16,False,,,
XAUUSD.mg,543,transition_persistence,TRANSITION_PERSISTENCE,LONG,2024-04-08 00:00:00,16,2310.88,42.779999999999745,8.300000000000182,185.124281658934,35.917053243786704,True,2024-04-09 06:00:00,16,False,,,
XAUUSD.mg,545,transition_persistence,TRANSITION_PERSISTENCE,LONG,2024-04-08 14:00:00,16,2327.1,37.820000000000164,8.710000000000036,162.51987452193788,37.428559150874634,True,2024-04-09 20:00:00,16,False,,,
XAUUSD.mg,551,transition_persistence,TRANSITION_PERSISTENCE,LONG,2024-04-11 06:00:00,16,2341.58,58.67000000000007,16.179999999999836,250.5573160003078,69.09864279674338,True,2024-04-12 12:00:00,16,False,,,
XAUUSD.mg,554,transition_persistence,TRANSITION_PERSISTENCE,LONG,2024-04-15 06:00:00,16,2360.78,30.9699999999998,36.91000000000031,131.18545565448622,156.34663119816463,False,2024-04-16 12:00:00,16,False,,,
XAUUSD.mg,558,transition_persistence,TRANSITION_PERSISTENCE,LONG,2024-04-19 04:00:00,16,2390.99,23.420000000000073,39.83999999999969,97.9510579299791,166.62554004826328,False,2024-04-22 10:00:00,16,False,,,
XAUUSD.mg,561,transition_persistence,TRANSITION_PERSISTENCE,LONG,2024-04-26 16:00:00,16,2336.31,10.019999999999982,16.63000000000011,42.888144124709406,71.18062243452329,False,2024-04-29 22:00:00,16,False,,,
XAUUSD.mg,565,transition_persistence,TRANSITION_PERSISTENCE,LONG,2024-05-03 04:00:00,16,2302.07,21.7199999999998,25.15000000000009,94.34986772773982,109.2495015355749,False,2024-05-06 10:00:00,16,False,,,
XAUUSD.mg,568,transition_persistence,TRANSITION_PERSISTENCE,LONG,2024-05-06 22:00:00,16,2323.52,6.059999999999945,16.699999999999818,26.08111830326378,71.87370885552876,False,2024-05-08 04:00:00,16,False,,,
XAUUSD.mg,572,transition_persistence,TRANSITION_PERSISTENCE,LONG,2024-05-08 14:00:00,16,2309.71,33.86000000000013,3.3899999999998727,146.59849071961472,14.67716726342213,True,2024-05-09 20:00:00,16,False,,,
XAUUSD.mg,578,transition_persistence,TRANSITION_PERSISTENCE,LONG,2024-05-14 08:00:00,16,2338.75,39.75,3.0300000000002,169.96258685195082,12.95563869588541,True,2024-05-15 14:00:00,16,False,,,
XAUUSD.mg,580,transition_persistence,TRANSITION_PERSISTENCE,LONG,2024-05-17 22:00:00,16,2414.08,35.61000000000013,8.019999999999982,147.5096102863208,33.221765641569384,True,2024-05-21 04:00:00,16,False,,,
XAUUSD.mg,584,transition_persistence,TRANSITION_PERSISTENCE,LONG,2024-05-24 08:00:00,16,2337.34,19.259999999999764,5.850000000000364,82.40136223228012,25.02845114532059,True,2024-05-27 14:00:00,16,False,,,
XAUUSD.mg,587,transition_persistence,TRANSITION_PERSISTENCE,LONG,2024-05-28 00:00:00,16,2352.04,11.639999999999873,12.159999999999854,49.48895426948467,51.699801023791494,False,2024-05-29 06:00:00,16,False,,,
XAUUSD.mg,592,transition_persistence,TRANSITION_PERSISTENCE,LONG,2024-05-30 22:00:00,16,2342.7,16.620000000000346,22.480000000000018,70.94378281470246,95.95765569641874,False,2024-06-03 04:00:00,16,False,,,
XAUUSD.mg,596,transition_persistence,TRANSITION_PERSISTENCE,LONG,2024-06-03 12:00:00,16,2329.61,24.7199999999998,14.360000000000127,106.11218186735033,61.641218916471544,True,2024-06-04 18:00:00,16,False,,,
XAUUSD.mg,599,transition_persistence,TRANSITION_PERSISTENCE,LONG,2024-06-05 00:00:00,16,2328.46,46.09999999999991,2.9299999999998363,197.98493424838696,12.583424237478146,True,2024-06-06 06:00:00,16,False,,,
XAUUSD.mg,601,transition_persistence,TRANSITION_PERSISTENCE,LONG,2024-06-05 22:00:00,16,2354.86,26.659999999999854,2.3900000000003274,113.21267506348511,10.149223308393395,True,2024-06-07 04:00:00,16,False,,,
XAUUSD.mg,604,transition_persistence,TRANSITION_PERSISTENCE,LONG,2024-06-11 16:00:00,16,2309.77,31.480000000000018,4.239999999999782,136.29062633941916,18.356806088917,True,2024-06-12 22:00:00,16,False,,,
XAUUSD.mg,607,transition_persistence,TRANSITION_PERSISTENCE,LONG,2024-06-14 04:00:00,16,2305.13,31.09999999999991,1.9900000000002365,134.91646891932302,8.632918750787315,True,2024-06-17 10:00:00,16,False,,,
XAUUSD.mg,609,transition_persistence,TRANSITION_PERSISTENCE,LONG,2024-06-14 22:00:00,16,2332.36,0.25,22.690000000000055,1.0718756967192027,97.28343823423509,False,2024-06-18 04:00:00,16,False,,,
XAUUSD.mg,611,transition_persistence,TRANSITION_PERSISTENCE,LONG,2024-06-17 20:00:00,16,2319.86,12.889999999999873,13.640000000000327,55.56369780935001,58.79665152207602,False,2024-06-19 02:00:00,16,False,,,
XAUUSD.mg,613,transition_persistence,TRANSITION_PERSISTENCE,LONG,2024-06-18 00:00:00,16,2320.37,12.38000000000011,14.150000000000091,53.35355999258786,60.98165378797387,False,2024-06-19 06:00:00,16,False,,,
XAUUSD.mg,615,transition_persistence,TRANSITION_PERSISTENCE,LONG,2024-06-20 04:00:00,16,2333.56,34.17000000000007,2.299999999999727,146.4286326471146,9.856185399131487,True,2024-06-21 10:00:00,16,False,,,
XAUUSD.mg,618,transition_persistence,TRANSITION_PERSISTENCE,LONG,2024-06-24 06:00:00,16,2324.83,11.829999999999927,4.329999999999927,50.88544108601458,18.625017743232526,True,2024-06-25 12:00:00,16,False,,,
XAUUSD.mg,621,transition_persistence,TRANSITION_PERSISTENCE,LONG,2024-06-27 02:00:00,16,2297.41,33.16000000000031,1.2599999999997635,144.3364484354134,5.484436822333687,True,2024-06-28 08:00:00,16,False,,,
XAUUSD.mg,623,transition_persistence,TRANSITION_PERSISTENCE,LONG,2024-06-28 00:00:00,16,2327.33,12.110000000000127,9.190000000000055,52.03387572884004,39.48730949199321,True,2024-07-01 06:00:00,16,False,,,
XAUUSD.mg,626,transition_persistence,TRANSITION_PERSISTENCE,LONG,2024-06-28 08:00:00,16,2326.8,12.639999999999873,8.66000000000031,54.32353446793825,37.2184975073075,True,2024-07-01 14:00:00,16,False,,,
XAUUSD.mg,632,transition_persistence,TRANSITION_PERSISTENCE,LONG,2024-07-04 08:00:00,16,2357.17,30.789999999999964,7.070000000000164,130.6227382836196,29.993594013160543,True,2024-07-05 16:00:00,16,False,,,
XAUUSD.mg,637,transition_persistence,TRANSITION_PERSISTENCE,LONG,2024-07-10 18:00:00,16,2372.63,51.50999999999976,3.0700000000001637,217.10085432621082,12.939227776771615,True,2024-07-12 00:00:00,16,False,,,
XAUUSD.mg,640,transition_persistence,TRANSITION_PERSISTENCE,LONG,2024-07-11 22:00:00,16,2414.94,2.9400000000000546,23.860000000000127,12.174215508460064,98.80162654144668,False,2024-07-15 04:00:00,16,False,,,
XAUUSD.mg,644,transition_persistence,TRANSITION_PERSISTENCE,LONG,2024-07-15 22:00:00,16,2421.86,60.09999999999991,2.2200000000002547,248.15637567819738,9.166508386117506,True,2024-07-17 04:00:00,16,False,,,
XAUUSD.mg,647,transition_persistence,TRANSITION_PERSISTENCE,LONG,2024-07-18 06:00:00,16,2466.58,7.940000000000055,58.460000000000036,32.19032020043969,237.0083273196087,False,2024-07-19 12:00:00,16,False,,,
XAUUSD.mg,650,transition_persistence,TRANSITION_PERSISTENCE,LONG,2024-07-23 02:00:00,16,2400.74,18.070000000000164,12.849999999999909,75.26845889184237,53.52516307471826,True,2024-07-24 08:00:00,16,False,,,
XAUUSD.mg,655,transition_persistence,TRANSITION_PERSISTENCE,LONG,2024-07-26 22:00:00,16,2387.87,15.0,18.559999999999945,62.817490064366986,77.72617437297653,False,2024-07-30 04:00:00,16,False,,,
XAUUSD.mg,658,transition_persistence,TRANSITION_PERSISTENCE,LONG,2024-07-30 22:00:00,16,2410.43,47.539999999999964,6.9099999999998545,197.22622104769675,28.667084296162322,True,2024-08-01 04:00:00,16,False,,,
XAUUSD.mg,661,transition_persistence,TRANSITION_PERSISTENCE,LONG,2024-08-01 16:00:00,16,2444.71,32.710000000000036,34.17000000000007,133.7991009158552,139.77117940369234,False,2024-08-02 22:00:00,16,False,,,
XAUUSD.mg,663,transition_persistence,TRANSITION_PERSISTENCE,LONG,2024-08-05 06:00:00,16,2437.62,20.789999999999964,73.69999999999982,85.2881088931005,302.344089726864,False,2024-08-06 12:00:00,16,False,,,
XAUUSD.mg,667,transition_persistence,TRANSITION_PERSISTENCE,LONG,2024-08-06 00:00:00,16,2404.44,13.529999999999745,25.7800000000002,56.27089883715021,107.21831278800968,False,2024-08-07 06:00:00,16,False,,,
XAUUSD.mg,674,transition_persistence,TRANSITION_PERSISTENCE,LONG,2024-08-15 04:00:00,16,2453.28,16.389999999999873,21.470000000000255,66.80851757646853,87.51548946716336,False,2024-08-16 10:00:00,16,False,,,
XAUUSD.mg,676,transition_persistence,TRANSITION_PERSISTENCE,LONG,2024-08-16 22:00:00,16,2506.8,2.5299999999997453,21.5300000000002,10.092548268708095,85.88638902186133,False,2024-08-20 04:00:00,16,False,,,
XAUUSD.mg,679,transition_persistence,TRANSITION_PERSISTENCE,LONG,2024-08-20 16:00:00,16,2508.12,21.710000000000036,14.33999999999969,86.55885683300654,57.17429788048295,True,2024-08-21 22:00:00,16,False,,,
XAUUSD.mg,681,transition_persistence,TRANSITION_PERSISTENCE,LONG,2024-08-21 04:00:00,16,2517.0,2.550000000000182,23.2199999999998,10.131108462456027,92.25268176400398,False,2024-08-22 10:00:00,16,False,,,
XAUUSD.mg,684,transition_persistence,TRANSITION_PERSISTENCE,LONG,2024-08-23 22:00:00,16,2511.58,14.86999999999989,6.099999999999909,59.20575892466054,24.287500298616447,True,2024-08-27 04:00:00,16,False,,,
XAUUSD.mg,686,transition_persistence,TRANSITION_PERSISTENCE,LONG,2024-08-26 16:00:00,16,2515.47,10.13000000000011,12.319999999999709,40.27080426321964,48.976930752502355,False,2024-08-27 22:00:00,16,False,,,
XAUUSD.mg,690,transition_persistence,TRANSITION_PERSISTENCE,LONG,2024-08-27 14:00:00,16,2511.73,16.90000000000009,18.440000000000055,67.28430205475944,73.4155343130036,False,2024-08-28 20:00:00,16,False,,,
XAUUSD.mg,692,transition_persistence,TRANSITION_PERSISTENCE,LONG,2024-08-29 14:00:00,16,2516.39,11.890000000000327,22.59999999999991,47.25022750845588,89.81119778730607,False,2024-08-30 20:00:00,16,False,,,
XAUUSD.mg,699,transition_persistence,TRANSITION_PERSISTENCE,LONG,2024-09-04 00:00:00,16,2492.99,8.970000000000255,21.45999999999958,35.98089041672954,86.08137216755617,False,2024-09-05 06:00:00,16,False,,,
XAUUSD.mg,704,transition_persistence,TRANSITION_PERSISTENCE,LONG,2024-09-11 02:00:00,16,2518.36,10.269999999999982,17.809999999999945,40.780507949617935,70.72062771009684,False,2024-09-12 08:00:00,16,False,,,
XAUUSD.mg,706,transition_persistence,TRANSITION_PERSISTENCE,LONG,2024-09-12 22:00:00,16,2558.33,30.269999999999982,2.0399999999999636,118.31937240309101,7.973951757591724,True,2024-09-16 04:00:00,16,False,,,
XAUUSD.mg,708,transition_persistence,TRANSITION_PERSISTENCE,LONG,2024-09-13 22:00:00,16,2579.1,10.16000000000031,4.150000000000091,39.39358691016366,16.09088441704506,True,2024-09-17 04:00:00,16,False,,,
XAUUSD.mg,710,transition_persistence,TRANSITION_PERSISTENCE,LONG,2024-09-16 10:00:00,16,2585.19,3.75,23.809999999999945,14.505703642672298,92.10154766187377,False,2024-09-17 16:00:00,16,False,,,
XAUUSD.mg,718,transition_persistence,TRANSITION_PERSISTENCE,LONG,2024-09-25 00:00:00,16,2657.79,12.38000000000011,8.409999999999854,46.580053352597865,31.64283107393682,True,2024-09-26 06:00:00,16,False,,,
XAUUSD.mg,724,transition_persistence,TRANSITION_PERSISTENCE,LONG,2024-09-26 22:00:00,16,2672.02,1.849999999999909,29.300000000000182,6.923600871250623,109.65486785278621,False,2024-09-30 04:00:00,16,False,,,
XAUUSD.mg,729,transition_persistence,TRANSITION_PERSISTENCE,LONG,2024-09-30 04:00:00,16,2653.18,7.059999999999945,28.889999999999873,26.60957794043354,108.8882020820294,False,2024-10-01 10:00:00,16,False,,,
XAUUSD.mg,731,transition_persistence,TRANSITION_PERSISTENCE,LONG,2024-10-01 02:00:00,16,2639.42,33.340000000000146,5.849999999999909,126.31562994900449,22.163960263997048,True,2024-10-02 08:00:00,16,False,,,
XAUUSD.mg,733,transition_persistence,TRANSITION_PERSISTENCE,LONG,2024-10-01 22:00:00,16,2663.08,0.5799999999999272,22.340000000000146,2.177929314928306,83.88782913018065,False,2024-10-03 04:00:00,16,False,,,
XAUUSD.mg,736,transition_persistence,TRANSITION_PERSISTENCE,LONG,2024-10-04 08:00:00,16,2660.63,9.11999999999989,29.01000000000022,34.27759590773573,109.03432645651675,False,2024-10-07 14:00:00,16,False,,,
XAUUSD.mg,740,transition_persistence,TRANSITION_PERSISTENCE,LONG,2024-10-09 04:00:00,16,2616.77,7.170000000000073,11.960000000000036,27.400191839558207,45.70520145064349,False,2024-10-10 10:00:00,16,False,,,
XAUUSD.mg,743,transition_persistence,TRANSITION_PERSISTENCE,LONG,2024-10-14 00:00:00,16,2647.69,18.73999999999978,10.019999999999982,70.77867877281624,37.844309567962945,True,2024-10-15 06:00:00,16,False,,,
XAUUSD.mg,748,transition_persistence,TRANSITION_PERSISTENCE,LONG,2024-10-15 22:00:00,16,2662.4,22.480000000000018,4.0900000000001455,84.43509615384622,15.362079326923624,True,2024-10-17 04:00:00,16,False,,,
XAUUSD.mg,752,transition_persistence,TRANSITION_PERSISTENCE,LONG,2024-10-21 06:00:00,16,2724.55,15.61999999999989,10.760000000000218,57.330568350736414,39.492760272339346,True,2024-10-22 12:00:00,16,False,,,
XAUUSD.mg,757,transition_persistence,TRANSITION_PERSISTENCE,LONG,2024-10-24 04:00:00,16,2722.6,20.269999999999982,5.929999999999836,74.45089252919996,21.78065084845308,True,2024-10-25 10:00:00,16,False,,,
XAUUSD.mg,759,transition_persistence,TRANSITION_PERSISTENCE,LONG,2024-10-25 22:00:00,16,2746.18,11.180000000000291,21.859999999999673,40.71109686910651,79.60148278699748,False,2024-10-29 04:00:00,16,False,,,
XAUUSD.mg,762,transition_persistence,TRANSITION_PERSISTENCE,LONG,2024-10-28 14:00:00,16,2738.46,35.929999999999836,7.559999999999945,131.20512989052182,27.6067570824476,True,2024-10-29 20:00:00,16,False,,,
XAUUSD.mg,764,transition_persistence,TRANSITION_PERSISTENCE,LONG,2024-10-29 06:00:00,16,2749.58,39.789999999999964,3.6399999999998727,144.71301071436352,13.23838549887573,True,2024-10-30 12:00:00,16,False,,,
XAUUSD.mg,766,transition_persistence,TRANSITION_PERSISTENCE,LONG,2024-10-30 22:00:00,16,2786.91,2.800000000000182,55.75,10.04696958280024,200.0423408003847,False,2024-11-01 04:00:00,16,False,,,
XAUUSD.mg,769,transition_persistence,TRANSITION_PERSISTENCE,LONG,2024-11-01 04:00:00,16,2751.36,10.449999999999818,21.140000000000327,37.9812165619905,76.83472900674694,False,2024-11-04 10:00:00,16,False,,,
XAUUSD.mg,772,transition_persistence,TRANSITION_PERSISTENCE,LONG,2024-11-04 06:00:00,16,2741.15,6.6599999999998545,16.820000000000164,24.29637196067291,61.36110756434403,False,2024-11-05 12:00:00,16,False,,,
XAUUSD.mg,775,transition_persistence,TRANSITION_PERSISTENCE,LONG,2024-11-08 00:00:00,16,2706.54,3.4299999999998363,40.38999999999987,12.673006864852676,149.23112165347592,False,2024-11-11 06:00:00,16,False,,,
XAUUSD.mg,780,transition_persistence,TRANSITION_PERSISTENCE,LONG,2024-11-12 22:00:00,16,2597.73,20.7199999999998,39.190000000000055,79.76194600670509,150.86248378391926,False,2024-11-14 04:00:00,16,False,,,
XAUUSD.mg,784,transition_persistence,TRANSITION_PERSISTENCE,LONG,2024-11-14 22:00:00,16,2564.31,32.5,10.289999999999964,126.73974675448757,40.12775366472838,True,2024-11-18 04:00:00,16,False,,,
XAUUSD.mg,786,transition_persistence,TRANSITION_PERSISTENCE,LONG,2024-11-18 06:00:00,16,2585.17,50.92000000000007,5.139999999999873,196.9696383603402,19.882638279106875,True,2024-11-19 12:00:00,16,False,,,
XAUUSD.mg,788,transition_persistence,TRANSITION_PERSISTENCE,LONG,2024-11-19 22:00:00,16,2631.8,28.210000000000036,13.320000000000164,107.18899612432568,50.61174861311712,True,2024-11-21 04:00:00,16,False,,,
XAUUSD.mg,791,transition_persistence,TRANSITION_PERSISTENCE,LONG,2024-11-20 22:00:00,16,2649.77,40.34999999999991,2.9099999999998545,152.2773674696291,10.98208523758611,True,2024-11-22 04:00:00,16,False,,,
XAUUSD.mg,793,transition_persistence,TRANSITION_PERSISTENCE,LONG,2024-11-21 22:00:00,16,2669.21,51.73999999999978,9.590000000000146,193.84012498079875,35.92823344735013,True,2024-11-25 04:00:00,16,False,,,
XAUUSD.mg,797,transition_persistence,TRANSITION_PERSISTENCE,LONG,2024-11-26 04:00:00,16,2630.02,23.340000000000146,19.539999999999964,88.74457228462195,74.29601295807622,True,2024-11-27 10:00:00,16,False,,,
XAUUSD.mg,802,transition_persistence,TRANSITION_PERSISTENCE,LONG,2024-11-27 16:00:00,16,2642.32,14.129999999999654,21.7800000000002,53.475733446364,82.42756365618168,False,2024-11-29 00:00:00,16,False,,,
XAUUSD.mg,810,transition_persistence,TRANSITION_PERSISTENCE,LONG,2024-12-06 14:00:00,16,2635.37,40.67000000000007,11.710000000000036,154.32368130471272,44.43398839631641,True,2024-12-09 20:00:00,16,False,,,
XAUUSD.mg,813,transition_persistence,TRANSITION_PERSISTENCE,LONG,2024-12-12 02:00:00,16,2710.59,15.149999999999636,35.80000000000018,55.891890695382315,132.07456679173237,False,2024-12-13 08:00:00,16,False,,,
XAUUSD.mg,815,transition_persistence,TRANSITION_PERSISTENCE,LONG,2024-12-13 04:00:00,16,2687.82,3.1299999999996544,44.620000000000346,11.645125045574682,166.0081404260715,False,2024-12-16 10:00:00,16,False,,,
XAUUSD.mg,817,transition_persistence,TRANSITION_PERSISTENCE,LONG,2024-12-16 08:00:00,16,2653.4,10.579999999999927,18.980000000000018,39.87337001582847,71.5308660586418,False,2024-12-17 14:00:00,16,False,,,
XAUUSD.mg,820,transition_persistence,TRANSITION_PERSISTENCE,LONG,2024-12-17 22:00:00,16,2646.19,5.139999999999873,63.13999999999987,19.424153216510803,238.60720507597668,False,2024-12-19 04:00:00,16,False,,,
XAUUSD.mg,825,transition_persistence,TRANSITION_PERSISTENCE,LONG,2024-12-23 02:00:00,16,2620.45,12.440000000000055,12.6899999999996,47.472762311816886,48.42679692419089,False,2024-12-24 08:00:00,16,False,,,
XAUUSD.mg,828,transition_persistence,TRANSITION_PERSISTENCE,LONG,2024-12-26 22:00:00,16,2633.17,4.699999999999818,21.960000000000036,17.84920836861964,83.39757782444748,False,2024-12-30 04:00:00,16,False,,,
XAUUSD.mg,833,transition_persistence,TRANSITION_PERSISTENCE,LONG,2024-12-30 02:00:00,16,2623.87,3.800000000000182,28.139999999999873,14.482424815254499,107.246166921379,False,2024-12-31 08:00:00,16,False,,,
XAUUSD.mg,835,transition_persistence,TRANSITION_PERSISTENCE,LONG,2025-01-02 22:00:00,16,2657.81,7.119999999999891,21.4699999999998,26.788972876164554,80.78079320944613,False,2025-01-06 04:00:00,16,False,,,
XAUUSD.mg,838,transition_persistence,TRANSITION_PERSISTENCE,LONG,2025-01-06 18:00:00,16,2636.31,27.559999999999945,4.170000000000073,104.54005788393606,15.817563184906453,True,2025-01-08 00:00:00,16,False,,,
XAUUSD.mg,840,transition_persistence,TRANSITION_PERSISTENCE,LONG,2025-01-07 16:00:00,16,2647.35,22.190000000000055,5.650000000000091,83.81966872532931,21.342096813795273,True,2025-01-08 22:00:00,16,False,,,
XAUUSD.mg,843,transition_persistence,TRANSITION_PERSISTENCE,LONG,2025-01-08 18:00:00,16,2655.23,22.63000000000011,6.170000000000073,85.22802167797182,23.237158362929286,True,2025-01-10 00:00:00,16,False,,,
XAUUSD.mg,846,transition_persistence,TRANSITION_PERSISTENCE,LONG,2025-01-09 18:00:00,16,2665.59,31.86999999999989,3.25,119.56077266196186,12.192422690661354,True,2025-01-13 00:00:00,16,False,,,
XAUUSD.mg,848,transition_persistence,TRANSITION_PERSISTENCE,LONG,2025-01-10 22:00:00,16,2688.98,4.050000000000182,32.51999999999998,15.061473123638635,120.93805085943363,False,2025-01-14 04:00:00,16,False,,,
XAUUSD.mg,853,transition_persistence,TRANSITION_PERSISTENCE,LONG,2025-01-14 12:00:00,16,2668.92,26.73999999999978,9.409999999999854,100.1903391634061,35.25770723738386,True,2025-01-15 18:00:00,16,False,,,
XAUUSD.mg,855,transition_persistence,TRANSITION_PERSISTENCE,LONG,2025-01-15 16:00:00,16,2678.09,46.25999999999976,1.75,172.73504624564433,6.534507802202315,True,2025-01-16 22:00:00,16,False,,,
XAUUSD.mg,859,transition_persistence,TRANSITION_PERSISTENCE,LONG,2025-01-20 14:00:00,16,2704.77,40.7800000000002,3.199999999999818,150.7706755103029,11.83095050595732,True,2025-01-21 22:00:00,16,False,,,
XAUUSD.mg,861,transition_persistence,TRANSITION_PERSISTENCE,LONG,2025-01-22 00:00:00,16,2743.91,19.070000000000164,2.3399999999996908,69.49936404619746,8.527976500685849,True,2025-01-23 06:00:00,16,False,,,
XAUUSD.mg,869,transition_persistence,TRANSITION_PERSISTENCE,LONG,2025-01-28 06:00:00,16,2741.42,24.440000000000055,6.970000000000255,89.1508780121253,25.424779858614347,True,2025-01-29 12:00:00,16,False,,,
XAUUSD.mg,871,transition_persistence,TRANSITION_PERSISTENCE,LONG,2025-01-28 10:00:00,16,2743.01,22.84999999999991,8.5600000000004,83.30264927944087,31.206594215844635,True,2025-01-29 16:00:00,16,False,,,
XAUUSD.mg,874,transition_persistence,TRANSITION_PERSISTENCE,LONG,2025-01-31 00:00:00,16,2795.89,20.84999999999991,24.09999999999991,74.57374932490158,86.19795485516208,False,2025-02-03 06:00:00,16,False,,,
XAUUSD.mg,876,transition_persistence,TRANSITION_PERSISTENCE,LONG,2025-01-31 08:00:00,16,2797.95,18.789999999999964,26.159999999999854,67.15631087045861,93.49702460730126,False,2025-02-03 14:00:00,16,False,,,
XAUUSD.mg,878,transition_persistence,TRANSITION_PERSISTENCE,LONG,2025-01-31 22:00:00,16,2800.37,29.90000000000009,28.579999999999927,106.7716051807443,102.05794234333295,True,2025-02-04 04:00:00,16,False,,,
XAUUSD.mg,880,transition_persistence,TRANSITION_PERSISTENCE,LONG,2025-02-04 00:00:00,16,2813.68,46.539999999999964,6.819999999999709,165.40615848284088,24.23871939950424,True,2025-02-05 06:00:00,16,False,,,
XAUUSD.mg,882,transition_persistence,TRANSITION_PERSISTENCE,LONG,2025-02-04 22:00:00,16,2841.57,40.379999999999654,2.1900000000000546,142.10454079962713,7.707007041881968,True,2025-02-06 04:00:00,16,False,,,
XAUUSD.mg,888,transition_persistence,TRANSITION_PERSISTENCE,LONG,2025-02-10 22:00:00,16,2907.6,34.74000000000024,26.2199999999998,119.47998349154022,90.17746595129935,True,2025-02-12 04:00:00,16,False,,,
XAUUSD.mg,890,transition_persistence,TRANSITION_PERSISTENCE,LONG,2025-02-13 02:00:00,16,2905.72,30.730000000000018,4.589999999999691,105.75692083201417,15.796429112232737,True,2025-02-14 08:00:00,16,False,,,
XAUUSD.mg,892,transition_persistence,TRANSITION_PERSISTENCE,LONG,2025-02-13 22:00:00,16,2928.02,11.63000000000011,51.340000000000146,39.71967404594268,175.34033237477936,False,2025-02-17 04:00:00,16,False,,,
XAUUSD.mg,895,transition_persistence,TRANSITION_PERSISTENCE,LONG,2025-02-17 12:00:00,16,2900.64,36.0300000000002,8.989999999999782,124.21396657289495,30.99316013017742,True,2025-02-18 20:00:00,16,False,,,
XAUUSD.mg,897,transition_persistence,TRANSITION_PERSISTENCE,LONG,2025-02-18 22:00:00,16,2935.0,11.760000000000218,16.590000000000146,40.06814310051182,56.52470187393576,False,2025-02-20 04:00:00,16,False,,,
XAUUSD.mg,899,transition_persistence,TRANSITION_PERSISTENCE,LONG,2025-02-19 12:00:00,16,2934.83,19.820000000000164,16.420000000000073,67.53372427023086,55.94872616131113,True,2025-02-20 18:00:00,16,False,,,
XAUUSD.mg,901,transition_persistence,TRANSITION_PERSISTENCE,LONG,2025-02-24 22:00:00,16,2952.42,0.9699999999997999,64.30000000000018,3.2854404183679824,217.7874421660881,False,2025-02-26 04:00:00,16,False,,,
XAUUSD.mg,904,transition_persistence,TRANSITION_PERSISTENCE,LONG,2025-02-26 08:00:00,16,2915.18,5.390000000000327,38.399999999999636,18.489424323713553,131.7242846067812,False,2025-02-27 14:00:00,16,False,,,
XAUUSD.mg,910,transition_persistence,TRANSITION_PERSISTENCE,LONG,2025-03-03 00:00:00,16,2870.79,24.220000000000255,12.110000000000127,84.36702092455477,42.18351046227738,True,2025-03-04 06:00:00,16,False,,,
XAUUSD.mg,912,transition_persistence,TRANSITION_PERSISTENCE,LONG,2025-03-04 00:00:00,16,2890.68,36.90000000000009,8.909999999999854,127.65162522313122,30.823197309975004,True,2025-03-05 06:00:00,16,False,,,
XAUUSD.mg,914,transition_persistence,TRANSITION_PERSISTENCE,LONG,2025-03-05 04:00:00,16,2908.52,21.179999999999836,17.409999999999854,72.8205410311768,59.85862225461697,True,2025-03-06 10:00:00,16,False,,,
XAUUSD.mg,916,transition_persistence,TRANSITION_PERSISTENCE,LONG,2025-03-07 02:00:00,16,2906.6,23.610000000000127,9.940000000000055,81.2289272689745,34.198032064955804,True,2025-03-10 08:00:00,16,False,,,
XAUUSD.mg,919,transition_persistence,TRANSITION_PERSISTENCE,LONG,2025-03-11 22:00:00,16,2915.4,31.440000000000055,9.579999999999927,107.84111957192857,32.8599849077311,True,2025-03-13 04:00:00,16,False,,,
XAUUSD.mg,922,transition_persistence,TRANSITION_PERSISTENCE,LONG,2025-03-13 06:00:00,16,2939.83,64.86999999999989,7.139999999999873,220.6590176983019,24.287118642914294,True,2025-03-14 12:00:00,16,False,,,
XAUUSD.mg,927,transition_persistence,TRANSITION_PERSISTENCE,LONG,2025-03-17 02:00:00,16,2990.6,28.070000000000164,8.599999999999909,93.8607637263431,28.756771216477997,True,2025-03-18 08:00:00,16,False,,,
XAUUSD.mg,931,transition_persistence,TRANSITION_PERSISTENCE,LONG,2025-03-19 12:00:00,16,3038.76,18.4399999999996,13.270000000000437,60.68264686911635,43.669128197029174,True,2025-03-20 18:00:00,16,False,,,
XAUUSD.mg,933,transition_persistence,TRANSITION_PERSISTENCE,LONG,2025-03-19 22:00:00,16,3047.07,10.129999999999654,21.580000000000382,33.2450518038629,70.82213405008872,False,2025-03-21 04:00:00,16,False,,,
XAUUSD.mg,937,transition_persistence,TRANSITION_PERSISTENCE,LONG,2025-03-24 02:00:00,16,3020.64,12.41000000000031,18.379999999999654,41.08400868690181,60.84803220509446,False,2025-03-25 08:00:00,16,False,,,
XAUUSD.mg,939,transition_persistence,TRANSITION_PERSISTENCE,LONG,2025-03-25 16:00:00,16,3021.32,14.36999999999989,9.16000000000031,47.561992771371095,30.317874306595492,True,2025-03-26 22:00:00,16,False,,,
XAUUSD.mg,943,transition_persistence,TRANSITION_PERSISTENCE,LONG,2025-03-27 22:00:00,16,3056.55,55.0,2.5600000000004,179.94143724133417,8.37545598796159,True,2025-03-31 04:00:00,16,False,,,
XAUUSD.mg,945,transition_persistence,TRANSITION_PERSISTENCE,LONG,2025-03-28 22:00:00,16,3084.07,63.07999999999993,7.5,204.53491652264677,24.31851417120882,True,2025-04-01 04:00:00,16,False,,,
XAUUSD.mg,947,transition_persistence,TRANSITION_PERSISTENCE,LONG,2025-03-31 22:00:00,16,3123.71,25.039999999999964,23.110000000000127,80.16109049815752,73.98253999250932,True,2025-04-02 04:00:00,16,False,,,
XAUUSD.mg,951,transition_persistence,TRANSITION_PERSISTENCE,LONG,2025-04-04 00:00:00,16,3112.7,23.63000000000011,141.5,75.91480065537993,454.58926334050824,False,2025-04-07 06:00:00,16,False,,,
XAUUSD.mg,955,transition_persistence,TRANSITION_PERSISTENCE,LONG,2025-04-07 06:00:00,16,3031.71,14.170000000000073,75.30999999999995,46.73929894350077,248.40766432145534,False,2025-04-08 12:00:00,16,False,,,
XAUUSD.mg,957,transition_persistence,TRANSITION_PERSISTENCE,LONG,2025-04-07 12:00:00,16,3031.03,14.849999999999909,74.63000000000011,48.99324652015951,246.21993183835232,False,2025-04-08 18:00:00,16,False,,,
XAUUSD.mg,961,transition_persistence,TRANSITION_PERSISTENCE,LONG,2025-04-09 22:00:00,16,3082.84,136.98999999999978,11.600000000000364,444.3629899702864,37.62764204434989,True,2025-04-11 04:00:00,16,False,,,
XAUUSD.mg,963,transition_persistence,TRANSITION_PERSISTENCE,LONG,2025-04-11 22:00:00,16,3238.08,7.329999999999927,44.61000000000013,22.63687123233499,137.7668247850582,False,2025-04-15 04:00:00,16,False,,,
XAUUSD.mg,967,transition_persistence,TRANSITION_PERSISTENCE,LONG,2025-04-17 06:00:00,16,3329.2,76.5,45.409999999999854,229.78493331731346,136.39913492730943,True,2025-04-21 12:00:00,16,False,,,
XAUUSD.mg,970,transition_persistence,TRANSITION_PERSISTENCE,LONG,2025-04-22 12:00:00,16,3456.58,11.450000000000273,196.69000000000005,33.12522782634938,569.0306603637123,False,2025-04-23 18:00:00,16,False,,,
XAUUSD.mg,975,transition_persistence,TRANSITION_PERSISTENCE,LONG,2025-04-25 22:00:00,16,3316.16,36.57999999999993,48.4699999999998,110.30830840490185,146.16303194055715,False,2025-04-29 04:00:00,16,False,,,
XAUUSD.mg,977,transition_persistence,TRANSITION_PERSISTENCE,LONG,2025-04-30 14:00:00,16,3308.92,10.650000000000091,107.21000000000004,32.185728273878155,324.00299795703745,False,2025-05-01 20:00:00,16,False,,,
XAUUSD.mg,980,transition_persistence,TRANSITION_PERSISTENCE,LONG,2025-04-30 22:00:00,16,3288.1,9.63000000000011,86.38999999999987,29.287430430948294,262.7353182689087,False,2025-05-02 04:00:00,16,False,,,
XAUUSD.mg,983,transition_persistence,TRANSITION_PERSISTENCE,LONG,2025-05-01 22:00:00,16,3237.88,34.289999999999964,15.240000000000236,105.90262764524924,47.06783450900045,True,2025-05-05 04:00:00,16,False,,,
XAUUSD.mg,989,transition_persistence,TRANSITION_PERSISTENCE,LONG,2025-05-09 06:00:00,16,3321.22,26.04000000000042,113.67999999999984,78.40492349197108,342.2838595455882,False,2025-05-12 12:00:00,16,False,,,
XAUUSD.mg,991,transition_persistence,TRANSITION_PERSISTENCE,LONG,2025-05-12 22:00:00,16,3234.7,30.550000000000182,19.08999999999969,94.44461619315604,59.01629208272696,True,2025-05-14 04:00:00,16,False,,,
XAUUSD.mg,995,transition_persistence,TRANSITION_PERSISTENCE,LONG,2025-05-16 00:00:00,16,3236.94,14.960000000000036,82.84999999999991,46.21648841189529,255.95160861801548,False,2025-05-19 06:00:00,16,False,,,
XAUUSD.mg,998,transition_persistence,TRANSITION_PERSISTENCE,LONG,2025-05-19 00:00:00,16,3234.61,14.980000000000018,30.190000000000055,46.311610982467805,93.33428141259705,False,2025-05-20 06:00:00,16,False,,,
XAUUSD.mg,1003,transition_persistence,TRANSITION_PERSISTENCE,LONG,2025-05-22 06:00:00,16,3332.11,17.40000000000009,53.11000000000013,52.21916443334731,159.38849557787745,False,2025-05-23 12:00:00,16,False,,,
XAUUSD.mg,1006,transition_persistence,TRANSITION_PERSISTENCE,LONG,2025-05-27 22:00:00,16,3300.4,24.779999999999745,55.090000000000146,75.081808265664,166.9191613137806,False,2025-05-29 04:00:00,16,False,,,
XAUUSD.mg,1008,transition_persistence,TRANSITION_PERSISTENCE,LONG,2025-05-29 22:00:00,16,3317.42,5.069999999999709,45.970000000000255,15.282960855121477,138.5715405345125,False,2025-06-02 04:00:00,16,False,,,
XAUUSD.mg,1017,transition_persistence,TRANSITION_PERSISTENCE,LONG,2025-06-04 04:00:00,16,3358.93,30.820000000000164,15.389999999999873,91.75541020503603,45.818162331456364,True,2025-06-05 10:00:00,16,False,,,
XAUUSD.mg,1022,transition_persistence,TRANSITION_PERSISTENCE,LONG,2025-06-09 14:00:00,16,3319.02,29.86999999999989,17.38000000000011,89.99644473368613,52.364854686022106,True,2025-06-10 20:00:00,16,False,,,
XAUUSD.mg,1024,transition_persistence,TRANSITION_PERSISTENCE,LONG,2025-06-12 10:00:00,16,3365.22,81.26999999999998,19.25,241.49981279084278,57.2027980340067,True,2025-06-13 16:00:00,16,False,,,
XAUUSD.mg,1027,transition_persistence,TRANSITION_PERSISTENCE,LONG,2025-06-17 02:00:00,16,3393.52,9.519999999999982,27.539999999999964,28.053466606944944,81.15467125580507,False,2025-06-18 08:00:00,16,False,,,
XAUUSD.mg,1034,transition_persistence,TRANSITION_PERSISTENCE,LONG,2025-06-20 20:00:00,16,3365.36,29.359999999999673,32.39000000000033,87.24178096845411,96.24527539401528,False,2025-06-24 02:00:00,16,False,,,
XAUUSD.mg,1038,transition_persistence,TRANSITION_PERSISTENCE,LONG,2025-06-24 22:00:00,16,3322.69,20.289999999999964,10.929999999999836,61.064980482681094,32.8950338430604,True,2025-06-26 04:00:00,16,False,,,
XAUUSD.mg,1040,transition_persistence,TRANSITION_PERSISTENCE,LONG,2025-06-26 10:00:00,16,3340.4,9.670000000000073,84.65000000000009,28.948628906717975,253.41276493833098,False,2025-06-27 16:00:00,16,False,,,
XAUUSD.mg,1047,transition_persistence,TRANSITION_PERSISTENCE,LONG,2025-06-30 22:00:00,16,3302.74,55.05000000000018,0.6299999999996544,166.6797870858747,1.9075071001642712,True,2025-07-02 04:00:00,16,False,,,
XAUUSD.mg,1052,transition_persistence,TRANSITION_PERSISTENCE,LONG,2025-07-02 22:00:00,16,3356.86,8.670000000000073,45.51000000000022,25.827708036677347,135.5731248845654,False,2025-07-04 04:00:00,16,False,,,
XAUUSD.mg,1056,transition_persistence,TRANSITION_PERSISTENCE,LONG,2025-07-07 16:00:00,16,3320.64,25.01000000000022,33.73999999999978,75.31680639876717,101.60691914811537,False,2025-07-08 22:00:00,16,False,,,
XAUUSD.mg,1059,transition_persistence,TRANSITION_PERSISTENCE,LONG,2025-07-09 22:00:00,16,3313.36,22.58999999999969,3.430000000000291,68.17852572615017,10.352029359925545,True,2025-07-11 04:00:00,16,False,,,
XAUUSD.mg,1061,transition_persistence,TRANSITION_PERSISTENCE,LONG,2025-07-10 16:00:00,16,3319.42,49.029999999999745,9.490000000000236,147.70652704388039,28.589331871231227,True,2025-07-11 22:00:00,16,False,,,
XAUUSD.mg,1064,transition_persistence,TRANSITION_PERSISTENCE,LONG,2025-07-11 22:00:00,16,3357.26,17.479999999999563,16.470000000000255,52.06626832595499,49.057862661814255,True,2025-07-15 04:00:00,16,False,,,
XAUUSD.mg,1070,transition_persistence,TRANSITION_PERSISTENCE,LONG,2025-07-17 20:00:00,16,3339.5,21.51000000000022,7.7199999999998,64.41083994610037,23.117233118729747,True,2025-07-21 02:00:00,16,False,,,
XAUUSD.mg,1074,transition_persistence,TRANSITION_PERSISTENCE,LONG,2025-07-21 22:00:00,16,3396.84,41.84999999999991,13.75,123.20274137139197,40.47879794161632,True,2025-07-23 04:00:00,16,False,,,
XAUUSD.mg,1078,transition_persistence,TRANSITION_PERSISTENCE,LONG,2025-07-24 20:00:00,16,3370.24,3.0400000000004184,46.559999999999945,9.020129130270895,138.15039878465615,False,2025-07-28 02:00:00,16,False,,,
XAUUSD.mg,1081,transition_persistence,TRANSITION_PERSISTENCE,LONG,2025-07-29 06:00:00,16,3319.72,14.140000000000327,10.899999999999636,42.59395370694013,32.83409444169881,True,2025-07-30 12:00:00,16,False,,,
XAUUSD.mg,1086,transition_persistence,TRANSITION_PERSISTENCE,LONG,2025-08-05 00:00:00,16,3377.18,13.010000000000218,27.549999999999727,38.523264972551715,81.57693697108158,False,2025-08-06 06:00:00,16,False,,,
XAUUSD.mg,1091,transition_persistence,TRANSITION_PERSISTENCE,LONG,2025-08-07 10:00:00,16,3376.45,31.670000000000073,4.829999999999927,93.79673917872344,14.304965274178286,True,2025-08-08 16:00:00,16,False,,,
XAUUSD.mg,1093,transition_persistence,TRANSITION_PERSISTENCE,LONG,2025-08-08 08:00:00,16,3401.81,3.0599999999999454,57.570000000000164,8.995211372769042,169.23343749357008,False,2025-08-11 14:00:00,16,False,,,
XAUUSD.mg,1100,transition_persistence,TRANSITION_PERSISTENCE,LONG,2025-08-13 18:00:00,16,3353.39,21.090000000000146,23.759999999999764,62.89158135498748,70.85367344686948,False,2025-08-15 00:00:00,16,False,,,
XAUUSD.mg,1104,transition_persistence,TRANSITION_PERSISTENCE,LONG,2025-08-18 12:00:00,16,3345.22,5.950000000000273,30.5,17.786573080396128,91.17487041211042,False,2025-08-19 18:00:00,16,False,,,
XAUUSD.mg,1108,transition_persistence,TRANSITION_PERSISTENCE,LONG,2025-08-22 22:00:00,16,3371.7,14.519999999999982,20.6899999999996,43.06432956668738,61.36370376961058,False,2025-08-26 04:00:00,16,False,,,
XAUUSD.mg,1112,transition_persistence,TRANSITION_PERSISTENCE,LONG,2025-08-26 22:00:00,16,3393.39,5.800000000000182,19.779999999999745,17.092052490283116,58.28979280306639,False,2025-08-28 04:00:00,16,False,,,
XAUUSD.mg,1116,transition_persistence,TRANSITION_PERSISTENCE,LONG,2025-08-29 00:00:00,16,3414.46,71.26999999999998,10.269999999999982,208.72993094076364,30.077962547518442,True,2025-09-01 06:00:00,16,False,,,
XAUUSD.mg,1119,transition_persistence,TRANSITION_PERSISTENCE,LONG,2025-09-01 10:00:00,16,3469.16,60.75,3.049999999999727,175.1144369242122,8.791753623354724,True,2025-09-02 18:00:00,16,False,,,
XAUUSD.mg,1122,transition_persistence,TRANSITION_PERSISTENCE,LONG,2025-09-03 10:00:00,16,3534.04,44.07999999999993,22.860000000000127,124.72977102692649,64.68517617231306,True,2025-09-04 16:00:00,16,False,,,
XAUUSD.mg,1126,transition_persistence,TRANSITION_PERSISTENCE,LONG,2025-09-08 00:00:00,16,3590.93,68.14000000000033,11.4699999999998,189.75585711779493,31.94158616291546,True,2025-09-09 06:00:00,16,False,,,
XAUUSD.mg,1129,transition_persistence,TRANSITION_PERSISTENCE,LONG,2025-09-09 12:00:00,16,3647.85,26.539999999999964,27.730000000000018,72.75518456076857,76.01738010060726,False,2025-09-10 18:00:00,16,False,,,
XAUUSD.mg,1135,transition_persistence,TRANSITION_PERSISTENCE,LONG,2025-09-11 20:00:00,16,3636.7,19.66000000000031,10.36999999999989,54.05999945005172,28.514862375229995,True,2025-09-15 02:00:00,16,False,,,
XAUUSD.mg,1141,transition_persistence,TRANSITION_PERSISTENCE,LONG,2025-09-15 22:00:00,16,3678.59,24.210000000000036,4.440000000000055,65.8132599718915,12.06984197749696,True,2025-09-17 04:00:00,16,False,,,
XAUUSD.mg,1143,transition_persistence,TRANSITION_PERSISTENCE,LONG,2025-09-16 06:00:00,16,3682.4,20.40000000000009,22.519999999999982,55.3986530523574,61.155767977405986,False,2025-09-17 12:00:00,16,False,,,
XAUUSD.mg,1146,transition_persistence,TRANSITION_PERSISTENCE,LONG,2025-09-17 16:00:00,16,3684.04,23.139999999999873,56.34999999999991,62.81147870272818,152.95707972769,False,2025-09-18 22:00:00,16,False,,,
XAUUSD.mg,1149,transition_persistence,TRANSITION_PERSISTENCE,LONG,2025-09-23 08:00:00,16,3753.16,37.720000000000255,4.389999999999873,100.50197700071475,11.696810154642682,True,2025-09-24 14:00:00,16,False,,,
XAUUSD.mg,1154,transition_persistence,TRANSITION_PERSISTENCE,LONG,2025-09-26 22:00:00,16,3761.23,105.65999999999985,0.38000000000010914,280.9187420072685,1.0103077982471402,True,2025-09-30 04:00:00,16,False,,,
XAUUSD.mg,1156,transition_persistence,TRANSITION_PERSISTENCE,LONG,2025-09-29 22:00:00,16,3833.74,41.51000000000022,40.79999999999973,108.27546990667133,106.423492464277,True,2025-10-01 04:00:00,16,False,,,
XAUUSD.mg,1158,transition_persistence,TRANSITION_PERSISTENCE,LONG,2025-09-30 08:00:00,16,3843.62,51.43000000000029,50.679999999999836,133.80615149260407,131.85486598571097,True,2025-10-01 14:00:00,16,False,,,
XAUUSD.mg,1160,transition_persistence,TRANSITION_PERSISTENCE,LONG,2025-09-30 22:00:00,16,3858.16,36.89000000000033,7.670000000000073,95.6155265722529,19.87994277064734,True,2025-10-02 08:00:00,16,False,,,
XAUUSD.mg,1163,transition_persistence,TRANSITION_PERSISTENCE,LONG,2025-10-03 06:00:00,16,3854.85,94.43000000000029,13.449999999999818,244.9641360883051,34.89111119758179,True,2025-10-06 14:00:00,16,False,,,
XAUUSD.mg,1165,transition_persistence,TRANSITION_PERSISTENCE,LONG,2025-10-06 22:00:00,16,3960.06,76.72000000000025,19.320000000000164,193.7344383670961,48.787139588794524,True,2025-10-08 06:00:00,16,False,,,
XAUUSD.mg,1168,transition_persistence,TRANSITION_PERSISTENCE,LONG,2025-10-08 00:00:00,16,3994.09,64.96000000000004,11.360000000000127,162.64030104479374,28.442023089114485,True,2025-10-09 06:00:00,16,False,,,
XAUUSD.mg,1172,transition_persistence,TRANSITION_PERSISTENCE,LONG,2025-10-10 06:00:00,16,3974.61,120.83999999999969,27.700000000000273,304.02982934174594,69.69237233338686,True,2025-10-13 14:00:00,16,False,,,
XAUUSD.mg,1175,transition_persistence,TRANSITION_PERSISTENCE,LONG,2025-10-13 02:00:00,16,4052.86,126.63999999999987,28.480000000000018,312.470699703419,70.27136392572163,True,2025-10-14 08:00:00,16,False,,,
XAUUSD.mg,1177,transition_persistence,TRANSITION_PERSISTENCE,LONG,2025-10-14 06:00:00,16,4120.99,96.92000000000007,30.6899999999996,235.18620525650408,74.47239619605871,True,2025-10-15 12:00:00,16,False,,,
XAUUSD.mg,1179,transition_persistence,TRANSITION_PERSISTENCE,LONG,2025-10-14 18:00:00,16,4148.08,69.82999999999993,20.329999999999927,168.34294420551177,49.01062660315116,True,2025-10-16 00:00:00,16,False,,,
XAUUSD.mg,1181,transition_persistence,TRANSITION_PERSISTENCE,LONG,2025-10-15 22:00:00,16,4207.78,171.2400000000007,8.269999999999527,406.9604399469571,19.654069366743336,True,2025-10-17 04:00:00,16,False,,,
XAUUSD.mg,1183,transition_persistence,TRANSITION_PERSISTENCE,LONG,2025-10-17 02:00:00,16,4313.84,64.64999999999964,127.36000000000058,149.86647627171993,295.23579919515,False,2025-10-20 10:00:00,16,False,,,
XAUUSD.mg,1186,transition_persistence,TRANSITION_PERSISTENCE,LONG,2025-10-20 22:00:00,16,4356.25,23.699999999999818,352.3600000000001,54.40459110473416,808.8608321377334,False,2025-10-22 04:00:00,16,False,,,
XAUUSD.mg,1192,transition_persistence,TRANSITION_PERSISTENCE,LONG,2025-10-24 18:00:00,16,4107.39,31.099999999999454,136.1600000000003,75.71718293125184,331.50005234467704,False,2025-10-28 02:00:00,16,False,,,
XAUUSD.mg,1194,transition_persistence,TRANSITION_PERSISTENCE,LONG,2025-10-28 04:00:00,16,3992.64,36.76999999999998,106.23999999999978,92.09445379498273,266.0896048729657,False,2025-10-29 10:00:00,16,False,,,
XAUUSD.mg,1196,transition_persistence,TRANSITION_PERSISTENCE,LONG,2025-10-28 20:00:00,16,3960.07,69.76999999999998,44.840000000000146,176.18375432757495,113.23032168623318,True,2025-10-30 02:00:00,16,False,,,
XAUUSD.mg,1198,transition_persistence,TRANSITION_PERSISTENCE,LONG,2025-10-30 22:00:00,16,4024.83,21.15000000000009,62.48999999999978,52.54880330349379,155.26121600166908,False,2025-11-03 04:00:00,16,False,,,
XAUUSD.mg,1205,transition_persistence,TRANSITION_PERSISTENCE,LONG,2025-11-07 04:00:00,16,3990.24,95.89000000000033,6.2599999999997635,240.31135971771204,15.688279401739655,True,2025-11-10 10:00:00,16,False,,,
XAUUSD.mg,1208,transition_persistence,TRANSITION_PERSISTENCE,LONG,2025-11-12 22:00:00,16,4195.74,49.11000000000058,50.60999999999967,117.047290823551,120.6223455218857,False,2025-11-14 04:00:00,16,False,,,
XAUUSD.mg,1212,transition_persistence,TRANSITION_PERSISTENCE,LONG,2025-11-14 10:00:00,16,4169.13,17.539999999999964,137.17000000000007,42.071127549392706,329.0134872263519,False,2025-11-17 16:00:00,16,False,,,
XAUUSD.mg,1215,transition_persistence,TRANSITION_PERSISTENCE,LONG,2025-11-18 08:00:00,16,4013.42,106.1899999999996,15.700000000000273,264.5873095763703,39.11875657170262,True,2025-11-19 14:00:00,16,False,,,
XAUUSD.mg,1217,transition_persistence,TRANSITION_PERSISTENCE,LONG,2025-11-18 12:00:00,16,4039.22,93.40000000000009,10.199999999999818,231.2327627611274,25.25240021588282,True,2025-11-19 18:00:00,16,False,,,
XAUUSD.mg,1219,transition_persistence,TRANSITION_PERSISTENCE,LONG,2025-11-19 16:00:00,16,4096.36,36.26000000000022,57.7199999999998,88.51761075686763,140.90558447011443,False,2025-11-20 22:00:00,16,False,,,
XAUUSD.mg,1223,transition_persistence,TRANSITION_PERSISTENCE,LONG,2025-11-21 16:00:00,16,4069.46,63.85999999999967,29.570000000000164,156.92499741980427,72.6632034717141,True,2025-11-24 22:00:00,16,False,,,
XAUUSD.mg,1229,transition_persistence,TRANSITION_PERSISTENCE,LONG,2025-11-25 14:00:00,16,4147.73,25.480000000000473,36.839999999999236,61.431192483600604,88.8196676254222,False,2025-11-26 20:00:00,16,False,,,
XAUUSD.mg,1231,transition_persistence,TRANSITION_PERSISTENCE,LONG,2025-11-26 14:00:00,16,4153.09,20.11999999999989,16.150000000000546,48.44585597711556,38.88670845081745,True,2025-11-27 20:00:00,16,False,,,
XAUUSD.mg,1233,transition_persistence,TRANSITION_PERSISTENCE,LONG,2025-11-27 02:00:00,16,4154.07,38.76000000000022,11.539999999999964,93.3060829499749,27.77998444898609,True,2025-11-28 10:00:00,16,False,,,
XAUUSD.mg,1240,transition_persistence,TRANSITION_PERSISTENCE,LONG,2025-12-03 02:00:00,16,4214.25,27.170000000000073,39.649999999999636,64.47173281129518,94.085543097822,False,2025-12-04 08:00:00,16,False,,,
XAUUSD.mg,1242,transition_persistence,TRANSITION_PERSISTENCE,LONG,2025-12-04 16:00:00,16,4207.29,51.81999999999971,16.079999999999927,123.1671693655529,38.2193763681608,True,2025-12-05 22:00:00,16,False,,,
XAUUSD.mg,1247,transition_persistence,TRANSITION_PERSISTENCE,LONG,2025-12-11 00:00:00,16,4232.19,53.48000000000047,28.199999999999818,126.36483711742733,66.6321691606469,True,2025-12-12 06:00:00,16,False,,,
XAUUSD.mg,1251,transition_persistence,TRANSITION_PERSISTENCE,LONG,2025-12-11 22:00:00,16,4276.15,77.20000000000073,18.6299999999992,180.53623001999634,43.56722752943466,True,2025-12-15 04:00:00,16,False,,,
XAUUSD.mg,1253,transition_persistence,TRANSITION_PERSISTENCE,LONG,2025-12-12 16:00:00,16,4289.98,63.3700000000008,32.45999999999913,147.71630636972853,75.66468841346376,True,2025-12-15 22:00:00,16,False,,,
XAUUSD.mg,1255,transition_persistence,TRANSITION_PERSISTENCE,LONG,2025-12-15 04:00:00,16,4326.98,23.110000000000582,55.57999999999993,53.409075151723805,128.44986572621073,False,2025-12-16 10:00:00,16,False,,,
XAUUSD.mg,1258,transition_persistence,TRANSITION_PERSISTENCE,LONG,2025-12-22 22:00:00,16,4438.51,87.01000000000022,8.239999999999782,196.03425473864024,18.56478863402309,True,2025-12-24 04:00:00,16,False,,,
XAUUSD.mg,1262,transition_persistence,TRANSITION_PERSISTENCE,LONG,2025-12-24 04:00:00,16,4492.97,37.86999999999989,44.89000000000033,84.28723094078057,99.91163973941586,False,2025-12-26 12:00:00,16,False,,,
XAUUSD.mg,1265,transition_persistence,TRANSITION_PERSISTENCE,LONG,2025-12-26 18:00:00,16,4518.96,30.720000000000255,215.73000000000047,67.98024324180841,477.388602687345,False,2025-12-30 00:00:00,16,False,,,
XAUUSD.mg,6,transition_persistence,TRANSITION_PERSISTENCE,SHORT,2023-01-05 22:00:00,16,1832.6,2.5399999999999636,46.91000000000008,13.860089490341393,255.97511731965562,False,2023-01-09 04:00:00,16,False,,,
XAUUSD.mg,10,transition_persistence,TRANSITION_PERSISTENCE,SHORT,2023-01-09 18:00:00,16,1871.31,3.509999999999991,9.440000000000055,18.756913605976514,50.44594428501988,False,2023-01-11 00:00:00,16,False,,,
XAUUSD.mg,12,transition_persistence,TRANSITION_PERSISTENCE,SHORT,2023-01-12 14:00:00,16,1882.42,11.900000000000091,39.5,63.21649791226236,209.83627458271798,False,2023-01-13 20:00:00,16,False,,,
XAUUSD.mg,15,transition_persistence,TRANSITION_PERSISTENCE,SHORT,2023-01-13 12:00:00,16,1896.6,2.8899999999998727,32.37000000000012,15.237793947062496,170.67383739323063,False,2023-01-16 18:00:00,16,False,,,
XAUUSD.mg,17,transition_persistence,TRANSITION_PERSISTENCE,SHORT,2023-01-16 10:00:00,16,1915.62,11.389999999999873,3.6800000000000637,59.45855649867862,19.21049059834447,True,2023-01-17 18:00:00,16,False,,,
XAUUSD.mg,20,transition_persistence,TRANSITION_PERSISTENCE,SHORT,2023-01-18 02:00:00,16,1904.06,7.480000000000018,21.87000000000012,39.28447632952753,114.85982584582482,False,2023-01-19 08:00:00,16,False,,,
XAUUSD.mg,22,transition_persistence,TRANSITION_PERSISTENCE,SHORT,2023-01-18 22:00:00,16,1903.72,2.740000000000009,31.460000000000036,14.392872901477155,165.25539470090158,False,2023-01-20 04:00:00,16,False,,,
XAUUSD.mg,24,transition_persistence,TRANSITION_PERSISTENCE,SHORT,2023-01-20 10:00:00,16,1930.04,18.61999999999989,5.529999999999973,96.47468446249762,28.652255911794434,True,2023-01-23 16:00:00,16,False,,,
XAUUSD.mg,26,transition_persistence,TRANSITION_PERSISTENCE,SHORT,2023-01-24 22:00:00,16,1937.14,17.29000000000019,12.009999999999991,89.25529388686512,61.998616517133456,True,2023-01-26 04:00:00,16,False,,,
XAUUSD.mg,29,transition_persistence,TRANSITION_PERSISTENCE,SHORT,2023-01-26 22:00:00,16,1928.59,11.919999999999845,6.400000000000091,61.80681223069624,33.18486562722036,True,2023-01-30 04:00:00,16,False,,,
XAUUSD.mg,37,transition_persistence,TRANSITION_PERSISTENCE,SHORT,2023-02-02 22:00:00,16,1911.59,51.73000000000002,6.990000000000009,270.6124221198061,36.566418531170434,True,2023-02-06 04:00:00,16,False,,,
XAUUSD.mg,39,transition_persistence,TRANSITION_PERSISTENCE,SHORT,2023-02-03 22:00:00,16,1865.77,5.910000000000082,15.529999999999973,31.675930044968467,83.23641177637101,False,2023-02-07 04:00:00,16,False,,,
XAUUSD.mg,42,transition_persistence,TRANSITION_PERSISTENCE,SHORT,2023-02-09 22:00:00,16,1861.4,8.6400000000001,10.789999999999964,46.41667562050123,57.967121521435274,False,2023-02-13 04:00:00,16,False,,,
XAUUSD.mg,45,transition_persistence,TRANSITION_PERSISTENCE,SHORT,2023-02-13 22:00:00,16,1853.23,9.930000000000064,17.25,53.58212418318322,93.08072932123913,False,2023-02-15 04:00:00,16,False,,,
XAUUSD.mg,47,transition_persistence,TRANSITION_PERSISTENCE,SHORT,2023-02-16 20:00:00,16,1836.5,17.589999999999918,8.789999999999964,95.78001633542019,47.86278246664831,True,2023-02-20 02:00:00,16,False,,,
XAUUSD.mg,49,transition_persistence,TRANSITION_PERSISTENCE,SHORT,2023-02-17 12:00:00,16,1826.79,4.889999999999873,20.680000000000064,26.768265646296907,113.20403549395422,False,2023-02-20 18:00:00,16,False,,,
XAUUSD.mg,53,transition_persistence,TRANSITION_PERSISTENCE,SHORT,2023-02-22 22:00:00,16,1824.95,7.430000000000064,8.829999999999927,40.71344420395114,48.38488725718472,False,2023-02-24 04:00:00,16,False,,,
XAUUSD.mg,55,transition_persistence,TRANSITION_PERSISTENCE,SHORT,2023-02-24 22:00:00,16,1811.11,4.4099999999998545,9.060000000000173,24.349708190004225,50.02457056722216,False,2023-02-28 04:00:00,16,False,,,
XAUUSD.mg,59,transition_persistence,TRANSITION_PERSISTENCE,SHORT,2023-03-02 00:00:00,16,1835.67,5.670000000000073,8.689999999999827,30.88790468875164,47.3396634471328,False,2023-03-03 06:00:00,16,False,,,
XAUUSD.mg,63,transition_persistence,TRANSITION_PERSISTENCE,SHORT,2023-03-06 08:00:00,16,1853.4,23.450000000000045,4.889999999999873,126.52422574727552,26.383943023631556,True,2023-03-07 14:00:00,16,False,,,
XAUUSD.mg,68,transition_persistence,TRANSITION_PERSISTENCE,SHORT,2023-03-10 06:00:00,16,1830.67,2.130000000000109,63.49000000000001,11.635084422643672,346.8129154899573,False,2023-03-13 12:00:00,16,False,,,
XAUUSD.mg,70,transition_persistence,TRANSITION_PERSISTENCE,SHORT,2023-03-14 12:00:00,16,1904.16,18.690000000000055,33.149999999999864,98.15351651121783,174.09251323418127,False,2023-03-15 18:00:00,16,False,,,
XAUUSD.mg,74,transition_persistence,TRANSITION_PERSISTENCE,SHORT,2023-03-16 04:00:00,16,1913.37,4.229999999999791,20.950000000000045,22.107590272659188,109.49267522747847,False,2023-03-17 10:00:00,16,False,,,
XAUUSD.mg,78,transition_persistence,TRANSITION_PERSISTENCE,SHORT,2023-03-20 10:00:00,16,1984.71,41.6400000000001,21.230000000000018,209.80395120697784,106.96776859087734,True,2023-03-21 16:00:00,16,False,,,
XAUUSD.mg,80,transition_persistence,TRANSITION_PERSISTENCE,SHORT,2023-03-20 18:00:00,16,1977.27,42.069999999999936,7.680000000000064,212.76810956520828,38.84143288473534,True,2023-03-22 00:00:00,16,False,,,
XAUUSD.mg,84,transition_persistence,TRANSITION_PERSISTENCE,SHORT,2023-03-24 06:00:00,16,1990.24,42.200000000000045,12.470000000000027,212.03472947986194,62.65576010933368,True,2023-03-27 12:00:00,16,False,,,
XAUUSD.mg,86,transition_persistence,TRANSITION_PERSISTENCE,SHORT,2023-03-27 04:00:00,16,1974.38,30.62000000000012,2.4199999999998454,155.08666011608767,12.25701232791988,True,2023-03-28 10:00:00,16,False,,,
XAUUSD.mg,92,transition_persistence,TRANSITION_PERSISTENCE,SHORT,2023-03-31 06:00:00,16,1978.83,29.299999999999955,8.539999999999964,148.06729228887755,43.156814885563506,True,2023-04-03 12:00:00,16,False,,,
XAUUSD.mg,94,transition_persistence,TRANSITION_PERSISTENCE,SHORT,2023-03-31 22:00:00,16,1969.24,19.710000000000036,20.980000000000018,100.08937458105684,106.53856310048556,False,2023-04-04 04:00:00,16,False,,,
XAUUSD.mg,96,transition_persistence,TRANSITION_PERSISTENCE,SHORT,2023-04-04 06:00:00,16,1978.59,1.8699999999998909,49.54000000000019,9.451174826517322,250.38032133994508,False,2023-04-05 12:00:00,16,False,,,
XAUUSD.mg,98,transition_persistence,TRANSITION_PERSISTENCE,SHORT,2023-04-05 18:00:00,16,2020.76,26.029999999999973,2.9500000000000455,128.8129218709791,14.598467903165371,True,2023-04-10 00:00:00,16,False,,,
XAUUSD.mg,100,transition_persistence,TRANSITION_PERSISTENCE,SHORT,2023-04-06 22:00:00,16,2007.27,25.829999999999927,0.650000000000091,128.68224005739103,3.2382290374493263,True,2023-04-11 04:00:00,16,False,,,
XAUUSD.mg,103,transition_persistence,TRANSITION_PERSISTENCE,SHORT,2023-04-11 22:00:00,16,2003.54,2.3599999999999,24.519999999999982,11.779150902901366,122.38338141489554,False,2023-04-13 04:00:00,16,False,,,
XAUUSD.mg,106,transition_persistence,TRANSITION_PERSISTENCE,SHORT,2023-04-12 14:00:00,16,2007.6,6.419999999999845,40.75,31.97848176927598,202.97868101215383,False,2023-04-13 20:00:00,16,False,,,
XAUUSD.mg,109,transition_persistence,TRANSITION_PERSISTENCE,SHORT,2023-04-14 06:00:00,16,2042.6,50.44999999999982,3.6400000000001,246.98913149906892,17.820424948595416,True,2023-04-17 12:00:00,16,False,,,
XAUUSD.mg,113,transition_persistence,TRANSITION_PERSISTENCE,SHORT,2023-04-17 22:00:00,16,1994.9,3.910000000000082,16.699999999999818,19.59997994887003,83.71346934683352,False,2023-04-19 04:00:00,16,False,,,
XAUUSD.mg,115,transition_persistence,TRANSITION_PERSISTENCE,SHORT,2023-04-19 18:00:00,16,1993.75,3.619999999999891,18.36999999999989,18.156739811911677,92.13793103448222,False,2023-04-21 00:00:00,16,False,,,
XAUUSD.mg,118,transition_persistence,TRANSITION_PERSISTENCE,SHORT,2023-04-21 22:00:00,16,1982.51,8.6400000000001,18.160000000000082,43.58111686700244,91.6010511926804,False,2023-04-25 04:00:00,16,False,,,
XAUUSD.mg,121,transition_persistence,TRANSITION_PERSISTENCE,SHORT,2023-04-25 16:00:00,16,1989.68,6.529999999999973,19.399999999999864,32.819347834827575,97.50311607896678,False,2023-04-26 22:00:00,16,False,,,
XAUUSD.mg,123,transition_persistence,TRANSITION_PERSISTENCE,SHORT,2023-04-27 18:00:00,16,1988.92,12.88000000000011,5.839999999999918,64.75876355006793,29.362669187297215,True,2023-05-01 00:00:00,16,False,,,
XAUUSD.mg,126,transition_persistence,TRANSITION_PERSISTENCE,SHORT,2023-04-28 06:00:00,16,1984.56,8.519999999999982,10.200000000000045,42.93143064457603,51.39678316604207,False,2023-05-01 12:00:00,16,False,,,
XAUUSD.mg,130,transition_persistence,TRANSITION_PERSISTENCE,SHORT,2023-05-02 04:00:00,16,1981.88,3.660000000000082,37.399999999999864,18.467313863604666,188.70970997234878,False,2023-05-03 10:00:00,16,False,,,
XAUUSD.mg,132,transition_persistence,TRANSITION_PERSISTENCE,SHORT,2023-05-04 12:00:00,16,2041.73,42.48000000000002,17.590000000000146,208.05885205193644,86.15242955728792,True,2023-05-05 18:00:00,16,False,,,
XAUUSD.mg,139,transition_persistence,TRANSITION_PERSISTENCE,SHORT,2023-05-08 20:00:00,16,2020.06,0.7200000000000273,17.920000000000073,3.564250566814982,88.71023632961433,False,2023-05-10 02:00:00,16,False,,,
XAUUSD.mg,142,transition_persistence,TRANSITION_PERSISTENCE,SHORT,2023-05-12 00:00:00,16,2016.14,15.440000000000055,6.139999999999873,76.5819833940106,30.454234328964617,True,2023-05-15 06:00:00,16,False,,,
XAUUSD.mg,145,transition_persistence,TRANSITION_PERSISTENCE,SHORT,2023-05-16 22:00:00,16,1988.7,14.100000000000136,3.9500000000000455,70.90058832403146,19.862221551767714,True,2023-05-18 04:00:00,16,False,,,
XAUUSD.mg,150,transition_persistence,TRANSITION_PERSISTENCE,SHORT,2023-05-18 22:00:00,16,1957.17,3.5299999999999727,26.61999999999989,18.036246212643626,136.01271223245755,False,2023-05-22 04:00:00,16,False,,,
XAUUSD.mg,154,transition_persistence,TRANSITION_PERSISTENCE,SHORT,2023-05-24 14:00:00,16,1972.25,33.75999999999999,12.6099999999999,171.17505387248062,63.93712764608898,True,2023-05-25 20:00:00,16,False,,,
XAUUSD.mg,156,transition_persistence,TRANSITION_PERSISTENCE,SHORT,2023-05-25 22:00:00,16,1940.93,4.5900000000001455,15.939999999999827,23.64845718289761,82.12557897502654,False,2023-05-29 04:00:00,16,False,,,
XAUUSD.mg,158,transition_persistence,TRANSITION_PERSISTENCE,SHORT,2023-05-30 08:00:00,16,1941.97,10.120000000000118,31.339999999999918,52.11203056689917,161.3825136330629,False,2023-05-31 14:00:00,16,False,,,
XAUUSD.mg,161,transition_persistence,TRANSITION_PERSISTENCE,SHORT,2023-05-31 04:00:00,16,1957.71,4.740000000000009,16.690000000000055,24.211961935118115,85.25266765762066,False,2023-06-01 10:00:00,16,False,,,
XAUUSD.mg,165,transition_persistence,TRANSITION_PERSISTENCE,SHORT,2023-06-02 08:00:00,16,1975.64,37.8900000000001,5.099999999999909,191.78595290640047,25.814419631106418,True,2023-06-05 14:00:00,16,False,,,
XAUUSD.mg,173,transition_persistence,TRANSITION_PERSISTENCE,SHORT,2023-06-12 04:00:00,16,1958.08,9.240000000000009,8.509999999999991,47.18908318352677,43.46094133028268,True,2023-06-13 10:00:00,16,False,,,
XAUUSD.mg,175,transition_persistence,TRANSITION_PERSISTENCE,SHORT,2023-06-12 16:00:00,16,1955.06,15.429999999999836,15.690000000000055,78.92340900023446,80.25329145908594,False,2023-06-13 22:00:00,16,False,,,
XAUUSD.mg,179,transition_persistence,TRANSITION_PERSISTENCE,SHORT,2023-06-15 06:00:00,16,1937.42,13.019999999999982,28.730000000000018,67.20277482425071,148.28999390942602,False,2023-06-16 12:00:00,16,False,,,
XAUUSD.mg,182,transition_persistence,TRANSITION_PERSISTENCE,SHORT,2023-06-16 16:00:00,16,1955.85,8.449999999999818,9.820000000000164,43.20372216683191,50.20834931104208,False,2023-06-20 00:00:00,16,False,,,
XAUUSD.mg,184,transition_persistence,TRANSITION_PERSISTENCE,SHORT,2023-06-16 22:00:00,16,1957.05,12.309999999999945,1.2799999999999727,62.90079456324542,6.540456299021347,True,2023-06-20 06:00:00,16,False,,,
XAUUSD.mg,188,transition_persistence,TRANSITION_PERSISTENCE,SHORT,2023-06-20 22:00:00,16,1935.91,17.12000000000012,3.189999999999827,88.43386314446496,16.478038751800582,True,2023-06-22 04:00:00,16,False,,,
XAUUSD.mg,191,transition_persistence,TRANSITION_PERSISTENCE,SHORT,2023-06-21 16:00:00,16,1931.89,19.88000000000011,5.319999999999936,102.90440967135866,27.537799771208174,True,2023-06-22 22:00:00,16,False,,,
XAUUSD.mg,193,transition_persistence,TRANSITION_PERSISTENCE,SHORT,2023-06-22 22:00:00,16,1913.44,3.730000000000018,23.49000000000001,19.493686763107377,122.76319090224939,False,2023-06-26 04:00:00,16,False,,,
XAUUSD.mg,196,transition_persistence,TRANSITION_PERSISTENCE,SHORT,2023-06-26 02:00:00,16,1925.04,4.420000000000073,7.910000000000082,22.960561858455268,41.090055271579196,False,2023-06-27 08:00:00,16,False,,,
XAUUSD.mg,199,transition_persistence,TRANSITION_PERSISTENCE,SHORT,2023-06-27 22:00:00,16,1913.3,10.909999999999854,3.5,57.021899336224614,18.293001620237288,True,2023-06-29 04:00:00,16,False,,,
XAUUSD.mg,201,transition_persistence,TRANSITION_PERSISTENCE,SHORT,2023-06-28 18:00:00,16,1911.38,18.830000000000155,1.6099999999999,98.51520890665464,8.42323347528958,True,2023-06-30 00:00:00,16,False,,,
XAUUSD.mg,206,transition_persistence,TRANSITION_PERSISTENCE,SHORT,2023-06-30 00:00:00,16,1908.39,8.27000000000021,13.949999999999818,43.33495773924726,73.09826607768757,False,2023-07-03 06:00:00,16,False,,,
XAUUSD.mg,208,transition_persistence,TRANSITION_PERSISTENCE,SHORT,2023-06-30 04:00:00,16,1907.93,7.810000000000173,14.409999999999854,40.93441583286689,75.52687991697732,False,2023-07-03 10:00:00,16,False,,,
XAUUSD.mg,211,transition_persistence,TRANSITION_PERSISTENCE,SHORT,2023-07-03 04:00:00,16,1917.94,8.220000000000027,12.659999999999854,42.85848358134262,66.00832142819824,False,2023-07-04 10:00:00,16,False,,,
XAUUSD.mg,213,transition_persistence,TRANSITION_PERSISTENCE,SHORT,2023-07-04 02:00:00,16,1921.24,1.5599999999999454,9.069999999999936,8.119755990922245,47.2090941267095,False,2023-07-05 10:00:00,16,False,,,
XAUUSD.mg,218,transition_persistence,TRANSITION_PERSISTENCE,SHORT,2023-07-06 22:00:00,16,1910.4,1.1800000000000637,24.039999999999964,6.176716917923281,125.83752093802326,False,2023-07-10 04:00:00,16,False,,,
XAUUSD.mg,223,transition_persistence,TRANSITION_PERSISTENCE,SHORT,2023-07-13 06:00:00,16,1955.05,2.980000000000018,8.309999999999945,15.242576916191496,42.505306769647554,False,2023-07-14 12:00:00,16,False,,,
XAUUSD.mg,225,transition_persistence,TRANSITION_PERSISTENCE,SHORT,2023-07-13 14:00:00,16,1958.15,7.550000000000182,5.209999999999809,38.55680106222803,26.606746163469648,True,2023-07-14 20:00:00,16,False,,,
XAUUSD.mg,228,transition_persistence,TRANSITION_PERSISTENCE,SHORT,2023-07-17 22:00:00,16,1954.68,0.6300000000001091,29.289999999999964,3.223033949291491,149.84549900751,False,2023-07-19 04:00:00,16,False,,,
XAUUSD.mg,232,transition_persistence,TRANSITION_PERSISTENCE,SHORT,2023-07-19 04:00:00,16,1975.12,5.75,11.970000000000027,29.112155210822635,60.603912673660474,False,2023-07-20 10:00:00,16,False,,,
XAUUSD.mg,237,transition_persistence,TRANSITION_PERSISTENCE,SHORT,2023-07-20 22:00:00,16,1969.01,12.569999999999936,4.410000000000082,63.839188221491696,22.397042168399764,True,2023-07-24 04:00:00,16,False,,,
XAUUSD.mg,239,transition_persistence,TRANSITION_PERSISTENCE,SHORT,2023-07-21 22:00:00,16,1961.58,8.740000000000009,5.900000000000091,44.555919207985454,30.077794431020358,True,2023-07-25 04:00:00,16,False,,,
XAUUSD.mg,241,transition_persistence,TRANSITION_PERSISTENCE,SHORT,2023-07-24 22:00:00,16,1954.08,2.2899999999999636,11.820000000000164,11.719069843609082,60.488823384918554,False,2023-07-26 04:00:00,16,False,,,
XAUUSD.mg,245,transition_persistence,TRANSITION_PERSISTENCE,SHORT,2023-07-27 22:00:00,16,1945.18,2.0499999999999545,17.960000000000036,10.538870438725231,92.33078686805352,False,2023-07-31 04:00:00,16,False,,,
XAUUSD.mg,248,transition_persistence,TRANSITION_PERSISTENCE,SHORT,2023-08-01 04:00:00,16,1961.78,20.920000000000073,0.5899999999999181,106.63784930012577,3.007472805309047,True,2023-08-02 10:00:00,16,False,,,
XAUUSD.mg,250,transition_persistence,TRANSITION_PERSISTENCE,SHORT,2023-08-01 22:00:00,16,1943.7,10.940000000000055,10.700000000000045,56.28440602973738,55.04964757935919,True,2023-08-03 04:00:00,16,False,,,
XAUUSD.mg,256,transition_persistence,TRANSITION_PERSISTENCE,SHORT,2023-08-07 02:00:00,16,1942.0,12.1400000000001,2.9500000000000455,62.512873326468075,15.19052523172011,True,2023-08-08 08:00:00,16,False,,,
XAUUSD.mg,258,transition_persistence,TRANSITION_PERSISTENCE,SHORT,2023-08-08 22:00:00,16,1924.74,11.049999999999955,7.220000000000027,57.410351527998344,37.511560002909626,True,2023-08-10 04:00:00,16,False,,,
XAUUSD.mg,263,transition_persistence,TRANSITION_PERSISTENCE,SHORT,2023-08-14 04:00:00,16,1912.35,10.039999999999964,3.4600000000000364,52.50084973984869,18.09292232070508,True,2023-08-15 10:00:00,16,False,,,
XAUUSD.mg,265,transition_persistence,TRANSITION_PERSISTENCE,SHORT,2023-08-14 16:00:00,16,1910.27,14.230000000000018,2.5599999999999454,74.49208750595476,13.401246944148971,True,2023-08-15 22:00:00,16,False,,,
XAUUSD.mg,267,transition_persistence,TRANSITION_PERSISTENCE,SHORT,2023-08-15 04:00:00,16,1906.76,10.720000000000027,4.480000000000018,56.221024145671336,23.495353374310444,True,2023-08-16 10:00:00,16,False,,,
XAUUSD.mg,269,transition_persistence,TRANSITION_PERSISTENCE,SHORT,2023-08-17 22:00:00,16,1888.93,4.519999999999982,7.519999999999982,23.92889095943196,39.8108982333913,False,2023-08-21 04:00:00,16,False,,,
XAUUSD.mg,272,transition_persistence,TRANSITION_PERSISTENCE,SHORT,2023-08-21 08:00:00,16,1887.74,2.7799999999999727,15.299999999999955,14.726604299320737,81.04929704302477,False,2023-08-23 04:00:00,16,False,,,
XAUUSD.mg,275,transition_persistence,TRANSITION_PERSISTENCE,SHORT,2023-08-21 16:00:00,16,1888.78,3.8199999999999363,16.309999999999945,20.22469530596436,86.35203676447202,False,2023-08-23 12:00:00,16,False,,,
XAUUSD.mg,280,transition_persistence,TRANSITION_PERSISTENCE,SHORT,2023-08-24 18:00:00,16,1916.76,13.329999999999927,5.25,69.54443957511596,27.389970575345895,True,2023-08-28 00:00:00,16,False,,,
XAUUSD.mg,282,transition_persistence,TRANSITION_PERSISTENCE,SHORT,2023-08-25 22:00:00,16,1913.55,1.1299999999998818,12.13000000000011,5.905254631443557,63.39003422957388,False,2023-08-29 04:00:00,16,False,,,
XAUUSD.mg,293,transition_persistence,TRANSITION_PERSISTENCE,SHORT,2023-09-05 04:00:00,16,1936.61,14.459999999999809,1.9600000000000364,74.66655650853713,10.120778060631912,True,2023-09-06 10:00:00,16,False,,,
XAUUSD.mg,296,transition_persistence,TRANSITION_PERSISTENCE,SHORT,2023-09-07 00:00:00,16,1916.74,0.9300000000000637,10.150000000000091,4.851988271753413,52.9544956540798,False,2023-09-08 06:00:00,16,False,,,
XAUUSD.mg,301,transition_persistence,TRANSITION_PERSISTENCE,SHORT,2023-09-08 22:00:00,16,1918.75,2.4300000000000637,11.559999999999945,12.664495114006845,60.24755700325704,False,2023-09-12 04:00:00,16,False,,,
XAUUSD.mg,304,transition_persistence,TRANSITION_PERSISTENCE,SHORT,2023-09-12 22:00:00,16,1912.98,7.740000000000009,2.3599999999999,40.46043345983758,12.336772992921516,True,2023-09-14 04:00:00,16,False,,,
XAUUSD.mg,307,transition_persistence,TRANSITION_PERSISTENCE,SHORT,2023-09-13 06:00:00,16,1909.82,5.029999999999973,5.519999999999982,26.33756060780583,28.903247426458947,False,2023-09-14 12:00:00,16,False,,,
XAUUSD.mg,309,transition_persistence,TRANSITION_PERSISTENCE,SHORT,2023-09-14 16:00:00,16,1907.6,7.009999999999991,22.420000000000073,36.747745858670534,117.52988047808805,False,2023-09-15 22:00:00,16,False,,,
XAUUSD.mg,316,transition_persistence,TRANSITION_PERSISTENCE,SHORT,2023-09-19 20:00:00,16,1931.59,7.7999999999999545,15.430000000000064,40.38124032532761,79.88237669484758,False,2023-09-21 02:00:00,16,False,,,
XAUUSD.mg,319,transition_persistence,TRANSITION_PERSISTENCE,SHORT,2023-09-21 00:00:00,16,1929.05,15.509999999999991,2.0800000000001546,80.40227054767887,10.782509525414866,True,2023-09-22 06:00:00,16,False,,,
XAUUSD.mg,321,transition_persistence,TRANSITION_PERSISTENCE,SHORT,2023-09-25 08:00:00,16,1923.08,18.819999999999936,3.730000000000018,97.8638434178502,19.39596896644975,True,2023-09-26 14:00:00,16,False,,,
XAUUSD.mg,323,transition_persistence,TRANSITION_PERSISTENCE,SHORT,2023-09-25 22:00:00,16,1915.54,16.799999999999955,0.8600000000001273,87.703728452551,4.489595623166978,True,2023-09-27 04:00:00,16,False,,,
XAUUSD.mg,325,transition_persistence,TRANSITION_PERSISTENCE,SHORT,2023-09-27 22:00:00,16,1874.61,17.319999999999936,4.600000000000136,92.39255098393765,24.538437328298347,True,2023-09-29 04:00:00,16,False,,,
XAUUSD.mg,327,transition_persistence,TRANSITION_PERSISTENCE,SHORT,2023-09-28 08:00:00,16,1875.37,18.079999999999927,4.080000000000155,96.40764222526717,21.75570687384439,True,2023-09-29 14:00:00,16,False,,,
XAUUSD.mg,329,transition_persistence,TRANSITION_PERSISTENCE,SHORT,2023-09-28 22:00:00,16,1864.44,21.930000000000064,15.009999999999991,117.62244963635227,80.50674733432017,True,2023-10-02 04:00:00,16,False,,,
XAUUSD.mg,332,transition_persistence,TRANSITION_PERSISTENCE,SHORT,2023-09-29 22:00:00,16,1848.74,33.87000000000012,0.7400000000000091,183.20585912567543,4.002726181074728,True,2023-10-03 04:00:00,16,False,,,
XAUUSD.mg,334,transition_persistence,TRANSITION_PERSISTENCE,SHORT,2023-10-02 22:00:00,16,1827.43,12.560000000000173,5.529999999999973,68.73040280612759,30.26107703167822,True,2023-10-04 04:00:00,16,False,,,
XAUUSD.mg,340,transition_persistence,TRANSITION_PERSISTENCE,SHORT,2023-10-12 22:00:00,16,1868.39,0.44000000000005457,61.97999999999979,2.354968716381775,331.7294569120997,False,2023-10-16 04:00:00,16,False,,,
XAUUSD.mg,347,transition_persistence,TRANSITION_PERSISTENCE,SHORT,2023-10-19 02:00:00,16,1947.87,3.0299999999999727,33.98000000000002,15.555452879298787,174.44696001273195,False,2023-10-20 08:00:00,16,False,,,
XAUUSD.mg,351,transition_persistence,TRANSITION_PERSISTENCE,SHORT,2023-10-20 20:00:00,16,1979.33,15.36999999999989,3.1000000000001364,77.65253899046593,15.661865378689438,True,2023-10-24 02:00:00,16,False,,,
XAUUSD.mg,353,transition_persistence,TRANSITION_PERSISTENCE,SHORT,2023-10-23 10:00:00,16,1977.24,24.029999999999973,5.190000000000055,121.53304606421058,26.248710323481493,True,2023-10-24 16:00:00,16,False,,,
XAUUSD.mg,357,transition_persistence,TRANSITION_PERSISTENCE,SHORT,2023-10-24 16:00:00,16,1969.39,8.509999999999991,17.4699999999998,43.21134970726972,88.70767090317204,False,2023-10-25 22:00:00,16,False,,,
XAUUSD.mg,365,transition_persistence,TRANSITION_PERSISTENCE,SHORT,2023-10-30 10:00:00,16,1996.23,6.009999999999991,11.279999999999973,30.10675122606108,56.506514780360845,False,2023-10-31 16:00:00,16,False,,,
XAUUSD.mg,370,transition_persistence,TRANSITION_PERSISTENCE,SHORT,2023-11-01 18:00:00,16,1977.59,8.1099999999999,13.040000000000191,41.00951157722228,65.93884475548619,False,2023-11-03 00:00:00,16,False,,,
XAUUSD.mg,374,transition_persistence,TRANSITION_PERSISTENCE,SHORT,2023-11-06 02:00:00,16,1991.72,24.850000000000136,1.0299999999999727,124.76653344847738,5.171409635892458,True,2023-11-07 08:00:00,16,False,,,
XAUUSD.mg,378,transition_persistence,TRANSITION_PERSISTENCE,SHORT,2023-11-08 22:00:00,16,1949.76,5.3599999999999,15.420000000000073,27.490562941079414,79.08665681930121,False,2023-11-10 04:00:00,16,False,,,
XAUUSD.mg,380,transition_persistence,TRANSITION_PERSISTENCE,SHORT,2023-11-09 12:00:00,16,1948.43,12.240000000000009,16.75,62.81980876911159,85.96665007210933,False,2023-11-10 18:00:00,16,False,,,
XAUUSD.mg,385,transition_persistence,TRANSITION_PERSISTENCE,SHORT,2023-11-13 12:00:00,16,1937.61,6.379999999999882,32.830000000000155,32.927162844947546,169.43554172408358,False,2023-11-14 18:00:00,16,False,,,
XAUUSD.mg,388,transition_persistence,TRANSITION_PERSISTENCE,SHORT,2023-11-14 06:00:00,16,1944.06,0.6799999999998363,29.63000000000011,3.4978344289776873,152.41299136857972,False,2023-11-15 12:00:00,16,False,,,
XAUUSD.mg,390,transition_persistence,TRANSITION_PERSISTENCE,SHORT,2023-11-15 16:00:00,16,1962.74,7.670000000000073,24.779999999999973,39.078023579282394,126.2520761792187,False,2023-11-16 22:00:00,16,False,,,
XAUUSD.mg,393,transition_persistence,TRANSITION_PERSISTENCE,SHORT,2023-11-20 06:00:00,16,1980.28,15.210000000000036,13.610000000000127,76.80732017694486,68.72765467509709,True,2023-11-21 12:00:00,16,False,,,
XAUUSD.mg,395,transition_persistence,TRANSITION_PERSISTENCE,SHORT,2023-11-20 22:00:00,16,1977.32,0.7599999999999909,29.779999999999973,3.8435862682822757,150.60789351243082,False,2023-11-22 04:00:00,16,False,,,
XAUUSD.mg,397,transition_persistence,TRANSITION_PERSISTENCE,SHORT,2023-11-22 22:00:00,16,1989.46,0.39000000000010004,8.670000000000073,1.9603309440757795,43.579664833673824,False,2023-11-24 06:00:00,16,False,,,
XAUUSD.mg,400,transition_persistence,TRANSITION_PERSISTENCE,SHORT,2023-11-27 14:00:00,16,2010.89,5.490000000000009,31.7199999999998,27.301344180934855,157.74109971206678,False,2023-11-28 20:00:00,16,False,,,
XAUUSD.mg,402,transition_persistence,TRANSITION_PERSISTENCE,SHORT,2023-11-27 18:00:00,16,2009.57,4.169999999999845,34.580000000000155,20.75070786287537,172.07661340485853,False,2023-11-29 00:00:00,16,False,,,
XAUUSD.mg,406,transition_persistence,TRANSITION_PERSISTENCE,SHORT,2023-12-01 12:00:00,16,2036.67,16.90000000000009,113.11999999999989,82.97858759642008,555.4164395802947,False,2023-12-04 18:00:00,16,False,,,
XAUUSD.mg,411,transition_persistence,TRANSITION_PERSISTENCE,SHORT,2023-12-07 22:00:00,16,2028.19,33.90000000000009,5.429999999999836,167.14410385614804,26.77263964421398,True,2023-12-11 04:00:00,16,False,,,
XAUUSD.mg,415,transition_persistence,TRANSITION_PERSISTENCE,SHORT,2023-12-11 22:00:00,16,1981.38,4.570000000000164,14.959999999999809,23.06473266107543,75.50293229970933,False,2023-12-13 04:00:00,16,False,,,
XAUUSD.mg,419,transition_persistence,TRANSITION_PERSISTENCE,SHORT,2023-12-15 02:00:00,16,2031.85,16.61999999999989,12.670000000000073,81.79737677485981,62.35696532716526,True,2023-12-18 08:00:00,16,False,,,
XAUUSD.mg,422,transition_persistence,TRANSITION_PERSISTENCE,SHORT,2023-12-15 22:00:00,16,2018.12,2.509999999999991,15.170000000000073,12.437317899827518,75.16896913959563,False,2023-12-19 04:00:00,16,False,,,
XAUUSD.mg,434,transition_persistence,TRANSITION_PERSISTENCE,SHORT,2023-12-28 16:00:00,16,2076.91,19.059999999999945,3.850000000000364,91.7709481874513,18.537153752451303,True,2023-12-29 22:00:00,16,False,,,
XAUUSD.mg,436,transition_persistence,TRANSITION_PERSISTENCE,SHORT,2023-12-29 16:00:00,16,2064.48,8.800000000000182,14.0,42.625745950555014,67.81368673951793,False,2024-01-02 22:00:00,16,False,,,
XAUUSD.mg,444,transition_persistence,TRANSITION_PERSISTENCE,SHORT,2024-01-08 16:00:00,16,2033.83,15.659999999999854,7.720000000000027,76.99758583559027,37.957941420866185,True,2024-01-09 22:00:00,16,False,,,
XAUUSD.mg,446,transition_persistence,TRANSITION_PERSISTENCE,SHORT,2024-01-09 16:00:00,16,2028.4,8.330000000000155,11.409999999999854,41.0668507197799,56.25123249852028,False,2024-01-10 22:00:00,16,False,,,
XAUUSD.mg,448,transition_persistence,TRANSITION_PERSISTENCE,SHORT,2024-01-10 06:00:00,16,2026.28,6.210000000000036,13.529999999999973,30.6472945496182,66.77260793177632,False,2024-01-11 12:00:00,16,False,,,
XAUUSD.mg,452,transition_persistence,TRANSITION_PERSISTENCE,SHORT,2024-01-15 02:00:00,16,2050.68,12.379999999999882,7.550000000000182,60.3702186591759,36.81705580587992,True,2024-01-16 10:00:00,16,False,,,
XAUUSD.mg,455,transition_persistence,TRANSITION_PERSISTENCE,SHORT,2024-01-16 22:00:00,16,2027.89,26.460000000000036,4.689999999999827,130.48045012303447,23.12748719111898,True,2024-01-18 04:00:00,16,False,,,
XAUUSD.mg,462,transition_persistence,TRANSITION_PERSISTENCE,SHORT,2024-01-23 16:00:00,16,2024.73,13.88000000000011,11.549999999999955,68.5523501899024,57.0446429894354,True,2024-01-24 22:00:00,16,False,,,
XAUUSD.mg,464,transition_persistence,TRANSITION_PERSISTENCE,SHORT,2024-01-25 06:00:00,16,2015.18,5.779999999999973,9.669999999999845,28.682301332883277,47.98578787006543,False,2024-01-26 12:00:00,16,False,,,
XAUUSD.mg,470,transition_persistence,TRANSITION_PERSISTENCE,SHORT,2024-01-29 20:00:00,16,2026.54,1.8199999999999363,21.659999999999854,8.980824459423136,106.88168010500584,False,2024-01-31 02:00:00,16,False,,,
XAUUSD.mg,474,transition_persistence,TRANSITION_PERSISTENCE,SHORT,2024-01-30 20:00:00,16,2035.71,5.210000000000036,19.86999999999989,25.593036336217025,97.6072230327497,False,2024-02-01 02:00:00,16,False,,,
XAUUSD.mg,479,transition_persistence,TRANSITION_PERSISTENCE,SHORT,2024-02-06 00:00:00,16,2024.73,2.1900000000000546,13.769999999999982,10.816256982412739,68.00906787571667,False,2024-02-07 06:00:00,16,False,,,
XAUUSD.mg,483,transition_persistence,TRANSITION_PERSISTENCE,SHORT,2024-02-07 04:00:00,16,2034.04,5.529999999999973,10.120000000000118,27.187272620007338,49.75320052703053,False,2024-02-08 10:00:00,16,False,,,
XAUUSD.mg,487,transition_persistence,TRANSITION_PERSISTENCE,SHORT,2024-02-12 22:00:00,16,2019.66,31.170000000000073,17.25,154.3329075190877,85.41041561450938,True,2024-02-14 04:00:00,16,False,,,
XAUUSD.mg,490,transition_persistence,TRANSITION_PERSISTENCE,SHORT,2024-02-14 06:00:00,16,1992.56,8.700000000000045,5.170000000000073,43.66242421809153,25.946521058337378,True,2024-02-15 12:00:00,16,False,,,
XAUUSD.mg,494,transition_persistence,TRANSITION_PERSISTENCE,SHORT,2024-02-19 18:00:00,16,2016.96,4.059999999999945,13.509999999999991,20.129303506266588,66.98199270188795,False,2024-02-21 02:00:00,16,False,,,
XAUUSD.mg,497,transition_persistence,TRANSITION_PERSISTENCE,SHORT,2024-02-21 00:00:00,16,2023.86,4.179999999999836,7.960000000000036,20.653602521912763,39.3307837498643,False,2024-02-22 06:00:00,16,False,,,
XAUUSD.mg,499,transition_persistence,TRANSITION_PERSISTENCE,SHORT,2024-02-23 12:00:00,16,2023.49,7.279999999999973,17.470000000000027,35.97744490953735,86.33598386945341,False,2024-02-26 18:00:00,16,False,,,
XAUUSD.mg,501,transition_persistence,TRANSITION_PERSISTENCE,SHORT,2024-02-26 06:00:00,16,2032.66,7.970000000000027,6.4099999999998545,39.20970550903755,31.535032912537535,True,2024-02-27 12:00:00,16,False,,,
XAUUSD.mg,505,transition_persistence,TRANSITION_PERSISTENCE,SHORT,2024-03-01 02:00:00,16,2043.95,5.289999999999964,43.97999999999979,25.881259326304278,215.17160400205384,False,2024-03-04 08:00:00,16,False,,,
XAUUSD.mg,508,transition_persistence,TRANSITION_PERSISTENCE,SHORT,2024-03-04 06:00:00,16,2081.15,1.2400000000002365,45.81999999999971,5.958244239964618,220.166734738004,False,2024-03-05 12:00:00,16,False,,,
XAUUSD.mg,510,transition_persistence,TRANSITION_PERSISTENCE,SHORT,2024-03-05 08:00:00,16,2114.07,0.4800000000000182,27.269999999999982,2.270501922831402,128.99289049085402,False,2024-03-06 14:00:00,16,False,,,
XAUUSD.mg,515,transition_persistence,TRANSITION_PERSISTENCE,SHORT,2024-03-11 06:00:00,16,2177.65,7.410000000000309,7.6599999999998545,34.02750671595669,35.17553325832826,False,2024-03-12 12:00:00,16,False,,,
XAUUSD.mg,519,transition_persistence,TRANSITION_PERSISTENCE,SHORT,2024-03-14 10:00:00,16,2169.68,17.279999999999745,2.6600000000003092,79.6430810073363,12.259872423584627,True,2024-03-15 16:00:00,16,False,,,
XAUUSD.mg,522,transition_persistence,TRANSITION_PERSISTENCE,SHORT,2024-03-18 08:00:00,16,2151.83,5.449999999999818,11.360000000000127,25.327279571340757,52.79227448265024,False,2024-03-19 14:00:00,16,False,,,
XAUUSD.mg,527,transition_persistence,TRANSITION_PERSISTENCE,SHORT,2024-03-22 22:00:00,16,2165.2,2.019999999999982,15.710000000000036,9.329392203953363,72.55680768520246,False,2024-03-26 04:00:00,16,False,,,
XAUUSD.mg,534,transition_persistence,TRANSITION_PERSISTENCE,SHORT,2024-04-01 20:00:00,16,2244.35,6.619999999999891,43.63000000000011,29.49629068549866,194.3992692761829,False,2024-04-03 02:00:00,16,False,,,
XAUUSD.mg,537,transition_persistence,TRANSITION_PERSISTENCE,SHORT,2024-04-03 12:00:00,16,2273.38,8.220000000000255,30.960000000000036,36.15761553282009,136.18488770025263,False,2024-04-04 18:00:00,16,False,,,
XAUUSD.mg,541,transition_persistence,TRANSITION_PERSISTENCE,SHORT,2024-04-05 06:00:00,16,2279.43,3.2399999999997817,74.23000000000002,14.214079835747455,325.6515883356805,False,2024-04-08 12:00:00,16,False,,,
XAUUSD.mg,546,transition_persistence,TRANSITION_PERSISTENCE,SHORT,2024-04-08 16:00:00,16,2327.51,9.120000000000346,37.409999999999854,39.18350511920613,160.72970685410525,False,2024-04-09 22:00:00,16,False,,,
XAUUSD.mg,548,transition_persistence,TRANSITION_PERSISTENCE,SHORT,2024-04-10 02:00:00,16,2349.03,30.0,10.61999999999989,127.71228975364299,45.210150572789146,True,2024-04-11 08:00:00,16,False,,,
XAUUSD.mg,550,transition_persistence,TRANSITION_PERSISTENCE,SHORT,2024-04-10 22:00:00,16,2333.25,7.849999999999909,61.7800000000002,33.64405871638234,264.7808850316091,False,2024-04-12 04:00:00,16,False,,,
XAUUSD.mg,553,transition_persistence,TRANSITION_PERSISTENCE,SHORT,2024-04-12 22:00:00,16,2344.41,20.539999999999964,47.340000000000146,87.6126616078244,201.92713731813183,False,2024-04-16 04:00:00,16,False,,,
XAUUSD.mg,556,transition_persistence,TRANSITION_PERSISTENCE,SHORT,2024-04-17 22:00:00,16,2360.89,6.589999999999691,56.570000000000164,27.91320222458349,239.6130272905564,False,2024-04-19 04:00:00,16,False,,,
XAUUSD.mg,559,transition_persistence,TRANSITION_PERSISTENCE,SHORT,2024-04-22 22:00:00,16,2326.85,35.659999999999854,7.210000000000036,153.25439972494942,30.986097084040814,True,2024-04-24 04:00:00,16,False,,,
XAUUSD.mg,562,transition_persistence,TRANSITION_PERSISTENCE,SHORT,2024-04-26 20:00:00,16,2339.63,19.950000000000273,6.699999999999818,85.26989310275673,28.637006706187808,True,2024-04-30 02:00:00,16,False,,,
XAUUSD.mg,566,transition_persistence,TRANSITION_PERSISTENCE,SHORT,2024-05-03 06:00:00,16,2305.72,28.799999999999727,18.070000000000164,124.90675363877544,78.37031382821922,True,2024-05-06 12:00:00,16,False,,,
XAUUSD.mg,569,transition_persistence,TRANSITION_PERSISTENCE,SHORT,2024-05-07 14:00:00,16,2318.15,14.829999999999927,5.179999999999836,63.97342708625381,22.34540474084868,True,2024-05-08 20:00:00,16,False,,,
XAUUSD.mg,571,transition_persistence,TRANSITION_PERSISTENCE,SHORT,2024-05-08 12:00:00,16,2314.29,7.9699999999998,24.240000000000236,34.43820783047846,104.74054677676625,False,2024-05-09 18:00:00,16,False,,,
XAUUSD.mg,573,transition_persistence,TRANSITION_PERSISTENCE,SHORT,2024-05-08 18:00:00,16,2313.53,7.210000000000036,35.35999999999967,31.164497542716262,152.84003233154388,False,2024-05-10 00:00:00,16,False,,,
XAUUSD.mg,575,transition_persistence,TRANSITION_PERSISTENCE,SHORT,2024-05-10 22:00:00,16,2360.45,28.509999999999764,4.2400000000002365,120.78205426931206,17.96267660827485,True,2024-05-14 04:00:00,16,False,,,
XAUUSD.mg,581,transition_persistence,TRANSITION_PERSISTENCE,SHORT,2024-05-20 16:00:00,16,2424.54,18.480000000000018,12.389999999999873,76.2206439159594,51.10247717092675,True,2024-05-21 22:00:00,16,False,,,
XAUUSD.mg,583,transition_persistence,TRANSITION_PERSISTENCE,SHORT,2024-05-22 22:00:00,16,2378.26,53.20000000000027,5.049999999999727,223.69295199011157,21.23401142011272,True,2024-05-24 04:00:00,16,False,,,
XAUUSD.mg,588,transition_persistence,TRANSITION_PERSISTENCE,SHORT,2024-05-28 04:00:00,16,2350.54,10.659999999999854,13.139999999999873,45.351280982241754,55.902048040024304,False,2024-05-29 10:00:00,16,False,,,
XAUUSD.mg,591,transition_persistence,TRANSITION_PERSISTENCE,SHORT,2024-05-30 08:00:00,16,2333.99,10.289999999999964,25.330000000000382,44.08759249182715,108.52660037104008,False,2024-05-31 14:00:00,16,False,,,
XAUUSD.mg,594,transition_persistence,TRANSITION_PERSISTENCE,SHORT,2024-06-03 08:00:00,16,2325.62,11.269999999999982,28.710000000000036,48.46019556075361,123.45095071421831,False,2024-06-04 14:00:00,16,False,,,
XAUUSD.mg,598,transition_persistence,TRANSITION_PERSISTENCE,SHORT,2024-06-04 22:00:00,16,2326.55,1.0199999999999818,48.00999999999976,4.384173991532449,206.35705228772113,False,2024-06-06 04:00:00,16,False,,,
XAUUSD.mg,606,transition_persistence,TRANSITION_PERSISTENCE,SHORT,2024-06-13 14:00:00,16,2310.36,15.140000000000327,25.86999999999989,65.53091293131948,111.97389151474181,False,2024-06-14 20:00:00,16,False,,,
XAUUSD.mg,610,transition_persistence,TRANSITION_PERSISTENCE,SHORT,2024-06-17 00:00:00,16,2328.59,18.920000000000073,3.8899999999998727,81.25088572913252,16.705388239234352,True,2024-06-18 06:00:00,16,False,,,
XAUUSD.mg,612,transition_persistence,TRANSITION_PERSISTENCE,SHORT,2024-06-17 22:00:00,16,2318.73,12.510000000000218,14.019999999999982,53.95194783351325,60.46413338336064,False,2024-06-19 04:00:00,16,False,,,
XAUUSD.mg,617,transition_persistence,TRANSITION_PERSISTENCE,SHORT,2024-06-21 22:00:00,16,2321.05,3.7100000000000364,13.230000000000018,15.98414510674064,57.000064625923685,False,2024-06-25 04:00:00,16,False,,,
XAUUSD.mg,620,transition_persistence,TRANSITION_PERSISTENCE,SHORT,2024-06-26 10:00:00,16,2315.95,22.669999999999618,14.620000000000346,97.8863965111493,63.12744230229646,True,2024-06-27 16:00:00,16,False,,,
XAUUSD.mg,622,transition_persistence,TRANSITION_PERSISTENCE,SHORT,2024-06-27 04:00:00,16,2298.62,2.4699999999998,32.92000000000007,10.74557778145061,143.21636460136983,False,2024-06-28 10:00:00,16,False,,,
XAUUSD.mg,624,transition_persistence,TRANSITION_PERSISTENCE,SHORT,2024-06-28 04:00:00,16,2321.38,3.2400000000002365,18.059999999999945,13.957215104809366,77.79855086198702,False,2024-07-01 10:00:00,16,False,,,
XAUUSD.mg,627,transition_persistence,TRANSITION_PERSISTENCE,SHORT,2024-06-28 20:00:00,16,2324.66,6.519999999999982,13.460000000000036,28.047112265879665,57.900940352567844,False,2024-07-02 02:00:00,16,False,,,
XAUUSD.mg,630,transition_persistence,TRANSITION_PERSISTENCE,SHORT,2024-07-04 04:00:00,16,2357.72,7.619999999999891,9.990000000000236,32.31935938109653,42.37144359805337,False,2024-07-05 12:00:00,16,False,,,
XAUUSD.mg,635,transition_persistence,TRANSITION_PERSISTENCE,SHORT,2024-07-08 06:00:00,16,2382.45,31.699999999999818,3.950000000000273,133.05630758252983,16.579571449559374,True,2024-07-09 12:00:00,16,False,,,
XAUUSD.mg,638,transition_persistence,TRANSITION_PERSISTENCE,SHORT,2024-07-10 20:00:00,16,2371.42,1.8600000000001273,52.7199999999998,7.843401843621659,222.31405655683008,False,2024-07-12 02:00:00,16,False,,,
XAUUSD.mg,641,transition_persistence,TRANSITION_PERSISTENCE,SHORT,2024-07-12 04:00:00,16,2408.38,17.300000000000182,9.5,71.83251812421703,39.44560243815344,True,2024-07-15 10:00:00,16,False,,,
XAUUSD.mg,646,transition_persistence,TRANSITION_PERSISTENCE,SHORT,2024-07-17 22:00:00,16,2458.3,38.18000000000029,16.2199999999998,155.3105804824484,65.98055566855062,True,2024-07-19 04:00:00,16,False,,,
XAUUSD.mg,649,transition_persistence,TRANSITION_PERSISTENCE,SHORT,2024-07-18 22:00:00,16,2444.8,51.350000000000364,0.4399999999995998,210.0376308900538,1.7997382198936511,True,2024-07-22 04:00:00,16,False,,,
XAUUSD.mg,651,transition_persistence,TRANSITION_PERSISTENCE,SHORT,2024-07-24 18:00:00,16,2408.79,56.029999999999745,15.710000000000036,232.6064123481073,65.21946703531664,True,2024-07-26 00:00:00,16,False,,,
XAUUSD.mg,653,transition_persistence,TRANSITION_PERSISTENCE,SHORT,2024-07-25 22:00:00,16,2364.14,8.659999999999854,38.73000000000002,36.630656390906864,163.82278545263824,False,2024-07-29 04:00:00,16,False,,,
XAUUSD.mg,656,transition_persistence,TRANSITION_PERSISTENCE,SHORT,2024-07-30 00:00:00,16,2380.74,4.579999999999927,41.0600000000004,19.237716004267277,172.46738409066256,False,2024-07-31 06:00:00,16,False,,,
XAUUSD.mg,660,transition_persistence,TRANSITION_PERSISTENCE,SHORT,2024-08-01 12:00:00,16,2440.4,29.860000000000127,37.01999999999998,122.35699065726982,151.69644320603172,False,2024-08-02 18:00:00,16,False,,,
XAUUSD.mg,662,transition_persistence,TRANSITION_PERSISTENCE,SHORT,2024-08-01 18:00:00,16,2438.97,28.429999999999836,38.45000000000027,116.56559941286623,157.64851556189817,False,2024-08-05 00:00:00,16,False,,,
XAUUSD.mg,664,transition_persistence,TRANSITION_PERSISTENCE,SHORT,2024-08-05 08:00:00,16,2431.6,67.67999999999984,13.5300000000002,278.3352525086356,55.642375390690084,True,2024-08-06 14:00:00,16,False,,,
XAUUSD.mg,666,transition_persistence,TRANSITION_PERSISTENCE,SHORT,2024-08-05 22:00:00,16,2409.68,31.019999999999982,8.289999999999964,128.73078583048365,34.40290826997761,True,2024-08-07 04:00:00,16,False,,,
XAUUSD.mg,669,transition_persistence,TRANSITION_PERSISTENCE,SHORT,2024-08-09 14:00:00,16,2426.29,5.519999999999982,45.460000000000036,22.750784118963445,187.36424747247872,False,2024-08-12 20:00:00,16,False,,,
XAUUSD.mg,673,transition_persistence,TRANSITION_PERSISTENCE,SHORT,2024-08-14 22:00:00,16,2447.59,15.7800000000002,22.079999999999927,64.47158225029601,90.2111873312112,False,2024-08-16 04:00:00,16,False,,,
XAUUSD.mg,677,transition_persistence,TRANSITION_PERSISTENCE,SHORT,2024-08-19 08:00:00,16,2502.67,17.40000000000009,28.59999999999991,69.52574650273544,114.27795114817339,False,2024-08-20 14:00:00,16,False,,,
XAUUSD.mg,680,transition_persistence,TRANSITION_PERSISTENCE,SHORT,2024-08-20 22:00:00,16,2513.66,19.879999999999654,5.890000000000327,79.08786391158571,23.431967728333696,True,2024-08-22 04:00:00,16,False,,,
XAUUSD.mg,687,transition_persistence,TRANSITION_PERSISTENCE,SHORT,2024-08-26 20:00:00,16,2517.77,14.61999999999989,10.860000000000127,58.06725793062866,43.133407737800226,True,2024-08-28 02:00:00,16,False,,,
XAUUSD.mg,689,transition_persistence,TRANSITION_PERSISTENCE,SHORT,2024-08-27 10:00:00,16,2508.52,15.230000000000018,20.110000000000127,60.71308978999577,80.16679157431525,False,2024-08-28 16:00:00,16,False,,,
XAUUSD.mg,694,transition_persistence,TRANSITION_PERSISTENCE,SHORT,2024-08-30 02:00:00,16,2515.69,26.0,10.730000000000018,103.35136682182622,42.652314076853735,True,2024-09-02 08:00:00,16,False,,,
XAUUSD.mg,696,transition_persistence,TRANSITION_PERSISTENCE,SHORT,2024-08-30 22:00:00,16,2503.12,13.650000000000091,3.7800000000002,54.53194413372148,15.101153760108186,True,2024-09-03 06:00:00,16,False,,,
XAUUSD.mg,698,transition_persistence,TRANSITION_PERSISTENCE,SHORT,2024-09-03 18:00:00,16,2489.09,17.559999999999945,10.759999999999764,70.54787090864511,43.22864982784778,True,2024-09-05 00:00:00,16,False,,,
XAUUSD.mg,712,transition_persistence,TRANSITION_PERSISTENCE,SHORT,2024-09-17 12:00:00,16,2579.4,19.019999999999982,2.400000000000091,73.73807862293549,9.30448941614364,True,2024-09-18 18:00:00,16,False,,,
XAUUSD.mg,716,transition_persistence,TRANSITION_PERSISTENCE,SHORT,2024-09-24 02:00:00,16,2628.75,6.460000000000036,41.42000000000007,24.57441749881136,157.56538278649577,False,2024-09-25 08:00:00,16,False,,,
XAUUSD.mg,719,transition_persistence,TRANSITION_PERSISTENCE,SHORT,2024-09-25 08:00:00,16,2656.58,7.199999999999818,28.61999999999989,27.102515263985346,107.73249817434406,False,2024-09-26 14:00:00,16,False,,,
XAUUSD.mg,721,transition_persistence,TRANSITION_PERSISTENCE,SHORT,2024-09-25 12:00:00,16,2657.04,7.6599999999998545,28.159999999999854,28.829072953361088,105.9825971758041,False,2024-09-26 18:00:00,16,False,,,
XAUUSD.mg,725,transition_persistence,TRANSITION_PERSISTENCE,SHORT,2024-09-27 00:00:00,16,2672.29,29.570000000000164,1.5799999999999272,110.65415804422486,5.9125319482538465,True,2024-09-30 06:00:00,16,False,,,
XAUUSD.mg,728,transition_persistence,TRANSITION_PERSISTENCE,SHORT,2024-09-27 22:00:00,16,2658.43,34.13999999999987,7.160000000000309,128.4216624097677,26.933189890274747,True,2024-10-01 04:00:00,16,False,,,
XAUUSD.mg,730,transition_persistence,TRANSITION_PERSISTENCE,SHORT,2024-09-30 08:00:00,16,2650.55,26.26000000000022,20.73999999999978,99.07377714059429,78.24791081096294,True,2024-10-01 14:00:00,16,False,,,
XAUUSD.mg,734,transition_persistence,TRANSITION_PERSISTENCE,SHORT,2024-10-02 02:00:00,16,2660.23,19.490000000000236,2.699999999999818,73.26434180503279,10.149498351645601,True,2024-10-03 08:00:00,16,False,,,
XAUUSD.mg,737,transition_persistence,TRANSITION_PERSISTENCE,SHORT,2024-10-04 16:00:00,16,2652.81,15.440000000000055,16.940000000000055,58.202434399749905,63.85681598003647,False,2024-10-07 22:00:00,16,False,,,
XAUUSD.mg,739,transition_persistence,TRANSITION_PERSISTENCE,SHORT,2024-10-08 22:00:00,16,2621.55,16.740000000000236,2.3899999999998727,63.85535274932859,9.116743911044505,True,2024-10-10 04:00:00,16,False,,,
XAUUSD.mg,744,transition_persistence,TRANSITION_PERSISTENCE,SHORT,2024-10-14 02:00:00,16,2645.75,8.079999999999927,20.679999999999836,30.539544552584058,78.16309175092066,False,2024-10-15 08:00:00,16,False,,,
XAUUSD.mg,746,transition_persistence,TRANSITION_PERSISTENCE,SHORT,2024-10-15 08:00:00,16,2650.36,9.360000000000127,34.51999999999998,35.31595707752957,130.24645708507515,False,2024-10-16 14:00:00,16,False,,,
XAUUSD.mg,749,transition_persistence,TRANSITION_PERSISTENCE,SHORT,2024-10-16 22:00:00,16,2673.38,0.6100000000001273,38.17000000000007,2.2817556800758863,142.7780562434075,False,2024-10-18 04:00:00,16,False,,,
XAUUSD.mg,756,transition_persistence,TRANSITION_PERSISTENCE,SHORT,2024-10-23 22:00:00,16,2715.04,1.1900000000000546,27.829999999999927,4.382992515764242,102.50309387706969,False,2024-10-25 04:00:00,16,False,,,
XAUUSD.mg,758,transition_persistence,TRANSITION_PERSISTENCE,SHORT,2024-10-25 14:00:00,16,2727.45,4.549999999999727,19.820000000000164,16.68224898714817,72.66860987369215,False,2024-10-28 20:00:00,16,False,,,
XAUUSD.mg,761,transition_persistence,TRANSITION_PERSISTENCE,SHORT,2024-10-28 08:00:00,16,2738.57,11.090000000000146,25.029999999999745,40.49558711298285,91.39806541370038,False,2024-10-29 14:00:00,16,False,,,
XAUUSD.mg,768,transition_persistence,TRANSITION_PERSISTENCE,SHORT,2024-10-31 22:00:00,16,2743.47,13.25,18.340000000000146,48.29650041735467,66.84964661541824,False,2024-11-04 04:00:00,16,False,,,
XAUUSD.mg,771,transition_persistence,TRANSITION_PERSISTENCE,SHORT,2024-11-04 02:00:00,16,2739.57,15.240000000000236,8.239999999999782,55.62916808112308,30.077712925750323,True,2024-11-05 08:00:00,16,False,,,
XAUUSD.mg,774,transition_persistence,TRANSITION_PERSISTENCE,SHORT,2024-11-06 22:00:00,16,2658.69,15.820000000000164,51.279999999999745,59.50298831379425,192.87694315621505,False,2024-11-08 04:00:00,16,False,,,
XAUUSD.mg,777,transition_persistence,TRANSITION_PERSISTENCE,SHORT,2024-11-08 12:00:00,16,2691.36,80.28999999999996,12.259999999999764,298.32501040366196,45.553177575648604,True,2024-11-11 18:00:00,16,False,,,
XAUUSD.mg,779,transition_persistence,TRANSITION_PERSISTENCE,SHORT,2024-11-12 14:00:00,16,2611.25,33.98999999999978,7.199999999999818,130.16754427955877,27.573001436093126,True,2024-11-13 20:00:00,16,False,,,
XAUUSD.mg,782,transition_persistence,TRANSITION_PERSISTENCE,SHORT,2024-11-13 22:00:00,16,2572.46,36.0,8.579999999999927,139.94386696003048,33.35328829214031,True,2024-11-15 04:00:00,16,False,,,
XAUUSD.mg,789,transition_persistence,TRANSITION_PERSISTENCE,SHORT,2024-11-20 12:00:00,16,2627.71,7.150000000000091,45.38999999999987,27.210004148098882,172.73595640310336,False,2024-11-21 18:00:00,16,False,,,
XAUUSD.mg,794,transition_persistence,TRANSITION_PERSISTENCE,SHORT,2024-11-22 00:00:00,16,2668.77,10.889999999999873,52.179999999999836,40.805314807944754,195.520782982422,False,2024-11-25 06:00:00,16,False,,,
XAUUSD.mg,796,transition_persistence,TRANSITION_PERSISTENCE,SHORT,2024-11-25 12:00:00,16,2686.39,81.51999999999998,1.9700000000002547,303.4555667643193,7.3332613656254475,True,2024-11-26 18:00:00,16,False,,,
XAUUSD.mg,798,transition_persistence,TRANSITION_PERSISTENCE,SHORT,2024-11-26 06:00:00,16,2623.98,13.5,29.38000000000011,51.448562870143824,111.96731682406157,False,2024-11-27 12:00:00,16,False,,,
XAUUSD.mg,800,transition_persistence,TRANSITION_PERSISTENCE,SHORT,2024-11-26 16:00:00,16,2629.13,12.710000000000036,28.679999999999836,48.342987984618624,109.08551498023998,False,2024-11-27 22:00:00,16,False,,,
XAUUSD.mg,803,transition_persistence,TRANSITION_PERSISTENCE,SHORT,2024-11-27 18:00:00,16,2636.86,16.320000000000164,12.409999999999854,61.891795544701516,47.06355286211575,True,2024-11-29 02:00:00,16,False,,,
XAUUSD.mg,806,transition_persistence,TRANSITION_PERSISTENCE,SHORT,2024-11-29 20:00:00,16,2650.01,28.51000000000022,10.229999999999563,107.58449968113409,38.60362791083642,True,2024-12-03 04:00:00,16,False,,,
XAUUSD.mg,809,transition_persistence,TRANSITION_PERSISTENCE,SHORT,2024-12-06 00:00:00,16,2633.4,20.289999999999964,16.759999999999764,77.04868231184007,63.64395838079959,True,2024-12-09 06:00:00,16,False,,,
XAUUSD.mg,811,transition_persistence,TRANSITION_PERSISTENCE,SHORT,2024-12-06 16:00:00,16,2637.2,13.539999999999964,38.840000000000146,51.3423327771878,147.2774154406194,False,2024-12-09 22:00:00,16,False,,,
XAUUSD.mg,814,transition_persistence,TRANSITION_PERSISTENCE,SHORT,2024-12-12 04:00:00,16,2709.93,42.76999999999998,10.13000000000011,157.82695493979543,37.38103936264077,True,2024-12-13 10:00:00,16,False,,,
XAUUSD.mg,816,transition_persistence,TRANSITION_PERSISTENCE,SHORT,2024-12-16 04:00:00,16,2653.44,15.760000000000218,10.539999999999964,59.39459720212335,39.72202122527723,True,2024-12-17 10:00:00,16,False,,,
XAUUSD.mg,819,transition_persistence,TRANSITION_PERSISTENCE,SHORT,2024-12-17 18:00:00,16,2645.6,62.54999999999973,5.730000000000018,236.43029936498235,21.658602963411017,True,2024-12-19 00:00:00,16,False,,,
XAUUSD.mg,823,transition_persistence,TRANSITION_PERSISTENCE,SHORT,2024-12-19 14:00:00,16,2595.97,9.359999999999673,35.570000000000164,36.05588662426636,137.02007342149628,False,2024-12-20 20:00:00,16,False,,,
XAUUSD.mg,827,transition_persistence,TRANSITION_PERSISTENCE,SHORT,2024-12-26 14:00:00,16,2622.75,11.539999999999964,16.0,43.99961872080817,61.00467067009818,False,2024-12-27 20:00:00,16,False,,,
XAUUSD.mg,830,transition_persistence,TRANSITION_PERSISTENCE,SHORT,2024-12-27 08:00:00,16,2633.18,27.079999999999927,4.690000000000055,102.8414312732131,17.811163688012424,True,2024-12-30 14:00:00,16,False,,,
XAUUSD.mg,832,transition_persistence,TRANSITION_PERSISTENCE,SHORT,2024-12-27 22:00:00,16,2620.83,25.09999999999991,6.8400000000001455,95.77118699038057,26.098602351164118,True,2024-12-31 04:00:00,16,False,,,
XAUUSD.mg,837,transition_persistence,TRANSITION_PERSISTENCE,SHORT,2025-01-03 10:00:00,16,2653.21,38.92000000000007,5.7199999999998,146.69023560140386,21.55879104933194,True,2025-01-06 16:00:00,16,False,,,
XAUUSD.mg,841,transition_persistence,TRANSITION_PERSISTENCE,SHORT,2025-01-08 02:00:00,16,2648.46,3.5900000000001455,21.079999999999927,13.555047083966326,79.59342410306338,False,2025-01-09 08:00:00,16,False,,,
XAUUSD.mg,844,transition_persistence,TRANSITION_PERSISTENCE,SHORT,2025-01-09 02:00:00,16,2658.19,3.050000000000182,20.170000000000073,11.473972891328993,75.87869941576814,False,2025-01-10 08:00:00,16,False,,,
XAUUSD.mg,849,transition_persistence,TRANSITION_PERSISTENCE,SHORT,2025-01-13 04:00:00,16,2687.67,31.210000000000036,3.25,116.12288711039687,12.092258350169477,True,2025-01-14 10:00:00,16,False,,,
XAUUSD.mg,857,transition_persistence,TRANSITION_PERSISTENCE,SHORT,2025-01-17 08:00:00,16,2710.2,21.1899999999996,6.690000000000055,78.18611172607041,24.68452512729708,True,2025-01-20 14:00:00,16,False,,,
XAUUSD.mg,863,transition_persistence,TRANSITION_PERSISTENCE,SHORT,2025-01-22 22:00:00,16,2755.86,20.329999999999927,21.08999999999969,73.77007540295925,76.52783523110641,False,2025-01-24 04:00:00,16,False,,,
XAUUSD.mg,866,transition_persistence,TRANSITION_PERSISTENCE,SHORT,2025-01-27 00:00:00,16,2767.28,37.14000000000033,4.919999999999618,134.21121100864502,17.779191119075833,True,2025-01-28 06:00:00,16,False,,,
XAUUSD.mg,868,transition_persistence,TRANSITION_PERSISTENCE,SHORT,2025-01-28 00:00:00,16,2741.43,6.980000000000018,24.43000000000029,25.461164428783587,89.11407550074338,False,2025-01-29 06:00:00,16,False,,,
XAUUSD.mg,870,transition_persistence,TRANSITION_PERSISTENCE,SHORT,2025-01-28 08:00:00,16,2738.34,3.8900000000003274,27.519999999999982,14.20568665688091,100.49884236435204,False,2025-01-29 14:00:00,16,False,,,
XAUUSD.mg,872,transition_persistence,TRANSITION_PERSISTENCE,SHORT,2025-01-29 10:00:00,16,2762.38,17.93000000000029,34.039999999999964,64.90779689977589,123.2270723072132,False,2025-01-30 16:00:00,16,False,,,
XAUUSD.mg,877,transition_persistence,TRANSITION_PERSISTENCE,SHORT,2025-01-31 20:00:00,16,2795.87,24.079999999999927,34.40000000000009,86.12703738013543,123.03862482876562,False,2025-02-04 02:00:00,16,False,,,
XAUUSD.mg,879,transition_persistence,TRANSITION_PERSISTENCE,SHORT,2025-02-03 00:00:00,16,2793.25,21.460000000000036,37.01999999999998,76.82806766311657,132.53378680748227,False,2025-02-04 06:00:00,16,False,,,
XAUUSD.mg,881,transition_persistence,TRANSITION_PERSISTENCE,SHORT,2025-02-04 06:00:00,16,2815.52,8.659999999999854,61.11000000000013,30.758083764277487,217.04693981928781,False,2025-02-05 12:00:00,16,False,,,
XAUUSD.mg,884,transition_persistence,TRANSITION_PERSISTENCE,SHORT,2025-02-05 22:00:00,16,2867.02,33.179999999999836,5.849999999999909,115.72992166081798,20.404461775641288,True,2025-02-07 04:00:00,16,False,,,
XAUUSD.mg,886,transition_persistence,TRANSITION_PERSISTENCE,SHORT,2025-02-07 18:00:00,16,2859.71,6.720000000000255,61.44999999999982,23.498886250704633,214.8819285871638,False,2025-02-11 00:00:00,16,False,,,
XAUUSD.mg,898,transition_persistence,TRANSITION_PERSISTENCE,SHORT,2025-02-19 08:00:00,16,2933.95,15.539999999999964,20.700000000000273,52.96613780057589,70.55334957991879,False,2025-02-20 14:00:00,16,False,,,
XAUUSD.mg,900,transition_persistence,TRANSITION_PERSISTENCE,SHORT,2025-02-24 16:00:00,16,2936.32,48.20000000000027,19.639999999999873,164.15104620749875,66.88644289450697,True,2025-02-25 22:00:00,16,False,,,
XAUUSD.mg,902,transition_persistence,TRANSITION_PERSISTENCE,SHORT,2025-02-25 02:00:00,16,2949.37,61.25,2.9600000000000364,207.67146882215522,10.036041595323871,True,2025-02-26 08:00:00,16,False,,,
XAUUSD.mg,908,transition_persistence,TRANSITION_PERSISTENCE,SHORT,2025-02-28 00:00:00,16,2875.74,43.32999999999993,9.100000000000364,150.67426123363006,31.644029015141715,True,2025-03-03 06:00:00,16,False,,,
XAUUSD.mg,913,transition_persistence,TRANSITION_PERSISTENCE,SHORT,2025-03-04 06:00:00,16,2889.46,5.260000000000218,38.11999999999989,18.20409349843991,131.92776504952445,False,2025-03-05 12:00:00,16,False,,,
XAUUSD.mg,918,transition_persistence,TRANSITION_PERSISTENCE,SHORT,2025-03-10 22:00:00,16,2889.03,8.890000000000327,32.88999999999987,30.771573850047687,113.84443913701094,False,2025-03-12 04:00:00,16,False,,,
XAUUSD.mg,920,transition_persistence,TRANSITION_PERSISTENCE,SHORT,2025-03-12 02:00:00,16,2914.64,8.819999999999709,32.20000000000027,30.261027090823255,110.47676556967679,False,2025-03-13 08:00:00,16,False,,,
XAUUSD.mg,924,transition_persistence,TRANSITION_PERSISTENCE,SHORT,2025-03-14 16:00:00,16,2984.33,6.059999999999945,17.320000000000164,20.306065348000878,58.0364771992379,False,2025-03-17 22:00:00,16,False,,,
XAUUSD.mg,926,transition_persistence,TRANSITION_PERSISTENCE,SHORT,2025-03-14 20:00:00,16,2983.73,2.1799999999998363,24.48999999999978,7.306291118833931,82.07847224782331,False,2025-03-18 02:00:00,16,False,,,
XAUUSD.mg,930,transition_persistence,TRANSITION_PERSISTENCE,SHORT,2025-03-19 10:00:00,16,3030.22,7.629999999999654,26.980000000000018,25.179689923502764,89.03643959844507,False,2025-03-20 16:00:00,16,False,,,
XAUUSD.mg,932,transition_persistence,TRANSITION_PERSISTENCE,SHORT,2025-03-19 16:00:00,16,3031.31,5.820000000000164,25.889999999999873,19.199619966285745,85.40861871600025,False,2025-03-20 22:00:00,16,False,,,
XAUUSD.mg,936,transition_persistence,TRANSITION_PERSISTENCE,SHORT,2025-03-21 22:00:00,16,3022.9,20.639999999999873,10.150000000000091,68.27880512090996,33.57702868106815,True,2025-03-25 04:00:00,16,False,,,
XAUUSD.mg,948,transition_persistence,TRANSITION_PERSISTENCE,SHORT,2025-04-01 14:00:00,16,3133.68,33.07999999999993,3.200000000000273,105.56278879783491,10.211636159404513,True,2025-04-02 20:00:00,16,False,,,
XAUUSD.mg,952,transition_persistence,TRANSITION_PERSISTENCE,SHORT,2025-04-04 04:00:00,16,3098.19,126.99000000000024,38.13999999999987,409.8844809388715,123.10413499494825,True,2025-04-07 10:00:00,16,False,,,
XAUUSD.mg,954,transition_persistence,TRANSITION_PERSISTENCE,SHORT,2025-04-07 04:00:00,16,3018.69,62.289999999999964,36.51999999999998,206.34778662267396,120.97963023695704,True,2025-04-08 10:00:00,16,False,,,
XAUUSD.mg,956,transition_persistence,TRANSITION_PERSISTENCE,SHORT,2025-04-07 08:00:00,16,3018.34,61.940000000000055,27.539999999999964,205.21213647236576,91.24220598077076,True,2025-04-08 14:00:00,16,False,,,
XAUUSD.mg,958,transition_persistence,TRANSITION_PERSISTENCE,SHORT,2025-04-07 14:00:00,16,3015.15,58.75,22.4699999999998,194.84934414539904,74.52365553952473,True,2025-04-08 20:00:00,16,False,,,
XAUUSD.mg,964,transition_persistence,TRANSITION_PERSISTENCE,SHORT,2025-04-14 18:00:00,16,3213.8,16.26000000000022,37.83999999999969,50.594312029374,117.7422366046415,False,2025-04-16 00:00:00,16,False,,,
XAUUSD.mg,968,transition_persistence,TRANSITION_PERSISTENCE,SHORT,2025-04-17 12:00:00,16,3327.2,43.409999999999854,102.80000000000018,130.47006491945135,308.9685020437611,False,2025-04-21 18:00:00,16,False,,,
XAUUSD.mg,971,transition_persistence,TRANSITION_PERSISTENCE,SHORT,2025-04-22 22:00:00,16,3380.88,120.99000000000024,5.519999999999982,357.86540782281605,16.327110101511977,True,2025-04-24 04:00:00,16,False,,,
XAUUSD.mg,973,transition_persistence,TRANSITION_PERSISTENCE,SHORT,2025-04-23 22:00:00,16,3288.03,4.290000000000418,82.44999999999982,13.047326210528547,250.75805269416585,False,2025-04-25 04:00:00,16,False,,,
XAUUSD.mg,979,transition_persistence,TRANSITION_PERSISTENCE,SHORT,2025-04-30 20:00:00,16,3295.65,93.94000000000005,11.940000000000055,285.0424043815334,36.22957534932427,True,2025-05-02 02:00:00,16,False,,,
XAUUSD.mg,984,transition_persistence,TRANSITION_PERSISTENCE,SHORT,2025-05-02 22:00:00,16,3240.54,7.980000000000018,146.22000000000025,24.625525375400453,451.2210927808336,False,2025-05-06 04:00:00,16,False,,,
XAUUSD.mg,988,transition_persistence,TRANSITION_PERSISTENCE,SHORT,2025-05-08 14:00:00,16,3355.8,81.3100000000004,13.359999999999673,242.2969187675082,39.81166934858952,True,2025-05-09 20:00:00,16,False,,,
XAUUSD.mg,992,transition_persistence,TRANSITION_PERSISTENCE,SHORT,2025-05-13 02:00:00,16,3225.0,9.389999999999873,40.25,29.116279069767046,124.8062015503876,False,2025-05-14 08:00:00,16,False,,,
XAUUSD.mg,997,transition_persistence,TRANSITION_PERSISTENCE,SHORT,2025-05-16 22:00:00,16,3200.63,8.710000000000036,48.960000000000036,27.213392363378574,152.96988405407697,False,2025-05-20 04:00:00,16,False,,,
XAUUSD.mg,1007,transition_persistence,TRANSITION_PERSISTENCE,SHORT,2025-05-28 22:00:00,16,3288.64,43.32999999999993,42.42000000000007,131.7565923907753,128.98949109662377,True,2025-05-30 04:00:00,16,False,,,
XAUUSD.mg,1009,transition_persistence,TRANSITION_PERSISTENCE,SHORT,2025-05-30 06:00:00,16,3303.5,32.05000000000018,56.5,97.01831390949049,171.0307249886484,False,2025-06-02 12:00:00,16,False,,,
XAUUSD.mg,1012,transition_persistence,TRANSITION_PERSISTENCE,SHORT,2025-05-30 22:00:00,16,3290.81,1.0799999999999272,101.11999999999989,3.2818667744413297,307.2799705847493,False,2025-06-03 04:00:00,16,False,,,
XAUUSD.mg,1015,transition_persistence,TRANSITION_PERSISTENCE,SHORT,2025-06-03 22:00:00,16,3353.14,9.599999999999909,31.34999999999991,28.629881245638146,93.49445594278768,False,2025-06-05 04:00:00,16,False,,,
XAUUSD.mg,1019,transition_persistence,TRANSITION_PERSISTENCE,SHORT,2025-06-05 22:00:00,16,3352.52,59.05000000000018,22.840000000000146,176.13616026153517,68.12785606051611,True,2025-06-09 04:00:00,16,False,,,
XAUUSD.mg,1021,transition_persistence,TRANSITION_PERSISTENCE,SHORT,2025-06-06 22:00:00,16,3311.71,18.240000000000236,26.230000000000018,55.07728635659594,79.20379501828366,False,2025-06-10 04:00:00,16,False,,,
XAUUSD.mg,1026,transition_persistence,TRANSITION_PERSISTENCE,SHORT,2025-06-16 22:00:00,16,3384.94,18.960000000000036,18.09999999999991,56.0128096805262,53.47214426252728,True,2025-06-18 04:00:00,16,False,,,
XAUUSD.mg,1028,transition_persistence,TRANSITION_PERSISTENCE,SHORT,2025-06-17 04:00:00,16,3387.36,21.38000000000011,12.83999999999969,63.116999669359345,37.905625619950904,True,2025-06-18 10:00:00,16,False,,,
XAUUSD.mg,1031,transition_persistence,TRANSITION_PERSISTENCE,SHORT,2025-06-18 22:00:00,16,3369.11,26.59999999999991,18.65000000000009,78.95260172567801,55.35586549563562,True,2025-06-20 06:00:00,16,False,,,
XAUUSD.mg,1033,transition_persistence,TRANSITION_PERSISTENCE,SHORT,2025-06-20 10:00:00,16,3355.06,13.259999999999764,39.659999999999854,39.522393042150554,118.20951041113976,False,2025-06-23 16:00:00,16,False,,,
XAUUSD.mg,1037,transition_persistence,TRANSITION_PERSISTENCE,SHORT,2025-06-24 02:00:00,16,3347.53,52.220000000000255,8.6899999999996,155.99561467709103,25.959438750361013,True,2025-06-25 08:00:00,16,False,,,
XAUUSD.mg,1042,transition_persistence,TRANSITION_PERSISTENCE,SHORT,2025-06-27 00:00:00,16,3318.48,69.57999999999993,8.659999999999854,209.67430871965456,26.096285046165274,True,2025-06-30 06:00:00,16,False,,,
XAUUSD.mg,1044,transition_persistence,TRANSITION_PERSISTENCE,SHORT,2025-06-27 22:00:00,16,3274.21,25.309999999999945,48.2199999999998,77.30108942309731,147.27216641571493,False,2025-07-01 04:00:00,16,False,,,
XAUUSD.mg,1050,transition_persistence,TRANSITION_PERSISTENCE,SHORT,2025-07-02 02:00:00,16,3331.99,4.609999999999673,33.54000000000042,13.835575737021037,100.66056620818316,False,2025-07-03 08:00:00,16,False,,,
XAUUSD.mg,1053,transition_persistence,TRANSITION_PERSISTENCE,SHORT,2025-07-03 08:00:00,16,3352.83,41.48000000000002,10.61999999999989,123.71638287655507,31.67473447803763,True,2025-07-04 14:00:00,16,False,,,
XAUUSD.mg,1058,transition_persistence,TRANSITION_PERSISTENCE,SHORT,2025-07-08 22:00:00,16,3301.3,18.8100000000004,24.799999999999727,56.97755429679338,75.12192166722117,False,2025-07-10 04:00:00,16,False,,,
XAUUSD.mg,1062,transition_persistence,TRANSITION_PERSISTENCE,SHORT,2025-07-10 18:00:00,16,3317.13,5.160000000000309,56.659999999999854,15.555615848641173,170.81030891161896,False,2025-07-14 00:00:00,16,False,,,
XAUUSD.mg,1066,transition_persistence,TRANSITION_PERSISTENCE,SHORT,2025-07-14 22:00:00,16,3343.2,23.159999999999854,22.860000000000127,69.27494615936783,68.37760229720067,True,2025-07-16 04:00:00,16,False,,,
XAUUSD.mg,1069,transition_persistence,TRANSITION_PERSISTENCE,SHORT,2025-07-17 16:00:00,16,3336.6,18.559999999999945,24.41000000000031,55.62548702271758,73.15830486123691,False,2025-07-18 22:00:00,16,False,,,
XAUUSD.mg,1073,transition_persistence,TRANSITION_PERSISTENCE,SHORT,2025-07-18 20:00:00,16,3348.08,3.3099999999999454,54.38000000000011,9.88626317172811,162.42144751618872,False,2025-07-22 02:00:00,16,False,,,
XAUUSD.mg,1075,transition_persistence,TRANSITION_PERSISTENCE,SHORT,2025-07-22 04:00:00,16,3392.32,9.230000000000018,46.36999999999989,27.208518064333603,136.6911140458444,False,2025-07-23 10:00:00,16,False,,,
XAUUSD.mg,1080,transition_persistence,TRANSITION_PERSISTENCE,SHORT,2025-07-25 22:00:00,16,3336.29,34.710000000000036,8.86999999999989,104.03771854365189,26.586417847369056,True,2025-07-29 04:00:00,16,False,,,
XAUUSD.mg,1083,transition_persistence,TRANSITION_PERSISTENCE,SHORT,2025-07-30 22:00:00,16,3274.77,6.0099999999997635,39.80000000000018,18.352433911388474,121.53525285745314,False,2025-08-01 04:00:00,16,False,,,
XAUUSD.mg,1085,transition_persistence,TRANSITION_PERSISTENCE,SHORT,2025-08-04 10:00:00,16,3357.75,8.11999999999989,32.11000000000013,24.182860546496585,95.62951381133237,False,2025-08-05 16:00:00,16,False,,,
XAUUSD.mg,1087,transition_persistence,TRANSITION_PERSISTENCE,SHORT,2025-08-05 02:00:00,16,3378.87,29.23999999999978,11.320000000000164,86.53780701832206,33.50232474170407,True,2025-08-06 08:00:00,16,False,,,
XAUUSD.mg,1089,transition_persistence,TRANSITION_PERSISTENCE,SHORT,2025-08-05 14:00:00,16,3373.52,23.889999999999873,16.670000000000073,70.81623941758126,49.41426166141026,True,2025-08-06 20:00:00,16,False,,,
XAUUSD.mg,1098,transition_persistence,TRANSITION_PERSISTENCE,SHORT,2025-08-12 00:00:00,16,3348.76,17.860000000000127,10.209999999999582,53.333174070402556,30.488897382910633,True,2025-08-13 06:00:00,16,False,,,
XAUUSD.mg,1101,transition_persistence,TRANSITION_PERSISTENCE,SHORT,2025-08-13 22:00:00,16,3355.7,26.06999999999971,18.7800000000002,77.6887087641914,55.96447835027029,True,2025-08-15 04:00:00,16,False,,,
XAUUSD.mg,1105,transition_persistence,TRANSITION_PERSISTENCE,SHORT,2025-08-18 14:00:00,16,3336.59,21.870000000000346,11.940000000000055,65.5459615955222,35.785038017856714,True,2025-08-19 20:00:00,16,False,,,
XAUUSD.mg,1110,transition_persistence,TRANSITION_PERSISTENCE,SHORT,2025-08-25 06:00:00,16,3364.27,13.259999999999764,21.949999999999818,39.41419683913527,65.24446611003225,False,2025-08-26 12:00:00,16,False,,,
XAUUSD.mg,1113,transition_persistence,TRANSITION_PERSISTENCE,SHORT,2025-08-27 08:00:00,16,3381.24,7.629999999999654,28.890000000000327,22.565685961362266,85.44202718529395,False,2025-08-28 14:00:00,16,False,,,
XAUUSD.mg,1117,transition_persistence,TRANSITION_PERSISTENCE,SHORT,2025-08-29 06:00:00,16,3410.22,6.029999999999745,79.5,17.68214367401442,233.12278973204076,False,2025-09-01 12:00:00,16,False,,,
XAUUSD.mg,1121,transition_persistence,TRANSITION_PERSISTENCE,SHORT,2025-09-03 08:00:00,16,3533.64,22.460000000000036,44.48000000000002,63.560521162314316,125.87586737754842,False,2025-09-04 14:00:00,16,False,,,
XAUUSD.mg,1123,transition_persistence,TRANSITION_PERSISTENCE,SHORT,2025-09-04 08:00:00,16,3540.92,16.740000000000236,54.11000000000013,47.27584921432914,152.81339312946952,False,2025-09-05 14:00:00,16,False,,,
XAUUSD.mg,1127,transition_persistence,TRANSITION_PERSISTENCE,SHORT,2025-09-08 02:00:00,16,3589.26,9.800000000000182,69.80999999999995,27.303678195505984,194.4969157987996,False,2025-09-09 08:00:00,16,False,,,
XAUUSD.mg,1131,transition_persistence,TRANSITION_PERSISTENCE,SHORT,2025-09-09 18:00:00,16,3642.57,22.450000000000273,14.730000000000018,61.63230905651854,40.43848162149257,True,2025-09-11 00:00:00,16,False,,,
XAUUSD.mg,1133,transition_persistence,TRANSITION_PERSISTENCE,SHORT,2025-09-11 14:00:00,16,3629.91,17.159999999999854,26.450000000000273,47.273899352876114,72.86682038948699,False,2025-09-12 20:00:00,16,False,,,
XAUUSD.mg,1138,transition_persistence,TRANSITION_PERSISTENCE,SHORT,2025-09-12 16:00:00,16,3644.29,17.960000000000036,41.0300000000002,49.2825763043008,112.58708829429106,False,2025-09-15 22:00:00,16,False,,,
XAUUSD.mg,1151,transition_persistence,TRANSITION_PERSISTENCE,SHORT,2025-09-25 00:00:00,16,3742.84,20.970000000000255,18.579999999999927,56.02697416934802,49.641448739459676,True,2025-09-26 06:00:00,16,False,,,
XAUUSD.mg,1159,transition_persistence,TRANSITION_PERSISTENCE,SHORT,2025-09-30 16:00:00,16,3838.84,18.610000000000127,56.210000000000036,48.47818611872369,146.4244407164665,False,2025-10-02 02:00:00,16,False,,,
XAUUSD.mg,1162,transition_persistence,TRANSITION_PERSISTENCE,SHORT,2025-10-02 02:00:00,16,3864.81,45.50999999999976,31.75,117.75481847749246,82.15151585718314,True,2025-10-03 08:00:00,16,False,,,
XAUUSD.mg,1167,transition_persistence,TRANSITION_PERSISTENCE,SHORT,2025-10-07 16:00:00,16,3965.86,4.320000000000164,93.19000000000005,10.892971511854084,234.98055907167688,False,2025-10-09 00:00:00,16,False,,,
XAUUSD.mg,1171,transition_persistence,TRANSITION_PERSISTENCE,SHORT,2025-10-09 22:00:00,16,3977.44,30.5300000000002,100.46000000000004,76.75791463856199,252.57452029446085,False,2025-10-13 06:00:00,16,False,,,
XAUUSD.mg,1173,transition_persistence,TRANSITION_PERSISTENCE,SHORT,2025-10-10 08:00:00,16,3971.81,19.4699999999998,135.29999999999973,49.02047177483263,340.65073606239906,False,2025-10-13 16:00:00,16,False,,,
XAUUSD.mg,1178,transition_persistence,TRANSITION_PERSISTENCE,SHORT,2025-10-14 14:00:00,16,4123.88,26.06999999999971,94.02999999999975,63.217164417974594,228.0134242509475,False,2025-10-15 20:00:00,16,False,,,
XAUUSD.mg,1184,transition_persistence,TRANSITION_PERSISTENCE,SHORT,2025-10-20 00:00:00,16,4237.62,18.670000000000073,143.5,44.0577493970674,338.63347822598536,False,2025-10-21 06:00:00,16,False,,,
XAUUSD.mg,1187,transition_persistence,TRANSITION_PERSISTENCE,SHORT,2025-10-21 04:00:00,16,4346.34,342.4500000000003,8.800000000000182,787.904305691686,20.24692039739225,True,2025-10-22 10:00:00,16,False,,,
XAUUSD.mg,1189,transition_persistence,TRANSITION_PERSISTENCE,SHORT,2025-10-24 02:00:00,16,4118.63,93.98000000000002,25.479999999999563,228.1826723934901,61.865231885358874,True,2025-10-27 10:00:00,16,False,,,
XAUUSD.mg,1191,transition_persistence,TRANSITION_PERSISTENCE,SHORT,2025-10-24 14:00:00,16,4106.74,135.50999999999976,31.75,329.96975703355895,77.31193111811315,True,2025-10-27 22:00:00,16,False,,,
XAUUSD.mg,1193,transition_persistence,TRANSITION_PERSISTENCE,SHORT,2025-10-27 04:00:00,16,4069.33,182.92999999999984,15.079999999999927,449.53346128232374,37.05769745879525,True,2025-10-28 10:00:00,16,False,,,
XAUUSD.mg,1195,transition_persistence,TRANSITION_PERSISTENCE,SHORT,2025-10-28 16:00:00,16,3964.63,49.40000000000009,65.21000000000004,124.60179133992351,164.47940917563565,False,2025-10-29 22:00:00,16,False,,,
XAUUSD.mg,1197,transition_persistence,TRANSITION_PERSISTENCE,SHORT,2025-10-29 22:00:00,16,3929.09,13.860000000000127,116.88999999999987,35.27534365463791,297.49891196180255,False,2025-10-31 04:00:00,16,False,,,
XAUUSD.mg,1200,transition_persistence,TRANSITION_PERSISTENCE,SHORT,2025-10-31 08:00:00,16,4020.84,58.5,15.099999999999909,145.4919867490375,37.554341878811165,True,2025-11-03 14:00:00,16,False,,,
XAUUSD.mg,1202,transition_persistence,TRANSITION_PERSISTENCE,SHORT,2025-11-04 08:00:00,16,3993.72,65.07999999999993,6.800000000000182,162.95584066985148,17.026731969192085,True,2025-11-05 14:00:00,16,False,,,
XAUUSD.mg,1204,transition_persistence,TRANSITION_PERSISTENCE,SHORT,2025-11-06 16:00:00,16,3980.03,14.5300000000002,47.10999999999967,36.507262508072046,118.36594196526073,False,2025-11-07 22:00:00,16,False,,,
XAUUSD.mg,1210,transition_persistence,TRANSITION_PERSISTENCE,SHORT,2025-11-13 18:00:00,16,4201.5,169.53999999999996,9.539999999999964,403.52255146971316,22.706176365583634,True,2025-11-17 00:00:00,16,False,,,
XAUUSD.mg,1214,transition_persistence,TRANSITION_PERSISTENCE,SHORT,2025-11-17 22:00:00,16,4040.66,42.940000000000055,41.39000000000033,106.26976781020937,102.43376082125279,True,2025-11-19 04:00:00,16,False,,,
XAUUSD.mg,1220,transition_persistence,TRANSITION_PERSISTENCE,SHORT,2025-11-19 18:00:00,16,4078.63,39.99000000000024,31.279999999999745,98.04762873808176,76.69241877787331,True,2025-11-21 00:00:00,16,False,,,
XAUUSD.mg,1222,transition_persistence,TRANSITION_PERSISTENCE,SHORT,2025-11-21 10:00:00,16,4050.32,28.0,50.53999999999951,69.13034031878962,124.78026427541407,False,2025-11-24 16:00:00,16,False,,,
XAUUSD.mg,1228,transition_persistence,TRANSITION_PERSISTENCE,SHORT,2025-11-25 12:00:00,16,4133.14,22.25,40.06999999999971,53.83316316408347,96.94808305549705,False,2025-11-26 18:00:00,16,False,,,
XAUUSD.mg,1232,transition_persistence,TRANSITION_PERSISTENCE,SHORT,2025-11-27 00:00:00,16,4164.51,21.980000000000473,28.31999999999971,52.779318575295704,68.00319845551988,False,2025-11-28 08:00:00,16,False,,,
XAUUSD.mg,1234,transition_persistence,TRANSITION_PERSISTENCE,SHORT,2025-11-28 14:00:00,16,4182.29,13.63000000000011,81.98000000000047,32.589801281116586,196.0170146020493,False,2025-12-01 22:00:00,16,False,,,
XAUUSD.mg,1237,transition_persistence,TRANSITION_PERSISTENCE,SHORT,2025-12-01 16:00:00,16,4232.28,68.69999999999982,16.789999999999964,162.32385380929387,39.671288289054516,True,2025-12-02 22:00:00,16,False,,,
XAUUSD.mg,1239,transition_persistence,TRANSITION_PERSISTENCE,SHORT,2025-12-02 14:00:00,16,4212.24,48.659999999999854,29.18000000000029,115.52048316335217,69.2743053577201,True,2025-12-03 20:00:00,16,False,,,
XAUUSD.mg,1241,transition_persistence,TRANSITION_PERSISTENCE,SHORT,2025-12-03 16:00:00,16,4216.11,41.50999999999931,25.3100000000004,98.45568545412551,60.03164054068893,True,2025-12-04 22:00:00,16,False,,,
XAUUSD.mg,1244,transition_persistence,TRANSITION_PERSISTENCE,SHORT,2025-12-05 18:00:00,16,4217.45,41.44999999999982,28.07000000000062,98.28213731045969,66.5568056527063,True,2025-12-09 00:00:00,16,False,,,
XAUUSD.mg,1249,transition_persistence,TRANSITION_PERSISTENCE,SHORT,2025-12-11 10:00:00,16,4218.23,13.239999999999782,135.1200000000008,31.387572512641043,320.3239273344526,False,2025-12-12 16:00:00,16,False,,,
XAUUSD.mg,1254,transition_persistence,TRANSITION_PERSISTENCE,SHORT,2025-12-12 22:00:00,16,4297.55,16.960000000000036,52.539999999999964,39.46434596456129,122.2557038312526,False,2025-12-16 04:00:00,16,False,,,
XAUUSD.mg,1261,transition_persistence,TRANSITION_PERSISTENCE,SHORT,2025-12-23 16:00:00,16,4458.29,28.019999999999527,67.23000000000047,62.849209001656526,150.7977273797812,False,2025-12-26 00:00:00,16,False,,,
XAUUSD.mg,1263,transition_persistence,TRANSITION_PERSISTENCE,SHORT,2025-12-24 10:00:00,16,4494.48,46.399999999999636,55.20000000000073,103.2377494170619,122.81732258236934,False,2025-12-26 18:00:00,16,False,,,
XAUUSD.mg,1267,transition_persistence,TRANSITION_PERSISTENCE,SHORT,2025-12-29 22:00:00,16,4334.58,11.409999999999854,69.60000000000036,26.323196249693986,160.56919009454288,False,2025-12-31 04:00:00,16,False,,,
