symbol,setup_family,baseline_id,episode_id,intent_side,entry_ts,horizon_bars,is_virtual_pair
XAUUSD.mg,state_reinforcement,STATE_REINFORCEMENT,1,LONG,2023-01-04 16:00:00,16,False
XAUUSD.mg,transition_persistence,TRANSITION_PERSISTENCE,2,LONG,2023-01-04 18:00:00,16,False
XAUUSD.mg,balance_stability,BALANCE_STABILITY,3,LONG,2023-01-04 22:00:00,10,True
XAUUSD.mg,balance_stability,BALANCE_STABILITY,3,SHORT,2023-01-04 22:00:00,10,True
XAUUSD.mg,transition_persistence,TRANSITION_PERSISTENCE,4,LONG,2023-01-05 00:00:00,16,False
XAUUSD.mg,balance_stability,BALANCE_STABILITY,5,LONG,2023-01-05 06:00:00,10,True
XAUUSD.mg,balance_stability,BALANCE_STABILITY,5,SHORT,2023-01-05 06:00:00,10,True
XAUUSD.mg,transition_persistence,TRANSITION_PERSISTENCE,6,SHORT,2023-01-05 22:00:00,16,False
XAUUSD.mg,transition_persistence,TRANSITION_PERSISTENCE,7,LONG,2023-01-06 02:00:00,16,False
XAUUSD.mg,state_reinforcement,STATE_REINFORCEMENT,8,LONG,2023-01-06 18:00:00,16,False
XAUUSD.mg,state_reinforcement,STATE_REINFORCEMENT,9,SHORT,2023-01-09 14:00:00,16,False
XAUUSD.mg,transition_persistence,TRANSITION_PERSISTENCE,10,SHORT,2023-01-09 18:00:00,16,False
XAUUSD.mg,balance_stability,BALANCE_STABILITY,11,LONG,2023-01-10 00:00:00,10,True
XAUUSD.mg,balance_stability,BALANCE_STABILITY,11,SHORT,2023-01-10 00:00:00,10,True
XAUUSD.mg,transition_persistence,TRANSITION_PERSISTENCE,12,SHORT,2023-01-12 14:00:00,16,False
XAUUSD.mg,state_reinforcement,STATE_REINFORCEMENT,13,LONG,2023-01-12 20:00:00,16,False
XAUUSD.mg,transition_persistence,TRANSITION_PERSISTENCE,14,LONG,2023-01-12 22:00:00,16,False
XAUUSD.mg,transition_persistence,TRANSITION_PERSISTENCE,15,SHORT,2023-01-13 12:00:00,16,False
XAUUSD.mg,transition_persistence,TRANSITION_PERSISTENCE,16,LONG,2023-01-13 22:00:00,16,False
XAUUSD.mg,transition_persistence,TRANSITION_PERSISTENCE,17,SHORT,2023-01-16 10:00:00,16,False
XAUUSD.mg,transition_persistence,TRANSITION_PERSISTENCE,18,LONG,2023-01-17 14:00:00,16,False
XAUUSD.mg,balance_stability,BALANCE_STABILITY,19,LONG,2023-01-17 22:00:00,10,True
XAUUSD.mg,balance_stability,BALANCE_STABILITY,19,SHORT,2023-01-17 22:00:00,10,True
XAUUSD.mg,transition_persistence,TRANSITION_PERSISTENCE,20,SHORT,2023-01-18 02:00:00,16,False
XAUUSD.mg,transition_persistence,TRANSITION_PERSISTENCE,21,LONG,2023-01-18 16:00:00,16,False
XAUUSD.mg,transition_persistence,TRANSITION_PERSISTENCE,22,SHORT,2023-01-18 22:00:00,16,False
XAUUSD.mg,transition_persistence,TRANSITION_PERSISTENCE,23,LONG,2023-01-19 04:00:00,16,False
XAUUSD.mg,transition_persistence,TRANSITION_PERSISTENCE,24,SHORT,2023-01-20 10:00:00,16,False
XAUUSD.mg,balance_stability,BALANCE_STABILITY,25,LONG,2023-01-20 18:00:00,10,True
XAUUSD.mg,balance_stability,BALANCE_STABILITY,25,SHORT,2023-01-20 18:00:00,10,True
XAUUSD.mg,transition_persistence,TRANSITION_PERSISTENCE,26,SHORT,2023-01-24 22:00:00,16,False
XAUUSD.mg,transition_persistence,TRANSITION_PERSISTENCE,27,LONG,2023-01-25 22:00:00,16,False
XAUUSD.mg,state_reinforcement,STATE_REINFORCEMENT,28,SHORT,2023-01-26 08:00:00,16,False
XAUUSD.mg,transition_persistence,TRANSITION_PERSISTENCE,29,SHORT,2023-01-26 22:00:00,16,False
XAUUSD.mg,balance_stability,BALANCE_STABILITY,30,LONG,2023-01-27 20:00:00,10,True
XAUUSD.mg,balance_stability,BALANCE_STABILITY,30,SHORT,2023-01-27 20:00:00,10,True
XAUUSD.mg,state_reinforcement,STATE_REINFORCEMENT,31,SHORT,2023-01-31 12:00:00,16,False
XAUUSD.mg,state_reinforcement,STATE_REINFORCEMENT,32,LONG,2023-01-31 18:00:00,16,False
XAUUSD.mg,transition_persistence,TRANSITION_PERSISTENCE,33,LONG,2023-01-31 22:00:00,16,False
XAUUSD.mg,balance_stability,BALANCE_STABILITY,34,LONG,2023-02-01 18:00:00,10,True
XAUUSD.mg,balance_stability,BALANCE_STABILITY,34,SHORT,2023-02-01 18:00:00,10,True
XAUUSD.mg,state_reinforcement,STATE_REINFORCEMENT,35,LONG,2023-02-02 08:00:00,16,False
XAUUSD.mg,transition_persistence,TRANSITION_PERSISTENCE,36,LONG,2023-02-02 12:00:00,16,False
XAUUSD.mg,transition_persistence,TRANSITION_PERSISTENCE,37,SHORT,2023-02-02 22:00:00,16,False
XAUUSD.mg,state_reinforcement,STATE_REINFORCEMENT,38,SHORT,2023-02-03 18:00:00,16,False
XAUUSD.mg,transition_persistence,TRANSITION_PERSISTENCE,39,SHORT,2023-02-03 22:00:00,16,False
XAUUSD.mg,transition_persistence,TRANSITION_PERSISTENCE,40,LONG,2023-02-06 10:00:00,16,False
XAUUSD.mg,balance_stability,BALANCE_STABILITY,41,LONG,2023-02-07 00:00:00,10,True
XAUUSD.mg,balance_stability,BALANCE_STABILITY,41,SHORT,2023-02-07 00:00:00,10,True
XAUUSD.mg,transition_persistence,TRANSITION_PERSISTENCE,42,SHORT,2023-02-09 22:00:00,16,False
XAUUSD.mg,transition_persistence,TRANSITION_PERSISTENCE,43,LONG,2023-02-10 10:00:00,16,False
XAUUSD.mg,balance_stability,BALANCE_STABILITY,44,LONG,2023-02-10 20:00:00,10,True
XAUUSD.mg,balance_stability,BALANCE_STABILITY,44,SHORT,2023-02-10 20:00:00,10,True
XAUUSD.mg,transition_persistence,TRANSITION_PERSISTENCE,45,SHORT,2023-02-13 22:00:00,16,False
XAUUSD.mg,balance_stability,BALANCE_STABILITY,46,LONG,2023-02-14 02:00:00,10,True
XAUUSD.mg,balance_stability,BALANCE_STABILITY,46,SHORT,2023-02-14 02:00:00,10,True
XAUUSD.mg,transition_persistence,TRANSITION_PERSISTENCE,47,SHORT,2023-02-16 20:00:00,16,False
XAUUSD.mg,balance_stability,BALANCE_STABILITY,48,LONG,2023-02-17 00:00:00,10,True
XAUUSD.mg,balance_stability,BALANCE_STABILITY,48,SHORT,2023-02-17 00:00:00,10,True
XAUUSD.mg,transition_persistence,TRANSITION_PERSISTENCE,49,SHORT,2023-02-17 12:00:00,16,False
XAUUSD.mg,transition_persistence,TRANSITION_PERSISTENCE,50,LONG,2023-02-20 00:00:00,16,False
XAUUSD.mg,state_reinforcement,STATE_REINFORCEMENT,51,LONG,2023-02-20 06:00:00,16,False
XAUUSD.mg,balance_stability,BALANCE_STABILITY,52,LONG,2023-02-21 00:00:00,10,True
XAUUSD.mg,balance_stability,BALANCE_STABILITY,52,SHORT,2023-02-21 00:00:00,10,True
XAUUSD.mg,transition_persistence,TRANSITION_PERSISTENCE,53,SHORT,2023-02-22 22:00:00,16,False
XAUUSD.mg,balance_stability,BALANCE_STABILITY,54,LONG,2023-02-23 20:00:00,10,True
XAUUSD.mg,balance_stability,BALANCE_STABILITY,54,SHORT,2023-02-23 20:00:00,10,True
XAUUSD.mg,transition_persistence,TRANSITION_PERSISTENCE,55,SHORT,2023-02-24 22:00:00,16,False
XAUUSD.mg,balance_stability,BALANCE_STABILITY,56,LONG,2023-02-28 00:00:00,10,True
XAUUSD.mg,balance_stability,BALANCE_STABILITY,56,SHORT,2023-02-28 00:00:00,10,True
XAUUSD.mg,state_reinforcement,STATE_REINFORCEMENT,57,LONG,2023-02-28 20:00:00,16,False
XAUUSD.mg,transition_persistence,TRANSITION_PERSISTENCE,58,LONG,2023-03-01 22:00:00,16,False
XAUUSD.mg,transition_persistence,TRANSITION_PERSISTENCE,59,SHORT,2023-03-02 00:00:00,16,False
XAUUSD.mg,transition_persistence,TRANSITION_PERSISTENCE,60,LONG,2023-03-03 02:00:00,16,False
XAUUSD.mg,state_reinforcement,STATE_REINFORCEMENT,61,LONG,2023-03-03 12:00:00,16,False
XAUUSD.mg,transition_persistence,TRANSITION_PERSISTENCE,62,LONG,2023-03-06 02:00:00,16,False
XAUUSD.mg,transition_persistence,TRANSITION_PERSISTENCE,63,SHORT,2023-03-06 08:00:00,16,False
XAUUSD.mg,state_reinforcement,STATE_REINFORCEMENT,65,SHORT,2023-03-07 18:00:00,16,False
XAUUSD.mg,state_reinforcement,STATE_REINFORCEMENT,66,LONG,2023-03-08 12:00:00,16,False
XAUUSD.mg,transition_persistence,TRANSITION_PERSISTENCE,67,LONG,2023-03-08 18:00:00,16,False
XAUUSD.mg,transition_persistence,TRANSITION_PERSISTENCE,68,SHORT,2023-03-10 06:00:00,16,False
XAUUSD.mg,transition_persistence,TRANSITION_PERSISTENCE,69,LONG,2023-03-10 22:00:00,16,False
XAUUSD.mg,transition_persistence,TRANSITION_PERSISTENCE,70,SHORT,2023-03-14 12:00:00,16,False
XAUUSD.mg,balance_stability,BALANCE_STABILITY,71,LONG,2023-03-14 18:00:00,10,True
XAUUSD.mg,balance_stability,BALANCE_STABILITY,71,SHORT,2023-03-14 18:00:00,10,True
XAUUSD.mg,state_reinforcement,STATE_REINFORCEMENT,72,LONG,2023-03-15 16:00:00,16,False
XAUUSD.mg,transition_persistence,TRANSITION_PERSISTENCE,73,LONG,2023-03-15 22:00:00,16,False
XAUUSD.mg,transition_persistence,TRANSITION_PERSISTENCE,74,SHORT,2023-03-16 04:00:00,16,False
XAUUSD.mg,balance_stability,BALANCE_STABILITY,75,LONG,2023-03-17 00:00:00,10,True
XAUUSD.mg,balance_stability,BALANCE_STABILITY,75,SHORT,2023-03-17 00:00:00,10,True
XAUUSD.mg,state_reinforcement,STATE_REINFORCEMENT,76,LONG,2023-03-17 16:00:00,16,False
XAUUSD.mg,transition_persistence,TRANSITION_PERSISTENCE,77,LONG,2023-03-20 04:00:00,16,False
XAUUSD.mg,transition_persistence,TRANSITION_PERSISTENCE,78,SHORT,2023-03-20 10:00:00,16,False
XAUUSD.mg,transition_persistence,TRANSITION_PERSISTENCE,79,LONG,2023-03-20 12:00:00,16,False
XAUUSD.mg,transition_persistence,TRANSITION_PERSISTENCE,80,SHORT,2023-03-20 18:00:00,16,False
XAUUSD.mg,transition_persistence,TRANSITION_PERSISTENCE,81,LONG,2023-03-22 22:00:00,16,False
XAUUSD.mg,state_reinforcement,STATE_REINFORCEMENT,82,LONG,2023-03-23 14:00:00,16,False
XAUUSD.mg,transition_persistence,TRANSITION_PERSISTENCE,83,LONG,2023-03-24 02:00:00,16,False
XAUUSD.mg,transition_persistence,TRANSITION_PERSISTENCE,84,SHORT,2023-03-24 06:00:00,16,False
XAUUSD.mg,transition_persistence,TRANSITION_PERSISTENCE,85,LONG,2023-03-24 10:00:00,16,False
XAUUSD.mg,transition_persistence,TRANSITION_PERSISTENCE,86,SHORT,2023-03-27 04:00:00,16,False
XAUUSD.mg,transition_persistence,TRANSITION_PERSISTENCE,87,LONG,2023-03-27 22:00:00,16,False
XAUUSD.mg,balance_stability,BALANCE_STABILITY,88,LONG,2023-03-28 08:00:00,10,True
XAUUSD.mg,balance_stability,BALANCE_STABILITY,88,SHORT,2023-03-28 08:00:00,10,True
XAUUSD.mg,state_reinforcement,STATE_REINFORCEMENT,89,LONG,2023-03-29 02:00:00,16,False
XAUUSD.mg,balance_stability,BALANCE_STABILITY,90,LONG,2023-03-30 00:00:00,10,True
XAUUSD.mg,balance_stability,BALANCE_STABILITY,90,SHORT,2023-03-30 00:00:00,10,True
XAUUSD.mg,transition_persistence,TRANSITION_PERSISTENCE,91,LONG,2023-03-30 22:00:00,16,False
XAUUSD.mg,transition_persistence,TRANSITION_PERSISTENCE,92,SHORT,2023-03-31 06:00:00,16,False
XAUUSD.mg,balance_stability,BALANCE_STABILITY,93,LONG,2023-03-31 10:00:00,10,True
XAUUSD.mg,balance_stability,BALANCE_STABILITY,93,SHORT,2023-03-31 10:00:00,10,True
XAUUSD.mg,transition_persistence,TRANSITION_PERSISTENCE,94,SHORT,2023-03-31 22:00:00,16,False
XAUUSD.mg,transition_persistence,TRANSITION_PERSISTENCE,95,LONG,2023-04-03 22:00:00,16,False
XAUUSD.mg,transition_persistence,TRANSITION_PERSISTENCE,96,SHORT,2023-04-04 06:00:00,16,False
XAUUSD.mg,transition_persistence,TRANSITION_PERSISTENCE,97,LONG,2023-04-04 22:00:00,16,False
XAUUSD.mg,transition_persistence,TRANSITION_PERSISTENCE,98,SHORT,2023-04-05 18:00:00,16,False
XAUUSD.mg,balance_stability,BALANCE_STABILITY,99,LONG,2023-04-06 08:00:00,10,True
XAUUSD.mg,balance_stability,BALANCE_STABILITY,99,SHORT,2023-04-06 08:00:00,10,True
XAUUSD.mg,transition_persistence,TRANSITION_PERSISTENCE,100,SHORT,2023-04-06 22:00:00,16,False
XAUUSD.mg,transition_persistence,TRANSITION_PERSISTENCE,101,LONG,2023-04-11 02:00:00,16,False
XAUUSD.mg,state_reinforcement,STATE_REINFORCEMENT,102,LONG,2023-04-11 14:00:00,16,False
XAUUSD.mg,transition_persistence,TRANSITION_PERSISTENCE,103,SHORT,2023-04-11 22:00:00,16,False
XAUUSD.mg,state_reinforcement,STATE_REINFORCEMENT,104,LONG,2023-04-12 04:00:00,16,False
XAUUSD.mg,transition_persistence,TRANSITION_PERSISTENCE,105,LONG,2023-04-12 10:00:00,16,False
XAUUSD.mg,transition_persistence,TRANSITION_PERSISTENCE,106,SHORT,2023-04-12 14:00:00,16,False
XAUUSD.mg,balance_stability,BALANCE_STABILITY,107,LONG,2023-04-12 22:00:00,10,True
XAUUSD.mg,balance_stability,BALANCE_STABILITY,107,SHORT,2023-04-12 22:00:00,10,True
XAUUSD.mg,transition_persistence,TRANSITION_PERSISTENCE,108,LONG,2023-04-13 22:00:00,16,False
XAUUSD.mg,transition_persistence,TRANSITION_PERSISTENCE,109,SHORT,2023-04-14 06:00:00,16,False
XAUUSD.mg,state_reinforcement,STATE_REINFORCEMENT,110,SHORT,2023-04-14 18:00:00,16,False
XAUUSD.mg,state_reinforcement,STATE_REINFORCEMENT,111,LONG,2023-04-17 06:00:00,16,False
XAUUSD.mg,state_reinforcement,STATE_REINFORCEMENT,112,SHORT,2023-04-17 18:00:00,16,False
XAUUSD.mg,transition_persistence,TRANSITION_PERSISTENCE,113,SHORT,2023-04-17 22:00:00,16,False
XAUUSD.mg,transition_persistence,TRANSITION_PERSISTENCE,114,LONG,2023-04-18 02:00:00,16,False
XAUUSD.mg,transition_persistence,TRANSITION_PERSISTENCE,115,SHORT,2023-04-19 18:00:00,16,False
XAUUSD.mg,transition_persistence,TRANSITION_PERSISTENCE,116,LONG,2023-04-19 20:00:00,16,False
XAUUSD.mg,balance_stability,BALANCE_STABILITY,117,LONG,2023-04-20 22:00:00,10,True
XAUUSD.mg,balance_stability,BALANCE_STABILITY,117,SHORT,2023-04-20 22:00:00,10,True
XAUUSD.mg,transition_persistence,TRANSITION_PERSISTENCE,118,SHORT,2023-04-21 22:00:00,16,False
XAUUSD.mg,balance_stability,BALANCE_STABILITY,119,LONG,2023-04-24 22:00:00,10,True
XAUUSD.mg,balance_stability,BALANCE_STABILITY,119,SHORT,2023-04-24 22:00:00,10,True
XAUUSD.mg,transition_persistence,TRANSITION_PERSISTENCE,120,LONG,2023-04-25 04:00:00,16,False
XAUUSD.mg,transition_persistence,TRANSITION_PERSISTENCE,121,SHORT,2023-04-25 16:00:00,16,False
XAUUSD.mg,balance_stability,BALANCE_STABILITY,122,LONG,2023-04-26 06:00:00,10,True
XAUUSD.mg,balance_stability,BALANCE_STABILITY,122,SHORT,2023-04-26 06:00:00,10,True
XAUUSD.mg,transition_persistence,TRANSITION_PERSISTENCE,123,SHORT,2023-04-27 18:00:00,16,False
XAUUSD.mg,balance_stability,BALANCE_STABILITY,124,LONG,2023-04-28 00:00:00,10,True
XAUUSD.mg,balance_stability,BALANCE_STABILITY,124,SHORT,2023-04-28 00:00:00,10,True
XAUUSD.mg,transition_persistence,TRANSITION_PERSISTENCE,125,LONG,2023-04-28 04:00:00,16,False
XAUUSD.mg,transition_persistence,TRANSITION_PERSISTENCE,126,SHORT,2023-04-28 06:00:00,16,False
XAUUSD.mg,transition_persistence,TRANSITION_PERSISTENCE,127,LONG,2023-04-28 20:00:00,16,False
XAUUSD.mg,balance_stability,BALANCE_STABILITY,128,LONG,2023-05-01 00:00:00,10,True
XAUUSD.mg,balance_stability,BALANCE_STABILITY,128,SHORT,2023-05-01 00:00:00,10,True
XAUUSD.mg,transition_persistence,TRANSITION_PERSISTENCE,130,SHORT,2023-05-02 04:00:00,16,False
XAUUSD.mg,transition_persistence,TRANSITION_PERSISTENCE,131,LONG,2023-05-02 06:00:00,16,False
XAUUSD.mg,transition_persistence,TRANSITION_PERSISTENCE,132,SHORT,2023-05-04 12:00:00,16,False
XAUUSD.mg,transition_persistence,TRANSITION_PERSISTENCE,134,LONG,2023-05-04 16:00:00,16,False
XAUUSD.mg,balance_stability,BALANCE_STABILITY,135,LONG,2023-05-04 20:00:00,10,True
XAUUSD.mg,balance_stability,BALANCE_STABILITY,135,SHORT,2023-05-04 20:00:00,10,True
XAUUSD.mg,state_reinforcement,STATE_REINFORCEMENT,136,SHORT,2023-05-05 16:00:00,16,False
XAUUSD.mg,state_reinforcement,STATE_REINFORCEMENT,137,LONG,2023-05-08 04:00:00,16,False
XAUUSD.mg,transition_persistence,TRANSITION_PERSISTENCE,138,LONG,2023-05-08 06:00:00,16,False
XAUUSD.mg,transition_persistence,TRANSITION_PERSISTENCE,139,SHORT,2023-05-08 20:00:00,16,False
XAUUSD.mg,transition_persistence,TRANSITION_PERSISTENCE,140,LONG,2023-05-09 08:00:00,16,False
XAUUSD.mg,balance_stability,BALANCE_STABILITY,141,LONG,2023-05-10 08:00:00,10,True
XAUUSD.mg,balance_stability,BALANCE_STABILITY,141,SHORT,2023-05-10 08:00:00,10,True
XAUUSD.mg,transition_persistence,TRANSITION_PERSISTENCE,142,SHORT,2023-05-12 00:00:00,16,False
XAUUSD.mg,transition_persistence,TRANSITION_PERSISTENCE,143,LONG,2023-05-12 18:00:00,16,False
XAUUSD.mg,balance_stability,BALANCE_STABILITY,144,LONG,2023-05-12 22:00:00,10,True
XAUUSD.mg,balance_stability,BALANCE_STABILITY,144,SHORT,2023-05-12 22:00:00,10,True
XAUUSD.mg,transition_persistence,TRANSITION_PERSISTENCE,145,SHORT,2023-05-16 22:00:00,16,False
XAUUSD.mg,transition_persistence,TRANSITION_PERSISTENCE,146,LONG,2023-05-17 06:00:00,16,False
XAUUSD.mg,balance_stability,BALANCE_STABILITY,147,LONG,2023-05-18 00:00:00,10,True
XAUUSD.mg,balance_stability,BALANCE_STABILITY,147,SHORT,2023-05-18 00:00:00,10,True
XAUUSD.mg,transition_persistence,TRANSITION_PERSISTENCE,148,LONG,2023-05-18 02:00:00,16,False
XAUUSD.mg,state_reinforcement,STATE_REINFORCEMENT,149,SHORT,2023-05-18 18:00:00,16,False
XAUUSD.mg,transition_persistence,TRANSITION_PERSISTENCE,150,SHORT,2023-05-18 22:00:00,16,False
XAUUSD.mg,transition_persistence,TRANSITION_PERSISTENCE,151,LONG,2023-05-19 22:00:00,16,False
XAUUSD.mg,balance_stability,BALANCE_STABILITY,152,LONG,2023-05-22 08:00:00,10,True
XAUUSD.mg,balance_stability,BALANCE_STABILITY,152,SHORT,2023-05-22 08:00:00,10,True
XAUUSD.mg,transition_persistence,TRANSITION_PERSISTENCE,153,LONG,2023-05-23 16:00:00,16,False
XAUUSD.mg,transition_persistence,TRANSITION_PERSISTENCE,154,SHORT,2023-05-24 14:00:00,16,False
XAUUSD.mg,transition_persistence,TRANSITION_PERSISTENCE,155,LONG,2023-05-25 12:00:00,16,False
XAUUSD.mg,transition_persistence,TRANSITION_PERSISTENCE,156,SHORT,2023-05-25 22:00:00,16,False
XAUUSD.mg,balance_stability,BALANCE_STABILITY,157,LONG,2023-05-26 20:00:00,10,True
XAUUSD.mg,balance_stability,BALANCE_STABILITY,157,SHORT,2023-05-26 20:00:00,10,True
XAUUSD.mg,transition_persistence,TRANSITION_PERSISTENCE,158,SHORT,2023-05-30 08:00:00,16,False
XAUUSD.mg,state_reinforcement,STATE_REINFORCEMENT,159,LONG,2023-05-30 14:00:00,16,False
XAUUSD.mg,transition_persistence,TRANSITION_PERSISTENCE,160,LONG,2023-05-31 02:00:00,16,False
XAUUSD.mg,transition_persistence,TRANSITION_PERSISTENCE,161,SHORT,2023-05-31 04:00:00,16,False
XAUUSD.mg,transition_persistence,TRANSITION_PERSISTENCE,162,LONG,2023-05-31 12:00:00,16,False
XAUUSD.mg,balance_stability,BALANCE_STABILITY,163,LONG,2023-06-01 06:00:00,10,True
XAUUSD.mg,balance_stability,BALANCE_STABILITY,163,SHORT,2023-06-01 06:00:00,10,True
XAUUSD.mg,transition_persistence,TRANSITION_PERSISTENCE,164,LONG,2023-06-01 22:00:00,16,False
XAUUSD.mg,transition_persistence,TRANSITION_PERSISTENCE,165,SHORT,2023-06-02 08:00:00,16,False
XAUUSD.mg,state_reinforcement,STATE_REINFORCEMENT,166,SHORT,2023-06-05 06:00:00,16,False
XAUUSD.mg,transition_persistence,TRANSITION_PERSISTENCE,167,LONG,2023-06-05 22:00:00,16,False
XAUUSD.mg,balance_stability,BALANCE_STABILITY,168,LONG,2023-06-07 06:00:00,10,True
XAUUSD.mg,balance_stability,BALANCE_STABILITY,168,SHORT,2023-06-07 06:00:00,10,True
XAUUSD.mg,state_reinforcement,STATE_REINFORCEMENT,169,SHORT,2023-06-08 00:00:00,16,False
XAUUSD.mg,state_reinforcement,STATE_REINFORCEMENT,170,LONG,2023-06-08 06:00:00,16,False
XAUUSD.mg,transition_persistence,TRANSITION_PERSISTENCE,171,LONG,2023-06-08 08:00:00,16,False
XAUUSD.mg,state_reinforcement,STATE_REINFORCEMENT,172,LONG,2023-06-08 20:00:00,16,False
XAUUSD.mg,transition_persistence,TRANSITION_PERSISTENCE,173,SHORT,2023-06-12 04:00:00,16,False
XAUUSD.mg,transition_persistence,TRANSITION_PERSISTENCE,174,LONG,2023-06-12 08:00:00,16,False
XAUUSD.mg,transition_persistence,TRANSITION_PERSISTENCE,175,SHORT,2023-06-12 16:00:00,16,False
XAUUSD.mg,balance_stability,BALANCE_STABILITY,176,LONG,2023-06-12 20:00:00,10,True
XAUUSD.mg,balance_stability,BALANCE_STABILITY,176,SHORT,2023-06-12 20:00:00,10,True
XAUUSD.mg,state_reinforcement,STATE_REINFORCEMENT,177,SHORT,2023-06-13 20:00:00,16,False
XAUUSD.mg,state_reinforcement,STATE_REINFORCEMENT,178,LONG,2023-06-14 04:00:00,16,False
XAUUSD.mg,transition_persistence,TRANSITION_PERSISTENCE,179,SHORT,2023-06-15 06:00:00,16,False
XAUUSD.mg,transition_persistence,TRANSITION_PERSISTENCE,180,LONG,2023-06-15 22:00:00,16,False
XAUUSD.mg,transition_persistence,TRANSITION_PERSISTENCE,182,SHORT,2023-06-16 16:00:00,16,False
XAUUSD.mg,transition_persistence,TRANSITION_PERSISTENCE,183,LONG,2023-06-16 18:00:00,16,False
XAUUSD.mg,transition_persistence,TRANSITION_PERSISTENCE,184,SHORT,2023-06-16 22:00:00,16,False
XAUUSD.mg,state_reinforcement,STATE_REINFORCEMENT,185,SHORT,2023-06-19 16:00:00,16,False
XAUUSD.mg,transition_persistence,TRANSITION_PERSISTENCE,186,LONG,2023-06-20 00:00:00,16,False
XAUUSD.mg,balance_stability,BALANCE_STABILITY,187,LONG,2023-06-20 06:00:00,10,True
XAUUSD.mg,balance_stability,BALANCE_STABILITY,187,SHORT,2023-06-20 06:00:00,10,True
XAUUSD.mg,transition_persistence,TRANSITION_PERSISTENCE,188,SHORT,2023-06-20 22:00:00,16,False
XAUUSD.mg,transition_persistence,TRANSITION_PERSISTENCE,189,LONG,2023-06-21 02:00:00,16,False
XAUUSD.mg,state_reinforcement,STATE_REINFORCEMENT,190,SHORT,2023-06-21 10:00:00,16,False
XAUUSD.mg,transition_persistence,TRANSITION_PERSISTENCE,191,SHORT,2023-06-21 16:00:00,16,False
XAUUSD.mg,transition_persistence,TRANSITION_PERSISTENCE,192,LONG,2023-06-22 02:00:00,16,False
XAUUSD.mg,transition_persistence,TRANSITION_PERSISTENCE,193,SHORT,2023-06-22 22:00:00,16,False
XAUUSD.mg,state_reinforcement,STATE_REINFORCEMENT,194,LONG,2023-06-23 18:00:00,16,False
XAUUSD.mg,transition_persistence,TRANSITION_PERSISTENCE,195,LONG,2023-06-23 20:00:00,16,False
XAUUSD.mg,transition_persistence,TRANSITION_PERSISTENCE,196,SHORT,2023-06-26 02:00:00,16,False
XAUUSD.mg,transition_persistence,TRANSITION_PERSISTENCE,197,LONG,2023-06-26 04:00:00,16,False
XAUUSD.mg,balance_stability,BALANCE_STABILITY,198,LONG,2023-06-26 22:00:00,10,True
XAUUSD.mg,balance_stability,BALANCE_STABILITY,198,SHORT,2023-06-26 22:00:00,10,True
XAUUSD.mg,transition_persistence,TRANSITION_PERSISTENCE,199,SHORT,2023-06-27 22:00:00,16,False
XAUUSD.mg,transition_persistence,TRANSITION_PERSISTENCE,200,LONG,2023-06-28 04:00:00,16,False
XAUUSD.mg,transition_persistence,TRANSITION_PERSISTENCE,201,SHORT,2023-06-28 18:00:00,16,False
XAUUSD.mg,transition_persistence,TRANSITION_PERSISTENCE,203,LONG,2023-06-29 00:00:00,16,False
XAUUSD.mg,balance_stability,BALANCE_STABILITY,205,LONG,2023-06-29 20:00:00,10,True
XAUUSD.mg,balance_stability,BALANCE_STABILITY,205,SHORT,2023-06-29 20:00:00,10,True
XAUUSD.mg,transition_persistence,TRANSITION_PERSISTENCE,206,SHORT,2023-06-30 00:00:00,16,False
XAUUSD.mg,transition_persistence,TRANSITION_PERSISTENCE,207,LONG,2023-06-30 02:00:00,16,False
XAUUSD.mg,transition_persistence,TRANSITION_PERSISTENCE,208,SHORT,2023-06-30 04:00:00,16,False
XAUUSD.mg,state_reinforcement,STATE_REINFORCEMENT,209,LONG,2023-06-30 18:00:00,16,False
XAUUSD.mg,transition_persistence,TRANSITION_PERSISTENCE,210,LONG,2023-06-30 22:00:00,16,False
XAUUSD.mg,transition_persistence,TRANSITION_PERSISTENCE,211,SHORT,2023-07-03 04:00:00,16,False
XAUUSD.mg,transition_persistence,TRANSITION_PERSISTENCE,212,LONG,2023-07-03 18:00:00,16,False
XAUUSD.mg,transition_persistence,TRANSITION_PERSISTENCE,213,SHORT,2023-07-04 02:00:00,16,False
XAUUSD.mg,state_reinforcement,STATE_REINFORCEMENT,214,LONG,2023-07-04 10:00:00,16,False
XAUUSD.mg,balance_stability,BALANCE_STABILITY,215,LONG,2023-07-05 00:00:00,10,True
XAUUSD.mg,balance_stability,BALANCE_STABILITY,215,SHORT,2023-07-05 00:00:00,10,True
XAUUSD.mg,state_reinforcement,STATE_REINFORCEMENT,216,SHORT,2023-07-06 02:00:00,16,False
XAUUSD.mg,transition_persistence,TRANSITION_PERSISTENCE,218,SHORT,2023-07-06 22:00:00,16,False
XAUUSD.mg,balance_stability,BALANCE_STABILITY,220,LONG,2023-07-11 00:00:00,10,True
XAUUSD.mg,balance_stability,BALANCE_STABILITY,220,SHORT,2023-07-11 00:00:00,10,True
XAUUSD.mg,state_reinforcement,STATE_REINFORCEMENT,221,LONG,2023-07-12 18:00:00,16,False
XAUUSD.mg,transition_persistence,TRANSITION_PERSISTENCE,222,LONG,2023-07-13 00:00:00,16,False
XAUUSD.mg,transition_persistence,TRANSITION_PERSISTENCE,223,SHORT,2023-07-13 06:00:00,16,False
XAUUSD.mg,transition_persistence,TRANSITION_PERSISTENCE,224,LONG,2023-07-13 10:00:00,16,False
XAUUSD.mg,transition_persistence,TRANSITION_PERSISTENCE,225,SHORT,2023-07-13 14:00:00,16,False
XAUUSD.mg,balance_stability,BALANCE_STABILITY,226,LONG,2023-07-13 18:00:00,10,True
XAUUSD.mg,balance_stability,BALANCE_STABILITY,226,SHORT,2023-07-13 18:00:00,10,True
XAUUSD.mg,transition_persistence,TRANSITION_PERSISTENCE,227,LONG,2023-07-17 18:00:00,16,False
XAUUSD.mg,transition_persistence,TRANSITION_PERSISTENCE,228,SHORT,2023-07-17 22:00:00,16,False
XAUUSD.mg,transition_persistence,TRANSITION_PERSISTENCE,229,LONG,2023-07-18 02:00:00,16,False
XAUUSD.mg,state_reinforcement,STATE_REINFORCEMENT,230,LONG,2023-07-18 12:00:00,16,False
XAUUSD.mg,transition_persistence,TRANSITION_PERSISTENCE,231,LONG,2023-07-18 22:00:00,16,False
XAUUSD.mg,transition_persistence,TRANSITION_PERSISTENCE,232,SHORT,2023-07-19 04:00:00,16,False
XAUUSD.mg,transition_persistence,TRANSITION_PERSISTENCE,233,LONG,2023-07-19 06:00:00,16,False
XAUUSD.mg,balance_stability,BALANCE_STABILITY,235,LONG,2023-07-20 00:00:00,10,True
XAUUSD.mg,balance_stability,BALANCE_STABILITY,235,SHORT,2023-07-20 00:00:00,10,True
XAUUSD.mg,transition_persistence,TRANSITION_PERSISTENCE,236,LONG,2023-07-20 06:00:00,16,False
XAUUSD.mg,transition_persistence,TRANSITION_PERSISTENCE,237,SHORT,2023-07-20 22:00:00,16,False
XAUUSD.mg,state_reinforcement,STATE_REINFORCEMENT,238,SHORT,2023-07-21 08:00:00,16,False
XAUUSD.mg,transition_persistence,TRANSITION_PERSISTENCE,239,SHORT,2023-07-21 22:00:00,16,False
XAUUSD.mg,transition_persistence,TRANSITION_PERSISTENCE,241,SHORT,2023-07-24 22:00:00,16,False
XAUUSD.mg,transition_persistence,TRANSITION_PERSISTENCE,242,LONG,2023-07-25 12:00:00,16,False
XAUUSD.mg,state_reinforcement,STATE_REINFORCEMENT,243,LONG,2023-07-26 16:00:00,16,False
XAUUSD.mg,balance_stability,BALANCE_STABILITY,244,LONG,2023-07-27 00:00:00,10,True
XAUUSD.mg,balance_stability,BALANCE_STABILITY,244,SHORT,2023-07-27 00:00:00,10,True
XAUUSD.mg,transition_persistence,TRANSITION_PERSISTENCE,245,SHORT,2023-07-27 22:00:00,16,False
XAUUSD.mg,state_reinforcement,STATE_REINFORCEMENT,246,LONG,2023-07-31 18:00:00,16,False
XAUUSD.mg,transition_persistence,TRANSITION_PERSISTENCE,247,LONG,2023-07-31 22:00:00,16,False
XAUUSD.mg,transition_persistence,TRANSITION_PERSISTENCE,248,SHORT,2023-08-01 04:00:00,16,False
XAUUSD.mg,state_reinforcement,STATE_REINFORCEMENT,249,SHORT,2023-08-01 18:00:00,16,False
XAUUSD.mg,transition_persistence,TRANSITION_PERSISTENCE,250,SHORT,2023-08-01 22:00:00,16,False
XAUUSD.mg,transition_persistence,TRANSITION_PERSISTENCE,252,LONG,2023-08-02 04:00:00,16,False
XAUUSD.mg,state_reinforcement,STATE_REINFORCEMENT,253,SHORT,2023-08-02 20:00:00,16,False
XAUUSD.mg,balance_stability,BALANCE_STABILITY,254,LONG,2023-08-04 00:00:00,10,True
XAUUSD.mg,balance_stability,BALANCE_STABILITY,254,SHORT,2023-08-04 00:00:00,10,True
XAUUSD.mg,transition_persistence,TRANSITION_PERSISTENCE,255,LONG,2023-08-04 22:00:00,16,False
XAUUSD.mg,transition_persistence,TRANSITION_PERSISTENCE,256,SHORT,2023-08-07 02:00:00,16,False
XAUUSD.mg,transition_persistence,TRANSITION_PERSISTENCE,257,LONG,2023-08-07 22:00:00,16,False
XAUUSD.mg,transition_persistence,TRANSITION_PERSISTENCE,258,SHORT,2023-08-08 22:00:00,16,False
XAUUSD.mg,balance_stability,BALANCE_STABILITY,259,LONG,2023-08-09 10:00:00,10,True
XAUUSD.mg,balance_stability,BALANCE_STABILITY,259,SHORT,2023-08-09 10:00:00,10,True
XAUUSD.mg,state_reinforcement,STATE_REINFORCEMENT,260,SHORT,2023-08-09 20:00:00,16,False
XAUUSD.mg,state_reinforcement,STATE_REINFORCEMENT,261,LONG,2023-08-10 04:00:00,16,False
XAUUSD.mg,balance_stability,BALANCE_STABILITY,262,LONG,2023-08-11 22:00:00,10,True
XAUUSD.mg,balance_stability,BALANCE_STABILITY,262,SHORT,2023-08-11 22:00:00,10,True
XAUUSD.mg,transition_persistence,TRANSITION_PERSISTENCE,263,SHORT,2023-08-14 04:00:00,16,False
XAUUSD.mg,transition_persistence,TRANSITION_PERSISTENCE,265,SHORT,2023-08-14 16:00:00,16,False
XAUUSD.mg,balance_stability,BALANCE_STABILITY,266,LONG,2023-08-15 02:00:00,10,True
XAUUSD.mg,balance_stability,BALANCE_STABILITY,266,SHORT,2023-08-15 02:00:00,10,True
XAUUSD.mg,transition_persistence,TRANSITION_PERSISTENCE,267,SHORT,2023-08-15 04:00:00,16,False
XAUUSD.mg,transition_persistence,TRANSITION_PERSISTENCE,268,LONG,2023-08-17 10:00:00,16,False
XAUUSD.mg,transition_persistence,TRANSITION_PERSISTENCE,269,SHORT,2023-08-17 22:00:00,16,False
XAUUSD.mg,transition_persistence,TRANSITION_PERSISTENCE,270,LONG,2023-08-18 04:00:00,16,False
XAUUSD.mg,balance_stability,BALANCE_STABILITY,271,LONG,2023-08-18 22:00:00,10,True
XAUUSD.mg,balance_stability,BALANCE_STABILITY,271,SHORT,2023-08-18 22:00:00,10,True
XAUUSD.mg,transition_persistence,TRANSITION_PERSISTENCE,272,SHORT,2023-08-21 08:00:00,16,False
XAUUSD.mg,transition_persistence,TRANSITION_PERSISTENCE,274,LONG,2023-08-21 14:00:00,16,False
XAUUSD.mg,transition_persistence,TRANSITION_PERSISTENCE,275,SHORT,2023-08-21 16:00:00,16,False
XAUUSD.mg,balance_stability,BALANCE_STABILITY,276,LONG,2023-08-22 16:00:00,10,True
XAUUSD.mg,balance_stability,BALANCE_STABILITY,276,SHORT,2023-08-22 16:00:00,10,True
XAUUSD.mg,balance_stability,BALANCE_STABILITY,277,LONG,2023-08-22 18:00:00,10,True
XAUUSD.mg,balance_stability,BALANCE_STABILITY,277,SHORT,2023-08-22 18:00:00,10,True
XAUUSD.mg,state_reinforcement,STATE_REINFORCEMENT,278,LONG,2023-08-23 18:00:00,16,False
XAUUSD.mg,state_reinforcement,STATE_REINFORCEMENT,279,SHORT,2023-08-24 14:00:00,16,False
XAUUSD.mg,transition_persistence,TRANSITION_PERSISTENCE,280,SHORT,2023-08-24 18:00:00,16,False
XAUUSD.mg,transition_persistence,TRANSITION_PERSISTENCE,282,SHORT,2023-08-25 22:00:00,16,False
XAUUSD.mg,transition_persistence,TRANSITION_PERSISTENCE,284,LONG,2023-08-28 04:00:00,16,False
XAUUSD.mg,transition_persistence,TRANSITION_PERSISTENCE,286,LONG,2023-08-28 22:00:00,16,False
XAUUSD.mg,state_reinforcement,STATE_REINFORCEMENT,288,LONG,2023-08-30 16:00:00,16,False
XAUUSD.mg,transition_persistence,TRANSITION_PERSISTENCE,289,LONG,2023-08-30 22:00:00,16,False
XAUUSD.mg,transition_persistence,TRANSITION_PERSISTENCE,291,LONG,2023-08-31 06:00:00,16,False
XAUUSD.mg,balance_stability,BALANCE_STABILITY,292,LONG,2023-08-31 22:00:00,10,True
XAUUSD.mg,balance_stability,BALANCE_STABILITY,292,SHORT,2023-08-31 22:00:00,10,True
XAUUSD.mg,transition_persistence,TRANSITION_PERSISTENCE,293,SHORT,2023-09-05 04:00:00,16,False
XAUUSD.mg,state_reinforcement,STATE_REINFORCEMENT,294,LONG,2023-09-06 06:00:00,16,False
XAUUSD.mg,state_reinforcement,STATE_REINFORCEMENT,295,SHORT,2023-09-06 08:00:00,16,False
XAUUSD.mg,transition_persistence,TRANSITION_PERSISTENCE,296,SHORT,2023-09-07 00:00:00,16,False
XAUUSD.mg,transition_persistence,TRANSITION_PERSISTENCE,298,LONG,2023-09-07 08:00:00,16,False
XAUUSD.mg,balance_stability,BALANCE_STABILITY,299,LONG,2023-09-07 20:00:00,10,True
XAUUSD.mg,balance_stability,BALANCE_STABILITY,299,SHORT,2023-09-07 20:00:00,10,True
XAUUSD.mg,transition_persistence,TRANSITION_PERSISTENCE,300,LONG,2023-09-08 12:00:00,16,False
XAUUSD.mg,transition_persistence,TRANSITION_PERSISTENCE,301,SHORT,2023-09-08 22:00:00,16,False
XAUUSD.mg,balance_stability,BALANCE_STABILITY,302,LONG,2023-09-12 00:00:00,10,True
XAUUSD.mg,balance_stability,BALANCE_STABILITY,302,SHORT,2023-09-12 00:00:00,10,True
XAUUSD.mg,state_reinforcement,STATE_REINFORCEMENT,303,SHORT,2023-09-12 14:00:00,16,False
XAUUSD.mg,transition_persistence,TRANSITION_PERSISTENCE,304,SHORT,2023-09-12 22:00:00,16,False
XAUUSD.mg,transition_persistence,TRANSITION_PERSISTENCE,306,LONG,2023-09-13 02:00:00,16,False
XAUUSD.mg,transition_persistence,TRANSITION_PERSISTENCE,307,SHORT,2023-09-13 06:00:00,16,False
XAUUSD.mg,balance_stability,BALANCE_STABILITY,308,LONG,2023-09-14 04:00:00,10,True
XAUUSD.mg,balance_stability,BALANCE_STABILITY,308,SHORT,2023-09-14 04:00:00,10,True
XAUUSD.mg,transition_persistence,TRANSITION_PERSISTENCE,309,SHORT,2023-09-14 16:00:00,16,False
XAUUSD.mg,transition_persistence,TRANSITION_PERSISTENCE,310,LONG,2023-09-14 18:00:00,16,False
XAUUSD.mg,state_reinforcement,STATE_REINFORCEMENT,311,LONG,2023-09-15 16:00:00,16,False
XAUUSD.mg,transition_persistence,TRANSITION_PERSISTENCE,312,LONG,2023-09-15 22:00:00,16,False
XAUUSD.mg,state_reinforcement,STATE_REINFORCEMENT,313,LONG,2023-09-18 06:00:00,16,False
XAUUSD.mg,transition_persistence,TRANSITION_PERSISTENCE,314,LONG,2023-09-18 22:00:00,16,False
XAUUSD.mg,state_reinforcement,STATE_REINFORCEMENT,315,LONG,2023-09-19 14:00:00,16,False
XAUUSD.mg,transition_persistence,TRANSITION_PERSISTENCE,316,SHORT,2023-09-19 20:00:00,16,False
XAUUSD.mg,balance_stability,BALANCE_STABILITY,317,LONG,2023-09-20 06:00:00,10,True
XAUUSD.mg,balance_stability,BALANCE_STABILITY,317,SHORT,2023-09-20 06:00:00,10,True
XAUUSD.mg,transition_persistence,TRANSITION_PERSISTENCE,318,LONG,2023-09-20 20:00:00,16,False
XAUUSD.mg,transition_persistence,TRANSITION_PERSISTENCE,319,SHORT,2023-09-21 00:00:00,16,False
XAUUSD.mg,balance_stability,BALANCE_STABILITY,320,LONG,2023-09-22 22:00:00,10,True
XAUUSD.mg,balance_stability,BALANCE_STABILITY,320,SHORT,2023-09-22 22:00:00,10,True
XAUUSD.mg,transition_persistence,TRANSITION_PERSISTENCE,321,SHORT,2023-09-25 08:00:00,16,False
XAUUSD.mg,transition_persistence,TRANSITION_PERSISTENCE,322,LONG,2023-09-25 14:00:00,16,False
XAUUSD.mg,transition_persistence,TRANSITION_PERSISTENCE,323,SHORT,2023-09-25 22:00:00,16,False
XAUUSD.mg,state_reinforcement,STATE_REINFORCEMENT,324,SHORT,2023-09-26 18:00:00,16,False
XAUUSD.mg,transition_persistence,TRANSITION_PERSISTENCE,325,SHORT,2023-09-27 22:00:00,16,False
XAUUSD.mg,transition_persistence,TRANSITION_PERSISTENCE,326,LONG,2023-09-28 06:00:00,16,False
XAUUSD.mg,transition_persistence,TRANSITION_PERSISTENCE,327,SHORT,2023-09-28 08:00:00,16,False
XAUUSD.mg,transition_persistence,TRANSITION_PERSISTENCE,328,LONG,2023-09-28 10:00:00,16,False
XAUUSD.mg,transition_persistence,TRANSITION_PERSISTENCE,329,SHORT,2023-09-28 22:00:00,16,False
XAUUSD.mg,balance_stability,BALANCE_STABILITY,330,LONG,2023-09-29 12:00:00,10,True
XAUUSD.mg,balance_stability,BALANCE_STABILITY,330,SHORT,2023-09-29 12:00:00,10,True
XAUUSD.mg,state_reinforcement,STATE_REINFORCEMENT,331,SHORT,2023-09-29 20:00:00,16,False
XAUUSD.mg,transition_persistence,TRANSITION_PERSISTENCE,332,SHORT,2023-09-29 22:00:00,16,False
XAUUSD.mg,state_reinforcement,STATE_REINFORCEMENT,333,SHORT,2023-10-02 06:00:00,16,False
XAUUSD.mg,transition_persistence,TRANSITION_PERSISTENCE,334,SHORT,2023-10-02 22:00:00,16,False
XAUUSD.mg,balance_stability,BALANCE_STABILITY,335,LONG,2023-10-03 18:00:00,10,True
XAUUSD.mg,balance_stability,BALANCE_STABILITY,335,SHORT,2023-10-03 18:00:00,10,True
XAUUSD.mg,state_reinforcement,STATE_REINFORCEMENT,336,LONG,2023-10-06 20:00:00,16,False
XAUUSD.mg,transition_persistence,TRANSITION_PERSISTENCE,337,LONG,2023-10-09 02:00:00,16,False
XAUUSD.mg,state_reinforcement,STATE_REINFORCEMENT,338,LONG,2023-10-11 12:00:00,16,False
XAUUSD.mg,transition_persistence,TRANSITION_PERSISTENCE,339,LONG,2023-10-11 22:00:00,16,False
XAUUSD.mg,transition_persistence,TRANSITION_PERSISTENCE,340,SHORT,2023-10-12 22:00:00,16,False
XAUUSD.mg,state_reinforcement,STATE_REINFORCEMENT,341,LONG,2023-10-13 16:00:00,16,False
XAUUSD.mg,state_reinforcement,STATE_REINFORCEMENT,342,SHORT,2023-10-16 04:00:00,16,False
XAUUSD.mg,balance_stability,BALANCE_STABILITY,343,LONG,2023-10-17 00:00:00,10,True
XAUUSD.mg,balance_stability,BALANCE_STABILITY,343,SHORT,2023-10-17 00:00:00,10,True
XAUUSD.mg,transition_persistence,TRANSITION_PERSISTENCE,344,LONG,2023-10-17 18:00:00,16,False
XAUUSD.mg,balance_stability,BALANCE_STABILITY,345,LONG,2023-10-18 00:00:00,10,True
XAUUSD.mg,balance_stability,BALANCE_STABILITY,345,SHORT,2023-10-18 00:00:00,10,True
XAUUSD.mg,transition_persistence,TRANSITION_PERSISTENCE,346,LONG,2023-10-18 22:00:00,16,False
XAUUSD.mg,transition_persistence,TRANSITION_PERSISTENCE,347,SHORT,2023-10-19 02:00:00,16,False
XAUUSD.mg,balance_stability,BALANCE_STABILITY,348,LONG,2023-10-19 10:00:00,10,True
XAUUSD.mg,balance_stability,BALANCE_STABILITY,348,SHORT,2023-10-19 10:00:00,10,True
XAUUSD.mg,transition_persistence,TRANSITION_PERSISTENCE,349,LONG,2023-10-19 22:00:00,16,False
XAUUSD.mg,state_reinforcement,STATE_REINFORCEMENT,350,LONG,2023-10-20 08:00:00,16,False
XAUUSD.mg,transition_persistence,TRANSITION_PERSISTENCE,351,SHORT,2023-10-20 20:00:00,16,False
XAUUSD.mg,balance_stability,BALANCE_STABILITY,352,LONG,2023-10-23 06:00:00,10,True
XAUUSD.mg,balance_stability,BALANCE_STABILITY,352,SHORT,2023-10-23 06:00:00,10,True
XAUUSD.mg,transition_persistence,TRANSITION_PERSISTENCE,353,SHORT,2023-10-23 10:00:00,16,False
XAUUSD.mg,transition_persistence,TRANSITION_PERSISTENCE,354,LONG,2023-10-23 14:00:00,16,False
XAUUSD.mg,balance_stability,BALANCE_STABILITY,355,LONG,2023-10-24 00:00:00,10,True
XAUUSD.mg,balance_stability,BALANCE_STABILITY,355,SHORT,2023-10-24 00:00:00,10,True
XAUUSD.mg,state_reinforcement,STATE_REINFORCEMENT,356,SHORT,2023-10-24 14:00:00,16,False
XAUUSD.mg,transition_persistence,TRANSITION_PERSISTENCE,357,SHORT,2023-10-24 16:00:00,16,False
XAUUSD.mg,transition_persistence,TRANSITION_PERSISTENCE,358,LONG,2023-10-25 00:00:00,16,False
XAUUSD.mg,balance_stability,BALANCE_STABILITY,359,LONG,2023-10-25 22:00:00,10,True
XAUUSD.mg,balance_stability,BALANCE_STABILITY,359,SHORT,2023-10-25 22:00:00,10,True
XAUUSD.mg,transition_persistence,TRANSITION_PERSISTENCE,360,LONG,2023-10-26 00:00:00,16,False
XAUUSD.mg,transition_persistence,TRANSITION_PERSISTENCE,362,LONG,2023-10-26 06:00:00,16,False
XAUUSD.mg,balance_stability,BALANCE_STABILITY,363,LONG,2023-10-27 00:00:00,10,True
XAUUSD.mg,balance_stability,BALANCE_STABILITY,363,SHORT,2023-10-27 00:00:00,10,True
XAUUSD.mg,transition_persistence,TRANSITION_PERSISTENCE,364,LONG,2023-10-27 22:00:00,16,False
XAUUSD.mg,transition_persistence,TRANSITION_PERSISTENCE,365,SHORT,2023-10-30 10:00:00,16,False
XAUUSD.mg,balance_stability,BALANCE_STABILITY,366,LONG,2023-10-31 08:00:00,10,True
XAUUSD.mg,balance_stability,BALANCE_STABILITY,366,SHORT,2023-10-31 08:00:00,10,True
XAUUSD.mg,transition_persistence,TRANSITION_PERSISTENCE,367,LONG,2023-10-31 16:00:00,16,False
XAUUSD.mg,state_reinforcement,STATE_REINFORCEMENT,368,SHORT,2023-11-01 08:00:00,16,False
XAUUSD.mg,state_reinforcement,STATE_REINFORCEMENT,369,LONG,2023-11-01 14:00:00,16,False
XAUUSD.mg,transition_persistence,TRANSITION_PERSISTENCE,370,SHORT,2023-11-01 18:00:00,16,False
XAUUSD.mg,transition_persistence,TRANSITION_PERSISTENCE,371,LONG,2023-11-01 20:00:00,16,False
XAUUSD.mg,balance_stability,BALANCE_STABILITY,372,LONG,2023-11-03 00:00:00,10,True
XAUUSD.mg,balance_stability,BALANCE_STABILITY,372,SHORT,2023-11-03 00:00:00,10,True
XAUUSD.mg,transition_persistence,TRANSITION_PERSISTENCE,373,LONG,2023-11-03 22:00:00,16,False
XAUUSD.mg,transition_persistence,TRANSITION_PERSISTENCE,374,SHORT,2023-11-06 02:00:00,16,False
XAUUSD.mg,state_reinforcement,STATE_REINFORCEMENT,375,SHORT,2023-11-07 08:00:00,16,False
XAUUSD.mg,transition_persistence,TRANSITION_PERSISTENCE,376,LONG,2023-11-07 22:00:00,16,False
XAUUSD.mg,balance_stability,BALANCE_STABILITY,377,LONG,2023-11-08 08:00:00,10,True
XAUUSD.mg,balance_stability,BALANCE_STABILITY,377,SHORT,2023-11-08 08:00:00,10,True
XAUUSD.mg,transition_persistence,TRANSITION_PERSISTENCE,378,SHORT,2023-11-08 22:00:00,16,False
XAUUSD.mg,transition_persistence,TRANSITION_PERSISTENCE,379,LONG,2023-11-09 08:00:00,16,False
XAUUSD.mg,transition_persistence,TRANSITION_PERSISTENCE,380,SHORT,2023-11-09 12:00:00,16,False
XAUUSD.mg,transition_persistence,TRANSITION_PERSISTENCE,381,LONG,2023-11-09 22:00:00,16,False
XAUUSD.mg,balance_stability,BALANCE_STABILITY,382,LONG,2023-11-10 04:00:00,10,True
XAUUSD.mg,balance_stability,BALANCE_STABILITY,382,SHORT,2023-11-10 04:00:00,10,True
XAUUSD.mg,state_reinforcement,STATE_REINFORCEMENT,383,SHORT,2023-11-10 20:00:00,16,False
XAUUSD.mg,state_reinforcement,STATE_REINFORCEMENT,384,LONG,2023-11-13 06:00:00,16,False
XAUUSD.mg,transition_persistence,TRANSITION_PERSISTENCE,385,SHORT,2023-11-13 12:00:00,16,False
XAUUSD.mg,balance_stability,BALANCE_STABILITY,386,LONG,2023-11-13 16:00:00,10,True
XAUUSD.mg,balance_stability,BALANCE_STABILITY,386,SHORT,2023-11-13 16:00:00,10,True
XAUUSD.mg,transition_persistence,TRANSITION_PERSISTENCE,387,LONG,2023-11-13 22:00:00,16,False
XAUUSD.mg,transition_persistence,TRANSITION_PERSISTENCE,388,SHORT,2023-11-14 06:00:00,16,False
XAUUSD.mg,state_reinforcement,STATE_REINFORCEMENT,389,LONG,2023-11-14 18:00:00,16,False
XAUUSD.mg,transition_persistence,TRANSITION_PERSISTENCE,390,SHORT,2023-11-15 16:00:00,16,False
XAUUSD.mg,state_reinforcement,STATE_REINFORCEMENT,391,LONG,2023-11-16 20:00:00,16,False
XAUUSD.mg,transition_persistence,TRANSITION_PERSISTENCE,392,LONG,2023-11-17 00:00:00,16,False
XAUUSD.mg,transition_persistence,TRANSITION_PERSISTENCE,393,SHORT,2023-11-20 06:00:00,16,False
XAUUSD.mg,transition_persistence,TRANSITION_PERSISTENCE,395,SHORT,2023-11-20 22:00:00,16,False
XAUUSD.mg,transition_persistence,TRANSITION_PERSISTENCE,396,LONG,2023-11-21 00:00:00,16,False
XAUUSD.mg,transition_persistence,TRANSITION_PERSISTENCE,397,SHORT,2023-11-22 22:00:00,16,False
XAUUSD.mg,balance_stability,BALANCE_STABILITY,398,LONG,2023-11-24 10:00:00,10,True
XAUUSD.mg,balance_stability,BALANCE_STABILITY,398,SHORT,2023-11-24 10:00:00,10,True
XAUUSD.mg,transition_persistence,TRANSITION_PERSISTENCE,399,LONG,2023-11-27 00:00:00,16,False
XAUUSD.mg,transition_persistence,TRANSITION_PERSISTENCE,400,SHORT,2023-11-27 14:00:00,16,False
XAUUSD.mg,transition_persistence,TRANSITION_PERSISTENCE,401,LONG,2023-11-27 16:00:00,16,False
XAUUSD.mg,transition_persistence,TRANSITION_PERSISTENCE,402,SHORT,2023-11-27 18:00:00,16,False
XAUUSD.mg,balance_stability,BALANCE_STABILITY,403,LONG,2023-11-27 22:00:00,10,True
XAUUSD.mg,balance_stability,BALANCE_STABILITY,403,SHORT,2023-11-27 22:00:00,10,True
XAUUSD.mg,transition_persistence,TRANSITION_PERSISTENCE,404,LONG,2023-11-28 22:00:00,16,False
XAUUSD.mg,balance_stability,BALANCE_STABILITY,405,LONG,2023-11-29 20:00:00,10,True
XAUUSD.mg,balance_stability,BALANCE_STABILITY,405,SHORT,2023-11-29 20:00:00,10,True
XAUUSD.mg,transition_persistence,TRANSITION_PERSISTENCE,406,SHORT,2023-12-01 12:00:00,16,False
XAUUSD.mg,state_reinforcement,STATE_REINFORCEMENT,407,LONG,2023-12-04 00:00:00,16,False
XAUUSD.mg,balance_stability,BALANCE_STABILITY,408,LONG,2023-12-06 22:00:00,10,True
XAUUSD.mg,balance_stability,BALANCE_STABILITY,408,SHORT,2023-12-06 22:00:00,10,True
XAUUSD.mg,transition_persistence,TRANSITION_PERSISTENCE,409,LONG,2023-12-07 16:00:00,16,False
XAUUSD.mg,transition_persistence,TRANSITION_PERSISTENCE,411,SHORT,2023-12-07 22:00:00,16,False
XAUUSD.mg,state_reinforcement,STATE_REINFORCEMENT,412,SHORT,2023-12-08 18:00:00,16,False
XAUUSD.mg,state_reinforcement,STATE_REINFORCEMENT,413,LONG,2023-12-11 06:00:00,16,False
XAUUSD.mg,state_reinforcement,STATE_REINFORCEMENT,414,SHORT,2023-12-11 08:00:00,16,False
XAUUSD.mg,transition_persistence,TRANSITION_PERSISTENCE,415,SHORT,2023-12-11 22:00:00,16,False
XAUUSD.mg,transition_persistence,TRANSITION_PERSISTENCE,416,LONG,2023-12-12 06:00:00,16,False
XAUUSD.mg,state_reinforcement,STATE_REINFORCEMENT,417,LONG,2023-12-14 00:00:00,16,False
XAUUSD.mg,transition_persistence,TRANSITION_PERSISTENCE,418,LONG,2023-12-14 04:00:00,16,False
XAUUSD.mg,transition_persistence,TRANSITION_PERSISTENCE,419,SHORT,2023-12-15 02:00:00,16,False
XAUUSD.mg,transition_persistence,TRANSITION_PERSISTENCE,420,LONG,2023-12-15 08:00:00,16,False
XAUUSD.mg,balance_stability,BALANCE_STABILITY,421,LONG,2023-12-15 18:00:00,10,True
XAUUSD.mg,balance_stability,BALANCE_STABILITY,421,SHORT,2023-12-15 18:00:00,10,True
XAUUSD.mg,transition_persistence,TRANSITION_PERSISTENCE,422,SHORT,2023-12-15 22:00:00,16,False
XAUUSD.mg,transition_persistence,TRANSITION_PERSISTENCE,423,LONG,2023-12-18 08:00:00,16,False
XAUUSD.mg,state_reinforcement,STATE_REINFORCEMENT,424,LONG,2023-12-19 20:00:00,16,False
XAUUSD.mg,transition_persistence,TRANSITION_PERSISTENCE,425,LONG,2023-12-19 22:00:00,16,False
XAUUSD.mg,state_reinforcement,STATE_REINFORCEMENT,426,LONG,2023-12-20 08:00:00,16,False
XAUUSD.mg,balance_stability,BALANCE_STABILITY,427,LONG,2023-12-21 08:00:00,10,True
XAUUSD.mg,balance_stability,BALANCE_STABILITY,427,SHORT,2023-12-21 08:00:00,10,True
XAUUSD.mg,transition_persistence,TRANSITION_PERSISTENCE,428,LONG,2023-12-21 22:00:00,16,False
XAUUSD.mg,balance_stability,BALANCE_STABILITY,429,LONG,2023-12-26 20:00:00,10,True
XAUUSD.mg,balance_stability,BALANCE_STABILITY,429,SHORT,2023-12-26 20:00:00,10,True
XAUUSD.mg,transition_persistence,TRANSITION_PERSISTENCE,430,LONG,2023-12-27 02:00:00,16,False
XAUUSD.mg,balance_stability,BALANCE_STABILITY,431,LONG,2023-12-27 06:00:00,10,True
XAUUSD.mg,balance_stability,BALANCE_STABILITY,431,SHORT,2023-12-27 06:00:00,10,True
XAUUSD.mg,transition_persistence,TRANSITION_PERSISTENCE,432,LONG,2023-12-27 08:00:00,16,False
XAUUSD.mg,state_reinforcement,STATE_REINFORCEMENT,433,LONG,2023-12-27 20:00:00,16,False
XAUUSD.mg,transition_persistence,TRANSITION_PERSISTENCE,434,SHORT,2023-12-28 16:00:00,16,False
XAUUSD.mg,transition_persistence,TRANSITION_PERSISTENCE,436,SHORT,2023-12-29 16:00:00,16,False
XAUUSD.mg,balance_stability,BALANCE_STABILITY,437,LONG,2024-01-02 00:00:00,10,True
XAUUSD.mg,balance_stability,BALANCE_STABILITY,437,SHORT,2024-01-02 00:00:00,10,True
XAUUSD.mg,transition_persistence,TRANSITION_PERSISTENCE,438,LONG,2024-01-02 12:00:00,16,False
XAUUSD.mg,balance_stability,BALANCE_STABILITY,440,LONG,2024-01-02 22:00:00,10,True
XAUUSD.mg,balance_stability,BALANCE_STABILITY,440,SHORT,2024-01-02 22:00:00,10,True
XAUUSD.mg,state_reinforcement,STATE_REINFORCEMENT,441,SHORT,2024-01-03 16:00:00,16,False
XAUUSD.mg,state_reinforcement,STATE_REINFORCEMENT,442,LONG,2024-01-04 04:00:00,16,False
XAUUSD.mg,balance_stability,BALANCE_STABILITY,443,LONG,2024-01-05 00:00:00,10,True
XAUUSD.mg,balance_stability,BALANCE_STABILITY,443,SHORT,2024-01-05 00:00:00,10,True
XAUUSD.mg,transition_persistence,TRANSITION_PERSISTENCE,444,SHORT,2024-01-08 16:00:00,16,False
XAUUSD.mg,transition_persistence,TRANSITION_PERSISTENCE,445,LONG,2024-01-09 00:00:00,16,False
XAUUSD.mg,transition_persistence,TRANSITION_PERSISTENCE,446,SHORT,2024-01-09 16:00:00,16,False
XAUUSD.mg,transition_persistence,TRANSITION_PERSISTENCE,448,SHORT,2024-01-10 06:00:00,16,False
XAUUSD.mg,balance_stability,BALANCE_STABILITY,449,LONG,2024-01-12 04:00:00,10,True
XAUUSD.mg,balance_stability,BALANCE_STABILITY,449,SHORT,2024-01-12 04:00:00,10,True
XAUUSD.mg,state_reinforcement,STATE_REINFORCEMENT,450,LONG,2024-01-12 18:00:00,16,False
XAUUSD.mg,transition_persistence,TRANSITION_PERSISTENCE,451,LONG,2024-01-15 00:00:00,16,False
XAUUSD.mg,transition_persistence,TRANSITION_PERSISTENCE,452,SHORT,2024-01-15 02:00:00,16,False
XAUUSD.mg,balance_stability,BALANCE_STABILITY,453,LONG,2024-01-15 14:00:00,10,True
XAUUSD.mg,balance_stability,BALANCE_STABILITY,453,SHORT,2024-01-15 14:00:00,10,True
XAUUSD.mg,state_reinforcement,STATE_REINFORCEMENT,454,SHORT,2024-01-16 10:00:00,16,False
XAUUSD.mg,transition_persistence,TRANSITION_PERSISTENCE,455,SHORT,2024-01-16 22:00:00,16,False
XAUUSD.mg,state_reinforcement,STATE_REINFORCEMENT,456,SHORT,2024-01-17 20:00:00,16,False
XAUUSD.mg,transition_persistence,TRANSITION_PERSISTENCE,457,LONG,2024-01-18 06:00:00,16,False
XAUUSD.mg,state_reinforcement,STATE_REINFORCEMENT,458,LONG,2024-01-19 08:00:00,16,False
XAUUSD.mg,balance_stability,BALANCE_STABILITY,460,LONG,2024-01-22 02:00:00,10,True
XAUUSD.mg,balance_stability,BALANCE_STABILITY,460,SHORT,2024-01-22 02:00:00,10,True
XAUUSD.mg,transition_persistence,TRANSITION_PERSISTENCE,461,LONG,2024-01-23 12:00:00,16,False
XAUUSD.mg,transition_persistence,TRANSITION_PERSISTENCE,462,SHORT,2024-01-23 16:00:00,16,False
XAUUSD.mg,transition_persistence,TRANSITION_PERSISTENCE,463,LONG,2024-01-25 04:00:00,16,False
XAUUSD.mg,transition_persistence,TRANSITION_PERSISTENCE,464,SHORT,2024-01-25 06:00:00,16,False
XAUUSD.mg,transition_persistence,TRANSITION_PERSISTENCE,465,LONG,2024-01-25 08:00:00,16,False
XAUUSD.mg,balance_stability,BALANCE_STABILITY,466,LONG,2024-01-25 18:00:00,10,True
XAUUSD.mg,balance_stability,BALANCE_STABILITY,466,SHORT,2024-01-25 18:00:00,10,True
XAUUSD.mg,transition_persistence,TRANSITION_PERSISTENCE,467,LONG,2024-01-29 10:00:00,16,False
XAUUSD.mg,transition_persistence,TRANSITION_PERSISTENCE,469,LONG,2024-01-29 18:00:00,16,False
XAUUSD.mg,transition_persistence,TRANSITION_PERSISTENCE,470,SHORT,2024-01-29 20:00:00,16,False
XAUUSD.mg,transition_persistence,TRANSITION_PERSISTENCE,471,LONG,2024-01-29 22:00:00,16,False
XAUUSD.mg,balance_stability,BALANCE_STABILITY,472,LONG,2024-01-30 04:00:00,10,True
XAUUSD.mg,balance_stability,BALANCE_STABILITY,472,SHORT,2024-01-30 04:00:00,10,True
XAUUSD.mg,transition_persistence,TRANSITION_PERSISTENCE,473,LONG,2024-01-30 16:00:00,16,False
XAUUSD.mg,transition_persistence,TRANSITION_PERSISTENCE,474,SHORT,2024-01-30 20:00:00,16,False
XAUUSD.mg,balance_stability,BALANCE_STABILITY,475,LONG,2024-01-31 00:00:00,10,True
XAUUSD.mg,balance_stability,BALANCE_STABILITY,475,SHORT,2024-01-31 00:00:00,10,True
XAUUSD.mg,transition_persistence,TRANSITION_PERSISTENCE,476,LONG,2024-02-01 22:00:00,16,False
XAUUSD.mg,state_reinforcement,STATE_REINFORCEMENT,477,SHORT,2024-02-02 20:00:00,16,False
XAUUSD.mg,transition_persistence,TRANSITION_PERSISTENCE,478,LONG,2024-02-05 22:00:00,16,False
XAUUSD.mg,transition_persistence,TRANSITION_PERSISTENCE,479,SHORT,2024-02-06 00:00:00,16,False
XAUUSD.mg,transition_persistence,TRANSITION_PERSISTENCE,480,LONG,2024-02-06 02:00:00,16,False
XAUUSD.mg,state_reinforcement,STATE_REINFORCEMENT,481,LONG,2024-02-06 18:00:00,16,False
XAUUSD.mg,transition_persistence,TRANSITION_PERSISTENCE,482,LONG,2024-02-06 22:00:00,16,False
XAUUSD.mg,transition_persistence,TRANSITION_PERSISTENCE,483,SHORT,2024-02-07 04:00:00,16,False
XAUUSD.mg,balance_stability,BALANCE_STABILITY,485,LONG,2024-02-09 00:00:00,10,True
XAUUSD.mg,balance_stability,BALANCE_STABILITY,485,SHORT,2024-02-09 00:00:00,10,True
XAUUSD.mg,state_reinforcement,STATE_REINFORCEMENT,486,SHORT,2024-02-09 20:00:00,16,False
XAUUSD.mg,transition_persistence,TRANSITION_PERSISTENCE,487,SHORT,2024-02-12 22:00:00,16,False
XAUUSD.mg,transition_persistence,TRANSITION_PERSISTENCE,488,LONG,2024-02-13 02:00:00,16,False
XAUUSD.mg,state_reinforcement,STATE_REINFORCEMENT,489,SHORT,2024-02-13 20:00:00,16,False
XAUUSD.mg,transition_persistence,TRANSITION_PERSISTENCE,490,SHORT,2024-02-14 06:00:00,16,False
XAUUSD.mg,balance_stability,BALANCE_STABILITY,491,LONG,2024-02-15 08:00:00,10,True
XAUUSD.mg,balance_stability,BALANCE_STABILITY,491,SHORT,2024-02-15 08:00:00,10,True
XAUUSD.mg,transition_persistence,TRANSITION_PERSISTENCE,492,LONG,2024-02-16 04:00:00,16,False
XAUUSD.mg,state_reinforcement,STATE_REINFORCEMENT,493,LONG,2024-02-19 02:00:00,16,False
XAUUSD.mg,transition_persistence,TRANSITION_PERSISTENCE,494,SHORT,2024-02-19 18:00:00,16,False
XAUUSD.mg,balance_stability,BALANCE_STABILITY,495,LONG,2024-02-20 06:00:00,10,True
XAUUSD.mg,balance_stability,BALANCE_STABILITY,495,SHORT,2024-02-20 06:00:00,10,True
XAUUSD.mg,transition_persistence,TRANSITION_PERSISTENCE,497,SHORT,2024-02-21 00:00:00,16,False
XAUUSD.mg,balance_stability,BALANCE_STABILITY,498,LONG,2024-02-22 12:00:00,10,True
XAUUSD.mg,balance_stability,BALANCE_STABILITY,498,SHORT,2024-02-22 12:00:00,10,True
XAUUSD.mg,transition_persistence,TRANSITION_PERSISTENCE,499,SHORT,2024-02-23 12:00:00,16,False
XAUUSD.mg,transition_persistence,TRANSITION_PERSISTENCE,500,LONG,2024-02-23 22:00:00,16,False
XAUUSD.mg,transition_persistence,TRANSITION_PERSISTENCE,501,SHORT,2024-02-26 06:00:00,16,False
XAUUSD.mg,balance_stability,BALANCE_STABILITY,502,LONG,2024-02-27 02:00:00,10,True
XAUUSD.mg,balance_stability,BALANCE_STABILITY,502,SHORT,2024-02-27 02:00:00,10,True
XAUUSD.mg,state_reinforcement,STATE_REINFORCEMENT,503,SHORT,2024-02-28 12:00:00,16,False
XAUUSD.mg,transition_persistence,TRANSITION_PERSISTENCE,504,LONG,2024-02-28 16:00:00,16,False
XAUUSD.mg,transition_persistence,TRANSITION_PERSISTENCE,505,SHORT,2024-03-01 02:00:00,16,False
XAUUSD.mg,state_reinforcement,STATE_REINFORCEMENT,506,LONG,2024-03-01 20:00:00,16,False
XAUUSD.mg,transition_persistence,TRANSITION_PERSISTENCE,507,LONG,2024-03-01 22:00:00,16,False
XAUUSD.mg,transition_persistence,TRANSITION_PERSISTENCE,508,SHORT,2024-03-04 06:00:00,16,False
XAUUSD.mg,transition_persistence,TRANSITION_PERSISTENCE,509,LONG,2024-03-04 08:00:00,16,False
XAUUSD.mg,transition_persistence,TRANSITION_PERSISTENCE,510,SHORT,2024-03-05 08:00:00,16,False
XAUUSD.mg,state_reinforcement,STATE_REINFORCEMENT,511,LONG,2024-03-06 16:00:00,16,False
XAUUSD.mg,transition_persistence,TRANSITION_PERSISTENCE,512,LONG,2024-03-07 22:00:00,16,False
XAUUSD.mg,balance_stability,BALANCE_STABILITY,513,LONG,2024-03-08 06:00:00,10,True
XAUUSD.mg,balance_stability,BALANCE_STABILITY,513,SHORT,2024-03-08 06:00:00,10,True
XAUUSD.mg,transition_persistence,TRANSITION_PERSISTENCE,514,LONG,2024-03-08 22:00:00,16,False
XAUUSD.mg,transition_persistence,TRANSITION_PERSISTENCE,515,SHORT,2024-03-11 06:00:00,16,False
XAUUSD.mg,balance_stability,BALANCE_STABILITY,516,LONG,2024-03-11 20:00:00,10,True
XAUUSD.mg,balance_stability,BALANCE_STABILITY,516,SHORT,2024-03-11 20:00:00,10,True
XAUUSD.mg,state_reinforcement,STATE_REINFORCEMENT,517,SHORT,2024-03-12 18:00:00,16,False
XAUUSD.mg,transition_persistence,TRANSITION_PERSISTENCE,518,LONG,2024-03-13 22:00:00,16,False
XAUUSD.mg,transition_persistence,TRANSITION_PERSISTENCE,519,SHORT,2024-03-14 10:00:00,16,False
XAUUSD.mg,transition_persistence,TRANSITION_PERSISTENCE,520,LONG,2024-03-15 04:00:00,16,False
XAUUSD.mg,balance_stability,BALANCE_STABILITY,521,LONG,2024-03-15 12:00:00,10,True
XAUUSD.mg,balance_stability,BALANCE_STABILITY,521,SHORT,2024-03-15 12:00:00,10,True
XAUUSD.mg,transition_persistence,TRANSITION_PERSISTENCE,522,SHORT,2024-03-18 08:00:00,16,False
XAUUSD.mg,transition_persistence,TRANSITION_PERSISTENCE,523,LONG,2024-03-18 14:00:00,16,False
XAUUSD.mg,balance_stability,BALANCE_STABILITY,524,LONG,2024-03-18 22:00:00,10,True
XAUUSD.mg,balance_stability,BALANCE_STABILITY,524,SHORT,2024-03-18 22:00:00,10,True
XAUUSD.mg,transition_persistence,TRANSITION_PERSISTENCE,525,LONG,2024-03-20 22:00:00,16,False
XAUUSD.mg,balance_stability,BALANCE_STABILITY,526,LONG,2024-03-21 22:00:00,10,True
XAUUSD.mg,balance_stability,BALANCE_STABILITY,526,SHORT,2024-03-21 22:00:00,10,True
XAUUSD.mg,transition_persistence,TRANSITION_PERSISTENCE,527,SHORT,2024-03-22 22:00:00,16,False
XAUUSD.mg,transition_persistence,TRANSITION_PERSISTENCE,528,LONG,2024-03-25 00:00:00,16,False
XAUUSD.mg,balance_stability,BALANCE_STABILITY,529,LONG,2024-03-25 22:00:00,10,True
XAUUSD.mg,balance_stability,BALANCE_STABILITY,529,SHORT,2024-03-25 22:00:00,10,True
XAUUSD.mg,transition_persistence,TRANSITION_PERSISTENCE,530,LONG,2024-03-26 16:00:00,16,False
XAUUSD.mg,balance_stability,BALANCE_STABILITY,531,LONG,2024-03-26 20:00:00,10,True
XAUUSD.mg,balance_stability,BALANCE_STABILITY,531,SHORT,2024-03-26 20:00:00,10,True
XAUUSD.mg,state_reinforcement,STATE_REINFORCEMENT,532,LONG,2024-03-28 06:00:00,16,False
XAUUSD.mg,transition_persistence,TRANSITION_PERSISTENCE,533,LONG,2024-03-28 22:00:00,16,False
XAUUSD.mg,transition_persistence,TRANSITION_PERSISTENCE,534,SHORT,2024-04-01 20:00:00,16,False
XAUUSD.mg,state_reinforcement,STATE_REINFORCEMENT,535,LONG,2024-04-02 16:00:00,16,False
XAUUSD.mg,transition_persistence,TRANSITION_PERSISTENCE,536,LONG,2024-04-02 22:00:00,16,False
XAUUSD.mg,transition_persistence,TRANSITION_PERSISTENCE,537,SHORT,2024-04-03 12:00:00,16,False
XAUUSD.mg,state_reinforcement,STATE_REINFORCEMENT,538,LONG,2024-04-03 20:00:00,16,False
XAUUSD.mg,state_reinforcement,STATE_REINFORCEMENT,540,SHORT,2024-04-04 12:00:00,16,False
XAUUSD.mg,transition_persistence,TRANSITION_PERSISTENCE,541,SHORT,2024-04-05 06:00:00,16,False
XAUUSD.mg,state_reinforcement,STATE_REINFORCEMENT,542,LONG,2024-04-05 20:00:00,16,False
XAUUSD.mg,transition_persistence,TRANSITION_PERSISTENCE,543,LONG,2024-04-08 00:00:00,16,False
XAUUSD.mg,state_reinforcement,STATE_REINFORCEMENT,544,LONG,2024-04-08 10:00:00,16,False
XAUUSD.mg,transition_persistence,TRANSITION_PERSISTENCE,545,LONG,2024-04-08 14:00:00,16,False
XAUUSD.mg,transition_persistence,TRANSITION_PERSISTENCE,546,SHORT,2024-04-08 16:00:00,16,False
XAUUSD.mg,transition_persistence,TRANSITION_PERSISTENCE,548,SHORT,2024-04-10 02:00:00,16,False
XAUUSD.mg,balance_stability,BALANCE_STABILITY,549,LONG,2024-04-10 06:00:00,10,True
XAUUSD.mg,balance_stability,BALANCE_STABILITY,549,SHORT,2024-04-10 06:00:00,10,True
XAUUSD.mg,transition_persistence,TRANSITION_PERSISTENCE,550,SHORT,2024-04-10 22:00:00,16,False
XAUUSD.mg,transition_persistence,TRANSITION_PERSISTENCE,551,LONG,2024-04-11 06:00:00,16,False
XAUUSD.mg,state_reinforcement,STATE_REINFORCEMENT,552,LONG,2024-04-12 02:00:00,16,False
XAUUSD.mg,transition_persistence,TRANSITION_PERSISTENCE,553,SHORT,2024-04-12 22:00:00,16,False
XAUUSD.mg,transition_persistence,TRANSITION_PERSISTENCE,554,LONG,2024-04-15 06:00:00,16,False
XAUUSD.mg,balance_stability,BALANCE_STABILITY,555,LONG,2024-04-16 22:00:00,10,True
XAUUSD.mg,balance_stability,BALANCE_STABILITY,555,SHORT,2024-04-16 22:00:00,10,True
XAUUSD.mg,transition_persistence,TRANSITION_PERSISTENCE,556,SHORT,2024-04-17 22:00:00,16,False
XAUUSD.mg,state_reinforcement,STATE_REINFORCEMENT,557,LONG,2024-04-19 02:00:00,16,False
XAUUSD.mg,transition_persistence,TRANSITION_PERSISTENCE,558,LONG,2024-04-19 04:00:00,16,False
XAUUSD.mg,transition_persistence,TRANSITION_PERSISTENCE,559,SHORT,2024-04-22 22:00:00,16,False
XAUUSD.mg,balance_stability,BALANCE_STABILITY,560,LONG,2024-04-23 16:00:00,10,True
XAUUSD.mg,balance_stability,BALANCE_STABILITY,560,SHORT,2024-04-23 16:00:00,10,True
XAUUSD.mg,transition_persistence,TRANSITION_PERSISTENCE,561,LONG,2024-04-26 16:00:00,16,False
XAUUSD.mg,transition_persistence,TRANSITION_PERSISTENCE,562,SHORT,2024-04-26 20:00:00,16,False
XAUUSD.mg,balance_stability,BALANCE_STABILITY,563,LONG,2024-04-29 00:00:00,10,True
XAUUSD.mg,balance_stability,BALANCE_STABILITY,563,SHORT,2024-04-29 00:00:00,10,True
XAUUSD.mg,state_reinforcement,STATE_REINFORCEMENT,564,SHORT,2024-04-30 12:00:00,16,False
XAUUSD.mg,transition_persistence,TRANSITION_PERSISTENCE,565,LONG,2024-05-03 04:00:00,16,False
XAUUSD.mg,transition_persistence,TRANSITION_PERSISTENCE,566,SHORT,2024-05-03 06:00:00,16,False
XAUUSD.mg,balance_stability,BALANCE_STABILITY,567,LONG,2024-05-03 18:00:00,10,True
XAUUSD.mg,balance_stability,BALANCE_STABILITY,567,SHORT,2024-05-03 18:00:00,10,True
XAUUSD.mg,transition_persistence,TRANSITION_PERSISTENCE,568,LONG,2024-05-06 22:00:00,16,False
XAUUSD.mg,transition_persistence,TRANSITION_PERSISTENCE,569,SHORT,2024-05-07 14:00:00,16,False
XAUUSD.mg,transition_persistence,TRANSITION_PERSISTENCE,571,SHORT,2024-05-08 12:00:00,16,False
XAUUSD.mg,transition_persistence,TRANSITION_PERSISTENCE,572,LONG,2024-05-08 14:00:00,16,False
XAUUSD.mg,transition_persistence,TRANSITION_PERSISTENCE,573,SHORT,2024-05-08 18:00:00,16,False
XAUUSD.mg,state_reinforcement,STATE_REINFORCEMENT,574,LONG,2024-05-10 14:00:00,16,False
XAUUSD.mg,transition_persistence,TRANSITION_PERSISTENCE,575,SHORT,2024-05-10 22:00:00,16,False
XAUUSD.mg,balance_stability,BALANCE_STABILITY,576,LONG,2024-05-13 04:00:00,10,True
XAUUSD.mg,balance_stability,BALANCE_STABILITY,576,SHORT,2024-05-13 04:00:00,10,True
XAUUSD.mg,state_reinforcement,STATE_REINFORCEMENT,577,LONG,2024-05-14 04:00:00,16,False
XAUUSD.mg,transition_persistence,TRANSITION_PERSISTENCE,578,LONG,2024-05-14 08:00:00,16,False
XAUUSD.mg,transition_persistence,TRANSITION_PERSISTENCE,580,LONG,2024-05-17 22:00:00,16,False
XAUUSD.mg,transition_persistence,TRANSITION_PERSISTENCE,581,SHORT,2024-05-20 16:00:00,16,False
XAUUSD.mg,balance_stability,BALANCE_STABILITY,582,LONG,2024-05-20 22:00:00,10,True
XAUUSD.mg,balance_stability,BALANCE_STABILITY,582,SHORT,2024-05-20 22:00:00,10,True
XAUUSD.mg,transition_persistence,TRANSITION_PERSISTENCE,583,SHORT,2024-05-22 22:00:00,16,False
XAUUSD.mg,transition_persistence,TRANSITION_PERSISTENCE,584,LONG,2024-05-24 08:00:00,16,False
XAUUSD.mg,state_reinforcement,STATE_REINFORCEMENT,585,LONG,2024-05-24 14:00:00,16,False
XAUUSD.mg,balance_stability,BALANCE_STABILITY,586,LONG,2024-05-27 08:00:00,10,True
XAUUSD.mg,balance_stability,BALANCE_STABILITY,586,SHORT,2024-05-27 08:00:00,10,True
XAUUSD.mg,transition_persistence,TRANSITION_PERSISTENCE,587,LONG,2024-05-28 00:00:00,16,False
XAUUSD.mg,transition_persistence,TRANSITION_PERSISTENCE,588,SHORT,2024-05-28 04:00:00,16,False
XAUUSD.mg,balance_stability,BALANCE_STABILITY,589,LONG,2024-05-28 12:00:00,10,True
XAUUSD.mg,balance_stability,BALANCE_STABILITY,589,SHORT,2024-05-28 12:00:00,10,True
XAUUSD.mg,state_reinforcement,STATE_REINFORCEMENT,590,SHORT,2024-05-30 06:00:00,16,False
XAUUSD.mg,transition_persistence,TRANSITION_PERSISTENCE,591,SHORT,2024-05-30 08:00:00,16,False
XAUUSD.mg,transition_persistence,TRANSITION_PERSISTENCE,592,LONG,2024-05-30 22:00:00,16,False
XAUUSD.mg,state_reinforcement,STATE_REINFORCEMENT,593,SHORT,2024-06-03 02:00:00,16,False
XAUUSD.mg,transition_persistence,TRANSITION_PERSISTENCE,594,SHORT,2024-06-03 08:00:00,16,False
XAUUSD.mg,transition_persistence,TRANSITION_PERSISTENCE,596,LONG,2024-06-03 12:00:00,16,False
XAUUSD.mg,transition_persistence,TRANSITION_PERSISTENCE,598,SHORT,2024-06-04 22:00:00,16,False
XAUUSD.mg,transition_persistence,TRANSITION_PERSISTENCE,599,LONG,2024-06-05 00:00:00,16,False
XAUUSD.mg,balance_stability,BALANCE_STABILITY,600,LONG,2024-06-05 10:00:00,10,True
XAUUSD.mg,balance_stability,BALANCE_STABILITY,600,SHORT,2024-06-05 10:00:00,10,True
XAUUSD.mg,transition_persistence,TRANSITION_PERSISTENCE,601,LONG,2024-06-05 22:00:00,16,False
XAUUSD.mg,state_reinforcement,STATE_REINFORCEMENT,602,SHORT,2024-06-07 18:00:00,16,False
XAUUSD.mg,state_reinforcement,STATE_REINFORCEMENT,603,LONG,2024-06-10 12:00:00,16,False
XAUUSD.mg,transition_persistence,TRANSITION_PERSISTENCE,604,LONG,2024-06-11 16:00:00,16,False
XAUUSD.mg,balance_stability,BALANCE_STABILITY,605,LONG,2024-06-12 22:00:00,10,True
XAUUSD.mg,balance_stability,BALANCE_STABILITY,605,SHORT,2024-06-12 22:00:00,10,True
XAUUSD.mg,transition_persistence,TRANSITION_PERSISTENCE,606,SHORT,2024-06-13 14:00:00,16,False
XAUUSD.mg,transition_persistence,TRANSITION_PERSISTENCE,607,LONG,2024-06-14 04:00:00,16,False
XAUUSD.mg,state_reinforcement,STATE_REINFORCEMENT,608,LONG,2024-06-14 16:00:00,16,False
XAUUSD.mg,transition_persistence,TRANSITION_PERSISTENCE,609,LONG,2024-06-14 22:00:00,16,False
XAUUSD.mg,transition_persistence,TRANSITION_PERSISTENCE,610,SHORT,2024-06-17 00:00:00,16,False
XAUUSD.mg,transition_persistence,TRANSITION_PERSISTENCE,611,LONG,2024-06-17 20:00:00,16,False
XAUUSD.mg,transition_persistence,TRANSITION_PERSISTENCE,612,SHORT,2024-06-17 22:00:00,16,False
XAUUSD.mg,transition_persistence,TRANSITION_PERSISTENCE,613,LONG,2024-06-18 00:00:00,16,False
XAUUSD.mg,balance_stability,BALANCE_STABILITY,614,LONG,2024-06-19 06:00:00,10,True
XAUUSD.mg,balance_stability,BALANCE_STABILITY,614,SHORT,2024-06-19 06:00:00,10,True
XAUUSD.mg,transition_persistence,TRANSITION_PERSISTENCE,615,LONG,2024-06-20 04:00:00,16,False
XAUUSD.mg,state_reinforcement,STATE_REINFORCEMENT,616,SHORT,2024-06-21 20:00:00,16,False
XAUUSD.mg,transition_persistence,TRANSITION_PERSISTENCE,617,SHORT,2024-06-21 22:00:00,16,False
XAUUSD.mg,transition_persistence,TRANSITION_PERSISTENCE,618,LONG,2024-06-24 06:00:00,16,False
XAUUSD.mg,balance_stability,BALANCE_STABILITY,619,LONG,2024-06-25 14:00:00,10,True
XAUUSD.mg,balance_stability,BALANCE_STABILITY,619,SHORT,2024-06-25 14:00:00,10,True
XAUUSD.mg,transition_persistence,TRANSITION_PERSISTENCE,620,SHORT,2024-06-26 10:00:00,16,False
XAUUSD.mg,transition_persistence,TRANSITION_PERSISTENCE,621,LONG,2024-06-27 02:00:00,16,False
XAUUSD.mg,transition_persistence,TRANSITION_PERSISTENCE,622,SHORT,2024-06-27 04:00:00,16,False
XAUUSD.mg,transition_persistence,TRANSITION_PERSISTENCE,623,LONG,2024-06-28 00:00:00,16,False
XAUUSD.mg,transition_persistence,TRANSITION_PERSISTENCE,624,SHORT,2024-06-28 04:00:00,16,False
XAUUSD.mg,transition_persistence,TRANSITION_PERSISTENCE,626,LONG,2024-06-28 08:00:00,16,False
XAUUSD.mg,transition_persistence,TRANSITION_PERSISTENCE,627,SHORT,2024-06-28 20:00:00,16,False
XAUUSD.mg,balance_stability,BALANCE_STABILITY,628,LONG,2024-07-01 06:00:00,10,True
XAUUSD.mg,balance_stability,BALANCE_STABILITY,628,SHORT,2024-07-01 06:00:00,10,True
XAUUSD.mg,state_reinforcement,STATE_REINFORCEMENT,629,LONG,2024-07-03 14:00:00,16,False
XAUUSD.mg,transition_persistence,TRANSITION_PERSISTENCE,630,SHORT,2024-07-04 04:00:00,16,False
XAUUSD.mg,transition_persistence,TRANSITION_PERSISTENCE,632,LONG,2024-07-04 08:00:00,16,False
XAUUSD.mg,state_reinforcement,STATE_REINFORCEMENT,633,LONG,2024-07-05 16:00:00,16,False
XAUUSD.mg,state_reinforcement,STATE_REINFORCEMENT,634,SHORT,2024-07-08 04:00:00,16,False
XAUUSD.mg,transition_persistence,TRANSITION_PERSISTENCE,635,SHORT,2024-07-08 06:00:00,16,False
XAUUSD.mg,balance_stability,BALANCE_STABILITY,636,LONG,2024-07-10 00:00:00,10,True
XAUUSD.mg,balance_stability,BALANCE_STABILITY,636,SHORT,2024-07-10 00:00:00,10,True
XAUUSD.mg,transition_persistence,TRANSITION_PERSISTENCE,637,LONG,2024-07-10 18:00:00,16,False
XAUUSD.mg,transition_persistence,TRANSITION_PERSISTENCE,638,SHORT,2024-07-10 20:00:00,16,False
XAUUSD.mg,state_reinforcement,STATE_REINFORCEMENT,639,LONG,2024-07-11 18:00:00,16,False
XAUUSD.mg,transition_persistence,TRANSITION_PERSISTENCE,640,LONG,2024-07-11 22:00:00,16,False
XAUUSD.mg,transition_persistence,TRANSITION_PERSISTENCE,641,SHORT,2024-07-12 04:00:00,16,False
XAUUSD.mg,balance_stability,BALANCE_STABILITY,642,LONG,2024-07-12 22:00:00,10,True
XAUUSD.mg,balance_stability,BALANCE_STABILITY,642,SHORT,2024-07-12 22:00:00,10,True
XAUUSD.mg,state_reinforcement,STATE_REINFORCEMENT,643,LONG,2024-07-15 16:00:00,16,False
XAUUSD.mg,transition_persistence,TRANSITION_PERSISTENCE,644,LONG,2024-07-15 22:00:00,16,False
XAUUSD.mg,state_reinforcement,STATE_REINFORCEMENT,645,LONG,2024-07-16 06:00:00,16,False
XAUUSD.mg,transition_persistence,TRANSITION_PERSISTENCE,646,SHORT,2024-07-17 22:00:00,16,False
XAUUSD.mg,transition_persistence,TRANSITION_PERSISTENCE,647,LONG,2024-07-18 06:00:00,16,False
XAUUSD.mg,balance_stability,BALANCE_STABILITY,648,LONG,2024-07-18 12:00:00,10,True
XAUUSD.mg,balance_stability,BALANCE_STABILITY,648,SHORT,2024-07-18 12:00:00,10,True
XAUUSD.mg,transition_persistence,TRANSITION_PERSISTENCE,649,SHORT,2024-07-18 22:00:00,16,False
XAUUSD.mg,transition_persistence,TRANSITION_PERSISTENCE,650,LONG,2024-07-23 02:00:00,16,False
XAUUSD.mg,transition_persistence,TRANSITION_PERSISTENCE,651,SHORT,2024-07-24 18:00:00,16,False
XAUUSD.mg,state_reinforcement,STATE_REINFORCEMENT,652,SHORT,2024-07-25 06:00:00,16,False
XAUUSD.mg,transition_persistence,TRANSITION_PERSISTENCE,653,SHORT,2024-07-25 22:00:00,16,False
XAUUSD.mg,state_reinforcement,STATE_REINFORCEMENT,654,LONG,2024-07-26 18:00:00,16,False
XAUUSD.mg,transition_persistence,TRANSITION_PERSISTENCE,655,LONG,2024-07-26 22:00:00,16,False
XAUUSD.mg,transition_persistence,TRANSITION_PERSISTENCE,656,SHORT,2024-07-30 00:00:00,16,False
XAUUSD.mg,balance_stability,BALANCE_STABILITY,657,LONG,2024-07-30 12:00:00,10,True
XAUUSD.mg,balance_stability,BALANCE_STABILITY,657,SHORT,2024-07-30 12:00:00,10,True
XAUUSD.mg,transition_persistence,TRANSITION_PERSISTENCE,658,LONG,2024-07-30 22:00:00,16,False
XAUUSD.mg,state_reinforcement,STATE_REINFORCEMENT,659,LONG,2024-07-31 16:00:00,16,False
XAUUSD.mg,transition_persistence,TRANSITION_PERSISTENCE,660,SHORT,2024-08-01 12:00:00,16,False
XAUUSD.mg,transition_persistence,TRANSITION_PERSISTENCE,661,LONG,2024-08-01 16:00:00,16,False
XAUUSD.mg,transition_persistence,TRANSITION_PERSISTENCE,662,SHORT,2024-08-01 18:00:00,16,False
XAUUSD.mg,transition_persistence,TRANSITION_PERSISTENCE,663,LONG,2024-08-05 06:00:00,16,False
XAUUSD.mg,transition_persistence,TRANSITION_PERSISTENCE,664,SHORT,2024-08-05 08:00:00,16,False
XAUUSD.mg,state_reinforcement,STATE_REINFORCEMENT,665,SHORT,2024-08-05 14:00:00,16,False
XAUUSD.mg,transition_persistence,TRANSITION_PERSISTENCE,666,SHORT,2024-08-05 22:00:00,16,False
XAUUSD.mg,transition_persistence,TRANSITION_PERSISTENCE,667,LONG,2024-08-06 00:00:00,16,False
XAUUSD.mg,state_reinforcement,STATE_REINFORCEMENT,668,LONG,2024-08-08 20:00:00,16,False
XAUUSD.mg,transition_persistence,TRANSITION_PERSISTENCE,669,SHORT,2024-08-09 14:00:00,16,False
XAUUSD.mg,state_reinforcement,STATE_REINFORCEMENT,670,LONG,2024-08-12 10:00:00,16,False
XAUUSD.mg,state_reinforcement,STATE_REINFORCEMENT,671,SHORT,2024-08-13 06:00:00,16,False
XAUUSD.mg,balance_stability,BALANCE_STABILITY,672,LONG,2024-08-13 18:00:00,10,True
XAUUSD.mg,balance_stability,BALANCE_STABILITY,672,SHORT,2024-08-13 18:00:00,10,True
XAUUSD.mg,transition_persistence,TRANSITION_PERSISTENCE,673,SHORT,2024-08-14 22:00:00,16,False
XAUUSD.mg,transition_persistence,TRANSITION_PERSISTENCE,674,LONG,2024-08-15 04:00:00,16,False
XAUUSD.mg,balance_stability,BALANCE_STABILITY,675,LONG,2024-08-15 22:00:00,10,True
XAUUSD.mg,balance_stability,BALANCE_STABILITY,675,SHORT,2024-08-15 22:00:00,10,True
XAUUSD.mg,transition_persistence,TRANSITION_PERSISTENCE,676,LONG,2024-08-16 22:00:00,16,False
XAUUSD.mg,transition_persistence,TRANSITION_PERSISTENCE,677,SHORT,2024-08-19 08:00:00,16,False
XAUUSD.mg,balance_stability,BALANCE_STABILITY,678,LONG,2024-08-19 20:00:00,10,True
XAUUSD.mg,balance_stability,BALANCE_STABILITY,678,SHORT,2024-08-19 20:00:00,10,True
XAUUSD.mg,transition_persistence,TRANSITION_PERSISTENCE,679,LONG,2024-08-20 16:00:00,16,False
XAUUSD.mg,transition_persistence,TRANSITION_PERSISTENCE,680,SHORT,2024-08-20 22:00:00,16,False
XAUUSD.mg,transition_persistence,TRANSITION_PERSISTENCE,681,LONG,2024-08-21 04:00:00,16,False
XAUUSD.mg,state_reinforcement,STATE_REINFORCEMENT,682,SHORT,2024-08-22 20:00:00,16,False
XAUUSD.mg,state_reinforcement,STATE_REINFORCEMENT,683,LONG,2024-08-23 02:00:00,16,False
XAUUSD.mg,transition_persistence,TRANSITION_PERSISTENCE,684,LONG,2024-08-23 22:00:00,16,False
XAUUSD.mg,transition_persistence,TRANSITION_PERSISTENCE,686,LONG,2024-08-26 16:00:00,16,False
XAUUSD.mg,transition_persistence,TRANSITION_PERSISTENCE,687,SHORT,2024-08-26 20:00:00,16,False
XAUUSD.mg,balance_stability,BALANCE_STABILITY,688,LONG,2024-08-27 00:00:00,10,True
XAUUSD.mg,balance_stability,BALANCE_STABILITY,688,SHORT,2024-08-27 00:00:00,10,True
XAUUSD.mg,transition_persistence,TRANSITION_PERSISTENCE,689,SHORT,2024-08-27 10:00:00,16,False
XAUUSD.mg,transition_persistence,TRANSITION_PERSISTENCE,690,LONG,2024-08-27 14:00:00,16,False
XAUUSD.mg,balance_stability,BALANCE_STABILITY,691,LONG,2024-08-28 00:00:00,10,True
XAUUSD.mg,balance_stability,BALANCE_STABILITY,691,SHORT,2024-08-28 00:00:00,10,True
XAUUSD.mg,transition_persistence,TRANSITION_PERSISTENCE,692,LONG,2024-08-29 14:00:00,16,False
XAUUSD.mg,transition_persistence,TRANSITION_PERSISTENCE,694,SHORT,2024-08-30 02:00:00,16,False
XAUUSD.mg,state_reinforcement,STATE_REINFORCEMENT,695,SHORT,2024-08-30 20:00:00,16,False
XAUUSD.mg,transition_persistence,TRANSITION_PERSISTENCE,696,SHORT,2024-08-30 22:00:00,16,False
XAUUSD.mg,balance_stability,BALANCE_STABILITY,697,LONG,2024-09-03 06:00:00,10,True
XAUUSD.mg,balance_stability,BALANCE_STABILITY,697,SHORT,2024-09-03 06:00:00,10,True
XAUUSD.mg,transition_persistence,TRANSITION_PERSISTENCE,698,SHORT,2024-09-03 18:00:00,16,False
XAUUSD.mg,transition_persistence,TRANSITION_PERSISTENCE,699,LONG,2024-09-04 00:00:00,16,False
XAUUSD.mg,balance_stability,BALANCE_STABILITY,700,LONG,2024-09-04 14:00:00,10,True
XAUUSD.mg,balance_stability,BALANCE_STABILITY,700,SHORT,2024-09-04 14:00:00,10,True
XAUUSD.mg,state_reinforcement,STATE_REINFORCEMENT,701,LONG,2024-09-05 14:00:00,16,False
XAUUSD.mg,state_reinforcement,STATE_REINFORCEMENT,702,SHORT,2024-09-09 06:00:00,16,False
XAUUSD.mg,state_reinforcement,STATE_REINFORCEMENT,703,LONG,2024-09-10 20:00:00,16,False
XAUUSD.mg,transition_persistence,TRANSITION_PERSISTENCE,704,LONG,2024-09-11 02:00:00,16,False
XAUUSD.mg,balance_stability,BALANCE_STABILITY,705,LONG,2024-09-12 02:00:00,10,True
XAUUSD.mg,balance_stability,BALANCE_STABILITY,705,SHORT,2024-09-12 02:00:00,10,True
XAUUSD.mg,transition_persistence,TRANSITION_PERSISTENCE,706,LONG,2024-09-12 22:00:00,16,False
XAUUSD.mg,state_reinforcement,STATE_REINFORCEMENT,707,LONG,2024-09-13 14:00:00,16,False
XAUUSD.mg,transition_persistence,TRANSITION_PERSISTENCE,708,LONG,2024-09-13 22:00:00,16,False
XAUUSD.mg,transition_persistence,TRANSITION_PERSISTENCE,710,LONG,2024-09-16 10:00:00,16,False
XAUUSD.mg,balance_stability,BALANCE_STABILITY,711,LONG,2024-09-16 20:00:00,10,True
XAUUSD.mg,balance_stability,BALANCE_STABILITY,711,SHORT,2024-09-16 20:00:00,10,True
XAUUSD.mg,transition_persistence,TRANSITION_PERSISTENCE,712,SHORT,2024-09-17 12:00:00,16,False
XAUUSD.mg,state_reinforcement,STATE_REINFORCEMENT,713,LONG,2024-09-20 16:00:00,16,False
XAUUSD.mg,balance_stability,BALANCE_STABILITY,715,LONG,2024-09-23 20:00:00,10,True
XAUUSD.mg,balance_stability,BALANCE_STABILITY,715,SHORT,2024-09-23 20:00:00,10,True
XAUUSD.mg,transition_persistence,TRANSITION_PERSISTENCE,716,SHORT,2024-09-24 02:00:00,16,False
XAUUSD.mg,balance_stability,BALANCE_STABILITY,717,LONG,2024-09-24 06:00:00,10,True
XAUUSD.mg,balance_stability,BALANCE_STABILITY,717,SHORT,2024-09-24 06:00:00,10,True
XAUUSD.mg,transition_persistence,TRANSITION_PERSISTENCE,718,LONG,2024-09-25 00:00:00,16,False
XAUUSD.mg,transition_persistence,TRANSITION_PERSISTENCE,719,SHORT,2024-09-25 08:00:00,16,False
XAUUSD.mg,transition_persistence,TRANSITION_PERSISTENCE,721,SHORT,2024-09-25 12:00:00,16,False
XAUUSD.mg,balance_stability,BALANCE_STABILITY,722,LONG,2024-09-25 20:00:00,10,True
XAUUSD.mg,balance_stability,BALANCE_STABILITY,722,SHORT,2024-09-25 20:00:00,10,True
XAUUSD.mg,transition_persistence,TRANSITION_PERSISTENCE,724,LONG,2024-09-26 22:00:00,16,False
XAUUSD.mg,transition_persistence,TRANSITION_PERSISTENCE,725,SHORT,2024-09-27 00:00:00,16,False
XAUUSD.mg,balance_stability,BALANCE_STABILITY,726,LONG,2024-09-27 04:00:00,10,True
XAUUSD.mg,balance_stability,BALANCE_STABILITY,726,SHORT,2024-09-27 04:00:00,10,True
XAUUSD.mg,state_reinforcement,STATE_REINFORCEMENT,727,SHORT,2024-09-27 20:00:00,16,False
XAUUSD.mg,transition_persistence,TRANSITION_PERSISTENCE,728,SHORT,2024-09-27 22:00:00,16,False
XAUUSD.mg,transition_persistence,TRANSITION_PERSISTENCE,729,LONG,2024-09-30 04:00:00,16,False
XAUUSD.mg,transition_persistence,TRANSITION_PERSISTENCE,730,SHORT,2024-09-30 08:00:00,16,False
XAUUSD.mg,transition_persistence,TRANSITION_PERSISTENCE,731,LONG,2024-10-01 02:00:00,16,False
XAUUSD.mg,state_reinforcement,STATE_REINFORCEMENT,732,LONG,2024-10-01 18:00:00,16,False
XAUUSD.mg,transition_persistence,TRANSITION_PERSISTENCE,733,LONG,2024-10-01 22:00:00,16,False
XAUUSD.mg,transition_persistence,TRANSITION_PERSISTENCE,734,SHORT,2024-10-02 02:00:00,16,False
XAUUSD.mg,balance_stability,BALANCE_STABILITY,735,LONG,2024-10-02 08:00:00,10,True
XAUUSD.mg,balance_stability,BALANCE_STABILITY,735,SHORT,2024-10-02 08:00:00,10,True
XAUUSD.mg,transition_persistence,TRANSITION_PERSISTENCE,736,LONG,2024-10-04 08:00:00,16,False
XAUUSD.mg,transition_persistence,TRANSITION_PERSISTENCE,737,SHORT,2024-10-04 16:00:00,16,False
XAUUSD.mg,balance_stability,BALANCE_STABILITY,738,LONG,2024-10-07 18:00:00,10,True
XAUUSD.mg,balance_stability,BALANCE_STABILITY,738,SHORT,2024-10-07 18:00:00,10,True
XAUUSD.mg,transition_persistence,TRANSITION_PERSISTENCE,739,SHORT,2024-10-08 22:00:00,16,False
XAUUSD.mg,transition_persistence,TRANSITION_PERSISTENCE,740,LONG,2024-10-09 04:00:00,16,False
XAUUSD.mg,balance_stability,BALANCE_STABILITY,741,LONG,2024-10-10 06:00:00,10,True
XAUUSD.mg,balance_stability,BALANCE_STABILITY,741,SHORT,2024-10-10 06:00:00,10,True
XAUUSD.mg,state_reinforcement,STATE_REINFORCEMENT,742,LONG,2024-10-11 02:00:00,16,False
XAUUSD.mg,transition_persistence,TRANSITION_PERSISTENCE,743,LONG,2024-10-14 00:00:00,16,False
XAUUSD.mg,transition_persistence,TRANSITION_PERSISTENCE,744,SHORT,2024-10-14 02:00:00,16,False
XAUUSD.mg,balance_stability,BALANCE_STABILITY,745,LONG,2024-10-15 02:00:00,10,True
XAUUSD.mg,balance_stability,BALANCE_STABILITY,745,SHORT,2024-10-15 02:00:00,10,True
XAUUSD.mg,transition_persistence,TRANSITION_PERSISTENCE,746,SHORT,2024-10-15 08:00:00,16,False
XAUUSD.mg,transition_persistence,TRANSITION_PERSISTENCE,748,LONG,2024-10-15 22:00:00,16,False
XAUUSD.mg,transition_persistence,TRANSITION_PERSISTENCE,749,SHORT,2024-10-16 22:00:00,16,False
XAUUSD.mg,balance_stability,BALANCE_STABILITY,750,LONG,2024-10-17 10:00:00,10,True
XAUUSD.mg,balance_stability,BALANCE_STABILITY,750,SHORT,2024-10-17 10:00:00,10,True
XAUUSD.mg,state_reinforcement,STATE_REINFORCEMENT,751,LONG,2024-10-18 02:00:00,16,False
XAUUSD.mg,transition_persistence,TRANSITION_PERSISTENCE,752,LONG,2024-10-21 06:00:00,16,False
XAUUSD.mg,state_reinforcement,STATE_REINFORCEMENT,753,LONG,2024-10-21 12:00:00,16,False
XAUUSD.mg,balance_stability,BALANCE_STABILITY,754,LONG,2024-10-22 00:00:00,10,True
XAUUSD.mg,balance_stability,BALANCE_STABILITY,754,SHORT,2024-10-22 00:00:00,10,True
XAUUSD.mg,state_reinforcement,STATE_REINFORCEMENT,755,LONG,2024-10-22 20:00:00,16,False
XAUUSD.mg,transition_persistence,TRANSITION_PERSISTENCE,756,SHORT,2024-10-23 22:00:00,16,False
XAUUSD.mg,transition_persistence,TRANSITION_PERSISTENCE,757,LONG,2024-10-24 04:00:00,16,False
XAUUSD.mg,transition_persistence,TRANSITION_PERSISTENCE,758,SHORT,2024-10-25 14:00:00,16,False
XAUUSD.mg,transition_persistence,TRANSITION_PERSISTENCE,759,LONG,2024-10-25 22:00:00,16,False
XAUUSD.mg,balance_stability,BALANCE_STABILITY,760,LONG,2024-10-28 06:00:00,10,True
XAUUSD.mg,balance_stability,BALANCE_STABILITY,760,SHORT,2024-10-28 06:00:00,10,True
XAUUSD.mg,transition_persistence,TRANSITION_PERSISTENCE,761,SHORT,2024-10-28 08:00:00,16,False
XAUUSD.mg,transition_persistence,TRANSITION_PERSISTENCE,762,LONG,2024-10-28 14:00:00,16,False
XAUUSD.mg,balance_stability,BALANCE_STABILITY,763,LONG,2024-10-28 22:00:00,10,True
XAUUSD.mg,balance_stability,BALANCE_STABILITY,763,SHORT,2024-10-28 22:00:00,10,True
XAUUSD.mg,transition_persistence,TRANSITION_PERSISTENCE,764,LONG,2024-10-29 06:00:00,16,False
XAUUSD.mg,state_reinforcement,STATE_REINFORCEMENT,765,LONG,2024-10-29 18:00:00,16,False
XAUUSD.mg,transition_persistence,TRANSITION_PERSISTENCE,766,LONG,2024-10-30 22:00:00,16,False
XAUUSD.mg,balance_stability,BALANCE_STABILITY,767,LONG,2024-10-31 04:00:00,10,True
XAUUSD.mg,balance_stability,BALANCE_STABILITY,767,SHORT,2024-10-31 04:00:00,10,True
XAUUSD.mg,transition_persistence,TRANSITION_PERSISTENCE,768,SHORT,2024-10-31 22:00:00,16,False
XAUUSD.mg,transition_persistence,TRANSITION_PERSISTENCE,769,LONG,2024-11-01 04:00:00,16,False
XAUUSD.mg,balance_stability,BALANCE_STABILITY,770,LONG,2024-11-04 00:00:00,10,True
XAUUSD.mg,balance_stability,BALANCE_STABILITY,770,SHORT,2024-11-04 00:00:00,10,True
XAUUSD.mg,transition_persistence,TRANSITION_PERSISTENCE,771,SHORT,2024-11-04 02:00:00,16,False
XAUUSD.mg,transition_persistence,TRANSITION_PERSISTENCE,772,LONG,2024-11-04 06:00:00,16,False
XAUUSD.mg,balance_stability,BALANCE_STABILITY,773,LONG,2024-11-05 02:00:00,10,True
XAUUSD.mg,balance_stability,BALANCE_STABILITY,773,SHORT,2024-11-05 02:00:00,10,True
XAUUSD.mg,transition_persistence,TRANSITION_PERSISTENCE,774,SHORT,2024-11-06 22:00:00,16,False
XAUUSD.mg,transition_persistence,TRANSITION_PERSISTENCE,775,LONG,2024-11-08 00:00:00,16,False
XAUUSD.mg,state_reinforcement,STATE_REINFORCEMENT,776,SHORT,2024-11-08 06:00:00,16,False
XAUUSD.mg,transition_persistence,TRANSITION_PERSISTENCE,777,SHORT,2024-11-08 12:00:00,16,False
XAUUSD.mg,state_reinforcement,STATE_REINFORCEMENT,778,SHORT,2024-11-12 06:00:00,16,False
XAUUSD.mg,transition_persistence,TRANSITION_PERSISTENCE,779,SHORT,2024-11-12 14:00:00,16,False
XAUUSD.mg,transition_persistence,TRANSITION_PERSISTENCE,780,LONG,2024-11-12 22:00:00,16,False
XAUUSD.mg,balance_stability,BALANCE_STABILITY,781,LONG,2024-11-13 06:00:00,10,True
XAUUSD.mg,balance_stability,BALANCE_STABILITY,781,SHORT,2024-11-13 06:00:00,10,True
XAUUSD.mg,transition_persistence,TRANSITION_PERSISTENCE,782,SHORT,2024-11-13 22:00:00,16,False
XAUUSD.mg,state_reinforcement,STATE_REINFORCEMENT,783,SHORT,2024-11-14 08:00:00,16,False
XAUUSD.mg,transition_persistence,TRANSITION_PERSISTENCE,784,LONG,2024-11-14 22:00:00,16,False
XAUUSD.mg,balance_stability,BALANCE_STABILITY,785,LONG,2024-11-15 02:00:00,10,True
XAUUSD.mg,balance_stability,BALANCE_STABILITY,785,SHORT,2024-11-15 02:00:00,10,True
XAUUSD.mg,transition_persistence,TRANSITION_PERSISTENCE,786,LONG,2024-11-18 06:00:00,16,False
XAUUSD.mg,transition_persistence,TRANSITION_PERSISTENCE,788,LONG,2024-11-19 22:00:00,16,False
XAUUSD.mg,transition_persistence,TRANSITION_PERSISTENCE,789,SHORT,2024-11-20 12:00:00,16,False
XAUUSD.mg,state_reinforcement,STATE_REINFORCEMENT,790,LONG,2024-11-20 20:00:00,16,False
XAUUSD.mg,transition_persistence,TRANSITION_PERSISTENCE,791,LONG,2024-11-20 22:00:00,16,False
XAUUSD.mg,state_reinforcement,STATE_REINFORCEMENT,792,LONG,2024-11-21 08:00:00,16,False
XAUUSD.mg,transition_persistence,TRANSITION_PERSISTENCE,793,LONG,2024-11-21 22:00:00,16,False
XAUUSD.mg,transition_persistence,TRANSITION_PERSISTENCE,794,SHORT,2024-11-22 00:00:00,16,False
XAUUSD.mg,state_reinforcement,STATE_REINFORCEMENT,795,LONG,2024-11-22 18:00:00,16,False
XAUUSD.mg,transition_persistence,TRANSITION_PERSISTENCE,796,SHORT,2024-11-25 12:00:00,16,False
XAUUSD.mg,transition_persistence,TRANSITION_PERSISTENCE,797,LONG,2024-11-26 04:00:00,16,False
XAUUSD.mg,transition_persistence,TRANSITION_PERSISTENCE,798,SHORT,2024-11-26 06:00:00,16,False
XAUUSD.mg,state_reinforcement,STATE_REINFORCEMENT,799,LONG,2024-11-26 12:00:00,16,False
XAUUSD.mg,transition_persistence,TRANSITION_PERSISTENCE,800,SHORT,2024-11-26 16:00:00,16,False
XAUUSD.mg,state_reinforcement,STATE_REINFORCEMENT,801,LONG,2024-11-27 12:00:00,16,False
XAUUSD.mg,transition_persistence,TRANSITION_PERSISTENCE,802,LONG,2024-11-27 16:00:00,16,False
XAUUSD.mg,transition_persistence,TRANSITION_PERSISTENCE,803,SHORT,2024-11-27 18:00:00,16,False
XAUUSD.mg,balance_stability,BALANCE_STABILITY,804,LONG,2024-11-28 02:00:00,10,True
XAUUSD.mg,balance_stability,BALANCE_STABILITY,804,SHORT,2024-11-28 02:00:00,10,True
XAUUSD.mg,state_reinforcement,STATE_REINFORCEMENT,805,LONG,2024-11-29 08:00:00,16,False
XAUUSD.mg,transition_persistence,TRANSITION_PERSISTENCE,806,SHORT,2024-11-29 20:00:00,16,False
XAUUSD.mg,balance_stability,BALANCE_STABILITY,807,LONG,2024-12-03 12:00:00,10,True
XAUUSD.mg,balance_stability,BALANCE_STABILITY,807,SHORT,2024-12-03 12:00:00,10,True
XAUUSD.mg,state_reinforcement,STATE_REINFORCEMENT,808,SHORT,2024-12-05 20:00:00,16,False
XAUUSD.mg,transition_persistence,TRANSITION_PERSISTENCE,809,SHORT,2024-12-06 00:00:00,16,False
XAUUSD.mg,transition_persistence,TRANSITION_PERSISTENCE,810,LONG,2024-12-06 14:00:00,16,False
XAUUSD.mg,transition_persistence,TRANSITION_PERSISTENCE,811,SHORT,2024-12-06 16:00:00,16,False
XAUUSD.mg,state_reinforcement,STATE_REINFORCEMENT,812,LONG,2024-12-09 16:00:00,16,False
XAUUSD.mg,transition_persistence,TRANSITION_PERSISTENCE,813,LONG,2024-12-12 02:00:00,16,False
XAUUSD.mg,transition_persistence,TRANSITION_PERSISTENCE,814,SHORT,2024-12-12 04:00:00,16,False
XAUUSD.mg,transition_persistence,TRANSITION_PERSISTENCE,815,LONG,2024-12-13 04:00:00,16,False
XAUUSD.mg,transition_persistence,TRANSITION_PERSISTENCE,816,SHORT,2024-12-16 04:00:00,16,False
XAUUSD.mg,transition_persistence,TRANSITION_PERSISTENCE,817,LONG,2024-12-16 08:00:00,16,False
XAUUSD.mg,balance_stability,BALANCE_STABILITY,818,LONG,2024-12-17 00:00:00,10,True
XAUUSD.mg,balance_stability,BALANCE_STABILITY,818,SHORT,2024-12-17 00:00:00,10,True
XAUUSD.mg,transition_persistence,TRANSITION_PERSISTENCE,819,SHORT,2024-12-17 18:00:00,16,False
XAUUSD.mg,transition_persistence,TRANSITION_PERSISTENCE,820,LONG,2024-12-17 22:00:00,16,False
XAUUSD.mg,balance_stability,BALANCE_STABILITY,821,LONG,2024-12-18 14:00:00,10,True
XAUUSD.mg,balance_stability,BALANCE_STABILITY,821,SHORT,2024-12-18 14:00:00,10,True
XAUUSD.mg,state_reinforcement,STATE_REINFORCEMENT,822,SHORT,2024-12-19 04:00:00,16,False
XAUUSD.mg,transition_persistence,TRANSITION_PERSISTENCE,823,SHORT,2024-12-19 14:00:00,16,False
XAUUSD.mg,balance_stability,BALANCE_STABILITY,824,LONG,2024-12-19 22:00:00,10,True
XAUUSD.mg,balance_stability,BALANCE_STABILITY,824,SHORT,2024-12-19 22:00:00,10,True
XAUUSD.mg,transition_persistence,TRANSITION_PERSISTENCE,825,LONG,2024-12-23 02:00:00,16,False
XAUUSD.mg,state_reinforcement,STATE_REINFORCEMENT,826,LONG,2024-12-23 08:00:00,16,False
XAUUSD.mg,transition_persistence,TRANSITION_PERSISTENCE,827,SHORT,2024-12-26 14:00:00,16,False
XAUUSD.mg,transition_persistence,TRANSITION_PERSISTENCE,828,LONG,2024-12-26 22:00:00,16,False
XAUUSD.mg,balance_stability,BALANCE_STABILITY,829,LONG,2024-12-27 04:00:00,10,True
XAUUSD.mg,balance_stability,BALANCE_STABILITY,829,SHORT,2024-12-27 04:00:00,10,True
XAUUSD.mg,transition_persistence,TRANSITION_PERSISTENCE,830,SHORT,2024-12-27 08:00:00,16,False
XAUUSD.mg,balance_stability,BALANCE_STABILITY,831,LONG,2024-12-27 12:00:00,10,True
XAUUSD.mg,balance_stability,BALANCE_STABILITY,831,SHORT,2024-12-27 12:00:00,10,True
XAUUSD.mg,transition_persistence,TRANSITION_PERSISTENCE,832,SHORT,2024-12-27 22:00:00,16,False
XAUUSD.mg,transition_persistence,TRANSITION_PERSISTENCE,833,LONG,2024-12-30 02:00:00,16,False
XAUUSD.mg,state_reinforcement,STATE_REINFORCEMENT,834,LONG,2024-12-31 20:00:00,16,False
XAUUSD.mg,transition_persistence,TRANSITION_PERSISTENCE,835,LONG,2025-01-02 22:00:00,16,False
XAUUSD.mg,transition_persistence,TRANSITION_PERSISTENCE,837,SHORT,2025-01-03 10:00:00,16,False
XAUUSD.mg,transition_persistence,TRANSITION_PERSISTENCE,838,LONG,2025-01-06 18:00:00,16,False
XAUUSD.mg,balance_stability,BALANCE_STABILITY,839,LONG,2025-01-07 00:00:00,10,True
XAUUSD.mg,balance_stability,BALANCE_STABILITY,839,SHORT,2025-01-07 00:00:00,10,True
XAUUSD.mg,transition_persistence,TRANSITION_PERSISTENCE,840,LONG,2025-01-07 16:00:00,16,False
XAUUSD.mg,transition_persistence,TRANSITION_PERSISTENCE,841,SHORT,2025-01-08 02:00:00,16,False
XAUUSD.mg,balance_stability,BALANCE_STABILITY,842,LONG,2025-01-08 06:00:00,10,True
XAUUSD.mg,balance_stability,BALANCE_STABILITY,842,SHORT,2025-01-08 06:00:00,10,True
XAUUSD.mg,transition_persistence,TRANSITION_PERSISTENCE,843,LONG,2025-01-08 18:00:00,16,False
XAUUSD.mg,transition_persistence,TRANSITION_PERSISTENCE,844,SHORT,2025-01-09 02:00:00,16,False
XAUUSD.mg,balance_stability,BALANCE_STABILITY,845,LONG,2025-01-09 08:00:00,10,True
XAUUSD.mg,balance_stability,BALANCE_STABILITY,845,SHORT,2025-01-09 08:00:00,10,True
XAUUSD.mg,transition_persistence,TRANSITION_PERSISTENCE,846,LONG,2025-01-09 18:00:00,16,False
XAUUSD.mg,state_reinforcement,STATE_REINFORCEMENT,847,LONG,2025-01-10 06:00:00,16,False
XAUUSD.mg,transition_persistence,TRANSITION_PERSISTENCE,848,LONG,2025-01-10 22:00:00,16,False
XAUUSD.mg,transition_persistence,TRANSITION_PERSISTENCE,849,SHORT,2025-01-13 04:00:00,16,False
XAUUSD.mg,balance_stability,BALANCE_STABILITY,850,LONG,2025-01-13 10:00:00,10,True
XAUUSD.mg,balance_stability,BALANCE_STABILITY,850,SHORT,2025-01-13 10:00:00,10,True
XAUUSD.mg,state_reinforcement,STATE_REINFORCEMENT,851,SHORT,2025-01-13 20:00:00,16,False
XAUUSD.mg,state_reinforcement,STATE_REINFORCEMENT,852,LONG,2025-01-14 02:00:00,16,False
XAUUSD.mg,transition_persistence,TRANSITION_PERSISTENCE,853,LONG,2025-01-14 12:00:00,16,False
XAUUSD.mg,state_reinforcement,STATE_REINFORCEMENT,854,LONG,2025-01-15 14:00:00,16,False
XAUUSD.mg,transition_persistence,TRANSITION_PERSISTENCE,855,LONG,2025-01-15 16:00:00,16,False
XAUUSD.mg,state_reinforcement,STATE_REINFORCEMENT,856,LONG,2025-01-16 18:00:00,16,False
XAUUSD.mg,transition_persistence,TRANSITION_PERSISTENCE,857,SHORT,2025-01-17 08:00:00,16,False
XAUUSD.mg,transition_persistence,TRANSITION_PERSISTENCE,859,LONG,2025-01-20 14:00:00,16,False
XAUUSD.mg,state_reinforcement,STATE_REINFORCEMENT,860,LONG,2025-01-21 06:00:00,16,False
XAUUSD.mg,transition_persistence,TRANSITION_PERSISTENCE,861,LONG,2025-01-22 00:00:00,16,False
XAUUSD.mg,state_reinforcement,STATE_REINFORCEMENT,862,SHORT,2025-01-22 18:00:00,16,False
XAUUSD.mg,transition_persistence,TRANSITION_PERSISTENCE,863,SHORT,2025-01-22 22:00:00,16,False
XAUUSD.mg,balance_stability,BALANCE_STABILITY,864,LONG,2025-01-23 08:00:00,10,True
XAUUSD.mg,balance_stability,BALANCE_STABILITY,864,SHORT,2025-01-23 08:00:00,10,True
XAUUSD.mg,state_reinforcement,STATE_REINFORCEMENT,865,LONG,2025-01-24 16:00:00,16,False
XAUUSD.mg,transition_persistence,TRANSITION_PERSISTENCE,866,SHORT,2025-01-27 00:00:00,16,False
XAUUSD.mg,state_reinforcement,STATE_REINFORCEMENT,867,SHORT,2025-01-27 18:00:00,16,False
XAUUSD.mg,transition_persistence,TRANSITION_PERSISTENCE,868,SHORT,2025-01-28 00:00:00,16,False
XAUUSD.mg,transition_persistence,TRANSITION_PERSISTENCE,869,LONG,2025-01-28 06:00:00,16,False
XAUUSD.mg,transition_persistence,TRANSITION_PERSISTENCE,870,SHORT,2025-01-28 08:00:00,16,False
XAUUSD.mg,transition_persistence,TRANSITION_PERSISTENCE,871,LONG,2025-01-28 10:00:00,16,False
XAUUSD.mg,transition_persistence,TRANSITION_PERSISTENCE,872,SHORT,2025-01-29 10:00:00,16,False
XAUUSD.mg,state_reinforcement,STATE_REINFORCEMENT,873,LONG,2025-01-30 16:00:00,16,False
XAUUSD.mg,transition_persistence,TRANSITION_PERSISTENCE,874,LONG,2025-01-31 00:00:00,16,False
XAUUSD.mg,transition_persistence,TRANSITION_PERSISTENCE,876,LONG,2025-01-31 08:00:00,16,False
XAUUSD.mg,transition_persistence,TRANSITION_PERSISTENCE,877,SHORT,2025-01-31 20:00:00,16,False
XAUUSD.mg,transition_persistence,TRANSITION_PERSISTENCE,878,LONG,2025-01-31 22:00:00,16,False
XAUUSD.mg,transition_persistence,TRANSITION_PERSISTENCE,879,SHORT,2025-02-03 00:00:00,16,False
XAUUSD.mg,transition_persistence,TRANSITION_PERSISTENCE,880,LONG,2025-02-04 00:00:00,16,False
XAUUSD.mg,transition_persistence,TRANSITION_PERSISTENCE,881,SHORT,2025-02-04 06:00:00,16,False
XAUUSD.mg,transition_persistence,TRANSITION_PERSISTENCE,882,LONG,2025-02-04 22:00:00,16,False
XAUUSD.mg,state_reinforcement,STATE_REINFORCEMENT,883,LONG,2025-02-05 08:00:00,16,False
XAUUSD.mg,transition_persistence,TRANSITION_PERSISTENCE,884,SHORT,2025-02-05 22:00:00,16,False
XAUUSD.mg,balance_stability,BALANCE_STABILITY,885,LONG,2025-02-06 22:00:00,10,True
XAUUSD.mg,balance_stability,BALANCE_STABILITY,885,SHORT,2025-02-06 22:00:00,10,True
XAUUSD.mg,transition_persistence,TRANSITION_PERSISTENCE,886,SHORT,2025-02-07 18:00:00,16,False
XAUUSD.mg,balance_stability,BALANCE_STABILITY,887,LONG,2025-02-07 22:00:00,10,True
XAUUSD.mg,balance_stability,BALANCE_STABILITY,887,SHORT,2025-02-07 22:00:00,10,True
XAUUSD.mg,transition_persistence,TRANSITION_PERSISTENCE,888,LONG,2025-02-10 22:00:00,16,False
XAUUSD.mg,balance_stability,BALANCE_STABILITY,889,LONG,2025-02-12 16:00:00,10,True
XAUUSD.mg,balance_stability,BALANCE_STABILITY,889,SHORT,2025-02-12 16:00:00,10,True
XAUUSD.mg,transition_persistence,TRANSITION_PERSISTENCE,890,LONG,2025-02-13 02:00:00,16,False
XAUUSD.mg,state_reinforcement,STATE_REINFORCEMENT,891,LONG,2025-02-13 16:00:00,16,False
XAUUSD.mg,transition_persistence,TRANSITION_PERSISTENCE,892,LONG,2025-02-13 22:00:00,16,False
XAUUSD.mg,state_reinforcement,STATE_REINFORCEMENT,894,SHORT,2025-02-17 00:00:00,16,False
XAUUSD.mg,transition_persistence,TRANSITION_PERSISTENCE,895,LONG,2025-02-17 12:00:00,16,False
XAUUSD.mg,state_reinforcement,STATE_REINFORCEMENT,896,LONG,2025-02-18 18:00:00,16,False
XAUUSD.mg,transition_persistence,TRANSITION_PERSISTENCE,897,LONG,2025-02-18 22:00:00,16,False
XAUUSD.mg,transition_persistence,TRANSITION_PERSISTENCE,898,SHORT,2025-02-19 08:00:00,16,False
XAUUSD.mg,transition_persistence,TRANSITION_PERSISTENCE,899,LONG,2025-02-19 12:00:00,16,False
XAUUSD.mg,transition_persistence,TRANSITION_PERSISTENCE,900,SHORT,2025-02-24 16:00:00,16,False
XAUUSD.mg,transition_persistence,TRANSITION_PERSISTENCE,901,LONG,2025-02-24 22:00:00,16,False
XAUUSD.mg,transition_persistence,TRANSITION_PERSISTENCE,902,SHORT,2025-02-25 02:00:00,16,False
XAUUSD.mg,state_reinforcement,STATE_REINFORCEMENT,903,SHORT,2025-02-25 20:00:00,16,False
XAUUSD.mg,transition_persistence,TRANSITION_PERSISTENCE,904,LONG,2025-02-26 08:00:00,16,False
XAUUSD.mg,state_reinforcement,STATE_REINFORCEMENT,905,SHORT,2025-02-26 14:00:00,16,False
XAUUSD.mg,balance_stability,BALANCE_STABILITY,906,LONG,2025-02-26 22:00:00,10,True
XAUUSD.mg,balance_stability,BALANCE_STABILITY,906,SHORT,2025-02-26 22:00:00,10,True
XAUUSD.mg,state_reinforcement,STATE_REINFORCEMENT,907,SHORT,2025-02-27 10:00:00,16,False
XAUUSD.mg,transition_persistence,TRANSITION_PERSISTENCE,908,SHORT,2025-02-28 00:00:00,16,False
XAUUSD.mg,state_reinforcement,STATE_REINFORCEMENT,909,SHORT,2025-02-28 20:00:00,16,False
XAUUSD.mg,transition_persistence,TRANSITION_PERSISTENCE,910,LONG,2025-03-03 00:00:00,16,False
XAUUSD.mg,balance_stability,BALANCE_STABILITY,911,LONG,2025-03-03 08:00:00,10,True
XAUUSD.mg,balance_stability,BALANCE_STABILITY,911,SHORT,2025-03-03 08:00:00,10,True
XAUUSD.mg,transition_persistence,TRANSITION_PERSISTENCE,912,LONG,2025-03-04 00:00:00,16,False
XAUUSD.mg,transition_persistence,TRANSITION_PERSISTENCE,913,SHORT,2025-03-04 06:00:00,16,False
XAUUSD.mg,transition_persistence,TRANSITION_PERSISTENCE,914,LONG,2025-03-05 04:00:00,16,False
XAUUSD.mg,balance_stability,BALANCE_STABILITY,915,LONG,2025-03-06 20:00:00,10,True
XAUUSD.mg,balance_stability,BALANCE_STABILITY,915,SHORT,2025-03-06 20:00:00,10,True
XAUUSD.mg,transition_persistence,TRANSITION_PERSISTENCE,916,LONG,2025-03-07 02:00:00,16,False
XAUUSD.mg,balance_stability,BALANCE_STABILITY,917,LONG,2025-03-07 16:00:00,10,True
XAUUSD.mg,balance_stability,BALANCE_STABILITY,917,SHORT,2025-03-07 16:00:00,10,True
XAUUSD.mg,transition_persistence,TRANSITION_PERSISTENCE,918,SHORT,2025-03-10 22:00:00,16,False
XAUUSD.mg,transition_persistence,TRANSITION_PERSISTENCE,919,LONG,2025-03-11 22:00:00,16,False
XAUUSD.mg,transition_persistence,TRANSITION_PERSISTENCE,920,SHORT,2025-03-12 02:00:00,16,False
XAUUSD.mg,state_reinforcement,STATE_REINFORCEMENT,921,LONG,2025-03-12 20:00:00,16,False
XAUUSD.mg,transition_persistence,TRANSITION_PERSISTENCE,922,LONG,2025-03-13 06:00:00,16,False
XAUUSD.mg,state_reinforcement,STATE_REINFORCEMENT,923,LONG,2025-03-14 10:00:00,16,False
XAUUSD.mg,transition_persistence,TRANSITION_PERSISTENCE,924,SHORT,2025-03-14 16:00:00,16,False
XAUUSD.mg,transition_persistence,TRANSITION_PERSISTENCE,926,SHORT,2025-03-14 20:00:00,16,False
XAUUSD.mg,transition_persistence,TRANSITION_PERSISTENCE,927,LONG,2025-03-17 02:00:00,16,False
XAUUSD.mg,state_reinforcement,STATE_REINFORCEMENT,928,LONG,2025-03-18 08:00:00,16,False
XAUUSD.mg,transition_persistence,TRANSITION_PERSISTENCE,930,SHORT,2025-03-19 10:00:00,16,False
XAUUSD.mg,transition_persistence,TRANSITION_PERSISTENCE,931,LONG,2025-03-19 12:00:00,16,False
XAUUSD.mg,transition_persistence,TRANSITION_PERSISTENCE,932,SHORT,2025-03-19 16:00:00,16,False
XAUUSD.mg,transition_persistence,TRANSITION_PERSISTENCE,933,LONG,2025-03-19 22:00:00,16,False
XAUUSD.mg,balance_stability,BALANCE_STABILITY,934,LONG,2025-03-21 00:00:00,10,True
XAUUSD.mg,balance_stability,BALANCE_STABILITY,934,SHORT,2025-03-21 00:00:00,10,True
XAUUSD.mg,state_reinforcement,STATE_REINFORCEMENT,935,SHORT,2025-03-21 18:00:00,16,False
XAUUSD.mg,transition_persistence,TRANSITION_PERSISTENCE,936,SHORT,2025-03-21 22:00:00,16,False
XAUUSD.mg,transition_persistence,TRANSITION_PERSISTENCE,937,LONG,2025-03-24 02:00:00,16,False
XAUUSD.mg,balance_stability,BALANCE_STABILITY,938,LONG,2025-03-25 04:00:00,10,True
XAUUSD.mg,balance_stability,BALANCE_STABILITY,938,SHORT,2025-03-25 04:00:00,10,True
XAUUSD.mg,transition_persistence,TRANSITION_PERSISTENCE,939,LONG,2025-03-25 16:00:00,16,False
XAUUSD.mg,balance_stability,BALANCE_STABILITY,941,LONG,2025-03-26 04:00:00,10,True
XAUUSD.mg,balance_stability,BALANCE_STABILITY,941,SHORT,2025-03-26 04:00:00,10,True
XAUUSD.mg,state_reinforcement,STATE_REINFORCEMENT,942,LONG,2025-03-27 16:00:00,16,False
XAUUSD.mg,transition_persistence,TRANSITION_PERSISTENCE,943,LONG,2025-03-27 22:00:00,16,False
XAUUSD.mg,transition_persistence,TRANSITION_PERSISTENCE,945,LONG,2025-03-28 22:00:00,16,False
XAUUSD.mg,state_reinforcement,STATE_REINFORCEMENT,946,LONG,2025-03-31 08:00:00,16,False
XAUUSD.mg,transition_persistence,TRANSITION_PERSISTENCE,947,LONG,2025-03-31 22:00:00,16,False
XAUUSD.mg,transition_persistence,TRANSITION_PERSISTENCE,948,SHORT,2025-04-01 14:00:00,16,False
XAUUSD.mg,balance_stability,BALANCE_STABILITY,949,LONG,2025-04-02 18:00:00,10,True
XAUUSD.mg,balance_stability,BALANCE_STABILITY,949,SHORT,2025-04-02 18:00:00,10,True
XAUUSD.mg,balance_stability,BALANCE_STABILITY,950,LONG,2025-04-03 04:00:00,10,True
XAUUSD.mg,balance_stability,BALANCE_STABILITY,950,SHORT,2025-04-03 04:00:00,10,True
XAUUSD.mg,transition_persistence,TRANSITION_PERSISTENCE,951,LONG,2025-04-04 00:00:00,16,False
XAUUSD.mg,transition_persistence,TRANSITION_PERSISTENCE,952,SHORT,2025-04-04 04:00:00,16,False
XAUUSD.mg,state_reinforcement,STATE_REINFORCEMENT,953,SHORT,2025-04-04 20:00:00,16,False
XAUUSD.mg,transition_persistence,TRANSITION_PERSISTENCE,954,SHORT,2025-04-07 04:00:00,16,False
XAUUSD.mg,transition_persistence,TRANSITION_PERSISTENCE,955,LONG,2025-04-07 06:00:00,16,False
XAUUSD.mg,transition_persistence,TRANSITION_PERSISTENCE,956,SHORT,2025-04-07 08:00:00,16,False
XAUUSD.mg,transition_persistence,TRANSITION_PERSISTENCE,957,LONG,2025-04-07 12:00:00,16,False
XAUUSD.mg,transition_persistence,TRANSITION_PERSISTENCE,958,SHORT,2025-04-07 14:00:00,16,False
XAUUSD.mg,balance_stability,BALANCE_STABILITY,959,LONG,2025-04-09 00:00:00,10,True
XAUUSD.mg,balance_stability,BALANCE_STABILITY,959,SHORT,2025-04-09 00:00:00,10,True
XAUUSD.mg,state_reinforcement,STATE_REINFORCEMENT,960,LONG,2025-04-09 18:00:00,16,False
XAUUSD.mg,transition_persistence,TRANSITION_PERSISTENCE,961,LONG,2025-04-09 22:00:00,16,False
XAUUSD.mg,state_reinforcement,STATE_REINFORCEMENT,962,LONG,2025-04-11 02:00:00,16,False
XAUUSD.mg,transition_persistence,TRANSITION_PERSISTENCE,963,LONG,2025-04-11 22:00:00,16,False
XAUUSD.mg,transition_persistence,TRANSITION_PERSISTENCE,964,SHORT,2025-04-14 18:00:00,16,False
XAUUSD.mg,balance_stability,BALANCE_STABILITY,965,LONG,2025-04-15 02:00:00,10,True
XAUUSD.mg,balance_stability,BALANCE_STABILITY,965,SHORT,2025-04-15 02:00:00,10,True
XAUUSD.mg,state_reinforcement,STATE_REINFORCEMENT,966,LONG,2025-04-16 02:00:00,16,False
XAUUSD.mg,transition_persistence,TRANSITION_PERSISTENCE,967,LONG,2025-04-17 06:00:00,16,False
XAUUSD.mg,transition_persistence,TRANSITION_PERSISTENCE,968,SHORT,2025-04-17 12:00:00,16,False
XAUUSD.mg,state_reinforcement,STATE_REINFORCEMENT,969,LONG,2025-04-21 10:00:00,16,False
XAUUSD.mg,transition_persistence,TRANSITION_PERSISTENCE,970,LONG,2025-04-22 12:00:00,16,False
XAUUSD.mg,transition_persistence,TRANSITION_PERSISTENCE,971,SHORT,2025-04-22 22:00:00,16,False
XAUUSD.mg,state_reinforcement,STATE_REINFORCEMENT,972,SHORT,2025-04-23 18:00:00,16,False
XAUUSD.mg,transition_persistence,TRANSITION_PERSISTENCE,973,SHORT,2025-04-23 22:00:00,16,False
XAUUSD.mg,balance_stability,BALANCE_STABILITY,974,LONG,2025-04-24 08:00:00,10,True
XAUUSD.mg,balance_stability,BALANCE_STABILITY,974,SHORT,2025-04-24 08:00:00,10,True
XAUUSD.mg,transition_persistence,TRANSITION_PERSISTENCE,975,LONG,2025-04-25 22:00:00,16,False
XAUUSD.mg,balance_stability,BALANCE_STABILITY,976,LONG,2025-04-30 06:00:00,10,True
XAUUSD.mg,balance_stability,BALANCE_STABILITY,976,SHORT,2025-04-30 06:00:00,10,True
XAUUSD.mg,transition_persistence,TRANSITION_PERSISTENCE,977,LONG,2025-04-30 14:00:00,16,False
XAUUSD.mg,balance_stability,BALANCE_STABILITY,978,LONG,2025-04-30 18:00:00,10,True
XAUUSD.mg,balance_stability,BALANCE_STABILITY,978,SHORT,2025-04-30 18:00:00,10,True
XAUUSD.mg,transition_persistence,TRANSITION_PERSISTENCE,979,SHORT,2025-04-30 20:00:00,16,False
XAUUSD.mg,transition_persistence,TRANSITION_PERSISTENCE,980,LONG,2025-04-30 22:00:00,16,False
XAUUSD.mg,state_reinforcement,STATE_REINFORCEMENT,982,SHORT,2025-05-01 12:00:00,16,False
XAUUSD.mg,transition_persistence,TRANSITION_PERSISTENCE,983,LONG,2025-05-01 22:00:00,16,False
XAUUSD.mg,transition_persistence,TRANSITION_PERSISTENCE,984,SHORT,2025-05-02 22:00:00,16,False
XAUUSD.mg,balance_stability,BALANCE_STABILITY,985,LONG,2025-05-05 08:00:00,10,True
XAUUSD.mg,balance_stability,BALANCE_STABILITY,985,SHORT,2025-05-05 08:00:00,10,True
XAUUSD.mg,state_reinforcement,STATE_REINFORCEMENT,986,LONG,2025-05-05 16:00:00,16,False
XAUUSD.mg,balance_stability,BALANCE_STABILITY,987,LONG,2025-05-07 08:00:00,10,True
XAUUSD.mg,balance_stability,BALANCE_STABILITY,987,SHORT,2025-05-07 08:00:00,10,True
XAUUSD.mg,transition_persistence,TRANSITION_PERSISTENCE,988,SHORT,2025-05-08 14:00:00,16,False
XAUUSD.mg,transition_persistence,TRANSITION_PERSISTENCE,989,LONG,2025-05-09 06:00:00,16,False
XAUUSD.mg,state_reinforcement,STATE_REINFORCEMENT,990,SHORT,2025-05-12 10:00:00,16,False
XAUUSD.mg,transition_persistence,TRANSITION_PERSISTENCE,991,LONG,2025-05-12 22:00:00,16,False
XAUUSD.mg,transition_persistence,TRANSITION_PERSISTENCE,992,SHORT,2025-05-13 02:00:00,16,False
XAUUSD.mg,balance_stability,BALANCE_STABILITY,993,LONG,2025-05-13 18:00:00,10,True
XAUUSD.mg,balance_stability,BALANCE_STABILITY,993,SHORT,2025-05-13 18:00:00,10,True
XAUUSD.mg,state_reinforcement,STATE_REINFORCEMENT,994,SHORT,2025-05-14 20:00:00,16,False
XAUUSD.mg,transition_persistence,TRANSITION_PERSISTENCE,995,LONG,2025-05-16 00:00:00,16,False
XAUUSD.mg,state_reinforcement,STATE_REINFORCEMENT,996,SHORT,2025-05-16 08:00:00,16,False
XAUUSD.mg,transition_persistence,TRANSITION_PERSISTENCE,997,SHORT,2025-05-16 22:00:00,16,False
XAUUSD.mg,transition_persistence,TRANSITION_PERSISTENCE,998,LONG,2025-05-19 00:00:00,16,False
XAUUSD.mg,balance_stability,BALANCE_STABILITY,999,LONG,2025-05-20 02:00:00,10,True
XAUUSD.mg,balance_stability,BALANCE_STABILITY,999,SHORT,2025-05-20 02:00:00,10,True
XAUUSD.mg,state_reinforcement,STATE_REINFORCEMENT,1000,LONG,2025-05-20 18:00:00,16,False
XAUUSD.mg,state_reinforcement,STATE_REINFORCEMENT,1002,LONG,2025-05-21 20:00:00,16,False
XAUUSD.mg,transition_persistence,TRANSITION_PERSISTENCE,1003,LONG,2025-05-22 06:00:00,16,False
XAUUSD.mg,state_reinforcement,STATE_REINFORCEMENT,1004,LONG,2025-05-23 18:00:00,16,False
XAUUSD.mg,balance_stability,BALANCE_STABILITY,1005,LONG,2025-05-26 14:00:00,10,True
XAUUSD.mg,balance_stability,BALANCE_STABILITY,1005,SHORT,2025-05-26 14:00:00,10,True
XAUUSD.mg,transition_persistence,TRANSITION_PERSISTENCE,1006,LONG,2025-05-27 22:00:00,16,False
XAUUSD.mg,transition_persistence,TRANSITION_PERSISTENCE,1007,SHORT,2025-05-28 22:00:00,16,False
XAUUSD.mg,transition_persistence,TRANSITION_PERSISTENCE,1008,LONG,2025-05-29 22:00:00,16,False
XAUUSD.mg,transition_persistence,TRANSITION_PERSISTENCE,1009,SHORT,2025-05-30 06:00:00,16,False
XAUUSD.mg,state_reinforcement,STATE_REINFORCEMENT,1010,SHORT,2025-05-30 18:00:00,16,False
XAUUSD.mg,transition_persistence,TRANSITION_PERSISTENCE,1012,SHORT,2025-05-30 22:00:00,16,False
XAUUSD.mg,balance_stability,BALANCE_STABILITY,1013,LONG,2025-06-02 02:00:00,10,True
XAUUSD.mg,balance_stability,BALANCE_STABILITY,1013,SHORT,2025-06-02 02:00:00,10,True
XAUUSD.mg,state_reinforcement,STATE_REINFORCEMENT,1014,LONG,2025-06-03 02:00:00,16,False
XAUUSD.mg,transition_persistence,TRANSITION_PERSISTENCE,1015,SHORT,2025-06-03 22:00:00,16,False
XAUUSD.mg,transition_persistence,TRANSITION_PERSISTENCE,1017,LONG,2025-06-04 04:00:00,16,False
XAUUSD.mg,balance_stability,BALANCE_STABILITY,1018,LONG,2025-06-04 14:00:00,10,True
XAUUSD.mg,balance_stability,BALANCE_STABILITY,1018,SHORT,2025-06-04 14:00:00,10,True
XAUUSD.mg,transition_persistence,TRANSITION_PERSISTENCE,1019,SHORT,2025-06-05 22:00:00,16,False
XAUUSD.mg,balance_stability,BALANCE_STABILITY,1020,LONG,2025-06-06 02:00:00,10,True
XAUUSD.mg,balance_stability,BALANCE_STABILITY,1020,SHORT,2025-06-06 02:00:00,10,True
XAUUSD.mg,transition_persistence,TRANSITION_PERSISTENCE,1021,SHORT,2025-06-06 22:00:00,16,False
XAUUSD.mg,transition_persistence,TRANSITION_PERSISTENCE,1022,LONG,2025-06-09 14:00:00,16,False
XAUUSD.mg,state_reinforcement,STATE_REINFORCEMENT,1023,LONG,2025-06-12 02:00:00,16,False
XAUUSD.mg,transition_persistence,TRANSITION_PERSISTENCE,1024,LONG,2025-06-12 10:00:00,16,False
XAUUSD.mg,state_reinforcement,STATE_REINFORCEMENT,1025,LONG,2025-06-13 18:00:00,16,False
XAUUSD.mg,transition_persistence,TRANSITION_PERSISTENCE,1026,SHORT,2025-06-16 22:00:00,16,False
XAUUSD.mg,transition_persistence,TRANSITION_PERSISTENCE,1027,LONG,2025-06-17 02:00:00,16,False
XAUUSD.mg,transition_persistence,TRANSITION_PERSISTENCE,1028,SHORT,2025-06-17 04:00:00,16,False
XAUUSD.mg,balance_stability,BALANCE_STABILITY,1030,LONG,2025-06-17 20:00:00,10,True
XAUUSD.mg,balance_stability,BALANCE_STABILITY,1030,SHORT,2025-06-17 20:00:00,10,True
XAUUSD.mg,transition_persistence,TRANSITION_PERSISTENCE,1031,SHORT,2025-06-18 22:00:00,16,False
XAUUSD.mg,balance_stability,BALANCE_STABILITY,1032,LONG,2025-06-20 00:00:00,10,True
XAUUSD.mg,balance_stability,BALANCE_STABILITY,1032,SHORT,2025-06-20 00:00:00,10,True
XAUUSD.mg,transition_persistence,TRANSITION_PERSISTENCE,1033,SHORT,2025-06-20 10:00:00,16,False
XAUUSD.mg,transition_persistence,TRANSITION_PERSISTENCE,1034,LONG,2025-06-20 20:00:00,16,False
XAUUSD.mg,balance_stability,BALANCE_STABILITY,1035,LONG,2025-06-23 00:00:00,10,True
XAUUSD.mg,balance_stability,BALANCE_STABILITY,1035,SHORT,2025-06-23 00:00:00,10,True
XAUUSD.mg,balance_stability,BALANCE_STABILITY,1036,LONG,2025-06-23 10:00:00,10,True
XAUUSD.mg,balance_stability,BALANCE_STABILITY,1036,SHORT,2025-06-23 10:00:00,10,True
XAUUSD.mg,transition_persistence,TRANSITION_PERSISTENCE,1037,SHORT,2025-06-24 02:00:00,16,False
XAUUSD.mg,transition_persistence,TRANSITION_PERSISTENCE,1038,LONG,2025-06-24 22:00:00,16,False
XAUUSD.mg,balance_stability,BALANCE_STABILITY,1039,LONG,2025-06-25 22:00:00,10,True
XAUUSD.mg,balance_stability,BALANCE_STABILITY,1039,SHORT,2025-06-25 22:00:00,10,True
XAUUSD.mg,transition_persistence,TRANSITION_PERSISTENCE,1040,LONG,2025-06-26 10:00:00,16,False
XAUUSD.mg,balance_stability,BALANCE_STABILITY,1041,LONG,2025-06-26 18:00:00,10,True
XAUUSD.mg,balance_stability,BALANCE_STABILITY,1041,SHORT,2025-06-26 18:00:00,10,True
XAUUSD.mg,transition_persistence,TRANSITION_PERSISTENCE,1042,SHORT,2025-06-27 00:00:00,16,False
XAUUSD.mg,state_reinforcement,STATE_REINFORCEMENT,1043,SHORT,2025-06-27 12:00:00,16,False
XAUUSD.mg,transition_persistence,TRANSITION_PERSISTENCE,1044,SHORT,2025-06-27 22:00:00,16,False
XAUUSD.mg,balance_stability,BALANCE_STABILITY,1046,LONG,2025-06-30 12:00:00,10,True
XAUUSD.mg,balance_stability,BALANCE_STABILITY,1046,SHORT,2025-06-30 12:00:00,10,True
XAUUSD.mg,transition_persistence,TRANSITION_PERSISTENCE,1047,LONG,2025-06-30 22:00:00,16,False
XAUUSD.mg,state_reinforcement,STATE_REINFORCEMENT,1048,LONG,2025-07-01 04:00:00,16,False
XAUUSD.mg,state_reinforcement,STATE_REINFORCEMENT,1049,SHORT,2025-07-01 20:00:00,16,False
XAUUSD.mg,transition_persistence,TRANSITION_PERSISTENCE,1050,SHORT,2025-07-02 02:00:00,16,False
XAUUSD.mg,transition_persistence,TRANSITION_PERSISTENCE,1052,LONG,2025-07-02 22:00:00,16,False
XAUUSD.mg,transition_persistence,TRANSITION_PERSISTENCE,1053,SHORT,2025-07-03 08:00:00,16,False
XAUUSD.mg,state_reinforcement,STATE_REINFORCEMENT,1054,SHORT,2025-07-07 12:00:00,16,False
XAUUSD.mg,transition_persistence,TRANSITION_PERSISTENCE,1056,LONG,2025-07-07 16:00:00,16,False
XAUUSD.mg,balance_stability,BALANCE_STABILITY,1057,LONG,2025-07-08 00:00:00,10,True
XAUUSD.mg,balance_stability,BALANCE_STABILITY,1057,SHORT,2025-07-08 00:00:00,10,True
XAUUSD.mg,transition_persistence,TRANSITION_PERSISTENCE,1058,SHORT,2025-07-08 22:00:00,16,False
XAUUSD.mg,transition_persistence,TRANSITION_PERSISTENCE,1059,LONG,2025-07-09 22:00:00,16,False
XAUUSD.mg,state_reinforcement,STATE_REINFORCEMENT,1060,LONG,2025-07-10 10:00:00,16,False
XAUUSD.mg,transition_persistence,TRANSITION_PERSISTENCE,1061,LONG,2025-07-10 16:00:00,16,False
XAUUSD.mg,transition_persistence,TRANSITION_PERSISTENCE,1062,SHORT,2025-07-10 18:00:00,16,False
XAUUSD.mg,balance_stability,BALANCE_STABILITY,1063,LONG,2025-07-11 00:00:00,10,True
XAUUSD.mg,balance_stability,BALANCE_STABILITY,1063,SHORT,2025-07-11 00:00:00,10,True
XAUUSD.mg,transition_persistence,TRANSITION_PERSISTENCE,1064,LONG,2025-07-11 22:00:00,16,False
XAUUSD.mg,state_reinforcement,STATE_REINFORCEMENT,1065,LONG,2025-07-14 06:00:00,16,False
XAUUSD.mg,transition_persistence,TRANSITION_PERSISTENCE,1066,SHORT,2025-07-14 22:00:00,16,False
XAUUSD.mg,state_reinforcement,STATE_REINFORCEMENT,1067,LONG,2025-07-16 08:00:00,16,False
XAUUSD.mg,balance_stability,BALANCE_STABILITY,1068,LONG,2025-07-17 02:00:00,10,True
XAUUSD.mg,balance_stability,BALANCE_STABILITY,1068,SHORT,2025-07-17 02:00:00,10,True
XAUUSD.mg,transition_persistence,TRANSITION_PERSISTENCE,1069,SHORT,2025-07-17 16:00:00,16,False
XAUUSD.mg,transition_persistence,TRANSITION_PERSISTENCE,1070,LONG,2025-07-17 20:00:00,16,False
XAUUSD.mg,balance_stability,BALANCE_STABILITY,1071,LONG,2025-07-18 00:00:00,10,True
XAUUSD.mg,balance_stability,BALANCE_STABILITY,1071,SHORT,2025-07-18 00:00:00,10,True
XAUUSD.mg,state_reinforcement,STATE_REINFORCEMENT,1072,LONG,2025-07-18 16:00:00,16,False
XAUUSD.mg,transition_persistence,TRANSITION_PERSISTENCE,1073,SHORT,2025-07-18 20:00:00,16,False
XAUUSD.mg,transition_persistence,TRANSITION_PERSISTENCE,1074,LONG,2025-07-21 22:00:00,16,False
XAUUSD.mg,transition_persistence,TRANSITION_PERSISTENCE,1075,SHORT,2025-07-22 04:00:00,16,False
XAUUSD.mg,state_reinforcement,STATE_REINFORCEMENT,1076,LONG,2025-07-22 20:00:00,16,False
XAUUSD.mg,state_reinforcement,STATE_REINFORCEMENT,1077,SHORT,2025-07-23 04:00:00,16,False
XAUUSD.mg,transition_persistence,TRANSITION_PERSISTENCE,1078,LONG,2025-07-24 20:00:00,16,False
XAUUSD.mg,state_reinforcement,STATE_REINFORCEMENT,1079,SHORT,2025-07-25 14:00:00,16,False
XAUUSD.mg,transition_persistence,TRANSITION_PERSISTENCE,1080,SHORT,2025-07-25 22:00:00,16,False
XAUUSD.mg,transition_persistence,TRANSITION_PERSISTENCE,1081,LONG,2025-07-29 06:00:00,16,False
XAUUSD.mg,balance_stability,BALANCE_STABILITY,1082,LONG,2025-07-30 08:00:00,10,True
XAUUSD.mg,balance_stability,BALANCE_STABILITY,1082,SHORT,2025-07-30 08:00:00,10,True
XAUUSD.mg,transition_persistence,TRANSITION_PERSISTENCE,1083,SHORT,2025-07-30 22:00:00,16,False
XAUUSD.mg,state_reinforcement,STATE_REINFORCEMENT,1084,LONG,2025-08-01 18:00:00,16,False
XAUUSD.mg,transition_persistence,TRANSITION_PERSISTENCE,1085,SHORT,2025-08-04 10:00:00,16,False
XAUUSD.mg,transition_persistence,TRANSITION_PERSISTENCE,1086,LONG,2025-08-05 00:00:00,16,False
XAUUSD.mg,transition_persistence,TRANSITION_PERSISTENCE,1087,SHORT,2025-08-05 02:00:00,16,False
XAUUSD.mg,transition_persistence,TRANSITION_PERSISTENCE,1089,SHORT,2025-08-05 14:00:00,16,False
XAUUSD.mg,balance_stability,BALANCE_STABILITY,1090,LONG,2025-08-06 00:00:00,10,True
XAUUSD.mg,balance_stability,BALANCE_STABILITY,1090,SHORT,2025-08-06 00:00:00,10,True
XAUUSD.mg,transition_persistence,TRANSITION_PERSISTENCE,1091,LONG,2025-08-07 10:00:00,16,False
XAUUSD.mg,balance_stability,BALANCE_STABILITY,1092,LONG,2025-08-08 06:00:00,10,True
XAUUSD.mg,balance_stability,BALANCE_STABILITY,1092,SHORT,2025-08-08 06:00:00,10,True
XAUUSD.mg,transition_persistence,TRANSITION_PERSISTENCE,1093,LONG,2025-08-08 08:00:00,16,False
XAUUSD.mg,balance_stability,BALANCE_STABILITY,1094,LONG,2025-08-08 14:00:00,10,True
XAUUSD.mg,balance_stability,BALANCE_STABILITY,1094,SHORT,2025-08-08 14:00:00,10,True
XAUUSD.mg,balance_stability,BALANCE_STABILITY,1095,LONG,2025-08-08 18:00:00,10,True
XAUUSD.mg,balance_stability,BALANCE_STABILITY,1095,SHORT,2025-08-08 18:00:00,10,True
XAUUSD.mg,balance_stability,BALANCE_STABILITY,1096,LONG,2025-08-11 00:00:00,10,True
XAUUSD.mg,balance_stability,BALANCE_STABILITY,1096,SHORT,2025-08-11 00:00:00,10,True
XAUUSD.mg,balance_stability,BALANCE_STABILITY,1097,LONG,2025-08-11 06:00:00,10,True
XAUUSD.mg,balance_stability,BALANCE_STABILITY,1097,SHORT,2025-08-11 06:00:00,10,True
XAUUSD.mg,transition_persistence,TRANSITION_PERSISTENCE,1098,SHORT,2025-08-12 00:00:00,16,False
XAUUSD.mg,balance_stability,BALANCE_STABILITY,1099,LONG,2025-08-12 06:00:00,10,True
XAUUSD.mg,balance_stability,BALANCE_STABILITY,1099,SHORT,2025-08-12 06:00:00,10,True
XAUUSD.mg,transition_persistence,TRANSITION_PERSISTENCE,1100,LONG,2025-08-13 18:00:00,16,False
XAUUSD.mg,transition_persistence,TRANSITION_PERSISTENCE,1101,SHORT,2025-08-13 22:00:00,16,False
XAUUSD.mg,balance_stability,BALANCE_STABILITY,1103,LONG,2025-08-14 12:00:00,10,True
XAUUSD.mg,balance_stability,BALANCE_STABILITY,1103,SHORT,2025-08-14 12:00:00,10,True
XAUUSD.mg,transition_persistence,TRANSITION_PERSISTENCE,1104,LONG,2025-08-18 12:00:00,16,False
XAUUSD.mg,transition_persistence,TRANSITION_PERSISTENCE,1105,SHORT,2025-08-18 14:00:00,16,False
XAUUSD.mg,state_reinforcement,STATE_REINFORCEMENT,1106,LONG,2025-08-20 18:00:00,16,False
XAUUSD.mg,state_reinforcement,STATE_REINFORCEMENT,1107,SHORT,2025-08-21 02:00:00,16,False
XAUUSD.mg,transition_persistence,TRANSITION_PERSISTENCE,1108,LONG,2025-08-22 22:00:00,16,False
XAUUSD.mg,transition_persistence,TRANSITION_PERSISTENCE,1110,SHORT,2025-08-25 06:00:00,16,False
XAUUSD.mg,balance_stability,BALANCE_STABILITY,1111,LONG,2025-08-25 20:00:00,10,True
XAUUSD.mg,balance_stability,BALANCE_STABILITY,1111,SHORT,2025-08-25 20:00:00,10,True
XAUUSD.mg,transition_persistence,TRANSITION_PERSISTENCE,1112,LONG,2025-08-26 22:00:00,16,False
XAUUSD.mg,transition_persistence,TRANSITION_PERSISTENCE,1113,SHORT,2025-08-27 08:00:00,16,False
XAUUSD.mg,state_reinforcement,STATE_REINFORCEMENT,1115,LONG,2025-08-28 16:00:00,16,False
XAUUSD.mg,transition_persistence,TRANSITION_PERSISTENCE,1116,LONG,2025-08-29 00:00:00,16,False
XAUUSD.mg,transition_persistence,TRANSITION_PERSISTENCE,1117,SHORT,2025-08-29 06:00:00,16,False
XAUUSD.mg,state_reinforcement,STATE_REINFORCEMENT,1118,LONG,2025-08-29 18:00:00,16,False
XAUUSD.mg,transition_persistence,TRANSITION_PERSISTENCE,1119,LONG,2025-09-01 10:00:00,16,False
XAUUSD.mg,transition_persistence,TRANSITION_PERSISTENCE,1121,SHORT,2025-09-03 08:00:00,16,False
XAUUSD.mg,transition_persistence,TRANSITION_PERSISTENCE,1122,LONG,2025-09-03 10:00:00,16,False
XAUUSD.mg,transition_persistence,TRANSITION_PERSISTENCE,1123,SHORT,2025-09-04 08:00:00,16,False
XAUUSD.mg,balance_stability,BALANCE_STABILITY,1124,LONG,2025-09-05 10:00:00,10,True
XAUUSD.mg,balance_stability,BALANCE_STABILITY,1124,SHORT,2025-09-05 10:00:00,10,True
XAUUSD.mg,state_reinforcement,STATE_REINFORCEMENT,1125,LONG,2025-09-05 18:00:00,16,False
XAUUSD.mg,transition_persistence,TRANSITION_PERSISTENCE,1126,LONG,2025-09-08 00:00:00,16,False
XAUUSD.mg,transition_persistence,TRANSITION_PERSISTENCE,1127,SHORT,2025-09-08 02:00:00,16,False
XAUUSD.mg,state_reinforcement,STATE_REINFORCEMENT,1128,LONG,2025-09-08 16:00:00,16,False
XAUUSD.mg,transition_persistence,TRANSITION_PERSISTENCE,1129,LONG,2025-09-09 12:00:00,16,False
XAUUSD.mg,transition_persistence,TRANSITION_PERSISTENCE,1131,SHORT,2025-09-09 18:00:00,16,False
XAUUSD.mg,balance_stability,BALANCE_STABILITY,1132,LONG,2025-09-11 00:00:00,10,True
XAUUSD.mg,balance_stability,BALANCE_STABILITY,1132,SHORT,2025-09-11 00:00:00,10,True
XAUUSD.mg,transition_persistence,TRANSITION_PERSISTENCE,1133,SHORT,2025-09-11 14:00:00,16,False
XAUUSD.mg,balance_stability,BALANCE_STABILITY,1134,LONG,2025-09-11 18:00:00,10,True
XAUUSD.mg,balance_stability,BALANCE_STABILITY,1134,SHORT,2025-09-11 18:00:00,10,True
XAUUSD.mg,transition_persistence,TRANSITION_PERSISTENCE,1135,LONG,2025-09-11 20:00:00,16,False
XAUUSD.mg,balance_stability,BALANCE_STABILITY,1136,LONG,2025-09-12 00:00:00,10,True
XAUUSD.mg,balance_stability,BALANCE_STABILITY,1136,SHORT,2025-09-12 00:00:00,10,True
XAUUSD.mg,state_reinforcement,STATE_REINFORCEMENT,1137,LONG,2025-09-12 08:00:00,16,False
XAUUSD.mg,transition_persistence,TRANSITION_PERSISTENCE,1138,SHORT,2025-09-12 16:00:00,16,False
XAUUSD.mg,balance_stability,BALANCE_STABILITY,1139,LONG,2025-09-12 22:00:00,10,True
XAUUSD.mg,balance_stability,BALANCE_STABILITY,1139,SHORT,2025-09-12 22:00:00,10,True
XAUUSD.mg,state_reinforcement,STATE_REINFORCEMENT,1140,LONG,2025-09-15 18:00:00,16,False
XAUUSD.mg,transition_persistence,TRANSITION_PERSISTENCE,1141,LONG,2025-09-15 22:00:00,16,False
XAUUSD.mg,transition_persistence,TRANSITION_PERSISTENCE,1143,LONG,2025-09-16 06:00:00,16,False
XAUUSD.mg,balance_stability,BALANCE_STABILITY,1144,LONG,2025-09-16 22:00:00,10,True
XAUUSD.mg,balance_stability,BALANCE_STABILITY,1144,SHORT,2025-09-16 22:00:00,10,True
XAUUSD.mg,transition_persistence,TRANSITION_PERSISTENCE,1146,LONG,2025-09-17 16:00:00,16,False
XAUUSD.mg,balance_stability,BALANCE_STABILITY,1147,LONG,2025-09-18 12:00:00,10,True
XAUUSD.mg,balance_stability,BALANCE_STABILITY,1147,SHORT,2025-09-18 12:00:00,10,True
XAUUSD.mg,state_reinforcement,STATE_REINFORCEMENT,1148,LONG,2025-09-19 18:00:00,16,False
XAUUSD.mg,transition_persistence,TRANSITION_PERSISTENCE,1149,LONG,2025-09-23 08:00:00,16,False
XAUUSD.mg,balance_stability,BALANCE_STABILITY,1150,LONG,2025-09-23 22:00:00,10,True
XAUUSD.mg,balance_stability,BALANCE_STABILITY,1150,SHORT,2025-09-23 22:00:00,10,True
XAUUSD.mg,transition_persistence,TRANSITION_PERSISTENCE,1151,SHORT,2025-09-25 00:00:00,16,False
XAUUSD.mg,balance_stability,BALANCE_STABILITY,1152,LONG,2025-09-25 18:00:00,10,True
XAUUSD.mg,balance_stability,BALANCE_STABILITY,1152,SHORT,2025-09-25 18:00:00,10,True
XAUUSD.mg,state_reinforcement,STATE_REINFORCEMENT,1153,LONG,2025-09-26 18:00:00,16,False
XAUUSD.mg,transition_persistence,TRANSITION_PERSISTENCE,1154,LONG,2025-09-26 22:00:00,16,False
XAUUSD.mg,state_reinforcement,STATE_REINFORCEMENT,1155,LONG,2025-09-29 10:00:00,16,False
XAUUSD.mg,transition_persistence,TRANSITION_PERSISTENCE,1156,LONG,2025-09-29 22:00:00,16,False
XAUUSD.mg,state_reinforcement,STATE_REINFORCEMENT,1157,LONG,2025-09-30 06:00:00,16,False
XAUUSD.mg,transition_persistence,TRANSITION_PERSISTENCE,1158,LONG,2025-09-30 08:00:00,16,False
XAUUSD.mg,transition_persistence,TRANSITION_PERSISTENCE,1159,SHORT,2025-09-30 16:00:00,16,False
XAUUSD.mg,transition_persistence,TRANSITION_PERSISTENCE,1160,LONG,2025-09-30 22:00:00,16,False
XAUUSD.mg,balance_stability,BALANCE_STABILITY,1161,LONG,2025-10-01 20:00:00,10,True
XAUUSD.mg,balance_stability,BALANCE_STABILITY,1161,SHORT,2025-10-01 20:00:00,10,True
XAUUSD.mg,transition_persistence,TRANSITION_PERSISTENCE,1162,SHORT,2025-10-02 02:00:00,16,False
XAUUSD.mg,transition_persistence,TRANSITION_PERSISTENCE,1163,LONG,2025-10-03 06:00:00,16,False
XAUUSD.mg,state_reinforcement,STATE_REINFORCEMENT,1164,LONG,2025-10-06 18:00:00,16,False
XAUUSD.mg,transition_persistence,TRANSITION_PERSISTENCE,1165,LONG,2025-10-06 22:00:00,16,False
XAUUSD.mg,balance_stability,BALANCE_STABILITY,1166,LONG,2025-10-07 10:00:00,10,True
XAUUSD.mg,balance_stability,BALANCE_STABILITY,1166,SHORT,2025-10-07 10:00:00,10,True
XAUUSD.mg,transition_persistence,TRANSITION_PERSISTENCE,1167,SHORT,2025-10-07 16:00:00,16,False
XAUUSD.mg,transition_persistence,TRANSITION_PERSISTENCE,1168,LONG,2025-10-08 00:00:00,16,False
XAUUSD.mg,state_reinforcement,STATE_REINFORCEMENT,1169,LONG,2025-10-08 16:00:00,16,False
XAUUSD.mg,balance_stability,BALANCE_STABILITY,1170,LONG,2025-10-09 04:00:00,10,True
XAUUSD.mg,balance_stability,BALANCE_STABILITY,1170,SHORT,2025-10-09 04:00:00,10,True
XAUUSD.mg,transition_persistence,TRANSITION_PERSISTENCE,1171,SHORT,2025-10-09 22:00:00,16,False
XAUUSD.mg,transition_persistence,TRANSITION_PERSISTENCE,1172,LONG,2025-10-10 06:00:00,16,False
XAUUSD.mg,transition_persistence,TRANSITION_PERSISTENCE,1173,SHORT,2025-10-10 08:00:00,16,False
XAUUSD.mg,balance_stability,BALANCE_STABILITY,1174,LONG,2025-10-10 18:00:00,10,True
XAUUSD.mg,balance_stability,BALANCE_STABILITY,1174,SHORT,2025-10-10 18:00:00,10,True
XAUUSD.mg,transition_persistence,TRANSITION_PERSISTENCE,1175,LONG,2025-10-13 02:00:00,16,False
XAUUSD.mg,state_reinforcement,STATE_REINFORCEMENT,1176,LONG,2025-10-14 02:00:00,16,False
XAUUSD.mg,transition_persistence,TRANSITION_PERSISTENCE,1177,LONG,2025-10-14 06:00:00,16,False
XAUUSD.mg,transition_persistence,TRANSITION_PERSISTENCE,1178,SHORT,2025-10-14 14:00:00,16,False
XAUUSD.mg,transition_persistence,TRANSITION_PERSISTENCE,1179,LONG,2025-10-14 18:00:00,16,False
XAUUSD.mg,balance_stability,BALANCE_STABILITY,1180,LONG,2025-10-14 22:00:00,10,True
XAUUSD.mg,balance_stability,BALANCE_STABILITY,1180,SHORT,2025-10-14 22:00:00,10,True
XAUUSD.mg,transition_persistence,TRANSITION_PERSISTENCE,1181,LONG,2025-10-15 22:00:00,16,False
XAUUSD.mg,state_reinforcement,STATE_REINFORCEMENT,1182,LONG,2025-10-16 18:00:00,16,False
XAUUSD.mg,transition_persistence,TRANSITION_PERSISTENCE,1183,LONG,2025-10-17 02:00:00,16,False
XAUUSD.mg,transition_persistence,TRANSITION_PERSISTENCE,1184,SHORT,2025-10-20 00:00:00,16,False
XAUUSD.mg,state_reinforcement,STATE_REINFORCEMENT,1185,LONG,2025-10-20 18:00:00,16,False
XAUUSD.mg,transition_persistence,TRANSITION_PERSISTENCE,1186,LONG,2025-10-20 22:00:00,16,False
XAUUSD.mg,transition_persistence,TRANSITION_PERSISTENCE,1187,SHORT,2025-10-21 04:00:00,16,False
XAUUSD.mg,balance_stability,BALANCE_STABILITY,1188,LONG,2025-10-22 20:00:00,10,True
XAUUSD.mg,balance_stability,BALANCE_STABILITY,1188,SHORT,2025-10-22 20:00:00,10,True
XAUUSD.mg,transition_persistence,TRANSITION_PERSISTENCE,1189,SHORT,2025-10-24 02:00:00,16,False
XAUUSD.mg,state_reinforcement,STATE_REINFORCEMENT,1190,SHORT,2025-10-24 12:00:00,16,False
XAUUSD.mg,transition_persistence,TRANSITION_PERSISTENCE,1191,SHORT,2025-10-24 14:00:00,16,False
XAUUSD.mg,transition_persistence,TRANSITION_PERSISTENCE,1192,LONG,2025-10-24 18:00:00,16,False
XAUUSD.mg,transition_persistence,TRANSITION_PERSISTENCE,1193,SHORT,2025-10-27 04:00:00,16,False
XAUUSD.mg,transition_persistence,TRANSITION_PERSISTENCE,1194,LONG,2025-10-28 04:00:00,16,False
XAUUSD.mg,transition_persistence,TRANSITION_PERSISTENCE,1195,SHORT,2025-10-28 16:00:00,16,False
XAUUSD.mg,transition_persistence,TRANSITION_PERSISTENCE,1196,LONG,2025-10-28 20:00:00,16,False
XAUUSD.mg,transition_persistence,TRANSITION_PERSISTENCE,1197,SHORT,2025-10-29 22:00:00,16,False
XAUUSD.mg,transition_persistence,TRANSITION_PERSISTENCE,1198,LONG,2025-10-30 22:00:00,16,False
XAUUSD.mg,transition_persistence,TRANSITION_PERSISTENCE,1200,SHORT,2025-10-31 08:00:00,16,False
XAUUSD.mg,balance_stability,BALANCE_STABILITY,1201,LONG,2025-10-31 20:00:00,10,True
XAUUSD.mg,balance_stability,BALANCE_STABILITY,1201,SHORT,2025-10-31 20:00:00,10,True
XAUUSD.mg,transition_persistence,TRANSITION_PERSISTENCE,1202,SHORT,2025-11-04 08:00:00,16,False
XAUUSD.mg,state_reinforcement,STATE_REINFORCEMENT,1203,LONG,2025-11-06 12:00:00,16,False
XAUUSD.mg,transition_persistence,TRANSITION_PERSISTENCE,1204,SHORT,2025-11-06 16:00:00,16,False
XAUUSD.mg,transition_persistence,TRANSITION_PERSISTENCE,1205,LONG,2025-11-07 04:00:00,16,False
XAUUSD.mg,balance_stability,BALANCE_STABILITY,1206,LONG,2025-11-11 22:00:00,10,True
XAUUSD.mg,balance_stability,BALANCE_STABILITY,1206,SHORT,2025-11-11 22:00:00,10,True
XAUUSD.mg,state_reinforcement,STATE_REINFORCEMENT,1207,LONG,2025-11-12 20:00:00,16,False
XAUUSD.mg,transition_persistence,TRANSITION_PERSISTENCE,1208,LONG,2025-11-12 22:00:00,16,False
XAUUSD.mg,state_reinforcement,STATE_REINFORCEMENT,1209,LONG,2025-11-13 08:00:00,16,False
XAUUSD.mg,transition_persistence,TRANSITION_PERSISTENCE,1210,SHORT,2025-11-13 18:00:00,16,False
XAUUSD.mg,balance_stability,BALANCE_STABILITY,1211,LONG,2025-11-14 08:00:00,10,True
XAUUSD.mg,balance_stability,BALANCE_STABILITY,1211,SHORT,2025-11-14 08:00:00,10,True
XAUUSD.mg,transition_persistence,TRANSITION_PERSISTENCE,1212,LONG,2025-11-14 10:00:00,16,False
XAUUSD.mg,state_reinforcement,STATE_REINFORCEMENT,1213,SHORT,2025-11-14 18:00:00,16,False
XAUUSD.mg,transition_persistence,TRANSITION_PERSISTENCE,1214,SHORT,2025-11-17 22:00:00,16,False
XAUUSD.mg,transition_persistence,TRANSITION_PERSISTENCE,1215,LONG,2025-11-18 08:00:00,16,False
XAUUSD.mg,transition_persistence,TRANSITION_PERSISTENCE,1217,LONG,2025-11-18 12:00:00,16,False
XAUUSD.mg,state_reinforcement,STATE_REINFORCEMENT,1218,LONG,2025-11-19 10:00:00,16,False
XAUUSD.mg,transition_persistence,TRANSITION_PERSISTENCE,1219,LONG,2025-11-19 16:00:00,16,False
XAUUSD.mg,transition_persistence,TRANSITION_PERSISTENCE,1220,SHORT,2025-11-19 18:00:00,16,False
XAUUSD.mg,balance_stability,BALANCE_STABILITY,1221,LONG,2025-11-20 04:00:00,10,True
XAUUSD.mg,balance_stability,BALANCE_STABILITY,1221,SHORT,2025-11-20 04:00:00,10,True
XAUUSD.mg,transition_persistence,TRANSITION_PERSISTENCE,1222,SHORT,2025-11-21 10:00:00,16,False
XAUUSD.mg,transition_persistence,TRANSITION_PERSISTENCE,1223,LONG,2025-11-21 16:00:00,16,False
XAUUSD.mg,balance_stability,BALANCE_STABILITY,1224,LONG,2025-11-21 22:00:00,10,True
XAUUSD.mg,balance_stability,BALANCE_STABILITY,1224,SHORT,2025-11-21 22:00:00,10,True
XAUUSD.mg,balance_stability,BALANCE_STABILITY,1225,LONG,2025-11-24 02:00:00,10,True
XAUUSD.mg,balance_stability,BALANCE_STABILITY,1225,SHORT,2025-11-24 02:00:00,10,True
XAUUSD.mg,balance_stability,BALANCE_STABILITY,1226,LONG,2025-11-24 04:00:00,10,True
XAUUSD.mg,balance_stability,BALANCE_STABILITY,1226,SHORT,2025-11-24 04:00:00,10,True
XAUUSD.mg,state_reinforcement,STATE_REINFORCEMENT,1227,LONG,2025-11-25 00:00:00,16,False
XAUUSD.mg,transition_persistence,TRANSITION_PERSISTENCE,1228,SHORT,2025-11-25 12:00:00,16,False
XAUUSD.mg,transition_persistence,TRANSITION_PERSISTENCE,1229,LONG,2025-11-25 14:00:00,16,False
XAUUSD.mg,balance_stability,BALANCE_STABILITY,1230,LONG,2025-11-25 22:00:00,10,True
XAUUSD.mg,balance_stability,BALANCE_STABILITY,1230,SHORT,2025-11-25 22:00:00,10,True
XAUUSD.mg,transition_persistence,TRANSITION_PERSISTENCE,1231,LONG,2025-11-26 14:00:00,16,False
XAUUSD.mg,transition_persistence,TRANSITION_PERSISTENCE,1232,SHORT,2025-11-27 00:00:00,16,False
XAUUSD.mg,transition_persistence,TRANSITION_PERSISTENCE,1233,LONG,2025-11-27 02:00:00,16,False
XAUUSD.mg,transition_persistence,TRANSITION_PERSISTENCE,1234,SHORT,2025-11-28 14:00:00,16,False
XAUUSD.mg,state_reinforcement,STATE_REINFORCEMENT,1235,LONG,2025-11-28 20:00:00,16,False
XAUUSD.mg,state_reinforcement,STATE_REINFORCEMENT,1236,SHORT,2025-12-01 14:00:00,16,False
XAUUSD.mg,transition_persistence,TRANSITION_PERSISTENCE,1237,SHORT,2025-12-01 16:00:00,16,False
XAUUSD.mg,balance_stability,BALANCE_STABILITY,1238,LONG,2025-12-01 20:00:00,10,True
XAUUSD.mg,balance_stability,BALANCE_STABILITY,1238,SHORT,2025-12-01 20:00:00,10,True
XAUUSD.mg,transition_persistence,TRANSITION_PERSISTENCE,1239,SHORT,2025-12-02 14:00:00,16,False
XAUUSD.mg,transition_persistence,TRANSITION_PERSISTENCE,1240,LONG,2025-12-03 02:00:00,16,False
XAUUSD.mg,transition_persistence,TRANSITION_PERSISTENCE,1241,SHORT,2025-12-03 16:00:00,16,False
XAUUSD.mg,transition_persistence,TRANSITION_PERSISTENCE,1242,LONG,2025-12-04 16:00:00,16,False
XAUUSD.mg,state_reinforcement,STATE_REINFORCEMENT,1243,LONG,2025-12-05 14:00:00,16,False
XAUUSD.mg,transition_persistence,TRANSITION_PERSISTENCE,1244,SHORT,2025-12-05 18:00:00,16,False
XAUUSD.mg,balance_stability,BALANCE_STABILITY,1246,LONG,2025-12-08 22:00:00,10,True
XAUUSD.mg,balance_stability,BALANCE_STABILITY,1246,SHORT,2025-12-08 22:00:00,10,True
XAUUSD.mg,transition_persistence,TRANSITION_PERSISTENCE,1247,LONG,2025-12-11 00:00:00,16,False
XAUUSD.mg,transition_persistence,TRANSITION_PERSISTENCE,1249,SHORT,2025-12-11 10:00:00,16,False
XAUUSD.mg,state_reinforcement,STATE_REINFORCEMENT,1250,LONG,2025-12-11 20:00:00,16,False
XAUUSD.mg,transition_persistence,TRANSITION_PERSISTENCE,1251,LONG,2025-12-11 22:00:00,16,False
XAUUSD.mg,transition_persistence,TRANSITION_PERSISTENCE,1253,LONG,2025-12-12 16:00:00,16,False
XAUUSD.mg,transition_persistence,TRANSITION_PERSISTENCE,1254,SHORT,2025-12-12 22:00:00,16,False
XAUUSD.mg,transition_persistence,TRANSITION_PERSISTENCE,1255,LONG,2025-12-15 04:00:00,16,False
XAUUSD.mg,balance_stability,BALANCE_STABILITY,1256,LONG,2025-12-16 22:00:00,10,True
XAUUSD.mg,balance_stability,BALANCE_STABILITY,1256,SHORT,2025-12-16 22:00:00,10,True
XAUUSD.mg,state_reinforcement,STATE_REINFORCEMENT,1257,LONG,2025-12-22 06:00:00,16,False
XAUUSD.mg,transition_persistence,TRANSITION_PERSISTENCE,1258,LONG,2025-12-22 22:00:00,16,False
XAUUSD.mg,state_reinforcement,STATE_REINFORCEMENT,1259,LONG,2025-12-23 06:00:00,16,False
XAUUSD.mg,state_reinforcement,STATE_REINFORCEMENT,1260,SHORT,2025-12-23 14:00:00,16,False
XAUUSD.mg,transition_persistence,TRANSITION_PERSISTENCE,1261,SHORT,2025-12-23 16:00:00,16,False
XAUUSD.mg,transition_persistence,TRANSITION_PERSISTENCE,1262,LONG,2025-12-24 04:00:00,16,False
XAUUSD.mg,transition_persistence,TRANSITION_PERSISTENCE,1263,SHORT,2025-12-24 10:00:00,16,False
XAUUSD.mg,balance_stability,BALANCE_STABILITY,1264,LONG,2025-12-24 20:00:00,10,True
XAUUSD.mg,balance_stability,BALANCE_STABILITY,1264,SHORT,2025-12-24 20:00:00,10,True
XAUUSD.mg,transition_persistence,TRANSITION_PERSISTENCE,1265,LONG,2025-12-26 18:00:00,16,False
XAUUSD.mg,balance_stability,BALANCE_STABILITY,1266,LONG,2025-12-29 04:00:00,10,True
XAUUSD.mg,balance_stability,BALANCE_STABILITY,1266,SHORT,2025-12-29 04:00:00,10,True
XAUUSD.mg,transition_persistence,TRANSITION_PERSISTENCE,1267,SHORT,2025-12-29 22:00:00,16,False
