symbol,episode_id,setup_family,baseline_id,intent_side,entry_ts,horizon_bars,entry_close,mfe_points,mae_points,mfe_bps,mae_bps,mfe_gt_mae,exit_ts,n_window,is_virtual_pair,ooto_tp_bps,ooto_sl_bps,ooto_outcome
USDCLP.mg,4,transition_persistence,TRANSITION_PERSISTENCE,LONG,2023-01-13 13:00:00,16,823.65,4.649999999999977,7.649999999999977,56.4560189400835,92.879256965944,False,2023-01-17 16:00:00,16,False,,,
USDCLP.mg,6,transition_persistence,TRANSITION_PERSISTENCE,LONG,2023-01-13 16:00:00,16,826.55,1.75,12.25,21.172342870969693,148.20640009678786,False,2023-01-17 20:00:00,16,False,,,
USDCLP.mg,8,transition_persistence,TRANSITION_PERSISTENCE,LONG,2023-01-17 13:00:00,16,823.7,6.199999999999932,16.200000000000045,75.27012261745698,196.6735461940032,False,2023-01-19 14:00:00,16,False,,,
USDCLP.mg,12,transition_persistence,TRANSITION_PERSISTENCE,LONG,2023-01-19 13:00:00,16,828.35,5.149999999999977,19.050000000000068,62.17178728798185,229.9752520070027,False,2023-01-23 15:00:00,16,False,,,
USDCLP.mg,16,transition_persistence,TRANSITION_PERSISTENCE,LONG,2023-01-25 14:00:00,16,804.4,2.800000000000068,8.350000000000023,34.80855295872785,103.80407757334687,False,2023-01-27 15:00:00,16,False,,,
USDCLP.mg,19,transition_persistence,TRANSITION_PERSISTENCE,LONG,2023-01-30 14:00:00,16,809.3,3.6000000000000227,20.399999999999977,44.482886445076275,252.06968985543037,False,2023-02-01 15:00:00,16,False,,,
USDCLP.mg,21,transition_persistence,TRANSITION_PERSISTENCE,LONG,2023-01-31 13:00:00,16,810.4,1.5,31.100000000000023,18.509378084896348,383.76110562685125,False,2023-02-02 14:00:00,16,False,,,
USDCLP.mg,24,transition_persistence,TRANSITION_PERSISTENCE,LONG,2023-02-06 13:00:00,16,804.4,4.7000000000000455,16.299999999999955,58.42864246643518,202.63550472401735,False,2023-02-08 14:00:00,16,False,,,
USDCLP.mg,28,transition_persistence,TRANSITION_PERSISTENCE,LONG,2023-02-09 13:00:00,16,796.35,8.549999999999955,4.550000000000068,107.3648521378785,57.135681547059306,True,2023-02-13 15:00:00,16,False,,,
USDCLP.mg,31,transition_persistence,TRANSITION_PERSISTENCE,LONG,2023-02-10 13:00:00,16,802.8,2.1000000000000227,17.59999999999991,26.15844544095694,219.2326856003975,False,2023-02-14 15:00:00,16,False,,,
USDCLP.mg,33,transition_persistence,TRANSITION_PERSISTENCE,LONG,2023-02-13 20:00:00,16,794.7,2.699999999999932,9.700000000000045,33.975084937711486,122.0586384799301,False,2023-02-16 13:00:00,16,False,,,
USDCLP.mg,35,transition_persistence,TRANSITION_PERSISTENCE,LONG,2023-02-15 13:00:00,16,789.6,11.399999999999977,1.8999999999999773,144.37689969604833,24.062816616007815,True,2023-02-17 14:00:00,16,False,,,
USDCLP.mg,39,transition_persistence,TRANSITION_PERSISTENCE,LONG,2023-02-21 13:00:00,16,797.8,5.400000000000091,5.399999999999977,67.68613687641127,67.68613687640985,True,2023-02-23 14:00:00,16,False,,,
USDCLP.mg,41,transition_persistence,TRANSITION_PERSISTENCE,LONG,2023-02-22 20:00:00,16,800.4,30.5,6.0499999999999545,381.05947026486757,75.58720639680104,True,2023-02-27 14:00:00,16,False,,,
USDCLP.mg,44,transition_persistence,TRANSITION_PERSISTENCE,LONG,2023-03-02 16:00:00,16,813.2,4.099999999999909,16.65000000000009,50.418101328085456,204.7466797835722,False,2023-03-06 19:00:00,16,False,,,
USDCLP.mg,48,transition_persistence,TRANSITION_PERSISTENCE,LONG,2023-03-08 14:00:00,16,801.3,3.800000000000068,7.2999999999999545,47.422937726195784,91.10195931611077,False,2023-03-09 20:00:00,16,False,,,
USDCLP.mg,51,transition_persistence,TRANSITION_PERSISTENCE,LONG,2023-03-13 13:00:00,16,803.4,8.700000000000045,8.449999999999932,108.28976848394382,105.17799352750724,True,2023-03-14 19:00:00,16,False,,,
USDCLP.mg,53,transition_persistence,TRANSITION_PERSISTENCE,LONG,2023-03-13 21:00:00,16,805.1,22.299999999999955,10.149999999999977,276.98422556204144,126.07129549124303,True,2023-03-15 18:00:00,16,False,,,
USDCLP.mg,55,transition_persistence,TRANSITION_PERSISTENCE,LONG,2023-03-14 20:00:00,16,800.7,27.649999999999977,1.1000000000000227,345.32284251280095,13.73797926814066,True,2023-03-16 17:00:00,16,False,,,
USDCLP.mg,61,transition_persistence,TRANSITION_PERSISTENCE,LONG,2023-03-23 21:00:00,16,807.0,8.100000000000023,5.2000000000000455,100.37174721189619,64.43618339529176,True,2023-03-27 19:00:00,16,False,,,
USDCLP.mg,63,transition_persistence,TRANSITION_PERSISTENCE,LONG,2023-03-27 13:00:00,16,810.6,1.0,15.600000000000023,12.33654083395016,192.45003700962278,False,2023-03-28 19:00:00,16,False,,,
USDCLP.mg,66,transition_persistence,TRANSITION_PERSISTENCE,LONG,2023-03-29 20:00:00,16,793.0,0.8999999999999773,9.700000000000045,11.349306431273359,122.32030264817207,False,2023-03-31 17:00:00,16,False,,,
USDCLP.mg,68,transition_persistence,TRANSITION_PERSISTENCE,LONG,2023-03-30 19:00:00,16,789.5,19.399999999999977,6.2000000000000455,245.72514249524988,78.53071564281248,True,2023-04-03 18:00:00,16,False,,,
USDCLP.mg,70,transition_persistence,TRANSITION_PERSISTENCE,LONG,2023-04-03 14:00:00,16,793.8,21.65000000000009,1.5,272.73872511967863,18.89644746787604,True,2023-04-05 14:00:00,16,False,,,
USDCLP.mg,73,transition_persistence,TRANSITION_PERSISTENCE,LONG,2023-04-05 18:00:00,16,810.35,14.649999999999977,1.6000000000000227,180.7860800888502,19.74455482199078,True,2023-04-10 19:00:00,16,False,,,
USDCLP.mg,76,transition_persistence,TRANSITION_PERSISTENCE,LONG,2023-04-06 15:00:00,16,813.2,11.799999999999955,4.25,145.10575504180957,52.26266601082144,True,2023-04-11 17:00:00,16,False,,,
USDCLP.mg,79,transition_persistence,TRANSITION_PERSISTENCE,LONG,2023-04-14 14:00:00,16,797.55,5.4500000000000455,4.0499999999999545,68.3342737132474,50.78051532819202,True,2023-04-17 21:00:00,16,False,,,
USDCLP.mg,81,transition_persistence,TRANSITION_PERSISTENCE,LONG,2023-04-14 16:00:00,16,798.7,4.2999999999999545,5.2000000000000455,53.837485914610674,65.10579691999556,False,2023-04-18 14:00:00,16,False,,,
USDCLP.mg,83,transition_persistence,TRANSITION_PERSISTENCE,LONG,2023-04-17 15:00:00,16,801.05,1.8500000000000227,8.25,23.094688221709294,102.9898258535672,False,2023-04-18 21:00:00,16,False,,,
USDCLP.mg,85,transition_persistence,TRANSITION_PERSISTENCE,LONG,2023-04-18 21:00:00,16,794.85,6.899999999999977,6.149999999999977,86.80883185506671,77.37308926212464,True,2023-04-20 18:00:00,16,False,,,
USDCLP.mg,90,transition_persistence,TRANSITION_PERSISTENCE,LONG,2023-04-20 21:00:00,16,792.5,26.049999999999955,0.7999999999999545,328.7066246056777,10.094637223974189,True,2023-04-24 19:00:00,16,False,,,
USDCLP.mg,92,transition_persistence,TRANSITION_PERSISTENCE,LONG,2023-04-27 22:00:00,16,802.65,7.899999999999977,2.1499999999999773,98.42397059739584,26.786270479037903,True,2023-05-02 20:00:00,16,False,,,
USDCLP.mg,94,transition_persistence,TRANSITION_PERSISTENCE,LONG,2023-05-02 14:00:00,16,807.6,2.949999999999932,6.399999999999977,36.52798415056874,79.24715205547272,False,2023-05-03 20:00:00,16,False,,,
USDCLP.mg,98,transition_persistence,TRANSITION_PERSISTENCE,LONG,2023-05-04 15:00:00,16,803.2,1.3999999999999773,11.200000000000045,17.430278884461867,139.44223107569778,False,2023-05-05 21:00:00,16,False,,,
USDCLP.mg,104,transition_persistence,TRANSITION_PERSISTENCE,LONG,2023-05-10 20:00:00,16,788.5,13.100000000000023,3.3999999999999773,166.13823715916325,43.11984781230155,True,2023-05-12 17:00:00,16,False,,,
USDCLP.mg,106,transition_persistence,TRANSITION_PERSISTENCE,LONG,2023-05-11 14:00:00,16,794.3,7.300000000000068,13.299999999999955,91.90482185572289,167.4430316001505,False,2023-05-12 20:00:00,16,False,,,
USDCLP.mg,110,transition_persistence,TRANSITION_PERSISTENCE,LONG,2023-05-16 14:00:00,16,788.65,15.300000000000068,1.3999999999999773,194.0024091802456,17.751854434793348,True,2023-05-17 20:00:00,16,False,,,
USDCLP.mg,114,transition_persistence,TRANSITION_PERSISTENCE,LONG,2023-05-18 19:00:00,16,796.15,8.300000000000068,3.199999999999932,104.2517113609253,40.193430886138685,True,2023-05-22 17:00:00,16,False,,,
USDCLP.mg,117,transition_persistence,TRANSITION_PERSISTENCE,LONG,2023-05-23 14:00:00,16,802.85,10.699999999999932,5.0,133.2752070747952,62.27813414710095,True,2023-05-24 20:00:00,16,False,,,
USDCLP.mg,124,transition_persistence,TRANSITION_PERSISTENCE,LONG,2023-05-30 20:00:00,16,804.35,10.0,3.5,124.3239883135451,43.51339590974078,True,2023-06-01 17:00:00,16,False,,,
USDCLP.mg,128,transition_persistence,TRANSITION_PERSISTENCE,LONG,2023-06-02 21:00:00,16,798.75,3.2999999999999545,3.6000000000000227,41.31455399060976,45.070422535211556,False,2023-06-06 19:00:00,16,False,,,
USDCLP.mg,130,transition_persistence,TRANSITION_PERSISTENCE,LONG,2023-06-05 19:00:00,16,799.25,2.7999999999999545,7.2999999999999545,35.03284329058435,91.33562715045299,False,2023-06-07 16:00:00,16,False,,,
USDCLP.mg,142,transition_persistence,TRANSITION_PERSISTENCE,LONG,2023-06-09 18:00:00,16,787.95,20.899999999999977,4.75,265.24525667872297,60.28301288152801,True,2023-06-13 16:00:00,16,False,,,
USDCLP.mg,146,transition_persistence,TRANSITION_PERSISTENCE,LONG,2023-06-16 19:00:00,16,794.35,9.899999999999977,2.25,124.63020079310098,28.325045634795742,True,2023-06-20 17:00:00,16,False,,,
USDCLP.mg,148,transition_persistence,TRANSITION_PERSISTENCE,LONG,2023-06-16 21:00:00,16,793.95,10.299999999999955,0.10000000000002274,129.7310913785497,1.2595251590153376,True,2023-06-20 19:00:00,16,False,,,
USDCLP.mg,150,transition_persistence,TRANSITION_PERSISTENCE,LONG,2023-06-29 14:00:00,16,801.55,2.300000000000068,2.7999999999999545,28.694404591105585,34.93231863264868,False,2023-06-30 20:00:00,16,False,,,
USDCLP.mg,152,transition_persistence,TRANSITION_PERSISTENCE,LONG,2023-06-29 22:00:00,16,802.95,0.1999999999999318,6.25,2.4908151192469243,77.83797247649292,False,2023-07-03 20:00:00,16,False,,,
USDCLP.mg,154,transition_persistence,TRANSITION_PERSISTENCE,LONG,2023-07-03 21:00:00,16,797.75,1.6000000000000227,3.8999999999999773,20.056408649326514,48.887496082732405,False,2023-07-05 18:00:00,16,False,,,
USDCLP.mg,159,transition_persistence,TRANSITION_PERSISTENCE,LONG,2023-07-06 14:00:00,16,801.35,6.600000000000023,1.3000000000000682,82.36101578586164,16.22262432145839,True,2023-07-07 20:00:00,16,False,,,
USDCLP.mg,161,transition_persistence,TRANSITION_PERSISTENCE,LONG,2023-07-06 20:00:00,16,801.95,12.399999999999977,0.40000000000009095,154.62310617868917,4.987842134797567,True,2023-07-10 18:00:00,16,False,,,
USDCLP.mg,163,transition_persistence,TRANSITION_PERSISTENCE,LONG,2023-07-07 16:00:00,16,805.75,14.299999999999955,0.7999999999999545,177.47440273037483,9.928637914985474,True,2023-07-11 16:00:00,16,False,,,
USDCLP.mg,165,transition_persistence,TRANSITION_PERSISTENCE,LONG,2023-07-07 18:00:00,16,805.95,14.099999999999909,1.0,174.94881816489743,12.407717600347416,True,2023-07-11 18:00:00,16,False,,,
USDCLP.mg,169,transition_persistence,TRANSITION_PERSISTENCE,LONG,2023-07-17 14:00:00,16,821.05,2.5,7.699999999999932,30.448815541075454,93.78235186651156,False,2023-07-18 20:00:00,16,False,,,
USDCLP.mg,171,transition_persistence,TRANSITION_PERSISTENCE,LONG,2023-07-18 15:00:00,16,817.55,2.4500000000000455,11.0,29.967586080362615,134.54834566693168,False,2023-07-19 21:00:00,16,False,,,
USDCLP.mg,173,transition_persistence,TRANSITION_PERSISTENCE,LONG,2023-07-19 14:00:00,16,814.95,3.099999999999909,12.0,38.03914350573543,147.24829744156082,False,2023-07-20 20:00:00,16,False,,,
USDCLP.mg,176,transition_persistence,TRANSITION_PERSISTENCE,LONG,2023-07-21 15:00:00,16,820.4,9.550000000000068,4.5499999999999545,116.40663091175121,55.46075085324177,True,2023-07-24 22:00:00,16,False,,,
USDCLP.mg,179,transition_persistence,TRANSITION_PERSISTENCE,LONG,2023-07-25 19:00:00,16,829.05,1.5,7.5,18.09299800977022,90.46499004885109,False,2023-07-27 16:00:00,16,False,,,
USDCLP.mg,181,transition_persistence,TRANSITION_PERSISTENCE,LONG,2023-07-25 22:00:00,16,828.45,1.5,6.900000000000091,18.10610175629187,83.28806807894371,False,2023-07-27 19:00:00,16,False,,,
USDCLP.mg,184,transition_persistence,TRANSITION_PERSISTENCE,LONG,2023-07-27 15:00:00,16,823.75,6.0,0.6499999999999773,72.83763277693475,7.890743550834323,True,2023-07-28 21:00:00,16,False,,,
USDCLP.mg,186,transition_persistence,TRANSITION_PERSISTENCE,LONG,2023-07-27 17:00:00,16,825.65,15.899999999999977,2.199999999999932,192.57554653909014,26.645673106036842,True,2023-07-31 15:00:00,16,False,,,
USDCLP.mg,189,transition_persistence,TRANSITION_PERSISTENCE,LONG,2023-07-28 16:00:00,16,826.4,18.649999999999977,2.1000000000000227,225.6776379477248,25.411423039690497,True,2023-08-01 14:00:00,16,False,,,
USDCLP.mg,192,transition_persistence,TRANSITION_PERSISTENCE,LONG,2023-08-01 17:00:00,16,843.25,10.399999999999977,4.2999999999999545,123.3323450933884,50.99318114438132,True,2023-08-03 14:00:00,16,False,,,
USDCLP.mg,196,transition_persistence,TRANSITION_PERSISTENCE,LONG,2023-08-03 14:00:00,16,853.55,5.600000000000023,10.949999999999932,65.60834163200776,128.28773944115673,False,2023-08-04 20:00:00,16,False,,,
USDCLP.mg,199,transition_persistence,TRANSITION_PERSISTENCE,LONG,2023-08-07 14:00:00,16,851.45,16.09999999999991,1.2000000000000455,189.0892007751472,14.09360502671966,True,2023-08-08 20:00:00,16,False,,,
USDCLP.mg,201,transition_persistence,TRANSITION_PERSISTENCE,LONG,2023-08-08 14:00:00,16,863.25,4.2999999999999545,8.0,49.81175789168786,92.6730379380249,False,2023-08-09 20:00:00,16,False,,,
USDCLP.mg,205,transition_persistence,TRANSITION_PERSISTENCE,LONG,2023-08-11 16:00:00,16,850.95,18.09999999999991,3.0,212.7034490863142,35.25471531817381,True,2023-08-16 15:00:00,16,False,,,
USDCLP.mg,210,transition_persistence,TRANSITION_PERSISTENCE,LONG,2023-08-17 14:00:00,16,863.8,8.650000000000091,2.8999999999999773,100.13892104653961,33.57258624681613,True,2023-08-18 20:00:00,16,False,,,
USDCLP.mg,212,transition_persistence,TRANSITION_PERSISTENCE,LONG,2023-08-17 21:00:00,16,867.4,5.050000000000068,4.5,58.219967719622645,51.87917915609869,True,2023-08-21 19:00:00,16,False,,,
USDCLP.mg,214,transition_persistence,TRANSITION_PERSISTENCE,LONG,2023-08-21 18:00:00,16,869.55,1.4500000000000455,8.099999999999909,16.675291817607334,93.15163015352665,False,2023-08-23 15:00:00,16,False,,,
USDCLP.mg,216,transition_persistence,TRANSITION_PERSISTENCE,LONG,2023-08-22 20:00:00,16,868.15,1.8999999999999773,15.649999999999977,21.88561884466944,180.26838679951595,False,2023-08-24 17:00:00,16,False,,,
USDCLP.mg,218,transition_persistence,TRANSITION_PERSISTENCE,LONG,2023-08-23 14:00:00,16,869.15,0.8999999999999773,26.399999999999977,10.3549444859918,303.7450382557669,False,2023-08-24 20:00:00,16,False,,,
USDCLP.mg,220,transition_persistence,TRANSITION_PERSISTENCE,LONG,2023-08-24 14:00:00,16,859.95,0.599999999999909,23.0,6.977149834291633,267.45741031455316,False,2023-08-25 20:00:00,16,False,,,
USDCLP.mg,222,transition_persistence,TRANSITION_PERSISTENCE,LONG,2023-08-24 17:00:00,16,856.8,0.20000000000004547,19.84999999999991,2.334267040149924,231.6760037348262,False,2023-08-28 15:00:00,16,False,,,
USDCLP.mg,224,transition_persistence,TRANSITION_PERSISTENCE,LONG,2023-08-25 20:00:00,16,844.25,17.5,1.4500000000000455,207.28457210541902,17.17500740302097,True,2023-08-29 18:00:00,16,False,,,
USDCLP.mg,226,transition_persistence,TRANSITION_PERSISTENCE,LONG,2023-08-29 15:00:00,16,856.05,5.7000000000000455,5.599999999999909,66.58489574207167,65.41673967641971,True,2023-08-30 21:00:00,16,False,,,
USDCLP.mg,228,transition_persistence,TRANSITION_PERSISTENCE,LONG,2023-08-31 17:00:00,16,852.95,5.2999999999999545,8.200000000000045,62.137288234948755,96.13693651445038,False,2023-09-04 15:00:00,16,False,,,
USDCLP.mg,232,transition_persistence,TRANSITION_PERSISTENCE,LONG,2023-09-01 19:00:00,16,851.05,23.25,2.3999999999999773,273.19193936901473,28.200458257446417,True,2023-09-05 17:00:00,16,False,,,
USDCLP.mg,236,transition_persistence,TRANSITION_PERSISTENCE,LONG,2023-09-06 16:00:00,16,873.8,14.850000000000023,3.7999999999999545,169.94735637445666,43.488212405584285,True,2023-09-08 13:00:00,16,False,,,
USDCLP.mg,238,transition_persistence,TRANSITION_PERSISTENCE,LONG,2023-09-12 14:00:00,16,896.25,6.7999999999999545,14.299999999999955,75.87168758716825,159.55369595536908,False,2023-09-13 20:00:00,16,False,,,
USDCLP.mg,241,transition_persistence,TRANSITION_PERSISTENCE,LONG,2023-09-15 13:00:00,16,888.25,6.600000000000023,8.100000000000023,74.30340557275568,91.19054320292736,False,2023-09-21 15:00:00,16,False,,,
USDCLP.mg,243,transition_persistence,TRANSITION_PERSISTENCE,LONG,2023-09-22 16:00:00,16,888.95,22.049999999999955,1.0,248.0454468755268,11.249226615670173,True,2023-09-27 19:00:00,16,False,,,
USDCLP.mg,249,transition_persistence,TRANSITION_PERSISTENCE,LONG,2023-10-04 19:00:00,16,914.65,8.600000000000023,3.3500000000000227,94.02503689936066,36.62603181544878,True,2023-10-06 16:00:00,16,False,,,
USDCLP.mg,252,transition_persistence,TRANSITION_PERSISTENCE,LONG,2023-10-06 17:00:00,16,916.95,15.099999999999909,2.300000000000068,164.6763727575103,25.08315611538326,True,2023-10-11 15:00:00,16,False,,,
USDCLP.mg,254,transition_persistence,TRANSITION_PERSISTENCE,LONG,2023-10-12 14:00:00,16,927.75,19.200000000000045,3.7999999999999545,206.95230396119695,40.959310158986305,True,2023-10-13 20:00:00,16,False,,,
USDCLP.mg,263,transition_persistence,TRANSITION_PERSISTENCE,LONG,2023-10-19 21:00:00,16,940.45,8.599999999999909,9.400000000000091,91.44558456058172,99.95215056621926,False,2023-10-23 19:00:00,16,False,,,
USDCLP.mg,265,transition_persistence,TRANSITION_PERSISTENCE,LONG,2023-10-20 14:00:00,16,945.85,3.199999999999932,14.800000000000068,33.83200296029954,156.4730136913894,False,2023-10-23 21:00:00,16,False,,,
USDCLP.mg,272,transition_persistence,TRANSITION_PERSISTENCE,LONG,2023-11-07 13:00:00,16,884.75,17.799999999999955,2.7000000000000455,201.18677592540212,30.517095224640244,True,2023-11-08 19:00:00,16,False,,,
USDCLP.mg,274,transition_persistence,TRANSITION_PERSISTENCE,LONG,2023-11-10 15:00:00,16,915.15,9.300000000000068,5.699999999999932,101.6226848057703,62.28487133256769,True,2023-11-14 14:00:00,16,False,,,
USDCLP.mg,281,transition_persistence,TRANSITION_PERSISTENCE,LONG,2023-11-16 14:00:00,16,888.35,4.0,12.899999999999977,45.02729779929082,145.21303540271262,False,2023-11-17 20:00:00,16,False,,,
USDCLP.mg,284,transition_persistence,TRANSITION_PERSISTENCE,LONG,2023-11-16 21:00:00,16,882.95,9.399999999999977,7.7000000000000455,106.46129452403848,87.20765615267054,True,2023-11-20 19:00:00,16,False,,,
USDCLP.mg,286,transition_persistence,TRANSITION_PERSISTENCE,LONG,2023-11-17 14:00:00,16,882.65,9.700000000000045,7.5,109.896334900584,84.97139296436868,True,2023-11-20 21:00:00,16,False,,,
USDCLP.mg,289,transition_persistence,TRANSITION_PERSISTENCE,LONG,2023-11-21 17:00:00,16,877.25,1.25,11.299999999999955,14.249073810202336,128.8116272442286,False,2023-11-23 14:00:00,16,False,,,
USDCLP.mg,292,transition_persistence,TRANSITION_PERSISTENCE,LONG,2023-11-22 16:00:00,16,871.65,7.7000000000000455,6.5,88.33820914357881,74.57121551081283,True,2023-11-24 13:00:00,16,False,,,
USDCLP.mg,295,transition_persistence,TRANSITION_PERSISTENCE,LONG,2023-11-23 18:00:00,16,873.55,3.6000000000000227,7.0,41.211149905558045,80.13279148302902,False,2023-11-27 16:00:00,16,False,,,
USDCLP.mg,299,transition_persistence,TRANSITION_PERSISTENCE,LONG,2023-11-27 17:00:00,16,871.75,3.7000000000000455,8.700000000000045,42.44336105534896,99.79925437338738,False,2023-11-29 14:00:00,16,False,,,
USDCLP.mg,303,transition_persistence,TRANSITION_PERSISTENCE,LONG,2023-11-29 16:00:00,16,868.05,4.800000000000068,2.699999999999932,55.29635389666573,31.104199066873242,True,2023-12-01 13:00:00,16,False,,,
USDCLP.mg,305,transition_persistence,TRANSITION_PERSISTENCE,LONG,2023-11-29 19:00:00,16,868.2,4.649999999999977,7.75,53.55908776779518,89.26514627965906,False,2023-12-01 16:00:00,16,False,,,
USDCLP.mg,308,transition_persistence,TRANSITION_PERSISTENCE,LONG,2023-11-30 21:00:00,16,871.55,0.10000000000002274,16.799999999999955,1.1473811026335006,192.76002524238376,False,2023-12-04 19:00:00,16,False,,,
USDCLP.mg,312,transition_persistence,TRANSITION_PERSISTENCE,LONG,2023-12-04 16:00:00,16,859.35,21.5,3.300000000000068,250.18909641007738,38.40111712340802,True,2023-12-06 13:00:00,16,False,,,
USDCLP.mg,314,transition_persistence,TRANSITION_PERSISTENCE,LONG,2023-12-05 13:00:00,16,871.25,10.25,3.2000000000000455,117.6470588235294,36.728837876614584,True,2023-12-06 19:00:00,16,False,,,
USDCLP.mg,318,transition_persistence,TRANSITION_PERSISTENCE,LONG,2023-12-11 13:00:00,16,873.3,11.25,1.25,128.82171075231878,14.313523416924312,True,2023-12-12 19:00:00,16,False,,,
USDCLP.mg,322,transition_persistence,TRANSITION_PERSISTENCE,LONG,2023-12-13 18:00:00,16,875.35,2.699999999999932,13.100000000000023,30.84480493516801,149.6544239447081,False,2023-12-15 15:00:00,16,False,,,
USDCLP.mg,326,transition_persistence,TRANSITION_PERSISTENCE,LONG,2023-12-15 18:00:00,16,872.15,9.399999999999977,13.149999999999977,107.77962506449553,150.77681591469332,False,2023-12-19 17:00:00,16,False,,,
USDCLP.mg,328,transition_persistence,TRANSITION_PERSISTENCE,LONG,2023-12-18 13:00:00,16,875.55,6.0,17.299999999999955,68.5283536063046,197.59008623151112,False,2023-12-19 19:00:00,16,False,,,
USDCLP.mg,330,transition_persistence,TRANSITION_PERSISTENCE,LONG,2023-12-20 13:00:00,16,863.75,15.5,0.7999999999999545,179.45007235890014,9.261939218523352,True,2023-12-21 19:00:00,16,False,,,
USDCLP.mg,332,transition_persistence,TRANSITION_PERSISTENCE,LONG,2023-12-21 13:00:00,16,870.55,25.700000000000045,3.1499999999999773,295.21566825570096,36.18402159554279,True,2023-12-26 15:00:00,16,False,,,
USDCLP.mg,337,transition_persistence,TRANSITION_PERSISTENCE,LONG,2023-12-26 13:00:00,16,887.5,14.600000000000023,7.0499999999999545,164.5070422535214,79.43661971830934,True,2023-12-27 19:00:00,16,False,,,
USDCLP.mg,339,transition_persistence,TRANSITION_PERSISTENCE,LONG,2023-12-28 16:00:00,16,884.8,1.900000000000091,12.849999999999909,21.47377938517282,145.23056057866083,False,2024-01-02 18:00:00,16,False,,,
USDCLP.mg,343,transition_persistence,TRANSITION_PERSISTENCE,LONG,2024-01-03 13:00:00,16,887.55,2.400000000000091,13.399999999999977,27.040730099713716,150.97740972339562,False,2024-01-04 19:00:00,16,False,,,
USDCLP.mg,347,transition_persistence,TRANSITION_PERSISTENCE,LONG,2024-01-08 15:00:00,16,897.8,22.25,3.849999999999909,247.82802405881043,42.88260191579315,True,2024-01-09 21:00:00,16,False,,,
USDCLP.mg,349,transition_persistence,TRANSITION_PERSISTENCE,LONG,2024-01-10 17:00:00,16,917.85,5.100000000000023,12.899999999999977,55.5646347442395,140.54584082366375,False,2024-01-12 14:00:00,16,False,,,
USDCLP.mg,351,transition_persistence,TRANSITION_PERSISTENCE,LONG,2024-01-15 18:00:00,16,912.8,18.700000000000045,2.949999999999932,204.86415425065783,32.318141980717925,True,2024-01-17 15:00:00,16,False,,,
USDCLP.mg,353,transition_persistence,TRANSITION_PERSISTENCE,LONG,2024-01-16 13:00:00,16,919.05,12.450000000000045,2.599999999999909,135.46597029541422,28.290082150045254,True,2024-01-17 19:00:00,16,False,,,
USDCLP.mg,355,transition_persistence,TRANSITION_PERSISTENCE,LONG,2024-01-17 16:00:00,16,926.45,2.599999999999909,16.75,28.06411571050687,180.7976685196179,False,2024-01-19 13:00:00,16,False,,,
USDCLP.mg,360,transition_persistence,TRANSITION_PERSISTENCE,LONG,2024-01-23 13:00:00,16,909.55,6.800000000000068,6.599999999999909,74.7622450662423,72.56335550546873,True,2024-01-24 20:00:00,16,False,,,
USDCLP.mg,363,transition_persistence,TRANSITION_PERSISTENCE,LONG,2024-01-23 20:00:00,16,911.95,1.5499999999999545,9.0,16.99654586325955,98.68962114150995,False,2024-01-25 17:00:00,16,False,,,
USDCLP.mg,366,transition_persistence,TRANSITION_PERSISTENCE,LONG,2024-01-30 18:00:00,16,932.55,9.300000000000068,5.599999999999909,99.72655621682557,60.050399442388176,True,2024-02-01 15:00:00,16,False,,,
USDCLP.mg,368,transition_persistence,TRANSITION_PERSISTENCE,LONG,2024-01-31 16:00:00,16,932.05,9.800000000000068,3.599999999999909,105.14457378896057,38.624537310229165,True,2024-02-02 13:00:00,16,False,,,
USDCLP.mg,370,transition_persistence,TRANSITION_PERSISTENCE,LONG,2024-02-01 14:00:00,16,938.05,12.0,9.599999999999909,127.92495069559193,102.33996055647256,True,2024-02-05 13:00:00,16,False,,,
USDCLP.mg,375,transition_persistence,TRANSITION_PERSISTENCE,LONG,2024-02-07 15:00:00,16,946.85,21.699999999999932,4.149999999999977,229.1809684744144,43.82954005386257,True,2024-02-08 21:00:00,16,False,,,
USDCLP.mg,378,transition_persistence,TRANSITION_PERSISTENCE,LONG,2024-02-08 13:00:00,16,949.95,24.59999999999991,3.1000000000000227,258.9609979472594,32.633296489289144,True,2024-02-09 20:00:00,16,False,,,
USDCLP.mg,381,transition_persistence,TRANSITION_PERSISTENCE,LONG,2024-02-13 20:00:00,16,969.55,0.900000000000091,15.0,9.282656902687753,154.71094837811356,False,2024-02-15 17:00:00,16,False,,,
USDCLP.mg,384,transition_persistence,TRANSITION_PERSISTENCE,LONG,2024-02-15 16:00:00,16,958.95,14.099999999999909,2.400000000000091,147.0358204285928,25.027373689974358,True,2024-02-19 14:00:00,16,False,,,
USDCLP.mg,388,transition_persistence,TRANSITION_PERSISTENCE,LONG,2024-02-21 13:00:00,16,964.25,17.299999999999955,1.0,179.4140523723096,10.370754472387866,True,2024-02-22 19:00:00,16,False,,,
USDCLP.mg,391,transition_persistence,TRANSITION_PERSISTENCE,LONG,2024-02-23 13:00:00,16,979.05,11.5,0.2999999999999545,117.4608038404576,3.0641948827940815,True,2024-02-26 20:00:00,16,False,,,
USDCLP.mg,398,transition_persistence,TRANSITION_PERSISTENCE,LONG,2024-03-01 20:00:00,16,964.95,15.5,0.5,160.63008446033473,5.181615627752732,True,2024-03-05 20:00:00,16,False,,,
USDCLP.mg,400,transition_persistence,TRANSITION_PERSISTENCE,LONG,2024-03-05 13:00:00,16,976.75,9.0,4.600000000000023,92.14230867673407,47.094957768108756,True,2024-03-06 20:00:00,16,False,,,
USDCLP.mg,403,transition_persistence,TRANSITION_PERSISTENCE,LONG,2024-03-11 20:00:00,16,966.45,3.099999999999909,24.65000000000009,32.076155000257735,255.0571679859288,False,2024-03-13 17:00:00,16,False,,,
USDCLP.mg,406,transition_persistence,TRANSITION_PERSISTENCE,LONG,2024-03-15 18:00:00,16,940.75,25.200000000000045,0.2999999999999545,267.87137921870897,3.188944990698427,True,2024-03-19 16:00:00,16,False,,,
USDCLP.mg,408,transition_persistence,TRANSITION_PERSISTENCE,LONG,2024-03-18 15:00:00,16,944.95,23.399999999999977,4.5,247.6321498491981,47.62156727869199,True,2024-03-19 21:00:00,16,False,,,
USDCLP.mg,410,transition_persistence,TRANSITION_PERSISTENCE,LONG,2024-03-20 13:00:00,16,973.05,9.0,9.599999999999909,92.49267766301834,98.65885617388531,False,2024-03-21 20:00:00,16,False,,,
USDCLP.mg,413,transition_persistence,TRANSITION_PERSISTENCE,LONG,2024-03-22 13:00:00,16,981.4,2.9500000000000455,8.449999999999932,30.059099245975602,86.10148767067385,False,2024-03-26 14:00:00,16,False,,,
USDCLP.mg,415,transition_persistence,TRANSITION_PERSISTENCE,LONG,2024-03-25 17:00:00,16,980.65,7.800000000000068,5.600000000000023,79.5390812216394,57.10498138989469,True,2024-03-27 16:00:00,16,False,,,
USDCLP.mg,417,transition_persistence,TRANSITION_PERSISTENCE,LONG,2024-03-25 21:00:00,16,977.5,10.950000000000045,2.4500000000000455,112.02046035805672,25.063938618926297,True,2024-03-27 19:00:00,16,False,,,
USDCLP.mg,420,transition_persistence,TRANSITION_PERSISTENCE,LONG,2024-03-26 20:00:00,16,980.45,6.0,3.900000000000091,61.19638941302463,39.77765311846694,True,2024-03-28 17:00:00,16,False,,,
USDCLP.mg,429,transition_persistence,TRANSITION_PERSISTENCE,LONG,2024-04-05 14:00:00,16,948.05,6.9500000000000455,8.599999999999909,73.30836981171927,90.71251516270144,False,2024-04-08 22:00:00,16,False,,,
USDCLP.mg,432,transition_persistence,TRANSITION_PERSISTENCE,LONG,2024-04-09 20:00:00,16,939.95,19.699999999999932,0.0,209.5856162561831,0.0,True,2024-04-11 17:00:00,16,False,,,
USDCLP.mg,434,transition_persistence,TRANSITION_PERSISTENCE,LONG,2024-04-10 14:00:00,16,950.05,10.450000000000045,3.5,109.99421083100938,36.840166307036476,True,2024-04-11 20:00:00,16,False,,,
USDCLP.mg,436,transition_persistence,TRANSITION_PERSISTENCE,LONG,2024-04-11 15:00:00,16,953.05,17.800000000000068,1.6499999999999773,186.76879492156834,17.31283773149339,True,2024-04-12 21:00:00,16,False,,,
USDCLP.mg,438,transition_persistence,TRANSITION_PERSISTENCE,LONG,2024-04-11 21:00:00,16,954.45,27.59999999999991,2.0,289.1717743202882,20.954476400020955,True,2024-04-15 19:00:00,16,False,,,
USDCLP.mg,440,transition_persistence,TRANSITION_PERSISTENCE,LONG,2024-04-12 14:00:00,16,961.45,20.59999999999991,3.5,214.25971189349323,36.40334910811794,True,2024-04-15 21:00:00,16,False,,,
USDCLP.mg,442,transition_persistence,TRANSITION_PERSISTENCE,LONG,2024-04-15 20:00:00,16,977.45,12.099999999999909,6.900000000000091,123.79149828635641,70.59184613023777,True,2024-04-17 17:00:00,16,False,,,
USDCLP.mg,444,transition_persistence,TRANSITION_PERSISTENCE,LONG,2024-04-17 20:00:00,16,976.55,1.1000000000000227,26.699999999999932,11.26414418104575,273.4114996671951,False,2024-04-19 17:00:00,16,False,,,
USDCLP.mg,448,transition_persistence,TRANSITION_PERSISTENCE,LONG,2024-04-23 19:00:00,16,952.85,8.199999999999932,7.899999999999977,86.05761662381205,82.90916723513645,True,2024-04-25 16:00:00,16,False,,,
USDCLP.mg,450,transition_persistence,TRANSITION_PERSISTENCE,LONG,2024-04-24 14:00:00,16,958.55,2.5,13.599999999999909,26.081059934275732,141.88096604245902,False,2024-04-25 20:00:00,16,False,,,
USDCLP.mg,454,transition_persistence,TRANSITION_PERSISTENCE,LONG,2024-04-30 14:00:00,16,947.05,13.800000000000068,2.099999999999909,145.71564331344774,22.174119634654023,True,2024-05-02 20:00:00,16,False,,,
USDCLP.mg,457,transition_persistence,TRANSITION_PERSISTENCE,LONG,2024-05-03 20:00:00,16,937.95,0.5,13.0,5.330774561543792,138.6001386001386,False,2024-05-07 18:00:00,16,False,,,
USDCLP.mg,460,transition_persistence,TRANSITION_PERSISTENCE,LONG,2024-05-08 16:00:00,16,936.55,3.5,12.899999999999977,37.37120281885644,137.73957610378494,False,2024-05-09 22:00:00,16,False,,,
USDCLP.mg,466,transition_persistence,TRANSITION_PERSISTENCE,LONG,2024-05-13 21:00:00,16,922.95,0.09999999999990905,19.5,1.0834823121502686,211.27905086949454,False,2024-05-15 18:00:00,16,False,,,
USDCLP.mg,471,transition_persistence,TRANSITION_PERSISTENCE,LONG,2024-05-20 22:00:00,16,886.7,24.649999999999977,0.0,277.9970677794065,0.0,True,2024-05-23 19:00:00,16,False,,,
USDCLP.mg,473,transition_persistence,TRANSITION_PERSISTENCE,LONG,2024-05-23 14:00:00,16,909.85,1.6000000000000227,14.0,17.58531626092238,153.8715172830686,False,2024-05-27 14:00:00,16,False,,,
USDCLP.mg,477,transition_persistence,TRANSITION_PERSISTENCE,LONG,2024-05-23 21:00:00,16,909.45,2.0,13.950000000000045,21.991313431194676,153.38941118258336,False,2024-05-28 15:00:00,16,False,,,
USDCLP.mg,480,transition_persistence,TRANSITION_PERSISTENCE,LONG,2024-05-28 15:00:00,16,899.55,12.25,4.0499999999999545,136.17920071146685,45.02251125562731,True,2024-05-29 21:00:00,16,False,,,
USDCLP.mg,483,transition_persistence,TRANSITION_PERSISTENCE,LONG,2024-05-29 16:00:00,16,905.75,16.299999999999955,0.7999999999999545,179.961357990615,8.832459287882468,True,2024-05-30 22:00:00,16,False,,,
USDCLP.mg,485,transition_persistence,TRANSITION_PERSISTENCE,LONG,2024-05-31 20:00:00,16,916.45,3.8999999999999773,16.200000000000045,42.555513121282964,176.7690545037923,False,2024-06-04 18:00:00,16,False,,,
USDCLP.mg,489,transition_persistence,TRANSITION_PERSISTENCE,LONG,2024-06-04 15:00:00,16,907.05,6.0,7.199999999999932,66.1485033901108,79.3782040681322,False,2024-06-05 21:00:00,16,False,,,
USDCLP.mg,491,transition_persistence,TRANSITION_PERSISTENCE,LONG,2024-06-06 16:00:00,16,910.8,15.450000000000045,4.75,169.6310935441375,52.15195432586737,True,2024-06-10 15:00:00,16,False,,,
USDCLP.mg,493,transition_persistence,TRANSITION_PERSISTENCE,LONG,2024-06-07 14:00:00,16,918.5,7.75,7.0499999999999545,84.3767011431682,76.75557974959123,True,2024-06-10 21:00:00,16,False,,,
USDCLP.mg,495,transition_persistence,TRANSITION_PERSISTENCE,LONG,2024-06-11 15:00:00,16,925.15,1.3999999999999773,16.600000000000023,15.132681186834322,179.43036264389582,False,2024-06-12 21:00:00,16,False,,,
USDCLP.mg,498,transition_persistence,TRANSITION_PERSISTENCE,LONG,2024-06-13 14:00:00,16,915.15,18.300000000000068,1.5,199.96721848877309,16.390755613833797,True,2024-06-14 20:00:00,16,False,,,
USDCLP.mg,500,transition_persistence,TRANSITION_PERSISTENCE,LONG,2024-06-13 20:00:00,16,917.6,23.399999999999977,1.0500000000000682,255.0130775937225,11.44289450741138,True,2024-06-17 18:00:00,16,False,,,
USDCLP.mg,503,transition_persistence,TRANSITION_PERSISTENCE,LONG,2024-06-25 14:00:00,16,947.65,4.550000000000068,8.850000000000023,48.0135070965026,93.3889094074819,False,2024-06-26 20:00:00,16,False,,,
USDCLP.mg,507,transition_persistence,TRANSITION_PERSISTENCE,LONG,2024-06-27 14:00:00,16,949.35,6.399999999999977,9.399999999999977,67.4145467951754,99.015115605414,False,2024-06-28 20:00:00,16,False,,,
USDCLP.mg,512,transition_persistence,TRANSITION_PERSISTENCE,LONG,2024-07-02 16:00:00,16,946.55,2.800000000000068,12.0,29.581110348107,126.77618720616978,False,2024-07-03 22:00:00,16,False,,,
USDCLP.mg,514,transition_persistence,TRANSITION_PERSISTENCE,LONG,2024-07-02 20:00:00,16,945.55,1.4500000000000455,11.599999999999909,15.334990217334308,122.67992173866966,False,2024-07-04 17:00:00,16,False,,,
USDCLP.mg,520,transition_persistence,TRANSITION_PERSISTENCE,LONG,2024-07-08 14:00:00,16,937.65,4.100000000000023,10.899999999999977,43.72633711939447,116.24806697595028,False,2024-07-09 20:00:00,16,False,,,
USDCLP.mg,526,transition_persistence,TRANSITION_PERSISTENCE,LONG,2024-07-15 19:00:00,16,909.8,31.25,2.849999999999909,343.48208397449986,31.32556605847339,True,2024-07-18 16:00:00,16,False,,,
USDCLP.mg,528,transition_persistence,TRANSITION_PERSISTENCE,LONG,2024-07-18 14:00:00,16,936.15,12.5,2.199999999999932,133.52561021203869,23.500507397318078,True,2024-07-19 20:00:00,16,False,,,
USDCLP.mg,530,transition_persistence,TRANSITION_PERSISTENCE,LONG,2024-07-22 14:00:00,16,951.0,1.5,10.25,15.772870662460567,107.78128286014721,False,2024-07-23 20:00:00,16,False,,,
USDCLP.mg,532,transition_persistence,TRANSITION_PERSISTENCE,LONG,2024-07-23 15:00:00,16,947.7,4.5499999999999545,3.6000000000000227,48.01097393689938,37.986704653371554,True,2024-07-24 21:00:00,16,False,,,
USDCLP.mg,536,transition_persistence,TRANSITION_PERSISTENCE,LONG,2024-07-25 16:00:00,16,947.55,7.5,4.099999999999909,79.1514959632737,43.269484459922005,True,2024-07-29 14:00:00,16,False,,,
USDCLP.mg,539,transition_persistence,TRANSITION_PERSISTENCE,LONG,2024-07-25 22:00:00,16,948.95,10.599999999999909,2.300000000000068,111.70240792454722,24.237314927025327,True,2024-07-29 20:00:00,16,False,,,
USDCLP.mg,541,transition_persistence,TRANSITION_PERSISTENCE,LONG,2024-07-30 14:00:00,16,958.35,1.1000000000000227,20.050000000000068,11.478061251108914,209.21375280429976,False,2024-07-31 20:00:00,16,False,,,
USDCLP.mg,546,transition_persistence,TRANSITION_PERSISTENCE,LONG,2024-08-07 20:00:00,16,943.85,0.2999999999999545,14.800000000000068,3.1784711553737828,156.80457699846446,False,2024-08-09 17:00:00,16,False,,,
USDCLP.mg,548,transition_persistence,TRANSITION_PERSISTENCE,LONG,2024-08-07 22:00:00,16,943.55,0.20000000000004547,14.5,2.1196544963175823,153.67495098298977,False,2024-08-09 19:00:00,16,False,,,
USDCLP.mg,550,transition_persistence,TRANSITION_PERSISTENCE,LONG,2024-08-09 20:00:00,16,931.65,4.100000000000023,3.3500000000000227,44.00794289701093,35.95770944024068,True,2024-08-13 18:00:00,16,False,,,
USDCLP.mg,554,transition_persistence,TRANSITION_PERSISTENCE,LONG,2024-08-14 14:00:00,16,932.7,7.349999999999909,6.25,78.80347378578223,67.00975662056395,True,2024-08-16 20:00:00,16,False,,,
USDCLP.mg,560,transition_persistence,TRANSITION_PERSISTENCE,LONG,2024-08-20 19:00:00,16,924.05,1.25,10.299999999999955,13.527406525620908,111.46582977111579,False,2024-08-22 16:00:00,16,False,,,
USDCLP.mg,563,transition_persistence,TRANSITION_PERSISTENCE,LONG,2024-08-22 14:00:00,16,918.95,4.0,11.900000000000091,43.527939496164095,129.49562000108918,False,2024-08-23 20:00:00,16,False,,,
USDCLP.mg,565,transition_persistence,TRANSITION_PERSISTENCE,LONG,2024-08-22 22:00:00,16,919.35,0.6499999999999773,14.550000000000068,7.070212650241771,158.26399086311054,False,2024-08-26 20:00:00,16,False,,,
USDCLP.mg,568,transition_persistence,TRANSITION_PERSISTENCE,LONG,2024-08-28 14:00:00,16,913.35,6.7999999999999545,4.300000000000068,74.45119614605522,47.0794328570654,True,2024-08-29 20:00:00,16,False,,,
USDCLP.mg,570,transition_persistence,TRANSITION_PERSISTENCE,LONG,2024-08-28 17:00:00,16,911.55,8.600000000000023,3.099999999999909,94.3447973232409,34.008008337446206,True,2024-08-30 14:00:00,16,False,,,
USDCLP.mg,572,transition_persistence,TRANSITION_PERSISTENCE,LONG,2024-08-29 14:00:00,16,915.55,4.600000000000023,7.099999999999909,50.243023319316514,77.54901425372627,False,2024-08-30 20:00:00,16,False,,,
USDCLP.mg,576,transition_persistence,TRANSITION_PERSISTENCE,LONG,2024-08-30 17:00:00,16,914.25,11.200000000000045,3.7999999999999545,122.50478534317797,41.564123598577574,True,2024-09-03 15:00:00,16,False,,,
USDCLP.mg,578,transition_persistence,TRANSITION_PERSISTENCE,LONG,2024-08-30 20:00:00,16,912.35,16.549999999999955,1.8999999999999773,181.3996821395293,20.82534115196994,True,2024-09-03 18:00:00,16,False,,,
USDCLP.mg,580,transition_persistence,TRANSITION_PERSISTENCE,LONG,2024-09-02 18:00:00,16,915.45,22.899999999999977,0.0,250.15019935550797,0.0,True,2024-09-04 15:00:00,16,False,,,
USDCLP.mg,582,transition_persistence,TRANSITION_PERSISTENCE,LONG,2024-09-03 14:00:00,16,922.0,23.049999999999955,1.1499999999999773,249.9999999999995,12.472885032537715,True,2024-09-04 20:00:00,16,False,,,
USDCLP.mg,584,transition_persistence,TRANSITION_PERSISTENCE,LONG,2024-09-04 14:00:00,16,935.7,9.349999999999909,3.75,99.92518969755166,40.07694773966015,True,2024-09-05 20:00:00,16,False,,,
USDCLP.mg,587,transition_persistence,TRANSITION_PERSISTENCE,LONG,2024-09-09 19:00:00,16,944.45,7.0499999999999545,4.350000000000023,74.64661972576583,46.05855259674967,True,2024-09-11 16:00:00,16,False,,,
USDCLP.mg,590,transition_persistence,TRANSITION_PERSISTENCE,LONG,2024-09-16 19:00:00,16,921.95,7.5,0.8000000000000682,81.34931395411897,8.677260155106765,True,2024-09-23 21:00:00,16,False,,,
USDCLP.mg,594,transition_persistence,TRANSITION_PERSISTENCE,LONG,2024-09-17 14:00:00,16,924.85,4.600000000000023,16.200000000000045,49.73779531815994,175.16354003351944,False,2024-09-24 16:00:00,16,False,,,
USDCLP.mg,598,transition_persistence,TRANSITION_PERSISTENCE,LONG,2024-09-25 16:00:00,16,911.15,2.8999999999999773,16.549999999999955,31.82790978433822,181.63858859682767,False,2024-09-27 13:00:00,16,False,,,
USDCLP.mg,600,transition_persistence,TRANSITION_PERSISTENCE,LONG,2024-09-27 19:00:00,16,898.45,5.7999999999999545,4.150000000000091,64.55562357393237,46.190661695142644,True,2024-10-01 17:00:00,16,False,,,
USDCLP.mg,602,transition_persistence,TRANSITION_PERSISTENCE,LONG,2024-10-03 13:00:00,16,916.95,8.549999999999955,1.0,93.24390642892148,10.90572005016631,True,2024-10-04 19:00:00,16,False,,,
USDCLP.mg,604,transition_persistence,TRANSITION_PERSISTENCE,LONG,2024-10-08 13:00:00,16,931.3,5.150000000000091,1.75,55.299044346613236,18.790937399334265,True,2024-10-09 19:00:00,16,False,,,
USDCLP.mg,606,transition_persistence,TRANSITION_PERSISTENCE,LONG,2024-10-14 14:00:00,16,927.75,15.399999999999977,1.7000000000000455,165.99299380220938,18.323901913231428,True,2024-10-15 20:00:00,16,False,,,
USDCLP.mg,612,transition_persistence,TRANSITION_PERSISTENCE,LONG,2024-10-21 13:00:00,16,954.35,2.3500000000000227,9.0,24.624089694556744,94.30502436213129,False,2024-10-22 19:00:00,16,False,,,
USDCLP.mg,614,transition_persistence,TRANSITION_PERSISTENCE,LONG,2024-10-23 13:00:00,16,953.55,0.40000000000009095,12.949999999999932,4.194850820618646,135.80829531749706,False,2024-10-24 19:00:00,16,False,,,
USDCLP.mg,618,transition_persistence,TRANSITION_PERSISTENCE,LONG,2024-10-25 18:00:00,16,947.95,3.8999999999999773,4.4500000000000455,41.141410411941315,46.94340418798508,False,2024-10-29 16:00:00,16,False,,,
USDCLP.mg,623,transition_persistence,TRANSITION_PERSISTENCE,LONG,2024-11-05 18:00:00,16,955.25,20.799999999999955,5.600000000000023,217.74404606124003,58.62339701648807,True,2024-11-07 15:00:00,16,False,,,
USDCLP.mg,627,transition_persistence,TRANSITION_PERSISTENCE,LONG,2024-11-08 13:00:00,16,953.05,30.450000000000045,2.0,319.5005508630192,20.98525785635591,True,2024-11-11 20:00:00,16,False,,,
USDCLP.mg,630,transition_persistence,TRANSITION_PERSISTENCE,LONG,2024-11-12 13:00:00,16,986.25,1.25,9.899999999999977,12.674271229404308,100.3802281368819,False,2024-11-13 19:00:00,16,False,,,
USDCLP.mg,632,transition_persistence,TRANSITION_PERSISTENCE,LONG,2024-11-12 20:00:00,16,984.15,1.2000000000000455,11.799999999999955,12.193263222070268,119.90042168368596,False,2024-11-14 17:00:00,16,False,,,
USDCLP.mg,636,transition_persistence,TRANSITION_PERSISTENCE,LONG,2024-11-18 13:00:00,16,979.65,1.2000000000000455,9.949999999999932,12.249272699433936,101.56688613280184,False,2024-11-19 19:00:00,16,False,,,
USDCLP.mg,638,transition_persistence,TRANSITION_PERSISTENCE,LONG,2024-11-19 14:00:00,16,975.75,1.6000000000000227,6.2000000000000455,16.39764283884215,63.54086600051289,False,2024-11-20 20:00:00,16,False,,,
USDCLP.mg,640,transition_persistence,TRANSITION_PERSISTENCE,LONG,2024-11-20 20:00:00,16,972.35,14.100000000000023,4.800000000000068,145.00951303542985,49.36494060780654,True,2024-11-22 17:00:00,16,False,,,
USDCLP.mg,642,transition_persistence,TRANSITION_PERSISTENCE,LONG,2024-11-21 14:00:00,16,971.75,14.700000000000045,4.2000000000000455,151.27347568819187,43.22099305376945,True,2024-11-22 20:00:00,16,False,,,
USDCLP.mg,644,transition_persistence,TRANSITION_PERSISTENCE,LONG,2024-11-21 18:00:00,16,972.55,13.900000000000091,1.099999999999909,142.92324302092533,11.31047246928085,True,2024-11-25 16:00:00,16,False,,,
USDCLP.mg,648,transition_persistence,TRANSITION_PERSISTENCE,LONG,2024-11-26 17:00:00,16,976.45,2.0,3.800000000000068,20.482359567822215,38.916483178862904,False,2024-11-28 14:00:00,16,False,,,
USDCLP.mg,651,transition_persistence,TRANSITION_PERSISTENCE,LONG,2024-11-27 19:00:00,16,976.45,3.599999999999909,2.5,36.86824722207905,25.602949459777765,True,2024-11-29 16:00:00,16,False,,,
USDCLP.mg,655,transition_persistence,TRANSITION_PERSISTENCE,LONG,2024-11-28 18:00:00,16,977.45,3.7999999999999545,5.5,38.876668883318374,56.26886285743516,False,2024-12-02 16:00:00,16,False,,,
USDCLP.mg,660,transition_persistence,TRANSITION_PERSISTENCE,LONG,2024-12-04 15:00:00,16,974.25,1.6000000000000227,5.2999999999999545,16.422889402104417,54.40082114446964,False,2024-12-05 21:00:00,16,False,,,
USDCLP.mg,663,transition_persistence,TRANSITION_PERSISTENCE,LONG,2024-12-06 14:00:00,16,971.05,4.9500000000000455,4.349999999999909,50.9757479017563,44.79686936820874,True,2024-12-09 21:00:00,16,False,,,
USDCLP.mg,667,transition_persistence,TRANSITION_PERSISTENCE,LONG,2024-12-11 18:00:00,16,975.25,8.0,3.5,82.03024865419123,35.888233786208666,True,2024-12-13 15:00:00,16,False,,,
USDCLP.mg,669,transition_persistence,TRANSITION_PERSISTENCE,LONG,2024-12-11 21:00:00,16,974.05,13.5,2.2999999999999545,138.59658128432832,23.61275088547769,True,2024-12-13 18:00:00,16,False,,,
USDCLP.mg,672,transition_persistence,TRANSITION_PERSISTENCE,LONG,2024-12-16 13:00:00,16,990.35,4.399999999999977,3.7000000000000455,44.42873731509039,37.36052910587212,True,2024-12-17 19:00:00,16,False,,,
USDCLP.mg,675,transition_persistence,TRANSITION_PERSISTENCE,LONG,2024-12-18 19:00:00,16,988.85,10.850000000000023,1.0,109.723416089397,10.112757243262376,True,2024-12-20 16:00:00,16,False,,,
USDCLP.mg,679,transition_persistence,TRANSITION_PERSISTENCE,LONG,2024-12-23 13:00:00,16,990.55,3.400000000000091,3.199999999999932,34.324365251628805,32.30528494270791,True,2024-12-26 15:00:00,16,False,,,
USDCLP.mg,683,transition_persistence,TRANSITION_PERSISTENCE,LONG,2024-12-27 18:00:00,16,992.55,6.300000000000068,0.1999999999999318,63.472872903128994,2.015011838193862,True,2024-12-30 16:00:00,7,False,,,
USDCLP.mg,3,transition_persistence,TRANSITION_PERSISTENCE,SHORT,2023-01-12 17:00:00,16,821.0,4.2000000000000455,7.2999999999999545,51.1571254567606,88.91595615103478,False,2023-01-17 13:00:00,16,False,,,
USDCLP.mg,5,transition_persistence,TRANSITION_PERSISTENCE,SHORT,2023-01-13 14:00:00,16,822.7,6.7000000000000455,5.599999999999909,81.43916372918494,68.06855475872018,True,2023-01-17 17:00:00,16,False,,,
USDCLP.mg,7,transition_persistence,TRANSITION_PERSISTENCE,SHORT,2023-01-16 14:00:00,16,820.8,13.299999999999955,5.5,162.0370370370365,67.00779727095517,True,2023-01-18 15:00:00,16,False,,,
USDCLP.mg,13,transition_persistence,TRANSITION_PERSISTENCE,SHORT,2023-01-20 17:00:00,16,816.4,18.600000000000023,8.300000000000068,227.82949534541922,101.66585007349423,True,2023-01-24 20:00:00,16,False,,,
USDCLP.mg,15,transition_persistence,TRANSITION_PERSISTENCE,SHORT,2023-01-24 17:00:00,16,802.55,4.25,4.650000000000091,52.9562021057878,57.940315245157194,False,2023-01-26 19:00:00,16,False,,,
USDCLP.mg,17,transition_persistence,TRANSITION_PERSISTENCE,SHORT,2023-01-26 13:00:00,16,802.35,6.300000000000068,10.049999999999955,78.51934941110572,125.25705739390483,False,2023-01-30 15:00:00,16,False,,,
USDCLP.mg,20,transition_persistence,TRANSITION_PERSISTENCE,SHORT,2023-01-30 20:00:00,16,807.1,24.100000000000023,4.7999999999999545,298.59992565976984,59.472184363770964,True,2023-02-02 13:00:00,16,False,,,
USDCLP.mg,25,transition_persistence,TRANSITION_PERSISTENCE,SHORT,2023-02-07 14:00:00,16,796.25,8.149999999999977,6.4500000000000455,102.35478806907349,81.00470957613872,True,2023-02-09 15:00:00,16,False,,,
USDCLP.mg,29,transition_persistence,TRANSITION_PERSISTENCE,SHORT,2023-02-09 15:00:00,16,796.2,8.400000000000091,8.699999999999932,105.5011303692551,109.26902788244072,False,2023-02-13 17:00:00,16,False,,,
USDCLP.mg,32,transition_persistence,TRANSITION_PERSISTENCE,SHORT,2023-02-10 17:00:00,16,799.8,14.799999999999955,3.75,185.0462615653908,46.8867216804201,True,2023-02-14 20:00:00,16,False,,,
USDCLP.mg,34,transition_persistence,TRANSITION_PERSISTENCE,SHORT,2023-02-14 13:00:00,16,792.8,7.7999999999999545,8.200000000000045,98.3854692230065,103.43087790111058,False,2023-02-16 14:00:00,16,False,,,
USDCLP.mg,37,transition_persistence,TRANSITION_PERSISTENCE,SHORT,2023-02-17 16:00:00,16,790.3,5.5,12.900000000000091,69.59382512969759,163.22915348601913,False,2023-02-22 13:00:00,16,False,,,
USDCLP.mg,40,transition_persistence,TRANSITION_PERSISTENCE,SHORT,2023-02-22 14:00:00,16,798.7,4.350000000000023,23.0,54.4635031926884,287.96794791536246,False,2023-02-24 15:00:00,16,False,,,
USDCLP.mg,43,transition_persistence,TRANSITION_PERSISTENCE,SHORT,2023-02-28 15:00:00,16,829.6,20.0,4.199999999999932,241.08003857280616,50.62680810028847,True,2023-03-02 16:00:00,16,False,,,
USDCLP.mg,45,transition_persistence,TRANSITION_PERSISTENCE,SHORT,2023-03-02 20:00:00,16,811.6,19.5,1.0,240.266140956136,12.321340561853129,True,2023-03-07 14:00:00,16,False,,,
USDCLP.mg,50,transition_persistence,TRANSITION_PERSISTENCE,SHORT,2023-03-10 17:00:00,16,795.8,2.849999999999909,16.300000000000068,35.81301834631703,204.82533299824163,False,2023-03-14 16:00:00,16,False,,,
USDCLP.mg,52,transition_persistence,TRANSITION_PERSISTENCE,SHORT,2023-03-13 19:00:00,16,803.1,8.149999999999977,17.799999999999955,101.481758187025,221.64114058025095,False,2023-03-15 16:00:00,16,False,,,
USDCLP.mg,54,transition_persistence,TRANSITION_PERSISTENCE,SHORT,2023-03-14 15:00:00,16,798.15,3.199999999999932,29.25,40.09271440205389,366.4724675812817,False,2023-03-15 21:00:00,16,False,,,
USDCLP.mg,56,transition_persistence,TRANSITION_PERSISTENCE,SHORT,2023-03-21 13:00:00,16,817.8,5.7999999999999545,5.900000000000091,70.92198581560228,72.14477867449365,False,2023-03-22 19:00:00,16,False,,,
USDCLP.mg,58,transition_persistence,TRANSITION_PERSISTENCE,SHORT,2023-03-23 14:00:00,16,808.1,7.800000000000068,7.0,96.52270758569567,86.62294270511075,True,2023-03-24 20:00:00,16,False,,,
USDCLP.mg,60,transition_persistence,TRANSITION_PERSISTENCE,SHORT,2023-03-23 20:00:00,16,805.9,4.100000000000023,9.200000000000045,50.87479836207995,114.15808412954517,False,2023-03-27 18:00:00,16,False,,,
USDCLP.mg,62,transition_persistence,TRANSITION_PERSISTENCE,SHORT,2023-03-24 19:00:00,16,810.1,15.100000000000023,1.5,186.39674114306902,18.516232563881,True,2023-03-28 17:00:00,16,False,,,
USDCLP.mg,65,transition_persistence,TRANSITION_PERSISTENCE,SHORT,2023-03-29 18:00:00,16,792.45,9.150000000000091,3.1499999999999773,115.46469808820859,39.75014196479244,True,2023-03-31 15:00:00,16,False,,,
USDCLP.mg,67,transition_persistence,TRANSITION_PERSISTENCE,SHORT,2023-03-30 14:00:00,16,789.1,5.800000000000068,7.199999999999932,73.50145735648293,91.24318844252859,False,2023-03-31 20:00:00,16,False,,,
USDCLP.mg,71,transition_persistence,TRANSITION_PERSISTENCE,SHORT,2023-04-05 15:00:00,16,806.45,2.4500000000000455,17.449999999999932,30.38006076012208,216.38043276086466,False,2023-04-10 16:00:00,16,False,,,
USDCLP.mg,74,transition_persistence,TRANSITION_PERSISTENCE,SHORT,2023-04-05 22:00:00,16,809.8,0.849999999999909,15.200000000000045,10.496418868855386,187.70066683131697,False,2023-04-11 15:00:00,16,False,,,
USDCLP.mg,77,transition_persistence,TRANSITION_PERSISTENCE,SHORT,2023-04-10 22:00:00,16,818.55,19.5,0.05000000000006821,238.226131574125,0.6108362348062821,True,2023-04-12 19:00:00,16,False,,,
USDCLP.mg,80,transition_persistence,TRANSITION_PERSISTENCE,SHORT,2023-04-14 15:00:00,16,797.3,3.7999999999999545,5.7000000000000455,47.66085538693033,71.49128308039691,False,2023-04-17 22:00:00,16,False,,,
USDCLP.mg,82,transition_persistence,TRANSITION_PERSISTENCE,SHORT,2023-04-14 20:00:00,16,796.65,3.8500000000000227,6.350000000000023,48.32737086549957,79.70878051842118,False,2023-04-18 18:00:00,16,False,,,
USDCLP.mg,84,transition_persistence,TRANSITION_PERSISTENCE,SHORT,2023-04-17 22:00:00,16,800.5,7.7000000000000455,1.25,96.18988132417296,15.61524047470331,True,2023-04-19 19:00:00,16,False,,,
USDCLP.mg,88,transition_persistence,TRANSITION_PERSISTENCE,SHORT,2023-04-20 14:00:00,16,792.7,4.0,5.5499999999999545,50.460451621042004,70.0138766241952,False,2023-04-21 20:00:00,16,False,,,
USDCLP.mg,91,transition_persistence,TRANSITION_PERSISTENCE,SHORT,2023-04-25 17:00:00,16,813.2,14.200000000000045,2.699999999999932,174.61878996556868,33.2021642892269,True,2023-04-27 14:00:00,16,False,,,
USDCLP.mg,97,transition_persistence,TRANSITION_PERSISTENCE,SHORT,2023-05-04 14:00:00,16,801.8,9.799999999999955,2.800000000000068,122.22499376403037,34.921426789723974,True,2023-05-05 20:00:00,16,False,,,
USDCLP.mg,99,transition_persistence,TRANSITION_PERSISTENCE,SHORT,2023-05-04 16:00:00,16,802.2,13.600000000000023,2.3999999999999773,169.5337820992274,29.9177262528045,True,2023-05-08 14:00:00,16,False,,,
USDCLP.mg,101,transition_persistence,TRANSITION_PERSISTENCE,SHORT,2023-05-08 14:00:00,16,789.6,1.2000000000000455,10.699999999999932,15.197568389058326,135.51165146909742,False,2023-05-09 20:00:00,16,False,,,
USDCLP.mg,105,transition_persistence,TRANSITION_PERSISTENCE,SHORT,2023-05-10 21:00:00,16,787.8,4.7999999999999545,13.800000000000068,60.92916984006036,175.17136329017603,False,2023-05-12 18:00:00,16,False,,,
USDCLP.mg,107,transition_persistence,TRANSITION_PERSISTENCE,SHORT,2023-05-12 16:00:00,16,787.5,9.350000000000023,2.4500000000000455,118.73015873015902,31.11111111111169,True,2023-05-16 14:00:00,16,False,,,
USDCLP.mg,113,transition_persistence,TRANSITION_PERSISTENCE,SHORT,2023-05-18 14:00:00,16,790.8,1.349999999999909,9.550000000000068,17.071320182092933,120.76378351037012,False,2023-05-19 20:00:00,16,False,,,
USDCLP.mg,119,transition_persistence,TRANSITION_PERSISTENCE,SHORT,2023-05-25 21:00:00,16,808.25,11.100000000000023,1.8999999999999773,137.3337457469845,23.507578100834856,True,2023-05-29 19:00:00,16,False,,,
USDCLP.mg,123,transition_persistence,TRANSITION_PERSISTENCE,SHORT,2023-05-30 14:00:00,16,802.55,1.0,11.800000000000068,12.46028284842066,147.03133761136462,False,2023-05-31 20:00:00,16,False,,,
USDCLP.mg,126,transition_persistence,TRANSITION_PERSISTENCE,SHORT,2023-06-01 14:00:00,16,807.35,11.800000000000068,1.1000000000000227,146.1571809004777,13.62482194834982,True,2023-06-02 20:00:00,16,False,,,
USDCLP.mg,129,transition_persistence,TRANSITION_PERSISTENCE,SHORT,2023-06-05 17:00:00,16,797.15,2.0,4.899999999999977,25.08938091952581,61.46898325283795,False,2023-06-07 14:00:00,16,False,,,
USDCLP.mg,133,transition_persistence,TRANSITION_PERSISTENCE,SHORT,2023-06-07 14:00:00,16,795.45,9.100000000000023,0.599999999999909,114.40065371802153,7.542900245143114,True,2023-06-08 20:00:00,16,False,,,
USDCLP.mg,135,transition_persistence,TRANSITION_PERSISTENCE,SHORT,2023-06-07 17:00:00,16,794.75,8.700000000000045,0.10000000000002274,109.46838628499586,1.2582573136209216,True,2023-06-09 14:00:00,16,False,,,
USDCLP.mg,137,transition_persistence,TRANSITION_PERSISTENCE,SHORT,2023-06-08 14:00:00,16,791.35,7.800000000000068,2.7999999999999545,98.56574208630906,35.38257408226391,True,2023-06-09 20:00:00,16,False,,,
USDCLP.mg,139,transition_persistence,TRANSITION_PERSISTENCE,SHORT,2023-06-08 19:00:00,16,790.2,7.0,18.149999999999977,88.5851683118198,229.68868640850386,False,2023-06-12 17:00:00,16,False,,,
USDCLP.mg,141,transition_persistence,TRANSITION_PERSISTENCE,SHORT,2023-06-09 14:00:00,16,786.45,3.25,22.399999999999977,41.32494119142984,284.8242100578546,False,2023-06-12 21:00:00,16,False,,,
USDCLP.mg,143,transition_persistence,TRANSITION_PERSISTENCE,SHORT,2023-06-13 18:00:00,16,802.75,5.5,1.7999999999999545,68.51448146994706,22.422921208345745,True,2023-06-15 15:00:00,16,False,,,
USDCLP.mg,147,transition_persistence,TRANSITION_PERSISTENCE,SHORT,2023-06-16 20:00:00,16,793.95,0.10000000000002274,10.299999999999955,1.2595251590153376,129.7310913785497,False,2023-06-20 18:00:00,16,False,,,
USDCLP.mg,151,transition_persistence,TRANSITION_PERSISTENCE,SHORT,2023-06-29 21:00:00,16,802.85,6.149999999999977,0.2999999999999545,76.60210500093389,3.7366880488254908,True,2023-07-03 19:00:00,16,False,,,
USDCLP.mg,153,transition_persistence,TRANSITION_PERSISTENCE,SHORT,2023-06-30 14:00:00,16,799.05,2.349999999999909,3.900000000000091,29.409924285087406,48.80795945185021,False,2023-07-03 21:00:00,16,False,,,
USDCLP.mg,156,transition_persistence,TRANSITION_PERSISTENCE,SHORT,2023-07-04 14:00:00,16,794.55,0.6999999999999318,4.800000000000068,8.810018249322658,60.41155370964783,False,2023-07-05 20:00:00,16,False,,,
USDCLP.mg,158,transition_persistence,TRANSITION_PERSISTENCE,SHORT,2023-07-05 16:00:00,16,797.25,1.3999999999999773,10.049999999999955,17.560363750391687,126.05832549388467,False,2023-07-06 22:00:00,16,False,,,
USDCLP.mg,162,transition_persistence,TRANSITION_PERSISTENCE,SHORT,2023-07-06 21:00:00,16,802.45,0.900000000000091,11.899999999999977,11.215652065550389,148.29584397781764,False,2023-07-10 19:00:00,16,False,,,
USDCLP.mg,167,transition_persistence,TRANSITION_PERSISTENCE,SHORT,2023-07-12 14:00:00,16,809.6,2.6499999999999773,3.449999999999932,32.732213438734895,42.61363636363552,False,2023-07-13 20:00:00,16,False,,,
USDCLP.mg,177,transition_persistence,TRANSITION_PERSISTENCE,SHORT,2023-07-25 16:00:00,16,827.1,5.550000000000068,3.449999999999932,67.10192237939872,41.71200580340868,True,2023-07-26 22:00:00,16,False,,,
USDCLP.mg,180,transition_persistence,TRANSITION_PERSISTENCE,SHORT,2023-07-25 21:00:00,16,828.3,6.75,1.650000000000091,81.49221296631654,19.920318725100703,True,2023-07-27 18:00:00,16,False,,,
USDCLP.mg,183,transition_persistence,TRANSITION_PERSISTENCE,SHORT,2023-07-27 14:00:00,16,823.65,1.1999999999999318,5.899999999999977,14.569295210343373,71.63236811752537,False,2023-07-28 20:00:00,16,False,,,
USDCLP.mg,188,transition_persistence,TRANSITION_PERSISTENCE,SHORT,2023-07-28 14:00:00,16,823.95,0.0,19.199999999999932,0.0,233.0238485344976,False,2023-07-31 21:00:00,16,False,,,
USDCLP.mg,197,transition_persistence,TRANSITION_PERSISTENCE,SHORT,2023-08-03 20:00:00,16,852.65,10.049999999999955,6.300000000000068,117.8678238433115,73.8872925584949,True,2023-08-07 18:00:00,16,False,,,
USDCLP.mg,202,transition_persistence,TRANSITION_PERSISTENCE,SHORT,2023-08-08 21:00:00,16,862.15,12.199999999999932,0.3000000000000682,141.50669837035238,3.479672910747181,True,2023-08-10 18:00:00,16,False,,,
USDCLP.mg,204,transition_persistence,TRANSITION_PERSISTENCE,SHORT,2023-08-11 14:00:00,16,849.75,2.0,19.299999999999955,23.536334215945864,227.12562518387708,False,2023-08-14 22:00:00,16,False,,,
USDCLP.mg,208,transition_persistence,TRANSITION_PERSISTENCE,SHORT,2023-08-16 14:00:00,16,860.75,9.700000000000045,8.25,112.6924194016851,95.84664536741214,True,2023-08-17 20:00:00,16,False,,,
USDCLP.mg,211,transition_persistence,TRANSITION_PERSISTENCE,SHORT,2023-08-17 15:00:00,16,865.15,4.25,7.300000000000068,49.12442928971855,84.37843148587028,False,2023-08-18 21:00:00,16,False,,,
USDCLP.mg,215,transition_persistence,TRANSITION_PERSISTENCE,SHORT,2023-08-22 19:00:00,16,868.55,15.799999999999955,1.5,181.9123827068097,17.2701629152035,True,2023-08-24 16:00:00,16,False,,,
USDCLP.mg,225,transition_persistence,TRANSITION_PERSISTENCE,SHORT,2023-08-28 16:00:00,16,844.4,0.4499999999999318,17.350000000000023,5.329227854096776,205.47134059687377,False,2023-08-29 22:00:00,16,False,,,
USDCLP.mg,229,transition_persistence,TRANSITION_PERSISTENCE,SHORT,2023-08-31 21:00:00,16,852.0,7.25,7.4500000000000455,85.09389671361502,87.44131455399115,False,2023-09-04 19:00:00,16,False,,,
USDCLP.mg,231,transition_persistence,TRANSITION_PERSISTENCE,SHORT,2023-09-01 18:00:00,16,851.25,2.6000000000000227,20.75,30.54331864904579,243.75917767988253,False,2023-09-05 16:00:00,16,False,,,
USDCLP.mg,234,transition_persistence,TRANSITION_PERSISTENCE,SHORT,2023-09-04 15:00:00,16,851.95,1.75,22.5,20.54111156758026,264.100005868889,False,2023-09-05 21:00:00,16,False,,,
USDCLP.mg,239,transition_persistence,TRANSITION_PERSISTENCE,SHORT,2023-09-12 19:00:00,16,892.6,13.950000000000045,6.449999999999932,156.28501008290436,72.26081111359996,True,2023-09-14 16:00:00,16,False,,,
USDCLP.mg,242,transition_persistence,TRANSITION_PERSISTENCE,SHORT,2023-09-15 15:00:00,16,887.95,7.800000000000068,6.899999999999977,87.84278394053796,77.70707810124418,True,2023-09-21 17:00:00,16,False,,,
USDCLP.mg,244,transition_persistence,TRANSITION_PERSISTENCE,SHORT,2023-09-28 15:00:00,16,905.25,17.100000000000023,3.7999999999999545,188.89809444904748,41.977354322009994,True,2023-10-02 13:00:00,16,False,,,
USDCLP.mg,246,transition_persistence,TRANSITION_PERSISTENCE,SHORT,2023-10-04 13:00:00,16,910.95,4.0,11.299999999999955,43.910203633569346,124.04632526483292,False,2023-10-05 19:00:00,16,False,,,
USDCLP.mg,248,transition_persistence,TRANSITION_PERSISTENCE,SHORT,2023-10-04 17:00:00,16,912.75,1.4500000000000455,10.5,15.886058614078832,115.03697617091208,False,2023-10-06 14:00:00,16,False,,,
USDCLP.mg,250,transition_persistence,TRANSITION_PERSISTENCE,SHORT,2023-10-05 19:00:00,16,914.35,3.050000000000068,17.699999999999932,33.35702958385813,193.5801388964831,False,2023-10-10 17:00:00,16,False,,,
USDCLP.mg,253,transition_persistence,TRANSITION_PERSISTENCE,SHORT,2023-10-11 13:00:00,16,925.45,5.300000000000068,14.5,57.269436490356775,156.6805337943703,False,2023-10-12 19:00:00,16,False,,,
USDCLP.mg,256,transition_persistence,TRANSITION_PERSISTENCE,SHORT,2023-10-16 14:00:00,16,937.45,1.7000000000000455,15.599999999999909,18.13430049602694,166.40887514000647,False,2023-10-17 20:00:00,16,False,,,
USDCLP.mg,262,transition_persistence,TRANSITION_PERSISTENCE,SHORT,2023-10-19 20:00:00,16,939.25,8.200000000000045,9.799999999999955,87.30369976044764,104.33856800638759,False,2023-10-23 18:00:00,16,False,,,
USDCLP.mg,267,transition_persistence,TRANSITION_PERSISTENCE,SHORT,2023-10-25 16:00:00,16,921.85,15.100000000000023,12.399999999999977,163.80105223192518,134.5121223626401,True,2023-10-30 14:00:00,16,False,,,
USDCLP.mg,269,transition_persistence,TRANSITION_PERSISTENCE,SHORT,2023-10-30 14:00:00,16,912.15,16.899999999999977,4.399999999999977,185.27654442799954,48.2376802061062,True,2023-10-31 20:00:00,16,False,,,
USDCLP.mg,275,transition_persistence,TRANSITION_PERSISTENCE,SHORT,2023-11-13 13:00:00,16,911.95,21.90000000000009,12.5,240.1447447776752,137.06891825209715,True,2023-11-14 19:00:00,16,False,,,
USDCLP.mg,278,transition_persistence,TRANSITION_PERSISTENCE,SHORT,2023-11-15 13:00:00,16,887.5,12.049999999999955,9.25,135.77464788732343,104.22535211267606,True,2023-11-16 19:00:00,16,False,,,
USDCLP.mg,280,transition_persistence,TRANSITION_PERSISTENCE,SHORT,2023-11-15 21:00:00,16,886.95,11.5,5.399999999999977,129.65781611139298,60.88280060882774,True,2023-11-17 18:00:00,16,False,,,
USDCLP.mg,283,transition_persistence,TRANSITION_PERSISTENCE,SHORT,2023-11-16 16:00:00,16,879.55,4.099999999999909,12.800000000000068,46.61474617702131,145.52896367460713,False,2023-11-20 14:00:00,16,False,,,
USDCLP.mg,285,transition_persistence,TRANSITION_PERSISTENCE,SHORT,2023-11-17 13:00:00,16,877.05,1.8999999999999773,15.300000000000068,21.663531155578102,174.44843509492128,False,2023-11-20 20:00:00,16,False,,,
USDCLP.mg,288,transition_persistence,TRANSITION_PERSISTENCE,SHORT,2023-11-20 17:00:00,16,877.35,9.300000000000068,3.2999999999999545,106.00102581637964,37.613267225166176,True,2023-11-22 14:00:00,16,False,,,
USDCLP.mg,291,transition_persistence,TRANSITION_PERSISTENCE,SHORT,2023-11-22 13:00:00,16,869.15,4.0,10.200000000000045,46.02197549329805,117.35603750791056,False,2023-11-23 19:00:00,16,False,,,
USDCLP.mg,293,transition_persistence,TRANSITION_PERSISTENCE,SHORT,2023-11-23 13:00:00,16,870.55,5.399999999999977,8.800000000000068,62.02975130664497,101.08552064786709,False,2023-11-24 19:00:00,16,False,,,
USDCLP.mg,296,transition_persistence,TRANSITION_PERSISTENCE,SHORT,2023-11-24 13:00:00,16,870.45,3.900000000000091,5.699999999999932,44.80441151128831,65.48337067034214,False,2023-11-27 20:00:00,16,False,,,
USDCLP.mg,298,transition_persistence,TRANSITION_PERSISTENCE,SHORT,2023-11-27 13:00:00,16,870.35,3.8999999999999773,5.100000000000023,44.80955937266591,58.59711610271756,False,2023-11-28 19:00:00,16,False,,,
USDCLP.mg,300,transition_persistence,TRANSITION_PERSISTENCE,SHORT,2023-11-28 13:00:00,16,872.95,9.900000000000091,0.599999999999909,113.40855719113455,6.8732458903706855,True,2023-11-29 19:00:00,16,False,,,
USDCLP.mg,302,transition_persistence,TRANSITION_PERSISTENCE,SHORT,2023-11-29 13:00:00,16,866.65,3.6000000000000227,6.2000000000000455,41.539260370392,71.53983730456407,False,2023-11-30 19:00:00,16,False,,,
USDCLP.mg,306,transition_persistence,TRANSITION_PERSISTENCE,SHORT,2023-11-30 18:00:00,16,867.45,12.700000000000045,4.199999999999932,146.40613291832435,48.417776240704725,True,2023-12-04 16:00:00,16,False,,,
USDCLP.mg,309,transition_persistence,TRANSITION_PERSISTENCE,SHORT,2023-12-01 13:00:00,16,867.75,13.0,1.7999999999999545,149.81273408239701,20.743301642177524,True,2023-12-04 20:00:00,16,False,,,
USDCLP.mg,311,transition_persistence,TRANSITION_PERSISTENCE,SHORT,2023-12-04 14:00:00,16,859.25,4.399999999999977,21.600000000000023,51.20744835612427,251.3820192027934,False,2023-12-05 20:00:00,16,False,,,
USDCLP.mg,315,transition_persistence,TRANSITION_PERSISTENCE,SHORT,2023-12-06 15:00:00,16,875.35,13.850000000000023,6.149999999999977,158.2224253155883,70.25761124121753,True,2023-12-07 21:00:00,16,False,,,
USDCLP.mg,321,transition_persistence,TRANSITION_PERSISTENCE,SHORT,2023-12-13 15:00:00,16,874.7,12.450000000000045,4.149999999999977,142.33451469075163,47.444838230250106,True,2023-12-14 21:00:00,16,False,,,
USDCLP.mg,323,transition_persistence,TRANSITION_PERSISTENCE,SHORT,2023-12-13 19:00:00,16,874.95,12.700000000000045,0.75,145.15115149437162,8.571918395336876,True,2023-12-15 16:00:00,16,False,,,
USDCLP.mg,325,transition_persistence,TRANSITION_PERSISTENCE,SHORT,2023-12-14 15:00:00,16,867.15,4.899999999999977,12.700000000000045,56.506948048203625,146.45678371677388,False,2023-12-18 14:00:00,16,False,,,
USDCLP.mg,329,transition_persistence,TRANSITION_PERSISTENCE,SHORT,2023-12-19 13:00:00,16,866.45,8.200000000000045,4.7999999999999545,94.63904437647925,55.39846500086507,True,2023-12-20 19:00:00,16,False,,,
USDCLP.mg,333,transition_persistence,TRANSITION_PERSISTENCE,SHORT,2023-12-21 14:00:00,16,868.45,1.0500000000000682,33.64999999999998,12.09050607404074,387.4719327537564,False,2023-12-26 16:00:00,16,False,,,
USDCLP.mg,335,transition_persistence,TRANSITION_PERSISTENCE,SHORT,2023-12-22 13:00:00,16,874.35,0.20000000000004547,27.75,2.28741350717728,317.37862412077544,False,2023-12-27 15:00:00,16,False,,,
USDCLP.mg,338,transition_persistence,TRANSITION_PERSISTENCE,SHORT,2023-12-27 14:00:00,16,890.8,10.949999999999932,2.050000000000068,122.92321508756098,23.013022002694974,True,2023-12-28 20:00:00,16,False,,,
USDCLP.mg,340,transition_persistence,TRANSITION_PERSISTENCE,SHORT,2023-12-28 20:00:00,16,884.55,12.599999999999909,4.5,142.4453111751728,50.87332541970493,True,2024-01-03 13:00:00,16,False,,,
USDCLP.mg,342,transition_persistence,TRANSITION_PERSISTENCE,SHORT,2024-01-02 14:00:00,16,877.65,1.8999999999999773,11.399999999999977,21.648721016350223,129.89232609810264,False,2024-01-03 20:00:00,16,False,,,
USDCLP.mg,350,transition_persistence,TRANSITION_PERSISTENCE,SHORT,2024-01-10 18:00:00,16,917.05,12.099999999999909,2.5,131.94482307398627,27.26132708140232,True,2024-01-12 15:00:00,16,False,,,
USDCLP.mg,352,transition_persistence,TRANSITION_PERSISTENCE,SHORT,2024-01-15 20:00:00,16,910.95,1.1000000000000227,20.549999999999955,12.07530599923182,225.58867116746202,False,2024-01-17 17:00:00,16,False,,,
USDCLP.mg,357,transition_persistence,TRANSITION_PERSISTENCE,SHORT,2024-01-18 13:00:00,16,916.45,9.300000000000068,4.599999999999909,101.47853128921456,50.19368214305101,True,2024-01-19 19:00:00,16,False,,,
USDCLP.mg,361,transition_persistence,TRANSITION_PERSISTENCE,SHORT,2024-01-23 15:00:00,16,907.45,4.5,8.899999999999977,49.58950906386026,98.07702903741227,False,2024-01-25 13:00:00,16,False,,,
USDCLP.mg,364,transition_persistence,TRANSITION_PERSISTENCE,SHORT,2024-01-24 13:00:00,16,905.75,2.7999999999999545,7.600000000000023,30.913607507589894,83.90836323488847,False,2024-01-25 19:00:00,16,False,,,
USDCLP.mg,367,transition_persistence,TRANSITION_PERSISTENCE,SHORT,2024-01-30 20:00:00,16,931.05,4.099999999999909,10.800000000000068,44.03630309865109,115.99806669888909,False,2024-02-01 17:00:00,16,False,,,
USDCLP.mg,369,transition_persistence,TRANSITION_PERSISTENCE,SHORT,2024-01-31 20:00:00,16,928.95,0.5,21.09999999999991,5.382421012971634,227.13816674740198,False,2024-02-02 17:00:00,16,False,,,
USDCLP.mg,374,transition_persistence,TRANSITION_PERSISTENCE,SHORT,2024-02-06 15:00:00,16,952.05,9.349999999999909,3.1000000000000227,98.20912767186503,32.561315056982544,True,2024-02-07 21:00:00,16,False,,,
USDCLP.mg,376,transition_persistence,TRANSITION_PERSISTENCE,SHORT,2024-02-07 16:00:00,16,945.85,1.6000000000000227,24.5,16.91600148015037,259.02627266479885,False,2024-02-09 13:00:00,16,False,,,
USDCLP.mg,380,transition_persistence,TRANSITION_PERSISTENCE,SHORT,2024-02-13 13:00:00,16,972.15,17.600000000000023,5.399999999999977,181.04202026436272,55.546983490201896,True,2024-02-14 19:00:00,16,False,,,
USDCLP.mg,382,transition_persistence,TRANSITION_PERSISTENCE,SHORT,2024-02-14 13:00:00,16,964.05,9.5,3.400000000000091,98.54260671127017,35.26788029666606,True,2024-02-15 19:00:00,16,False,,,
USDCLP.mg,387,transition_persistence,TRANSITION_PERSISTENCE,SHORT,2024-02-20 16:00:00,16,963.6,3.050000000000068,7.949999999999932,31.65213781652209,82.50311332503043,False,2024-02-22 13:00:00,16,False,,,
USDCLP.mg,389,transition_persistence,TRANSITION_PERSISTENCE,SHORT,2024-02-22 14:00:00,16,967.15,2.0499999999999545,20.600000000000023,21.196298402522405,212.99694980096183,False,2024-02-23 20:00:00,16,False,,,
USDCLP.mg,393,transition_persistence,TRANSITION_PERSISTENCE,SHORT,2024-02-27 15:00:00,16,983.75,7.7999999999999545,4.399999999999977,79.28843710292203,44.72681067344323,True,2024-02-29 13:00:00,16,False,,,
USDCLP.mg,396,transition_persistence,TRANSITION_PERSISTENCE,SHORT,2024-02-29 13:00:00,16,976.95,16.40000000000009,1.0,167.86938942627657,10.235938379650955,True,2024-03-04 13:00:00,16,False,,,
USDCLP.mg,402,transition_persistence,TRANSITION_PERSISTENCE,SHORT,2024-03-08 13:00:00,16,967.15,9.199999999999932,5.5,95.12485136741904,56.868117665305284,True,2024-03-11 21:00:00,16,False,,,
USDCLP.mg,404,transition_persistence,TRANSITION_PERSISTENCE,SHORT,2024-03-14 18:00:00,16,942.65,7.449999999999932,5.300000000000068,79.03251471914213,56.224473558585565,True,2024-03-18 17:00:00,16,False,,,
USDCLP.mg,407,transition_persistence,TRANSITION_PERSISTENCE,SHORT,2024-03-18 14:00:00,16,943.25,2.7999999999999545,25.100000000000023,29.68460111317206,266.10124569308266,False,2024-03-19 20:00:00,16,False,,,
USDCLP.mg,412,transition_persistence,TRANSITION_PERSISTENCE,SHORT,2024-03-21 13:00:00,16,966.55,2.75,17.800000000000068,28.451709689100408,184.1601572603597,False,2024-03-25 14:00:00,16,False,,,
USDCLP.mg,414,transition_persistence,TRANSITION_PERSISTENCE,SHORT,2024-03-25 14:00:00,16,977.05,4.099999999999909,11.400000000000091,41.9630520444185,116.67775446497203,False,2024-03-27 13:00:00,16,False,,,
USDCLP.mg,416,transition_persistence,TRANSITION_PERSISTENCE,SHORT,2024-03-25 18:00:00,16,979.15,4.100000000000023,9.300000000000068,41.873053158351865,94.98034009089585,False,2024-03-27 17:00:00,16,False,,,
USDCLP.mg,418,transition_persistence,TRANSITION_PERSISTENCE,SHORT,2024-03-26 14:00:00,16,976.7,1.650000000000091,11.75,16.893621378110893,120.30306132896489,False,2024-03-27 21:00:00,16,False,,,
USDCLP.mg,422,transition_persistence,TRANSITION_PERSISTENCE,SHORT,2024-04-01 13:00:00,16,971.95,0.3000000000000682,15.549999999999955,3.0865785277027444,159.98765368588872,False,2024-04-02 20:00:00,16,False,,,
USDCLP.mg,427,transition_persistence,TRANSITION_PERSISTENCE,SHORT,2024-04-03 13:00:00,16,970.95,33.40000000000009,3.3999999999999773,343.99299654977176,35.01725114578482,True,2024-04-04 19:00:00,16,False,,,
USDCLP.mg,431,transition_persistence,TRANSITION_PERSISTENCE,SHORT,2024-04-09 14:00:00,16,938.35,2.300000000000068,21.199999999999932,24.51110992700025,225.92849150103834,False,2024-04-10 20:00:00,16,False,,,
USDCLP.mg,435,transition_persistence,TRANSITION_PERSISTENCE,SHORT,2024-04-11 14:00:00,16,954.05,2.6499999999999773,16.800000000000068,27.776321995702297,176.091399821813,False,2024-04-12 20:00:00,16,False,,,
USDCLP.mg,437,transition_persistence,TRANSITION_PERSISTENCE,SHORT,2024-04-11 19:00:00,16,953.9,1.7099999999999227,28.149999999999977,17.926407380227726,295.10430862773853,False,2024-04-15 17:00:00,16,False,,,
USDCLP.mg,439,transition_persistence,TRANSITION_PERSISTENCE,SHORT,2024-04-11 22:00:00,16,954.95,0.5,27.09999999999991,5.235876223886067,283.78449133462385,False,2024-04-15 20:00:00,16,False,,,
USDCLP.mg,443,transition_persistence,TRANSITION_PERSISTENCE,SHORT,2024-04-16 22:00:00,16,982.35,19.899999999999977,0.0,202.57545681274473,0.0,True,2024-04-18 19:00:00,16,False,,,
USDCLP.mg,445,transition_persistence,TRANSITION_PERSISTENCE,SHORT,2024-04-18 15:00:00,16,970.65,20.799999999999955,2.8500000000000227,214.28939370524859,29.361767887498303,True,2024-04-19 21:00:00,16,False,,,
USDCLP.mg,447,transition_persistence,TRANSITION_PERSISTENCE,SHORT,2024-04-22 16:00:00,16,954.45,8.200000000000045,5.0,85.91335324008638,52.386191000052385,True,2024-04-23 22:00:00,16,False,,,
USDCLP.mg,452,transition_persistence,TRANSITION_PERSISTENCE,SHORT,2024-04-25 14:00:00,16,946.2,3.550000000000068,5.75,37.51849503276335,60.76939336292538,False,2024-04-26 20:00:00,16,False,,,
USDCLP.mg,458,transition_persistence,TRANSITION_PERSISTENCE,SHORT,2024-05-06 14:00:00,16,928.95,4.0,9.399999999999977,43.059368103773075,101.18951504386648,False,2024-05-07 20:00:00,16,False,,,
USDCLP.mg,462,transition_persistence,TRANSITION_PERSISTENCE,SHORT,2024-05-09 16:00:00,16,932.15,14.0,4.149999999999977,150.19041999678163,44.520731641902884,True,2024-05-13 14:00:00,16,False,,,
USDCLP.mg,465,transition_persistence,TRANSITION_PERSISTENCE,SHORT,2024-05-13 14:00:00,16,919.1,6.399999999999977,5.449999999999932,69.63333696006939,59.297138505058555,True,2024-05-14 20:00:00,16,False,,,
USDCLP.mg,467,transition_persistence,TRANSITION_PERSISTENCE,SHORT,2024-05-14 14:00:00,16,918.5,15.049999999999955,1.0499999999999545,163.8541099618939,11.431682090364228,True,2024-05-15 20:00:00,16,False,,,
USDCLP.mg,469,transition_persistence,TRANSITION_PERSISTENCE,SHORT,2024-05-14 18:00:00,16,915.15,14.100000000000023,2.800000000000068,154.07310277003796,30.596077145823834,True,2024-05-16 15:00:00,16,False,,,
USDCLP.mg,474,transition_persistence,TRANSITION_PERSISTENCE,SHORT,2024-05-23 17:00:00,16,907.05,11.549999999999955,4.400000000000091,127.3358690259628,48.50890248608226,True,2024-05-27 17:00:00,16,False,,,
USDCLP.mg,476,transition_persistence,TRANSITION_PERSISTENCE,SHORT,2024-05-23 20:00:00,16,909.4,13.899999999999977,2.050000000000068,152.84803166923223,22.542335605894745,True,2024-05-28 14:00:00,16,False,,,
USDCLP.mg,478,transition_persistence,TRANSITION_PERSISTENCE,SHORT,2024-05-24 15:00:00,16,903.55,8.049999999999955,4.800000000000068,89.09302196889995,53.12378949698488,True,2024-05-28 18:00:00,16,False,,,
USDCLP.mg,481,transition_persistence,TRANSITION_PERSISTENCE,SHORT,2024-05-28 17:00:00,16,897.3,1.7999999999999545,19.0,20.060180541624366,211.74635016159593,False,2024-05-30 14:00:00,16,False,,,
USDCLP.mg,484,transition_persistence,TRANSITION_PERSISTENCE,SHORT,2024-05-30 21:00:00,16,917.65,15.5,2.7000000000000455,168.90971503296464,29.42298261864595,True,2024-06-03 19:00:00,16,False,,,
USDCLP.mg,487,transition_persistence,TRANSITION_PERSISTENCE,SHORT,2024-06-03 14:00:00,16,916.05,15.799999999999955,1.2000000000000455,172.47966814038486,13.099721630915841,True,2024-06-04 20:00:00,16,False,,,
USDCLP.mg,494,transition_persistence,TRANSITION_PERSISTENCE,SHORT,2024-06-07 21:00:00,16,918.75,1.2000000000000455,7.7999999999999545,13.061224489796412,84.89795918367297,False,2024-06-11 19:00:00,16,False,,,
USDCLP.mg,496,transition_persistence,TRANSITION_PERSISTENCE,SHORT,2024-06-11 20:00:00,16,922.6,14.050000000000068,0.35000000000002274,152.2870149577289,3.7936267071322645,True,2024-06-13 17:00:00,16,False,,,
USDCLP.mg,499,transition_persistence,TRANSITION_PERSISTENCE,SHORT,2024-06-13 19:00:00,16,917.45,2.1000000000000227,23.549999999999955,22.889530764619572,256.6897378603734,False,2024-06-17 17:00:00,16,False,,,
USDCLP.mg,501,transition_persistence,TRANSITION_PERSISTENCE,SHORT,2024-06-13 21:00:00,16,917.2,0.650000000000091,23.799999999999955,7.086785870040241,259.4853903183597,False,2024-06-17 19:00:00,16,False,,,
USDCLP.mg,505,transition_persistence,TRANSITION_PERSISTENCE,SHORT,2024-06-25 18:00:00,16,942.05,3.25,10.150000000000091,34.49923040178335,107.74375033172434,False,2024-06-27 15:00:00,16,False,,,
USDCLP.mg,511,transition_persistence,TRANSITION_PERSISTENCE,SHORT,2024-07-01 14:00:00,16,941.85,3.300000000000068,7.5,35.03742634177489,79.6305144131231,False,2024-07-02 20:00:00,16,False,,,
USDCLP.mg,513,transition_persistence,TRANSITION_PERSISTENCE,SHORT,2024-07-02 19:00:00,16,945.95,12.0,3.3999999999999773,126.85659918600349,35.94270310270075,True,2024-07-04 16:00:00,16,False,,,
USDCLP.mg,515,transition_persistence,TRANSITION_PERSISTENCE,SHORT,2024-07-02 21:00:00,16,944.95,11.0,1.0,116.40827557013598,10.582570506375998,True,2024-07-04 18:00:00,16,False,,,
USDCLP.mg,517,transition_persistence,TRANSITION_PERSISTENCE,SHORT,2024-07-04 22:00:00,16,934.35,6.7000000000000455,7.399999999999977,71.70760421683572,79.19944346337,False,2024-07-08 20:00:00,16,False,,,
USDCLP.mg,533,transition_persistence,TRANSITION_PERSISTENCE,SHORT,2024-07-24 20:00:00,16,947.75,4.2999999999999545,3.5,45.37061461355795,36.92957003429174,True,2024-07-26 17:00:00,16,False,,,
USDCLP.mg,535,transition_persistence,TRANSITION_PERSISTENCE,SHORT,2024-07-25 14:00:00,16,945.45,2.0,6.399999999999977,21.153947855518535,67.69263313765907,False,2024-07-26 20:00:00,16,False,,,
USDCLP.mg,537,transition_persistence,TRANSITION_PERSISTENCE,SHORT,2024-07-25 17:00:00,16,945.2,1.75,9.949999999999932,18.51460008463817,105.26872619551345,False,2024-07-29 15:00:00,16,False,,,
USDCLP.mg,540,transition_persistence,TRANSITION_PERSISTENCE,SHORT,2024-07-26 16:00:00,16,949.55,1.0499999999999545,10.0,11.057869517139219,105.31304302037807,False,2024-07-30 14:00:00,16,False,,,
USDCLP.mg,542,transition_persistence,TRANSITION_PERSISTENCE,SHORT,2024-07-30 15:00:00,16,955.75,17.450000000000045,3.7000000000000455,182.57912634057072,38.71305257651107,True,2024-07-31 21:00:00,16,False,,,
USDCLP.mg,545,transition_persistence,TRANSITION_PERSISTENCE,SHORT,2024-08-07 19:00:00,16,943.0,12.75,1.3500000000000227,135.2067868504772,14.316012725344887,True,2024-08-09 16:00:00,16,False,,,
USDCLP.mg,547,transition_persistence,TRANSITION_PERSISTENCE,SHORT,2024-08-07 21:00:00,16,942.95,13.900000000000091,1.1999999999999318,147.40972479983128,12.726019407178873,True,2024-08-09 18:00:00,16,False,,,
USDCLP.mg,549,transition_persistence,TRANSITION_PERSISTENCE,SHORT,2024-08-08 14:00:00,16,938.05,9.0,3.1000000000000227,95.94371302169395,33.04727892969482,True,2024-08-09 20:00:00,16,False,,,
USDCLP.mg,551,transition_persistence,TRANSITION_PERSISTENCE,SHORT,2024-08-09 21:00:00,16,931.45,3.150000000000091,4.2999999999999545,33.81824037790639,46.16458210317198,False,2024-08-13 19:00:00,16,False,,,
USDCLP.mg,556,transition_persistence,TRANSITION_PERSISTENCE,SHORT,2024-08-16 14:00:00,16,928.95,6.600000000000023,11.099999999999909,71.04795737122582,119.4897464879693,False,2024-08-19 21:00:00,16,False,,,
USDCLP.mg,561,transition_persistence,TRANSITION_PERSISTENCE,SHORT,2024-08-21 15:00:00,16,921.45,7.7000000000000455,3.2999999999999545,83.56394812523789,35.81312062510125,True,2024-08-22 21:00:00,16,False,,,
USDCLP.mg,564,transition_persistence,TRANSITION_PERSISTENCE,SHORT,2024-08-22 21:00:00,16,919.0,14.200000000000045,1.0,154.515778019587,10.881392818280741,True,2024-08-26 19:00:00,16,False,,,
USDCLP.mg,567,transition_persistence,TRANSITION_PERSISTENCE,SHORT,2024-08-26 14:00:00,16,907.05,2.8999999999999773,2.2000000000000455,31.971776638553305,24.25445124304113,True,2024-08-27 20:00:00,16,False,,,
USDCLP.mg,571,transition_persistence,TRANSITION_PERSISTENCE,SHORT,2024-08-28 20:00:00,16,911.15,2.699999999999932,9.0,29.632881523348864,98.77627174449871,False,2024-08-30 17:00:00,16,False,,,
USDCLP.mg,574,transition_persistence,TRANSITION_PERSISTENCE,SHORT,2024-08-30 15:00:00,16,911.35,1.5,6.600000000000023,16.45909913864048,72.42003621001835,False,2024-09-02 22:00:00,16,False,,,
USDCLP.mg,579,transition_persistence,TRANSITION_PERSISTENCE,SHORT,2024-08-30 21:00:00,16,910.45,0.0,18.449999999999932,0.0,202.64704267120578,False,2024-09-03 19:00:00,16,False,,,
USDCLP.mg,585,transition_persistence,TRANSITION_PERSISTENCE,SHORT,2024-09-05 18:00:00,16,939.8,5.2999999999999545,8.25,56.3949776548197,87.78463502872953,False,2024-09-09 15:00:00,16,False,,,
USDCLP.mg,589,transition_persistence,TRANSITION_PERSISTENCE,SHORT,2024-09-12 13:00:00,16,935.85,14.700000000000045,1.6999999999999318,157.07645456002612,18.165304268845773,True,2024-09-13 19:00:00,16,False,,,
USDCLP.mg,591,transition_persistence,TRANSITION_PERSISTENCE,SHORT,2024-09-16 20:00:00,16,921.95,8.300000000000068,7.5,90.02657410922575,81.34931395411897,True,2024-09-24 13:00:00,16,False,,,
USDCLP.mg,593,transition_persistence,TRANSITION_PERSISTENCE,SHORT,2024-09-17 13:00:00,16,922.55,13.899999999999977,6.900000000000091,150.6693404151534,74.79269416291899,True,2024-09-24 15:00:00,16,False,,,
USDCLP.mg,597,transition_persistence,TRANSITION_PERSISTENCE,SHORT,2024-09-24 13:00:00,16,913.75,5.2999999999999545,3.3500000000000227,58.00273597811167,36.66210670314663,True,2024-09-25 19:00:00,16,False,,,
USDCLP.mg,599,transition_persistence,TRANSITION_PERSISTENCE,SHORT,2024-09-26 13:00:00,16,904.5,13.450000000000045,1.1000000000000227,148.70093974571637,12.161415146490025,True,2024-09-27 19:00:00,16,False,,,
USDCLP.mg,605,transition_persistence,TRANSITION_PERSISTENCE,SHORT,2024-10-10 13:00:00,16,932.35,9.100000000000023,2.8999999999999773,97.60283155467393,31.104199066873786,True,2024-10-11 19:00:00,16,False,,,
USDCLP.mg,610,transition_persistence,TRANSITION_PERSISTENCE,SHORT,2024-10-18 13:00:00,16,941.7,0.25,15.0,2.654773282361686,159.28639694170118,False,2024-10-21 20:00:00,16,False,,,
USDCLP.mg,613,transition_persistence,TRANSITION_PERSISTENCE,SHORT,2024-10-21 20:00:00,16,951.65,8.199999999999932,2.300000000000068,86.16613250669818,24.168549361635772,True,2024-10-23 17:00:00,16,False,,,
USDCLP.mg,617,transition_persistence,TRANSITION_PERSISTENCE,SHORT,2024-10-24 13:00:00,16,942.25,1.6499999999999773,8.600000000000023,17.511276200583467,91.27089413637594,False,2024-10-25 19:00:00,16,False,,,
USDCLP.mg,621,transition_persistence,TRANSITION_PERSISTENCE,SHORT,2024-11-04 13:00:00,16,955.55,6.25,4.900000000000091,65.40735701951756,51.27936790330272,True,2024-11-05 19:00:00,16,False,,,
USDCLP.mg,626,transition_persistence,TRANSITION_PERSISTENCE,SHORT,2024-11-07 13:00:00,16,955.95,11.5,16.899999999999977,120.29917882734452,176.7874888854017,False,2024-11-08 19:00:00,16,False,,,
USDCLP.mg,629,transition_persistence,TRANSITION_PERSISTENCE,SHORT,2024-11-11 20:00:00,16,979.65,3.2999999999999545,7.850000000000023,33.68549992344158,80.13065890879419,False,2024-11-13 17:00:00,16,False,,,
USDCLP.mg,631,transition_persistence,TRANSITION_PERSISTENCE,SHORT,2024-11-12 19:00:00,16,984.55,12.199999999999932,0.8000000000000682,123.9144786958502,8.125539586613867,True,2024-11-14 16:00:00,16,False,,,
USDCLP.mg,633,transition_persistence,TRANSITION_PERSISTENCE,SHORT,2024-11-13 13:00:00,16,980.75,8.399999999999977,3.9500000000000455,85.64873821055292,40.27529951567724,True,2024-11-14 19:00:00,16,False,,,
USDCLP.mg,639,transition_persistence,TRANSITION_PERSISTENCE,SHORT,2024-11-20 19:00:00,16,971.85,4.300000000000068,11.699999999999932,44.24551113855089,120.38894891186841,False,2024-11-22 16:00:00,16,False,,,
USDCLP.mg,641,transition_persistence,TRANSITION_PERSISTENCE,SHORT,2024-11-20 21:00:00,16,972.25,4.7000000000000455,14.200000000000045,48.34147595783024,146.05296991514575,False,2024-11-22 18:00:00,16,False,,,
USDCLP.mg,643,transition_persistence,TRANSITION_PERSISTENCE,SHORT,2024-11-21 15:00:00,16,971.25,3.7000000000000455,15.200000000000045,38.095238095238564,156.49935649935696,False,2024-11-25 13:00:00,16,False,,,
USDCLP.mg,645,transition_persistence,TRANSITION_PERSISTENCE,SHORT,2024-11-25 15:00:00,16,977.15,6.5,1.3000000000000682,66.51998157908203,13.303996315817102,True,2024-11-26 21:00:00,16,False,,,
USDCLP.mg,647,transition_persistence,TRANSITION_PERSISTENCE,SHORT,2024-11-25 18:00:00,16,977.35,6.7000000000000455,1.1000000000000227,68.55271908732844,11.254924029263035,True,2024-11-27 15:00:00,16,False,,,
USDCLP.mg,650,transition_persistence,TRANSITION_PERSISTENCE,SHORT,2024-11-27 13:00:00,16,973.75,1.1000000000000227,6.2000000000000455,11.296534017971993,63.67137355584129,False,2024-11-28 19:00:00,16,False,,,
USDCLP.mg,652,transition_persistence,TRANSITION_PERSISTENCE,SHORT,2024-11-28 14:00:00,16,975.45,3.5,4.599999999999909,35.88087549336203,47.157722076989174,False,2024-11-29 20:00:00,16,False,,,
USDCLP.mg,654,transition_persistence,TRANSITION_PERSISTENCE,SHORT,2024-11-28 17:00:00,16,976.05,4.099999999999909,5.2000000000000455,42.006044772295574,53.2759592234009,False,2024-12-02 15:00:00,16,False,,,
USDCLP.mg,657,transition_persistence,TRANSITION_PERSISTENCE,SHORT,2024-12-02 13:00:00,16,974.85,4.300000000000068,6.399999999999977,44.10935015643503,65.6511258142276,False,2024-12-03 19:00:00,16,False,,,
USDCLP.mg,659,transition_persistence,TRANSITION_PERSISTENCE,SHORT,2024-12-03 16:00:00,16,971.85,1.3000000000000682,4.0,13.37654987909727,41.15861501260482,False,2024-12-05 13:00:00,16,False,,,
USDCLP.mg,662,transition_persistence,TRANSITION_PERSISTENCE,SHORT,2024-12-05 13:00:00,16,971.45,4.75,4.5499999999999545,48.89598023573009,46.83720212054099,True,2024-12-06 19:00:00,16,False,,,
USDCLP.mg,665,transition_persistence,TRANSITION_PERSISTENCE,SHORT,2024-12-10 15:00:00,16,969.25,0.7000000000000455,8.850000000000023,7.222078927005886,91.30771214856871,False,2024-12-11 21:00:00,16,False,,,
USDCLP.mg,668,transition_persistence,TRANSITION_PERSISTENCE,SHORT,2024-12-11 19:00:00,16,974.65,2.8999999999999773,9.899999999999977,29.75427076386372,101.57492433181119,False,2024-12-13 16:00:00,16,False,,,
USDCLP.mg,670,transition_persistence,TRANSITION_PERSISTENCE,SHORT,2024-12-12 13:00:00,16,972.05,0.2999999999999545,15.5,3.0862609948043263,159.45681806491436,False,2024-12-13 19:00:00,16,False,,,
USDCLP.mg,674,transition_persistence,TRANSITION_PERSISTENCE,SHORT,2024-12-18 13:00:00,16,984.75,0.6000000000000227,14.950000000000045,6.092916984006323,151.8151815181523,False,2024-12-19 19:00:00,16,False,,,
USDCLP.mg,678,transition_persistence,TRANSITION_PERSISTENCE,SHORT,2024-12-20 15:00:00,16,989.95,1.650000000000091,4.0,16.667508460024152,40.40608111520783,False,2024-12-24 13:00:00,16,False,,,
USDCLP.mg,680,transition_persistence,TRANSITION_PERSISTENCE,SHORT,2024-12-24 14:00:00,16,989.35,2.0,3.7999999999999545,20.21529286905544,38.409056451204876,False,2024-12-27 16:00:00,16,False,,,
USDCLP.mg,11,transition_resolution,TRANSITION_RESOLUTION,LONG,2023-01-18 17:00:00,16,822.9,10.600000000000023,9.049999999999955,128.8127354478068,109.97691092477767,True,2023-01-20 19:00:00,16,False,80.0,40.0,LOSS
USDCLP.mg,23,transition_resolution,TRANSITION_RESOLUTION,LONG,2023-02-03 14:00:00,16,788.0,21.100000000000023,11.75,267.76649746192925,149.11167512690355,True,2023-02-07 16:00:00,16,False,80.0,40.0,LOSS
USDCLP.mg,27,transition_resolution,TRANSITION_RESOLUTION,LONG,2023-02-08 17:00:00,16,802.4,2.5,10.600000000000023,31.15653040877368,132.1036889332007,False,2023-02-10 19:00:00,16,False,80.0,40.0,LOSS
USDCLP.mg,30,transition_resolution,TRANSITION_RESOLUTION,LONG,2023-02-09 19:00:00,16,801.8,3.1000000000000227,14.0,38.66300823147946,174.60713394861563,False,2023-02-14 13:00:00,16,False,80.0,40.0,LOSS
USDCLP.mg,36,transition_resolution,TRANSITION_RESOLUTION,LONG,2023-02-16 14:00:00,16,799.3,1.7000000000000455,14.5,21.268610033780124,181.40873264106094,False,2023-02-20 16:00:00,16,False,80.0,40.0,LOSS
USDCLP.mg,38,transition_resolution,TRANSITION_RESOLUTION,LONG,2023-02-20 16:00:00,16,794.85,8.350000000000023,5.850000000000023,105.05126753475527,73.5987922249484,True,2023-02-22 20:00:00,16,False,80.0,40.0,LOSS
USDCLP.mg,42,transition_resolution,TRANSITION_RESOLUTION,LONG,2023-02-23 16:00:00,16,805.2,30.699999999999932,7.100000000000023,381.27173373074925,88.17685047193272,True,2023-02-27 19:00:00,16,False,80.0,40.0,LOSS
USDCLP.mg,47,transition_resolution,TRANSITION_RESOLUTION,LONG,2023-03-07 16:00:00,16,801.2,5.099999999999909,2.900000000000091,63.65451822266486,36.19570644034062,True,2023-03-09 15:00:00,16,False,80.0,40.0,NONE
USDCLP.mg,69,transition_resolution,TRANSITION_RESOLUTION,LONG,2023-03-31 20:00:00,16,794.95,20.5,2.650000000000091,257.8778539530788,33.335429901252795,True,2023-04-04 22:00:00,16,False,80.0,40.0,WIN
USDCLP.mg,72,transition_resolution,TRANSITION_RESOLUTION,LONG,2023-04-05 16:00:00,16,812.75,11.149999999999977,6.75,137.18855736696372,83.05136880959704,True,2023-04-10 17:00:00,16,False,80.0,40.0,LOSS
USDCLP.mg,93,transition_resolution,TRANSITION_RESOLUTION,LONG,2023-04-28 20:00:00,16,806.15,4.399999999999977,4.949999999999932,54.58041307448958,61.40296470880025,False,2023-05-03 18:00:00,16,False,80.0,40.0,LOSS
USDCLP.mg,102,transition_resolution,TRANSITION_RESOLUTION,LONG,2023-05-08 18:00:00,16,795.5,4.7999999999999545,8.700000000000045,60.33940917661791,109.36517913262156,False,2023-05-10 15:00:00,16,False,80.0,40.0,LOSS
USDCLP.mg,109,transition_resolution,TRANSITION_RESOLUTION,LONG,2023-05-15 19:00:00,16,786.75,17.200000000000045,1.6000000000000227,218.62090880203425,20.336828725770864,True,2023-05-17 16:00:00,16,False,80.0,40.0,WIN
USDCLP.mg,111,transition_resolution,TRANSITION_RESOLUTION,LONG,2023-05-16 16:00:00,16,793.35,10.600000000000023,2.2000000000000455,133.610638431966,27.73050986323874,True,2023-05-17 22:00:00,16,False,80.0,40.0,WIN
USDCLP.mg,115,transition_resolution,TRANSITION_RESOLUTION,LONG,2023-05-19 15:00:00,16,799.85,4.600000000000023,5.600000000000023,57.51078327186376,70.01312746139929,False,2023-05-22 22:00:00,16,False,80.0,40.0,LOSS
USDCLP.mg,118,transition_resolution,TRANSITION_RESOLUTION,LONG,2023-05-24 16:00:00,16,810.75,4.2999999999999545,7.100000000000023,53.03731113166765,87.57323465926639,False,2023-05-25 22:00:00,16,False,80.0,40.0,LOSS
USDCLP.mg,122,transition_resolution,TRANSITION_RESOLUTION,LONG,2023-05-29 17:00:00,16,804.0,4.649999999999977,6.0499999999999545,57.83582089552211,75.2487562189049,False,2023-05-31 14:00:00,16,False,80.0,40.0,LOSS
USDCLP.mg,125,transition_resolution,TRANSITION_RESOLUTION,LONG,2023-05-31 16:00:00,16,814.0,0.35000000000002274,13.75,4.299754299754579,168.91891891891893,False,2023-06-01 22:00:00,16,False,80.0,40.0,LOSS
USDCLP.mg,160,transition_resolution,TRANSITION_RESOLUTION,LONG,2023-07-06 15:00:00,16,804.55,3.400000000000091,3.599999999999909,42.25964825057599,44.74550991237225,False,2023-07-07 21:00:00,16,False,80.0,40.0,LOSS
USDCLP.mg,164,transition_resolution,TRANSITION_RESOLUTION,LONG,2023-07-07 17:00:00,16,807.45,12.599999999999909,2.5,156.0468140442121,30.961669453216917,True,2023-07-11 17:00:00,16,False,80.0,40.0,WIN
USDCLP.mg,166,transition_resolution,TRANSITION_RESOLUTION,LONG,2023-07-07 21:00:00,16,807.15,12.899999999999977,0.1999999999999318,159.82159449916344,2.4778541782807633,True,2023-07-12 14:00:00,16,False,80.0,40.0,WIN
USDCLP.mg,168,transition_resolution,TRANSITION_RESOLUTION,LONG,2023-07-14 16:00:00,16,813.25,10.299999999999955,1.5,126.65232093452143,18.444512757454657,True,2023-07-18 14:00:00,16,False,80.0,40.0,WIN
USDCLP.mg,170,transition_resolution,TRANSITION_RESOLUTION,LONG,2023-07-17 18:00:00,16,817.25,3.0,5.2000000000000455,36.708473539308656,63.6280208014689,False,2023-07-19 15:00:00,16,False,80.0,40.0,LOSS
USDCLP.mg,175,transition_resolution,TRANSITION_RESOLUTION,LONG,2023-07-20 18:00:00,16,811.65,18.149999999999977,5.899999999999977,223.61855479578608,72.6914310355446,True,2023-07-24 16:00:00,16,False,80.0,40.0,LOSS
USDCLP.mg,185,transition_resolution,TRANSITION_RESOLUTION,LONG,2023-07-27 16:00:00,16,826.95,14.599999999999909,3.5,176.55239131749087,42.32420339802889,True,2023-07-31 14:00:00,16,False,80.0,40.0,LOSS
USDCLP.mg,187,transition_resolution,TRANSITION_RESOLUTION,LONG,2023-07-27 21:00:00,16,828.85,14.299999999999955,4.899999999999977,172.52820172528146,59.11805513663482,True,2023-07-31 19:00:00,16,False,80.0,40.0,LOSS
USDCLP.mg,190,transition_resolution,TRANSITION_RESOLUTION,LONG,2023-07-28 17:00:00,16,829.1,16.449999999999932,3.3500000000000227,198.4079121939444,40.405258714268754,True,2023-08-01 15:00:00,16,False,80.0,40.0,LOSS
USDCLP.mg,194,transition_resolution,TRANSITION_RESOLUTION,LONG,2023-08-02 16:00:00,16,849.95,9.199999999999932,4.650000000000091,108.24166127419178,54.70910053532668,True,2023-08-03 22:00:00,16,False,80.0,40.0,LOSS
USDCLP.mg,198,transition_resolution,TRANSITION_RESOLUTION,LONG,2023-08-04 21:00:00,16,851.6,15.949999999999932,1.3500000000000227,187.29450446218803,15.852512916862644,True,2023-08-08 19:00:00,16,False,80.0,40.0,WIN
USDCLP.mg,200,transition_resolution,TRANSITION_RESOLUTION,LONG,2023-08-07 18:00:00,16,858.95,8.599999999999909,3.300000000000068,100.12224227254099,38.41899994179019,True,2023-08-09 15:00:00,16,False,80.0,40.0,WIN
USDCLP.mg,206,transition_resolution,TRANSITION_RESOLUTION,LONG,2023-08-11 20:00:00,16,857.95,11.099999999999909,6.900000000000091,129.37816889095996,80.42426714843627,True,2023-08-16 19:00:00,16,False,80.0,40.0,WIN
USDCLP.mg,209,transition_resolution,TRANSITION_RESOLUTION,LONG,2023-08-16 18:00:00,16,866.45,6.0,5.550000000000068,69.248081251082,64.05447515725164,True,2023-08-18 15:00:00,16,False,80.0,40.0,LOSS
USDCLP.mg,217,transition_resolution,TRANSITION_RESOLUTION,LONG,2023-08-22 22:00:00,16,869.15,0.8999999999999773,21.699999999999932,10.3549444859918,249.66921705114112,False,2023-08-24 19:00:00,16,False,80.0,40.0,LOSS
USDCLP.mg,227,transition_resolution,TRANSITION_RESOLUTION,LONG,2023-08-31 15:00:00,16,853.95,4.2999999999999545,9.200000000000045,50.354236196498086,107.73464488553246,False,2023-09-01 21:00:00,16,False,80.0,40.0,LOSS
USDCLP.mg,230,transition_resolution,TRANSITION_RESOLUTION,LONG,2023-09-01 17:00:00,16,852.9,16.25,4.25,190.52643920741002,49.82999179270723,True,2023-09-05 15:00:00,16,False,80.0,40.0,LOSS
USDCLP.mg,235,transition_resolution,TRANSITION_RESOLUTION,LONG,2023-09-04 17:00:00,16,856.45,18.09999999999991,1.650000000000091,211.33749781072925,19.265573004846644,True,2023-09-06 14:00:00,16,False,80.0,40.0,WIN
USDCLP.mg,237,transition_resolution,TRANSITION_RESOLUTION,LONG,2023-09-07 16:00:00,16,878.65,19.100000000000023,3.3999999999999773,217.3789335913051,38.69572639845192,True,2023-09-11 14:00:00,16,False,80.0,40.0,WIN
USDCLP.mg,240,transition_resolution,TRANSITION_RESOLUTION,LONG,2023-09-14 16:00:00,16,887.25,3.6000000000000227,7.0,40.5748098055793,78.89546351084813,False,2023-09-20 18:00:00,16,False,80.0,40.0,LOSS
USDCLP.mg,245,transition_resolution,TRANSITION_RESOLUTION,LONG,2023-10-02 16:00:00,16,902.85,15.949999999999932,6.100000000000023,176.662790053718,67.56382566317797,True,2023-10-04 13:00:00,16,False,80.0,40.0,LOSS
USDCLP.mg,247,transition_resolution,TRANSITION_RESOLUTION,LONG,2023-10-04 16:00:00,16,917.1,5.149999999999977,5.800000000000068,56.15527205321096,63.242830661869675,False,2023-10-06 13:00:00,16,False,80.0,40.0,LOSS
USDCLP.mg,251,transition_resolution,TRANSITION_RESOLUTION,LONG,2023-10-06 14:00:00,16,922.05,10.0,9.699999999999932,108.45398839542325,105.20036874355982,True,2023-10-10 21:00:00,16,False,80.0,40.0,LOSS
USDCLP.mg,255,transition_resolution,TRANSITION_RESOLUTION,LONG,2023-10-12 15:00:00,16,934.05,12.900000000000091,8.5,138.10823831700756,91.00155237942295,True,2023-10-16 13:00:00,16,False,80.0,40.0,LOSS
USDCLP.mg,258,transition_resolution,TRANSITION_RESOLUTION,LONG,2023-10-16 17:00:00,16,947.55,5.5,20.0,58.044430373067385,211.07065590206324,False,2023-10-18 14:00:00,16,False,80.0,40.0,LOSS
USDCLP.mg,260,transition_resolution,TRANSITION_RESOLUTION,LONG,2023-10-18 17:00:00,16,939.75,8.799999999999955,7.2000000000000455,93.64192604416019,76.61612130885922,True,2023-10-20 14:00:00,16,False,80.0,40.0,WIN
USDCLP.mg,268,transition_resolution,TRANSITION_RESOLUTION,LONG,2023-10-26 18:00:00,16,933.45,0.7999999999999545,34.30000000000007,8.570357276768489,367.4540682414705,False,2023-10-31 15:00:00,16,False,80.0,40.0,LOSS
USDCLP.mg,271,transition_resolution,TRANSITION_RESOLUTION,LONG,2023-11-06 21:00:00,16,882.15,16.399999999999977,0.25,185.90942583460838,2.8339851499178144,True,2023-11-08 18:00:00,16,False,80.0,40.0,WIN
USDCLP.mg,273,transition_resolution,TRANSITION_RESOLUTION,LONG,2023-11-08 15:00:00,16,895.65,17.899999999999977,2.6000000000000227,199.8548540166357,29.029196672807714,True,2023-11-09 21:00:00,16,False,80.0,40.0,WIN
USDCLP.mg,276,transition_resolution,TRANSITION_RESOLUTION,LONG,2023-11-13 15:00:00,16,923.25,1.2000000000000455,33.200000000000045,12.997562956946066,359.59924180882797,False,2023-11-14 21:00:00,16,False,80.0,40.0,LOSS
USDCLP.mg,287,transition_resolution,TRANSITION_RESOLUTION,LONG,2023-11-17 16:00:00,16,889.55,2.800000000000068,15.599999999999909,31.47658928671877,175.36956888314214,False,2023-11-21 14:00:00,16,False,80.0,40.0,LOSS
USDCLP.mg,294,transition_resolution,TRANSITION_RESOLUTION,LONG,2023-11-23 17:00:00,16,876.95,2.3999999999999773,10.400000000000091,27.367580819886847,118.59285021951183,False,2023-11-27 15:00:00,16,False,80.0,40.0,LOSS
USDCLP.mg,313,transition_resolution,TRANSITION_RESOLUTION,LONG,2023-12-04 17:00:00,16,865.95,15.049999999999955,7.100000000000023,173.79756336970902,81.9908770714247,True,2023-12-06 14:00:00,16,False,80.0,40.0,LOSS
USDCLP.mg,317,transition_resolution,TRANSITION_RESOLUTION,LONG,2023-12-07 16:00:00,16,871.2,12.099999999999909,8.100000000000023,138.88888888888783,92.97520661157051,True,2023-12-12 13:00:00,16,False,80.0,40.0,LOSS
USDCLP.mg,327,transition_resolution,TRANSITION_RESOLUTION,LONG,2023-12-15 20:00:00,16,875.46,6.089999999999918,17.210000000000036,69.56342951134167,196.58236812647104,False,2023-12-19 18:00:00,16,False,80.0,40.0,LOSS
USDCLP.mg,331,transition_resolution,TRANSITION_RESOLUTION,LONG,2023-12-20 14:00:00,16,870.15,9.300000000000068,6.5499999999999545,106.87812446130056,75.27437798080739,True,2023-12-21 20:00:00,16,False,80.0,40.0,LOSS
USDCLP.mg,334,transition_resolution,TRANSITION_RESOLUTION,LONG,2023-12-21 16:00:00,16,874.65,27.450000000000045,6.199999999999932,313.8398216429434,70.88549705596446,True,2023-12-26 18:00:00,16,False,80.0,40.0,LOSS
USDCLP.mg,336,transition_resolution,TRANSITION_RESOLUTION,LONG,2023-12-22 14:00:00,16,880.5,21.600000000000023,6.350000000000023,245.31516183986398,72.11811470755279,True,2023-12-27 16:00:00,16,False,80.0,40.0,LOSS
USDCLP.mg,345,transition_resolution,TRANSITION_RESOLUTION,LONG,2024-01-04 15:00:00,16,883.15,18.200000000000045,9.0,206.08050727509536,101.90794315801394,True,2024-01-08 13:00:00,16,False,80.0,40.0,LOSS
USDCLP.mg,348,transition_resolution,TRANSITION_RESOLUTION,LONG,2024-01-09 17:00:00,16,918.35,5.100000000000023,10.399999999999977,55.534382316110666,113.24658354657785,False,2024-01-11 14:00:00,16,False,80.0,40.0,LOSS
USDCLP.mg,354,transition_resolution,TRANSITION_RESOLUTION,LONG,2024-01-16 17:00:00,16,927.45,4.0499999999999545,11.300000000000068,43.66812227074186,121.83945226157817,False,2024-01-18 14:00:00,16,False,80.0,40.0,LOSS
USDCLP.mg,359,transition_resolution,TRANSITION_RESOLUTION,LONG,2024-01-22 18:00:00,16,910.8,5.550000000000068,7.849999999999909,60.93544137022474,86.18796662274823,False,2024-01-24 17:00:00,16,False,80.0,40.0,LOSS
USDCLP.mg,362,transition_resolution,TRANSITION_RESOLUTION,LONG,2024-01-23 18:00:00,16,915.15,1.2000000000000455,12.199999999999932,13.112604491067536,133.31147899251414,False,2024-01-25 16:00:00,16,False,80.0,40.0,LOSS
USDCLP.mg,365,transition_resolution,TRANSITION_RESOLUTION,LONG,2024-01-26 17:00:00,16,918.95,15.399999999999977,1.6000000000000227,167.58256706023153,17.411175798465887,True,2024-01-30 15:00:00,16,False,80.0,40.0,WIN
USDCLP.mg,371,transition_resolution,TRANSITION_RESOLUTION,LONG,2024-02-01 16:00:00,16,933.45,25.799999999999955,5.0,276.39402217579897,53.564732979806095,True,2024-02-05 15:00:00,16,False,80.0,40.0,LOSS
USDCLP.mg,373,transition_resolution,TRANSITION_RESOLUTION,LONG,2024-02-02 17:00:00,16,946.75,12.700000000000045,2.3500000000000227,134.14312120411984,24.82175864800658,True,2024-02-06 16:00:00,16,False,80.0,40.0,WIN
USDCLP.mg,377,transition_resolution,TRANSITION_RESOLUTION,LONG,2024-02-07 17:00:00,16,952.3,18.65000000000009,6.599999999999909,195.84164653995686,69.3058910007341,True,2024-02-09 14:00:00,16,False,80.0,40.0,LOSS
USDCLP.mg,390,transition_resolution,TRANSITION_RESOLUTION,LONG,2024-02-22 16:00:00,16,972.95,14.799999999999955,4.100000000000023,152.1147027082579,42.13988385836911,True,2024-02-26 14:00:00,16,False,80.0,40.0,LOSS
USDCLP.mg,392,transition_resolution,TRANSITION_RESOLUTION,LONG,2024-02-26 15:00:00,16,987.95,2.599999999999909,9.300000000000068,26.317121311806353,94.13431853838826,False,2024-02-27 21:00:00,16,False,80.0,40.0,LOSS
USDCLP.mg,397,transition_resolution,TRANSITION_RESOLUTION,LONG,2024-03-01 16:00:00,16,968.65,11.800000000000068,6.899999999999977,121.8190264801535,71.23315955195352,True,2024-03-05 16:00:00,16,False,80.0,40.0,LOSS
USDCLP.mg,399,transition_resolution,TRANSITION_RESOLUTION,LONG,2024-03-04 16:00:00,16,972.5,10.25,3.5499999999999545,105.39845758354757,36.50385604113064,True,2024-03-06 15:00:00,16,False,80.0,40.0,WIN
USDCLP.mg,405,transition_resolution,TRANSITION_RESOLUTION,LONG,2024-03-15 16:00:00,16,944.15,13.600000000000023,4.0,144.04490811841364,42.366149446592175,True,2024-03-19 14:00:00,16,False,80.0,40.0,LOSS
USDCLP.mg,409,transition_resolution,TRANSITION_RESOLUTION,LONG,2024-03-19 16:00:00,16,963.65,18.399999999999977,5.0,190.9406942354587,51.886058216157316,True,2024-03-21 13:00:00,16,False,80.0,40.0,LOSS
USDCLP.mg,419,transition_resolution,TRANSITION_RESOLUTION,LONG,2024-03-26 16:00:00,16,982.45,6.0,4.670000000000073,61.07181027024276,47.53422566033969,True,2024-03-28 14:00:00,16,False,80.0,40.0,LOSS
USDCLP.mg,424,transition_resolution,TRANSITION_RESOLUTION,LONG,2024-04-01 17:00:00,16,987.45,0.049999999999954525,27.0,0.5063547521388883,273.4315661552484,False,2024-04-03 15:00:00,16,False,80.0,40.0,LOSS
USDCLP.mg,441,transition_resolution,TRANSITION_RESOLUTION,LONG,2024-04-12 18:00:00,16,968.5,21.049999999999955,3.6499999999999773,217.346411977284,37.68714506969517,True,2024-04-16 16:00:00,16,False,80.0,40.0,WIN
USDCLP.mg,449,transition_resolution,TRANSITION_RESOLUTION,LONG,2024-04-23 22:00:00,16,955.75,5.2999999999999545,10.799999999999955,55.45383206905524,113.0002615746791,False,2024-04-25 19:00:00,16,False,80.0,40.0,LOSS
USDCLP.mg,455,transition_resolution,TRANSITION_RESOLUTION,LONG,2024-04-30 15:00:00,16,954.2,6.649999999999977,8.850000000000023,69.69188849297818,92.74785160343767,False,2024-05-02 21:00:00,16,False,80.0,40.0,LOSS
USDCLP.mg,459,transition_resolution,TRANSITION_RESOLUTION,LONG,2024-05-07 21:00:00,16,936.35,4.149999999999977,10.399999999999977,44.32103380146288,111.06957868318446,False,2024-05-09 18:00:00,16,False,80.0,40.0,LOSS
USDCLP.mg,472,transition_resolution,TRANSITION_RESOLUTION,LONG,2024-05-22 18:00:00,16,906.05,5.400000000000091,4.2999999999999545,59.59935985872845,47.458749517134315,True,2024-05-24 15:00:00,16,False,80.0,40.0,LOSS
USDCLP.mg,482,transition_resolution,TRANSITION_RESOLUTION,LONG,2024-05-29 15:00:00,16,907.45,14.599999999999909,5.5,160.89040718496784,60.60939996694032,True,2024-05-30 21:00:00,16,False,80.0,40.0,LOSS
USDCLP.mg,486,transition_resolution,TRANSITION_RESOLUTION,LONG,2024-05-31 21:00:00,16,920.35,0.0,20.100000000000023,0.0,218.39517574835685,False,2024-06-04 19:00:00,16,False,80.0,40.0,LOSS
USDCLP.mg,490,transition_resolution,TRANSITION_RESOLUTION,LONG,2024-06-05 19:00:00,16,910.25,9.450000000000045,4.2000000000000455,103.81763251853936,46.141170008239996,True,2024-06-07 17:00:00,16,False,80.0,40.0,LOSS
USDCLP.mg,497,transition_resolution,TRANSITION_RESOLUTION,LONG,2024-06-12 22:00:00,16,917.94,15.509999999999991,4.290000000000077,168.96529184914036,46.73508072423119,True,2024-06-14 19:00:00,16,False,80.0,40.0,LOSS
USDCLP.mg,502,transition_resolution,TRANSITION_RESOLUTION,LONG,2024-06-21 17:00:00,16,939.9,8.149999999999977,2.449999999999932,86.71135227151801,26.066602830087582,True,2024-06-25 15:00:00,16,False,80.0,40.0,WIN
USDCLP.mg,506,transition_resolution,TRANSITION_RESOLUTION,LONG,2024-06-26 18:00:00,16,950.75,5.0,8.200000000000045,52.59006047856955,86.24769918485454,False,2024-06-28 15:00:00,16,False,80.0,40.0,LOSS
USDCLP.mg,519,transition_resolution,TRANSITION_RESOLUTION,LONG,2024-07-05 19:00:00,16,936.45,5.2999999999999545,7.5,56.59672166159383,80.08970046452025,False,2024-07-09 17:00:00,16,False,80.0,40.0,LOSS
USDCLP.mg,522,transition_resolution,TRANSITION_RESOLUTION,LONG,2024-07-11 19:00:00,16,912.95,2.599999999999909,8.0,28.4791061942046,87.62801905909414,False,2024-07-15 17:00:00,16,False,80.0,40.0,LOSS
USDCLP.mg,527,transition_resolution,TRANSITION_RESOLUTION,LONG,2024-07-17 17:00:00,16,923.35,20.149999999999977,3.800000000000068,218.22710781393812,41.1544917961777,True,2024-07-19 14:00:00,16,False,80.0,40.0,LOSS
USDCLP.mg,529,transition_resolution,TRANSITION_RESOLUTION,LONG,2024-07-19 20:00:00,16,947.6,4.899999999999977,6.850000000000023,51.70958210215257,72.28788518362202,False,2024-07-23 18:00:00,16,False,80.0,40.0,LOSS
USDCLP.mg,538,transition_resolution,TRANSITION_RESOLUTION,LONG,2024-07-25 20:00:00,16,950.65,8.899999999999977,4.0,93.62015463104167,42.07647399147952,True,2024-07-29 18:00:00,16,False,80.0,40.0,LOSS
USDCLP.mg,543,transition_resolution,TRANSITION_RESOLUTION,LONG,2024-08-01 17:00:00,16,941.55,22.800000000000068,6.0,242.15389517285402,63.724709256014016,True,2024-08-05 15:00:00,16,False,80.0,40.0,LOSS
USDCLP.mg,552,transition_resolution,TRANSITION_RESOLUTION,LONG,2024-08-12 18:00:00,16,935.75,0.0,6.600000000000023,0.0,70.53165909698127,False,2024-08-14 15:00:00,16,False,80.0,40.0,LOSS
USDCLP.mg,555,transition_resolution,TRANSITION_RESOLUTION,LONG,2024-08-14 21:00:00,16,934.05,6.0,11.699999999999932,64.23638991488679,125.26096033402851,False,2024-08-19 19:00:00,16,False,80.0,40.0,LOSS
USDCLP.mg,557,transition_resolution,TRANSITION_RESOLUTION,LONG,2024-08-16 18:00:00,16,936.5,3.5499999999999545,17.950000000000045,37.90710090763432,191.67111585691455,False,2024-08-20 16:00:00,16,False,80.0,40.0,LOSS
USDCLP.mg,569,transition_resolution,TRANSITION_RESOLUTION,LONG,2024-08-28 16:00:00,16,909.25,10.899999999999977,0.20000000000004547,119.87902117129478,2.1996150673637116,True,2024-08-29 22:00:00,16,False,80.0,40.0,WIN
USDCLP.mg,575,transition_resolution,TRANSITION_RESOLUTION,LONG,2024-08-30 16:00:00,16,916.7,5.7999999999999545,6.25,63.27042652994387,68.1793389331297,False,2024-09-03 14:00:00,16,False,80.0,40.0,LOSS
USDCLP.mg,581,transition_resolution,TRANSITION_RESOLUTION,LONG,2024-09-02 20:00:00,16,917.75,20.600000000000023,0.2999999999999545,224.46199945518958,3.268864069735271,True,2024-09-04 17:00:00,16,False,80.0,40.0,WIN
USDCLP.mg,583,transition_resolution,TRANSITION_RESOLUTION,LONG,2024-09-03 18:00:00,16,928.45,16.59999999999991,2.400000000000091,178.79261134148214,25.84953416985396,True,2024-09-05 15:00:00,16,False,80.0,40.0,WIN
USDCLP.mg,586,transition_resolution,TRANSITION_RESOLUTION,LONG,2024-09-06 17:00:00,16,947.45,3.0,6.7000000000000455,31.663940049606836,70.71613277745575,False,2024-09-10 14:00:00,16,False,80.0,40.0,LOSS
USDCLP.mg,588,transition_resolution,TRANSITION_RESOLUTION,LONG,2024-09-10 16:00:00,16,949.85,1.6499999999999773,14.0,17.371163867978915,147.39169342527765,False,2024-09-12 13:00:00,16,False,80.0,40.0,LOSS
USDCLP.mg,595,transition_resolution,TRANSITION_RESOLUTION,LONG,2024-09-23 15:00:00,16,922.95,4.0,14.5,43.33929248605016,157.10493526193184,False,2024-09-24 21:00:00,16,False,80.0,40.0,LOSS
USDCLP.mg,601,transition_resolution,TRANSITION_RESOLUTION,LONG,2024-10-02 16:00:00,16,911.85,10.600000000000023,4.850000000000023,116.24718977902091,53.18857268191065,True,2024-10-04 13:00:00,16,False,80.0,40.0,LOSS
USDCLP.mg,603,transition_resolution,TRANSITION_RESOLUTION,LONG,2024-10-04 14:00:00,16,923.95,4.699999999999932,5.400000000000091,50.868553493153655,58.44472103468901,False,2024-10-07 21:00:00,16,False,80.0,40.0,LOSS
USDCLP.mg,607,transition_resolution,TRANSITION_RESOLUTION,LONG,2024-10-15 14:00:00,16,934.95,8.549999999999955,5.600000000000023,91.44874057436178,59.896251136424645,True,2024-10-16 20:00:00,16,False,80.0,40.0,LOSS
USDCLP.mg,609,transition_resolution,TRANSITION_RESOLUTION,LONG,2024-10-17 14:00:00,16,941.55,11.950000000000045,5.5,126.91837926822842,58.41431681801286,True,2024-10-18 20:00:00,16,False,80.0,40.0,LOSS
USDCLP.mg,611,transition_resolution,TRANSITION_RESOLUTION,LONG,2024-10-18 16:00:00,16,948.35,8.350000000000023,5.050000000000068,88.04766172826513,53.25038224284355,True,2024-10-22 14:00:00,16,False,80.0,40.0,LOSS
USDCLP.mg,620,transition_resolution,TRANSITION_RESOLUTION,LONG,2024-10-29 16:00:00,16,951.65,12.700000000000045,3.6000000000000227,133.45242473598535,37.82903378342902,True,2024-11-04 16:00:00,16,False,80.0,40.0,WIN
USDCLP.mg,624,transition_resolution,TRANSITION_RESOLUTION,LONG,2024-11-06 17:00:00,16,963.55,8.400000000000091,19.09999999999991,87.17762440973577,198.22531264594375,False,2024-11-08 14:00:00,16,False,80.0,40.0,WIN
USDCLP.mg,628,transition_resolution,TRANSITION_RESOLUTION,LONG,2024-11-08 16:00:00,16,963.65,23.850000000000023,3.7999999999999545,247.49649769107066,39.433404244279096,True,2024-11-12 14:00:00,16,False,80.0,40.0,WIN
USDCLP.mg,635,transition_resolution,TRANSITION_RESOLUTION,LONG,2024-11-15 18:00:00,16,979.5,2.0499999999999545,7.7000000000000455,20.929045431342058,78.61153649821384,False,2024-11-19 16:00:00,16,False,80.0,40.0,LOSS
USDCLP.mg,649,transition_resolution,TRANSITION_RESOLUTION,LONG,2024-11-26 20:00:00,16,977.35,2.6000000000000227,4.7000000000000455,26.602547705530494,48.08922085230516,False,2024-11-28 17:00:00,16,False,80.0,40.0,LOSS
USDCLP.mg,658,transition_resolution,TRANSITION_RESOLUTION,LONG,2024-12-02 15:00:00,16,980.55,0.7000000000000455,10.0,7.138850645046612,101.98358064351639,False,2024-12-03 21:00:00,16,False,80.0,40.0,LOSS
USDCLP.mg,664,transition_resolution,TRANSITION_RESOLUTION,LONG,2024-12-06 16:00:00,16,973.15,2.8500000000000227,5.600000000000023,29.286338180136905,57.54508554693545,False,2024-12-10 14:00:00,16,False,80.0,40.0,LOSS
USDCLP.mg,666,transition_resolution,TRANSITION_RESOLUTION,LONG,2024-12-10 17:00:00,16,975.65,2.4500000000000455,4.2999999999999545,25.11146415210419,44.07318198124281,False,2024-12-12 14:00:00,16,False,80.0,40.0,LOSS
USDCLP.mg,671,transition_resolution,TRANSITION_RESOLUTION,LONG,2024-12-12 17:00:00,16,976.95,15.799999999999955,1.8000000000000682,161.72782639848464,18.424689083372414,True,2024-12-16 15:00:00,16,False,80.0,40.0,WIN
USDCLP.mg,2,transition_resolution,TRANSITION_RESOLUTION,SHORT,2023-01-06 15:00:00,16,843.4,18.899999999999977,5.399999999999977,224.09295707849157,64.0265591652831,True,2023-01-10 17:00:00,16,False,80.0,40.0,LOSS
USDCLP.mg,9,transition_resolution,TRANSITION_RESOLUTION,SHORT,2023-01-17 19:00:00,16,815.2,7.7000000000000455,18.299999999999955,94.45534838076601,224.4847890088316,False,2023-01-19 20:00:00,16,False,80.0,40.0,WIN
USDCLP.mg,14,transition_resolution,TRANSITION_RESOLUTION,SHORT,2023-01-24 16:00:00,16,799.8,2.0,7.400000000000091,25.00625156289072,92.52313078269682,False,2023-01-26 17:00:00,16,False,80.0,40.0,LOSS
USDCLP.mg,22,transition_resolution,TRANSITION_RESOLUTION,SHORT,2023-01-31 15:00:00,16,797.3,20.5,8.600000000000023,257.1177724821272,107.86404113884389,True,2023-02-02 16:00:00,16,False,80.0,40.0,LOSS
USDCLP.mg,26,transition_resolution,TRANSITION_RESOLUTION,SHORT,2023-02-08 16:00:00,16,797.0,6.7999999999999545,7.899999999999977,85.31994981179366,99.12170639899595,False,2023-02-10 17:00:00,16,False,80.0,40.0,WIN
USDCLP.mg,46,transition_resolution,TRANSITION_RESOLUTION,SHORT,2023-03-03 16:00:00,16,804.9,12.799999999999955,7.0,159.0259659585036,86.96732513355697,True,2023-03-07 19:00:00,16,False,80.0,40.0,LOSS
USDCLP.mg,49,transition_resolution,TRANSITION_RESOLUTION,SHORT,2023-03-09 16:00:00,16,796.65,6.0499999999999545,15.450000000000045,75.94301136006972,193.93711165505613,False,2023-03-13 15:00:00,16,False,80.0,40.0,LOSS
USDCLP.mg,57,transition_resolution,TRANSITION_RESOLUTION,SHORT,2023-03-22 18:00:00,16,812.4,12.100000000000023,4.399999999999977,148.94140817331393,54.16051206302286,True,2023-03-24 15:00:00,16,False,80.0,40.0,LOSS
USDCLP.mg,59,transition_resolution,TRANSITION_RESOLUTION,SHORT,2023-03-23 16:00:00,16,800.8,0.5,14.300000000000068,6.243756243756244,178.57142857142944,False,2023-03-27 14:00:00,16,False,80.0,40.0,LOSS
USDCLP.mg,64,transition_resolution,TRANSITION_RESOLUTION,SHORT,2023-03-27 15:00:00,16,802.35,7.350000000000023,6.75,91.60590764628931,84.12787436904094,True,2023-03-28 21:00:00,16,False,80.0,40.0,LOSS
USDCLP.mg,78,transition_resolution,TRANSITION_RESOLUTION,SHORT,2023-04-13 17:00:00,16,792.7,1.1000000000000227,10.299999999999955,13.876624195786839,129.9356629241826,False,2023-04-17 17:00:00,16,False,80.0,40.0,LOSS
USDCLP.mg,86,transition_resolution,TRANSITION_RESOLUTION,SHORT,2023-04-19 17:00:00,16,794.2,5.5,2.7999999999999545,69.25207756232687,35.25560312263856,True,2023-04-21 14:00:00,16,False,80.0,40.0,NONE
USDCLP.mg,89,transition_resolution,TRANSITION_RESOLUTION,SHORT,2023-04-20 18:00:00,16,788.9,0.1999999999999318,29.649999999999977,2.5351755609067284,375.8397769045504,False,2023-04-24 16:00:00,16,False,80.0,40.0,LOSS
USDCLP.mg,95,transition_resolution,TRANSITION_RESOLUTION,SHORT,2023-05-03 17:00:00,16,803.5,6.9500000000000455,2.7999999999999545,86.49657747355377,34.8475420037331,True,2023-05-05 14:00:00,16,False,80.0,40.0,WIN
USDCLP.mg,100,transition_resolution,TRANSITION_RESOLUTION,SHORT,2023-05-04 21:00:00,16,798.0,9.600000000000023,0.6000000000000227,120.30075187969953,7.518796992481487,True,2023-05-08 19:00:00,16,False,80.0,40.0,WIN
USDCLP.mg,103,transition_resolution,TRANSITION_RESOLUTION,SHORT,2023-05-09 16:00:00,16,792.9,7.699999999999932,2.5,97.11186782696345,31.529827216546856,True,2023-05-10 22:00:00,16,False,80.0,40.0,WIN
USDCLP.mg,108,transition_resolution,TRANSITION_RESOLUTION,SHORT,2023-05-15 18:00:00,16,784.95,2.0,19.0,25.479329893623795,242.05363398942606,False,2023-05-17 15:00:00,16,False,80.0,40.0,LOSS
USDCLP.mg,112,transition_resolution,TRANSITION_RESOLUTION,SHORT,2023-05-17 17:00:00,16,795.95,6.5,4.0,81.66342106916262,50.254412965638544,True,2023-05-19 14:00:00,16,False,80.0,40.0,LOSS
USDCLP.mg,116,transition_resolution,TRANSITION_RESOLUTION,SHORT,2023-05-22 19:00:00,16,796.95,1.7000000000000455,14.099999999999909,21.33132567915234,176.92452475061054,False,2023-05-24 16:00:00,16,False,80.0,40.0,LOSS
USDCLP.mg,120,transition_resolution,TRANSITION_RESOLUTION,SHORT,2023-05-26 17:00:00,16,801.5,4.350000000000023,4.25,54.273237679351496,53.025577043044294,True,2023-05-30 15:00:00,16,False,80.0,40.0,LOSS
USDCLP.mg,132,transition_resolution,TRANSITION_RESOLUTION,SHORT,2023-06-06 17:00:00,16,795.95,5.0,0.7999999999999545,62.818016207048174,10.050882593127138,True,2023-06-08 14:00:00,16,False,80.0,40.0,NONE
USDCLP.mg,134,transition_resolution,TRANSITION_RESOLUTION,SHORT,2023-06-07 16:00:00,16,791.95,5.7000000000000455,2.8999999999999773,71.97424079803075,36.61847338847121,True,2023-06-08 22:00:00,16,False,80.0,40.0,NONE
USDCLP.mg,136,transition_resolution,TRANSITION_RESOLUTION,SHORT,2023-06-07 18:00:00,16,791.3,5.349999999999909,3.550000000000068,67.61026159484278,44.86288386200011,True,2023-06-09 15:00:00,16,False,80.0,40.0,LOSS
USDCLP.mg,138,transition_resolution,TRANSITION_RESOLUTION,SHORT,2023-06-08 17:00:00,16,788.05,4.849999999999909,18.850000000000023,61.54431825391674,239.19802043017603,False,2023-06-12 15:00:00,16,False,80.0,40.0,LOSS
USDCLP.mg,140,transition_resolution,TRANSITION_RESOLUTION,SHORT,2023-06-08 20:00:00,16,786.95,3.75,21.799999999999955,47.6523286104581,277.01887032212915,False,2023-06-12 18:00:00,16,False,80.0,40.0,LOSS
USDCLP.mg,145,transition_resolution,TRANSITION_RESOLUTION,SHORT,2023-06-15 17:00:00,16,793.15,2.0499999999999545,4.300000000000068,25.846309020991672,54.2142091659846,False,2023-06-19 15:00:00,16,False,80.0,40.0,LOSS
USDCLP.mg,149,transition_resolution,TRANSITION_RESOLUTION,SHORT,2023-06-27 17:00:00,16,796.15,1.4499999999999318,6.899999999999977,18.212648370281126,86.6670853482381,False,2023-06-29 14:00:00,16,False,80.0,40.0,LOSS
USDCLP.mg,172,transition_resolution,TRANSITION_RESOLUTION,SHORT,2023-07-18 16:00:00,16,814.45,8.5,3.0,104.36490883418257,36.83467370618209,True,2023-07-19 22:00:00,16,False,80.0,40.0,WIN
USDCLP.mg,174,transition_resolution,TRANSITION_RESOLUTION,SHORT,2023-07-19 15:00:00,16,812.6,9.649999999999977,5.449999999999932,118.75461481663767,67.06866847157188,True,2023-07-20 21:00:00,16,False,80.0,40.0,WIN
USDCLP.mg,182,transition_resolution,TRANSITION_RESOLUTION,SHORT,2023-07-26 17:00:00,16,825.15,3.6000000000000227,4.350000000000023,43.628431194328584,52.71768769314698,False,2023-07-28 14:00:00,16,False,80.0,40.0,LOSS
USDCLP.mg,191,transition_resolution,TRANSITION_RESOLUTION,SHORT,2023-07-28 19:00:00,16,829.2,0.75,16.84999999999991,9.044862518089724,203.20791123974803,False,2023-08-01 17:00:00,16,False,80.0,40.0,LOSS
USDCLP.mg,195,transition_resolution,TRANSITION_RESOLUTION,SHORT,2023-08-02 22:00:00,16,848.45,5.850000000000023,10.699999999999932,68.94926041605306,126.11232247038636,False,2023-08-04 19:00:00,16,False,80.0,40.0,LOSS
USDCLP.mg,203,transition_resolution,TRANSITION_RESOLUTION,SHORT,2023-08-10 21:00:00,16,845.45,0.5,23.59999999999991,5.914010290377905,279.141285705836,False,2023-08-14 19:00:00,16,False,80.0,40.0,LOSS
USDCLP.mg,207,transition_resolution,TRANSITION_RESOLUTION,SHORT,2023-08-14 19:00:00,16,853.65,2.6000000000000227,15.350000000000023,30.45744743161744,179.81608387512472,False,2023-08-17 17:00:00,16,False,80.0,40.0,LOSS
USDCLP.mg,219,transition_resolution,TRANSITION_RESOLUTION,SHORT,2023-08-23 15:00:00,16,863.25,20.5,5.7000000000000455,237.47465971618882,66.02953953084328,True,2023-08-24 21:00:00,16,False,80.0,40.0,LOSS
USDCLP.mg,221,transition_resolution,TRANSITION_RESOLUTION,SHORT,2023-08-24 15:00:00,16,854.45,17.5,5.0,204.81011176780382,58.5171747908011,True,2023-08-25 21:00:00,16,False,80.0,40.0,LOSS
USDCLP.mg,223,transition_resolution,TRANSITION_RESOLUTION,SHORT,2023-08-24 20:00:00,16,842.75,5.7999999999999545,10.100000000000023,68.82230792049783,119.84574310293709,False,2023-08-28 18:00:00,16,False,80.0,40.0,LOSS
USDCLP.mg,259,transition_resolution,TRANSITION_RESOLUTION,SHORT,2023-10-17 16:00:00,16,942.95,15.400000000000091,5.2999999999999545,163.31724905880577,56.206585715042735,True,2023-10-19 13:00:00,16,False,80.0,40.0,LOSS
USDCLP.mg,261,transition_resolution,TRANSITION_RESOLUTION,SHORT,2023-10-19 15:00:00,16,938.75,6.2000000000000455,9.799999999999955,66.04527296937465,104.39414114513933,False,2023-10-23 13:00:00,16,False,80.0,40.0,LOSS
USDCLP.mg,266,transition_resolution,TRANSITION_RESOLUTION,SHORT,2023-10-23 16:00:00,16,933.55,9.0,7.7000000000000455,96.40619141984898,82.4808526592046,True,2023-10-25 13:00:00,16,False,80.0,40.0,LOSS
USDCLP.mg,270,transition_resolution,TRANSITION_RESOLUTION,SHORT,2023-11-03 14:00:00,16,883.7,11.25,5.75,127.3056467126853,65.06733054203916,True,2023-11-06 21:00:00,16,False,80.0,40.0,LOSS
USDCLP.mg,277,transition_resolution,TRANSITION_RESOLUTION,SHORT,2023-11-14 15:00:00,16,910.35,30.050000000000068,7.600000000000023,330.09282144230315,83.48437414181384,True,2023-11-15 21:00:00,16,False,80.0,40.0,LOSS
USDCLP.mg,279,transition_resolution,TRANSITION_RESOLUTION,SHORT,2023-11-15 17:00:00,16,881.55,6.099999999999909,7.400000000000091,69.1963019681233,83.94305484657808,False,2023-11-17 14:00:00,16,False,80.0,40.0,LOSS
USDCLP.mg,282,transition_resolution,TRANSITION_RESOLUTION,SHORT,2023-11-16 15:00:00,16,876.95,1.5,15.399999999999977,17.104738012429443,175.60864359427535,False,2023-11-20 13:00:00,16,False,80.0,40.0,LOSS
USDCLP.mg,290,transition_resolution,TRANSITION_RESOLUTION,SHORT,2023-11-21 19:00:00,16,868.45,3.300000000000068,10.049999999999955,37.998733375554934,115.7234152800962,False,2023-11-23 16:00:00,16,False,80.0,40.0,LOSS
USDCLP.mg,301,transition_resolution,TRANSITION_RESOLUTION,SHORT,2023-11-28 18:00:00,16,866.85,3.800000000000068,5.899999999999977,43.8368806598612,68.06252523504617,False,2023-11-30 15:00:00,16,False,80.0,40.0,LOSS
USDCLP.mg,310,transition_resolution,TRANSITION_RESOLUTION,SHORT,2023-12-01 16:00:00,16,861.25,6.5,12.200000000000045,75.47169811320755,141.65457184325163,False,2023-12-05 14:00:00,16,False,80.0,40.0,LOSS
USDCLP.mg,316,transition_resolution,TRANSITION_RESOLUTION,SHORT,2023-12-06 17:00:00,16,870.15,8.649999999999977,5.800000000000068,99.408148020456,66.65517439522,True,2023-12-11 14:00:00,16,False,80.0,40.0,LOSS
USDCLP.mg,320,transition_resolution,TRANSITION_RESOLUTION,SHORT,2023-12-12 19:00:00,16,875.15,11.949999999999932,3.7000000000000455,136.54802033936963,42.27846654859219,True,2023-12-14 16:00:00,16,False,80.0,40.0,LOSS
USDCLP.mg,324,transition_resolution,TRANSITION_RESOLUTION,SHORT,2023-12-13 21:00:00,16,869.95,7.7000000000000455,5.5,88.510833955975,63.22202425426748,True,2023-12-15 18:00:00,16,False,80.0,40.0,LOSS
USDCLP.mg,341,transition_resolution,TRANSITION_RESOLUTION,SHORT,2023-12-29 15:00:00,16,875.75,3.7999999999999545,13.299999999999955,43.391378818155346,151.869825863545,False,2024-01-03 17:00:00,16,False,80.0,40.0,LOSS
USDCLP.mg,344,transition_resolution,TRANSITION_RESOLUTION,SHORT,2024-01-03 17:00:00,16,881.85,7.7000000000000455,15.399999999999977,87.31643703577758,174.63287407155386,False,2024-01-05 14:00:00,16,False,80.0,40.0,WIN
USDCLP.mg,346,transition_resolution,TRANSITION_RESOLUTION,SHORT,2024-01-05 18:00:00,16,887.55,0.2999999999999545,28.300000000000068,3.3800912624635746,318.85527575911294,False,2024-01-09 16:00:00,16,False,80.0,40.0,LOSS
USDCLP.mg,356,transition_resolution,TRANSITION_RESOLUTION,SHORT,2024-01-17 17:00:00,16,921.65,13.299999999999955,5.350000000000023,144.30640698746762,58.04806596864344,True,2024-01-19 14:00:00,16,False,80.0,40.0,LOSS
USDCLP.mg,358,transition_resolution,TRANSITION_RESOLUTION,SHORT,2024-01-22 15:00:00,16,902.25,0.75,14.100000000000023,8.31255195344971,156.27597672485476,False,2024-01-24 14:00:00,16,False,80.0,40.0,LOSS
USDCLP.mg,383,transition_resolution,TRANSITION_RESOLUTION,SHORT,2024-02-14 16:00:00,16,956.55,2.0,10.900000000000091,20.908473158747586,113.95117871517527,False,2024-02-16 13:00:00,16,False,80.0,40.0,LOSS
USDCLP.mg,386,transition_resolution,TRANSITION_RESOLUTION,SHORT,2024-02-19 15:00:00,16,963.05,2.5,5.5,25.959192149940293,57.110222729868646,False,2024-02-21 13:00:00,16,False,80.0,40.0,LOSS
USDCLP.mg,395,transition_resolution,TRANSITION_RESOLUTION,SHORT,2024-02-28 20:00:00,16,976.75,16.200000000000045,1.2000000000000455,165.8561556181218,12.285641156898341,True,2024-03-01 18:00:00,16,False,80.0,40.0,WIN
USDCLP.mg,411,transition_resolution,TRANSITION_RESOLUTION,SHORT,2024-03-20 20:00:00,16,966.46,3.009999999999991,17.889999999999986,31.144589532934532,185.10854044657808,False,2024-03-22 18:00:00,16,False,80.0,40.0,LOSS
USDCLP.mg,421,transition_resolution,TRANSITION_RESOLUTION,SHORT,2024-03-27 15:00:00,16,985.5,13.850000000000023,0.9500000000000455,140.5377980720449,9.639776763064896,True,2024-04-01 15:00:00,16,False,80.0,40.0,WIN
USDCLP.mg,426,transition_resolution,TRANSITION_RESOLUTION,SHORT,2024-04-02 19:00:00,16,975.7,36.75,0.049999999999954525,376.65265962898434,0.5124525981342064,True,2024-04-04 16:00:00,16,False,80.0,40.0,WIN
USDCLP.mg,428,transition_resolution,TRANSITION_RESOLUTION,SHORT,2024-04-03 14:00:00,16,964.55,27.0,6.300000000000068,279.92328028614384,65.3154320667676,True,2024-04-04 20:00:00,16,False,80.0,40.0,LOSS
USDCLP.mg,430,transition_resolution,TRANSITION_RESOLUTION,SHORT,2024-04-08 15:00:00,16,946.35,10.300000000000068,6.399999999999977,108.83922438844053,67.6282559306808,True,2024-04-09 21:00:00,16,False,80.0,40.0,LOSS
USDCLP.mg,446,transition_resolution,TRANSITION_RESOLUTION,SHORT,2024-04-18 16:00:00,16,965.95,16.100000000000023,5.2999999999999545,166.67529375226482,54.86826440291893,True,2024-04-22 14:00:00,16,False,80.0,40.0,LOSS
USDCLP.mg,451,transition_resolution,TRANSITION_RESOLUTION,SHORT,2024-04-24 20:00:00,16,951.95,9.300000000000068,0.6499999999999773,97.6942066285001,6.828089710593805,True,2024-04-26 17:00:00,16,False,80.0,40.0,WIN
USDCLP.mg,453,transition_resolution,TRANSITION_RESOLUTION,SHORT,2024-04-29 17:00:00,16,941.2,2.5,19.649999999999977,26.56183595410115,208.7760305992348,False,2024-05-02 15:00:00,16,False,80.0,40.0,LOSS
USDCLP.mg,456,transition_resolution,TRANSITION_RESOLUTION,SHORT,2024-05-02 20:00:00,16,946.2,19.700000000000045,0.9499999999999318,208.2012259564579,10.04016064256956,True,2024-05-06 18:00:00,16,False,80.0,40.0,WIN
USDCLP.mg,461,transition_resolution,TRANSITION_RESOLUTION,SHORT,2024-05-08 17:00:00,16,932.35,10.649999999999977,5.2999999999999545,114.22748967662334,56.84560519118308,True,2024-05-10 14:00:00,16,False,80.0,40.0,LOSS
USDCLP.mg,463,transition_resolution,TRANSITION_RESOLUTION,SHORT,2024-05-09 20:00:00,16,925.95,7.800000000000068,0.0,84.23780981694549,0.0,True,2024-05-13 18:00:00,16,False,80.0,40.0,WIN
USDCLP.mg,468,transition_resolution,TRANSITION_RESOLUTION,SHORT,2024-05-14 17:00:00,16,913.95,12.900000000000091,4.0,141.14557689151584,43.76607035395809,True,2024-05-16 14:00:00,16,False,80.0,40.0,LOSS
USDCLP.mg,470,transition_resolution,TRANSITION_RESOLUTION,SHORT,2024-05-15 18:00:00,16,905.05,8.599999999999909,4.2000000000000455,95.02237445444904,46.40627589635982,True,2024-05-17 15:00:00,16,False,80.0,40.0,LOSS
USDCLP.mg,479,transition_resolution,TRANSITION_RESOLUTION,SHORT,2024-05-24 16:00:00,16,899.65,4.149999999999977,4.300000000000068,46.129050186183264,47.79636525315476,False,2024-05-28 19:00:00,16,False,80.0,40.0,LOSS
USDCLP.mg,488,transition_resolution,TRANSITION_RESOLUTION,SHORT,2024-06-03 16:00:00,16,909.1,8.850000000000023,4.149999999999977,97.34902650973515,45.649543504564704,True,2024-06-04 22:00:00,16,False,80.0,40.0,LOSS
USDCLP.mg,492,transition_resolution,TRANSITION_RESOLUTION,SHORT,2024-06-06 19:00:00,16,906.1,0.05000000000006821,20.149999999999977,0.5518154729066131,222.38163558106143,False,2024-06-10 18:00:00,16,False,80.0,40.0,LOSS
USDCLP.mg,504,transition_resolution,TRANSITION_RESOLUTION,SHORT,2024-06-25 16:00:00,16,941.95,3.150000000000091,10.25,33.44126545995107,108.81681617920272,False,2024-06-26 22:00:00,16,False,80.0,40.0,LOSS
USDCLP.mg,508,transition_resolution,TRANSITION_RESOLUTION,SHORT,2024-06-27 15:00:00,16,944.65,4.699999999999932,11.100000000000023,49.75387709733692,117.50383740009552,False,2024-06-28 21:00:00,16,False,80.0,40.0,LOSS
USDCLP.mg,510,transition_resolution,TRANSITION_RESOLUTION,SHORT,2024-06-28 20:00:00,16,939.95,1.400000000000091,9.0,14.894409277090173,95.7497739241449,False,2024-07-02 18:00:00,16,False,80.0,40.0,LOSS
USDCLP.mg,521,transition_resolution,TRANSITION_RESOLUTION,SHORT,2024-07-09 15:00:00,16,933.95,23.200000000000045,4.349999999999909,248.40730231811173,46.57636918464488,True,2024-07-10 21:00:00,16,False,80.0,40.0,LOSS
USDCLP.mg,524,transition_resolution,TRANSITION_RESOLUTION,SHORT,2024-07-12 19:00:00,16,905.25,0.2999999999999545,18.600000000000023,3.3140016570003263,205.46810273405163,False,2024-07-17 17:00:00,16,False,80.0,40.0,LOSS
USDCLP.mg,544,transition_resolution,TRANSITION_RESOLUTION,SHORT,2024-08-06 17:00:00,16,943.85,5.800000000000068,3.699999999999932,61.45044233723651,39.20114424961521,True,2024-08-08 14:00:00,16,False,80.0,40.0,NONE
USDCLP.mg,553,transition_resolution,TRANSITION_RESOLUTION,SHORT,2024-08-13 18:00:00,16,929.15,2.699999999999932,5.2000000000000455,29.058817198514035,55.96512941936228,False,2024-08-16 15:00:00,16,False,80.0,40.0,LOSS
USDCLP.mg,559,transition_resolution,TRANSITION_RESOLUTION,SHORT,2024-08-19 17:00:00,16,925.45,6.900000000000091,2.7999999999999545,74.55832297801167,30.255551353395152,True,2024-08-21 14:00:00,16,False,80.0,40.0,NONE
USDCLP.mg,562,transition_resolution,TRANSITION_RESOLUTION,SHORT,2024-08-21 16:00:00,16,918.55,4.7999999999999545,4.400000000000091,52.256273474497355,47.90158401829069,True,2024-08-22 22:00:00,16,False,80.0,40.0,LOSS
USDCLP.mg,566,transition_resolution,TRANSITION_RESOLUTION,SHORT,2024-08-23 16:00:00,16,909.55,5.399999999999977,6.350000000000023,59.370018140838624,69.81474355450523,False,2024-08-27 14:00:00,16,False,80.0,40.0,LOSS
USDCLP.mg,596,transition_resolution,TRANSITION_RESOLUTION,SHORT,2024-09-23 18:00:00,16,921.95,13.5,1.5499999999999545,146.42876511741417,16.81219155051743,True,2024-09-25 15:00:00,16,False,80.0,40.0,WIN
USDCLP.mg,608,transition_resolution,TRANSITION_RESOLUTION,SHORT,2024-10-16 18:00:00,16,936.85,3.0,13.699999999999932,32.022202060095,146.23472274109977,False,2024-10-18 15:00:00,16,False,80.0,40.0,LOSS
USDCLP.mg,615,transition_resolution,TRANSITION_RESOLUTION,SHORT,2024-10-23 16:00:00,16,947.15,6.5499999999999545,2.8999999999999773,69.15483291981158,30.61817030037457,True,2024-10-25 13:00:00,16,False,80.0,40.0,NONE
USDCLP.mg,625,transition_resolution,TRANSITION_RESOLUTION,SHORT,2024-11-06 19:00:00,16,961.65,17.199999999999932,4.2000000000000455,178.8592523267294,43.67493370769038,True,2024-11-08 16:00:00,16,False,80.0,40.0,WIN
USDCLP.mg,637,transition_resolution,TRANSITION_RESOLUTION,SHORT,2024-11-18 17:00:00,16,974.25,4.5499999999999545,4.399999999999977,46.702591737233305,45.16294585578627,True,2024-11-20 14:00:00,16,False,80.0,40.0,LOSS
USDCLP.mg,646,transition_resolution,TRANSITION_RESOLUTION,SHORT,2024-11-25 17:00:00,16,973.85,3.2000000000000455,4.600000000000023,32.8592699080972,47.235200492889284,False,2024-11-27 14:00:00,16,False,80.0,40.0,LOSS
USDCLP.mg,656,transition_resolution,TRANSITION_RESOLUTION,SHORT,2024-11-29 18:00:00,16,973.35,2.800000000000068,7.899999999999977,28.766630708378983,81.16299378435276,False,2024-12-03 16:00:00,16,False,80.0,40.0,LOSS
USDCLP.mg,676,transition_resolution,TRANSITION_RESOLUTION,SHORT,2024-12-19 18:00:00,16,991.45,3.150000000000091,3.5,31.771647586868635,35.301830652075246,False,2024-12-23 16:00:00,16,False,80.0,40.0,NONE
