open,high,low,close,tick_volume,spread,real_volume,state_hat_H1,margin_H1,ctx_session_bucket,ctx_state_age,ctx_dist_vwap_atr,ctx_vwap_source,ctx_vwap_anchor,LOOK_FOR_transition_repricing_near_vwap,LOOK_FOR_transition_dislocated_from_vwap,LOOK_FOR_balance_dislocated_from_vwap,LOOK_FOR_trend_late_session,quality_label,quality_label_full,base_state
884.35,884.35,880.2,882.25,0,0,0,1,0.9649427047579968,NY,1,1.4531073446327707,day_anchor_std,server_midnight,0,1,0,0,UNCLASSIFIED,TRANSITION_UNCLASSIFIED,TRANSITION
882.3,883.45,880.45,880.75,0,0,0,1,0.9649427047579968,NY,1,1.4531073446327707,day_anchor_std,server_midnight,0,1,0,0,UNCLASSIFIED,TRANSITION_UNCLASSIFIED,TRANSITION
880.55,882.95,880.55,882.5,0,0,0,1,0.9649427047579968,NY,1,1.4531073446327707,day_anchor_std,server_midnight,0,1,0,0,UNCLASSIFIED,TRANSITION_UNCLASSIFIED,TRANSITION
882.45,882.45,880.6,881.85,0,0,0,1,0.9649427047579968,NY,1,1.4531073446327707,day_anchor_std,server_midnight,0,1,0,0,UNCLASSIFIED,TRANSITION_UNCLASSIFIED,TRANSITION
881.95,881.95,877.95,878.95,0,0,0,1,0.8643538853582289,NY_PM,2,1.6716417910448012,day_anchor_std,server_midnight,0,1,0,0,UNCLASSIFIED,TRANSITION_UNCLASSIFIED,TRANSITION
878.85,879.35,877.6,878.55,0,0,0,1,0.8643538853582289,NY_PM,2,1.6716417910448012,day_anchor_std,server_midnight,0,1,0,0,UNCLASSIFIED,TRANSITION_UNCLASSIFIED,TRANSITION
878.65,880.3,878.35,880.3,0,0,0,1,0.8643538853582289,NY_PM,2,1.6716417910448012,day_anchor_std,server_midnight,0,1,0,0,UNCLASSIFIED,TRANSITION_UNCLASSIFIED,TRANSITION
879.75,879.75,879.75,879.75,0,0,0,1,0.8923433999372969,NY_PM,3,1.8487886382623164,day_anchor_std,server_midnight,0,1,0,0,TRANSITION_NOISY,TRANSITION_NOISY,TRANSITION
879.7,879.75,879.65,879.65,0,0,0,1,0.7812453398920822,NY_PM,4,2.0141043723554497,day_anchor_std,server_midnight,0,1,0,0,UNCLASSIFIED,TRANSITION_UNCLASSIFIED,TRANSITION
879.85,879.85,879.75,879.75,0,0,0,1,0.7812453398920822,NY_PM,4,2.0141043723554497,day_anchor_std,server_midnight,0,1,0,0,UNCLASSIFIED,TRANSITION_UNCLASSIFIED,TRANSITION
879.9,879.9,879.8,879.8,0,0,0,1,0.7812453398920822,NY_PM,4,2.0141043723554497,day_anchor_std,server_midnight,0,1,0,0,UNCLASSIFIED,TRANSITION_UNCLASSIFIED,TRANSITION
879.75,879.75,879.55,879.55,0,0,0,1,0.7812453398920822,NY_PM,4,2.0141043723554497,day_anchor_std,server_midnight,0,1,0,0,UNCLASSIFIED,TRANSITION_UNCLASSIFIED,TRANSITION
879.45,880.45,879.45,880.45,0,0,0,1,0.5836195520225473,NY_PM,5,1.782905982906,day_anchor_std,server_midnight,0,1,0,0,UNCLASSIFIED,TRANSITION_UNCLASSIFIED,TRANSITION
880.65,880.95,880.65,880.65,0,0,0,1,0.5836195520225473,NY_PM,5,1.782905982906,day_anchor_std,server_midnight,0,1,0,0,UNCLASSIFIED,TRANSITION_UNCLASSIFIED,TRANSITION
880.45,880.45,880.35,880.35,0,0,0,1,0.5836195520225473,NY_PM,5,1.782905982906,day_anchor_std,server_midnight,0,1,0,0,UNCLASSIFIED,TRANSITION_UNCLASSIFIED,TRANSITION
880.3,880.35,880.25,880.25,0,0,0,1,0.5836195520225473,NY_PM,5,1.782905982906,day_anchor_std,server_midnight,0,1,0,0,UNCLASSIFIED,TRANSITION_UNCLASSIFIED,TRANSITION
874.75,877.8,874.15,877.55,0,0,0,1,0.9923235530624643,NY,1,1.701508916323739,day_anchor_std,server_midnight,0,1,0,0,UNCLASSIFIED,TRANSITION_UNCLASSIFIED,TRANSITION
878.55,879.55,877.55,878.95,0,0,0,1,0.9923235530624643,NY,1,1.701508916323739,day_anchor_std,server_midnight,0,1,0,0,UNCLASSIFIED,TRANSITION_UNCLASSIFIED,TRANSITION
879.95,882.25,879.65,882.15,0,0,0,1,0.9923235530624643,NY,1,1.701508916323739,day_anchor_std,server_midnight,0,1,0,0,UNCLASSIFIED,TRANSITION_UNCLASSIFIED,TRANSITION
882.25,883.15,881.75,883.15,0,0,0,1,0.9923235530624643,NY,1,1.701508916323739,day_anchor_std,server_midnight,0,1,0,0,UNCLASSIFIED,TRANSITION_UNCLASSIFIED,TRANSITION
883.25,886.35,882.95,886.35,0,0,0,1,0.8791869525606648,NY,2,2.068061840120687,day_anchor_std,server_midnight,0,1,0,0,UNCLASSIFIED,TRANSITION_UNCLASSIFIED,TRANSITION
886.25,886.55,884.85,885.55,0,0,0,1,0.8791869525606648,NY,2,2.068061840120687,day_anchor_std,server_midnight,0,1,0,0,UNCLASSIFIED,TRANSITION_UNCLASSIFIED,TRANSITION
885.45,885.85,884.05,885.25,0,0,0,1,0.8791869525606648,NY,2,2.068061840120687,day_anchor_std,server_midnight,0,1,0,0,UNCLASSIFIED,TRANSITION_UNCLASSIFIED,TRANSITION
885.35,887.8,885.35,885.85,0,0,0,1,0.8791869525606648,NY,2,2.068061840120687,day_anchor_std,server_midnight,0,1,0,0,UNCLASSIFIED,TRANSITION_UNCLASSIFIED,TRANSITION
885.75,885.85,884.45,885.45,0,0,0,1,0.8394690344393996,NY,3,2.3068455452356567,day_anchor_std,server_midnight,0,1,0,0,UNCLASSIFIED,TRANSITION_UNCLASSIFIED,TRANSITION
885.5,886.75,884.45,884.45,0,0,0,1,0.8394690344393996,NY,3,2.3068455452356567,day_anchor_std,server_midnight,0,1,0,0,UNCLASSIFIED,TRANSITION_UNCLASSIFIED,TRANSITION
884.35,886.25,883.95,885.45,0,0,0,1,0.8394690344393996,NY,3,2.3068455452356567,day_anchor_std,server_midnight,0,1,0,0,UNCLASSIFIED,TRANSITION_UNCLASSIFIED,TRANSITION
885.55,888.35,884.95,888.15,0,0,0,1,0.8394690344393996,NY,3,2.3068455452356567,day_anchor_std,server_midnight,0,1,0,0,UNCLASSIFIED,TRANSITION_UNCLASSIFIED,TRANSITION
888.1,888.1,886.25,887.3,0,0,0,1,0.6786486568332547,NY_PM,4,2.3668652880009766,day_anchor_std,server_midnight,0,1,0,0,UNCLASSIFIED,TRANSITION_UNCLASSIFIED,TRANSITION
887.25,889.05,887.25,889.05,0,0,0,1,0.6786486568332547,NY_PM,4,2.3668652880009766,day_anchor_std,server_midnight,0,1,0,0,UNCLASSIFIED,TRANSITION_UNCLASSIFIED,TRANSITION
889.15,889.95,888.35,888.9,0,0,0,1,0.6786486568332547,NY_PM,4,2.3668652880009766,day_anchor_std,server_midnight,0,1,0,0,UNCLASSIFIED,TRANSITION_UNCLASSIFIED,TRANSITION
888.55,888.55,888.5,888.55,0,0,0,1,0.8224129721060678,NY_PM,5,2.218315018315071,day_anchor_std,server_midnight,0,1,0,0,UNCLASSIFIED,TRANSITION_UNCLASSIFIED,TRANSITION
888.45,888.55,887.95,887.95,0,0,0,1,0.7032874587123591,NY_PM,6,2.296296296296348,day_anchor_std,server_midnight,0,1,0,0,UNCLASSIFIED,TRANSITION_UNCLASSIFIED,TRANSITION
888.0,888.0,887.95,887.95,0,0,0,1,0.7032874587123591,NY_PM,6,2.296296296296348,day_anchor_std,server_midnight,0,1,0,0,UNCLASSIFIED,TRANSITION_UNCLASSIFIED,TRANSITION
888.55,888.95,888.55,888.95,0,0,0,1,0.7032874587123591,NY_PM,6,2.296296296296348,day_anchor_std,server_midnight,0,1,0,0,UNCLASSIFIED,TRANSITION_UNCLASSIFIED,TRANSITION
889.15,889.15,888.35,888.55,0,0,0,2,0.9571161927868501,NY_PM,1,2.2249158249158714,day_anchor_std,server_midnight,0,0,0,1,TREND_FRAGILE,TREND_FRAGILE,TREND
888.95,889.4,888.55,888.95,0,0,0,2,0.9571161927868501,NY_PM,1,2.2249158249158714,day_anchor_std,server_midnight,0,0,0,1,TREND_FRAGILE,TREND_FRAGILE,TREND
888.55,888.55,888.55,888.55,0,0,0,2,0.9571161927868501,NY_PM,1,2.2249158249158714,day_anchor_std,server_midnight,0,0,0,1,TREND_FRAGILE,TREND_FRAGILE,TREND
888.6,888.6,888.5,888.55,0,0,0,2,0.9571161927868501,NY_PM,1,2.2249158249158714,day_anchor_std,server_midnight,0,0,0,1,TREND_FRAGILE,TREND_FRAGILE,TREND
891.05,891.75,889.45,889.85,0,0,0,1,0.9355826167478849,NY_PM,1,1.4744951670016455,day_anchor_std,server_midnight,0,1,0,0,UNCLASSIFIED,TRANSITION_UNCLASSIFIED,TRANSITION
890.35,890.95,889.25,889.5,0,0,0,1,0.9355826167478849,NY_PM,1,1.4744951670016455,day_anchor_std,server_midnight,0,1,0,0,UNCLASSIFIED,TRANSITION_UNCLASSIFIED,TRANSITION
889.1,889.1,887.25,887.55,0,0,0,1,0.9355826167478849,NY_PM,1,1.4744951670016455,day_anchor_std,server_midnight,0,1,0,0,UNCLASSIFIED,TRANSITION_UNCLASSIFIED,TRANSITION
889.75,889.75,889.6,889.65,0,0,0,1,0.8692423077640028,NY_PM,3,1.429669030732861,day_anchor_std,server_midnight,0,1,0,0,UNCLASSIFIED,TRANSITION_UNCLASSIFIED,TRANSITION
889.6,889.65,888.35,888.35,0,0,0,1,0.8692423077640028,NY_PM,3,1.429669030732861,day_anchor_std,server_midnight,0,1,0,0,UNCLASSIFIED,TRANSITION_UNCLASSIFIED,TRANSITION
888.25,888.45,888.25,888.3,0,0,0,1,0.8692423077640028,NY_PM,3,1.429669030732861,day_anchor_std,server_midnight,0,1,0,0,UNCLASSIFIED,TRANSITION_UNCLASSIFIED,TRANSITION
888.35,888.35,888.3,888.35,0,0,0,1,0.8692423077640028,NY_PM,3,1.429669030732861,day_anchor_std,server_midnight,0,1,0,0,UNCLASSIFIED,TRANSITION_UNCLASSIFIED,TRANSITION
901.15,901.55,897.55,897.85,0,0,0,1,0.9972189651808605,NY,1,0.054353854686637,day_anchor_std,server_midnight,1,0,0,0,UNCLASSIFIED,TRANSITION_UNCLASSIFIED,TRANSITION
897.95,898.55,896.55,897.75,0,0,0,1,0.9972189651808605,NY,1,0.054353854686637,day_anchor_std,server_midnight,1,0,0,0,UNCLASSIFIED,TRANSITION_UNCLASSIFIED,TRANSITION
897.25,897.25,893.95,895.3,0,0,0,1,0.9972189651808605,NY,1,0.054353854686637,day_anchor_std,server_midnight,1,0,0,0,UNCLASSIFIED,TRANSITION_UNCLASSIFIED,TRANSITION
895.55,898.45,895.55,897.8,0,0,0,1,0.9972189651808605,NY,1,0.054353854686637,day_anchor_std,server_midnight,1,0,0,0,UNCLASSIFIED,TRANSITION_UNCLASSIFIED,TRANSITION
897.25,898.05,895.35,895.95,0,0,0,1,0.8940356295631261,NY,2,0.4928698752228428,day_anchor_std,server_midnight,1,0,0,0,UNCLASSIFIED,TRANSITION_UNCLASSIFIED,TRANSITION
896.05,897.95,896.05,896.05,0,0,0,1,0.8940356295631261,NY,2,0.4928698752228428,day_anchor_std,server_midnight,1,0,0,0,UNCLASSIFIED,TRANSITION_UNCLASSIFIED,TRANSITION
896.1,899.45,896.0,899.45,0,0,0,1,0.8940356295631261,NY,2,0.4928698752228428,day_anchor_std,server_midnight,1,0,0,0,UNCLASSIFIED,TRANSITION_UNCLASSIFIED,TRANSITION
899.55,901.1,899.55,900.45,0,0,0,1,0.8940356295631261,NY,2,0.4928698752228428,day_anchor_std,server_midnight,1,0,0,0,UNCLASSIFIED,TRANSITION_UNCLASSIFIED,TRANSITION
903.85,903.95,902.95,902.95,0,0,0,1,0.977071257906058,NY_PM,7,0.5940815187046544,day_anchor_std,server_midnight,1,0,0,0,TRANSITION_NOISY,TRANSITION_NOISY,TRANSITION
902.65,902.65,902.35,902.35,0,0,0,1,0.977071257906058,NY_PM,7,0.5940815187046544,day_anchor_std,server_midnight,1,0,0,0,TRANSITION_NOISY,TRANSITION_NOISY,TRANSITION
902.25,902.25,901.95,901.95,0,0,0,1,0.977071257906058,NY_PM,7,0.5940815187046544,day_anchor_std,server_midnight,1,0,0,0,TRANSITION_NOISY,TRANSITION_NOISY,TRANSITION
902.45,902.95,902.35,902.45,0,0,0,1,0.977071257906058,NY_PM,7,0.5940815187046544,day_anchor_std,server_midnight,1,0,0,0,TRANSITION_NOISY,TRANSITION_NOISY,TRANSITION
905.45,907.65,905.45,907.55,0,0,0,1,0.9923623921011897,NY,8,0.09113100081366457,day_anchor_std,server_midnight,1,0,0,0,TRANSITION_NOISY,TRANSITION_NOISY,TRANSITION
907.4,907.55,906.95,907.15,0,0,0,1,0.9923623921011897,NY,8,0.09113100081366457,day_anchor_std,server_midnight,1,0,0,0,TRANSITION_NOISY,TRANSITION_NOISY,TRANSITION
906.95,909.85,906.55,908.55,0,0,0,1,0.9969093611452304,NY,9,0.6730411686586952,day_anchor_std,server_midnight,1,0,0,0,UNCLASSIFIED,TRANSITION_UNCLASSIFIED,TRANSITION
908.45,910.25,908.45,909.75,0,0,0,1,0.9969093611452304,NY,9,0.6730411686586952,day_anchor_std,server_midnight,1,0,0,0,UNCLASSIFIED,TRANSITION_UNCLASSIFIED,TRANSITION
909.7,909.7,907.05,908.45,0,0,0,1,0.9969093611452304,NY,9,0.6730411686586952,day_anchor_std,server_midnight,1,0,0,0,UNCLASSIFIED,TRANSITION_UNCLASSIFIED,TRANSITION
908.55,910.95,908.55,910.95,0,0,0,1,0.9969093611452304,NY,9,0.6730411686586952,day_anchor_std,server_midnight,1,0,0,0,UNCLASSIFIED,TRANSITION_UNCLASSIFIED,TRANSITION
913.7,917.55,913.7,917.55,0,0,0,1,0.9814139059767601,NY,12,1.5333333333333432,day_anchor_std,server_midnight,0,1,0,0,UNCLASSIFIED,TRANSITION_UNCLASSIFIED,TRANSITION
917.65,920.05,917.55,919.25,0,0,0,1,0.9814139059767601,NY,12,1.5333333333333432,day_anchor_std,server_midnight,0,1,0,0,UNCLASSIFIED,TRANSITION_UNCLASSIFIED,TRANSITION
919.2,920.05,918.45,919.75,0,0,0,1,0.9814139059767601,NY,12,1.5333333333333432,day_anchor_std,server_midnight,0,1,0,0,UNCLASSIFIED,TRANSITION_UNCLASSIFIED,TRANSITION
919.7,919.7,917.25,918.35,0,0,0,1,0.9814139059767601,NY,12,1.5333333333333432,day_anchor_std,server_midnight,0,1,0,0,UNCLASSIFIED,TRANSITION_UNCLASSIFIED,TRANSITION
918.25,919.45,917.15,917.45,0,0,0,1,0.9998339165228893,NY_PM,12,1.7620509957193489,day_anchor_std,server_midnight,0,1,0,0,TRANSITION_NOISY,TRANSITION_NOISY,TRANSITION
917.55,918.6,916.95,918.45,0,0,0,1,0.9998339165228893,NY_PM,12,1.7620509957193489,day_anchor_std,server_midnight,0,1,0,0,TRANSITION_NOISY,TRANSITION_NOISY,TRANSITION
918.25,919.45,918.15,918.95,0,0,0,1,0.9998339165228893,NY_PM,12,1.7620509957193489,day_anchor_std,server_midnight,0,1,0,0,TRANSITION_NOISY,TRANSITION_NOISY,TRANSITION
916.6,916.6,916.55,916.55,0,0,0,2,0.996107470737757,NY_PM,1,1.1434308663224237,day_anchor_std,server_midnight,0,0,0,1,UNCLASSIFIED,TREND_UNCLASSIFIED,TREND
916.6,916.6,916.45,916.45,0,0,0,2,0.9970830139565914,NY_PM,2,1.3101092896175173,day_anchor_std,server_midnight,0,0,0,1,UNCLASSIFIED,TREND_UNCLASSIFIED,TREND
916.95,916.95,916.95,916.95,0,0,0,2,0.9970830139565914,NY_PM,2,1.3101092896175173,day_anchor_std,server_midnight,0,0,0,1,UNCLASSIFIED,TREND_UNCLASSIFIED,TREND
917.15,917.3,917.15,917.3,0,0,0,2,0.9970830139565914,NY_PM,2,1.3101092896175173,day_anchor_std,server_midnight,0,0,0,1,UNCLASSIFIED,TREND_UNCLASSIFIED,TREND
917.25,917.25,915.95,916.95,0,0,0,2,0.9970830139565914,NY_PM,2,1.3101092896175173,day_anchor_std,server_midnight,0,0,0,1,UNCLASSIFIED,TREND_UNCLASSIFIED,TREND
917.05,917.05,916.85,916.95,0,0,0,2,0.8907051720172796,NY_PM,3,1.4359390705946082,day_anchor_std,server_midnight,0,0,0,1,UNCLASSIFIED,TREND_UNCLASSIFIED,TREND
916.45,917.95,916.15,917.95,0,0,0,2,0.8907051720172796,NY_PM,3,1.4359390705946082,day_anchor_std,server_midnight,0,0,0,1,UNCLASSIFIED,TREND_UNCLASSIFIED,TREND
917.85,917.85,917.85,917.85,0,0,0,2,0.8907051720172796,NY_PM,3,1.4359390705946082,day_anchor_std,server_midnight,0,0,0,1,UNCLASSIFIED,TREND_UNCLASSIFIED,TREND
917.35,917.35,917.05,917.25,0,0,0,2,0.8907051720172796,NY_PM,3,1.4359390705946082,day_anchor_std,server_midnight,0,0,0,1,UNCLASSIFIED,TREND_UNCLASSIFIED,TREND
920.05,922.95,920.05,922.2,0,0,0,1,0.8628292971098976,NY,1,0.21801125703568763,day_anchor_std,server_midnight,1,0,0,0,UNCLASSIFIED,TRANSITION_UNCLASSIFIED,TRANSITION
922.1,922.35,919.95,920.45,0,0,0,1,0.8628292971098976,NY,1,0.21801125703568763,day_anchor_std,server_midnight,1,0,0,0,UNCLASSIFIED,TRANSITION_UNCLASSIFIED,TRANSITION
920.25,920.25,918.3,919.55,0,0,0,1,0.8628292971098976,NY,1,0.21801125703568763,day_anchor_std,server_midnight,1,0,0,0,UNCLASSIFIED,TRANSITION_UNCLASSIFIED,TRANSITION
919.15,919.15,917.05,917.85,0,0,0,1,0.8628292971098976,NY,1,0.21801125703568763,day_anchor_std,server_midnight,1,0,0,0,UNCLASSIFIED,TRANSITION_UNCLASSIFIED,TRANSITION
918.05,918.05,916.3,917.15,0,0,0,1,0.9876303033084356,NY_PM,2,0.006704980842905773,day_anchor_std,server_midnight,1,0,0,0,UNCLASSIFIED,TRANSITION_UNCLASSIFIED,TRANSITION
917.25,918.4,915.45,918.4,0,0,0,1,0.9876303033084356,NY_PM,2,0.006704980842905773,day_anchor_std,server_midnight,1,0,0,0,UNCLASSIFIED,TRANSITION_UNCLASSIFIED,TRANSITION
918.95,919.55,917.05,917.05,0,0,0,1,0.9876303033084356,NY_PM,2,0.006704980842905773,day_anchor_std,server_midnight,1,0,0,0,UNCLASSIFIED,TRANSITION_UNCLASSIFIED,TRANSITION
914.7,914.7,914.65,914.65,0,0,0,1,0.967679430214983,NY_PM,3,0.6553784860557841,day_anchor_std,server_midnight,1,0,0,0,UNCLASSIFIED,TRANSITION_UNCLASSIFIED,TRANSITION
914.75,914.75,914.75,914.75,0,0,0,1,0.9682321481640037,NY_PM,4,0.5839701601164651,day_anchor_std,server_midnight,1,0,0,0,UNCLASSIFIED,TRANSITION_UNCLASSIFIED,TRANSITION
914.7,914.95,914.7,914.95,0,0,0,1,0.9682321481640037,NY_PM,4,0.5839701601164651,day_anchor_std,server_midnight,1,0,0,0,UNCLASSIFIED,TRANSITION_UNCLASSIFIED,TRANSITION
915.05,915.05,915.05,915.05,0,0,0,1,0.9682321481640037,NY_PM,4,0.5839701601164651,day_anchor_std,server_midnight,1,0,0,0,UNCLASSIFIED,TRANSITION_UNCLASSIFIED,TRANSITION
915.25,915.45,915.25,915.45,0,0,0,1,0.9803053923501035,NY_PM,5,0.4917091004047423,day_anchor_std,server_midnight,1,0,0,0,UNCLASSIFIED,TRANSITION_UNCLASSIFIED,TRANSITION
915.5,915.5,915.45,915.45,0,0,0,1,0.9803053923501035,NY_PM,5,0.4917091004047423,day_anchor_std,server_midnight,1,0,0,0,UNCLASSIFIED,TRANSITION_UNCLASSIFIED,TRANSITION
915.4,915.5,915.4,915.45,0,0,0,1,0.9803053923501035,NY_PM,5,0.4917091004047423,day_anchor_std,server_midnight,1,0,0,0,UNCLASSIFIED,TRANSITION_UNCLASSIFIED,TRANSITION
913.75,913.75,913.75,913.75,0,0,0,1,0.6525350686373528,NY,6,0.2153846153846229,day_anchor_std,server_midnight,1,0,0,0,UNCLASSIFIED,TRANSITION_UNCLASSIFIED,TRANSITION
914.45,914.55,912.55,912.65,0,0,0,1,0.6525350686373528,NY,6,0.2153846153846229,day_anchor_std,server_midnight,1,0,0,0,UNCLASSIFIED,TRANSITION_UNCLASSIFIED,TRANSITION
916.55,917.35,910.7,910.7,0,0,0,1,0.9900055674059907,NY,2,0.4075059101655076,day_anchor_std,server_midnight,1,0,0,0,UNCLASSIFIED,TRANSITION_UNCLASSIFIED,TRANSITION
910.75,912.95,909.45,910.0,0,0,0,1,0.9900055674059907,NY,2,0.4075059101655076,day_anchor_std,server_midnight,1,0,0,0,UNCLASSIFIED,TRANSITION_UNCLASSIFIED,TRANSITION
909.8,910.65,908.05,910.65,0,0,0,1,0.9900055674059907,NY,2,0.4075059101655076,day_anchor_std,server_midnight,1,0,0,0,UNCLASSIFIED,TRANSITION_UNCLASSIFIED,TRANSITION
910.25,912.25,909.55,910.75,0,0,0,1,0.9900055674059907,NY,2,0.4075059101655076,day_anchor_std,server_midnight,1,0,0,0,UNCLASSIFIED,TRANSITION_UNCLASSIFIED,TRANSITION
907.45,912.95,907.35,910.95,0,0,0,1,0.9691374126357523,NY_PM,4,0.19095143047242116,day_anchor_std,server_midnight,1,0,0,0,UNCLASSIFIED,TRANSITION_UNCLASSIFIED,TRANSITION
910.65,910.75,909.45,910.05,0,0,0,1,0.9691374126357523,NY_PM,4,0.19095143047242116,day_anchor_std,server_midnight,1,0,0,0,UNCLASSIFIED,TRANSITION_UNCLASSIFIED,TRANSITION
910.55,911.55,910.55,910.85,0,0,0,1,0.9691374126357523,NY_PM,4,0.19095143047242116,day_anchor_std,server_midnight,1,0,0,0,UNCLASSIFIED,TRANSITION_UNCLASSIFIED,TRANSITION
910.5,910.5,910.15,910.15,0,0,0,1,0.9251681180461301,NY_PM,5,0.3360433604336308,day_anchor_std,server_midnight,1,0,0,0,TRANSITION_NOISY,TRANSITION_NOISY,TRANSITION
910.05,910.05,909.9,909.95,0,0,0,1,0.8556930239825828,NY_PM,6,0.26137339055796077,day_anchor_std,server_midnight,1,0,0,0,TRANSITION_NOISY,TRANSITION_NOISY,TRANSITION
909.9,909.95,909.9,909.95,0,0,0,1,0.8556930239825828,NY_PM,6,0.26137339055796077,day_anchor_std,server_midnight,1,0,0,0,TRANSITION_NOISY,TRANSITION_NOISY,TRANSITION
909.9,909.95,909.9,909.95,0,0,0,1,0.8556930239825828,NY_PM,6,0.26137339055796077,day_anchor_std,server_midnight,1,0,0,0,TRANSITION_NOISY,TRANSITION_NOISY,TRANSITION
910.45,910.45,910.45,910.45,0,0,0,1,0.8556930239825828,NY_PM,6,0.26137339055796077,day_anchor_std,server_midnight,1,0,0,0,TRANSITION_NOISY,TRANSITION_NOISY,TRANSITION
910.65,910.65,909.55,909.55,0,0,0,1,0.6093301412779067,NY_PM,7,0.4717174726111745,day_anchor_std,server_midnight,1,0,0,0,TRANSITION_NOISY,TRANSITION_NOISY,TRANSITION
909.45,909.55,909.45,909.55,0,0,0,1,0.6093301412779067,NY_PM,7,0.4717174726111745,day_anchor_std,server_midnight,1,0,0,0,TRANSITION_NOISY,TRANSITION_NOISY,TRANSITION
909.75,910.55,909.55,909.55,0,0,0,1,0.6351165815683361,NY,8,0.09141364675152987,day_anchor_std,server_midnight,1,0,0,0,TRANSITION_NOISY,TRANSITION_NOISY,TRANSITION
913.05,913.85,911.4,911.4,0,0,0,1,0.6482544374342083,NY,1,0.45872456964005487,day_anchor_std,server_midnight,1,0,0,0,TRANSITION_NOISY,TRANSITION_NOISY,TRANSITION
911.45,911.95,910.15,910.65,0,0,0,1,0.6482544374342083,NY,1,0.45872456964005487,day_anchor_std,server_midnight,1,0,0,0,TRANSITION_NOISY,TRANSITION_NOISY,TRANSITION
910.75,910.85,906.8,908.0,0,0,0,1,0.6482544374342083,NY,1,0.45872456964005487,day_anchor_std,server_midnight,1,0,0,0,TRANSITION_NOISY,TRANSITION_NOISY,TRANSITION
908.5,910.2,908.35,908.6,0,0,0,1,0.6482544374342083,NY,1,0.45872456964005487,day_anchor_std,server_midnight,1,0,0,0,TRANSITION_NOISY,TRANSITION_NOISY,TRANSITION
908.5,909.05,907.0,908.45,0,0,0,1,0.9414277241741589,NY,2,0.7695840086439709,day_anchor_std,server_midnight,1,0,0,0,TRANSITION_NOISY,TRANSITION_NOISY,TRANSITION
908.55,910.05,906.95,906.95,0,0,0,1,0.9414277241741589,NY,2,0.7695840086439709,day_anchor_std,server_midnight,1,0,0,0,TRANSITION_NOISY,TRANSITION_NOISY,TRANSITION
906.75,906.75,904.75,904.95,0,0,0,1,0.9414277241741589,NY,2,0.7695840086439709,day_anchor_std,server_midnight,1,0,0,0,TRANSITION_NOISY,TRANSITION_NOISY,TRANSITION
904.85,907.55,904.85,906.55,0,0,0,1,0.9414277241741589,NY,2,0.7695840086439709,day_anchor_std,server_midnight,1,0,0,0,TRANSITION_NOISY,TRANSITION_NOISY,TRANSITION
907.15,907.55,906.5,907.1,0,0,0,1,0.785510129015391,NY_PM,1,0.38641188959660666,day_anchor_std,server_midnight,1,0,0,0,TRANSITION_NOISY,TRANSITION_NOISY,TRANSITION
907.05,907.15,906.45,906.45,0,0,0,1,0.785510129015391,NY_PM,1,0.38641188959660666,day_anchor_std,server_midnight,1,0,0,0,TRANSITION_NOISY,TRANSITION_NOISY,TRANSITION
906.55,907.85,906.55,907.8,0,0,0,1,0.785510129015391,NY_PM,1,0.38641188959660666,day_anchor_std,server_midnight,1,0,0,0,TRANSITION_NOISY,TRANSITION_NOISY,TRANSITION
913.15,913.9,911.95,912.35,0,0,0,1,0.9847027819257422,NY_PM,1,0.5190428041792837,day_anchor_std,server_midnight,1,0,0,0,UNCLASSIFIED,TRANSITION_UNCLASSIFIED,TRANSITION
912.25,912.25,910.25,910.25,0,0,0,1,0.9847027819257422,NY_PM,1,0.5190428041792837,day_anchor_std,server_midnight,1,0,0,0,UNCLASSIFIED,TRANSITION_UNCLASSIFIED,TRANSITION
910.25,913.5,910.15,912.8,0,0,0,1,0.9847027819257422,NY_PM,1,0.5190428041792837,day_anchor_std,server_midnight,1,0,0,0,UNCLASSIFIED,TRANSITION_UNCLASSIFIED,TRANSITION
911.2,911.45,909.95,910.45,0,0,0,1,0.9985125714143378,NY_PM,2,0.1481481481481332,day_anchor_std,server_midnight,1,0,0,0,UNCLASSIFIED,TRANSITION_UNCLASSIFIED,TRANSITION
910.35,910.35,910.3,910.3,0,0,0,1,0.3865817343808482,NY_PM,3,0.024928774928752218,day_anchor_std,server_midnight,1,0,0,0,UNCLASSIFIED,TRANSITION_UNCLASSIFIED,TRANSITION
910.35,910.35,910.3,910.3,0,0,0,1,0.3865817343808482,NY_PM,3,0.024928774928752218,day_anchor_std,server_midnight,1,0,0,0,UNCLASSIFIED,TRANSITION_UNCLASSIFIED,TRANSITION
910.35,910.35,910.3,910.3,0,0,0,1,0.3865817343808482,NY_PM,3,0.024928774928752218,day_anchor_std,server_midnight,1,0,0,0,UNCLASSIFIED,TRANSITION_UNCLASSIFIED,TRANSITION
910.35,910.95,910.25,910.95,0,0,0,1,0.3865817343808482,NY_PM,3,0.024928774928752218,day_anchor_std,server_midnight,1,0,0,0,UNCLASSIFIED,TRANSITION_UNCLASSIFIED,TRANSITION
916.55,917.25,916.55,917.25,0,0,0,1,0.9994163838339499,NY,1,0.2058066887174066,day_anchor_std,server_midnight,1,0,0,0,UNCLASSIFIED,TRANSITION_UNCLASSIFIED,TRANSITION
917.45,919.55,917.2,919.05,0,0,0,1,0.9994163838339499,NY,1,0.2058066887174066,day_anchor_std,server_midnight,1,0,0,0,UNCLASSIFIED,TRANSITION_UNCLASSIFIED,TRANSITION
918.85,920.75,917.35,920.75,0,0,0,1,0.928401289083435,NY,2,0.40384615384612604,day_anchor_std,server_midnight,1,0,0,0,TRANSITION_NOISY,TRANSITION_NOISY,TRANSITION
920.45,921.15,918.95,919.6,0,0,0,1,0.928401289083435,NY,2,0.40384615384612604,day_anchor_std,server_midnight,1,0,0,0,TRANSITION_NOISY,TRANSITION_NOISY,TRANSITION
919.55,920.05,918.95,918.95,0,0,0,1,0.928401289083435,NY,2,0.40384615384612604,day_anchor_std,server_midnight,1,0,0,0,TRANSITION_NOISY,TRANSITION_NOISY,TRANSITION
919.15,919.45,916.65,916.95,0,0,0,1,0.928401289083435,NY,2,0.40384615384612604,day_anchor_std,server_midnight,1,0,0,0,TRANSITION_NOISY,TRANSITION_NOISY,TRANSITION
920.55,921.45,919.65,919.75,0,0,0,1,0.9675818005528897,NY,1,0.45001505570612105,day_anchor_std,server_midnight,1,0,0,0,TRANSITION_NOISY,TRANSITION_NOISY,TRANSITION
919.95,919.95,917.05,917.75,0,0,0,1,0.9675818005528897,NY,1,0.45001505570612105,day_anchor_std,server_midnight,1,0,0,0,TRANSITION_NOISY,TRANSITION_NOISY,TRANSITION
917.65,920.55,916.95,920.55,0,0,0,1,0.9675818005528897,NY,1,0.45001505570612105,day_anchor_std,server_midnight,1,0,0,0,TRANSITION_NOISY,TRANSITION_NOISY,TRANSITION
920.75,922.25,920.15,921.05,0,0,0,1,0.9675818005528897,NY,1,0.45001505570612105,day_anchor_std,server_midnight,1,0,0,0,TRANSITION_NOISY,TRANSITION_NOISY,TRANSITION
921.25,922.45,921.05,922.45,0,0,0,1,0.9889441794216947,NY,2,1.655619047619075,day_anchor_std,server_midnight,0,1,0,0,UNCLASSIFIED,TRANSITION_UNCLASSIFIED,TRANSITION
922.55,924.85,922.55,923.95,0,0,0,1,0.9889441794216947,NY,2,1.655619047619075,day_anchor_std,server_midnight,0,1,0,0,UNCLASSIFIED,TRANSITION_UNCLASSIFIED,TRANSITION
923.85,926.4,922.65,924.95,0,0,0,1,0.9889441794216947,NY,2,1.655619047619075,day_anchor_std,server_midnight,0,1,0,0,UNCLASSIFIED,TRANSITION_UNCLASSIFIED,TRANSITION
925.05,927.95,923.95,927.45,0,0,0,1,0.9889441794216947,NY,2,1.655619047619075,day_anchor_std,server_midnight,0,1,0,0,UNCLASSIFIED,TRANSITION_UNCLASSIFIED,TRANSITION
927.55,929.35,926.05,926.25,0,0,0,1,0.879288867344607,NY_PM,3,0.7086288416075568,day_anchor_std,server_midnight,1,0,0,0,TRANSITION_NOISY,TRANSITION_NOISY,TRANSITION
926.35,926.45,924.05,924.95,0,0,0,1,0.879288867344607,NY_PM,3,0.7086288416075568,day_anchor_std,server_midnight,1,0,0,0,TRANSITION_NOISY,TRANSITION_NOISY,TRANSITION
925.2,925.3,924.05,924.05,0,0,0,1,0.879288867344607,NY_PM,3,0.7086288416075568,day_anchor_std,server_midnight,1,0,0,0,TRANSITION_NOISY,TRANSITION_NOISY,TRANSITION
924.4,924.45,924.25,924.45,0,0,0,1,0.9822759601892538,NY_PM,4,0.7702850877192924,day_anchor_std,server_midnight,1,0,0,0,TRANSITION_NOISY,TRANSITION_NOISY,TRANSITION
924.5,924.65,924.5,924.65,0,0,0,1,0.9762182345688911,NY_PM,5,0.7640624999999943,day_anchor_std,server_midnight,1,0,0,0,TRANSITION_NOISY,TRANSITION_NOISY,TRANSITION
924.6,924.6,924.6,924.6,0,0,0,1,0.9762182345688911,NY_PM,5,0.7640624999999943,day_anchor_std,server_midnight,1,0,0,0,TRANSITION_NOISY,TRANSITION_NOISY,TRANSITION
924.65,924.65,924.6,924.6,0,0,0,1,0.9762182345688911,NY_PM,5,0.7640624999999943,day_anchor_std,server_midnight,1,0,0,0,TRANSITION_NOISY,TRANSITION_NOISY,TRANSITION
924.65,924.65,924.45,924.45,0,0,0,1,0.9762182345688911,NY_PM,5,0.7640624999999943,day_anchor_std,server_midnight,1,0,0,0,TRANSITION_NOISY,TRANSITION_NOISY,TRANSITION
924.15,924.15,923.95,924.15,0,0,0,1,0.9985884114263818,NY_PM,6,0.7050466497031453,day_anchor_std,server_midnight,1,0,0,0,TRANSITION_NOISY,TRANSITION_NOISY,TRANSITION
924.45,924.45,924.25,924.25,0,0,0,1,0.9985884114263818,NY_PM,6,0.7050466497031453,day_anchor_std,server_midnight,1,0,0,0,TRANSITION_NOISY,TRANSITION_NOISY,TRANSITION
924.2,924.25,924.2,924.25,0,0,0,1,0.9985884114263818,NY_PM,6,0.7050466497031453,day_anchor_std,server_midnight,1,0,0,0,TRANSITION_NOISY,TRANSITION_NOISY,TRANSITION
924.3,924.3,924.2,924.25,0,0,0,1,0.9985884114263818,NY_PM,6,0.7050466497031453,day_anchor_std,server_midnight,1,0,0,0,TRANSITION_NOISY,TRANSITION_NOISY,TRANSITION
927.45,927.75,927.45,927.75,0,0,0,1,0.9967901421928701,NY,7,0.17981651376147958,day_anchor_std,server_midnight,1,0,0,0,TRANSITION_NOISY,TRANSITION_NOISY,TRANSITION
927.7,930.35,927.7,929.95,0,0,0,1,0.9967901421928701,NY,7,0.17981651376147958,day_anchor_std,server_midnight,1,0,0,0,TRANSITION_NOISY,TRANSITION_NOISY,TRANSITION
930.05,930.05,927.65,927.65,0,0,0,1,0.9977675211710416,NY,8,0.2585528307599116,day_anchor_std,server_midnight,1,0,0,0,TRANSITION_NOISY,TRANSITION_NOISY,TRANSITION
927.55,927.85,925.75,927.15,0,0,0,1,0.9977675211710416,NY,8,0.2585528307599116,day_anchor_std,server_midnight,1,0,0,0,TRANSITION_NOISY,TRANSITION_NOISY,TRANSITION
927.1,927.85,926.65,927.65,0,0,0,1,0.9977675211710416,NY,8,0.2585528307599116,day_anchor_std,server_midnight,1,0,0,0,TRANSITION_NOISY,TRANSITION_NOISY,TRANSITION
927.55,930.0,927.55,927.55,0,0,0,1,0.9977675211710416,NY,8,0.2585528307599116,day_anchor_std,server_midnight,1,0,0,0,TRANSITION_NOISY,TRANSITION_NOISY,TRANSITION
928.45,929.05,928.0,929.05,0,0,0,1,0.9830881726857904,NY,1,0.4575936883629067,day_anchor_std,server_midnight,1,0,0,0,UNCLASSIFIED,TRANSITION_UNCLASSIFIED,TRANSITION
928.95,928.95,926.55,926.55,0,0,0,1,0.9830881726857904,NY,1,0.4575936883629067,day_anchor_std,server_midnight,1,0,0,0,UNCLASSIFIED,TRANSITION_UNCLASSIFIED,TRANSITION
926.65,927.75,926.2,927.55,0,0,0,1,0.9830881726857904,NY,1,0.4575936883629067,day_anchor_std,server_midnight,1,0,0,0,UNCLASSIFIED,TRANSITION_UNCLASSIFIED,TRANSITION
927.45,927.65,926.15,926.45,0,0,0,1,0.9830881726857904,NY,1,0.4575936883629067,day_anchor_std,server_midnight,1,0,0,0,UNCLASSIFIED,TRANSITION_UNCLASSIFIED,TRANSITION
926.05,927.0,922.45,922.55,0,0,0,1,0.9978723787048464,NY,2,1.3194139194139178,day_anchor_std,server_midnight,0,1,0,0,UNCLASSIFIED,TRANSITION_UNCLASSIFIED,TRANSITION
922.6,924.55,922.55,924.25,0,0,0,1,0.9978723787048464,NY,2,1.3194139194139178,day_anchor_std,server_midnight,0,1,0,0,UNCLASSIFIED,TRANSITION_UNCLASSIFIED,TRANSITION
924.15,924.55,922.5,922.5,0,0,0,1,0.9978723787048464,NY,2,1.3194139194139178,day_anchor_std,server_midnight,0,1,0,0,UNCLASSIFIED,TRANSITION_UNCLASSIFIED,TRANSITION
922.45,922.55,921.05,921.65,0,0,0,1,0.9978723787048464,NY,2,1.3194139194139178,day_anchor_std,server_midnight,0,1,0,0,UNCLASSIFIED,TRANSITION_UNCLASSIFIED,TRANSITION
921.4,921.85,921.35,921.85,0,0,0,1,0.9949767683256118,NY_PM,4,1.2932469935244808,day_anchor_std,server_midnight,0,1,0,0,UNCLASSIFIED,TRANSITION_UNCLASSIFIED,TRANSITION
921.95,921.95,921.95,921.95,0,0,0,1,0.9892482142127073,NY_PM,5,1.2042229145032486,day_anchor_std,server_midnight,0,1,0,0,UNCLASSIFIED,TRANSITION_UNCLASSIFIED,TRANSITION
922.05,922.15,922.05,922.15,0,0,0,1,0.9892482142127073,NY_PM,5,1.2042229145032486,day_anchor_std,server_midnight,0,1,0,0,UNCLASSIFIED,TRANSITION_UNCLASSIFIED,TRANSITION
922.35,923.05,922.35,922.65,0,0,0,1,0.9892482142127073,NY_PM,5,1.2042229145032486,day_anchor_std,server_midnight,0,1,0,0,UNCLASSIFIED,TRANSITION_UNCLASSIFIED,TRANSITION
922.35,922.45,921.95,922.45,0,0,0,1,0.9892482142127073,NY_PM,5,1.2042229145032486,day_anchor_std,server_midnight,0,1,0,0,UNCLASSIFIED,TRANSITION_UNCLASSIFIED,TRANSITION
921.95,921.95,921.95,921.95,0,0,0,1,0.8160710090732481,NY_PM,6,1.70169944465318,day_anchor_std,server_midnight,0,1,0,0,UNCLASSIFIED,TRANSITION_UNCLASSIFIED,TRANSITION
922.15,922.25,920.95,920.95,0,0,0,1,0.8160710090732481,NY_PM,6,1.70169944465318,day_anchor_std,server_midnight,0,1,0,0,UNCLASSIFIED,TRANSITION_UNCLASSIFIED,TRANSITION
921.0,921.0,920.95,920.95,0,0,0,1,0.8160710090732481,NY_PM,6,1.70169944465318,day_anchor_std,server_midnight,0,1,0,0,UNCLASSIFIED,TRANSITION_UNCLASSIFIED,TRANSITION
918.25,918.65,918.25,918.5,0,0,0,1,0.7332889812622314,NY,7,0.20986193293885294,day_anchor_std,server_midnight,1,0,0,0,UNCLASSIFIED,TRANSITION_UNCLASSIFIED,TRANSITION
918.15,918.15,916.15,916.45,0,0,0,1,0.7332889812622314,NY,7,0.20986193293885294,day_anchor_std,server_midnight,1,0,0,0,UNCLASSIFIED,TRANSITION_UNCLASSIFIED,TRANSITION
916.25,917.4,916.15,917.4,0,0,0,1,0.8158529612903339,NY,8,0.15458333333335147,day_anchor_std,server_midnight,1,0,0,0,UNCLASSIFIED,TRANSITION_UNCLASSIFIED,TRANSITION
917.35,919.2,916.75,916.95,0,0,0,1,0.8158529612903339,NY,8,0.15458333333335147,day_anchor_std,server_midnight,1,0,0,0,UNCLASSIFIED,TRANSITION_UNCLASSIFIED,TRANSITION
917.0,917.75,917.0,917.75,0,0,0,1,0.8158529612903339,NY,8,0.15458333333335147,day_anchor_std,server_midnight,1,0,0,0,UNCLASSIFIED,TRANSITION_UNCLASSIFIED,TRANSITION
917.65,918.45,917.45,917.85,0,0,0,1,0.8158529612903339,NY,8,0.15458333333335147,day_anchor_std,server_midnight,1,0,0,0,UNCLASSIFIED,TRANSITION_UNCLASSIFIED,TRANSITION
917.95,918.45,917.35,917.7,0,0,0,1,0.90897028664548,NY,9,0.3861945085963607,day_anchor_std,server_midnight,1,0,0,0,UNCLASSIFIED,TRANSITION_UNCLASSIFIED,TRANSITION
917.65,919.55,917.65,919.25,0,0,0,1,0.90897028664548,NY,9,0.3861945085963607,day_anchor_std,server_midnight,1,0,0,0,UNCLASSIFIED,TRANSITION_UNCLASSIFIED,TRANSITION
919.55,920.45,918.3,920.3,0,0,0,1,0.90897028664548,NY,9,0.3861945085963607,day_anchor_std,server_midnight,1,0,0,0,UNCLASSIFIED,TRANSITION_UNCLASSIFIED,TRANSITION
920.6,921.05,917.95,919.05,0,0,0,1,0.90897028664548,NY,9,0.3861945085963607,day_anchor_std,server_midnight,1,0,0,0,UNCLASSIFIED,TRANSITION_UNCLASSIFIED,TRANSITION
919.3,919.55,918.15,918.3,0,0,0,1,0.9984929634356283,NY,10,0.13621621621619556,day_anchor_std,server_midnight,1,0,0,0,TRANSITION_NOISY,TRANSITION_NOISY,TRANSITION
918.35,920.65,918.25,919.05,0,0,0,1,0.9984929634356283,NY,10,0.13621621621619556,day_anchor_std,server_midnight,1,0,0,0,TRANSITION_NOISY,TRANSITION_NOISY,TRANSITION
919.1,919.3,917.55,918.65,0,0,0,1,0.9984929634356283,NY,10,0.13621621621619556,day_anchor_std,server_midnight,1,0,0,0,TRANSITION_NOISY,TRANSITION_NOISY,TRANSITION
918.55,918.65,917.5,917.5,0,0,0,1,0.9984929634356283,NY,10,0.13621621621619556,day_anchor_std,server_midnight,1,0,0,0,TRANSITION_NOISY,TRANSITION_NOISY,TRANSITION
917.45,918.35,916.35,917.75,0,0,0,1,0.95746640973484,NY,11,0.5682795698925336,day_anchor_std,server_midnight,1,0,0,0,TRANSITION_NOISY,TRANSITION_NOISY,TRANSITION
917.85,918.05,917.45,917.45,0,0,0,1,0.95746640973484,NY,11,0.5682795698925336,day_anchor_std,server_midnight,1,0,0,0,TRANSITION_NOISY,TRANSITION_NOISY,TRANSITION
917.1,917.65,916.65,917.05,0,0,0,1,0.95746640973484,NY,11,0.5682795698925336,day_anchor_std,server_midnight,1,0,0,0,TRANSITION_NOISY,TRANSITION_NOISY,TRANSITION
917.2,920.2,917.2,920.2,0,0,0,1,0.95746640973484,NY,11,0.5682795698925336,day_anchor_std,server_midnight,1,0,0,0,TRANSITION_NOISY,TRANSITION_NOISY,TRANSITION
920.35,920.95,919.15,919.15,0,0,0,2,0.7589255986160037,NY_PM,1,0.060530679933700336,day_anchor_std,server_midnight,0,0,0,1,UNCLASSIFIED,TREND_UNCLASSIFIED,TREND
919.25,919.25,917.75,917.75,0,0,0,2,0.7589255986160037,NY_PM,1,0.060530679933700336,day_anchor_std,server_midnight,0,0,0,1,UNCLASSIFIED,TREND_UNCLASSIFIED,TREND
917.7,918.55,917.55,918.45,0,0,0,2,0.7589255986160037,NY_PM,1,0.060530679933700336,day_anchor_std,server_midnight,0,0,0,1,UNCLASSIFIED,TREND_UNCLASSIFIED,TREND
919.5,920.15,919.45,919.95,0,0,0,1,0.49577248291148385,NY_PM,1,0.5018811136192879,day_anchor_std,server_midnight,1,0,0,0,TRANSITION_NOISY,TRANSITION_NOISY,TRANSITION
920.05,920.25,918.95,918.95,0,0,0,1,0.7616445877367917,NY_PM,2,0.1386897650338104,day_anchor_std,server_midnight,1,0,0,0,TRANSITION_NOISY,TRANSITION_NOISY,TRANSITION
919.0,919.0,917.95,917.95,0,0,0,1,0.7616445877367917,NY_PM,2,0.1386897650338104,day_anchor_std,server_midnight,1,0,0,0,TRANSITION_NOISY,TRANSITION_NOISY,TRANSITION
917.55,917.55,917.05,917.05,0,0,0,1,0.9073928049773049,NY_PM,3,0.45029239766084694,day_anchor_std,server_midnight,1,0,0,0,TRANSITION_NOISY,TRANSITION_NOISY,TRANSITION
917.05,917.1,917.05,917.05,0,0,0,1,0.9073928049773049,NY_PM,3,0.45029239766084694,day_anchor_std,server_midnight,1,0,0,0,TRANSITION_NOISY,TRANSITION_NOISY,TRANSITION
917.0,917.1,917.0,917.05,0,0,0,1,0.9073928049773049,NY_PM,3,0.45029239766084694,day_anchor_std,server_midnight,1,0,0,0,TRANSITION_NOISY,TRANSITION_NOISY,TRANSITION
911.25,911.25,911.25,911.25,0,0,0,1,0.9946629132347822,NY,4,0.10734463276837969,day_anchor_std,server_midnight,1,0,0,0,UNCLASSIFIED,TRANSITION_UNCLASSIFIED,TRANSITION
910.95,911.55,909.7,910.15,0,0,0,1,0.9946629132347822,NY,4,0.10734463276837969,day_anchor_std,server_midnight,1,0,0,0,UNCLASSIFIED,TRANSITION_UNCLASSIFIED,TRANSITION
910.2,910.2,909.15,909.45,0,0,0,1,0.9528933327304265,NY,5,0.29166666666667734,day_anchor_std,server_midnight,1,0,0,0,UNCLASSIFIED,TRANSITION_UNCLASSIFIED,TRANSITION
909.55,909.65,908.55,909.15,0,0,0,1,0.9528933327304265,NY,5,0.29166666666667734,day_anchor_std,server_midnight,1,0,0,0,UNCLASSIFIED,TRANSITION_UNCLASSIFIED,TRANSITION
909.2,909.4,908.35,908.55,0,0,0,1,0.9528933327304265,NY,5,0.29166666666667734,day_anchor_std,server_midnight,1,0,0,0,UNCLASSIFIED,TRANSITION_UNCLASSIFIED,TRANSITION
908.65,909.55,908.65,909.25,0,0,0,1,0.9528933327304265,NY,5,0.29166666666667734,day_anchor_std,server_midnight,1,0,0,0,UNCLASSIFIED,TRANSITION_UNCLASSIFIED,TRANSITION
909.25,910.55,908.95,910.35,0,0,0,1,0.9956179773474834,NY,6,0.5287445217839899,day_anchor_std,server_midnight,1,0,0,0,UNCLASSIFIED,TRANSITION_UNCLASSIFIED,TRANSITION
910.45,911.25,909.8,909.85,0,0,0,1,0.9956179773474834,NY,6,0.5287445217839899,day_anchor_std,server_midnight,1,0,0,0,UNCLASSIFIED,TRANSITION_UNCLASSIFIED,TRANSITION
909.95,911.85,909.95,911.75,0,0,0,1,0.9956179773474834,NY,6,0.5287445217839899,day_anchor_std,server_midnight,1,0,0,0,UNCLASSIFIED,TRANSITION_UNCLASSIFIED,TRANSITION
911.65,913.25,911.65,912.1,0,0,0,1,0.9956179773474834,NY,6,0.5287445217839899,day_anchor_std,server_midnight,1,0,0,0,UNCLASSIFIED,TRANSITION_UNCLASSIFIED,TRANSITION
912.05,912.3,910.35,910.95,0,0,0,1,0.742270480618118,NY,7,0.106179775280892,day_anchor_std,server_midnight,1,0,0,0,TRANSITION_NOISY,TRANSITION_NOISY,TRANSITION
911.05,911.85,909.7,910.15,0,0,0,1,0.742270480618118,NY,7,0.106179775280892,day_anchor_std,server_midnight,1,0,0,0,TRANSITION_NOISY,TRANSITION_NOISY,TRANSITION
910.2,911.55,910.15,910.8,0,0,0,1,0.742270480618118,NY,7,0.106179775280892,day_anchor_std,server_midnight,1,0,0,0,TRANSITION_NOISY,TRANSITION_NOISY,TRANSITION
910.95,911.25,910.3,910.9,0,0,0,1,0.742270480618118,NY,7,0.106179775280892,day_anchor_std,server_midnight,1,0,0,0,TRANSITION_NOISY,TRANSITION_NOISY,TRANSITION
910.7,912.55,910.05,912.05,0,0,0,1,0.8014301420521,NY,8,0.015217391304334024,day_anchor_std,server_midnight,1,0,0,0,TRANSITION_NOISY,TRANSITION_NOISY,TRANSITION
911.95,912.0,910.95,910.95,0,0,0,1,0.8014301420521,NY,8,0.015217391304334024,day_anchor_std,server_midnight,1,0,0,0,TRANSITION_NOISY,TRANSITION_NOISY,TRANSITION
910.75,910.9,909.55,910.25,0,0,0,1,0.8014301420521,NY,8,0.015217391304334024,day_anchor_std,server_midnight,1,0,0,0,TRANSITION_NOISY,TRANSITION_NOISY,TRANSITION
910.2,910.95,910.1,910.65,0,0,0,1,0.8014301420521,NY,8,0.015217391304334024,day_anchor_std,server_midnight,1,0,0,0,TRANSITION_NOISY,TRANSITION_NOISY,TRANSITION
910.55,910.55,908.9,908.95,0,0,0,2,0.4303708348085176,NY_PM,1,0.4149888143176893,day_anchor_std,server_midnight,0,0,0,1,TREND_STRONG,TREND_STRONG,TREND
909.15,910.35,908.45,908.65,0,0,0,2,0.4303708348085176,NY_PM,1,0.4149888143176893,day_anchor_std,server_midnight,0,0,0,1,TREND_STRONG,TREND_STRONG,TREND
908.75,909.35,907.15,909.15,0,0,0,2,0.4303708348085176,NY_PM,1,0.4149888143176893,day_anchor_std,server_midnight,0,0,0,1,TREND_STRONG,TREND_STRONG,TREND
909.45,909.45,909.35,909.35,0,0,0,1,0.9881065945247836,NY_PM,1,0.34882796980533326,day_anchor_std,server_midnight,1,0,0,0,TRANSITION_NOISY,TRANSITION_NOISY,TRANSITION
909.05,909.95,909.05,909.95,0,0,0,1,0.968990905371447,NY_PM,2,0.14657738095240017,day_anchor_std,server_midnight,1,0,0,0,TRANSITION_NOISY,TRANSITION_NOISY,TRANSITION
909.45,909.65,909.45,909.45,0,0,0,1,0.968990905371447,NY_PM,2,0.14657738095240017,day_anchor_std,server_midnight,1,0,0,0,TRANSITION_NOISY,TRANSITION_NOISY,TRANSITION
909.5,910.0,909.45,909.95,0,0,0,1,0.968990905371447,NY_PM,2,0.14657738095240017,day_anchor_std,server_midnight,1,0,0,0,TRANSITION_NOISY,TRANSITION_NOISY,TRANSITION
907.55,907.95,907.5,907.95,0,0,0,1,0.9990105430635914,NY,3,0.05454545454544628,day_anchor_std,server_midnight,1,0,0,0,TRANSITION_NOISY,TRANSITION_NOISY,TRANSITION
908.05,908.05,906.95,907.05,0,0,0,1,0.9982050485054554,NY,4,0.6737306843267326,day_anchor_std,server_midnight,1,0,0,0,UNCLASSIFIED,TRANSITION_UNCLASSIFIED,TRANSITION
907.1,907.7,906.55,907.3,0,0,0,1,0.9982050485054554,NY,4,0.6737306843267326,day_anchor_std,server_midnight,1,0,0,0,UNCLASSIFIED,TRANSITION_UNCLASSIFIED,TRANSITION
907.2,907.6,905.65,905.65,0,0,0,1,0.9982050485054554,NY,4,0.6737306843267326,day_anchor_std,server_midnight,1,0,0,0,UNCLASSIFIED,TRANSITION_UNCLASSIFIED,TRANSITION
905.55,905.85,904.95,905.1,0,0,0,1,0.9982050485054554,NY,4,0.6737306843267326,day_anchor_std,server_midnight,1,0,0,0,UNCLASSIFIED,TRANSITION_UNCLASSIFIED,TRANSITION
905.0,905.0,902.95,903.0,0,0,0,1,0.9976313115831219,NY,5,1.3701250919794095,day_anchor_std,server_midnight,0,1,0,0,UNCLASSIFIED,TRANSITION_UNCLASSIFIED,TRANSITION
903.05,903.85,902.15,902.8,0,0,0,1,0.9976313115831219,NY,5,1.3701250919794095,day_anchor_std,server_midnight,0,1,0,0,UNCLASSIFIED,TRANSITION_UNCLASSIFIED,TRANSITION
902.7,903.55,901.7,903.45,0,0,0,1,0.9976313115831219,NY,5,1.3701250919794095,day_anchor_std,server_midnight,0,1,0,0,UNCLASSIFIED,TRANSITION_UNCLASSIFIED,TRANSITION
903.25,903.75,902.25,902.25,0,0,0,1,0.9976313115831219,NY,5,1.3701250919794095,day_anchor_std,server_midnight,0,1,0,0,UNCLASSIFIED,TRANSITION_UNCLASSIFIED,TRANSITION
908.35,909.05,907.95,908.55,0,0,0,1,0.9565993607999446,NY_PM,2,1.3546504704061089,day_anchor_std,server_midnight,0,1,0,0,UNCLASSIFIED,TRANSITION_UNCLASSIFIED,TRANSITION
908.5,910.15,908.5,908.85,0,0,0,1,0.9565993607999446,NY_PM,2,1.3546504704061089,day_anchor_std,server_midnight,0,1,0,0,UNCLASSIFIED,TRANSITION_UNCLASSIFIED,TRANSITION
908.8,911.95,908.45,910.8,0,0,0,1,0.9565993607999446,NY_PM,2,1.3546504704061089,day_anchor_std,server_midnight,0,1,0,0,UNCLASSIFIED,TRANSITION_UNCLASSIFIED,TRANSITION
907.55,908.05,907.55,908.05,0,0,0,1,0.9777458916926026,NY,5,0.2383993188591162,day_anchor_std,server_midnight,1,0,0,0,UNCLASSIFIED,TRANSITION_UNCLASSIFIED,TRANSITION
908.45,909.55,908.25,909.55,0,0,0,1,0.9777458916926026,NY,5,0.2383993188591162,day_anchor_std,server_midnight,1,0,0,0,UNCLASSIFIED,TRANSITION_UNCLASSIFIED,TRANSITION
905.25,906.35,905.05,906.05,0,0,0,1,0.9978636217923051,NY,7,0.16411824668703767,day_anchor_std,server_midnight,1,0,0,0,UNCLASSIFIED,TRANSITION_UNCLASSIFIED,TRANSITION
906.15,907.75,905.05,907.15,0,0,0,1,0.9978636217923051,NY,7,0.16411824668703767,day_anchor_std,server_midnight,1,0,0,0,UNCLASSIFIED,TRANSITION_UNCLASSIFIED,TRANSITION
907.1,908.45,906.95,907.95,0,0,0,1,0.9978636217923051,NY,7,0.16411824668703767,day_anchor_std,server_midnight,1,0,0,0,UNCLASSIFIED,TRANSITION_UNCLASSIFIED,TRANSITION
908.15,909.95,907.15,907.45,0,0,0,1,0.9978636217923051,NY,7,0.16411824668703767,day_anchor_std,server_midnight,1,0,0,0,UNCLASSIFIED,TRANSITION_UNCLASSIFIED,TRANSITION
907.4,909.2,906.75,909.2,0,0,0,1,0.998281086187857,NY,8,0.5522133938706195,day_anchor_std,server_midnight,1,0,0,0,UNCLASSIFIED,TRANSITION_UNCLASSIFIED,TRANSITION
908.95,909.6,905.65,906.85,0,0,0,1,0.998281086187857,NY,8,0.5522133938706195,day_anchor_std,server_midnight,1,0,0,0,UNCLASSIFIED,TRANSITION_UNCLASSIFIED,TRANSITION
906.55,908.45,906.25,908.05,0,0,0,1,0.998281086187857,NY,8,0.5522133938706195,day_anchor_std,server_midnight,1,0,0,0,UNCLASSIFIED,TRANSITION_UNCLASSIFIED,TRANSITION
907.95,908.15,905.9,906.05,0,0,0,1,0.998281086187857,NY,8,0.5522133938706195,day_anchor_std,server_midnight,1,0,0,0,UNCLASSIFIED,TRANSITION_UNCLASSIFIED,TRANSITION
912.15,915.45,912.05,915.15,0,0,0,1,0.8842782024307873,NY_PM,10,1.5874026893134658,day_anchor_std,server_midnight,0,1,0,0,UNCLASSIFIED,TRANSITION_UNCLASSIFIED,TRANSITION
915.35,916.35,914.3,914.5,0,0,0,1,0.8842782024307873,NY_PM,10,1.5874026893134658,day_anchor_std,server_midnight,0,1,0,0,UNCLASSIFIED,TRANSITION_UNCLASSIFIED,TRANSITION
914.55,915.35,914.3,915.15,0,0,0,1,0.8842782024307873,NY_PM,10,1.5874026893134658,day_anchor_std,server_midnight,0,1,0,0,UNCLASSIFIED,TRANSITION_UNCLASSIFIED,TRANSITION
913.45,913.45,913.4,913.45,0,0,0,1,0.9968379246141544,NY_PM,11,0.682824655894651,day_anchor_std,server_midnight,1,0,0,0,UNCLASSIFIED,TRANSITION_UNCLASSIFIED,TRANSITION
913.5,913.5,912.95,912.95,0,0,0,1,0.9968379246141544,NY_PM,11,0.682824655894651,day_anchor_std,server_midnight,1,0,0,0,UNCLASSIFIED,TRANSITION_UNCLASSIFIED,TRANSITION
913.0,913.25,912.95,913.25,0,0,0,1,0.9968379246141544,NY_PM,11,0.682824655894651,day_anchor_std,server_midnight,1,0,0,0,UNCLASSIFIED,TRANSITION_UNCLASSIFIED,TRANSITION
913.35,913.45,911.95,911.95,0,0,0,1,0.9968379246141544,NY_PM,11,0.682824655894651,day_anchor_std,server_midnight,1,0,0,0,UNCLASSIFIED,TRANSITION_UNCLASSIFIED,TRANSITION
911.75,911.95,911.45,911.95,0,0,0,1,0.9870015454154437,NY_PM,12,0.3974060267163415,day_anchor_std,server_midnight,1,0,0,0,UNCLASSIFIED,TRANSITION_UNCLASSIFIED,TRANSITION
911.65,911.65,911.65,911.65,0,0,0,1,0.9870015454154437,NY_PM,12,0.3974060267163415,day_anchor_std,server_midnight,1,0,0,0,UNCLASSIFIED,TRANSITION_UNCLASSIFIED,TRANSITION
911.45,911.45,910.95,910.95,0,0,0,1,0.9870015454154437,NY_PM,12,0.3974060267163415,day_anchor_std,server_midnight,1,0,0,0,UNCLASSIFIED,TRANSITION_UNCLASSIFIED,TRANSITION
911.0,911.0,910.9,910.95,0,0,0,1,0.9870015454154437,NY_PM,12,0.3974060267163415,day_anchor_std,server_midnight,1,0,0,0,UNCLASSIFIED,TRANSITION_UNCLASSIFIED,TRANSITION
903.95,904.15,903.95,904.15,0,0,0,1,0.9872392567984445,NY,12,0.22432045779686588,day_anchor_std,server_midnight,1,0,0,0,UNCLASSIFIED,TRANSITION_UNCLASSIFIED,TRANSITION
903.85,905.75,902.95,905.75,0,0,0,1,0.9872392567984445,NY,12,0.22432045779686588,day_anchor_std,server_midnight,1,0,0,0,UNCLASSIFIED,TRANSITION_UNCLASSIFIED,TRANSITION
906.35,908.2,906.15,907.65,0,0,0,1,0.9988096323981636,NY,1,0.5303030303030448,day_anchor_std,server_midnight,1,0,0,0,UNCLASSIFIED,TRANSITION_UNCLASSIFIED,TRANSITION
907.55,907.75,905.65,906.4,0,0,0,1,0.9988096323981636,NY,1,0.5303030303030448,day_anchor_std,server_midnight,1,0,0,0,UNCLASSIFIED,TRANSITION_UNCLASSIFIED,TRANSITION
906.35,907.7,905.65,907.25,0,0,0,1,0.9988096323981636,NY,1,0.5303030303030448,day_anchor_std,server_midnight,1,0,0,0,UNCLASSIFIED,TRANSITION_UNCLASSIFIED,TRANSITION
907.85,910.05,906.55,909.25,0,0,0,1,0.9988096323981636,NY,1,0.5303030303030448,day_anchor_std,server_midnight,1,0,0,0,UNCLASSIFIED,TRANSITION_UNCLASSIFIED,TRANSITION
909.55,911.25,908.95,908.95,0,0,0,1,0.9983570803079678,NY,2,0.6946796959826402,day_anchor_std,server_midnight,1,0,0,0,UNCLASSIFIED,TRANSITION_UNCLASSIFIED,TRANSITION
908.75,909.25,907.45,907.55,0,0,0,1,0.9983570803079678,NY,2,0.6946796959826402,day_anchor_std,server_midnight,1,0,0,0,UNCLASSIFIED,TRANSITION_UNCLASSIFIED,TRANSITION
907.85,910.25,907.85,909.6,0,0,0,1,0.9983570803079678,NY,2,0.6946796959826402,day_anchor_std,server_midnight,1,0,0,0,UNCLASSIFIED,TRANSITION_UNCLASSIFIED,TRANSITION
909.4,911.35,909.1,910.25,0,0,0,1,0.9983570803079678,NY,2,0.6946796959826402,day_anchor_std,server_midnight,1,0,0,0,UNCLASSIFIED,TRANSITION_UNCLASSIFIED,TRANSITION
908.95,908.95,908.15,908.15,0,0,0,1,0.9011359162309504,NY,1,3.142380509580687e-14,day_anchor_std,server_midnight,1,0,0,0,TRANSITION_NOISY,TRANSITION_NOISY,TRANSITION
908.3,908.55,908.2,908.55,0,0,0,1,0.9011359162309504,NY,1,3.142380509580687e-14,day_anchor_std,server_midnight,1,0,0,0,TRANSITION_NOISY,TRANSITION_NOISY,TRANSITION
912.45,913.05,910.05,910.45,0,0,0,1,0.8667891488910178,NY,1,0.05703152674457968,day_anchor_std,server_midnight,1,0,0,0,TRANSITION_NOISY,TRANSITION_NOISY,TRANSITION
910.65,911.5,909.75,911.5,0,0,0,1,0.8667891488910178,NY,1,0.05703152674457968,day_anchor_std,server_midnight,1,0,0,0,TRANSITION_NOISY,TRANSITION_NOISY,TRANSITION
911.3,912.25,910.45,910.95,0,0,0,1,0.8667891488910178,NY,1,0.05703152674457968,day_anchor_std,server_midnight,1,0,0,0,TRANSITION_NOISY,TRANSITION_NOISY,TRANSITION
910.85,910.95,909.5,910.25,0,0,0,1,0.8667891488910178,NY,1,0.05703152674457968,day_anchor_std,server_midnight,1,0,0,0,TRANSITION_NOISY,TRANSITION_NOISY,TRANSITION
908.1,908.1,907.15,907.15,0,0,0,1,0.9743600733887301,NY,1,0.28908554572273265,day_anchor_std,server_midnight,1,0,0,0,UNCLASSIFIED,TRANSITION_UNCLASSIFIED,TRANSITION
907.2,907.45,906.35,906.35,0,0,0,1,0.9743600733887301,NY,1,0.28908554572273265,day_anchor_std,server_midnight,1,0,0,0,UNCLASSIFIED,TRANSITION_UNCLASSIFIED,TRANSITION
918.45,919.5,917.4,917.4,0,0,0,1,0.7815415601195932,NY,1,2.2707197763801275,day_anchor_std,server_midnight,0,1,0,0,UNCLASSIFIED,TRANSITION_UNCLASSIFIED,TRANSITION
917.45,918.35,917.35,917.85,0,0,0,1,0.7815415601195932,NY,1,2.2707197763801275,day_anchor_std,server_midnight,0,1,0,0,UNCLASSIFIED,TRANSITION_UNCLASSIFIED,TRANSITION
917.8,920.55,917.55,920.55,0,0,0,1,0.7815415601195932,NY,1,2.2707197763801275,day_anchor_std,server_midnight,0,1,0,0,UNCLASSIFIED,TRANSITION_UNCLASSIFIED,TRANSITION
920.45,921.25,918.05,918.95,0,0,0,1,0.7815415601195932,NY,1,2.2707197763801275,day_anchor_std,server_midnight,0,1,0,0,UNCLASSIFIED,TRANSITION_UNCLASSIFIED,TRANSITION
919.15,921.05,919.15,921.05,0,0,0,2,0.9673120003445008,NY_PM,1,2.897340545413546,day_anchor_std,server_midnight,0,0,0,1,TREND_FRAGILE,TREND_FRAGILE,TREND
920.95,922.35,920.95,920.95,0,0,0,2,0.9673120003445008,NY_PM,1,2.897340545413546,day_anchor_std,server_midnight,0,0,0,1,TREND_FRAGILE,TREND_FRAGILE,TREND
920.8,922.35,920.35,922.35,0,0,0,2,0.9673120003445008,NY_PM,1,2.897340545413546,day_anchor_std,server_midnight,0,0,0,1,TREND_FRAGILE,TREND_FRAGILE,TREND
922.1,922.15,922.1,922.1,0,0,0,2,0.9798400581440708,NY_PM,2,2.876611418047858,day_anchor_std,server_midnight,0,0,0,1,UNCLASSIFIED,TREND_UNCLASSIFIED,TREND
922.05,922.15,922.0,922.05,0,0,0,2,0.9705697372927775,NY_PM,3,2.918772563176884,day_anchor_std,server_midnight,0,0,0,1,UNCLASSIFIED,TREND_UNCLASSIFIED,TREND
922.0,922.0,921.95,921.95,0,0,0,2,0.9705697372927775,NY_PM,3,2.918772563176884,day_anchor_std,server_midnight,0,0,0,1,UNCLASSIFIED,TREND_UNCLASSIFIED,TREND
922.0,922.0,921.95,921.95,0,0,0,2,0.9705697372927775,NY_PM,3,2.918772563176884,day_anchor_std,server_midnight,0,0,0,1,UNCLASSIFIED,TREND_UNCLASSIFIED,TREND
931.15,931.4,929.85,929.95,0,0,0,2,0.998224214615634,NY_PM,9,1.6410097248085962,day_anchor_std,server_midnight,0,0,0,1,UNCLASSIFIED,TREND_UNCLASSIFIED,TREND
930.15,931.5,929.95,931.35,0,0,0,2,0.998224214615634,NY_PM,9,1.6410097248085962,day_anchor_std,server_midnight,0,0,0,1,UNCLASSIFIED,TREND_UNCLASSIFIED,TREND
930.8,931.85,930.55,931.35,0,0,0,2,0.998224214615634,NY_PM,9,1.6410097248085962,day_anchor_std,server_midnight,0,0,0,1,UNCLASSIFIED,TREND_UNCLASSIFIED,TREND
929.45,929.5,929.45,929.45,0,0,0,2,0.987152320004086,NY_PM,10,1.0904490828589437,day_anchor_std,server_midnight,0,0,0,1,TREND_STRONG,TREND_STRONG,TREND
929.5,929.85,929.45,929.5,0,0,0,2,0.9963026566458199,NY_PM,11,1.1997549019607545,day_anchor_std,server_midnight,0,0,0,1,TREND_STRONG,TREND_STRONG,TREND
929.55,929.55,929.45,929.45,0,0,0,2,0.9963026566458199,NY_PM,11,1.1997549019607545,day_anchor_std,server_midnight,0,0,0,1,TREND_STRONG,TREND_STRONG,TREND
929.55,929.8,929.55,929.65,0,0,0,2,0.9963026566458199,NY_PM,11,1.1997549019607545,day_anchor_std,server_midnight,0,0,0,1,TREND_STRONG,TREND_STRONG,TREND
929.45,929.65,929.45,929.45,0,0,0,2,0.9928239744395434,NY_PM,12,1.2586470768288538,day_anchor_std,server_midnight,0,0,0,1,TREND_STRONG,TREND_STRONG,TREND
929.4,929.55,929.4,929.55,0,0,0,2,0.9928239744395434,NY_PM,12,1.2586470768288538,day_anchor_std,server_midnight,0,0,0,1,TREND_STRONG,TREND_STRONG,TREND
929.5,929.6,929.5,929.55,0,0,0,2,0.9928239744395434,NY_PM,12,1.2586470768288538,day_anchor_std,server_midnight,0,0,0,1,TREND_STRONG,TREND_STRONG,TREND
934.25,935.65,934.25,935.45,0,0,0,1,0.9897205568356207,NY_PM,1,0.45310541310538405,day_anchor_std,server_midnight,1,0,0,0,UNCLASSIFIED,TRANSITION_UNCLASSIFIED,TRANSITION
935.75,935.8,933.4,933.4,0,0,0,1,0.9897205568356207,NY_PM,1,0.45310541310538405,day_anchor_std,server_midnight,1,0,0,0,UNCLASSIFIED,TRANSITION_UNCLASSIFIED,TRANSITION
933.35,934.5,932.55,932.55,0,0,0,1,0.9897205568356207,NY_PM,1,0.45310541310538405,day_anchor_std,server_midnight,1,0,0,0,UNCLASSIFIED,TRANSITION_UNCLASSIFIED,TRANSITION
931.65,931.75,931.45,931.75,0,0,0,1,0.9962696720967089,NY_PM,2,0.209251101321557,day_anchor_std,server_midnight,1,0,0,0,UNCLASSIFIED,TRANSITION_UNCLASSIFIED,TRANSITION
931.55,931.55,931.55,931.55,0,0,0,1,0.9974235507356324,NY_PM,3,0.022222222222277863,day_anchor_std,server_midnight,1,0,0,0,UNCLASSIFIED,TRANSITION_UNCLASSIFIED,TRANSITION
931.45,931.55,931.4,931.45,0,0,0,1,0.9974235507356324,NY_PM,3,0.022222222222277863,day_anchor_std,server_midnight,1,0,0,0,UNCLASSIFIED,TRANSITION_UNCLASSIFIED,TRANSITION
931.25,931.25,931.05,931.05,0,0,0,1,0.9974235507356324,NY_PM,3,0.022222222222277863,day_anchor_std,server_midnight,1,0,0,0,UNCLASSIFIED,TRANSITION_UNCLASSIFIED,TRANSITION
930.95,930.95,929.75,929.75,0,0,0,1,0.9960414373896564,NY_PM,4,0.41521214701289066,day_anchor_std,server_midnight,1,0,0,0,UNCLASSIFIED,TRANSITION_UNCLASSIFIED,TRANSITION
929.95,929.95,929.95,929.95,0,0,0,1,0.9960414373896564,NY_PM,4,0.41521214701289066,day_anchor_std,server_midnight,1,0,0,0,UNCLASSIFIED,TRANSITION_UNCLASSIFIED,TRANSITION
929.9,929.95,929.85,929.95,0,0,0,1,0.9960414373896564,NY_PM,4,0.41521214701289066,day_anchor_std,server_midnight,1,0,0,0,UNCLASSIFIED,TRANSITION_UNCLASSIFIED,TRANSITION
928.85,928.85,926.95,927.05,0,0,0,1,0.983274466682647,NY,5,0.21794871794878357,day_anchor_std,server_midnight,1,0,0,0,UNCLASSIFIED,TRANSITION_UNCLASSIFIED,TRANSITION
932.35,933.05,930.55,931.05,0,0,0,1,0.9995393576661113,NY,8,0.6608483483483767,day_anchor_std,server_midnight,1,0,0,0,UNCLASSIFIED,TRANSITION_UNCLASSIFIED,TRANSITION
931.15,932.7,930.85,932.25,0,0,0,1,0.9995393576661113,NY,8,0.6608483483483767,day_anchor_std,server_midnight,1,0,0,0,UNCLASSIFIED,TRANSITION_UNCLASSIFIED,TRANSITION
932.3,932.85,930.85,932.35,0,0,0,1,0.9995393576661113,NY,8,0.6608483483483767,day_anchor_std,server_midnight,1,0,0,0,UNCLASSIFIED,TRANSITION_UNCLASSIFIED,TRANSITION
932.25,934.15,931.75,932.05,0,0,0,1,0.9995393576661113,NY,8,0.6608483483483767,day_anchor_std,server_midnight,1,0,0,0,UNCLASSIFIED,TRANSITION_UNCLASSIFIED,TRANSITION
931.55,934.25,931.55,934.15,0,0,0,1,0.9996684207546294,NY,9,0.46813880126187296,day_anchor_std,server_midnight,1,0,0,0,UNCLASSIFIED,TRANSITION_UNCLASSIFIED,TRANSITION
933.95,934.95,932.8,934.9,0,0,0,1,0.9996684207546294,NY,9,0.46813880126187296,day_anchor_std,server_midnight,1,0,0,0,UNCLASSIFIED,TRANSITION_UNCLASSIFIED,TRANSITION
934.6,934.95,933.15,933.75,0,0,0,1,0.9996684207546294,NY,9,0.46813880126187296,day_anchor_std,server_midnight,1,0,0,0,UNCLASSIFIED,TRANSITION_UNCLASSIFIED,TRANSITION
933.55,933.65,931.55,931.8,0,0,0,1,0.9996684207546294,NY,9,0.46813880126187296,day_anchor_std,server_midnight,1,0,0,0,UNCLASSIFIED,TRANSITION_UNCLASSIFIED,TRANSITION
931.75,932.55,930.95,930.95,0,0,0,1,0.9991787906272738,NY_PM,10,0.4884673925770177,day_anchor_std,server_midnight,1,0,0,0,UNCLASSIFIED,TRANSITION_UNCLASSIFIED,TRANSITION
930.75,932.05,930.55,932.0,0,0,0,1,0.9991787906272738,NY_PM,10,0.4884673925770177,day_anchor_std,server_midnight,1,0,0,0,UNCLASSIFIED,TRANSITION_UNCLASSIFIED,TRANSITION
932.05,932.45,931.75,932.05,0,0,0,1,0.9991787906272738,NY_PM,10,0.4884673925770177,day_anchor_std,server_midnight,1,0,0,0,UNCLASSIFIED,TRANSITION_UNCLASSIFIED,TRANSITION
929.95,929.95,929.95,929.95,0,0,0,1,0.9989167208414198,NY_PM,11,0.14603870025553461,day_anchor_std,server_midnight,1,0,0,0,UNCLASSIFIED,TRANSITION_UNCLASSIFIED,TRANSITION
929.75,929.75,929.25,929.25,0,0,0,1,0.9973126732535167,NY_PM,12,0.4645430413348268,day_anchor_std,server_midnight,1,0,0,0,UNCLASSIFIED,TRANSITION_UNCLASSIFIED,TRANSITION
929.15,929.25,928.95,928.95,0,0,0,1,0.9973126732535167,NY_PM,12,0.4645430413348268,day_anchor_std,server_midnight,1,0,0,0,UNCLASSIFIED,TRANSITION_UNCLASSIFIED,TRANSITION
930.0,930.95,929.75,930.65,0,0,0,1,0.9710578607938537,NY_PM,12,0.410603496897917,day_anchor_std,server_midnight,1,0,0,0,UNCLASSIFIED,TRANSITION_UNCLASSIFIED,TRANSITION
930.75,930.85,930.45,930.75,0,0,0,1,0.9710578607938537,NY_PM,12,0.410603496897917,day_anchor_std,server_midnight,1,0,0,0,UNCLASSIFIED,TRANSITION_UNCLASSIFIED,TRANSITION
930.7,930.75,929.45,929.95,0,0,0,1,0.9710578607938537,NY_PM,12,0.410603496897917,day_anchor_std,server_midnight,1,0,0,0,UNCLASSIFIED,TRANSITION_UNCLASSIFIED,TRANSITION
929.75,929.75,929.15,929.25,0,0,0,1,0.9710578607938537,NY_PM,12,0.410603496897917,day_anchor_std,server_midnight,1,0,0,0,UNCLASSIFIED,TRANSITION_UNCLASSIFIED,TRANSITION
940.7,940.95,938.95,939.15,0,0,0,1,0.98052770148308,NY,1,0.5099337748344644,day_anchor_std,server_midnight,1,0,0,0,UNCLASSIFIED,TRANSITION_UNCLASSIFIED,TRANSITION
939.05,939.05,937.45,937.95,0,0,0,1,0.98052770148308,NY,1,0.5099337748344644,day_anchor_std,server_midnight,1,0,0,0,UNCLASSIFIED,TRANSITION_UNCLASSIFIED,TRANSITION
938.0,939.55,938.0,938.0,0,0,0,1,0.98052770148308,NY,1,0.5099337748344644,day_anchor_std,server_midnight,1,0,0,0,UNCLASSIFIED,TRANSITION_UNCLASSIFIED,TRANSITION
937.95,938.2,937.15,938.05,0,0,0,1,0.98052770148308,NY,1,0.5099337748344644,day_anchor_std,server_midnight,1,0,0,0,UNCLASSIFIED,TRANSITION_UNCLASSIFIED,TRANSITION
938.15,939.95,937.1,939.95,0,0,0,1,0.9905072134778226,NY,2,0.011378149309217761,day_anchor_std,server_midnight,1,0,0,0,UNCLASSIFIED,TRANSITION_UNCLASSIFIED,TRANSITION
939.75,939.75,938.95,939.25,0,0,0,1,0.9905072134778226,NY,2,0.011378149309217761,day_anchor_std,server_midnight,1,0,0,0,UNCLASSIFIED,TRANSITION_UNCLASSIFIED,TRANSITION
938.95,939.2,938.4,938.95,0,0,0,1,0.9905072134778226,NY,2,0.011378149309217761,day_anchor_std,server_midnight,1,0,0,0,UNCLASSIFIED,TRANSITION_UNCLASSIFIED,TRANSITION
939.05,940.75,939.0,939.6,0,0,0,1,0.9905072134778226,NY,2,0.011378149309217761,day_anchor_std,server_midnight,1,0,0,0,UNCLASSIFIED,TRANSITION_UNCLASSIFIED,TRANSITION
939.75,940.2,938.85,938.85,0,0,0,1,0.9989104909902666,NY,3,1.3780036968576792,day_anchor_std,server_midnight,0,1,0,0,UNCLASSIFIED,TRANSITION_UNCLASSIFIED,TRANSITION
939.05,939.05,935.05,935.15,0,0,0,1,0.9989104909902666,NY,3,1.3780036968576792,day_anchor_std,server_midnight,0,1,0,0,UNCLASSIFIED,TRANSITION_UNCLASSIFIED,TRANSITION
935.25,935.75,933.55,933.75,0,0,0,1,0.9989104909902666,NY,3,1.3780036968576792,day_anchor_std,server_midnight,0,1,0,0,UNCLASSIFIED,TRANSITION_UNCLASSIFIED,TRANSITION
933.7,934.7,933.25,933.45,0,0,0,1,0.9989104909902666,NY,3,1.3780036968576792,day_anchor_std,server_midnight,0,1,0,0,UNCLASSIFIED,TRANSITION_UNCLASSIFIED,TRANSITION
933.55,935.3,933.55,935.25,0,0,0,1,0.9988926342046401,NY,4,1.3694252873563333,day_anchor_std,server_midnight,0,1,0,0,UNCLASSIFIED,TRANSITION_UNCLASSIFIED,TRANSITION
935.15,935.35,933.95,934.65,0,0,0,1,0.9988926342046401,NY,4,1.3694252873563333,day_anchor_std,server_midnight,0,1,0,0,UNCLASSIFIED,TRANSITION_UNCLASSIFIED,TRANSITION
934.55,934.55,930.25,931.2,0,0,0,1,0.9988926342046401,NY,4,1.3694252873563333,day_anchor_std,server_midnight,0,1,0,0,UNCLASSIFIED,TRANSITION_UNCLASSIFIED,TRANSITION
931.05,932.3,930.15,932.3,0,0,0,1,0.9988926342046401,NY,4,1.3694252873563333,day_anchor_std,server_midnight,0,1,0,0,UNCLASSIFIED,TRANSITION_UNCLASSIFIED,TRANSITION
932.05,932.55,931.15,931.45,0,0,0,1,0.9920892915708682,NY_PM,5,1.3247789311802787,day_anchor_std,server_midnight,0,1,0,0,UNCLASSIFIED,TRANSITION_UNCLASSIFIED,TRANSITION
931.35,932.25,930.65,932.25,0,0,0,1,0.9920892915708682,NY_PM,5,1.3247789311802787,day_anchor_std,server_midnight,0,1,0,0,UNCLASSIFIED,TRANSITION_UNCLASSIFIED,TRANSITION
932.45,933.45,931.95,931.95,0,0,0,1,0.9920892915708682,NY_PM,5,1.3247789311802787,day_anchor_std,server_midnight,0,1,0,0,UNCLASSIFIED,TRANSITION_UNCLASSIFIED,TRANSITION
932.2,932.55,932.15,932.55,0,0,0,0,0.887015462773132,NY_PM,3,1.3413496743361326,day_anchor_std,server_midnight,0,0,1,0,UNCLASSIFIED,BALANCE_UNCLASSIFIED,BALANCE
932.35,932.35,932.25,932.25,0,0,0,0,0.887015462773132,NY_PM,3,1.3413496743361326,day_anchor_std,server_midnight,0,0,1,0,UNCLASSIFIED,BALANCE_UNCLASSIFIED,BALANCE
932.05,932.05,931.45,931.95,0,0,0,0,0.887015462773132,NY_PM,3,1.3413496743361326,day_anchor_std,server_midnight,0,0,1,0,UNCLASSIFIED,BALANCE_UNCLASSIFIED,BALANCE
932.35,934.05,932.35,933.55,0,0,0,1,0.9048105075435801,NY,1,2.4742640075973257,day_anchor_std,server_midnight,0,1,0,0,UNCLASSIFIED,TRANSITION_UNCLASSIFIED,TRANSITION
933.65,936.55,933.15,936.15,0,0,0,1,0.9048105075435801,NY,1,2.4742640075973257,day_anchor_std,server_midnight,0,1,0,0,UNCLASSIFIED,TRANSITION_UNCLASSIFIED,TRANSITION
937.15,941.2,937.15,939.3,0,0,0,1,0.9048105075435801,NY,1,2.4742640075973257,day_anchor_std,server_midnight,0,1,0,0,UNCLASSIFIED,TRANSITION_UNCLASSIFIED,TRANSITION
939.35,944.25,939.35,944.05,0,0,0,1,0.9048105075435801,NY,1,2.4742640075973257,day_anchor_std,server_midnight,0,1,0,0,UNCLASSIFIED,TRANSITION_UNCLASSIFIED,TRANSITION
944.45,945.5,943.45,944.1,0,0,0,0,0.8879371607440909,NY,1,2.2800829875518627,day_anchor_std,server_midnight,0,0,1,0,BALANCE_LEAKING,BALANCE_LEAKING,BALANCE
944.05,945.45,943.2,945.45,0,0,0,0,0.8879371607440909,NY,1,2.2800829875518627,day_anchor_std,server_midnight,0,0,1,0,BALANCE_LEAKING,BALANCE_LEAKING,BALANCE
945.55,945.95,943.95,944.25,0,0,0,0,0.8879371607440909,NY,1,2.2800829875518627,day_anchor_std,server_midnight,0,0,1,0,BALANCE_LEAKING,BALANCE_LEAKING,BALANCE
944.05,945.25,943.25,945.05,0,0,0,0,0.8879371607440909,NY,1,2.2800829875518627,day_anchor_std,server_midnight,0,0,1,0,BALANCE_LEAKING,BALANCE_LEAKING,BALANCE
945.35,950.05,945.35,947.35,0,0,0,1,0.8574671155595994,NY,1,2.2599209486166045,day_anchor_std,server_midnight,0,1,0,0,UNCLASSIFIED,TRANSITION_UNCLASSIFIED,TRANSITION
947.45,948.55,946.55,947.5,0,0,0,1,0.8574671155595994,NY,1,2.2599209486166045,day_anchor_std,server_midnight,0,1,0,0,UNCLASSIFIED,TRANSITION_UNCLASSIFIED,TRANSITION
947.6,948.85,946.55,946.55,0,0,0,1,0.8574671155595994,NY,1,2.2599209486166045,day_anchor_std,server_midnight,0,1,0,0,UNCLASSIFIED,TRANSITION_UNCLASSIFIED,TRANSITION
946.75,947.95,946.65,946.75,0,0,0,1,0.8574671155595994,NY,1,2.2599209486166045,day_anchor_std,server_midnight,0,1,0,0,UNCLASSIFIED,TRANSITION_UNCLASSIFIED,TRANSITION
946.55,946.55,945.35,945.35,0,0,0,1,0.8281136486160544,NY_PM,2,2.6275299463031936,day_anchor_std,server_midnight,0,1,0,0,UNCLASSIFIED,TRANSITION_UNCLASSIFIED,TRANSITION
945.15,946.25,944.4,946.25,0,0,0,1,0.8281136486160544,NY_PM,2,2.6275299463031936,day_anchor_std,server_midnight,0,1,0,0,UNCLASSIFIED,TRANSITION_UNCLASSIFIED,TRANSITION
946.55,947.55,945.95,947.55,0,0,0,1,0.8281136486160544,NY_PM,2,2.6275299463031936,day_anchor_std,server_midnight,0,1,0,0,UNCLASSIFIED,TRANSITION_UNCLASSIFIED,TRANSITION
947.45,947.45,947.2,947.2,0,0,0,2,0.986340578737806,NY_PM,1,2.455204216073822,day_anchor_std,server_midnight,0,0,0,1,TREND_STRONG,TREND_STRONG,TREND
947.2,947.2,947.2,947.2,0,0,0,2,0.986340578737806,NY_PM,1,2.455204216073822,day_anchor_std,server_midnight,0,0,0,1,TREND_STRONG,TREND_STRONG,TREND
947.15,947.15,947.15,947.15,0,0,0,2,0.986340578737806,NY_PM,1,2.455204216073822,day_anchor_std,server_midnight,0,0,0,1,TREND_STRONG,TREND_STRONG,TREND
947.2,947.2,946.95,946.95,0,0,0,2,0.986340578737806,NY_PM,1,2.455204216073822,day_anchor_std,server_midnight,0,0,0,1,TREND_STRONG,TREND_STRONG,TREND
956.55,959.45,956.55,958.25,0,0,0,1,0.999149880603363,NY,2,0.3879964695498528,day_anchor_std,server_midnight,1,0,0,0,TRANSITION_NOISY,TRANSITION_NOISY,TRANSITION
957.75,958.85,953.95,953.95,0,0,0,1,0.999149880603363,NY,2,0.3879964695498528,day_anchor_std,server_midnight,1,0,0,0,TRANSITION_NOISY,TRANSITION_NOISY,TRANSITION
953.65,958.15,953.55,958.15,0,0,0,1,0.999149880603363,NY,2,0.3879964695498528,day_anchor_std,server_midnight,1,0,0,0,TRANSITION_NOISY,TRANSITION_NOISY,TRANSITION
957.95,958.05,953.85,953.95,0,0,0,1,0.999149880603363,NY,2,0.3879964695498528,day_anchor_std,server_midnight,1,0,0,0,TRANSITION_NOISY,TRANSITION_NOISY,TRANSITION
954.45,955.05,952.65,952.95,0,0,0,1,0.9983710304422636,NY_PM,3,0.30858930602957113,day_anchor_std,server_midnight,1,0,0,0,TRANSITION_NOISY,TRANSITION_NOISY,TRANSITION
952.9,954.05,952.8,954.05,0,0,0,1,0.9983710304422636,NY_PM,3,0.30858930602957113,day_anchor_std,server_midnight,1,0,0,0,TRANSITION_NOISY,TRANSITION_NOISY,TRANSITION
954.15,954.35,953.15,953.85,0,0,0,1,0.9983710304422636,NY_PM,3,0.30858930602957113,day_anchor_std,server_midnight,1,0,0,0,TRANSITION_NOISY,TRANSITION_NOISY,TRANSITION
953.45,953.55,953.45,953.55,0,0,0,1,0.9998239032085487,NY_PM,4,0.2124352331605822,day_anchor_std,server_midnight,1,0,0,0,TRANSITION_NOISY,TRANSITION_NOISY,TRANSITION
953.45,953.55,953.45,953.55,0,0,0,1,0.9995067545590585,NY_PM,5,0.4155465949820792,day_anchor_std,server_midnight,1,0,0,0,TRANSITION_NOISY,TRANSITION_NOISY,TRANSITION
953.5,953.55,953.5,953.55,0,0,0,1,0.9995067545590585,NY_PM,5,0.4155465949820792,day_anchor_std,server_midnight,1,0,0,0,TRANSITION_NOISY,TRANSITION_NOISY,TRANSITION
953.45,953.45,953.25,953.25,0,0,0,1,0.9995067545590585,NY_PM,5,0.4155465949820792,day_anchor_std,server_midnight,1,0,0,0,TRANSITION_NOISY,TRANSITION_NOISY,TRANSITION
953.2,954.45,953.05,954.45,0,0,0,1,0.9995067545590585,NY_PM,5,0.4155465949820792,day_anchor_std,server_midnight,1,0,0,0,TRANSITION_NOISY,TRANSITION_NOISY,TRANSITION
953.95,953.95,953.45,953.55,0,0,0,1,0.8979274274036969,NY_PM,6,0.152951124640606,day_anchor_std,server_midnight,1,0,0,0,TRANSITION_NOISY,TRANSITION_NOISY,TRANSITION
953.65,953.65,952.95,952.95,0,0,0,1,0.8979274274036969,NY_PM,6,0.152951124640606,day_anchor_std,server_midnight,1,0,0,0,TRANSITION_NOISY,TRANSITION_NOISY,TRANSITION
953.25,953.45,953.25,953.45,0,0,0,1,0.8979274274036969,NY_PM,6,0.152951124640606,day_anchor_std,server_midnight,1,0,0,0,TRANSITION_NOISY,TRANSITION_NOISY,TRANSITION
953.55,953.65,953.45,953.45,0,0,0,1,0.8979274274036969,NY_PM,6,0.152951124640606,day_anchor_std,server_midnight,1,0,0,0,TRANSITION_NOISY,TRANSITION_NOISY,TRANSITION
949.8,949.85,949.8,949.85,0,0,0,1,0.8916708542355986,NY,7,0.0953405017920962,day_anchor_std,server_midnight,1,0,0,0,TRANSITION_NOISY,TRANSITION_NOISY,TRANSITION
949.95,950.75,949.95,950.75,0,0,0,1,0.8916708542355986,NY,7,0.0953405017920962,day_anchor_std,server_midnight,1,0,0,0,TRANSITION_NOISY,TRANSITION_NOISY,TRANSITION
950.95,953.55,950.9,952.25,0,0,0,1,0.5899878938414226,NY,8,0.10903426791277238,day_anchor_std,server_midnight,1,0,0,0,TRANSITION_NOISY,TRANSITION_NOISY,TRANSITION
952.3,954.3,952.3,954.25,0,0,0,1,0.5899878938414226,NY,8,0.10903426791277238,day_anchor_std,server_midnight,1,0,0,0,TRANSITION_NOISY,TRANSITION_NOISY,TRANSITION
954.2,955.15,953.3,954.5,0,0,0,1,0.5899878938414226,NY,8,0.10903426791277238,day_anchor_std,server_midnight,1,0,0,0,TRANSITION_NOISY,TRANSITION_NOISY,TRANSITION
954.55,955.1,951.65,951.7,0,0,0,1,0.5899878938414226,NY,8,0.10903426791277238,day_anchor_std,server_midnight,1,0,0,0,TRANSITION_NOISY,TRANSITION_NOISY,TRANSITION
951.75,952.75,950.25,952.1,0,0,0,1,0.99053006831611,NY,9,0.11822897816380454,day_anchor_std,server_midnight,1,0,0,0,UNCLASSIFIED,TRANSITION_UNCLASSIFIED,TRANSITION
952.15,953.15,950.65,952.4,0,0,0,1,0.99053006831611,NY,9,0.11822897816380454,day_anchor_std,server_midnight,1,0,0,0,UNCLASSIFIED,TRANSITION_UNCLASSIFIED,TRANSITION
952.2,952.4,951.05,951.55,0,0,0,1,0.99053006831611,NY,9,0.11822897816380454,day_anchor_std,server_midnight,1,0,0,0,UNCLASSIFIED,TRANSITION_UNCLASSIFIED,TRANSITION
951.65,952.1,951.2,952.05,0,0,0,1,0.99053006831611,NY,9,0.11822897816380454,day_anchor_std,server_midnight,1,0,0,0,UNCLASSIFIED,TRANSITION_UNCLASSIFIED,TRANSITION
951.95,951.95,949.45,949.95,0,0,0,1,0.9412103166469926,NY,10,0.5490196078431726,day_anchor_std,server_midnight,1,0,0,0,UNCLASSIFIED,TRANSITION_UNCLASSIFIED,TRANSITION
949.85,949.85,947.45,947.95,0,0,0,1,0.9412103166469926,NY,10,0.5490196078431726,day_anchor_std,server_midnight,1,0,0,0,UNCLASSIFIED,TRANSITION_UNCLASSIFIED,TRANSITION
948.0,948.55,947.35,947.35,0,0,0,1,0.9412103166469926,NY,10,0.5490196078431726,day_anchor_std,server_midnight,1,0,0,0,UNCLASSIFIED,TRANSITION_UNCLASSIFIED,TRANSITION
947.5,949.55,947.45,949.55,0,0,0,1,0.9412103166469926,NY,10,0.5490196078431726,day_anchor_std,server_midnight,1,0,0,0,UNCLASSIFIED,TRANSITION_UNCLASSIFIED,TRANSITION
948.1,948.1,945.05,945.35,0,0,0,2,0.9641557606296633,NY_PM,1,1.3133732534930231,day_anchor_std,server_midnight,0,0,0,1,TREND_STRONG,TREND_STRONG,TREND
945.25,947.55,945.1,946.5,0,0,0,2,0.9641557606296633,NY_PM,1,1.3133732534930231,day_anchor_std,server_midnight,0,0,0,1,TREND_STRONG,TREND_STRONG,TREND
946.45,946.75,945.95,946.05,0,0,0,2,0.9641557606296633,NY_PM,1,1.3133732534930231,day_anchor_std,server_midnight,0,0,0,1,TREND_STRONG,TREND_STRONG,TREND
948.0,948.0,947.9,947.95,0,0,0,2,0.9099373610099737,NY_PM,2,0.7833870390261197,day_anchor_std,server_midnight,0,0,0,1,TREND_STRONG,TREND_STRONG,TREND
947.55,947.55,947.55,947.55,0,0,0,2,0.9752350080203871,NY_PM,3,0.8669185558354022,day_anchor_std,server_midnight,0,0,0,1,TREND_STRONG,TREND_STRONG,TREND
947.65,948.15,947.65,948.15,0,0,0,2,0.9752350080203871,NY_PM,3,0.8669185558354022,day_anchor_std,server_midnight,0,0,0,1,TREND_STRONG,TREND_STRONG,TREND
948.05,948.05,947.95,947.95,0,0,0,2,0.9752350080203871,NY_PM,3,0.8669185558354022,day_anchor_std,server_midnight,0,0,0,1,TREND_STRONG,TREND_STRONG,TREND
948.25,948.45,947.95,947.95,0,0,0,2,0.8568138280744904,NY_PM,4,1.2347654320987045,day_anchor_std,server_midnight,0,0,0,1,TREND_STRONG,TREND_STRONG,TREND
948.0,948.55,948.0,948.55,0,0,0,2,0.8568138280744904,NY_PM,4,1.2347654320987045,day_anchor_std,server_midnight,0,0,0,1,TREND_STRONG,TREND_STRONG,TREND
948.45,948.45,947.45,947.45,0,0,0,2,0.8568138280744904,NY_PM,4,1.2347654320987045,day_anchor_std,server_midnight,0,0,0,1,TREND_STRONG,TREND_STRONG,TREND
947.5,947.5,946.95,946.95,0,0,0,2,0.8568138280744904,NY_PM,4,1.2347654320987045,day_anchor_std,server_midnight,0,0,0,1,TREND_STRONG,TREND_STRONG,TREND
943.25,943.95,942.7,943.0,0,0,0,1,0.949842214933317,NY,1,0.5544554455445627,day_anchor_std,server_midnight,1,0,0,0,UNCLASSIFIED,TRANSITION_UNCLASSIFIED,TRANSITION
943.05,944.7,942.85,944.15,0,0,0,1,0.949842214933317,NY,1,0.5544554455445627,day_anchor_std,server_midnight,1,0,0,0,UNCLASSIFIED,TRANSITION_UNCLASSIFIED,TRANSITION
944.05,946.35,943.95,946.05,0,0,0,1,0.949842214933317,NY,1,0.5544554455445627,day_anchor_std,server_midnight,1,0,0,0,UNCLASSIFIED,TRANSITION_UNCLASSIFIED,TRANSITION
945.95,947.75,945.65,946.85,0,0,0,1,0.949842214933317,NY,1,0.5544554455445627,day_anchor_std,server_midnight,1,0,0,0,UNCLASSIFIED,TRANSITION_UNCLASSIFIED,TRANSITION
946.95,948.15,945.95,947.2,0,0,0,1,0.9220744081836746,NY,2,0.16996891996893287,day_anchor_std,server_midnight,1,0,0,0,UNCLASSIFIED,TRANSITION_UNCLASSIFIED,TRANSITION
947.45,947.45,946.2,946.75,0,0,0,1,0.9220744081836746,NY,2,0.16996891996893287,day_anchor_std,server_midnight,1,0,0,0,UNCLASSIFIED,TRANSITION_UNCLASSIFIED,TRANSITION
946.65,947.35,945.45,945.45,0,0,0,1,0.9220744081836746,NY,2,0.16996891996893287,day_anchor_std,server_midnight,1,0,0,0,UNCLASSIFIED,TRANSITION_UNCLASSIFIED,TRANSITION
945.35,946.05,944.25,945.85,0,0,0,1,0.9220744081836746,NY,2,0.16996891996893287,day_anchor_std,server_midnight,1,0,0,0,UNCLASSIFIED,TRANSITION_UNCLASSIFIED,TRANSITION
945.8,949.5,945.7,948.9,0,0,0,1,0.9775196629156045,NY,3,1.8103364550814949,day_anchor_std,server_midnight,0,1,0,0,UNCLASSIFIED,TRANSITION_UNCLASSIFIED,TRANSITION
948.65,951.55,948.35,950.15,0,0,0,1,0.9775196629156045,NY,3,1.8103364550814949,day_anchor_std,server_midnight,0,1,0,0,UNCLASSIFIED,TRANSITION_UNCLASSIFIED,TRANSITION
950.35,950.35,948.85,949.65,0,0,0,1,0.9775196629156045,NY,3,1.8103364550814949,day_anchor_std,server_midnight,0,1,0,0,UNCLASSIFIED,TRANSITION_UNCLASSIFIED,TRANSITION
949.7,952.35,949.65,952.3,0,0,0,1,0.9775196629156045,NY,3,1.8103364550814949,day_anchor_std,server_midnight,0,1,0,0,UNCLASSIFIED,TRANSITION_UNCLASSIFIED,TRANSITION
952.25,952.35,951.05,951.1,0,0,0,1,0.8228436587751835,NY_PM,4,1.7818486590038098,day_anchor_std,server_midnight,0,1,0,0,UNCLASSIFIED,TRANSITION_UNCLASSIFIED,TRANSITION
951.15,953.05,951.15,952.65,0,0,0,1,0.8228436587751835,NY_PM,4,1.7818486590038098,day_anchor_std,server_midnight,0,1,0,0,UNCLASSIFIED,TRANSITION_UNCLASSIFIED,TRANSITION
952.55,952.9,952.35,952.55,0,0,0,1,0.8228436587751835,NY_PM,4,1.7818486590038098,day_anchor_std,server_midnight,0,1,0,0,UNCLASSIFIED,TRANSITION_UNCLASSIFIED,TRANSITION
954.4,955.15,954.4,954.65,0,0,0,1,0.9022904160119133,NY_PM,5,2.3251121076233248,day_anchor_std,server_midnight,0,1,0,0,UNCLASSIFIED,TRANSITION_UNCLASSIFIED,TRANSITION
954.45,954.45,954.35,954.35,0,0,0,1,0.9566957689175889,NY_PM,6,1.9829234972678003,day_anchor_std,server_midnight,0,1,0,0,UNCLASSIFIED,TRANSITION_UNCLASSIFIED,TRANSITION
954.05,954.05,953.85,953.85,0,0,0,1,0.9566957689175889,NY_PM,6,1.9829234972678003,day_anchor_std,server_midnight,0,1,0,0,UNCLASSIFIED,TRANSITION_UNCLASSIFIED,TRANSITION
953.65,953.75,953.65,953.75,0,0,0,1,0.9566957689175889,NY_PM,6,1.9829234972678003,day_anchor_std,server_midnight,0,1,0,0,UNCLASSIFIED,TRANSITION_UNCLASSIFIED,TRANSITION
953.7,953.8,953.7,953.7,0,0,0,1,0.9566957689175889,NY_PM,6,1.9829234972678003,day_anchor_std,server_midnight,0,1,0,0,UNCLASSIFIED,TRANSITION_UNCLASSIFIED,TRANSITION
953.45,953.85,953.35,953.75,0,0,0,2,0.6852797764762057,NY_PM,1,2.1654193053157575,day_anchor_std,server_midnight,0,0,0,1,TREND_FRAGILE,TREND_FRAGILE,TREND
953.45,953.85,953.45,953.85,0,0,0,2,0.6852797764762057,NY_PM,1,2.1654193053157575,day_anchor_std,server_midnight,0,0,0,1,TREND_FRAGILE,TREND_FRAGILE,TREND
953.95,953.95,953.95,953.95,0,0,0,2,0.6852797764762057,NY_PM,1,2.1654193053157575,day_anchor_std,server_midnight,0,0,0,1,TREND_FRAGILE,TREND_FRAGILE,TREND
953.9,953.95,953.9,953.95,0,0,0,2,0.6852797764762057,NY_PM,1,2.1654193053157575,day_anchor_std,server_midnight,0,0,0,1,TREND_FRAGILE,TREND_FRAGILE,TREND
947.95,948.0,947.95,948.0,0,0,0,1,0.9905664125259834,NY,1,0.3387978142076782,day_anchor_std,server_midnight,1,0,0,0,UNCLASSIFIED,TRANSITION_UNCLASSIFIED,TRANSITION
947.95,949.95,946.85,949.95,0,0,0,1,0.9905664125259834,NY,1,0.3387978142076782,day_anchor_std,server_midnight,1,0,0,0,UNCLASSIFIED,TRANSITION_UNCLASSIFIED,TRANSITION
959.65,962.45,959.65,962.25,0,0,0,2,0.9708344721504109,NY_PM,4,2.666059502125047,day_anchor_std,server_midnight,0,0,0,1,UNCLASSIFIED,TREND_UNCLASSIFIED,TREND
962.45,968.25,961.2,967.55,0,0,0,2,0.9708344721504109,NY_PM,4,2.666059502125047,day_anchor_std,server_midnight,0,0,0,1,UNCLASSIFIED,TREND_UNCLASSIFIED,TREND
968.15,968.55,965.95,966.75,0,0,0,2,0.9708344721504109,NY_PM,4,2.666059502125047,day_anchor_std,server_midnight,0,0,0,1,UNCLASSIFIED,TREND_UNCLASSIFIED,TREND
965.2,965.2,964.95,964.95,0,0,0,1,0.9974659040484166,NY_PM,1,2.1770580296895803,day_anchor_std,server_midnight,0,1,0,0,TRANSITION_NOISY,TRANSITION_NOISY,TRANSITION
964.75,964.95,963.45,963.5,0,0,0,1,0.9928945725353409,NY_PM,2,2.186262026032789,day_anchor_std,server_midnight,0,1,0,0,TRANSITION_NOISY,TRANSITION_NOISY,TRANSITION
963.45,963.95,962.95,963.95,0,0,0,1,0.9928945725353409,NY_PM,2,2.186262026032789,day_anchor_std,server_midnight,0,1,0,0,TRANSITION_NOISY,TRANSITION_NOISY,TRANSITION
964.25,964.65,963.95,964.65,0,0,0,1,0.9928945725353409,NY_PM,2,2.186262026032789,day_anchor_std,server_midnight,0,1,0,0,TRANSITION_NOISY,TRANSITION_NOISY,TRANSITION
964.85,965.15,964.85,965.15,0,0,0,1,0.9928945725353409,NY_PM,2,2.186262026032789,day_anchor_std,server_midnight,0,1,0,0,TRANSITION_NOISY,TRANSITION_NOISY,TRANSITION
964.95,965.15,964.95,965.15,0,0,0,1,0.9997197336762729,NY_PM,3,2.213566827697232,day_anchor_std,server_midnight,0,1,0,0,TRANSITION_NOISY,TRANSITION_NOISY,TRANSITION
965.1,965.15,965.1,965.15,0,0,0,1,0.9997197336762729,NY_PM,3,2.213566827697232,day_anchor_std,server_midnight,0,1,0,0,TRANSITION_NOISY,TRANSITION_NOISY,TRANSITION
965.1,965.15,965.1,965.15,0,0,0,1,0.9997197336762729,NY_PM,3,2.213566827697232,day_anchor_std,server_midnight,0,1,0,0,TRANSITION_NOISY,TRANSITION_NOISY,TRANSITION
970.35,970.35,968.95,970.25,0,0,0,1,0.9988617284441506,NY,4,0.10418604651162199,day_anchor_std,server_midnight,1,0,0,0,TRANSITION_NOISY,TRANSITION_NOISY,TRANSITION
970.15,970.95,968.75,968.75,0,0,0,1,0.9993921283701225,NY,5,0.32310838445809037,day_anchor_std,server_midnight,1,0,0,0,TRANSITION_NOISY,TRANSITION_NOISY,TRANSITION
968.55,969.25,967.45,969.25,0,0,0,1,0.9993921283701225,NY,5,0.32310838445809037,day_anchor_std,server_midnight,1,0,0,0,TRANSITION_NOISY,TRANSITION_NOISY,TRANSITION
968.95,969.45,967.35,967.35,0,0,0,1,0.9993921283701225,NY,5,0.32310838445809037,day_anchor_std,server_midnight,1,0,0,0,TRANSITION_NOISY,TRANSITION_NOISY,TRANSITION
967.15,968.05,965.65,967.65,0,0,0,1,0.9993921283701225,NY,5,0.32310838445809037,day_anchor_std,server_midnight,1,0,0,0,TRANSITION_NOISY,TRANSITION_NOISY,TRANSITION
968.65,968.65,967.05,967.75,0,0,0,1,0.9966839757311264,NY,6,0.5372077861600082,day_anchor_std,server_midnight,1,0,0,0,TRANSITION_NOISY,TRANSITION_NOISY,TRANSITION
967.85,967.95,966.85,967.15,0,0,0,1,0.9966839757311264,NY,6,0.5372077861600082,day_anchor_std,server_midnight,1,0,0,0,TRANSITION_NOISY,TRANSITION_NOISY,TRANSITION
966.95,967.35,963.45,966.75,0,0,0,1,0.9966839757311264,NY,6,0.5372077861600082,day_anchor_std,server_midnight,1,0,0,0,TRANSITION_NOISY,TRANSITION_NOISY,TRANSITION
966.55,967.35,965.25,965.95,0,0,0,1,0.9966839757311264,NY,6,0.5372077861600082,day_anchor_std,server_midnight,1,0,0,0,TRANSITION_NOISY,TRANSITION_NOISY,TRANSITION
966.25,966.95,964.45,964.55,0,0,0,1,0.9963994298830373,NY,7,0.5988200589970692,day_anchor_std,server_midnight,1,0,0,0,TRANSITION_NOISY,TRANSITION_NOISY,TRANSITION
964.45,967.35,964.15,967.35,0,0,0,1,0.9963994298830373,NY,7,0.5988200589970692,day_anchor_std,server_midnight,1,0,0,0,TRANSITION_NOISY,TRANSITION_NOISY,TRANSITION
967.55,967.65,964.75,964.95,0,0,0,1,0.9963994298830373,NY,7,0.5988200589970692,day_anchor_std,server_midnight,1,0,0,0,TRANSITION_NOISY,TRANSITION_NOISY,TRANSITION
965.45,967.05,965.15,965.15,0,0,0,1,0.9963994298830373,NY,7,0.5988200589970692,day_anchor_std,server_midnight,1,0,0,0,TRANSITION_NOISY,TRANSITION_NOISY,TRANSITION
974.35,974.35,971.95,972.45,0,0,0,1,0.9993209456556602,NY_PM,9,0.6704785077047661,day_anchor_std,server_midnight,1,0,0,0,TRANSITION_NOISY,TRANSITION_NOISY,TRANSITION
972.15,972.85,970.45,970.45,0,0,0,1,0.9993209456556602,NY_PM,9,0.6704785077047661,day_anchor_std,server_midnight,1,0,0,0,TRANSITION_NOISY,TRANSITION_NOISY,TRANSITION
970.55,972.05,970.45,971.95,0,0,0,1,0.9993209456556602,NY_PM,9,0.6704785077047661,day_anchor_std,server_midnight,1,0,0,0,TRANSITION_NOISY,TRANSITION_NOISY,TRANSITION
970.0,970.05,970.0,970.05,0,0,0,1,0.8375176949566646,NY_PM,10,0.23981191222568427,day_anchor_std,server_midnight,1,0,0,0,TRANSITION_NOISY,TRANSITION_NOISY,TRANSITION
970.0,970.0,969.85,969.85,0,0,0,1,0.8375176949566646,NY_PM,10,0.23981191222568427,day_anchor_std,server_midnight,1,0,0,0,TRANSITION_NOISY,TRANSITION_NOISY,TRANSITION
966.95,970.55,966.95,969.85,0,0,0,1,0.8419227522816538,NY,11,0.16913783635365648,day_anchor_std,server_midnight,1,0,0,0,TRANSITION_NOISY,TRANSITION_NOISY,TRANSITION
968.45,968.45,966.45,966.65,0,0,0,1,0.923046778888032,NY,1,0.6423751686909457,day_anchor_std,server_midnight,1,0,0,0,TRANSITION_NOISY,TRANSITION_NOISY,TRANSITION
966.55,969.5,966.55,968.55,0,0,0,1,0.923046778888032,NY,1,0.6423751686909457,day_anchor_std,server_midnight,1,0,0,0,TRANSITION_NOISY,TRANSITION_NOISY,TRANSITION
968.85,973.05,968.85,972.25,0,0,0,1,0.923046778888032,NY,1,0.6423751686909457,day_anchor_std,server_midnight,1,0,0,0,TRANSITION_NOISY,TRANSITION_NOISY,TRANSITION
971.95,972.65,971.45,972.35,0,0,0,1,0.923046778888032,NY,1,0.6423751686909457,day_anchor_std,server_midnight,1,0,0,0,TRANSITION_NOISY,TRANSITION_NOISY,TRANSITION
972.25,972.55,971.0,972.45,0,0,0,1,0.9784225878956755,NY,2,1.2330459770115076,day_anchor_std,server_midnight,0,1,0,0,TRANSITION_NOISY,TRANSITION_NOISY,TRANSITION
972.5,972.55,970.95,970.95,0,0,0,1,0.9784225878956755,NY,2,1.2330459770115076,day_anchor_std,server_midnight,0,1,0,0,TRANSITION_NOISY,TRANSITION_NOISY,TRANSITION
970.85,972.45,970.2,972.45,0,0,0,1,0.9784225878956755,NY,2,1.2330459770115076,day_anchor_std,server_midnight,0,1,0,0,TRANSITION_NOISY,TRANSITION_NOISY,TRANSITION
972.55,975.45,971.45,975.35,0,0,0,1,0.9784225878956755,NY,2,1.2330459770115076,day_anchor_std,server_midnight,0,1,0,0,TRANSITION_NOISY,TRANSITION_NOISY,TRANSITION
971.05,971.05,971.05,971.05,0,0,0,1,0.9989588311603451,NY_PM,1,0.16395222584147634,day_anchor_std,server_midnight,1,0,0,0,UNCLASSIFIED,TRANSITION_UNCLASSIFIED,TRANSITION
970.95,970.95,970.95,970.95,0,0,0,1,0.9989588311603451,NY_PM,1,0.16395222584147634,day_anchor_std,server_midnight,1,0,0,0,UNCLASSIFIED,TRANSITION_UNCLASSIFIED,TRANSITION
970.75,970.75,969.95,969.95,0,0,0,1,0.9989588311603451,NY_PM,1,0.16395222584147634,day_anchor_std,server_midnight,1,0,0,0,UNCLASSIFIED,TRANSITION_UNCLASSIFIED,TRANSITION
971.45,971.45,971.45,971.45,0,0,0,1,0.5767694652952821,NY,1,2.955646663143245e-14,day_anchor_std,server_midnight,1,0,0,0,UNCLASSIFIED,TRANSITION_UNCLASSIFIED,TRANSITION
971.55,972.85,971.55,972.15,0,0,0,1,0.5767694652952821,NY,1,2.955646663143245e-14,day_anchor_std,server_midnight,1,0,0,0,UNCLASSIFIED,TRANSITION_UNCLASSIFIED,TRANSITION
971.95,974.45,971.95,973.35,0,0,0,1,0.22140604803666764,NY,2,0.764826175869154,day_anchor_std,server_midnight,1,0,0,0,UNCLASSIFIED,TRANSITION_UNCLASSIFIED,TRANSITION
973.85,975.45,973.35,974.65,0,0,0,1,0.22140604803666764,NY,2,0.764826175869154,day_anchor_std,server_midnight,1,0,0,0,UNCLASSIFIED,TRANSITION_UNCLASSIFIED,TRANSITION
974.45,974.55,971.35,971.55,0,0,0,1,0.22140604803666764,NY,2,0.764826175869154,day_anchor_std,server_midnight,1,0,0,0,UNCLASSIFIED,TRANSITION_UNCLASSIFIED,TRANSITION
971.6,971.95,967.05,968.05,0,0,0,1,0.22140604803666764,NY,2,0.764826175869154,day_anchor_std,server_midnight,1,0,0,0,UNCLASSIFIED,TRANSITION_UNCLASSIFIED,TRANSITION
969.75,969.8,969.65,969.8,0,0,0,1,0.6414590928435244,NY_PM,1,0.39919911626624477,day_anchor_std,server_midnight,1,0,0,0,UNCLASSIFIED,TRANSITION_UNCLASSIFIED,TRANSITION
969.95,970.0,969.95,969.95,0,0,0,1,0.6414590928435244,NY_PM,1,0.39919911626624477,day_anchor_std,server_midnight,1,0,0,0,UNCLASSIFIED,TRANSITION_UNCLASSIFIED,TRANSITION
970.45,970.45,969.95,969.95,0,0,0,1,0.6414590928435244,NY_PM,1,0.39919911626624477,day_anchor_std,server_midnight,1,0,0,0,UNCLASSIFIED,TRANSITION_UNCLASSIFIED,TRANSITION
970.15,970.25,969.45,969.55,0,0,0,1,0.6414590928435244,NY_PM,1,0.39919911626624477,day_anchor_std,server_midnight,1,0,0,0,UNCLASSIFIED,TRANSITION_UNCLASSIFIED,TRANSITION
967.05,967.05,964.95,964.95,0,0,0,1,0.9208497182200668,NY,1,0.18059220170038476,day_anchor_std,server_midnight,1,0,0,0,UNCLASSIFIED,TRANSITION_UNCLASSIFIED,TRANSITION
965.05,965.55,963.25,964.05,0,0,0,1,0.9208497182200668,NY,1,0.18059220170038476,day_anchor_std,server_midnight,1,0,0,0,UNCLASSIFIED,TRANSITION_UNCLASSIFIED,TRANSITION
964.25,966.45,964.25,965.85,0,0,0,1,0.9300647215036083,NY,2,0.5915492957746371,day_anchor_std,server_midnight,1,0,0,0,UNCLASSIFIED,TRANSITION_UNCLASSIFIED,TRANSITION
966.0,966.05,964.2,965.25,0,0,0,1,0.9300647215036083,NY,2,0.5915492957746371,day_anchor_std,server_midnight,1,0,0,0,UNCLASSIFIED,TRANSITION_UNCLASSIFIED,TRANSITION
965.05,965.55,963.0,963.0,0,0,0,1,0.9300647215036083,NY,2,0.5915492957746371,day_anchor_std,server_midnight,1,0,0,0,UNCLASSIFIED,TRANSITION_UNCLASSIFIED,TRANSITION
963.15,963.45,960.15,961.25,0,0,0,1,0.9300647215036083,NY,2,0.5915492957746371,day_anchor_std,server_midnight,1,0,0,0,UNCLASSIFIED,TRANSITION_UNCLASSIFIED,TRANSITION
961.35,961.95,959.85,959.85,0,0,0,1,0.9522340158790457,NY,3,0.4224806201550508,day_anchor_std,server_midnight,1,0,0,0,UNCLASSIFIED,TRANSITION_UNCLASSIFIED,TRANSITION
960.05,962.05,959.85,962.05,0,0,0,1,0.9522340158790457,NY,3,0.4224806201550508,day_anchor_std,server_midnight,1,0,0,0,UNCLASSIFIED,TRANSITION_UNCLASSIFIED,TRANSITION
961.95,962.0,958.9,959.55,0,0,0,1,0.9522340158790457,NY,3,0.4224806201550508,day_anchor_std,server_midnight,1,0,0,0,UNCLASSIFIED,TRANSITION_UNCLASSIFIED,TRANSITION
959.45,961.85,959.05,961.55,0,0,0,1,0.9522340158790457,NY,3,0.4224806201550508,day_anchor_std,server_midnight,1,0,0,0,UNCLASSIFIED,TRANSITION_UNCLASSIFIED,TRANSITION
961.45,962.95,960.95,960.95,0,0,0,1,0.9897171943234145,NY,4,1.214480874316936,day_anchor_std,server_midnight,0,1,0,0,UNCLASSIFIED,TRANSITION_UNCLASSIFIED,TRANSITION
960.85,961.05,957.65,957.65,0,0,0,1,0.9897171943234145,NY,4,1.214480874316936,day_anchor_std,server_midnight,0,1,0,0,UNCLASSIFIED,TRANSITION_UNCLASSIFIED,TRANSITION
957.55,957.75,955.55,955.55,0,0,0,1,0.9897171943234145,NY,4,1.214480874316936,day_anchor_std,server_midnight,0,1,0,0,UNCLASSIFIED,TRANSITION_UNCLASSIFIED,TRANSITION
955.45,956.75,954.55,956.55,0,0,0,1,0.9897171943234145,NY,4,1.214480874316936,day_anchor_std,server_midnight,0,1,0,0,UNCLASSIFIED,TRANSITION_UNCLASSIFIED,TRANSITION
958.05,961.05,958.05,961.05,0,0,0,1,0.8250183716575495,NY,10,0.4170212765957369,day_anchor_std,server_midnight,1,0,0,0,TRANSITION_NOISY,TRANSITION_NOISY,TRANSITION
960.55,965.05,960.55,963.65,0,0,0,1,0.8250183716575495,NY,10,0.4170212765957369,day_anchor_std,server_midnight,1,0,0,0,TRANSITION_NOISY,TRANSITION_NOISY,TRANSITION
963.55,964.95,960.25,962.05,0,0,0,1,0.9159887237370318,NY,11,0.37466124661244765,day_anchor_std,server_midnight,1,0,0,0,TRANSITION_NOISY,TRANSITION_NOISY,TRANSITION
961.85,963.05,960.75,960.75,0,0,0,1,0.9159887237370318,NY,11,0.37466124661244765,day_anchor_std,server_midnight,1,0,0,0,TRANSITION_NOISY,TRANSITION_NOISY,TRANSITION
960.55,963.95,960.55,962.55,0,0,0,1,0.9159887237370318,NY,11,0.37466124661244765,day_anchor_std,server_midnight,1,0,0,0,TRANSITION_NOISY,TRANSITION_NOISY,TRANSITION
962.65,963.55,961.25,963.55,0,0,0,1,0.9159887237370318,NY,11,0.37466124661244765,day_anchor_std,server_midnight,1,0,0,0,TRANSITION_NOISY,TRANSITION_NOISY,TRANSITION
963.7,967.05,963.7,966.85,0,0,0,1,0.9051920304213485,NY,12,0.5840352988367471,day_anchor_std,server_midnight,1,0,0,0,TRANSITION_NOISY,TRANSITION_NOISY,TRANSITION
966.95,967.35,964.95,966.05,0,0,0,1,0.9051920304213485,NY,12,0.5840352988367471,day_anchor_std,server_midnight,1,0,0,0,TRANSITION_NOISY,TRANSITION_NOISY,TRANSITION
965.55,965.55,960.55,960.55,0,0,0,1,0.9051920304213485,NY,12,0.5840352988367471,day_anchor_std,server_midnight,1,0,0,0,TRANSITION_NOISY,TRANSITION_NOISY,TRANSITION
960.25,961.45,959.75,959.75,0,0,0,1,0.9051920304213485,NY,12,0.5840352988367471,day_anchor_std,server_midnight,1,0,0,0,TRANSITION_NOISY,TRANSITION_NOISY,TRANSITION
959.45,962.45,959.45,960.05,0,0,0,1,0.830940186232612,NY,12,0.6948674562887619,day_anchor_std,server_midnight,1,0,0,0,UNCLASSIFIED,TRANSITION_UNCLASSIFIED,TRANSITION
960.15,960.95,958.15,960.75,0,0,0,1,0.830940186232612,NY,12,0.6948674562887619,day_anchor_std,server_midnight,1,0,0,0,UNCLASSIFIED,TRANSITION_UNCLASSIFIED,TRANSITION
960.55,960.55,957.75,958.8,0,0,0,1,0.830940186232612,NY,12,0.6948674562887619,day_anchor_std,server_midnight,1,0,0,0,UNCLASSIFIED,TRANSITION_UNCLASSIFIED,TRANSITION
958.85,960.75,958.55,958.95,0,0,0,1,0.830940186232612,NY,12,0.6948674562887619,day_anchor_std,server_midnight,1,0,0,0,UNCLASSIFIED,TRANSITION_UNCLASSIFIED,TRANSITION
967.45,967.45,967.45,967.45,0,0,0,2,0.8581287454082003,NY_PM,1,1.2576832151300321,day_anchor_std,server_midnight,0,0,0,1,TREND_STRONG,TREND_STRONG,TREND
967.4,967.4,967.05,967.05,0,0,0,2,0.9316548372339086,NY_PM,2,1.2474931631722939,day_anchor_std,server_midnight,0,0,0,1,TREND_STRONG,TREND_STRONG,TREND
967.0,967.15,965.85,965.85,0,0,0,2,0.9316548372339086,NY_PM,2,1.2474931631722939,day_anchor_std,server_midnight,0,0,0,1,TREND_STRONG,TREND_STRONG,TREND
965.95,967.35,965.85,966.85,0,0,0,2,0.9316548372339086,NY_PM,2,1.2474931631722939,day_anchor_std,server_midnight,0,0,0,1,TREND_STRONG,TREND_STRONG,TREND
966.95,967.45,966.95,967.45,0,0,0,2,0.9316548372339086,NY_PM,2,1.2474931631722939,day_anchor_std,server_midnight,0,0,0,1,TREND_STRONG,TREND_STRONG,TREND
966.45,966.55,966.45,966.45,0,0,0,2,0.515707778069617,NY_PM,3,0.8738593666129569,day_anchor_std,server_midnight,0,0,0,1,TREND_STRONG,TREND_STRONG,TREND
966.25,966.3,966.2,966.25,0,0,0,2,0.515707778069617,NY_PM,3,0.8738593666129569,day_anchor_std,server_midnight,0,0,0,1,TREND_STRONG,TREND_STRONG,TREND
966.2,966.25,966.2,966.25,0,0,0,2,0.515707778069617,NY_PM,3,0.8738593666129569,day_anchor_std,server_midnight,0,0,0,1,TREND_STRONG,TREND_STRONG,TREND
965.95,966.0,965.6,965.65,0,0,0,2,0.515707778069617,NY_PM,3,0.8738593666129569,day_anchor_std,server_midnight,0,0,0,1,TREND_STRONG,TREND_STRONG,TREND
963.95,964.25,963.55,964.05,0,0,0,1,0.9955715778464234,NY,1,0.03036876355749047,day_anchor_std,server_midnight,1,0,0,0,UNCLASSIFIED,TRANSITION_UNCLASSIFIED,TRANSITION
970.35,970.55,967.45,969.5,0,0,0,1,0.9340178615238053,NY,1,0.23140495867768554,day_anchor_std,server_midnight,1,0,0,0,UNCLASSIFIED,TRANSITION_UNCLASSIFIED,TRANSITION
969.25,970.25,968.05,968.75,0,0,0,1,0.9340178615238053,NY,1,0.23140495867768554,day_anchor_std,server_midnight,1,0,0,0,UNCLASSIFIED,TRANSITION_UNCLASSIFIED,TRANSITION
968.35,968.35,965.95,965.95,0,0,0,1,0.9340178615238053,NY,1,0.23140495867768554,day_anchor_std,server_midnight,1,0,0,0,UNCLASSIFIED,TRANSITION_UNCLASSIFIED,TRANSITION
965.55,968.05,964.55,968.05,0,0,0,1,0.9340178615238053,NY,1,0.23140495867768554,day_anchor_std,server_midnight,1,0,0,0,UNCLASSIFIED,TRANSITION_UNCLASSIFIED,TRANSITION
967.75,968.25,965.95,966.4,0,0,0,1,0.8286437492397267,NY,2,0.27407407407407697,day_anchor_std,server_midnight,1,0,0,0,UNCLASSIFIED,TRANSITION_UNCLASSIFIED,TRANSITION
966.15,969.25,965.95,968.95,0,0,0,1,0.8286437492397267,NY,2,0.27407407407407697,day_anchor_std,server_midnight,1,0,0,0,UNCLASSIFIED,TRANSITION_UNCLASSIFIED,TRANSITION
969.45,969.55,967.15,967.15,0,0,0,1,0.8286437492397267,NY,2,0.27407407407407697,day_anchor_std,server_midnight,1,0,0,0,UNCLASSIFIED,TRANSITION_UNCLASSIFIED,TRANSITION
967.05,968.55,965.75,968.55,0,0,0,1,0.8286437492397267,NY,2,0.27407407407407697,day_anchor_std,server_midnight,1,0,0,0,UNCLASSIFIED,TRANSITION_UNCLASSIFIED,TRANSITION
968.65,970.35,968.65,970.05,0,0,0,2,0.9718194825610322,NY_PM,1,0.49115950120974877,day_anchor_std,server_midnight,0,0,0,1,TREND_FRAGILE,TREND_FRAGILE,TREND
970.55,970.55,969.7,970.55,0,0,0,2,0.9718194825610322,NY_PM,1,0.49115950120974877,day_anchor_std,server_midnight,0,0,0,1,TREND_FRAGILE,TREND_FRAGILE,TREND
970.15,972.55,969.65,969.65,0,0,0,2,0.9718194825610322,NY_PM,1,0.49115950120974877,day_anchor_std,server_midnight,0,0,0,1,TREND_FRAGILE,TREND_FRAGILE,TREND
968.15,968.45,966.95,968.35,0,0,0,2,0.9099699391202045,NY_PM,2,0.16637781629116735,day_anchor_std,server_midnight,0,0,0,1,TREND_STRONG,TREND_STRONG,TREND
968.25,968.45,968.15,968.45,0,0,0,2,0.757336746822363,NY_PM,3,0.4499354005168183,day_anchor_std,server_midnight,0,0,0,1,UNCLASSIFIED,TREND_UNCLASSIFIED,TREND
968.7,969.25,968.7,969.25,0,0,0,2,0.757336746822363,NY_PM,3,0.4499354005168183,day_anchor_std,server_midnight,0,0,0,1,UNCLASSIFIED,TREND_UNCLASSIFIED,TREND
969.2,969.45,969.2,969.45,0,0,0,2,0.757336746822363,NY_PM,3,0.4499354005168183,day_anchor_std,server_midnight,0,0,0,1,UNCLASSIFIED,TREND_UNCLASSIFIED,TREND
969.55,969.65,969.4,969.45,0,0,0,2,0.757336746822363,NY_PM,3,0.4499354005168183,day_anchor_std,server_midnight,0,0,0,1,UNCLASSIFIED,TREND_UNCLASSIFIED,TREND
971.05,971.05,970.75,970.75,0,0,0,1,0.9738541278456462,NY,1,0.05773195876286705,day_anchor_std,server_midnight,1,0,0,0,UNCLASSIFIED,TRANSITION_UNCLASSIFIED,TRANSITION
970.45,970.45,970.45,970.45,0,0,0,1,0.9738541278456462,NY,1,0.05773195876286705,day_anchor_std,server_midnight,1,0,0,0,UNCLASSIFIED,TRANSITION_UNCLASSIFIED,TRANSITION
969.95,970.45,969.6,969.8,0,0,0,1,0.9920736698304702,NY,2,0.5659574468085405,day_anchor_std,server_midnight,1,0,0,0,UNCLASSIFIED,TRANSITION_UNCLASSIFIED,TRANSITION
969.55,969.7,969.3,969.45,0,0,0,1,0.9920736698304702,NY,2,0.5659574468085405,day_anchor_std,server_midnight,1,0,0,0,UNCLASSIFIED,TRANSITION_UNCLASSIFIED,TRANSITION
969.95,971.05,969.95,971.05,0,0,0,1,0.9920736698304702,NY,2,0.5659574468085405,day_anchor_std,server_midnight,1,0,0,0,UNCLASSIFIED,TRANSITION_UNCLASSIFIED,TRANSITION
971.55,972.25,967.45,968.05,0,0,0,1,0.9920736698304702,NY,2,0.5659574468085405,day_anchor_std,server_midnight,1,0,0,0,UNCLASSIFIED,TRANSITION_UNCLASSIFIED,TRANSITION
968.55,968.55,964.45,964.95,0,0,0,1,0.9744040393012097,NY,3,1.5539890343515985,day_anchor_std,server_midnight,0,1,0,0,UNCLASSIFIED,TRANSITION_UNCLASSIFIED,TRANSITION
964.45,965.45,963.95,964.05,0,0,0,1,0.9744040393012097,NY,3,1.5539890343515985,day_anchor_std,server_midnight,0,1,0,0,UNCLASSIFIED,TRANSITION_UNCLASSIFIED,TRANSITION
963.95,963.95,962.05,963.0,0,0,0,1,0.9744040393012097,NY,3,1.5539890343515985,day_anchor_std,server_midnight,0,1,0,0,UNCLASSIFIED,TRANSITION_UNCLASSIFIED,TRANSITION
963.45,963.5,962.35,963.05,0,0,0,1,0.9744040393012097,NY,3,1.5539890343515985,day_anchor_std,server_midnight,0,1,0,0,UNCLASSIFIED,TRANSITION_UNCLASSIFIED,TRANSITION
962.05,962.45,962.05,962.45,0,0,0,1,0.8897437831929377,NY,1,0.16161616161618714,day_anchor_std,server_midnight,1,0,0,0,TRANSITION_NOISY,TRANSITION_NOISY,TRANSITION
962.4,964.25,962.4,963.95,0,0,0,1,0.8897437831929377,NY,1,0.16161616161618714,day_anchor_std,server_midnight,1,0,0,0,TRANSITION_NOISY,TRANSITION_NOISY,TRANSITION
963.45,963.45,962.65,962.8,0,0,0,1,0.944996404954081,NY,2,0.09999999999998484,day_anchor_std,server_midnight,1,0,0,0,TRANSITION_NOISY,TRANSITION_NOISY,TRANSITION
963.05,963.3,962.45,962.45,0,0,0,1,0.944996404954081,NY,2,0.09999999999998484,day_anchor_std,server_midnight,1,0,0,0,TRANSITION_NOISY,TRANSITION_NOISY,TRANSITION
962.4,963.15,962.15,962.85,0,0,0,1,0.944996404954081,NY,2,0.09999999999998484,day_anchor_std,server_midnight,1,0,0,0,TRANSITION_NOISY,TRANSITION_NOISY,TRANSITION
962.55,963.05,962.15,962.95,0,0,0,1,0.944996404954081,NY,2,0.09999999999998484,day_anchor_std,server_midnight,1,0,0,0,TRANSITION_NOISY,TRANSITION_NOISY,TRANSITION
962.8,963.75,962.4,963.55,0,0,0,1,0.9436224140507178,NY,3,0.2048780487804956,day_anchor_std,server_midnight,1,0,0,0,TRANSITION_NOISY,TRANSITION_NOISY,TRANSITION
963.5,964.55,963.15,963.15,0,0,0,1,0.9436224140507178,NY,3,0.2048780487804956,day_anchor_std,server_midnight,1,0,0,0,TRANSITION_NOISY,TRANSITION_NOISY,TRANSITION
963.05,963.15,961.75,962.25,0,0,0,1,0.9436224140507178,NY,3,0.2048780487804956,day_anchor_std,server_midnight,1,0,0,0,TRANSITION_NOISY,TRANSITION_NOISY,TRANSITION
962.35,962.85,961.95,962.55,0,0,0,1,0.9436224140507178,NY,3,0.2048780487804956,day_anchor_std,server_midnight,1,0,0,0,TRANSITION_NOISY,TRANSITION_NOISY,TRANSITION
962.7,963.45,962.45,962.45,0,0,0,1,0.8504339518464005,NY,4,0.17607361963191748,day_anchor_std,server_midnight,1,0,0,0,UNCLASSIFIED,TRANSITION_UNCLASSIFIED,TRANSITION
962.05,962.15,960.55,961.95,0,0,0,1,0.8504339518464005,NY,4,0.17607361963191748,day_anchor_std,server_midnight,1,0,0,0,UNCLASSIFIED,TRANSITION_UNCLASSIFIED,TRANSITION
962.15,964.3,962.15,964.05,0,0,0,1,0.8504339518464005,NY,4,0.17607361963191748,day_anchor_std,server_midnight,1,0,0,0,UNCLASSIFIED,TRANSITION_UNCLASSIFIED,TRANSITION
963.95,963.95,962.85,963.6,0,0,0,1,0.8504339518464005,NY,4,0.17607361963191748,day_anchor_std,server_midnight,1,0,0,0,UNCLASSIFIED,TRANSITION_UNCLASSIFIED,TRANSITION
963.45,963.55,962.8,962.95,0,0,0,1,0.7615470140723903,NY_PM,1,0.01469237832875361,day_anchor_std,server_midnight,1,0,0,0,UNCLASSIFIED,TRANSITION_UNCLASSIFIED,TRANSITION
962.9,962.9,960.55,962.05,0,0,0,1,0.7615470140723903,NY_PM,1,0.01469237832875361,day_anchor_std,server_midnight,1,0,0,0,UNCLASSIFIED,TRANSITION_UNCLASSIFIED,TRANSITION
961.95,963.25,961.95,963.2,0,0,0,1,0.7615470140723903,NY_PM,1,0.01469237832875361,day_anchor_std,server_midnight,1,0,0,0,UNCLASSIFIED,TRANSITION_UNCLASSIFIED,TRANSITION
962.2,962.2,962.15,962.15,0,0,0,1,0.9500015052563314,NY_PM,1,0.39150943396231175,day_anchor_std,server_midnight,1,0,0,0,UNCLASSIFIED,TRANSITION_UNCLASSIFIED,TRANSITION
962.1,962.1,962.05,962.05,0,0,0,1,0.9500015052563314,NY_PM,1,0.39150943396231175,day_anchor_std,server_midnight,1,0,0,0,UNCLASSIFIED,TRANSITION_UNCLASSIFIED,TRANSITION
962.1,962.25,962.1,962.25,0,0,0,1,0.9655388683558257,NY_PM,2,0.5436081242532758,day_anchor_std,server_midnight,1,0,0,0,UNCLASSIFIED,TRANSITION_UNCLASSIFIED,TRANSITION
962.2,962.2,962.15,962.15,0,0,0,1,0.9655388683558257,NY_PM,2,0.5436081242532758,day_anchor_std,server_midnight,1,0,0,0,UNCLASSIFIED,TRANSITION_UNCLASSIFIED,TRANSITION
962.1,962.1,962.0,962.05,0,0,0,1,0.9655388683558257,NY_PM,2,0.5436081242532758,day_anchor_std,server_midnight,1,0,0,0,UNCLASSIFIED,TRANSITION_UNCLASSIFIED,TRANSITION
962.0,962.0,961.85,961.85,0,0,0,1,0.9655388683558257,NY_PM,2,0.5436081242532758,day_anchor_std,server_midnight,1,0,0,0,UNCLASSIFIED,TRANSITION_UNCLASSIFIED,TRANSITION
963.3,963.45,963.3,963.45,0,0,0,1,0.9581946791228291,NY,3,0.16374269005849684,day_anchor_std,server_midnight,1,0,0,0,UNCLASSIFIED,TRANSITION_UNCLASSIFIED,TRANSITION
963.35,964.25,963.25,964.25,0,0,0,1,0.9581946791228291,NY,3,0.16374269005849684,day_anchor_std,server_midnight,1,0,0,0,UNCLASSIFIED,TRANSITION_UNCLASSIFIED,TRANSITION
968.55,969.2,968.55,968.95,0,0,0,1,0.9700472047198123,NY_PM,3,1.2945421741091838,day_anchor_std,server_midnight,0,1,0,0,TRANSITION_NOISY,TRANSITION_NOISY,TRANSITION
969.15,969.65,967.95,968.85,0,0,0,1,0.9700472047198123,NY_PM,3,1.2945421741091838,day_anchor_std,server_midnight,0,1,0,0,TRANSITION_NOISY,TRANSITION_NOISY,TRANSITION
968.55,970.05,968.45,969.7,0,0,0,1,0.9700472047198123,NY_PM,3,1.2945421741091838,day_anchor_std,server_midnight,0,1,0,0,TRANSITION_NOISY,TRANSITION_NOISY,TRANSITION
971.5,971.55,971.35,971.35,0,0,0,1,0.9944132629545454,NY_PM,4,1.7855855855856324,day_anchor_std,server_midnight,0,1,0,0,TRANSITION_NOISY,TRANSITION_NOISY,TRANSITION
971.4,971.55,971.4,971.55,0,0,0,1,0.9940944528339853,NY_PM,5,1.3841807909605024,day_anchor_std,server_midnight,0,1,0,0,TRANSITION_NOISY,TRANSITION_NOISY,TRANSITION
971.5,971.5,971.15,971.15,0,0,0,1,0.9940944528339853,NY_PM,5,1.3841807909605024,day_anchor_std,server_midnight,0,1,0,0,TRANSITION_NOISY,TRANSITION_NOISY,TRANSITION
971.1,971.1,970.5,970.5,0,0,0,1,0.9940944528339853,NY_PM,5,1.3841807909605024,day_anchor_std,server_midnight,0,1,0,0,TRANSITION_NOISY,TRANSITION_NOISY,TRANSITION
970.45,970.55,970.35,970.35,0,0,0,1,0.9940944528339853,NY_PM,5,1.3841807909605024,day_anchor_std,server_midnight,0,1,0,0,TRANSITION_NOISY,TRANSITION_NOISY,TRANSITION
970.3,970.85,969.25,969.25,0,0,0,1,0.8964868016677903,NY_PM,6,0.6525006758583736,day_anchor_std,server_midnight,1,0,0,0,TRANSITION_NOISY,TRANSITION_NOISY,TRANSITION
969.2,969.2,968.25,968.25,0,0,0,1,0.8964868016677903,NY_PM,6,0.6525006758583736,day_anchor_std,server_midnight,1,0,0,0,TRANSITION_NOISY,TRANSITION_NOISY,TRANSITION
968.3,968.35,968.25,968.25,0,0,0,1,0.8964868016677903,NY_PM,6,0.6525006758583736,day_anchor_std,server_midnight,1,0,0,0,TRANSITION_NOISY,TRANSITION_NOISY,TRANSITION
968.3,968.65,968.3,968.55,0,0,0,1,0.8964868016677903,NY_PM,6,0.6525006758583736,day_anchor_std,server_midnight,1,0,0,0,TRANSITION_NOISY,TRANSITION_NOISY,TRANSITION
965.55,966.05,965.1,965.1,0,0,0,1,0.999033514843942,NY,1,0.5142332415059419,day_anchor_std,server_midnight,1,0,0,0,UNCLASSIFIED,TRANSITION_UNCLASSIFIED,TRANSITION
965.55,968.05,965.4,966.85,0,0,0,1,0.999033514843942,NY,1,0.5142332415059419,day_anchor_std,server_midnight,1,0,0,0,UNCLASSIFIED,TRANSITION_UNCLASSIFIED,TRANSITION
966.8,968.45,966.55,967.75,0,0,0,1,0.999033514843942,NY,1,0.5142332415059419,day_anchor_std,server_midnight,1,0,0,0,UNCLASSIFIED,TRANSITION_UNCLASSIFIED,TRANSITION
967.65,967.7,966.3,967.15,0,0,0,1,0.999033514843942,NY,1,0.5142332415059419,day_anchor_std,server_midnight,1,0,0,0,UNCLASSIFIED,TRANSITION_UNCLASSIFIED,TRANSITION
968.95,972.05,968.85,972.05,0,0,0,1,0.9389001698285274,NY,3,1.8892203659506976,day_anchor_std,server_midnight,0,1,0,0,UNCLASSIFIED,TRANSITION_UNCLASSIFIED,TRANSITION
971.85,973.45,971.1,973.05,0,0,0,1,0.9389001698285274,NY,3,1.8892203659506976,day_anchor_std,server_midnight,0,1,0,0,UNCLASSIFIED,TRANSITION_UNCLASSIFIED,TRANSITION
973.1,973.45,971.85,973.4,0,0,0,1,0.9389001698285274,NY,3,1.8892203659506976,day_anchor_std,server_midnight,0,1,0,0,UNCLASSIFIED,TRANSITION_UNCLASSIFIED,TRANSITION
972.9,972.95,971.05,972.95,0,0,0,1,0.9389001698285274,NY,3,1.8892203659506976,day_anchor_std,server_midnight,0,1,0,0,UNCLASSIFIED,TRANSITION_UNCLASSIFIED,TRANSITION
972.75,975.35,972.45,974.25,0,0,0,1,0.9071895697030468,NY,4,2.1487179487179993,day_anchor_std,server_midnight,0,1,0,0,UNCLASSIFIED,TRANSITION_UNCLASSIFIED,TRANSITION
974.1,975.4,973.8,975.15,0,0,0,1,0.9071895697030468,NY,4,2.1487179487179993,day_anchor_std,server_midnight,0,1,0,0,UNCLASSIFIED,TRANSITION_UNCLASSIFIED,TRANSITION
975.1,975.1,973.75,973.85,0,0,0,1,0.9071895697030468,NY,4,2.1487179487179993,day_anchor_std,server_midnight,0,1,0,0,UNCLASSIFIED,TRANSITION_UNCLASSIFIED,TRANSITION
973.75,976.45,973.45,975.2,0,0,0,1,0.9071895697030468,NY,4,2.1487179487179993,day_anchor_std,server_midnight,0,1,0,0,UNCLASSIFIED,TRANSITION_UNCLASSIFIED,TRANSITION
975.15,977.05,974.15,976.95,0,0,0,2,0.8209110464492904,NY_PM,1,3.258195819581993,day_anchor_std,server_midnight,0,0,0,1,TREND_STRONG,TREND_STRONG,TREND
976.75,978.95,975.45,978.7,0,0,0,2,0.8209110464492904,NY_PM,1,3.258195819581993,day_anchor_std,server_midnight,0,0,0,1,TREND_STRONG,TREND_STRONG,TREND
978.55,981.55,978.35,981.2,0,0,0,2,0.8209110464492904,NY_PM,1,3.258195819581993,day_anchor_std,server_midnight,0,0,0,1,TREND_STRONG,TREND_STRONG,TREND
977.95,978.05,977.95,978.05,0,0,0,2,0.9480028788889024,NY_PM,2,2.2291877317155238,day_anchor_std,server_midnight,0,0,0,1,UNCLASSIFIED,TREND_UNCLASSIFIED,TREND
978.05,978.25,978.05,978.25,0,0,0,2,0.9810357110538714,NY_PM,3,2.3919819819819774,day_anchor_std,server_midnight,0,0,0,1,UNCLASSIFIED,TREND_UNCLASSIFIED,TREND
978.3,978.35,978.3,978.35,0,0,0,2,0.9810357110538714,NY_PM,3,2.3919819819819774,day_anchor_std,server_midnight,0,0,0,1,UNCLASSIFIED,TREND_UNCLASSIFIED,TREND
978.3,978.3,978.05,978.05,0,0,0,2,0.9810357110538714,NY_PM,3,2.3919819819819774,day_anchor_std,server_midnight,0,0,0,1,UNCLASSIFIED,TREND_UNCLASSIFIED,TREND
978.1,978.65,978.1,978.65,0,0,0,2,0.9810357110538714,NY_PM,3,2.3919819819819774,day_anchor_std,server_midnight,0,0,0,1,UNCLASSIFIED,TREND_UNCLASSIFIED,TREND
978.6,979.95,978.25,979.95,0,0,0,1,0.8958300919045266,NY_PM,1,2.6009847998287188,day_anchor_std,server_midnight,0,1,0,0,UNCLASSIFIED,TRANSITION_UNCLASSIFIED,TRANSITION
979.85,979.85,979.85,979.85,0,0,0,1,0.8958300919045266,NY_PM,1,2.6009847998287188,day_anchor_std,server_midnight,0,1,0,0,UNCLASSIFIED,TRANSITION_UNCLASSIFIED,TRANSITION
979.8,979.8,979.45,979.45,0,0,0,1,0.8958300919045266,NY_PM,1,2.6009847998287188,day_anchor_std,server_midnight,0,1,0,0,UNCLASSIFIED,TRANSITION_UNCLASSIFIED,TRANSITION
979.4,979.4,979.15,979.25,0,0,0,1,0.8958300919045266,NY_PM,1,2.6009847998287188,day_anchor_std,server_midnight,0,1,0,0,UNCLASSIFIED,TRANSITION_UNCLASSIFIED,TRANSITION
979.95,980.05,979.95,980.05,0,0,0,1,0.946938196487448,NY,2,0.13625304136252334,day_anchor_std,server_midnight,1,0,0,0,UNCLASSIFIED,TRANSITION_UNCLASSIFIED,TRANSITION
980.5,980.55,978.75,979.05,0,0,0,1,0.946938196487448,NY,2,0.13625304136252334,day_anchor_std,server_midnight,1,0,0,0,UNCLASSIFIED,TRANSITION_UNCLASSIFIED,TRANSITION
984.45,984.45,982.6,982.6,0,0,0,1,0.9975315138465721,NY,1,0.10945273631844447,day_anchor_std,server_midnight,1,0,0,0,UNCLASSIFIED,TRANSITION_UNCLASSIFIED,TRANSITION
982.45,984.25,982.4,984.15,0,0,0,1,0.9975315138465721,NY,1,0.10945273631844447,day_anchor_std,server_midnight,1,0,0,0,UNCLASSIFIED,TRANSITION_UNCLASSIFIED,TRANSITION
984.25,984.55,982.85,983.55,0,0,0,1,0.9975315138465721,NY,1,0.10945273631844447,day_anchor_std,server_midnight,1,0,0,0,UNCLASSIFIED,TRANSITION_UNCLASSIFIED,TRANSITION
983.85,984.55,980.95,981.75,0,0,0,1,0.9975315138465721,NY,1,0.10945273631844447,day_anchor_std,server_midnight,1,0,0,0,UNCLASSIFIED,TRANSITION_UNCLASSIFIED,TRANSITION
986.05,986.25,980.95,981.95,0,0,0,1,0.9989202604202233,NY,3,0.5521367521367173,day_anchor_std,server_midnight,1,0,0,0,TRANSITION_NOISY,TRANSITION_NOISY,TRANSITION
982.15,984.95,981.45,984.45,0,0,0,1,0.9989202604202233,NY,3,0.5521367521367173,day_anchor_std,server_midnight,1,0,0,0,TRANSITION_NOISY,TRANSITION_NOISY,TRANSITION
984.5,985.05,982.7,983.65,0,0,0,1,0.9989202604202233,NY,3,0.5521367521367173,day_anchor_std,server_midnight,1,0,0,0,TRANSITION_NOISY,TRANSITION_NOISY,TRANSITION
984.15,985.95,984.15,984.55,0,0,0,1,0.9989202604202233,NY,3,0.5521367521367173,day_anchor_std,server_midnight,1,0,0,0,TRANSITION_NOISY,TRANSITION_NOISY,TRANSITION
984.35,985.7,984.2,984.55,0,0,0,1,0.9385107828118033,NY_PM,4,0.012879484820595484,day_anchor_std,server_midnight,1,0,0,0,TRANSITION_NOISY,TRANSITION_NOISY,TRANSITION
984.45,984.55,981.45,981.45,0,0,0,1,0.9385107828118033,NY_PM,4,0.012879484820595484,day_anchor_std,server_midnight,1,0,0,0,TRANSITION_NOISY,TRANSITION_NOISY,TRANSITION
981.65,982.55,981.65,982.55,0,0,0,1,0.9385107828118033,NY_PM,4,0.012879484820595484,day_anchor_std,server_midnight,1,0,0,0,TRANSITION_NOISY,TRANSITION_NOISY,TRANSITION
981.2,981.25,981.05,981.05,0,0,0,1,0.9919190461398484,NY_PM,5,0.38730158730159103,day_anchor_std,server_midnight,1,0,0,0,TRANSITION_NOISY,TRANSITION_NOISY,TRANSITION
982.3,982.5,981.85,982.25,0,0,0,1,0.12731890393576895,NY,1,0.11157311157307649,day_anchor_std,server_midnight,1,0,0,0,TRANSITION_NOISY,TRANSITION_NOISY,TRANSITION
982.2,982.25,981.45,981.55,0,0,0,1,0.12731890393576895,NY,1,0.11157311157307649,day_anchor_std,server_midnight,1,0,0,0,TRANSITION_NOISY,TRANSITION_NOISY,TRANSITION
981.35,981.85,981.05,981.85,0,0,0,1,0.12731890393576895,NY,1,0.11157311157307649,day_anchor_std,server_midnight,1,0,0,0,TRANSITION_NOISY,TRANSITION_NOISY,TRANSITION
981.8,982.95,981.4,982.55,0,0,0,1,0.12731890393576895,NY,1,0.11157311157307649,day_anchor_std,server_midnight,1,0,0,0,TRANSITION_NOISY,TRANSITION_NOISY,TRANSITION
982.65,986.5,982.65,985.95,0,0,0,1,0.9560433229878241,NY,2,1.3347457627118327,day_anchor_std,server_midnight,0,1,0,0,UNCLASSIFIED,TRANSITION_UNCLASSIFIED,TRANSITION
985.85,989.05,985.85,987.55,0,0,0,1,0.9560433229878241,NY,2,1.3347457627118327,day_anchor_std,server_midnight,0,1,0,0,UNCLASSIFIED,TRANSITION_UNCLASSIFIED,TRANSITION
987.35,987.55,986.35,986.35,0,0,0,1,0.9560433229878241,NY,2,1.3347457627118327,day_anchor_std,server_midnight,0,1,0,0,UNCLASSIFIED,TRANSITION_UNCLASSIFIED,TRANSITION
986.05,987.95,986.0,987.95,0,0,0,1,0.9560433229878241,NY,2,1.3347457627118327,day_anchor_std,server_midnight,0,1,0,0,UNCLASSIFIED,TRANSITION_UNCLASSIFIED,TRANSITION
987.8,988.5,987.35,987.7,0,0,0,1,0.5315660822900323,NY,3,0.45885634588561725,day_anchor_std,server_midnight,1,0,0,0,TRANSITION_NOISY,TRANSITION_NOISY,TRANSITION
987.55,987.55,985.35,986.1,0,0,0,1,0.5315660822900323,NY,3,0.45885634588561725,day_anchor_std,server_midnight,1,0,0,0,TRANSITION_NOISY,TRANSITION_NOISY,TRANSITION
986.55,987.15,986.0,986.55,0,0,0,1,0.5315660822900323,NY,3,0.45885634588561725,day_anchor_std,server_midnight,1,0,0,0,TRANSITION_NOISY,TRANSITION_NOISY,TRANSITION
986.35,986.35,984.65,985.45,0,0,0,1,0.5315660822900323,NY,3,0.45885634588561725,day_anchor_std,server_midnight,1,0,0,0,TRANSITION_NOISY,TRANSITION_NOISY,TRANSITION
985.05,986.85,985.05,985.75,0,0,0,1,0.8846088515345759,NY,4,1.2717348927874859,day_anchor_std,server_midnight,0,1,0,0,TRANSITION_NOISY,TRANSITION_NOISY,TRANSITION
985.95,989.05,985.85,989.05,0,0,0,1,0.8846088515345759,NY,4,1.2717348927874859,day_anchor_std,server_midnight,0,1,0,0,TRANSITION_NOISY,TRANSITION_NOISY,TRANSITION
988.35,988.7,987.45,988.7,0,0,0,1,0.8846088515345759,NY,4,1.2717348927874859,day_anchor_std,server_midnight,0,1,0,0,TRANSITION_NOISY,TRANSITION_NOISY,TRANSITION
988.8,989.15,986.95,989.05,0,0,0,1,0.8846088515345759,NY,4,1.2717348927874859,day_anchor_std,server_midnight,0,1,0,0,TRANSITION_NOISY,TRANSITION_NOISY,TRANSITION
987.05,987.05,986.55,986.55,0,0,0,1,0.9496475684405489,NY,9,0.037283621837558345,day_anchor_std,server_midnight,1,0,0,0,TRANSITION_NOISY,TRANSITION_NOISY,TRANSITION
986.45,987.45,985.95,986.55,0,0,0,1,0.9496475684405489,NY,9,0.037283621837558345,day_anchor_std,server_midnight,1,0,0,0,TRANSITION_NOISY,TRANSITION_NOISY,TRANSITION
982.95,983.55,982.65,983.15,0,0,0,1,0.7279639090395706,NY,1,0.5109639440765104,day_anchor_std,server_midnight,1,0,0,0,UNCLASSIFIED,TRANSITION_UNCLASSIFIED,TRANSITION
983.05,983.55,982.8,983.45,0,0,0,1,0.7279639090395706,NY,1,0.5109639440765104,day_anchor_std,server_midnight,1,0,0,0,UNCLASSIFIED,TRANSITION_UNCLASSIFIED,TRANSITION
983.35,985.55,982.75,984.75,0,0,0,1,0.7279639090395706,NY,1,0.5109639440765104,day_anchor_std,server_midnight,1,0,0,0,UNCLASSIFIED,TRANSITION_UNCLASSIFIED,TRANSITION
984.95,985.55,983.75,983.75,0,0,0,1,0.7279639090395706,NY,1,0.5109639440765104,day_anchor_std,server_midnight,1,0,0,0,UNCLASSIFIED,TRANSITION_UNCLASSIFIED,TRANSITION
984.45,985.3,983.45,984.05,0,0,0,0,0.797504522511684,NY,2,1.3425801640566555,day_anchor_std,server_midnight,0,0,1,0,BALANCE_LEAKING,BALANCE_LEAKING,BALANCE
984.55,984.55,982.55,983.25,0,0,0,0,0.797504522511684,NY,2,1.3425801640566555,day_anchor_std,server_midnight,0,0,1,0,BALANCE_LEAKING,BALANCE_LEAKING,BALANCE
983.35,984.95,983.35,984.95,0,0,0,0,0.797504522511684,NY,2,1.3425801640566555,day_anchor_std,server_midnight,0,0,1,0,BALANCE_LEAKING,BALANCE_LEAKING,BALANCE
985.05,985.45,979.8,980.35,0,0,0,0,0.797504522511684,NY,2,1.3425801640566555,day_anchor_std,server_midnight,0,0,1,0,BALANCE_LEAKING,BALANCE_LEAKING,BALANCE
982.75,982.75,982.75,982.75,0,0,0,1,0.5693586175532366,NY,5,0.1794871794872036,day_anchor_std,server_midnight,1,0,0,0,TRANSITION_NOISY,TRANSITION_NOISY,TRANSITION
983.35,984.45,983.25,984.25,0,0,0,1,0.5693586175532366,NY,5,0.1794871794872036,day_anchor_std,server_midnight,1,0,0,0,TRANSITION_NOISY,TRANSITION_NOISY,TRANSITION
979.55,980.0,976.75,978.85,0,0,0,1,0.9256173820432021,NY,7,0.7696097497731261,day_anchor_std,server_midnight,1,0,0,0,TRANSITION_NOISY,TRANSITION_NOISY,TRANSITION
978.65,979.65,977.95,979.2,0,0,0,1,0.9256173820432021,NY,7,0.7696097497731261,day_anchor_std,server_midnight,1,0,0,0,TRANSITION_NOISY,TRANSITION_NOISY,TRANSITION
979.35,982.35,977.85,980.45,0,0,0,1,0.9256173820432021,NY,7,0.7696097497731261,day_anchor_std,server_midnight,1,0,0,0,TRANSITION_NOISY,TRANSITION_NOISY,TRANSITION
980.55,980.55,978.65,979.35,0,0,0,1,0.9256173820432021,NY,7,0.7696097497731261,day_anchor_std,server_midnight,1,0,0,0,TRANSITION_NOISY,TRANSITION_NOISY,TRANSITION
979.4,980.05,979.15,979.15,0,0,0,1,0.7202663718559491,NY,8,0.03722038870555577,day_anchor_std,server_midnight,1,0,0,0,TRANSITION_NOISY,TRANSITION_NOISY,TRANSITION
979.25,979.8,978.75,978.95,0,0,0,1,0.7202663718559491,NY,8,0.03722038870555577,day_anchor_std,server_midnight,1,0,0,0,TRANSITION_NOISY,TRANSITION_NOISY,TRANSITION
978.85,981.85,978.65,981.55,0,0,0,1,0.7202663718559491,NY,8,0.03722038870555577,day_anchor_std,server_midnight,1,0,0,0,TRANSITION_NOISY,TRANSITION_NOISY,TRANSITION
981.45,981.75,980.25,981.4,0,0,0,1,0.7202663718559491,NY,8,0.03722038870555577,day_anchor_std,server_midnight,1,0,0,0,TRANSITION_NOISY,TRANSITION_NOISY,TRANSITION
976.95,977.25,976.95,977.25,0,0,0,1,0.9712962446403519,NY_PM,2,1.2172088142707456,day_anchor_std,server_midnight,0,1,0,0,UNCLASSIFIED,TRANSITION_UNCLASSIFIED,TRANSITION
977.25,977.35,977.25,977.25,0,0,0,1,0.9712962446403519,NY_PM,2,1.2172088142707456,day_anchor_std,server_midnight,0,1,0,0,UNCLASSIFIED,TRANSITION_UNCLASSIFIED,TRANSITION
977.15,977.15,976.75,976.75,0,0,0,1,0.9712962446403519,NY_PM,2,1.2172088142707456,day_anchor_std,server_midnight,0,1,0,0,UNCLASSIFIED,TRANSITION_UNCLASSIFIED,TRANSITION
976.95,976.95,976.85,976.85,0,0,0,1,0.9390281356046476,NY_PM,3,1.4388462942679943,day_anchor_std,server_midnight,0,1,0,0,UNCLASSIFIED,TRANSITION_UNCLASSIFIED,TRANSITION
976.75,976.75,976.55,976.55,0,0,0,1,0.9390281356046476,NY_PM,3,1.4388462942679943,day_anchor_std,server_midnight,0,1,0,0,UNCLASSIFIED,TRANSITION_UNCLASSIFIED,TRANSITION
976.95,976.95,976.95,976.95,0,0,0,1,0.9390281356046476,NY_PM,3,1.4388462942679943,day_anchor_std,server_midnight,0,1,0,0,UNCLASSIFIED,TRANSITION_UNCLASSIFIED,TRANSITION
976.45,976.45,975.95,975.95,0,0,0,1,0.9390281356046476,NY_PM,3,1.4388462942679943,day_anchor_std,server_midnight,0,1,0,0,UNCLASSIFIED,TRANSITION_UNCLASSIFIED,TRANSITION
976.95,977.55,976.95,977.55,0,0,0,1,0.8676012810194452,NY,4,0.10789980732178463,day_anchor_std,server_midnight,1,0,0,0,UNCLASSIFIED,TRANSITION_UNCLASSIFIED,TRANSITION
977.75,977.95,976.95,976.95,0,0,0,1,0.8676012810194452,NY,4,0.10789980732178463,day_anchor_std,server_midnight,1,0,0,0,UNCLASSIFIED,TRANSITION_UNCLASSIFIED,TRANSITION
966.55,967.05,965.3,965.55,0,0,0,2,0.9971202305954358,NY_PM,5,2.266073801492378,day_anchor_std,server_midnight,0,0,0,1,UNCLASSIFIED,TREND_UNCLASSIFIED,TREND
965.65,966.15,963.45,963.95,0,0,0,2,0.9971202305954358,NY_PM,5,2.266073801492378,day_anchor_std,server_midnight,0,0,0,1,UNCLASSIFIED,TREND_UNCLASSIFIED,TREND
963.65,964.55,963.05,963.85,0,0,0,2,0.9971202305954358,NY_PM,5,2.266073801492378,day_anchor_std,server_midnight,0,0,0,1,UNCLASSIFIED,TREND_UNCLASSIFIED,TREND
965.2,965.2,965.2,965.2,0,0,0,2,0.9985865361963596,NY_PM,6,1.8473818646232179,day_anchor_std,server_midnight,0,0,0,1,UNCLASSIFIED,TREND_UNCLASSIFIED,TREND
965.75,965.75,965.5,965.5,0,0,0,2,0.9980827357276625,NY_PM,7,1.8630247578040773,day_anchor_std,server_midnight,0,0,0,1,UNCLASSIFIED,TREND_UNCLASSIFIED,TREND
966.0,966.0,963.35,963.35,0,0,0,1,0.9653590902805186,NY,1,1.494368180218231,day_anchor_std,server_midnight,0,1,0,0,UNCLASSIFIED,TRANSITION_UNCLASSIFIED,TRANSITION
963.45,965.15,961.75,964.55,0,0,0,1,0.9653590902805186,NY,1,1.494368180218231,day_anchor_std,server_midnight,0,1,0,0,UNCLASSIFIED,TRANSITION_UNCLASSIFIED,TRANSITION
964.55,968.5,964.55,967.85,0,0,0,1,0.9653590902805186,NY,1,1.494368180218231,day_anchor_std,server_midnight,0,1,0,0,UNCLASSIFIED,TRANSITION_UNCLASSIFIED,TRANSITION
967.95,969.35,967.95,968.65,0,0,0,1,0.9653590902805186,NY,1,1.494368180218231,day_anchor_std,server_midnight,0,1,0,0,UNCLASSIFIED,TRANSITION_UNCLASSIFIED,TRANSITION
967.25,967.4,967.25,967.4,0,0,0,1,0.8166258473385964,NY_PM,2,0.12162162162166447,day_anchor_std,server_midnight,1,0,0,0,UNCLASSIFIED,TRANSITION_UNCLASSIFIED,TRANSITION
965.95,965.95,965.95,965.95,0,0,0,1,0.8166258473385964,NY_PM,2,0.12162162162166447,day_anchor_std,server_midnight,1,0,0,0,UNCLASSIFIED,TRANSITION_UNCLASSIFIED,TRANSITION
964.95,964.95,964.95,964.95,0,0,0,1,0.8166258473385964,NY_PM,2,0.12162162162166447,day_anchor_std,server_midnight,1,0,0,0,UNCLASSIFIED,TRANSITION_UNCLASSIFIED,TRANSITION
964.45,964.55,964.45,964.55,0,0,0,1,0.9939948063622683,NY,3,0.07634628493520514,day_anchor_std,server_midnight,1,0,0,0,UNCLASSIFIED,TRANSITION_UNCLASSIFIED,TRANSITION
965.05,966.85,965.05,966.05,0,0,0,1,0.9939948063622683,NY,3,0.07634628493520514,day_anchor_std,server_midnight,1,0,0,0,UNCLASSIFIED,TRANSITION_UNCLASSIFIED,TRANSITION
966.15,968.05,966.15,967.25,0,0,0,1,0.9926385425714944,NY,4,0.43812589413445485,day_anchor_std,server_midnight,1,0,0,0,UNCLASSIFIED,TRANSITION_UNCLASSIFIED,TRANSITION
967.25,967.35,966.85,967.15,0,0,0,1,0.9926385425714944,NY,4,0.43812589413445485,day_anchor_std,server_midnight,1,0,0,0,UNCLASSIFIED,TRANSITION_UNCLASSIFIED,TRANSITION
966.95,967.25,966.45,966.65,0,0,0,1,0.9926385425714944,NY,4,0.43812589413445485,day_anchor_std,server_midnight,1,0,0,0,UNCLASSIFIED,TRANSITION_UNCLASSIFIED,TRANSITION
966.75,968.45,966.75,967.8,0,0,0,1,0.9926385425714944,NY,4,0.43812589413445485,day_anchor_std,server_midnight,1,0,0,0,UNCLASSIFIED,TRANSITION_UNCLASSIFIED,TRANSITION
968.15,971.55,967.65,971.55,0,0,0,1,0.9406971448959287,NY,5,0.4832014677215908,day_anchor_std,server_midnight,1,0,0,0,UNCLASSIFIED,TRANSITION_UNCLASSIFIED,TRANSITION
971.7,974.05,971.7,973.95,0,0,0,1,0.9406971448959287,NY,5,0.4832014677215908,day_anchor_std,server_midnight,1,0,0,0,UNCLASSIFIED,TRANSITION_UNCLASSIFIED,TRANSITION
973.05,973.65,970.5,970.85,0,0,0,1,0.9406971448959287,NY,5,0.4832014677215908,day_anchor_std,server_midnight,1,0,0,0,UNCLASSIFIED,TRANSITION_UNCLASSIFIED,TRANSITION
971.05,971.15,968.95,968.95,0,0,0,1,0.9406971448959287,NY,5,0.4832014677215908,day_anchor_std,server_midnight,1,0,0,0,UNCLASSIFIED,TRANSITION_UNCLASSIFIED,TRANSITION
969.05,970.15,968.95,970.05,0,0,0,1,0.973209041625656,NY,6,1.2347510715463068,day_anchor_std,server_midnight,0,1,0,0,UNCLASSIFIED,TRANSITION_UNCLASSIFIED,TRANSITION
970.25,972.15,970.0,971.65,0,0,0,1,0.973209041625656,NY,6,1.2347510715463068,day_anchor_std,server_midnight,0,1,0,0,UNCLASSIFIED,TRANSITION_UNCLASSIFIED,TRANSITION
971.55,974.05,971.5,973.55,0,0,0,1,0.973209041625656,NY,6,1.2347510715463068,day_anchor_std,server_midnight,0,1,0,0,UNCLASSIFIED,TRANSITION_UNCLASSIFIED,TRANSITION
973.35,973.95,972.35,972.5,0,0,0,1,0.973209041625656,NY,6,1.2347510715463068,day_anchor_std,server_midnight,0,1,0,0,UNCLASSIFIED,TRANSITION_UNCLASSIFIED,TRANSITION
972.75,974.45,972.55,974.1,0,0,0,1,0.9554786742306117,NY_PM,8,1.6152697803369218,day_anchor_std,server_midnight,0,1,0,0,UNCLASSIFIED,TRANSITION_UNCLASSIFIED,TRANSITION
974.0,976.15,972.95,975.45,0,0,0,1,0.9554786742306117,NY_PM,8,1.6152697803369218,day_anchor_std,server_midnight,0,1,0,0,UNCLASSIFIED,TRANSITION_UNCLASSIFIED,TRANSITION
975.25,976.0,975.05,975.15,0,0,0,1,0.9554786742306117,NY_PM,8,1.6152697803369218,day_anchor_std,server_midnight,0,1,0,0,UNCLASSIFIED,TRANSITION_UNCLASSIFIED,TRANSITION
975.45,975.55,975.45,975.55,0,0,0,1,0.989945911459451,NY_PM,9,1.615656079563646,day_anchor_std,server_midnight,0,1,0,0,UNCLASSIFIED,TRANSITION_UNCLASSIFIED,TRANSITION
974.95,974.95,974.45,974.45,0,0,0,1,0.9930953605572967,NY_PM,10,1.3473665973665887,day_anchor_std,server_midnight,0,1,0,0,UNCLASSIFIED,TRANSITION_UNCLASSIFIED,TRANSITION
976.65,977.4,976.65,977.4,0,0,0,1,0.992899433579022,NY,11,0.0632603406326128,day_anchor_std,server_midnight,1,0,0,0,UNCLASSIFIED,TRANSITION_UNCLASSIFIED,TRANSITION
977.5,977.5,976.7,976.75,0,0,0,1,0.992899433579022,NY,11,0.0632603406326128,day_anchor_std,server_midnight,1,0,0,0,UNCLASSIFIED,TRANSITION_UNCLASSIFIED,TRANSITION
977.05,977.25,975.9,975.9,0,0,0,1,0.8221291791444507,NY,12,0.5588235294117617,day_anchor_std,server_midnight,1,0,0,0,TRANSITION_NOISY,TRANSITION_NOISY,TRANSITION
975.75,976.4,975.5,976.05,0,0,0,1,0.8221291791444507,NY,12,0.5588235294117617,day_anchor_std,server_midnight,1,0,0,0,TRANSITION_NOISY,TRANSITION_NOISY,TRANSITION
976.05,976.95,975.55,976.2,0,0,0,1,0.8221291791444507,NY,12,0.5588235294117617,day_anchor_std,server_midnight,1,0,0,0,TRANSITION_NOISY,TRANSITION_NOISY,TRANSITION
975.95,976.45,973.75,974.15,0,0,0,1,0.8221291791444507,NY,12,0.5588235294117617,day_anchor_std,server_midnight,1,0,0,0,TRANSITION_NOISY,TRANSITION_NOISY,TRANSITION
974.2,974.65,973.0,973.4,0,0,0,1,0.806453348413716,NY,12,0.5837908496732132,day_anchor_std,server_midnight,1,0,0,0,UNCLASSIFIED,TRANSITION_UNCLASSIFIED,TRANSITION
973.05,973.65,972.15,973.65,0,0,0,1,0.806453348413716,NY,12,0.5837908496732132,day_anchor_std,server_midnight,1,0,0,0,UNCLASSIFIED,TRANSITION_UNCLASSIFIED,TRANSITION
973.55,973.55,972.45,973.2,0,0,0,1,0.806453348413716,NY,12,0.5837908496732132,day_anchor_std,server_midnight,1,0,0,0,UNCLASSIFIED,TRANSITION_UNCLASSIFIED,TRANSITION
973.5,974.05,972.45,973.75,0,0,0,1,0.806453348413716,NY,12,0.5837908496732132,day_anchor_std,server_midnight,1,0,0,0,UNCLASSIFIED,TRANSITION_UNCLASSIFIED,TRANSITION
979.45,980.15,977.7,978.05,0,0,0,1,0.9944052927583301,NY,1,0.6522446094026336,day_anchor_std,server_midnight,1,0,0,0,TRANSITION_NOISY,TRANSITION_NOISY,TRANSITION
978.15,979.55,977.6,978.35,0,0,0,1,0.9944052927583301,NY,1,0.6522446094026336,day_anchor_std,server_midnight,1,0,0,0,TRANSITION_NOISY,TRANSITION_NOISY,TRANSITION
978.55,979.95,976.45,977.55,0,0,0,1,0.9944052927583301,NY,1,0.6522446094026336,day_anchor_std,server_midnight,1,0,0,0,TRANSITION_NOISY,TRANSITION_NOISY,TRANSITION
977.65,978.55,977.15,978.45,0,0,0,1,0.9944052927583301,NY,1,0.6522446094026336,day_anchor_std,server_midnight,1,0,0,0,TRANSITION_NOISY,TRANSITION_NOISY,TRANSITION
980.25,980.25,980.25,980.25,0,0,0,1,0.9987107829766193,NY_PM,4,1.2092506759366597,day_anchor_std,server_midnight,0,1,0,0,TRANSITION_NOISY,TRANSITION_NOISY,TRANSITION
980.35,980.35,980.35,980.35,0,0,0,1,0.9987107829766193,NY_PM,4,1.2092506759366597,day_anchor_std,server_midnight,0,1,0,0,TRANSITION_NOISY,TRANSITION_NOISY,TRANSITION
980.45,980.45,980.45,980.45,0,0,0,1,0.9987107829766193,NY_PM,4,1.2092506759366597,day_anchor_std,server_midnight,0,1,0,0,TRANSITION_NOISY,TRANSITION_NOISY,TRANSITION
977.6,977.95,976.35,976.45,0,0,0,1,0.9947003124055823,NY,1,1.249289333827732,day_anchor_std,server_midnight,0,1,0,0,TRANSITION_NOISY,TRANSITION_NOISY,TRANSITION
975.95,978.25,975.15,978.25,0,0,0,1,0.9947003124055823,NY,1,1.249289333827732,day_anchor_std,server_midnight,0,1,0,0,TRANSITION_NOISY,TRANSITION_NOISY,TRANSITION
978.05,982.0,977.75,981.55,0,0,0,1,0.9947003124055823,NY,1,1.249289333827732,day_anchor_std,server_midnight,0,1,0,0,TRANSITION_NOISY,TRANSITION_NOISY,TRANSITION
981.5,982.75,981.15,981.6,0,0,0,1,0.9947003124055823,NY,1,1.249289333827732,day_anchor_std,server_midnight,0,1,0,0,TRANSITION_NOISY,TRANSITION_NOISY,TRANSITION
978.75,982.45,978.45,982.45,0,0,0,1,0.9948750010749945,NY,1,1.2743087915501423,day_anchor_std,server_midnight,0,1,0,0,TRANSITION_NOISY,TRANSITION_NOISY,TRANSITION
982.45,984.05,981.45,983.05,0,0,0,1,0.9948750010749945,NY,1,1.2743087915501423,day_anchor_std,server_midnight,0,1,0,0,TRANSITION_NOISY,TRANSITION_NOISY,TRANSITION
983.25,985.75,983.25,984.95,0,0,0,1,0.9948750010749945,NY,1,1.2743087915501423,day_anchor_std,server_midnight,0,1,0,0,TRANSITION_NOISY,TRANSITION_NOISY,TRANSITION
985.05,985.65,982.3,983.45,0,0,0,1,0.9948750010749945,NY,1,1.2743087915501423,day_anchor_std,server_midnight,0,1,0,0,TRANSITION_NOISY,TRANSITION_NOISY,TRANSITION
983.5,984.75,983.45,983.45,0,0,0,1,0.9549891390860589,NY_PM,2,1.3323111519983362,day_anchor_std,server_midnight,0,1,0,0,TRANSITION_NOISY,TRANSITION_NOISY,TRANSITION
983.35,983.8,982.95,983.8,0,0,0,1,0.9549891390860589,NY_PM,2,1.3323111519983362,day_anchor_std,server_midnight,0,1,0,0,TRANSITION_NOISY,TRANSITION_NOISY,TRANSITION
983.7,984.45,983.7,984.25,0,0,0,1,0.9549891390860589,NY_PM,2,1.3323111519983362,day_anchor_std,server_midnight,0,1,0,0,TRANSITION_NOISY,TRANSITION_NOISY,TRANSITION
985.7,985.7,985.7,985.7,0,0,0,1,0.9657414518068893,NY_PM,3,1.642338072669824,day_anchor_std,server_midnight,0,1,0,0,TRANSITION_NOISY,TRANSITION_NOISY,TRANSITION
985.2,985.2,984.45,984.45,0,0,0,0,0.81743246567455,NY_PM,1,1.293151815181516,day_anchor_std,server_midnight,0,0,1,0,BALANCE_LEAKING,BALANCE_LEAKING,BALANCE
984.85,984.85,984.85,984.85,0,0,0,1,0.996051781012642,NY_PM,1,1.3991429445974861,day_anchor_std,server_midnight,0,1,0,0,TRANSITION_NOISY,TRANSITION_NOISY,TRANSITION
982.55,984.9,982.5,984.0,0,0,0,1,0.9683296609296094,NY,2,0.06363636363634209,day_anchor_std,server_midnight,1,0,0,0,TRANSITION_NOISY,TRANSITION_NOISY,TRANSITION
984.05,984.5,982.55,983.35,0,0,0,1,0.8839683637160429,NY,3,0.05252764612953189,day_anchor_std,server_midnight,1,0,0,0,TRANSITION_NOISY,TRANSITION_NOISY,TRANSITION
983.3,984.75,982.7,983.65,0,0,0,1,0.8839683637160429,NY,3,0.05252764612953189,day_anchor_std,server_midnight,1,0,0,0,TRANSITION_NOISY,TRANSITION_NOISY,TRANSITION
983.6,983.75,983.05,983.75,0,0,0,1,0.8839683637160429,NY,3,0.05252764612953189,day_anchor_std,server_midnight,1,0,0,0,TRANSITION_NOISY,TRANSITION_NOISY,TRANSITION
983.55,984.05,982.95,983.95,0,0,0,1,0.8839683637160429,NY,3,0.05252764612953189,day_anchor_std,server_midnight,1,0,0,0,TRANSITION_NOISY,TRANSITION_NOISY,TRANSITION
984.15,985.45,984.15,984.85,0,0,0,1,0.9608415350085058,NY,4,0.17322444939367557,day_anchor_std,server_midnight,1,0,0,0,TRANSITION_NOISY,TRANSITION_NOISY,TRANSITION
984.85,987.35,984.8,987.25,0,0,0,1,0.9608415350085058,NY,4,0.17322444939367557,day_anchor_std,server_midnight,1,0,0,0,TRANSITION_NOISY,TRANSITION_NOISY,TRANSITION
987.35,988.55,985.55,986.05,0,0,0,1,0.9608415350085058,NY,4,0.17322444939367557,day_anchor_std,server_midnight,1,0,0,0,TRANSITION_NOISY,TRANSITION_NOISY,TRANSITION
985.95,985.95,984.1,984.85,0,0,0,1,0.9608415350085058,NY,4,0.17322444939367557,day_anchor_std,server_midnight,1,0,0,0,TRANSITION_NOISY,TRANSITION_NOISY,TRANSITION
984.95,984.95,982.25,983.55,0,0,0,1,0.7224345362057817,NY,5,0.7572233967582991,day_anchor_std,server_midnight,1,0,0,0,TRANSITION_NOISY,TRANSITION_NOISY,TRANSITION
983.35,983.85,982.85,983.15,0,0,0,1,0.7224345362057817,NY,5,0.7572233967582991,day_anchor_std,server_midnight,1,0,0,0,TRANSITION_NOISY,TRANSITION_NOISY,TRANSITION
983.05,984.4,981.95,983.55,0,0,0,1,0.7224345362057817,NY,5,0.7572233967582991,day_anchor_std,server_midnight,1,0,0,0,TRANSITION_NOISY,TRANSITION_NOISY,TRANSITION
983.05,983.05,981.65,981.65,0,0,0,1,0.7224345362057817,NY,5,0.7572233967582991,day_anchor_std,server_midnight,1,0,0,0,TRANSITION_NOISY,TRANSITION_NOISY,TRANSITION
969.05,969.05,968.55,968.55,0,0,0,1,0.9719401690778023,NY,2,0.16596931659694775,day_anchor_std,server_midnight,1,0,0,0,UNCLASSIFIED,TRANSITION_UNCLASSIFIED,TRANSITION
968.65,968.65,966.95,967.15,0,0,0,1,0.9719401690778023,NY,2,0.16596931659694775,day_anchor_std,server_midnight,1,0,0,0,UNCLASSIFIED,TRANSITION_UNCLASSIFIED,TRANSITION
962.45,962.45,960.45,960.85,0,0,0,1,0.9917655403725235,NY,1,0.6179672834539873,day_anchor_std,server_midnight,1,0,0,0,TRANSITION_NOISY,TRANSITION_NOISY,TRANSITION
960.75,961.95,959.65,961.35,0,0,0,1,0.9917655403725235,NY,1,0.6179672834539873,day_anchor_std,server_midnight,1,0,0,0,TRANSITION_NOISY,TRANSITION_NOISY,TRANSITION
960.95,961.8,959.65,961.75,0,0,0,1,0.9917655403725235,NY,1,0.6179672834539873,day_anchor_std,server_midnight,1,0,0,0,TRANSITION_NOISY,TRANSITION_NOISY,TRANSITION
961.85,966.05,961.85,964.35,0,0,0,1,0.9917655403725235,NY,1,0.6179672834539873,day_anchor_std,server_midnight,1,0,0,0,TRANSITION_NOISY,TRANSITION_NOISY,TRANSITION
964.2,964.2,960.65,961.15,0,0,0,1,0.9986197715173655,NY_PM,2,1.4322980353794683,day_anchor_std,server_midnight,0,1,0,0,TRANSITION_NOISY,TRANSITION_NOISY,TRANSITION
961.25,961.55,957.95,958.55,0,0,0,1,0.9986197715173655,NY_PM,2,1.4322980353794683,day_anchor_std,server_midnight,0,1,0,0,TRANSITION_NOISY,TRANSITION_NOISY,TRANSITION
958.7,960.1,958.7,959.5,0,0,0,1,0.9986197715173655,NY_PM,2,1.4322980353794683,day_anchor_std,server_midnight,0,1,0,0,TRANSITION_NOISY,TRANSITION_NOISY,TRANSITION
960.35,960.55,960.35,960.55,0,0,0,1,0.9969029577764277,NY,4,0.04901225306326919,day_anchor_std,server_midnight,1,0,0,0,TRANSITION_NOISY,TRANSITION_NOISY,TRANSITION
960.5,961.05,960.45,961.05,0,0,0,1,0.9969029577764277,NY,4,0.04901225306326919,day_anchor_std,server_midnight,1,0,0,0,TRANSITION_NOISY,TRANSITION_NOISY,TRANSITION
961.25,962.15,958.95,960.0,0,0,0,1,0.9313588517484174,NY,5,0.664011585807383,day_anchor_std,server_midnight,1,0,0,0,TRANSITION_NOISY,TRANSITION_NOISY,TRANSITION
959.95,961.15,959.95,960.85,0,0,0,1,0.9313588517484174,NY,5,0.664011585807383,day_anchor_std,server_midnight,1,0,0,0,TRANSITION_NOISY,TRANSITION_NOISY,TRANSITION
960.95,963.75,960.95,963.55,0,0,0,1,0.9313588517484174,NY,5,0.664011585807383,day_anchor_std,server_midnight,1,0,0,0,TRANSITION_NOISY,TRANSITION_NOISY,TRANSITION
963.85,965.95,963.55,965.4,0,0,0,1,0.9313588517484174,NY,5,0.664011585807383,day_anchor_std,server_midnight,1,0,0,0,TRANSITION_NOISY,TRANSITION_NOISY,TRANSITION
965.3,965.95,964.5,964.55,0,0,0,1,0.9669912249509327,NY,6,0.5477625130553717,day_anchor_std,server_midnight,1,0,0,0,TRANSITION_NOISY,TRANSITION_NOISY,TRANSITION
964.65,964.85,963.1,963.1,0,0,0,1,0.9669912249509327,NY,6,0.5477625130553717,day_anchor_std,server_midnight,1,0,0,0,TRANSITION_NOISY,TRANSITION_NOISY,TRANSITION
963.25,963.75,962.55,963.1,0,0,0,1,0.9669912249509327,NY,6,0.5477625130553717,day_anchor_std,server_midnight,1,0,0,0,TRANSITION_NOISY,TRANSITION_NOISY,TRANSITION
963.3,965.25,962.65,965.25,0,0,0,1,0.9669912249509327,NY,6,0.5477625130553717,day_anchor_std,server_midnight,1,0,0,0,TRANSITION_NOISY,TRANSITION_NOISY,TRANSITION
967.15,967.15,967.05,967.05,0,0,0,1,0.891727997906003,NY_PM,1,0.601289944297846,day_anchor_std,server_midnight,1,0,0,0,UNCLASSIFIED,TRANSITION_UNCLASSIFIED,TRANSITION
966.45,966.45,966.45,966.45,0,0,0,1,0.891727997906003,NY_PM,1,0.601289944297846,day_anchor_std,server_midnight,1,0,0,0,UNCLASSIFIED,TRANSITION_UNCLASSIFIED,TRANSITION
966.95,966.95,966.95,966.95,0,0,0,1,0.8827928090094792,NY_PM,2,0.7425457322364494,day_anchor_std,server_midnight,1,0,0,0,UNCLASSIFIED,TRANSITION_UNCLASSIFIED,TRANSITION
962.6,962.6,960.7,961.75,0,0,0,2,0.9565591297061362,NY_PM,1,1.683751229105189,day_anchor_std,server_midnight,0,0,0,1,TREND_STRONG,TREND_STRONG,TREND
961.65,961.85,960.65,960.95,0,0,0,2,0.9565591297061362,NY_PM,1,1.683751229105189,day_anchor_std,server_midnight,0,0,0,1,TREND_STRONG,TREND_STRONG,TREND
960.9,960.95,959.55,959.7,0,0,0,2,0.9565591297061362,NY_PM,1,1.683751229105189,day_anchor_std,server_midnight,0,0,0,1,TREND_STRONG,TREND_STRONG,TREND
959.15,959.15,959.15,959.15,0,0,0,2,0.9750788646195799,NY_PM,2,2.0326881720430103,day_anchor_std,server_midnight,0,0,0,1,TREND_STRONG,TREND_STRONG,TREND
959.44,959.44,959.2,959.2,0,0,0,2,0.9722074873013254,NY_PM,3,1.869575253924292,day_anchor_std,server_midnight,0,0,0,1,TREND_STRONG,TREND_STRONG,TREND
958.95,959.44,958.95,959.44,0,0,0,2,0.9722074873013254,NY_PM,3,1.869575253924292,day_anchor_std,server_midnight,0,0,0,1,TREND_STRONG,TREND_STRONG,TREND
959.45,959.45,959.45,959.45,0,0,0,2,0.9722074873013254,NY_PM,3,1.869575253924292,day_anchor_std,server_midnight,0,0,0,1,TREND_STRONG,TREND_STRONG,TREND
959.7,959.7,959.7,959.7,0,0,0,2,0.9722074873013254,NY_PM,3,1.869575253924292,day_anchor_std,server_midnight,0,0,0,1,TREND_STRONG,TREND_STRONG,TREND
959.6,959.6,958.85,959.05,0,0,0,2,0.9944650894682209,NY_PM,4,2.3006267806267666,day_anchor_std,server_midnight,0,0,0,1,TREND_STRONG,TREND_STRONG,TREND
959.2,959.2,959.2,959.2,0,0,0,2,0.9944650894682209,NY_PM,4,2.3006267806267666,day_anchor_std,server_midnight,0,0,0,1,TREND_STRONG,TREND_STRONG,TREND
959.0,959.0,958.95,958.95,0,0,0,2,0.9944650894682209,NY_PM,4,2.3006267806267666,day_anchor_std,server_midnight,0,0,0,1,TREND_STRONG,TREND_STRONG,TREND
942.25,945.0,941.55,944.75,0,0,0,2,0.9988966053413499,NY_PM,10,1.1266808209483057,day_anchor_std,server_midnight,0,0,0,1,UNCLASSIFIED,TREND_UNCLASSIFIED,TREND
945.05,945.95,944.45,945.55,0,0,0,2,0.9988966053413499,NY_PM,10,1.1266808209483057,day_anchor_std,server_midnight,0,0,0,1,UNCLASSIFIED,TREND_UNCLASSIFIED,TREND
945.75,946.25,945.35,946.25,0,0,0,2,0.9988966053413499,NY_PM,10,1.1266808209483057,day_anchor_std,server_midnight,0,0,0,1,UNCLASSIFIED,TREND_UNCLASSIFIED,TREND
945.44,945.44,945.44,945.44,0,0,0,2,0.9989920751483738,NY_PM,11,1.3587507604948086,day_anchor_std,server_midnight,0,0,0,1,UNCLASSIFIED,TREND_UNCLASSIFIED,TREND
945.43,945.43,943.95,943.95,0,0,0,2,0.9987433584269935,NY_PM,12,1.6687454010301335,day_anchor_std,server_midnight,0,0,0,1,UNCLASSIFIED,TREND_UNCLASSIFIED,TREND
943.95,944.45,943.95,944.45,0,0,0,2,0.9987433584269935,NY_PM,12,1.6687454010301335,day_anchor_std,server_midnight,0,0,0,1,UNCLASSIFIED,TREND_UNCLASSIFIED,TREND
941.8,943.55,941.35,942.65,0,0,0,1,0.9187480612505399,NY_PM,1,0.5931098696462069,day_anchor_std,server_midnight,1,0,0,0,UNCLASSIFIED,TRANSITION_UNCLASSIFIED,TRANSITION
942.7,942.7,941.55,942.1,0,0,0,1,0.9187480612505399,NY_PM,1,0.5931098696462069,day_anchor_std,server_midnight,1,0,0,0,UNCLASSIFIED,TRANSITION_UNCLASSIFIED,TRANSITION
942.25,942.95,942.15,942.65,0,0,0,1,0.9187480612505399,NY_PM,1,0.5931098696462069,day_anchor_std,server_midnight,1,0,0,0,UNCLASSIFIED,TRANSITION_UNCLASSIFIED,TRANSITION
940.5,940.5,940.5,940.5,0,0,0,2,0.7643094641154239,NY_PM,1,1.1604207758053668,day_anchor_std,server_midnight,0,0,0,1,TREND_STRONG,TREND_STRONG,TREND
941.2,941.2,941.2,941.2,0,0,0,2,0.7643094641154239,NY_PM,1,1.1604207758053668,day_anchor_std,server_midnight,0,0,0,1,TREND_STRONG,TREND_STRONG,TREND
940.7,940.7,940.25,940.45,0,0,0,2,0.7643094641154239,NY_PM,1,1.1604207758053668,day_anchor_std,server_midnight,0,0,0,1,TREND_STRONG,TREND_STRONG,TREND
939.75,939.75,939.5,939.5,0,0,0,2,0.6310987580503972,NY_PM,2,1.4058752997601849,day_anchor_std,server_midnight,0,0,0,1,TREND_STRONG,TREND_STRONG,TREND
938.05,938.05,936.95,937.25,0,0,0,1,0.856457127516759,NY,1,0.060869565217370844,day_anchor_std,server_midnight,1,0,0,0,UNCLASSIFIED,TRANSITION_UNCLASSIFIED,TRANSITION
937.45,938.05,936.45,937.55,0,0,0,1,0.856457127516759,NY,1,0.060869565217370844,day_anchor_std,server_midnight,1,0,0,0,UNCLASSIFIED,TRANSITION_UNCLASSIFIED,TRANSITION
941.3,943.35,940.25,941.05,0,0,0,1,0.9463620037894858,NY,2,1.7030955077387622,day_anchor_std,server_midnight,0,1,0,0,UNCLASSIFIED,TRANSITION_UNCLASSIFIED,TRANSITION
941.2,941.5,940.15,941.5,0,0,0,1,0.9463620037894858,NY,2,1.7030955077387622,day_anchor_std,server_midnight,0,1,0,0,UNCLASSIFIED,TRANSITION_UNCLASSIFIED,TRANSITION
941.55,942.95,940.55,940.75,0,0,0,1,0.9463620037894858,NY,2,1.7030955077387622,day_anchor_std,server_midnight,0,1,0,0,UNCLASSIFIED,TRANSITION_UNCLASSIFIED,TRANSITION
940.55,944.35,940.55,944.15,0,0,0,1,0.9463620037894858,NY,2,1.7030955077387622,day_anchor_std,server_midnight,0,1,0,0,UNCLASSIFIED,TRANSITION_UNCLASSIFIED,TRANSITION
942.45,943.55,940.95,940.95,0,0,0,1,0.997736144661836,NY_PM,4,0.40067340067342605,day_anchor_std,server_midnight,1,0,0,0,UNCLASSIFIED,TRANSITION_UNCLASSIFIED,TRANSITION
941.05,941.25,940.55,941.25,0,0,0,1,0.997736144661836,NY_PM,4,0.40067340067342605,day_anchor_std,server_midnight,1,0,0,0,UNCLASSIFIED,TRANSITION_UNCLASSIFIED,TRANSITION
941.05,941.05,940.7,940.75,0,0,0,1,0.997736144661836,NY_PM,4,0.40067340067342605,day_anchor_std,server_midnight,1,0,0,0,UNCLASSIFIED,TRANSITION_UNCLASSIFIED,TRANSITION
941.8,941.8,941.46,941.46,0,0,0,1,0.9968567024565884,NY_PM,5,0.5675866949752859,day_anchor_std,server_midnight,1,0,0,0,UNCLASSIFIED,TRANSITION_UNCLASSIFIED,TRANSITION
942.55,942.55,942.55,942.55,0,0,0,1,0.9818818811634717,NY,7,0.04609053497946081,day_anchor_std,server_midnight,1,0,0,0,UNCLASSIFIED,TRANSITION_UNCLASSIFIED,TRANSITION
942.45,943.05,942.45,942.95,0,0,0,1,0.9818818811634717,NY,7,0.04609053497946081,day_anchor_std,server_midnight,1,0,0,0,UNCLASSIFIED,TRANSITION_UNCLASSIFIED,TRANSITION
942.85,942.85,942.45,942.55,0,0,0,1,0.9647290241832264,NY,8,0.03410475030455345,day_anchor_std,server_midnight,1,0,0,0,UNCLASSIFIED,TRANSITION_UNCLASSIFIED,TRANSITION
942.65,943.55,941.85,942.55,0,0,0,1,0.9647290241832264,NY,8,0.03410475030455345,day_anchor_std,server_midnight,1,0,0,0,UNCLASSIFIED,TRANSITION_UNCLASSIFIED,TRANSITION
942.15,945.35,942.15,943.9,0,0,0,1,0.9647290241832264,NY,8,0.03410475030455345,day_anchor_std,server_midnight,1,0,0,0,UNCLASSIFIED,TRANSITION_UNCLASSIFIED,TRANSITION
944.55,944.55,943.15,943.25,0,0,0,1,0.9647290241832264,NY,8,0.03410475030455345,day_anchor_std,server_midnight,1,0,0,0,UNCLASSIFIED,TRANSITION_UNCLASSIFIED,TRANSITION
943.3,943.35,941.9,942.1,0,0,0,1,0.8898550563142783,NY,9,0.5818490245971597,day_anchor_std,server_midnight,1,0,0,0,UNCLASSIFIED,TRANSITION_UNCLASSIFIED,TRANSITION
942.35,942.45,940.45,940.45,0,0,0,1,0.8898550563142783,NY,9,0.5818490245971597,day_anchor_std,server_midnight,1,0,0,0,UNCLASSIFIED,TRANSITION_UNCLASSIFIED,TRANSITION
941.05,943.55,940.55,943.15,0,0,0,1,0.8898550563142783,NY,9,0.5818490245971597,day_anchor_std,server_midnight,1,0,0,0,UNCLASSIFIED,TRANSITION_UNCLASSIFIED,TRANSITION
943.45,945.55,943.45,944.95,0,0,0,1,0.8898550563142783,NY,9,0.5818490245971597,day_anchor_std,server_midnight,1,0,0,0,UNCLASSIFIED,TRANSITION_UNCLASSIFIED,TRANSITION
946.75,949.05,946.65,948.15,0,0,0,2,0.9219089629345523,NY_PM,2,1.1458656330749633,day_anchor_std,server_midnight,0,0,0,1,TREND_STRONG,TREND_STRONG,TREND
948.35,948.35,947.55,947.9,0,0,0,2,0.9219089629345523,NY_PM,2,1.1458656330749633,day_anchor_std,server_midnight,0,0,0,1,TREND_STRONG,TREND_STRONG,TREND
947.65,948.45,947.35,947.65,0,0,0,2,0.9219089629345523,NY_PM,2,1.1458656330749633,day_anchor_std,server_midnight,0,0,0,1,TREND_STRONG,TREND_STRONG,TREND
948.2,948.2,947.2,947.2,0,0,0,2,0.9894215775507667,NY_PM,3,0.9792429792430396,day_anchor_std,server_midnight,0,0,0,1,TREND_STRONG,TREND_STRONG,TREND
947.3,947.3,947.2,947.2,0,0,0,1,0.9729946801084066,NY_PM,1,1.2986725663717467,day_anchor_std,server_midnight,0,1,0,0,TRANSITION_NOISY,TRANSITION_NOISY,TRANSITION
947.25,947.95,947.25,947.95,0,0,0,1,0.9729946801084066,NY_PM,1,1.2986725663717467,day_anchor_std,server_midnight,0,1,0,0,TRANSITION_NOISY,TRANSITION_NOISY,TRANSITION
948.15,948.15,948.15,948.15,0,0,0,1,0.9729946801084066,NY_PM,1,1.2986725663717467,day_anchor_std,server_midnight,0,1,0,0,TRANSITION_NOISY,TRANSITION_NOISY,TRANSITION
948.2,948.2,948.2,948.2,0,0,0,1,0.9729946801084066,NY_PM,1,1.2986725663717467,day_anchor_std,server_midnight,0,1,0,0,TRANSITION_NOISY,TRANSITION_NOISY,TRANSITION
954.45,955.35,954.45,955.25,0,0,0,1,0.9919626208639041,NY,3,0.14756258234526726,day_anchor_std,server_midnight,1,0,0,0,UNCLASSIFIED,TRANSITION_UNCLASSIFIED,TRANSITION
954.75,955.25,953.95,954.05,0,0,0,1,0.9919626208639041,NY,3,0.14756258234526726,day_anchor_std,server_midnight,1,0,0,0,UNCLASSIFIED,TRANSITION_UNCLASSIFIED,TRANSITION
953.95,955.95,953.8,955.5,0,0,0,1,0.9996525949319199,NY,4,0.09897172236507164,day_anchor_std,server_midnight,1,0,0,0,TRANSITION_NOISY,TRANSITION_NOISY,TRANSITION
955.55,957.75,955.0,956.5,0,0,0,1,0.9996525949319199,NY,4,0.09897172236507164,day_anchor_std,server_midnight,1,0,0,0,TRANSITION_NOISY,TRANSITION_NOISY,TRANSITION
956.55,956.65,955.6,955.7,0,0,0,1,0.9996525949319199,NY,4,0.09897172236507164,day_anchor_std,server_midnight,1,0,0,0,TRANSITION_NOISY,TRANSITION_NOISY,TRANSITION
956.0,956.05,954.55,954.65,0,0,0,1,0.9996525949319199,NY,4,0.09897172236507164,day_anchor_std,server_midnight,1,0,0,0,TRANSITION_NOISY,TRANSITION_NOISY,TRANSITION
959.05,960.25,958.65,960.25,0,0,0,1,0.9989102689243378,NY,6,1.8411644535240066,day_anchor_std,server_midnight,0,1,0,0,UNCLASSIFIED,TRANSITION_UNCLASSIFIED,TRANSITION
959.95,962.3,959.0,961.05,0,0,0,1,0.9989102689243378,NY,6,1.8411644535240066,day_anchor_std,server_midnight,0,1,0,0,UNCLASSIFIED,TRANSITION_UNCLASSIFIED,TRANSITION
960.95,964.0,960.85,963.3,0,0,0,1,0.9989102689243378,NY,6,1.8411644535240066,day_anchor_std,server_midnight,0,1,0,0,UNCLASSIFIED,TRANSITION_UNCLASSIFIED,TRANSITION
963.25,965.95,963.05,963.65,0,0,0,1,0.9989102689243378,NY,6,1.8411644535240066,day_anchor_std,server_midnight,0,1,0,0,UNCLASSIFIED,TRANSITION_UNCLASSIFIED,TRANSITION
963.45,966.95,963.45,966.0,0,0,0,1,0.9995672269014155,NY,7,2.0976163450624523,day_anchor_std,server_midnight,0,1,0,0,UNCLASSIFIED,TRANSITION_UNCLASSIFIED,TRANSITION
966.3,966.45,965.35,965.5,0,0,0,1,0.9995672269014155,NY,7,2.0976163450624523,day_anchor_std,server_midnight,0,1,0,0,UNCLASSIFIED,TRANSITION_UNCLASSIFIED,TRANSITION
965.45,967.55,964.95,967.45,0,0,0,1,0.9995672269014155,NY,7,2.0976163450624523,day_anchor_std,server_midnight,0,1,0,0,UNCLASSIFIED,TRANSITION_UNCLASSIFIED,TRANSITION
967.55,968.35,965.15,966.25,0,0,0,1,0.9995672269014155,NY,7,2.0976163450624523,day_anchor_std,server_midnight,0,1,0,0,UNCLASSIFIED,TRANSITION_UNCLASSIFIED,TRANSITION
966.15,967.25,966.15,966.25,0,0,0,1,0.9996001542556807,NY_PM,8,1.8550323176362142,day_anchor_std,server_midnight,0,1,0,0,TRANSITION_NOISY,TRANSITION_NOISY,TRANSITION
966.45,967.35,965.45,966.35,0,0,0,1,0.9996001542556807,NY_PM,8,1.8550323176362142,day_anchor_std,server_midnight,0,1,0,0,TRANSITION_NOISY,TRANSITION_NOISY,TRANSITION
966.25,966.9,965.85,966.25,0,0,0,1,0.9996001542556807,NY_PM,8,1.8550323176362142,day_anchor_std,server_midnight,0,1,0,0,TRANSITION_NOISY,TRANSITION_NOISY,TRANSITION
965.95,966.05,965.95,966.05,0,0,0,1,0.9985924940282254,NY_PM,9,1.7729800457965066,day_anchor_std,server_midnight,0,1,0,0,TRANSITION_NOISY,TRANSITION_NOISY,TRANSITION
966.4,966.4,966.4,966.4,0,0,0,1,0.9939017912836721,NY_PM,10,1.9381313131312883,day_anchor_std,server_midnight,0,1,0,0,TRANSITION_NOISY,TRANSITION_NOISY,TRANSITION
965.05,966.45,965.05,966.45,0,0,0,1,0.9995056830175506,NY_PM,11,1.6686029744984212,day_anchor_std,server_midnight,0,1,0,0,TRANSITION_NOISY,TRANSITION_NOISY,TRANSITION
966.45,966.55,965.65,965.65,0,0,0,1,0.9995056830175506,NY_PM,11,1.6686029744984212,day_anchor_std,server_midnight,0,1,0,0,TRANSITION_NOISY,TRANSITION_NOISY,TRANSITION
970.5,971.55,970.4,971.55,0,0,0,1,0.9991430726906401,NY,12,0.2563039723661463,day_anchor_std,server_midnight,1,0,0,0,UNCLASSIFIED,TRANSITION_UNCLASSIFIED,TRANSITION
971.45,973.05,970.45,973.05,0,0,0,1,0.9991430726906401,NY,12,0.2563039723661463,day_anchor_std,server_midnight,1,0,0,0,UNCLASSIFIED,TRANSITION_UNCLASSIFIED,TRANSITION
976.55,978.95,976.4,978.95,0,0,0,1,0.9990814589432621,NY,12,0.570743405275804,day_anchor_std,server_midnight,1,0,0,0,TRANSITION_NOISY,TRANSITION_NOISY,TRANSITION
979.05,982.05,978.75,980.75,0,0,0,1,0.9990814589432621,NY,12,0.570743405275804,day_anchor_std,server_midnight,1,0,0,0,TRANSITION_NOISY,TRANSITION_NOISY,TRANSITION
980.65,980.65,978.1,979.75,0,0,0,1,0.9990814589432621,NY,12,0.570743405275804,day_anchor_std,server_midnight,1,0,0,0,TRANSITION_NOISY,TRANSITION_NOISY,TRANSITION
979.8,980.55,976.45,976.7,0,0,0,1,0.9990814589432621,NY,12,0.570743405275804,day_anchor_std,server_midnight,1,0,0,0,TRANSITION_NOISY,TRANSITION_NOISY,TRANSITION
976.55,977.85,975.55,976.05,0,0,0,1,0.999449638423361,NY,12,0.7422542735042605,day_anchor_std,server_midnight,1,0,0,0,TRANSITION_NOISY,TRANSITION_NOISY,TRANSITION
976.15,978.35,976.15,977.45,0,0,0,1,0.999449638423361,NY,12,0.7422542735042605,day_anchor_std,server_midnight,1,0,0,0,TRANSITION_NOISY,TRANSITION_NOISY,TRANSITION
977.35,977.55,973.75,973.75,0,0,0,1,0.999449638423361,NY,12,0.7422542735042605,day_anchor_std,server_midnight,1,0,0,0,TRANSITION_NOISY,TRANSITION_NOISY,TRANSITION
973.65,973.65,970.55,971.15,0,0,0,1,0.999449638423361,NY,12,0.7422542735042605,day_anchor_std,server_midnight,1,0,0,0,TRANSITION_NOISY,TRANSITION_NOISY,TRANSITION
974.95,974.95,973.65,974.7,0,0,0,2,0.9917611689883726,NY_PM,2,0.26397679324893153,day_anchor_std,server_midnight,0,0,0,1,TREND_STRONG,TREND_STRONG,TREND
974.75,974.75,973.75,973.8,0,0,0,2,0.9917611689883726,NY_PM,2,0.26397679324893153,day_anchor_std,server_midnight,0,0,0,1,TREND_STRONG,TREND_STRONG,TREND
973.95,974.15,973.3,973.5,0,0,0,2,0.9917611689883726,NY_PM,2,0.26397679324893153,day_anchor_std,server_midnight,0,0,0,1,TREND_STRONG,TREND_STRONG,TREND
970.45,970.45,968.55,969.35,0,0,0,1,0.8107314198347466,NY_PM,2,1.8069817191753994,day_anchor_std,server_midnight,0,1,0,0,UNCLASSIFIED,TRANSITION_UNCLASSIFIED,TRANSITION
969.93,970.95,969.93,970.45,0,0,0,1,0.8107314198347466,NY_PM,2,1.8069817191753994,day_anchor_std,server_midnight,0,1,0,0,UNCLASSIFIED,TRANSITION_UNCLASSIFIED,TRANSITION
969.7,969.7,968.45,968.45,0,0,0,1,0.8107314198347466,NY_PM,2,1.8069817191753994,day_anchor_std,server_midnight,0,1,0,0,UNCLASSIFIED,TRANSITION_UNCLASSIFIED,TRANSITION
968.47,968.47,966.46,966.46,0,0,0,1,0.8107314198347466,NY_PM,2,1.8069817191753994,day_anchor_std,server_midnight,0,1,0,0,UNCLASSIFIED,TRANSITION_UNCLASSIFIED,TRANSITION
966.0,966.0,964.45,965.2,0,0,0,1,0.9272951442731941,NY_PM,3,2.575556885431175,day_anchor_std,server_midnight,0,1,0,0,UNCLASSIFIED,TRANSITION_UNCLASSIFIED,TRANSITION
964.45,964.95,963.45,963.45,0,0,0,1,0.9272951442731941,NY_PM,3,2.575556885431175,day_anchor_std,server_midnight,0,1,0,0,UNCLASSIFIED,TRANSITION_UNCLASSIFIED,TRANSITION
963.45,963.45,963.45,963.45,0,0,0,1,0.9272951442731941,NY_PM,3,2.575556885431175,day_anchor_std,server_midnight,0,1,0,0,UNCLASSIFIED,TRANSITION_UNCLASSIFIED,TRANSITION
964.0,964.0,963.8,964.0,0,0,0,1,0.9923456019332069,NY,4,0.19301470588238268,day_anchor_std,server_midnight,1,0,0,0,UNCLASSIFIED,TRANSITION_UNCLASSIFIED,TRANSITION
964.3,967.05,964.2,966.55,0,0,0,1,0.9923456019332069,NY,4,0.19301470588238268,day_anchor_std,server_midnight,1,0,0,0,UNCLASSIFIED,TRANSITION_UNCLASSIFIED,TRANSITION
972.95,974.05,972.65,973.35,0,0,0,1,0.5495415978278226,NY_PM,1,0.25583292543646663,day_anchor_std,server_midnight,1,0,0,0,TRANSITION_NOISY,TRANSITION_NOISY,TRANSITION
973.25,973.25,971.2,971.2,0,0,0,1,0.5495415978278226,NY_PM,1,0.25583292543646663,day_anchor_std,server_midnight,1,0,0,0,TRANSITION_NOISY,TRANSITION_NOISY,TRANSITION
971.15,971.75,970.45,970.5,0,0,0,1,0.5495415978278226,NY_PM,1,0.25583292543646663,day_anchor_std,server_midnight,1,0,0,0,TRANSITION_NOISY,TRANSITION_NOISY,TRANSITION
978.35,978.45,978.35,978.45,0,0,0,1,0.99901688017594,NY,1,0.22185792349724945,day_anchor_std,server_midnight,1,0,0,0,UNCLASSIFIED,TRANSITION_UNCLASSIFIED,TRANSITION
978.5,981.55,978.5,981.4,0,0,0,1,0.99901688017594,NY,1,0.22185792349724945,day_anchor_std,server_midnight,1,0,0,0,UNCLASSIFIED,TRANSITION_UNCLASSIFIED,TRANSITION
981.45,981.9,979.5,981.55,0,0,0,1,0.9675504651349767,NY,2,0.31492842535789456,day_anchor_std,server_midnight,1,0,0,0,TRANSITION_NOISY,TRANSITION_NOISY,TRANSITION
981.5,981.5,979.65,980.05,0,0,0,1,0.9675504651349767,NY,2,0.31492842535789456,day_anchor_std,server_midnight,1,0,0,0,TRANSITION_NOISY,TRANSITION_NOISY,TRANSITION
980.25,981.35,978.8,979.55,0,0,0,1,0.9675504651349767,NY,2,0.31492842535789456,day_anchor_std,server_midnight,1,0,0,0,TRANSITION_NOISY,TRANSITION_NOISY,TRANSITION
979.5,979.8,977.75,978.65,0,0,0,1,0.9675504651349767,NY,2,0.31492842535789456,day_anchor_std,server_midnight,1,0,0,0,TRANSITION_NOISY,TRANSITION_NOISY,TRANSITION
978.55,979.2,978.15,978.95,0,0,0,1,0.7959078536918158,NY,3,0.5770609318996506,day_anchor_std,server_midnight,1,0,0,0,TRANSITION_NOISY,TRANSITION_NOISY,TRANSITION
979.05,979.15,977.2,977.8,0,0,0,1,0.7959078536918158,NY,3,0.5770609318996506,day_anchor_std,server_midnight,1,0,0,0,TRANSITION_NOISY,TRANSITION_NOISY,TRANSITION
977.7,979.95,977.5,979.7,0,0,0,1,0.7959078536918158,NY,3,0.5770609318996506,day_anchor_std,server_midnight,1,0,0,0,TRANSITION_NOISY,TRANSITION_NOISY,TRANSITION
979.45,979.45,975.95,976.95,0,0,0,1,0.7959078536918158,NY,3,0.5770609318996506,day_anchor_std,server_midnight,1,0,0,0,TRANSITION_NOISY,TRANSITION_NOISY,TRANSITION
976.9,976.9,975.45,976.5,0,0,0,1,0.9308234286143927,NY,4,0.18644067796608718,day_anchor_std,server_midnight,1,0,0,0,TRANSITION_NOISY,TRANSITION_NOISY,TRANSITION
976.35,977.8,976.2,977.8,0,0,0,1,0.9308234286143927,NY,4,0.18644067796608718,day_anchor_std,server_midnight,1,0,0,0,TRANSITION_NOISY,TRANSITION_NOISY,TRANSITION
977.85,980.55,977.45,980.35,0,0,0,1,0.9308234286143927,NY,4,0.18644067796608718,day_anchor_std,server_midnight,1,0,0,0,TRANSITION_NOISY,TRANSITION_NOISY,TRANSITION
980.45,981.55,978.95,980.15,0,0,0,1,0.9308234286143927,NY,4,0.18644067796608718,day_anchor_std,server_midnight,1,0,0,0,TRANSITION_NOISY,TRANSITION_NOISY,TRANSITION
980.55,982.55,980.55,981.45,0,0,0,1,0.9940331168201827,NY_PM,1,0.22132399173627665,day_anchor_std,server_midnight,1,0,0,0,TRANSITION_NOISY,TRANSITION_NOISY,TRANSITION
981.35,982.45,980.95,981.05,0,0,0,1,0.9940331168201827,NY_PM,1,0.22132399173627665,day_anchor_std,server_midnight,1,0,0,0,TRANSITION_NOISY,TRANSITION_NOISY,TRANSITION
980.75,980.85,979.95,980.55,0,0,0,1,0.9940331168201827,NY_PM,1,0.22132399173627665,day_anchor_std,server_midnight,1,0,0,0,TRANSITION_NOISY,TRANSITION_NOISY,TRANSITION
980.95,980.95,978.25,978.95,0,0,0,1,0.9965868636879398,NY,1,0.5935483870968237,day_anchor_std,server_midnight,1,0,0,0,UNCLASSIFIED,TRANSITION_UNCLASSIFIED,TRANSITION
978.8,978.8,976.7,976.75,0,0,0,1,0.9965868636879398,NY,1,0.5935483870968237,day_anchor_std,server_midnight,1,0,0,0,UNCLASSIFIED,TRANSITION_UNCLASSIFIED,TRANSITION
976.7,978.25,976.7,977.75,0,0,0,1,0.9965868636879398,NY,1,0.5935483870968237,day_anchor_std,server_midnight,1,0,0,0,UNCLASSIFIED,TRANSITION_UNCLASSIFIED,TRANSITION
978.05,978.45,976.7,977.05,0,0,0,1,0.9965868636879398,NY,1,0.5935483870968237,day_anchor_std,server_midnight,1,0,0,0,UNCLASSIFIED,TRANSITION_UNCLASSIFIED,TRANSITION
974.55,974.65,972.95,974.2,0,0,0,1,0.9952664851827087,NY,3,0.08544303797467821,day_anchor_std,server_midnight,1,0,0,0,UNCLASSIFIED,TRANSITION_UNCLASSIFIED,TRANSITION
974.0,976.95,973.95,976.85,0,0,0,1,0.9952664851827087,NY,3,0.08544303797467821,day_anchor_std,server_midnight,1,0,0,0,UNCLASSIFIED,TRANSITION_UNCLASSIFIED,TRANSITION
976.9,978.35,976.9,977.65,0,0,0,1,0.9952664851827087,NY,3,0.08544303797467821,day_anchor_std,server_midnight,1,0,0,0,UNCLASSIFIED,TRANSITION_UNCLASSIFIED,TRANSITION
977.55,978.5,976.55,978.5,0,0,0,1,0.9952664851827087,NY,3,0.08544303797467821,day_anchor_std,server_midnight,1,0,0,0,UNCLASSIFIED,TRANSITION_UNCLASSIFIED,TRANSITION
978.7,979.4,977.5,977.55,0,0,0,1,0.9991013773092462,NY,4,0.6077906630983853,day_anchor_std,server_midnight,1,0,0,0,UNCLASSIFIED,TRANSITION_UNCLASSIFIED,TRANSITION
977.45,977.9,976.95,977.75,0,0,0,1,0.9991013773092462,NY,4,0.6077906630983853,day_anchor_std,server_midnight,1,0,0,0,UNCLASSIFIED,TRANSITION_UNCLASSIFIED,TRANSITION
977.8,980.7,977.8,979.45,0,0,0,1,0.9991013773092462,NY,4,0.6077906630983853,day_anchor_std,server_midnight,1,0,0,0,UNCLASSIFIED,TRANSITION_UNCLASSIFIED,TRANSITION
979.15,981.7,978.45,980.65,0,0,0,1,0.9991013773092462,NY,4,0.6077906630983853,day_anchor_std,server_midnight,1,0,0,0,UNCLASSIFIED,TRANSITION_UNCLASSIFIED,TRANSITION
980.45,981.0,979.85,980.3,0,0,0,1,0.4083029310097208,NY_PM,5,0.25188583078487026,day_anchor_std,server_midnight,1,0,0,0,UNCLASSIFIED,TRANSITION_UNCLASSIFIED,TRANSITION
980.45,980.45,978.95,979.05,0,0,0,1,0.4083029310097208,NY_PM,5,0.25188583078487026,day_anchor_std,server_midnight,1,0,0,0,UNCLASSIFIED,TRANSITION_UNCLASSIFIED,TRANSITION
978.95,979.75,978.95,979.15,0,0,0,1,0.4083029310097208,NY_PM,5,0.25188583078487026,day_anchor_std,server_midnight,1,0,0,0,UNCLASSIFIED,TRANSITION_UNCLASSIFIED,TRANSITION
978.45,978.45,977.85,977.85,0,0,0,1,0.9983817889805963,NY_PM,1,0.13490249847655494,day_anchor_std,server_midnight,1,0,0,0,UNCLASSIFIED,TRANSITION_UNCLASSIFIED,TRANSITION
978.2,978.2,977.5,977.5,0,0,0,1,0.9983817889805963,NY_PM,1,0.13490249847655494,day_anchor_std,server_midnight,1,0,0,0,UNCLASSIFIED,TRANSITION_UNCLASSIFIED,TRANSITION
976.6,976.6,976.3,976.3,0,0,0,1,0.9994323775901862,NY,2,0.014846235418862503,day_anchor_std,server_midnight,1,0,0,0,UNCLASSIFIED,TRANSITION_UNCLASSIFIED,TRANSITION
976.25,977.45,976.1,976.85,0,0,0,1,0.9994323775901862,NY,2,0.014846235418862503,day_anchor_std,server_midnight,1,0,0,0,UNCLASSIFIED,TRANSITION_UNCLASSIFIED,TRANSITION
977.05,977.55,975.95,975.95,0,0,0,1,0.9920223410733076,NY,3,0.005061460592909375,day_anchor_std,server_midnight,1,0,0,0,UNCLASSIFIED,TRANSITION_UNCLASSIFIED,TRANSITION
976.05,978.15,976.05,976.65,0,0,0,1,0.9920223410733076,NY,3,0.005061460592909375,day_anchor_std,server_midnight,1,0,0,0,UNCLASSIFIED,TRANSITION_UNCLASSIFIED,TRANSITION
976.25,976.85,975.05,976.45,0,0,0,1,0.9920223410733076,NY,3,0.005061460592909375,day_anchor_std,server_midnight,1,0,0,0,UNCLASSIFIED,TRANSITION_UNCLASSIFIED,TRANSITION
976.25,976.7,975.9,976.7,0,0,0,1,0.9920223410733076,NY,3,0.005061460592909375,day_anchor_std,server_midnight,1,0,0,0,UNCLASSIFIED,TRANSITION_UNCLASSIFIED,TRANSITION
976.55,976.9,975.45,976.85,0,0,0,1,0.9364525617821022,NY,4,0.739738698115427,day_anchor_std,server_midnight,1,0,0,0,UNCLASSIFIED,TRANSITION_UNCLASSIFIED,TRANSITION
977.05,979.05,977.05,978.55,0,0,0,1,0.9364525617821022,NY,4,0.739738698115427,day_anchor_std,server_midnight,1,0,0,0,UNCLASSIFIED,TRANSITION_UNCLASSIFIED,TRANSITION
979.05,981.4,979.05,980.8,0,0,0,1,0.9364525617821022,NY,4,0.739738698115427,day_anchor_std,server_midnight,1,0,0,0,UNCLASSIFIED,TRANSITION_UNCLASSIFIED,TRANSITION
980.85,980.95,979.75,979.95,0,0,0,1,0.9364525617821022,NY,4,0.739738698115427,day_anchor_std,server_midnight,1,0,0,0,UNCLASSIFIED,TRANSITION_UNCLASSIFIED,TRANSITION
980.05,980.55,979.0,980.5,0,0,0,1,0.9289082688357588,NY,5,1.2958781362007596,day_anchor_std,server_midnight,0,1,0,0,UNCLASSIFIED,TRANSITION_UNCLASSIFIED,TRANSITION
980.35,981.75,979.75,980.1,0,0,0,1,0.9289082688357588,NY,5,1.2958781362007596,day_anchor_std,server_midnight,0,1,0,0,UNCLASSIFIED,TRANSITION_UNCLASSIFIED,TRANSITION
980.5,983.25,980.5,982.8,0,0,0,1,0.9289082688357588,NY,5,1.2958781362007596,day_anchor_std,server_midnight,0,1,0,0,UNCLASSIFIED,TRANSITION_UNCLASSIFIED,TRANSITION
982.85,983.55,982.45,982.45,0,0,0,1,0.9289082688357588,NY,5,1.2958781362007596,day_anchor_std,server_midnight,0,1,0,0,UNCLASSIFIED,TRANSITION_UNCLASSIFIED,TRANSITION
982.25,984.4,982.25,983.5,0,0,0,1,0.7749366717057741,NY,6,2.458937198067651,day_anchor_std,server_midnight,0,1,0,0,UNCLASSIFIED,TRANSITION_UNCLASSIFIED,TRANSITION
983.4,983.95,981.85,982.85,0,0,0,1,0.7749366717057741,NY,6,2.458937198067651,day_anchor_std,server_midnight,0,1,0,0,UNCLASSIFIED,TRANSITION_UNCLASSIFIED,TRANSITION
983.05,984.5,983.05,983.8,0,0,0,1,0.7749366717057741,NY,6,2.458937198067651,day_anchor_std,server_midnight,0,1,0,0,UNCLASSIFIED,TRANSITION_UNCLASSIFIED,TRANSITION
983.85,988.45,983.85,987.75,0,0,0,1,0.7749366717057741,NY,6,2.458937198067651,day_anchor_std,server_midnight,0,1,0,0,UNCLASSIFIED,TRANSITION_UNCLASSIFIED,TRANSITION
977.78,979.2,977.78,978.95,0,0,0,1,0.9977361164183063,NY_PM,8,0.11994369989597518,day_anchor_std,server_midnight,1,0,0,0,UNCLASSIFIED,TRANSITION_UNCLASSIFIED,TRANSITION
979.45,980.45,979.45,980.45,0,0,0,1,0.9977361164183063,NY_PM,8,0.11994369989597518,day_anchor_std,server_midnight,1,0,0,0,UNCLASSIFIED,TRANSITION_UNCLASSIFIED,TRANSITION
980.05,981.75,980.05,980.75,0,0,0,1,0.9335154692139822,NY,1,1.3032037365962859,day_anchor_std,server_midnight,0,1,0,0,UNCLASSIFIED,TRANSITION_UNCLASSIFIED,TRANSITION
980.25,982.4,980.0,981.35,0,0,0,1,0.9335154692139822,NY,1,1.3032037365962859,day_anchor_std,server_midnight,0,1,0,0,UNCLASSIFIED,TRANSITION_UNCLASSIFIED,TRANSITION
981.45,984.0,981.35,982.9,0,0,0,1,0.9335154692139822,NY,1,1.3032037365962859,day_anchor_std,server_midnight,0,1,0,0,UNCLASSIFIED,TRANSITION_UNCLASSIFIED,TRANSITION
983.4,986.45,983.4,985.5,0,0,0,1,0.9335154692139822,NY,1,1.3032037365962859,day_anchor_std,server_midnight,0,1,0,0,UNCLASSIFIED,TRANSITION_UNCLASSIFIED,TRANSITION
985.7,986.35,984.65,985.65,0,0,0,1,0.13175143408267148,NY,2,0.6832327423613973,day_anchor_std,server_midnight,1,0,0,0,TRANSITION_NOISY,TRANSITION_NOISY,TRANSITION
985.55,985.95,983.15,983.6,0,0,0,1,0.13175143408267148,NY,2,0.6832327423613973,day_anchor_std,server_midnight,1,0,0,0,TRANSITION_NOISY,TRANSITION_NOISY,TRANSITION
983.65,984.45,981.95,982.95,0,0,0,1,0.13175143408267148,NY,2,0.6832327423613973,day_anchor_std,server_midnight,1,0,0,0,TRANSITION_NOISY,TRANSITION_NOISY,TRANSITION
982.75,984.75,982.45,983.85,0,0,0,1,0.13175143408267148,NY,2,0.6832327423613973,day_anchor_std,server_midnight,1,0,0,0,TRANSITION_NOISY,TRANSITION_NOISY,TRANSITION
983.95,984.05,982.4,982.55,0,0,0,1,0.28277274604630925,NY,3,0.24802330420310967,day_anchor_std,server_midnight,1,0,0,0,TRANSITION_NOISY,TRANSITION_NOISY,TRANSITION
982.7,982.85,981.3,981.5,0,0,0,1,0.28277274604630925,NY,3,0.24802330420310967,day_anchor_std,server_midnight,1,0,0,0,TRANSITION_NOISY,TRANSITION_NOISY,TRANSITION
981.45,981.5,979.6,980.55,0,0,0,1,0.28277274604630925,NY,3,0.24802330420310967,day_anchor_std,server_midnight,1,0,0,0,TRANSITION_NOISY,TRANSITION_NOISY,TRANSITION
980.75,982.95,979.8,982.45,0,0,0,1,0.28277274604630925,NY,3,0.24802330420310967,day_anchor_std,server_midnight,1,0,0,0,TRANSITION_NOISY,TRANSITION_NOISY,TRANSITION
979.7,979.95,979.45,979.45,0,0,0,1,0.5431146289787018,NY_PM,1,0.5280354362650749,day_anchor_std,server_midnight,1,0,0,0,TRANSITION_NOISY,TRANSITION_NOISY,TRANSITION
979.45,979.45,979.45,979.45,0,0,0,1,0.5431146289787018,NY_PM,1,0.5280354362650749,day_anchor_std,server_midnight,1,0,0,0,TRANSITION_NOISY,TRANSITION_NOISY,TRANSITION
976.95,976.95,975.95,976.25,0,0,0,1,0.9949995687329778,NY,1,0.37513397642016955,day_anchor_std,server_midnight,1,0,0,0,UNCLASSIFIED,TRANSITION_UNCLASSIFIED,TRANSITION
975.8,975.8,971.95,971.95,0,0,0,1,0.9949995687329778,NY,1,0.37513397642016955,day_anchor_std,server_midnight,1,0,0,0,UNCLASSIFIED,TRANSITION_UNCLASSIFIED,TRANSITION
977.55,979.45,977.55,978.45,0,0,0,0,0.9305307553887695,NY,2,1.466525348878289,day_anchor_std,server_midnight,0,0,1,0,BALANCE_LEAKING,BALANCE_LEAKING,BALANCE
978.75,979.45,978.35,979.25,0,0,0,0,0.9305307553887695,NY,2,1.466525348878289,day_anchor_std,server_midnight,0,0,1,0,BALANCE_LEAKING,BALANCE_LEAKING,BALANCE
979.65,982.05,979.45,981.75,0,0,0,0,0.9305307553887695,NY,2,1.466525348878289,day_anchor_std,server_midnight,0,0,1,0,BALANCE_LEAKING,BALANCE_LEAKING,BALANCE
981.65,982.95,981.65,982.7,0,0,0,0,0.9305307553887695,NY,2,1.466525348878289,day_anchor_std,server_midnight,0,0,1,0,BALANCE_LEAKING,BALANCE_LEAKING,BALANCE
983.0,984.55,983.0,984.35,0,0,0,1,0.978902383394522,NY,1,1.9293419633225544,day_anchor_std,server_midnight,0,1,0,0,TRANSITION_NOISY,TRANSITION_NOISY,TRANSITION
984.55,984.85,983.55,984.6,0,0,0,1,0.978902383394522,NY,1,1.9293419633225544,day_anchor_std,server_midnight,0,1,0,0,TRANSITION_NOISY,TRANSITION_NOISY,TRANSITION
984.65,985.5,983.45,985.45,0,0,0,1,0.978902383394522,NY,1,1.9293419633225544,day_anchor_std,server_midnight,0,1,0,0,TRANSITION_NOISY,TRANSITION_NOISY,TRANSITION
985.25,986.05,984.05,985.9,0,0,0,1,0.978902383394522,NY,1,1.9293419633225544,day_anchor_std,server_midnight,0,1,0,0,TRANSITION_NOISY,TRANSITION_NOISY,TRANSITION
985.85,986.05,984.55,984.55,0,0,0,1,0.986013481014379,NY,2,2.07230352303525,day_anchor_std,server_midnight,0,1,0,0,UNCLASSIFIED,TRANSITION_UNCLASSIFIED,TRANSITION
984.35,985.05,983.95,984.45,0,0,0,1,0.986013481014379,NY,2,2.07230352303525,day_anchor_std,server_midnight,0,1,0,0,UNCLASSIFIED,TRANSITION_UNCLASSIFIED,TRANSITION
984.85,985.55,984.45,985.55,0,0,0,1,0.986013481014379,NY,2,2.07230352303525,day_anchor_std,server_midnight,0,1,0,0,UNCLASSIFIED,TRANSITION_UNCLASSIFIED,TRANSITION
985.5,987.5,985.35,987.45,0,0,0,1,0.986013481014379,NY,2,2.07230352303525,day_anchor_std,server_midnight,0,1,0,0,UNCLASSIFIED,TRANSITION_UNCLASSIFIED,TRANSITION
986.95,987.05,985.25,985.55,0,0,0,1,0.9895672668538298,NY_PM,3,1.331116227509177,day_anchor_std,server_midnight,0,1,0,0,UNCLASSIFIED,TRANSITION_UNCLASSIFIED,TRANSITION
985.6,985.6,982.8,983.65,0,0,0,1,0.9895672668538298,NY_PM,3,1.331116227509177,day_anchor_std,server_midnight,0,1,0,0,UNCLASSIFIED,TRANSITION_UNCLASSIFIED,TRANSITION
983.45,985.05,983.15,985.05,0,0,0,1,0.9895672668538298,NY_PM,3,1.331116227509177,day_anchor_std,server_midnight,0,1,0,0,UNCLASSIFIED,TRANSITION_UNCLASSIFIED,TRANSITION
983.75,983.95,983.75,983.95,0,0,0,1,0.9923086376174117,NY_PM,4,1.206518971224886,day_anchor_std,server_midnight,0,1,0,0,UNCLASSIFIED,TRANSITION_UNCLASSIFIED,TRANSITION
983.95,984.85,983.95,984.85,0,0,0,1,0.9923086376174117,NY_PM,4,1.206518971224886,day_anchor_std,server_midnight,0,1,0,0,UNCLASSIFIED,TRANSITION_UNCLASSIFIED,TRANSITION
982.95,983.55,982.95,983.45,0,0,0,1,0.967627949994028,NY,1,0.3053691275167695,day_anchor_std,server_midnight,1,0,0,0,TRANSITION_NOISY,TRANSITION_NOISY,TRANSITION
983.35,983.4,982.5,982.7,0,0,0,1,0.967627949994028,NY,1,0.3053691275167695,day_anchor_std,server_midnight,1,0,0,0,TRANSITION_NOISY,TRANSITION_NOISY,TRANSITION
982.85,985.65,982.15,985.65,0,0,0,1,0.967627949994028,NY,1,0.3053691275167695,day_anchor_std,server_midnight,1,0,0,0,TRANSITION_NOISY,TRANSITION_NOISY,TRANSITION
985.45,986.25,984.95,985.25,0,0,0,1,0.967627949994028,NY,1,0.3053691275167695,day_anchor_std,server_midnight,1,0,0,0,TRANSITION_NOISY,TRANSITION_NOISY,TRANSITION
979.55,979.55,975.15,976.05,0,0,0,0,0.7472845345823358,NY,3,1.3352365847211265,day_anchor_std,server_midnight,0,0,1,0,BALANCE_LEAKING,BALANCE_LEAKING,BALANCE
976.35,976.45,975.45,976.25,0,0,0,0,0.7472845345823358,NY,3,1.3352365847211265,day_anchor_std,server_midnight,0,0,1,0,BALANCE_LEAKING,BALANCE_LEAKING,BALANCE
976.3,977.45,975.95,976.55,0,0,0,0,0.7472845345823358,NY,3,1.3352365847211265,day_anchor_std,server_midnight,0,0,1,0,BALANCE_LEAKING,BALANCE_LEAKING,BALANCE
976.65,976.95,975.45,975.45,0,0,0,0,0.7472845345823358,NY,3,1.3352365847211265,day_anchor_std,server_midnight,0,0,1,0,BALANCE_LEAKING,BALANCE_LEAKING,BALANCE
974.45,975.75,974.45,975.7,0,0,0,1,0.9648753435966209,NY_PM,1,1.3037857802400685,day_anchor_std,server_midnight,0,1,0,0,UNCLASSIFIED,TRANSITION_UNCLASSIFIED,TRANSITION
975.4,975.45,975.4,975.45,0,0,0,1,0.9623107602802095,NY_PM,2,1.5341488277268214,day_anchor_std,server_midnight,0,1,0,0,UNCLASSIFIED,TRANSITION_UNCLASSIFIED,TRANSITION
975.7,975.7,974.7,974.7,0,0,0,1,0.9623107602802095,NY_PM,2,1.5341488277268214,day_anchor_std,server_midnight,0,1,0,0,UNCLASSIFIED,TRANSITION_UNCLASSIFIED,TRANSITION
975.1,975.1,975.1,975.1,0,0,0,1,0.9623107602802095,NY_PM,2,1.5341488277268214,day_anchor_std,server_midnight,0,1,0,0,UNCLASSIFIED,TRANSITION_UNCLASSIFIED,TRANSITION
975.0,975.0,975.0,975.0,0,0,0,1,0.985076610076463,NY_PM,3,1.6880064486021225,day_anchor_std,server_midnight,0,1,0,0,TRANSITION_NOISY,TRANSITION_NOISY,TRANSITION
973.85,974.35,973.85,974.35,0,0,0,1,0.9970556960764301,NY,4,0.24696802646084767,day_anchor_std,server_midnight,1,0,0,0,UNCLASSIFIED,TRANSITION_UNCLASSIFIED,TRANSITION
974.15,974.15,969.95,970.95,0,0,0,1,0.9970556960764301,NY,4,0.24696802646084767,day_anchor_std,server_midnight,1,0,0,0,UNCLASSIFIED,TRANSITION_UNCLASSIFIED,TRANSITION
970.85,970.85,966.55,967.45,0,0,0,1,0.9889113348368949,NY,5,1.457142857142838,day_anchor_std,server_midnight,0,1,0,0,UNCLASSIFIED,TRANSITION_UNCLASSIFIED,TRANSITION
967.55,970.55,967.55,970.0,0,0,0,1,0.9889113348368949,NY,5,1.457142857142838,day_anchor_std,server_midnight,0,1,0,0,UNCLASSIFIED,TRANSITION_UNCLASSIFIED,TRANSITION
969.8,969.8,968.55,968.95,0,0,0,1,0.9889113348368949,NY,5,1.457142857142838,day_anchor_std,server_midnight,0,1,0,0,UNCLASSIFIED,TRANSITION_UNCLASSIFIED,TRANSITION
969.1,969.3,963.75,964.55,0,0,0,1,0.9889113348368949,NY,5,1.457142857142838,day_anchor_std,server_midnight,0,1,0,0,UNCLASSIFIED,TRANSITION_UNCLASSIFIED,TRANSITION
964.35,964.95,963.8,964.05,0,0,0,1,0.9996713587217082,NY,6,1.7927897190947555,day_anchor_std,server_midnight,0,1,0,0,UNCLASSIFIED,TRANSITION_UNCLASSIFIED,TRANSITION
963.95,964.05,962.5,962.75,0,0,0,1,0.9996713587217082,NY,6,1.7927897190947555,day_anchor_std,server_midnight,0,1,0,0,UNCLASSIFIED,TRANSITION_UNCLASSIFIED,TRANSITION
962.85,963.05,960.45,960.95,0,0,0,1,0.9996713587217082,NY,6,1.7927897190947555,day_anchor_std,server_midnight,0,1,0,0,UNCLASSIFIED,TRANSITION_UNCLASSIFIED,TRANSITION
960.85,963.45,960.75,962.05,0,0,0,1,0.9996713587217082,NY,6,1.7927897190947555,day_anchor_std,server_midnight,0,1,0,0,UNCLASSIFIED,TRANSITION_UNCLASSIFIED,TRANSITION
961.95,962.05,960.15,961.45,0,0,0,1,0.9999122722905457,NY,7,1.6653683868873541,day_anchor_std,server_midnight,0,1,0,0,UNCLASSIFIED,TRANSITION_UNCLASSIFIED,TRANSITION
961.15,962.85,961.15,962.55,0,0,0,1,0.9999122722905457,NY,7,1.6653683868873541,day_anchor_std,server_midnight,0,1,0,0,UNCLASSIFIED,TRANSITION_UNCLASSIFIED,TRANSITION
962.6,963.95,961.95,961.95,0,0,0,1,0.9999122722905457,NY,7,1.6653683868873541,day_anchor_std,server_midnight,0,1,0,0,UNCLASSIFIED,TRANSITION_UNCLASSIFIED,TRANSITION
962.05,963.7,961.45,961.45,0,0,0,1,0.9999122722905457,NY,7,1.6653683868873541,day_anchor_std,server_midnight,0,1,0,0,UNCLASSIFIED,TRANSITION_UNCLASSIFIED,TRANSITION
961.25,961.55,958.45,959.55,0,0,0,1,0.9974126338841984,NY,8,2.878299776286336,day_anchor_std,server_midnight,0,1,0,0,UNCLASSIFIED,TRANSITION_UNCLASSIFIED,TRANSITION
959.65,959.65,956.15,956.3,0,0,0,1,0.9974126338841984,NY,8,2.878299776286336,day_anchor_std,server_midnight,0,1,0,0,UNCLASSIFIED,TRANSITION_UNCLASSIFIED,TRANSITION
956.25,956.25,954.25,954.35,0,0,0,1,0.9974126338841984,NY,8,2.878299776286336,day_anchor_std,server_midnight,0,1,0,0,UNCLASSIFIED,TRANSITION_UNCLASSIFIED,TRANSITION
954.2,954.25,952.65,953.85,0,0,0,1,0.9974126338841984,NY,8,2.878299776286336,day_anchor_std,server_midnight,0,1,0,0,UNCLASSIFIED,TRANSITION_UNCLASSIFIED,TRANSITION
953.9,953.9,951.95,952.65,0,0,0,1,0.9998027490599716,NY_PM,9,2.641364136413664,day_anchor_std,server_midnight,0,1,0,0,UNCLASSIFIED,TRANSITION_UNCLASSIFIED,TRANSITION
952.75,955.05,952.75,953.85,0,0,0,1,0.9998027490599716,NY_PM,9,2.641364136413664,day_anchor_std,server_midnight,0,1,0,0,UNCLASSIFIED,TRANSITION_UNCLASSIFIED,TRANSITION
954.05,954.75,953.55,953.65,0,0,0,1,0.9998027490599716,NY_PM,9,2.641364136413664,day_anchor_std,server_midnight,0,1,0,0,UNCLASSIFIED,TRANSITION_UNCLASSIFIED,TRANSITION
953.55,953.55,952.85,952.85,0,0,0,1,0.999162163372541,NY_PM,10,2.801628853984896,day_anchor_std,server_midnight,0,1,0,0,UNCLASSIFIED,TRANSITION_UNCLASSIFIED,TRANSITION
954.45,955.15,954.45,955.15,0,0,0,2,0.9993975780622005,NY_PM,1,2.698061630218709,day_anchor_std,server_midnight,0,0,0,1,UNCLASSIFIED,TREND_UNCLASSIFIED,TREND
954.1,954.1,954.1,954.1,0,0,0,2,0.9993975780622005,NY_PM,1,2.698061630218709,day_anchor_std,server_midnight,0,0,0,1,UNCLASSIFIED,TREND_UNCLASSIFIED,TREND
954.03,954.25,953.55,954.25,0,0,0,2,0.9987709102321229,NY_PM,2,2.8557971014493218,day_anchor_std,server_midnight,0,0,0,1,UNCLASSIFIED,TREND_UNCLASSIFIED,TREND
955.15,955.15,953.75,953.75,0,0,0,2,0.9987709102321229,NY_PM,2,2.8557971014493218,day_anchor_std,server_midnight,0,0,0,1,UNCLASSIFIED,TREND_UNCLASSIFIED,TREND
954.0,954.0,954.0,954.0,0,0,0,2,0.9987709102321229,NY_PM,2,2.8557971014493218,day_anchor_std,server_midnight,0,0,0,1,UNCLASSIFIED,TREND_UNCLASSIFIED,TREND
941.55,944.05,941.3,944.05,0,0,0,1,0.9996234654107592,NY,2,1.2277241009125348,day_anchor_std,server_midnight,0,1,0,0,UNCLASSIFIED,TRANSITION_UNCLASSIFIED,TRANSITION
943.85,944.25,942.75,942.75,0,0,0,1,0.9996234654107592,NY,2,1.2277241009125348,day_anchor_std,server_midnight,0,1,0,0,UNCLASSIFIED,TRANSITION_UNCLASSIFIED,TRANSITION
942.55,942.8,941.45,941.75,0,0,0,1,0.9996234654107592,NY,2,1.2277241009125348,day_anchor_std,server_midnight,0,1,0,0,UNCLASSIFIED,TRANSITION_UNCLASSIFIED,TRANSITION
941.55,941.75,938.95,939.8,0,0,0,1,0.9996234654107592,NY,2,1.2277241009125348,day_anchor_std,server_midnight,0,1,0,0,UNCLASSIFIED,TRANSITION_UNCLASSIFIED,TRANSITION
939.55,942.05,939.25,941.75,0,0,0,1,0.9995065553734189,NY,3,1.221971407072983,day_anchor_std,server_midnight,0,1,0,0,UNCLASSIFIED,TRANSITION_UNCLASSIFIED,TRANSITION
941.4,942.55,939.95,940.1,0,0,0,1,0.9995065553734189,NY,3,1.221971407072983,day_anchor_std,server_midnight,0,1,0,0,UNCLASSIFIED,TRANSITION_UNCLASSIFIED,TRANSITION
940.15,940.25,938.1,938.55,0,0,0,1,0.9995065553734189,NY,3,1.221971407072983,day_anchor_std,server_midnight,0,1,0,0,UNCLASSIFIED,TRANSITION_UNCLASSIFIED,TRANSITION
938.35,940.05,938.15,938.95,0,0,0,1,0.9995065553734189,NY,3,1.221971407072983,day_anchor_std,server_midnight,0,1,0,0,UNCLASSIFIED,TRANSITION_UNCLASSIFIED,TRANSITION
939.0,939.35,937.55,938.45,0,0,0,2,0.9991907742933259,NY_PM,1,1.1393492940454326,day_anchor_std,server_midnight,0,0,0,1,UNCLASSIFIED,TREND_UNCLASSIFIED,TREND
938.95,939.5,937.95,939.35,0,0,0,2,0.9991907742933259,NY_PM,1,1.1393492940454326,day_anchor_std,server_midnight,0,0,0,1,UNCLASSIFIED,TREND_UNCLASSIFIED,TREND
939.05,939.3,938.85,939.25,0,0,0,2,0.9991907742933259,NY_PM,1,1.1393492940454326,day_anchor_std,server_midnight,0,0,0,1,UNCLASSIFIED,TREND_UNCLASSIFIED,TREND
940.15,941.2,940.15,941.2,0,0,0,2,0.9890174058102236,NY_PM,2,0.7355134825014176,day_anchor_std,server_midnight,0,0,0,1,UNCLASSIFIED,TREND_UNCLASSIFIED,TREND
941.45,941.45,941.45,941.45,0,0,0,2,0.9847144339850284,NY_PM,3,0.5913169099756631,day_anchor_std,server_midnight,0,0,0,1,UNCLASSIFIED,TREND_UNCLASSIFIED,TREND
941.35,941.9,941.35,941.9,0,0,0,2,0.9847144339850284,NY_PM,3,0.5913169099756631,day_anchor_std,server_midnight,0,0,0,1,UNCLASSIFIED,TREND_UNCLASSIFIED,TREND
941.45,941.45,941.45,941.45,0,0,0,2,0.9847144339850284,NY_PM,3,0.5913169099756631,day_anchor_std,server_midnight,0,0,0,1,UNCLASSIFIED,TREND_UNCLASSIFIED,TREND
941.15,941.95,940.75,941.85,0,0,0,2,0.9847144339850284,NY_PM,3,0.5913169099756631,day_anchor_std,server_midnight,0,0,0,1,UNCLASSIFIED,TREND_UNCLASSIFIED,TREND
942.2,942.45,941.95,942.45,0,0,0,2,0.8639257956839842,NY_PM,4,0.45269882285381496,day_anchor_std,server_midnight,0,0,0,1,UNCLASSIFIED,TREND_UNCLASSIFIED,TREND
942.45,942.45,942.33,942.33,0,0,0,2,0.8639257956839842,NY_PM,4,0.45269882285381496,day_anchor_std,server_midnight,0,0,0,1,UNCLASSIFIED,TREND_UNCLASSIFIED,TREND
942.45,942.45,942.45,942.45,0,0,0,2,0.8639257956839842,NY_PM,4,0.45269882285381496,day_anchor_std,server_midnight,0,0,0,1,UNCLASSIFIED,TREND_UNCLASSIFIED,TREND
944.9,945.0,943.15,944.3,0,0,0,1,0.9909957210306721,NY,1,0.5608108108108248,day_anchor_std,server_midnight,1,0,0,0,UNCLASSIFIED,TRANSITION_UNCLASSIFIED,TRANSITION
943.8,943.8,941.75,942.75,0,0,0,1,0.9909957210306721,NY,1,0.5608108108108248,day_anchor_std,server_midnight,1,0,0,0,UNCLASSIFIED,TRANSITION_UNCLASSIFIED,TRANSITION
943.25,948.55,943.25,946.15,0,0,0,1,0.9909957210306721,NY,1,0.5608108108108248,day_anchor_std,server_midnight,1,0,0,0,UNCLASSIFIED,TRANSITION_UNCLASSIFIED,TRANSITION
945.95,950.55,945.9,948.05,0,0,0,1,0.9909957210306721,NY,1,0.5608108108108248,day_anchor_std,server_midnight,1,0,0,0,UNCLASSIFIED,TRANSITION_UNCLASSIFIED,TRANSITION
947.95,950.15,946.55,948.95,0,0,0,1,0.9918742092724353,NY,2,0.0840468457829132,day_anchor_std,server_midnight,1,0,0,0,UNCLASSIFIED,TRANSITION_UNCLASSIFIED,TRANSITION
948.85,948.85,946.4,946.65,0,0,0,1,0.9918742092724353,NY,2,0.0840468457829132,day_anchor_std,server_midnight,1,0,0,0,UNCLASSIFIED,TRANSITION_UNCLASSIFIED,TRANSITION
946.85,947.4,944.95,945.15,0,0,0,1,0.9918742092724353,NY,2,0.0840468457829132,day_anchor_std,server_midnight,1,0,0,0,UNCLASSIFIED,TRANSITION_UNCLASSIFIED,TRANSITION
944.7,947.45,944.7,946.4,0,0,0,1,0.9918742092724353,NY,2,0.0840468457829132,day_anchor_std,server_midnight,1,0,0,0,UNCLASSIFIED,TRANSITION_UNCLASSIFIED,TRANSITION
946.45,948.05,945.85,947.05,0,0,0,1,0.8662322085008083,NY,3,0.7631944444444813,day_anchor_std,server_midnight,1,0,0,0,UNCLASSIFIED,TRANSITION_UNCLASSIFIED,TRANSITION
947.15,950.85,947.15,950.45,0,0,0,1,0.8662322085008083,NY,3,0.7631944444444813,day_anchor_std,server_midnight,1,0,0,0,UNCLASSIFIED,TRANSITION_UNCLASSIFIED,TRANSITION
950.55,951.7,950.25,951.5,0,0,0,1,0.8662322085008083,NY,3,0.7631944444444813,day_anchor_std,server_midnight,1,0,0,0,UNCLASSIFIED,TRANSITION_UNCLASSIFIED,TRANSITION
951.4,951.55,949.45,949.75,0,0,0,1,0.8662322085008083,NY,3,0.7631944444444813,day_anchor_std,server_midnight,1,0,0,0,UNCLASSIFIED,TRANSITION_UNCLASSIFIED,TRANSITION
948.75,950.55,947.65,948.05,0,0,0,1,0.8410239985003941,NY_PM,1,0.48907178783723015,day_anchor_std,server_midnight,1,0,0,0,UNCLASSIFIED,TRANSITION_UNCLASSIFIED,TRANSITION
948.15,950.85,948.15,949.55,0,0,0,1,0.8410239985003941,NY_PM,1,0.48907178783723015,day_anchor_std,server_midnight,1,0,0,0,UNCLASSIFIED,TRANSITION_UNCLASSIFIED,TRANSITION
949.75,950.5,948.55,949.15,0,0,0,1,0.8410239985003941,NY_PM,1,0.48907178783723015,day_anchor_std,server_midnight,1,0,0,0,UNCLASSIFIED,TRANSITION_UNCLASSIFIED,TRANSITION
948.2,948.2,947.95,947.95,0,0,0,1,0.9192953209232064,NY_PM,2,0.21209302325583726,day_anchor_std,server_midnight,1,0,0,0,UNCLASSIFIED,TRANSITION_UNCLASSIFIED,TRANSITION
947.95,947.95,947.95,947.95,0,0,0,1,0.8545655649758779,NY_PM,3,0.33983983983986576,day_anchor_std,server_midnight,1,0,0,0,UNCLASSIFIED,TRANSITION_UNCLASSIFIED,TRANSITION
948.45,948.45,948.45,948.45,0,0,0,1,0.8545655649758779,NY_PM,3,0.33983983983986576,day_anchor_std,server_midnight,1,0,0,0,UNCLASSIFIED,TRANSITION_UNCLASSIFIED,TRANSITION
955.0,955.0,955.0,955.0,0,0,0,1,0.9703850157703798,NY,4,0.16406250000000644,day_anchor_std,server_midnight,1,0,0,0,UNCLASSIFIED,TRANSITION_UNCLASSIFIED,TRANSITION
954.95,954.95,952.3,952.75,0,0,0,1,0.9703850157703798,NY,4,0.16406250000000644,day_anchor_std,server_midnight,1,0,0,0,UNCLASSIFIED,TRANSITION_UNCLASSIFIED,TRANSITION
952.55,952.75,948.8,949.55,0,0,0,1,0.38052630047961294,NY,5,1.2644320297951632,day_anchor_std,server_midnight,0,1,0,0,UNCLASSIFIED,TRANSITION_UNCLASSIFIED,TRANSITION
950.05,950.05,948.55,948.75,0,0,0,1,0.38052630047961294,NY,5,1.2644320297951632,day_anchor_std,server_midnight,0,1,0,0,UNCLASSIFIED,TRANSITION_UNCLASSIFIED,TRANSITION
948.55,948.55,945.95,945.95,0,0,0,1,0.38052630047961294,NY,5,1.2644320297951632,day_anchor_std,server_midnight,0,1,0,0,UNCLASSIFIED,TRANSITION_UNCLASSIFIED,TRANSITION
945.85,946.95,945.8,946.35,0,0,0,1,0.38052630047961294,NY,5,1.2644320297951632,day_anchor_std,server_midnight,0,1,0,0,UNCLASSIFIED,TRANSITION_UNCLASSIFIED,TRANSITION
945.95,946.3,944.95,945.55,0,0,0,0,0.798628527391877,NY,2,1.7248896247240781,day_anchor_std,server_midnight,0,0,1,0,UNCLASSIFIED,BALANCE_UNCLASSIFIED,BALANCE
945.7,945.95,943.45,943.45,0,0,0,0,0.798628527391877,NY,2,1.7248896247240781,day_anchor_std,server_midnight,0,0,1,0,UNCLASSIFIED,BALANCE_UNCLASSIFIED,BALANCE
943.4,943.75,939.45,940.1,0,0,0,0,0.798628527391877,NY,2,1.7248896247240781,day_anchor_std,server_midnight,0,0,1,0,UNCLASSIFIED,BALANCE_UNCLASSIFIED,BALANCE
940.15,942.45,940.05,941.65,0,0,0,0,0.798628527391877,NY,2,1.7248896247240781,day_anchor_std,server_midnight,0,0,1,0,UNCLASSIFIED,BALANCE_UNCLASSIFIED,BALANCE
937.95,938.85,936.95,938.85,0,0,0,1,0.9794226839506952,NY,3,0.043942247332067925,day_anchor_std,server_midnight,1,0,0,0,UNCLASSIFIED,TRANSITION_UNCLASSIFIED,TRANSITION
939.05,939.25,937.15,938.35,0,0,0,1,0.9794226839506952,NY,3,0.043942247332067925,day_anchor_std,server_midnight,1,0,0,0,UNCLASSIFIED,TRANSITION_UNCLASSIFIED,TRANSITION
938.4,939.95,938.4,939.05,0,0,0,1,0.9965206618777124,NY,4,0.12377210216108149,day_anchor_std,server_midnight,1,0,0,0,TRANSITION_NOISY,TRANSITION_NOISY,TRANSITION
938.85,939.55,937.6,937.6,0,0,0,1,0.9965206618777124,NY,4,0.12377210216108149,day_anchor_std,server_midnight,1,0,0,0,TRANSITION_NOISY,TRANSITION_NOISY,TRANSITION
937.45,937.75,936.05,936.7,0,0,0,1,0.9965206618777124,NY,4,0.12377210216108149,day_anchor_std,server_midnight,1,0,0,0,TRANSITION_NOISY,TRANSITION_NOISY,TRANSITION
936.75,938.95,936.5,938.65,0,0,0,1,0.9965206618777124,NY,4,0.12377210216108149,day_anchor_std,server_midnight,1,0,0,0,TRANSITION_NOISY,TRANSITION_NOISY,TRANSITION
938.55,938.65,936.95,936.95,0,0,0,1,0.9521353583926802,NY,5,0.6832814122533697,day_anchor_std,server_midnight,1,0,0,0,TRANSITION_NOISY,TRANSITION_NOISY,TRANSITION
937.05,938.2,936.25,938.2,0,0,0,1,0.9521353583926802,NY,5,0.6832814122533697,day_anchor_std,server_midnight,1,0,0,0,TRANSITION_NOISY,TRANSITION_NOISY,TRANSITION
938.35,940.95,938.05,940.8,0,0,0,1,0.9521353583926802,NY,5,0.6832814122533697,day_anchor_std,server_midnight,1,0,0,0,TRANSITION_NOISY,TRANSITION_NOISY,TRANSITION
940.55,942.05,939.55,941.35,0,0,0,1,0.9521353583926802,NY,5,0.6832814122533697,day_anchor_std,server_midnight,1,0,0,0,TRANSITION_NOISY,TRANSITION_NOISY,TRANSITION
941.25,942.65,941.15,942.05,0,0,0,1,0.9663987757596832,NY,6,0.5908532842234699,day_anchor_std,server_midnight,1,0,0,0,TRANSITION_NOISY,TRANSITION_NOISY,TRANSITION
942.15,942.3,940.65,941.75,0,0,0,1,0.9663987757596832,NY,6,0.5908532842234699,day_anchor_std,server_midnight,1,0,0,0,TRANSITION_NOISY,TRANSITION_NOISY,TRANSITION
941.7,942.1,941.05,942.05,0,0,0,1,0.9663987757596832,NY,6,0.5908532842234699,day_anchor_std,server_midnight,1,0,0,0,TRANSITION_NOISY,TRANSITION_NOISY,TRANSITION
941.95,941.95,940.75,941.35,0,0,0,1,0.9663987757596832,NY,6,0.5908532842234699,day_anchor_std,server_midnight,1,0,0,0,TRANSITION_NOISY,TRANSITION_NOISY,TRANSITION
941.45,942.55,941.25,942.05,0,0,0,1,0.7844897278367637,NY_PM,7,0.1568896512292405,day_anchor_std,server_midnight,1,0,0,0,UNCLASSIFIED,TRANSITION_UNCLASSIFIED,TRANSITION
941.95,942.1,939.45,939.85,0,0,0,1,0.7844897278367637,NY_PM,7,0.1568896512292405,day_anchor_std,server_midnight,1,0,0,0,UNCLASSIFIED,TRANSITION_UNCLASSIFIED,TRANSITION
939.65,939.75,938.05,939.55,0,0,0,1,0.7844897278367637,NY_PM,7,0.1568896512292405,day_anchor_std,server_midnight,1,0,0,0,UNCLASSIFIED,TRANSITION_UNCLASSIFIED,TRANSITION
939.5,940.55,938.95,939.8,0,0,0,1,0.7844897278367637,NY_PM,7,0.1568896512292405,day_anchor_std,server_midnight,1,0,0,0,UNCLASSIFIED,TRANSITION_UNCLASSIFIED,TRANSITION
939.85,942.55,939.85,942.25,0,0,0,1,0.9994498567606112,NY_PM,8,0.4177737520128866,day_anchor_std,server_midnight,1,0,0,0,UNCLASSIFIED,TRANSITION_UNCLASSIFIED,TRANSITION
942.3,942.95,941.35,941.8,0,0,0,1,0.9994498567606112,NY_PM,8,0.4177737520128866,day_anchor_std,server_midnight,1,0,0,0,UNCLASSIFIED,TRANSITION_UNCLASSIFIED,TRANSITION
941.55,943.25,941.45,942.15,0,0,0,1,0.9994498567606112,NY_PM,8,0.4177737520128866,day_anchor_std,server_midnight,1,0,0,0,UNCLASSIFIED,TRANSITION_UNCLASSIFIED,TRANSITION
942.25,942.4,939.85,940.95,0,0,0,1,0.9994498567606112,NY_PM,8,0.4177737520128866,day_anchor_std,server_midnight,1,0,0,0,UNCLASSIFIED,TRANSITION_UNCLASSIFIED,TRANSITION
940.95,940.95,940.95,940.95,0,0,0,1,0.9949481456204333,NY_PM,9,0.16582064297801416,day_anchor_std,server_midnight,1,0,0,0,UNCLASSIFIED,TRANSITION_UNCLASSIFIED,TRANSITION
939.95,939.95,939.95,939.95,0,0,0,1,0.9949481456204333,NY_PM,9,0.16582064297801416,day_anchor_std,server_midnight,1,0,0,0,UNCLASSIFIED,TRANSITION_UNCLASSIFIED,TRANSITION
941.34,941.34,941.34,941.34,0,0,0,1,0.9960230028855767,NY_PM,10,0.5603233830846023,day_anchor_std,server_midnight,1,0,0,0,UNCLASSIFIED,TRANSITION_UNCLASSIFIED,TRANSITION
940.95,940.95,940.95,940.95,0,0,0,1,0.9960230028855767,NY_PM,10,0.5603233830846023,day_anchor_std,server_midnight,1,0,0,0,UNCLASSIFIED,TRANSITION_UNCLASSIFIED,TRANSITION
941.35,941.35,941.35,941.35,0,0,0,1,0.9960230028855767,NY_PM,10,0.5603233830846023,day_anchor_std,server_midnight,1,0,0,0,UNCLASSIFIED,TRANSITION_UNCLASSIFIED,TRANSITION
941.35,941.35,940.95,940.95,0,0,0,1,0.9776806644970989,NY_PM,11,0.6448324085352471,day_anchor_std,server_midnight,1,0,0,0,UNCLASSIFIED,TRANSITION_UNCLASSIFIED,TRANSITION
941.2,941.95,941.2,941.95,0,0,0,1,0.9776806644970989,NY_PM,11,0.6448324085352471,day_anchor_std,server_midnight,1,0,0,0,UNCLASSIFIED,TRANSITION_UNCLASSIFIED,TRANSITION
941.45,941.45,941.45,941.45,0,0,0,1,0.9776806644970989,NY_PM,11,0.6448324085352471,day_anchor_std,server_midnight,1,0,0,0,UNCLASSIFIED,TRANSITION_UNCLASSIFIED,TRANSITION
941.45,941.45,941.45,941.45,0,0,0,1,0.9776806644970989,NY_PM,11,0.6448324085352471,day_anchor_std,server_midnight,1,0,0,0,UNCLASSIFIED,TRANSITION_UNCLASSIFIED,TRANSITION
947.05,947.15,946.75,946.85,0,0,0,1,0.8200070918697226,NY,12,0.35856873822975277,day_anchor_std,server_midnight,1,0,0,0,UNCLASSIFIED,TRANSITION_UNCLASSIFIED,TRANSITION
947.05,950.15,946.55,950.05,0,0,0,1,0.8200070918697226,NY,12,0.35856873822975277,day_anchor_std,server_midnight,1,0,0,0,UNCLASSIFIED,TRANSITION_UNCLASSIFIED,TRANSITION
956.45,959.55,956.45,957.45,0,0,0,1,0.7418783698860287,NY,1,0.45591523281814267,day_anchor_std,server_midnight,1,0,0,0,UNCLASSIFIED,TRANSITION_UNCLASSIFIED,TRANSITION
957.55,958.3,953.95,954.35,0,0,0,1,0.7418783698860287,NY,1,0.45591523281814267,day_anchor_std,server_midnight,1,0,0,0,UNCLASSIFIED,TRANSITION_UNCLASSIFIED,TRANSITION
954.45,956.3,952.95,953.4,0,0,0,1,0.7418783698860287,NY,1,0.45591523281814267,day_anchor_std,server_midnight,1,0,0,0,UNCLASSIFIED,TRANSITION_UNCLASSIFIED,TRANSITION
953.35,954.05,951.75,953.95,0,0,0,1,0.7418783698860287,NY,1,0.45591523281814267,day_anchor_std,server_midnight,1,0,0,0,UNCLASSIFIED,TRANSITION_UNCLASSIFIED,TRANSITION
954.6,954.65,951.95,952.25,0,0,0,2,0.9087436636244595,NY_PM,2,0.3074423480084074,day_anchor_std,server_midnight,0,0,0,1,TREND_STRONG,TREND_STRONG,TREND
952.05,952.35,950.15,951.05,0,0,0,2,0.9087436636244595,NY_PM,2,0.3074423480084074,day_anchor_std,server_midnight,0,0,0,1,TREND_STRONG,TREND_STRONG,TREND
951.25,952.55,950.9,951.3,0,0,0,2,0.9087436636244595,NY_PM,2,0.3074423480084074,day_anchor_std,server_midnight,0,0,0,1,TREND_STRONG,TREND_STRONG,TREND
951.0,952.25,950.15,951.05,0,0,0,2,0.9087436636244595,NY_PM,2,0.3074423480084074,day_anchor_std,server_midnight,0,0,0,1,TREND_STRONG,TREND_STRONG,TREND
951.2,953.55,951.2,952.55,0,0,0,2,0.9921859235079381,NY_PM,3,0.31407775935138793,day_anchor_std,server_midnight,0,0,0,1,TREND_STRONG,TREND_STRONG,TREND
952.75,952.75,951.85,952.75,0,0,0,2,0.9921859235079381,NY_PM,3,0.31407775935138793,day_anchor_std,server_midnight,0,0,0,1,TREND_STRONG,TREND_STRONG,TREND
952.85,954.75,952.85,953.55,0,0,0,2,0.9921859235079381,NY_PM,3,0.31407775935138793,day_anchor_std,server_midnight,0,0,0,1,TREND_STRONG,TREND_STRONG,TREND
952.95,953.95,952.65,953.95,0,0,0,2,0.9921859235079381,NY_PM,3,0.31407775935138793,day_anchor_std,server_midnight,0,0,0,1,TREND_STRONG,TREND_STRONG,TREND
953.95,953.95,953.3,953.8,0,0,0,2,0.9557061572671735,NY_PM,4,0.30557990067191515,day_anchor_std,server_midnight,0,0,0,1,TREND_STRONG,TREND_STRONG,TREND
953.95,953.95,953.95,953.95,0,0,0,2,0.9557061572671735,NY_PM,4,0.30557990067191515,day_anchor_std,server_midnight,0,0,0,1,TREND_STRONG,TREND_STRONG,TREND
953.46,953.95,953.46,953.95,0,0,0,2,0.9557061572671735,NY_PM,4,0.30557990067191515,day_anchor_std,server_midnight,0,0,0,1,TREND_STRONG,TREND_STRONG,TREND
953.5,953.95,953.5,953.95,0,0,0,2,0.9557061572671735,NY_PM,4,0.30557990067191515,day_anchor_std,server_midnight,0,0,0,1,TREND_STRONG,TREND_STRONG,TREND
953.95,953.95,953.95,953.95,0,0,0,1,0.9666307901684245,NY_PM,1,0.15919318547089564,day_anchor_std,server_midnight,1,0,0,0,TRANSITION_NOISY,TRANSITION_NOISY,TRANSITION
953.95,953.95,953.95,953.95,0,0,0,1,0.9666307901684245,NY_PM,1,0.15919318547089564,day_anchor_std,server_midnight,1,0,0,0,TRANSITION_NOISY,TRANSITION_NOISY,TRANSITION
953.83,953.83,953.75,953.75,0,0,0,1,0.9666307901684245,NY_PM,1,0.15919318547089564,day_anchor_std,server_midnight,1,0,0,0,TRANSITION_NOISY,TRANSITION_NOISY,TRANSITION
953.45,953.45,953.35,953.35,0,0,0,1,0.9666307901684245,NY_PM,1,0.15919318547089564,day_anchor_std,server_midnight,1,0,0,0,TRANSITION_NOISY,TRANSITION_NOISY,TRANSITION
953.6,954.45,953.45,953.45,0,0,0,1,0.9994515644903931,NY_PM,2,0.38825282593680355,day_anchor_std,server_midnight,1,0,0,0,UNCLASSIFIED,TRANSITION_UNCLASSIFIED,TRANSITION
954.25,954.25,954.25,954.25,0,0,0,1,0.9994515644903931,NY_PM,2,0.38825282593680355,day_anchor_std,server_midnight,1,0,0,0,UNCLASSIFIED,TRANSITION_UNCLASSIFIED,TRANSITION
954.25,954.25,954.25,954.25,0,0,0,1,0.9994515644903931,NY_PM,2,0.38825282593680355,day_anchor_std,server_midnight,1,0,0,0,UNCLASSIFIED,TRANSITION_UNCLASSIFIED,TRANSITION
954.25,954.25,954.25,954.25,0,0,0,1,0.9994515644903931,NY_PM,2,0.38825282593680355,day_anchor_std,server_midnight,1,0,0,0,UNCLASSIFIED,TRANSITION_UNCLASSIFIED,TRANSITION
952.95,953.85,952.45,953.85,0,0,0,1,0.9980644021945181,NY,3,0.14024179620035016,day_anchor_std,server_midnight,1,0,0,0,UNCLASSIFIED,TRANSITION_UNCLASSIFIED,TRANSITION
953.8,954.2,952.95,954.05,0,0,0,1,0.9980644021945181,NY,3,0.14024179620035016,day_anchor_std,server_midnight,1,0,0,0,UNCLASSIFIED,TRANSITION_UNCLASSIFIED,TRANSITION
953.9,956.35,953.35,953.6,0,0,0,1,0.9869299383317611,NY,4,0.15008375209379415,day_anchor_std,server_midnight,1,0,0,0,UNCLASSIFIED,TRANSITION_UNCLASSIFIED,TRANSITION
954.2,954.5,951.4,952.3,0,0,0,1,0.9869299383317611,NY,4,0.15008375209379415,day_anchor_std,server_midnight,1,0,0,0,UNCLASSIFIED,TRANSITION_UNCLASSIFIED,TRANSITION
952.15,954.45,951.85,953.55,0,0,0,1,0.9869299383317611,NY,4,0.15008375209379415,day_anchor_std,server_midnight,1,0,0,0,UNCLASSIFIED,TRANSITION_UNCLASSIFIED,TRANSITION
953.25,953.35,952.55,953.05,0,0,0,1,0.9869299383317611,NY,4,0.15008375209379415,day_anchor_std,server_midnight,1,0,0,0,UNCLASSIFIED,TRANSITION_UNCLASSIFIED,TRANSITION
953.15,955.45,953.15,954.45,0,0,0,1,0.8357098574420238,NY,5,0.5204301075269082,day_anchor_std,server_midnight,1,0,0,0,UNCLASSIFIED,TRANSITION_UNCLASSIFIED,TRANSITION
954.55,957.25,954.55,957.05,0,0,0,1,0.8357098574420238,NY,5,0.5204301075269082,day_anchor_std,server_midnight,1,0,0,0,UNCLASSIFIED,TRANSITION_UNCLASSIFIED,TRANSITION
957.15,958.55,956.65,957.15,0,0,0,1,0.8357098574420238,NY,5,0.5204301075269082,day_anchor_std,server_midnight,1,0,0,0,UNCLASSIFIED,TRANSITION_UNCLASSIFIED,TRANSITION
956.65,956.85,955.15,956.2,0,0,0,1,0.8357098574420238,NY,5,0.5204301075269082,day_anchor_std,server_midnight,1,0,0,0,UNCLASSIFIED,TRANSITION_UNCLASSIFIED,TRANSITION
957.85,958.25,955.5,955.65,0,0,0,1,0.9901730845178152,NY_PM,1,0.29747832939322105,day_anchor_std,server_midnight,1,0,0,0,UNCLASSIFIED,TRANSITION_UNCLASSIFIED,TRANSITION
955.75,956.95,955.75,955.95,0,0,0,1,0.9901730845178152,NY_PM,1,0.29747832939322105,day_anchor_std,server_midnight,1,0,0,0,UNCLASSIFIED,TRANSITION_UNCLASSIFIED,TRANSITION
955.45,955.5,954.55,954.55,0,0,0,1,0.9901730845178152,NY_PM,1,0.29747832939322105,day_anchor_std,server_midnight,1,0,0,0,UNCLASSIFIED,TRANSITION_UNCLASSIFIED,TRANSITION
954.15,954.25,952.28,953.9,0,0,0,1,0.9901730845178152,NY_PM,1,0.29747832939322105,day_anchor_std,server_midnight,1,0,0,0,UNCLASSIFIED,TRANSITION_UNCLASSIFIED,TRANSITION
953.7,953.7,952.25,952.25,0,0,0,1,0.9947091227749791,NY_PM,2,0.7170879156215887,day_anchor_std,server_midnight,1,0,0,0,UNCLASSIFIED,TRANSITION_UNCLASSIFIED,TRANSITION
952.19,952.45,952.19,952.45,0,0,0,1,0.9947091227749791,NY_PM,2,0.7170879156215887,day_anchor_std,server_midnight,1,0,0,0,UNCLASSIFIED,TRANSITION_UNCLASSIFIED,TRANSITION
952.95,953.15,952.45,953.15,0,0,0,1,0.9977450230364774,NY_PM,3,0.20931519565837167,day_anchor_std,server_midnight,1,0,0,0,UNCLASSIFIED,TRANSITION_UNCLASSIFIED,TRANSITION
953.44,953.44,953.44,953.44,0,0,0,1,0.9977450230364774,NY_PM,3,0.20931519565837167,day_anchor_std,server_midnight,1,0,0,0,UNCLASSIFIED,TRANSITION_UNCLASSIFIED,TRANSITION
955.1,955.1,954.45,954.45,0,0,0,1,0.9977450230364774,NY_PM,3,0.20931519565837167,day_anchor_std,server_midnight,1,0,0,0,UNCLASSIFIED,TRANSITION_UNCLASSIFIED,TRANSITION
954.95,954.95,954.45,954.45,0,0,0,1,0.9764902681226939,NY_PM,4,0.08003658815454831,day_anchor_std,server_midnight,1,0,0,0,UNCLASSIFIED,TRANSITION_UNCLASSIFIED,TRANSITION
954.95,954.95,954.95,954.95,0,0,0,1,0.9764902681226939,NY_PM,4,0.08003658815454831,day_anchor_std,server_midnight,1,0,0,0,UNCLASSIFIED,TRANSITION_UNCLASSIFIED,TRANSITION
959.25,960.05,959.25,960.05,0,0,0,1,0.9649606275770174,NY,5,0.13010222317533582,day_anchor_std,server_midnight,1,0,0,0,UNCLASSIFIED,TRANSITION_UNCLASSIFIED,TRANSITION
959.95,962.35,959.55,961.45,0,0,0,1,0.9649606275770174,NY,5,0.13010222317533582,day_anchor_std,server_midnight,1,0,0,0,UNCLASSIFIED,TRANSITION_UNCLASSIFIED,TRANSITION
961.35,963.45,960.2,962.45,0,0,0,1,0.9107559839397362,NY,1,0.45193363031828115,day_anchor_std,server_midnight,1,0,0,0,TRANSITION_NOISY,TRANSITION_NOISY,TRANSITION
962.65,963.45,961.45,962.25,0,0,0,1,0.9107559839397362,NY,1,0.45193363031828115,day_anchor_std,server_midnight,1,0,0,0,TRANSITION_NOISY,TRANSITION_NOISY,TRANSITION
962.55,962.85,960.75,962.05,0,0,0,1,0.9107559839397362,NY,1,0.45193363031828115,day_anchor_std,server_midnight,1,0,0,0,TRANSITION_NOISY,TRANSITION_NOISY,TRANSITION
962.25,963.25,961.75,962.95,0,0,0,1,0.9107559839397362,NY,1,0.45193363031828115,day_anchor_std,server_midnight,1,0,0,0,TRANSITION_NOISY,TRANSITION_NOISY,TRANSITION
965.25,967.55,964.85,967.3,0,0,0,1,0.9830369879494675,NY_PM,3,1.4098525469168652,day_anchor_std,server_midnight,0,1,0,0,UNCLASSIFIED,TRANSITION_UNCLASSIFIED,TRANSITION
967.2,969.25,966.35,967.15,0,0,0,1,0.9830369879494675,NY_PM,3,1.4098525469168652,day_anchor_std,server_midnight,0,1,0,0,UNCLASSIFIED,TRANSITION_UNCLASSIFIED,TRANSITION
967.45,970.85,967.4,969.95,0,0,0,1,0.9830369879494675,NY_PM,3,1.4098525469168652,day_anchor_std,server_midnight,0,1,0,0,UNCLASSIFIED,TRANSITION_UNCLASSIFIED,TRANSITION
970.0,970.0,967.95,968.5,0,0,0,1,0.9830369879494675,NY_PM,3,1.4098525469168652,day_anchor_std,server_midnight,0,1,0,0,UNCLASSIFIED,TRANSITION_UNCLASSIFIED,TRANSITION
968.55,968.95,967.85,968.95,0,0,0,1,0.9982763544204488,NY_PM,4,1.2171775966886278,day_anchor_std,server_midnight,0,1,0,0,TRANSITION_NOISY,TRANSITION_NOISY,TRANSITION
968.55,969.05,967.95,967.95,0,0,0,1,0.9982763544204488,NY_PM,4,1.2171775966886278,day_anchor_std,server_midnight,0,1,0,0,TRANSITION_NOISY,TRANSITION_NOISY,TRANSITION
967.85,969.7,967.85,969.3,0,0,0,1,0.9982763544204488,NY_PM,4,1.2171775966886278,day_anchor_std,server_midnight,0,1,0,0,TRANSITION_NOISY,TRANSITION_NOISY,TRANSITION
968.75,968.75,967.45,968.25,0,0,0,1,0.9982763544204488,NY_PM,4,1.2171775966886278,day_anchor_std,server_midnight,0,1,0,0,TRANSITION_NOISY,TRANSITION_NOISY,TRANSITION
968.15,968.15,966.45,966.45,0,0,0,1,0.9992148531171134,NY_PM,5,1.441503380313978,day_anchor_std,server_midnight,0,1,0,0,TRANSITION_NOISY,TRANSITION_NOISY,TRANSITION
966.45,967.45,966.45,967.43,0,0,0,1,0.9992148531171134,NY_PM,5,1.441503380313978,day_anchor_std,server_midnight,0,1,0,0,TRANSITION_NOISY,TRANSITION_NOISY,TRANSITION
969.45,969.45,969.45,969.45,0,0,0,1,0.9992148531171134,NY_PM,5,1.441503380313978,day_anchor_std,server_midnight,0,1,0,0,TRANSITION_NOISY,TRANSITION_NOISY,TRANSITION
966.45,966.45,966.45,966.45,0,0,0,1,0.9993960089788533,NY_PM,6,1.423760775862079,day_anchor_std,server_midnight,0,1,0,0,TRANSITION_NOISY,TRANSITION_NOISY,TRANSITION
966.45,966.45,966.45,966.45,0,0,0,1,0.9993960089788533,NY_PM,6,1.423760775862079,day_anchor_std,server_midnight,0,1,0,0,TRANSITION_NOISY,TRANSITION_NOISY,TRANSITION
967.5,967.5,967.5,967.5,0,0,0,1,0.9993960089788533,NY_PM,6,1.423760775862079,day_anchor_std,server_midnight,0,1,0,0,TRANSITION_NOISY,TRANSITION_NOISY,TRANSITION
969.45,969.45,969.45,969.45,0,0,0,1,0.9993960089788533,NY_PM,6,1.423760775862079,day_anchor_std,server_midnight,0,1,0,0,TRANSITION_NOISY,TRANSITION_NOISY,TRANSITION
971.75,971.75,970.65,970.65,0,0,0,1,0.9991181158946657,NY,7,0.16326273323244866,day_anchor_std,server_midnight,1,0,0,0,TRANSITION_NOISY,TRANSITION_NOISY,TRANSITION
970.45,972.25,970.0,972.05,0,0,0,1,0.9991181158946657,NY,7,0.16326273323244866,day_anchor_std,server_midnight,1,0,0,0,TRANSITION_NOISY,TRANSITION_NOISY,TRANSITION
978.5,979.4,977.25,977.35,0,0,0,1,0.9999125205257623,NY,10,0.5159446450060107,day_anchor_std,server_midnight,1,0,0,0,TRANSITION_NOISY,TRANSITION_NOISY,TRANSITION
977.4,977.95,976.45,976.55,0,0,0,1,0.9999125205257623,NY,10,0.5159446450060107,day_anchor_std,server_midnight,1,0,0,0,TRANSITION_NOISY,TRANSITION_NOISY,TRANSITION
976.45,977.55,975.95,977.05,0,0,0,1,0.9999125205257623,NY,10,0.5159446450060107,day_anchor_std,server_midnight,1,0,0,0,TRANSITION_NOISY,TRANSITION_NOISY,TRANSITION
977.35,978.7,976.95,976.95,0,0,0,1,0.9999125205257623,NY,10,0.5159446450060107,day_anchor_std,server_midnight,1,0,0,0,TRANSITION_NOISY,TRANSITION_NOISY,TRANSITION
979.45,979.45,977.45,977.95,0,0,0,1,0.9998057600496327,NY_PM,12,0.43183897529735626,day_anchor_std,server_midnight,1,0,0,0,UNCLASSIFIED,TRANSITION_UNCLASSIFIED,TRANSITION
977.6,977.6,977.45,977.45,0,0,0,1,0.9998057600496327,NY_PM,12,0.43183897529735626,day_anchor_std,server_midnight,1,0,0,0,UNCLASSIFIED,TRANSITION_UNCLASSIFIED,TRANSITION
979.25,979.25,979.25,979.25,0,0,0,1,0.9991019251611496,NY_PM,12,0.7096160211850531,day_anchor_std,server_midnight,1,0,0,0,TRANSITION_NOISY,TRANSITION_NOISY,TRANSITION
979.25,979.25,979.25,979.25,0,0,0,1,0.9991019251611496,NY_PM,12,0.7096160211850531,day_anchor_std,server_midnight,1,0,0,0,TRANSITION_NOISY,TRANSITION_NOISY,TRANSITION
979.2,979.2,978.45,978.45,0,0,0,1,0.9991019251611496,NY_PM,12,0.7096160211850531,day_anchor_std,server_midnight,1,0,0,0,TRANSITION_NOISY,TRANSITION_NOISY,TRANSITION
978.9,978.9,978.15,978.15,0,0,0,1,0.997053821184809,NY_PM,12,0.500268384326395,day_anchor_std,server_midnight,1,0,0,0,TRANSITION_NOISY,TRANSITION_NOISY,TRANSITION
977.7,977.7,977.7,977.7,0,0,0,1,0.997053821184809,NY_PM,12,0.500268384326395,day_anchor_std,server_midnight,1,0,0,0,TRANSITION_NOISY,TRANSITION_NOISY,TRANSITION
982.45,983.95,982.45,983.95,0,0,0,1,0.999373565126967,NY,12,0.19407687460618095,day_anchor_std,server_midnight,1,0,0,0,UNCLASSIFIED,TRANSITION_UNCLASSIFIED,TRANSITION
984.0,986.05,983.55,985.35,0,0,0,1,0.999373565126967,NY,12,0.19407687460618095,day_anchor_std,server_midnight,1,0,0,0,UNCLASSIFIED,TRANSITION_UNCLASSIFIED,TRANSITION
985.3,987.25,985.3,987.25,0,0,0,1,0.9976120093878538,NY,12,0.5086347344411639,day_anchor_std,server_midnight,1,0,0,0,TRANSITION_NOISY,TRANSITION_NOISY,TRANSITION
986.95,989.55,985.65,987.7,0,0,0,1,0.9976120093878538,NY,12,0.5086347344411639,day_anchor_std,server_midnight,1,0,0,0,TRANSITION_NOISY,TRANSITION_NOISY,TRANSITION
987.75,988.45,986.55,986.95,0,0,0,1,0.9976120093878538,NY,12,0.5086347344411639,day_anchor_std,server_midnight,1,0,0,0,TRANSITION_NOISY,TRANSITION_NOISY,TRANSITION
987.05,988.85,986.85,987.4,0,0,0,1,0.9976120093878538,NY,12,0.5086347344411639,day_anchor_std,server_midnight,1,0,0,0,TRANSITION_NOISY,TRANSITION_NOISY,TRANSITION
987.35,987.35,984.05,985.25,0,0,0,1,0.9998316943887224,NY,12,0.2928272625242415,day_anchor_std,server_midnight,1,0,0,0,TRANSITION_NOISY,TRANSITION_NOISY,TRANSITION
985.05,985.75,983.65,985.65,0,0,0,1,0.9998316943887224,NY,12,0.2928272625242415,day_anchor_std,server_midnight,1,0,0,0,TRANSITION_NOISY,TRANSITION_NOISY,TRANSITION
985.55,985.95,982.85,982.85,0,0,0,1,0.9998316943887224,NY,12,0.2928272625242415,day_anchor_std,server_midnight,1,0,0,0,TRANSITION_NOISY,TRANSITION_NOISY,TRANSITION
982.95,984.4,981.85,984.3,0,0,0,1,0.9998316943887224,NY,12,0.2928272625242415,day_anchor_std,server_midnight,1,0,0,0,TRANSITION_NOISY,TRANSITION_NOISY,TRANSITION
984.75,984.95,980.95,983.05,0,0,0,1,0.7726531732323622,NY_PM,1,0.4813263525305806,day_anchor_std,server_midnight,1,0,0,0,UNCLASSIFIED,TRANSITION_UNCLASSIFIED,TRANSITION
983.2,983.5,982.4,983.15,0,0,0,1,0.7726531732323622,NY_PM,1,0.4813263525305806,day_anchor_std,server_midnight,1,0,0,0,UNCLASSIFIED,TRANSITION_UNCLASSIFIED,TRANSITION
983.25,985.45,983.25,983.95,0,0,0,1,0.7726531732323622,NY_PM,1,0.4813263525305806,day_anchor_std,server_midnight,1,0,0,0,UNCLASSIFIED,TRANSITION_UNCLASSIFIED,TRANSITION
984.0,984.1,981.95,983.3,0,0,0,1,0.7726531732323622,NY_PM,1,0.4813263525305806,day_anchor_std,server_midnight,1,0,0,0,UNCLASSIFIED,TRANSITION_UNCLASSIFIED,TRANSITION
983.25,983.25,980.45,980.45,0,0,0,1,0.9978435562767632,NY_PM,2,0.6902356902357124,day_anchor_std,server_midnight,1,0,0,0,UNCLASSIFIED,TRANSITION_UNCLASSIFIED,TRANSITION
980.95,981.3,980.5,980.65,0,0,0,1,0.9978435562767632,NY_PM,2,0.6902356902357124,day_anchor_std,server_midnight,1,0,0,0,UNCLASSIFIED,TRANSITION_UNCLASSIFIED,TRANSITION
980.75,982.95,980.45,981.05,0,0,0,1,0.9978435562767632,NY_PM,2,0.6902356902357124,day_anchor_std,server_midnight,1,0,0,0,UNCLASSIFIED,TRANSITION_UNCLASSIFIED,TRANSITION
980.05,982.2,980.05,982.2,0,0,0,1,0.9978435562767632,NY_PM,2,0.6902356902357124,day_anchor_std,server_midnight,1,0,0,0,UNCLASSIFIED,TRANSITION_UNCLASSIFIED,TRANSITION
980.7,981.85,980.45,981.85,0,0,0,1,0.9986691872053773,NY_PM,5,0.6031106635336665,day_anchor_std,server_midnight,1,0,0,0,UNCLASSIFIED,TRANSITION_UNCLASSIFIED,TRANSITION
981.85,981.85,979.65,979.65,0,0,0,1,0.9986691872053773,NY_PM,5,0.6031106635336665,day_anchor_std,server_midnight,1,0,0,0,UNCLASSIFIED,TRANSITION_UNCLASSIFIED,TRANSITION
980.45,982.35,980.45,982.35,0,0,0,1,0.9986691872053773,NY_PM,5,0.6031106635336665,day_anchor_std,server_midnight,1,0,0,0,UNCLASSIFIED,TRANSITION_UNCLASSIFIED,TRANSITION
976.0,977.05,975.95,976.45,0,0,0,1,0.7617279253052319,NY,6,0.11517367458867771,day_anchor_std,server_midnight,1,0,0,0,UNCLASSIFIED,TRANSITION_UNCLASSIFIED,TRANSITION
976.25,976.25,974.0,974.85,0,0,0,1,0.7617279253052319,NY,6,0.11517367458867771,day_anchor_std,server_midnight,1,0,0,0,UNCLASSIFIED,TRANSITION_UNCLASSIFIED,TRANSITION
974.75,974.85,973.55,974.55,0,0,0,1,0.7433990516686036,NY,7,0.5173160173160511,day_anchor_std,server_midnight,1,0,0,0,UNCLASSIFIED,TRANSITION_UNCLASSIFIED,TRANSITION
974.35,974.55,973.05,973.5,0,0,0,1,0.7433990516686036,NY,7,0.5173160173160511,day_anchor_std,server_midnight,1,0,0,0,UNCLASSIFIED,TRANSITION_UNCLASSIFIED,TRANSITION
973.55,974.35,971.95,971.95,0,0,0,1,0.7433990516686036,NY,7,0.5173160173160511,day_anchor_std,server_midnight,1,0,0,0,UNCLASSIFIED,TRANSITION_UNCLASSIFIED,TRANSITION
972.05,972.85,971.75,972.55,0,0,0,1,0.7433990516686036,NY,7,0.5173160173160511,day_anchor_std,server_midnight,1,0,0,0,UNCLASSIFIED,TRANSITION_UNCLASSIFIED,TRANSITION
972.7,973.75,972.7,973.15,0,0,0,1,0.6628677004332597,NY,8,0.23920736022646416,day_anchor_std,server_midnight,1,0,0,0,UNCLASSIFIED,TRANSITION_UNCLASSIFIED,TRANSITION
973.45,974.6,970.95,971.95,0,0,0,1,0.6628677004332597,NY,8,0.23920736022646416,day_anchor_std,server_midnight,1,0,0,0,UNCLASSIFIED,TRANSITION_UNCLASSIFIED,TRANSITION
972.15,973.15,972.15,972.55,0,0,0,1,0.6628677004332597,NY,8,0.23920736022646416,day_anchor_std,server_midnight,1,0,0,0,UNCLASSIFIED,TRANSITION_UNCLASSIFIED,TRANSITION
972.45,973.95,971.65,973.35,0,0,0,1,0.6628677004332597,NY,8,0.23920736022646416,day_anchor_std,server_midnight,1,0,0,0,UNCLASSIFIED,TRANSITION_UNCLASSIFIED,TRANSITION
974.95,976.15,974.45,975.4,0,0,0,2,0.8106305472944993,NY_PM,2,0.6032805115374018,day_anchor_std,server_midnight,0,0,0,1,TREND_STRONG,TREND_STRONG,TREND
975.55,976.35,974.95,974.95,0,0,0,2,0.8106305472944993,NY_PM,2,0.6032805115374018,day_anchor_std,server_midnight,0,0,0,1,TREND_STRONG,TREND_STRONG,TREND
974.75,976.35,974.55,975.25,0,0,0,2,0.8106305472944993,NY_PM,2,0.6032805115374018,day_anchor_std,server_midnight,0,0,0,1,TREND_STRONG,TREND_STRONG,TREND
975.45,977.95,975.45,977.0,0,0,0,2,0.8106305472944993,NY_PM,2,0.6032805115374018,day_anchor_std,server_midnight,0,0,0,1,TREND_STRONG,TREND_STRONG,TREND
977.35,977.45,976.4,977.05,0,0,0,2,0.8449787188154024,NY_PM,3,0.07036027853468811,day_anchor_std,server_midnight,0,0,0,1,UNCLASSIFIED,TREND_UNCLASSIFIED,TREND
976.85,976.85,975.15,975.45,0,0,0,2,0.8449787188154024,NY_PM,3,0.07036027853468811,day_anchor_std,server_midnight,0,0,0,1,UNCLASSIFIED,TREND_UNCLASSIFIED,TREND
975.55,976.5,975.5,976.15,0,0,0,2,0.8449787188154024,NY_PM,3,0.07036027853468811,day_anchor_std,server_midnight,0,0,0,1,UNCLASSIFIED,TREND_UNCLASSIFIED,TREND
976.4,976.54,974.0,974.69,0,0,0,2,0.8449787188154024,NY_PM,3,0.07036027853468811,day_anchor_std,server_midnight,0,0,0,1,UNCLASSIFIED,TREND_UNCLASSIFIED,TREND
975.45,975.45,975.45,975.45,0,0,0,1,0.7955051149651121,NY_PM,1,0.5451322952272666,day_anchor_std,server_midnight,1,0,0,0,UNCLASSIFIED,TRANSITION_UNCLASSIFIED,TRANSITION
975.51,975.95,975.51,975.95,0,0,0,1,0.7955051149651121,NY_PM,1,0.5451322952272666,day_anchor_std,server_midnight,1,0,0,0,UNCLASSIFIED,TRANSITION_UNCLASSIFIED,TRANSITION
975.45,975.65,975.45,975.65,0,0,0,1,0.7955051149651121,NY_PM,1,0.5451322952272666,day_anchor_std,server_midnight,1,0,0,0,UNCLASSIFIED,TRANSITION_UNCLASSIFIED,TRANSITION
975.45,976.55,975.45,976.55,0,0,0,1,0.7955051149651121,NY_PM,1,0.5451322952272666,day_anchor_std,server_midnight,1,0,0,0,UNCLASSIFIED,TRANSITION_UNCLASSIFIED,TRANSITION
975.95,975.95,975.95,975.95,0,0,0,1,0.7590866680698041,NY_PM,2,0.413994270942541,day_anchor_std,server_midnight,1,0,0,0,TRANSITION_NOISY,TRANSITION_NOISY,TRANSITION
975.5,975.5,975.5,975.5,0,0,0,1,0.45712056683058105,NY,4,0.1391957578435494,day_anchor_std,server_midnight,1,0,0,0,TRANSITION_NOISY,TRANSITION_NOISY,TRANSITION
975.4,975.4,972.75,973.45,0,0,0,1,0.45712056683058105,NY,4,0.1391957578435494,day_anchor_std,server_midnight,1,0,0,0,TRANSITION_NOISY,TRANSITION_NOISY,TRANSITION
973.5,973.5,971.95,973.0,0,0,0,1,0.9008959236824914,NY,5,0.7185804370142361,day_anchor_std,server_midnight,1,0,0,0,UNCLASSIFIED,TRANSITION_UNCLASSIFIED,TRANSITION
972.8,972.95,971.25,971.85,0,0,0,1,0.9008959236824914,NY,5,0.7185804370142361,day_anchor_std,server_midnight,1,0,0,0,UNCLASSIFIED,TRANSITION_UNCLASSIFIED,TRANSITION
971.95,973.05,970.05,972.65,0,0,0,1,0.9008959236824914,NY,5,0.7185804370142361,day_anchor_std,server_midnight,1,0,0,0,UNCLASSIFIED,TRANSITION_UNCLASSIFIED,TRANSITION
972.55,972.75,970.65,970.65,0,0,0,1,0.9008959236824914,NY,5,0.7185804370142361,day_anchor_std,server_midnight,1,0,0,0,UNCLASSIFIED,TRANSITION_UNCLASSIFIED,TRANSITION
970.75,970.85,968.95,970.7,0,0,0,1,0.9869393400128368,NY,6,1.6566618367487491,day_anchor_std,server_midnight,0,1,0,0,UNCLASSIFIED,TRANSITION_UNCLASSIFIED,TRANSITION
970.55,971.25,967.15,967.35,0,0,0,1,0.9869393400128368,NY,6,1.6566618367487491,day_anchor_std,server_midnight,0,1,0,0,UNCLASSIFIED,TRANSITION_UNCLASSIFIED,TRANSITION
967.45,968.55,967.25,967.95,0,0,0,1,0.9869393400128368,NY,6,1.6566618367487491,day_anchor_std,server_midnight,0,1,0,0,UNCLASSIFIED,TRANSITION_UNCLASSIFIED,TRANSITION
968.05,968.15,965.65,965.95,0,0,0,1,0.9869393400128368,NY,6,1.6566618367487491,day_anchor_std,server_midnight,0,1,0,0,UNCLASSIFIED,TRANSITION_UNCLASSIFIED,TRANSITION
965.75,965.75,963.0,963.95,0,0,0,1,0.6269347368822864,NY,7,1.2836458731981049,day_anchor_std,server_midnight,0,1,0,0,UNCLASSIFIED,TRANSITION_UNCLASSIFIED,TRANSITION
964.05,964.8,962.45,964.25,0,0,0,1,0.6269347368822864,NY,7,1.2836458731981049,day_anchor_std,server_midnight,0,1,0,0,UNCLASSIFIED,TRANSITION_UNCLASSIFIED,TRANSITION
964.35,966.35,964.35,965.75,0,0,0,1,0.6269347368822864,NY,7,1.2836458731981049,day_anchor_std,server_midnight,0,1,0,0,UNCLASSIFIED,TRANSITION_UNCLASSIFIED,TRANSITION
965.95,967.55,965.65,965.95,0,0,0,1,0.6269347368822864,NY,7,1.2836458731981049,day_anchor_std,server_midnight,0,1,0,0,UNCLASSIFIED,TRANSITION_UNCLASSIFIED,TRANSITION
966.15,966.15,965.65,966.1,0,0,0,2,0.8906728084122668,NY_PM,1,1.4061135371178846,day_anchor_std,server_midnight,0,0,0,1,TREND_STRONG,TREND_STRONG,TREND
965.5,965.5,965.5,965.5,0,0,0,2,0.8906728084122668,NY_PM,1,1.4061135371178846,day_anchor_std,server_midnight,0,0,0,1,TREND_STRONG,TREND_STRONG,TREND
965.95,965.95,965.95,965.95,0,0,0,2,0.8906728084122668,NY_PM,1,1.4061135371178846,day_anchor_std,server_midnight,0,0,0,1,TREND_STRONG,TREND_STRONG,TREND
964.95,964.95,964.95,964.95,0,0,0,2,0.8906728084122668,NY_PM,1,1.4061135371178846,day_anchor_std,server_midnight,0,0,0,1,TREND_STRONG,TREND_STRONG,TREND
964.45,964.45,964.45,964.45,0,0,0,2,0.9658859997704637,NY_PM,2,1.5886088315747886,day_anchor_std,server_midnight,0,0,0,1,TREND_STRONG,TREND_STRONG,TREND
964.2,964.2,964.2,964.2,0,0,0,2,0.9776857619307442,NY_PM,3,1.4955726935160696,day_anchor_std,server_midnight,0,0,0,1,TREND_STRONG,TREND_STRONG,TREND
964.95,964.95,964.95,964.95,0,0,0,2,0.9776857619307442,NY_PM,3,1.4955726935160696,day_anchor_std,server_midnight,0,0,0,1,TREND_STRONG,TREND_STRONG,TREND
955.95,956.1,951.75,951.95,0,0,0,1,0.9994962543038566,NY,2,1.4180775364986018,day_anchor_std,server_midnight,0,1,0,0,UNCLASSIFIED,TRANSITION_UNCLASSIFIED,TRANSITION
952.15,952.75,951.7,952.45,0,0,0,1,0.9994962543038566,NY,2,1.4180775364986018,day_anchor_std,server_midnight,0,1,0,0,UNCLASSIFIED,TRANSITION_UNCLASSIFIED,TRANSITION
952.5,952.65,949.85,951.25,0,0,0,1,0.9994962543038566,NY,2,1.4180775364986018,day_anchor_std,server_midnight,0,1,0,0,UNCLASSIFIED,TRANSITION_UNCLASSIFIED,TRANSITION
950.95,953.45,950.95,952.8,0,0,0,1,0.9994962543038566,NY,2,1.4180775364986018,day_anchor_std,server_midnight,0,1,0,0,UNCLASSIFIED,TRANSITION_UNCLASSIFIED,TRANSITION
952.9,954.6,952.9,954.45,0,0,0,2,0.9964387949501602,NY_PM,1,0.42276138942221303,day_anchor_std,server_midnight,0,0,0,1,UNCLASSIFIED,TREND_UNCLASSIFIED,TREND
954.65,957.45,954.65,956.45,0,0,0,2,0.9964387949501602,NY_PM,1,0.42276138942221303,day_anchor_std,server_midnight,0,0,0,1,UNCLASSIFIED,TREND_UNCLASSIFIED,TREND
956.5,957.2,955.55,955.55,0,0,0,2,0.9964387949501602,NY_PM,1,0.42276138942221303,day_anchor_std,server_midnight,0,0,0,1,UNCLASSIFIED,TREND_UNCLASSIFIED,TREND
955.35,957.35,954.25,956.25,0,0,0,2,0.9964387949501602,NY_PM,1,0.42276138942221303,day_anchor_std,server_midnight,0,0,0,1,UNCLASSIFIED,TREND_UNCLASSIFIED,TREND
956.15,956.45,954.95,955.35,0,0,0,2,0.993034496281819,NY_PM,2,1.2623942196304727,day_anchor_std,server_midnight,0,0,0,1,UNCLASSIFIED,TREND_UNCLASSIFIED,TREND
955.45,956.45,955.45,955.55,0,0,0,2,0.993034496281819,NY_PM,2,1.2623942196304727,day_anchor_std,server_midnight,0,0,0,1,UNCLASSIFIED,TREND_UNCLASSIFIED,TREND
955.45,956.2,955.45,956.0,0,0,0,2,0.993034496281819,NY_PM,2,1.2623942196304727,day_anchor_std,server_midnight,0,0,0,1,UNCLASSIFIED,TREND_UNCLASSIFIED,TREND
955.47,955.47,952.45,952.45,0,0,0,2,0.993034496281819,NY_PM,2,1.2623942196304727,day_anchor_std,server_midnight,0,0,0,1,UNCLASSIFIED,TREND_UNCLASSIFIED,TREND
953.55,954.14,952.95,952.95,0,0,0,2,0.7626360842427553,NY_PM,3,0.46806799908108154,day_anchor_std,server_midnight,0,0,0,1,TREND_FRAGILE,TREND_FRAGILE,TREND
952.45,952.45,950.55,950.55,0,0,0,2,0.7626360842427553,NY_PM,3,0.46806799908108154,day_anchor_std,server_midnight,0,0,0,1,TREND_FRAGILE,TREND_FRAGILE,TREND
953.25,953.25,953.25,953.25,0,0,0,2,0.7626360842427553,NY_PM,3,0.46806799908108154,day_anchor_std,server_midnight,0,0,0,1,TREND_FRAGILE,TREND_FRAGILE,TREND
954.45,955.45,954.45,955.45,0,0,0,2,0.7626360842427553,NY_PM,3,0.46806799908108154,day_anchor_std,server_midnight,0,0,0,1,TREND_FRAGILE,TREND_FRAGILE,TREND
955.45,955.45,955.45,955.45,0,0,0,1,0.9815805738969497,NY_PM,1,0.7037401574803354,day_anchor_std,server_midnight,1,0,0,0,TRANSITION_NOISY,TRANSITION_NOISY,TRANSITION
955.45,955.45,955.45,955.45,0,0,0,1,0.9815805738969497,NY_PM,1,0.7037401574803354,day_anchor_std,server_midnight,1,0,0,0,TRANSITION_NOISY,TRANSITION_NOISY,TRANSITION
954.55,954.55,954.55,954.55,0,0,0,1,0.9815805738969497,NY_PM,1,0.7037401574803354,day_anchor_std,server_midnight,1,0,0,0,TRANSITION_NOISY,TRANSITION_NOISY,TRANSITION
954.95,954.95,954.95,954.95,0,0,0,1,0.9884529476143645,NY,2,0.1498127340824193,day_anchor_std,server_midnight,1,0,0,0,TRANSITION_NOISY,TRANSITION_NOISY,TRANSITION
954.75,955.25,953.65,953.65,0,0,0,1,0.9884529476143645,NY,2,0.1498127340824193,day_anchor_std,server_midnight,1,0,0,0,TRANSITION_NOISY,TRANSITION_NOISY,TRANSITION
959.15,959.45,958.05,958.4,0,0,0,1,0.9952751138273079,NY,4,0.34863606121090074,day_anchor_std,server_midnight,1,0,0,0,UNCLASSIFIED,TRANSITION_UNCLASSIFIED,TRANSITION
958.1,958.2,955.55,955.55,0,0,0,1,0.9952751138273079,NY,4,0.34863606121090074,day_anchor_std,server_midnight,1,0,0,0,UNCLASSIFIED,TRANSITION_UNCLASSIFIED,TRANSITION
955.6,956.65,953.85,953.95,0,0,0,1,0.9952751138273079,NY,4,0.34863606121090074,day_anchor_std,server_midnight,1,0,0,0,UNCLASSIFIED,TRANSITION_UNCLASSIFIED,TRANSITION
954.05,955.2,951.95,954.45,0,0,0,1,0.9952751138273079,NY,4,0.34863606121090074,day_anchor_std,server_midnight,1,0,0,0,UNCLASSIFIED,TRANSITION_UNCLASSIFIED,TRANSITION
954.55,955.35,953.25,954.95,0,0,0,1,0.8938497373351977,NY,1,1.206250000000009,day_anchor_std,server_midnight,0,1,0,0,TRANSITION_NOISY,TRANSITION_NOISY,TRANSITION
955.2,955.35,953.25,953.25,0,0,0,1,0.8938497373351977,NY,1,1.206250000000009,day_anchor_std,server_midnight,0,1,0,0,TRANSITION_NOISY,TRANSITION_NOISY,TRANSITION
953.4,953.4,950.75,952.05,0,0,0,1,0.8938497373351977,NY,1,1.206250000000009,day_anchor_std,server_midnight,0,1,0,0,TRANSITION_NOISY,TRANSITION_NOISY,TRANSITION
951.05,951.05,946.95,946.95,0,0,0,1,0.8938497373351977,NY,1,1.206250000000009,day_anchor_std,server_midnight,0,1,0,0,TRANSITION_NOISY,TRANSITION_NOISY,TRANSITION
951.55,953.35,950.95,951.65,0,0,0,1,0.4048033679475895,NY_PM,1,0.2894874022588906,day_anchor_std,server_midnight,1,0,0,0,TRANSITION_NOISY,TRANSITION_NOISY,TRANSITION
951.85,951.85,950.05,951.35,0,0,0,1,0.4048033679475895,NY_PM,1,0.2894874022588906,day_anchor_std,server_midnight,1,0,0,0,TRANSITION_NOISY,TRANSITION_NOISY,TRANSITION
951.15,951.8,950.05,950.55,0,0,0,1,0.4048033679475895,NY_PM,1,0.2894874022588906,day_anchor_std,server_midnight,1,0,0,0,TRANSITION_NOISY,TRANSITION_NOISY,TRANSITION
950.65,952.95,950.4,952.35,0,0,0,1,0.4048033679475895,NY_PM,1,0.2894874022588906,day_anchor_std,server_midnight,1,0,0,0,TRANSITION_NOISY,TRANSITION_NOISY,TRANSITION
952.4,954.05,951.95,953.85,0,0,0,1,0.9973513392791029,NY_PM,2,0.39323588420750766,day_anchor_std,server_midnight,1,0,0,0,UNCLASSIFIED,TRANSITION_UNCLASSIFIED,TRANSITION
953.55,954.15,952.25,953.25,0,0,0,1,0.9973513392791029,NY_PM,2,0.39323588420750766,day_anchor_std,server_midnight,1,0,0,0,UNCLASSIFIED,TRANSITION_UNCLASSIFIED,TRANSITION
953.15,953.55,952.85,952.95,0,0,0,1,0.9973513392791029,NY_PM,2,0.39323588420750766,day_anchor_std,server_midnight,1,0,0,0,UNCLASSIFIED,TRANSITION_UNCLASSIFIED,TRANSITION
952.8,953.35,952.6,952.85,0,0,0,1,0.9973513392791029,NY_PM,2,0.39323588420750766,day_anchor_std,server_midnight,1,0,0,0,UNCLASSIFIED,TRANSITION_UNCLASSIFIED,TRANSITION
954.45,956.45,954.45,956.45,0,0,0,1,0.9702553520216393,NY_PM,2,1.3984287317620752,day_anchor_std,server_midnight,0,1,0,0,UNCLASSIFIED,TRANSITION_UNCLASSIFIED,TRANSITION
955.75,955.75,955.75,955.75,0,0,0,1,0.9702553520216393,NY_PM,2,1.3984287317620752,day_anchor_std,server_midnight,0,1,0,0,UNCLASSIFIED,TRANSITION_UNCLASSIFIED,TRANSITION
958.25,958.55,958.25,958.45,0,0,0,1,0.884517365050093,NY,3,0.19162884518409626,day_anchor_std,server_midnight,1,0,0,0,UNCLASSIFIED,TRANSITION_UNCLASSIFIED,TRANSITION
958.55,961.05,957.95,958.55,0,0,0,1,0.884517365050093,NY,3,0.19162884518409626,day_anchor_std,server_midnight,1,0,0,0,UNCLASSIFIED,TRANSITION_UNCLASSIFIED,TRANSITION
954.4,955.45,953.15,955.35,0,0,0,1,0.975699747972241,NY,6,0.17594740912608756,day_anchor_std,server_midnight,1,0,0,0,UNCLASSIFIED,TRANSITION_UNCLASSIFIED,TRANSITION
955.25,956.85,955.05,956.8,0,0,0,1,0.975699747972241,NY,6,0.17594740912608756,day_anchor_std,server_midnight,1,0,0,0,UNCLASSIFIED,TRANSITION_UNCLASSIFIED,TRANSITION
957.1,958.55,956.45,958.25,0,0,0,1,0.975699747972241,NY,6,0.17594740912608756,day_anchor_std,server_midnight,1,0,0,0,UNCLASSIFIED,TRANSITION_UNCLASSIFIED,TRANSITION
957.95,958.15,955.2,956.4,0,0,0,1,0.975699747972241,NY,6,0.17594740912608756,day_anchor_std,server_midnight,1,0,0,0,UNCLASSIFIED,TRANSITION_UNCLASSIFIED,TRANSITION
952.15,952.45,951.65,952.45,0,0,0,1,0.9820638654143368,NY_PM,9,1.2324448265978982,day_anchor_std,server_midnight,0,1,0,0,UNCLASSIFIED,TRANSITION_UNCLASSIFIED,TRANSITION
952.25,952.25,952.25,952.25,0,0,0,1,0.9820638654143368,NY_PM,9,1.2324448265978982,day_anchor_std,server_midnight,0,1,0,0,UNCLASSIFIED,TRANSITION_UNCLASSIFIED,TRANSITION
951.95,952.45,951.95,952.45,0,0,0,1,0.9820638654143368,NY_PM,9,1.2324448265978982,day_anchor_std,server_midnight,0,1,0,0,UNCLASSIFIED,TRANSITION_UNCLASSIFIED,TRANSITION
951.95,951.95,951.95,951.95,0,0,0,1,0.9820638654143368,NY_PM,9,1.2324448265978982,day_anchor_std,server_midnight,0,1,0,0,UNCLASSIFIED,TRANSITION_UNCLASSIFIED,TRANSITION
952.6,952.6,951.45,951.45,0,0,0,1,0.9054991404494072,NY_PM,10,1.6263780633382445,day_anchor_std,server_midnight,0,1,0,0,UNCLASSIFIED,TRANSITION_UNCLASSIFIED,TRANSITION
951.65,951.65,950.25,950.25,0,0,0,1,0.9054991404494072,NY_PM,10,1.6263780633382445,day_anchor_std,server_midnight,0,1,0,0,UNCLASSIFIED,TRANSITION_UNCLASSIFIED,TRANSITION
949.45,950.4,948.95,949.45,0,0,0,1,0.9054991404494072,NY_PM,10,1.6263780633382445,day_anchor_std,server_midnight,0,1,0,0,UNCLASSIFIED,TRANSITION_UNCLASSIFIED,TRANSITION
950.5,950.5,950.2,950.2,0,0,0,1,0.9054991404494072,NY_PM,10,1.6263780633382445,day_anchor_std,server_midnight,0,1,0,0,UNCLASSIFIED,TRANSITION_UNCLASSIFIED,TRANSITION
949.25,949.25,949.25,949.25,0,0,0,1,0.6776156137469077,NY_PM,11,2.4258142439960464,day_anchor_std,server_midnight,0,1,0,0,UNCLASSIFIED,TRANSITION_UNCLASSIFIED,TRANSITION
949.15,949.15,949.1,949.1,0,0,0,1,0.6776156137469077,NY_PM,11,2.4258142439960464,day_anchor_std,server_midnight,0,1,0,0,UNCLASSIFIED,TRANSITION_UNCLASSIFIED,TRANSITION
949.1,949.1,949.1,949.1,0,0,0,1,0.6776156137469077,NY_PM,11,2.4258142439960464,day_anchor_std,server_midnight,0,1,0,0,UNCLASSIFIED,TRANSITION_UNCLASSIFIED,TRANSITION
949.1,949.1,947.55,947.55,0,0,0,1,0.6776156137469077,NY_PM,11,2.4258142439960464,day_anchor_std,server_midnight,0,1,0,0,UNCLASSIFIED,TRANSITION_UNCLASSIFIED,TRANSITION
946.55,946.55,945.65,945.65,0,0,0,1,0.7591019871774873,NY,12,0.02662406815762649,day_anchor_std,server_midnight,1,0,0,0,UNCLASSIFIED,TRANSITION_UNCLASSIFIED,TRANSITION
945.2,947.45,945.2,946.2,0,0,0,1,0.7591019871774873,NY,12,0.02662406815762649,day_anchor_std,server_midnight,1,0,0,0,UNCLASSIFIED,TRANSITION_UNCLASSIFIED,TRANSITION
946.15,949.0,944.95,948.5,0,0,0,1,0.9860782740618854,NY,12,0.7918552036199058,day_anchor_std,server_midnight,1,0,0,0,UNCLASSIFIED,TRANSITION_UNCLASSIFIED,TRANSITION
948.05,951.1,947.95,950.3,0,0,0,1,0.9860782740618854,NY,12,0.7918552036199058,day_anchor_std,server_midnight,1,0,0,0,UNCLASSIFIED,TRANSITION_UNCLASSIFIED,TRANSITION
949.95,950.75,948.65,948.65,0,0,0,1,0.9860782740618854,NY,12,0.7918552036199058,day_anchor_std,server_midnight,1,0,0,0,UNCLASSIFIED,TRANSITION_UNCLASSIFIED,TRANSITION
948.55,951.95,948.0,950.45,0,0,0,1,0.9860782740618854,NY,12,0.7918552036199058,day_anchor_std,server_midnight,1,0,0,0,UNCLASSIFIED,TRANSITION_UNCLASSIFIED,TRANSITION
950.25,950.7,948.85,948.85,0,0,0,1,0.8920715438567813,NY,12,0.4868864079390602,day_anchor_std,server_midnight,1,0,0,0,TRANSITION_NOISY,TRANSITION_NOISY,TRANSITION
948.95,949.55,948.45,949.0,0,0,0,1,0.8920715438567813,NY,12,0.4868864079390602,day_anchor_std,server_midnight,1,0,0,0,TRANSITION_NOISY,TRANSITION_NOISY,TRANSITION
948.95,949.25,947.95,948.05,0,0,0,1,0.8920715438567813,NY,12,0.4868864079390602,day_anchor_std,server_midnight,1,0,0,0,TRANSITION_NOISY,TRANSITION_NOISY,TRANSITION
948.1,949.85,948.1,949.85,0,0,0,1,0.8920715438567813,NY,12,0.4868864079390602,day_anchor_std,server_midnight,1,0,0,0,TRANSITION_NOISY,TRANSITION_NOISY,TRANSITION
949.95,949.95,946.95,946.95,0,0,0,1,0.9839935170517964,NY,12,0.3300438596491351,day_anchor_std,server_midnight,1,0,0,0,TRANSITION_NOISY,TRANSITION_NOISY,TRANSITION
947.05,947.05,945.95,946.25,0,0,0,1,0.9839935170517964,NY,12,0.3300438596491351,day_anchor_std,server_midnight,1,0,0,0,TRANSITION_NOISY,TRANSITION_NOISY,TRANSITION
946.05,947.55,945.05,947.45,0,0,0,1,0.9839935170517964,NY,12,0.3300438596491351,day_anchor_std,server_midnight,1,0,0,0,TRANSITION_NOISY,TRANSITION_NOISY,TRANSITION
947.35,948.05,946.8,946.8,0,0,0,1,0.9839935170517964,NY,12,0.3300438596491351,day_anchor_std,server_midnight,1,0,0,0,TRANSITION_NOISY,TRANSITION_NOISY,TRANSITION
946.7,949.55,946.55,948.9,0,0,0,1,0.9870745239913022,NY_PM,12,0.5788178817881949,day_anchor_std,server_midnight,1,0,0,0,TRANSITION_NOISY,TRANSITION_NOISY,TRANSITION
948.85,949.05,947.75,947.8,0,0,0,1,0.9870745239913022,NY_PM,12,0.5788178817881949,day_anchor_std,server_midnight,1,0,0,0,TRANSITION_NOISY,TRANSITION_NOISY,TRANSITION
947.95,948.05,946.95,947.05,0,0,0,1,0.9870745239913022,NY_PM,12,0.5788178817881949,day_anchor_std,server_midnight,1,0,0,0,TRANSITION_NOISY,TRANSITION_NOISY,TRANSITION
946.95,947.25,945.05,945.65,0,0,0,1,0.9870745239913022,NY_PM,12,0.5788178817881949,day_anchor_std,server_midnight,1,0,0,0,TRANSITION_NOISY,TRANSITION_NOISY,TRANSITION
945.75,946.95,945.75,946.25,0,0,0,1,0.7540159392831265,NY_PM,12,0.1085438488396061,day_anchor_std,server_midnight,1,0,0,0,TRANSITION_NOISY,TRANSITION_NOISY,TRANSITION
946.35,949.15,946.3,948.55,0,0,0,1,0.7540159392831265,NY_PM,12,0.1085438488396061,day_anchor_std,server_midnight,1,0,0,0,TRANSITION_NOISY,TRANSITION_NOISY,TRANSITION
948.35,949.5,947.95,948.7,0,0,0,1,0.7540159392831265,NY_PM,12,0.1085438488396061,day_anchor_std,server_midnight,1,0,0,0,TRANSITION_NOISY,TRANSITION_NOISY,TRANSITION
948.55,949.2,947.95,948.45,0,0,0,1,0.7540159392831265,NY_PM,12,0.1085438488396061,day_anchor_std,server_midnight,1,0,0,0,TRANSITION_NOISY,TRANSITION_NOISY,TRANSITION
948.45,948.45,947.45,947.45,0,0,0,1,0.9715539085753613,NY_PM,12,0.13727422003284967,day_anchor_std,server_midnight,1,0,0,0,TRANSITION_NOISY,TRANSITION_NOISY,TRANSITION
947.45,947.45,947.45,947.45,0,0,0,1,0.9715539085753613,NY_PM,12,0.13727422003284967,day_anchor_std,server_midnight,1,0,0,0,TRANSITION_NOISY,TRANSITION_NOISY,TRANSITION
948.95,948.95,948.95,948.95,0,0,0,1,0.9715539085753613,NY_PM,12,0.13727422003284967,day_anchor_std,server_midnight,1,0,0,0,TRANSITION_NOISY,TRANSITION_NOISY,TRANSITION
947.55,947.55,947.55,947.55,0,0,0,1,0.9715539085753613,NY_PM,12,0.13727422003284967,day_anchor_std,server_midnight,1,0,0,0,TRANSITION_NOISY,TRANSITION_NOISY,TRANSITION
948.45,948.45,948.45,948.45,0,0,0,1,0.9155392960922604,NY_PM,12,0.1017581888246929,day_anchor_std,server_midnight,1,0,0,0,TRANSITION_NOISY,TRANSITION_NOISY,TRANSITION
949.44,949.44,949.44,949.44,0,0,0,1,0.9155392960922604,NY_PM,12,0.1017581888246929,day_anchor_std,server_midnight,1,0,0,0,TRANSITION_NOISY,TRANSITION_NOISY,TRANSITION
948.45,948.45,948.45,948.45,0,0,0,1,0.9155392960922604,NY_PM,12,0.1017581888246929,day_anchor_std,server_midnight,1,0,0,0,TRANSITION_NOISY,TRANSITION_NOISY,TRANSITION
945.95,945.95,945.95,945.95,0,0,0,1,0.8649723865448274,NY,1,0.1541244004089103,day_anchor_std,server_midnight,1,0,0,0,TRANSITION_NOISY,TRANSITION_NOISY,TRANSITION
946.75,947.75,946.15,946.15,0,0,0,1,0.8649723865448274,NY,1,0.1541244004089103,day_anchor_std,server_midnight,1,0,0,0,TRANSITION_NOISY,TRANSITION_NOISY,TRANSITION
946.35,946.45,945.05,946.35,0,0,0,1,0.9625354364537722,NY,2,0.6627311205168158,day_anchor_std,server_midnight,1,0,0,0,UNCLASSIFIED,TRANSITION_UNCLASSIFIED,TRANSITION
946.75,947.3,944.9,945.4,0,0,0,1,0.9625354364537722,NY,2,0.6627311205168158,day_anchor_std,server_midnight,1,0,0,0,UNCLASSIFIED,TRANSITION_UNCLASSIFIED,TRANSITION
945.45,945.95,942.95,943.35,0,0,0,1,0.9625354364537722,NY,2,0.6627311205168158,day_anchor_std,server_midnight,1,0,0,0,UNCLASSIFIED,TRANSITION_UNCLASSIFIED,TRANSITION
943.45,945.15,942.65,943.5,0,0,0,1,0.9625354364537722,NY,2,0.6627311205168158,day_anchor_std,server_midnight,1,0,0,0,UNCLASSIFIED,TRANSITION_UNCLASSIFIED,TRANSITION
943.65,944.95,943.65,944.35,0,0,0,1,0.9686802483139828,NY,2,1.5192880728034217,day_anchor_std,server_midnight,0,1,0,0,UNCLASSIFIED,TRANSITION_UNCLASSIFIED,TRANSITION
944.45,944.45,943.85,943.85,0,0,0,1,0.9686802483139828,NY,2,1.5192880728034217,day_anchor_std,server_midnight,0,1,0,0,UNCLASSIFIED,TRANSITION_UNCLASSIFIED,TRANSITION
943.95,943.95,943.05,943.05,0,0,0,1,0.9686802483139828,NY,2,1.5192880728034217,day_anchor_std,server_midnight,0,1,0,0,UNCLASSIFIED,TRANSITION_UNCLASSIFIED,TRANSITION
943.15,943.25,941.05,941.2,0,0,0,1,0.9686802483139828,NY,2,1.5192880728034217,day_anchor_std,server_midnight,0,1,0,0,UNCLASSIFIED,TRANSITION_UNCLASSIFIED,TRANSITION
941.15,941.15,938.7,939.95,0,0,0,1,0.9757098570451319,NY_PM,3,1.9787985865724518,day_anchor_std,server_midnight,0,1,0,0,UNCLASSIFIED,TRANSITION_UNCLASSIFIED,TRANSITION
940.15,940.85,939.25,940.55,0,0,0,1,0.9757098570451319,NY_PM,3,1.9787985865724518,day_anchor_std,server_midnight,0,1,0,0,UNCLASSIFIED,TRANSITION_UNCLASSIFIED,TRANSITION
940.75,941.15,940.15,940.95,0,0,0,1,0.9757098570451319,NY_PM,3,1.9787985865724518,day_anchor_std,server_midnight,0,1,0,0,UNCLASSIFIED,TRANSITION_UNCLASSIFIED,TRANSITION
941.0,941.65,938.95,938.95,0,0,0,1,0.9757098570451319,NY_PM,3,1.9787985865724518,day_anchor_std,server_midnight,0,1,0,0,UNCLASSIFIED,TRANSITION_UNCLASSIFIED,TRANSITION
940.95,940.95,940.45,940.45,0,0,0,2,0.8885393318366854,NY_PM,1,1.3031313131313023,day_anchor_std,server_midnight,0,0,0,1,TREND_STRONG,TREND_STRONG,TREND
940.7,941.2,940.7,940.7,0,0,0,2,0.8885393318366854,NY_PM,1,1.3031313131313023,day_anchor_std,server_midnight,0,0,0,1,TREND_STRONG,TREND_STRONG,TREND
940.45,940.45,940.2,940.2,0,0,0,2,0.8885393318366854,NY_PM,1,1.3031313131313023,day_anchor_std,server_midnight,0,0,0,1,TREND_STRONG,TREND_STRONG,TREND
940.2,940.2,940.2,940.2,0,0,0,2,0.8885393318366854,NY_PM,1,1.3031313131313023,day_anchor_std,server_midnight,0,0,0,1,TREND_STRONG,TREND_STRONG,TREND
945.65,945.95,945.65,945.95,0,0,0,1,0.9846737319120974,NY,1,0.22096956031565085,day_anchor_std,server_midnight,1,0,0,0,UNCLASSIFIED,TRANSITION_UNCLASSIFIED,TRANSITION
946.0,947.05,944.95,947.05,0,0,0,1,0.9846737319120974,NY,1,0.22096956031565085,day_anchor_std,server_midnight,1,0,0,0,UNCLASSIFIED,TRANSITION_UNCLASSIFIED,TRANSITION
947.15,949.75,947.15,949.2,0,0,0,1,0.8143001588800889,NY,2,1.555555555555589,day_anchor_std,server_midnight,0,1,0,0,UNCLASSIFIED,TRANSITION_UNCLASSIFIED,TRANSITION
949.15,953.75,948.4,953.7,0,0,0,1,0.8143001588800889,NY,2,1.555555555555589,day_anchor_std,server_midnight,0,1,0,0,UNCLASSIFIED,TRANSITION_UNCLASSIFIED,TRANSITION
953.55,955.3,951.95,953.55,0,0,0,1,0.8143001588800889,NY,2,1.555555555555589,day_anchor_std,server_midnight,0,1,0,0,UNCLASSIFIED,TRANSITION_UNCLASSIFIED,TRANSITION
953.65,955.05,952.45,954.2,0,0,0,1,0.8143001588800889,NY,2,1.555555555555589,day_anchor_std,server_midnight,0,1,0,0,UNCLASSIFIED,TRANSITION_UNCLASSIFIED,TRANSITION
954.25,954.75,952.05,952.35,0,0,0,1,0.8509841767873735,NY,3,1.644214162348907,day_anchor_std,server_midnight,0,1,0,0,UNCLASSIFIED,TRANSITION_UNCLASSIFIED,TRANSITION
952.3,953.8,951.75,953.05,0,0,0,1,0.8509841767873735,NY,3,1.644214162348907,day_anchor_std,server_midnight,0,1,0,0,UNCLASSIFIED,TRANSITION_UNCLASSIFIED,TRANSITION
952.75,954.4,952.55,954.35,0,0,0,1,0.8509841767873735,NY,3,1.644214162348907,day_anchor_std,server_midnight,0,1,0,0,UNCLASSIFIED,TRANSITION_UNCLASSIFIED,TRANSITION
954.25,956.15,953.95,955.7,0,0,0,1,0.8509841767873735,NY,3,1.644214162348907,day_anchor_std,server_midnight,0,1,0,0,UNCLASSIFIED,TRANSITION_UNCLASSIFIED,TRANSITION
955.65,957.05,955.65,956.15,0,0,0,1,0.9354011092133614,NY,4,1.3202072538860363,day_anchor_std,server_midnight,0,1,0,0,UNCLASSIFIED,TRANSITION_UNCLASSIFIED,TRANSITION
956.25,957.35,955.95,957.35,0,0,0,1,0.9354011092133614,NY,4,1.3202072538860363,day_anchor_std,server_midnight,0,1,0,0,UNCLASSIFIED,TRANSITION_UNCLASSIFIED,TRANSITION
957.25,957.25,957.25,957.25,0,0,0,1,0.9354011092133614,NY,4,1.3202072538860363,day_anchor_std,server_midnight,0,1,0,0,UNCLASSIFIED,TRANSITION_UNCLASSIFIED,TRANSITION
956.05,956.65,954.75,955.2,0,0,0,1,0.9354011092133614,NY,4,1.3202072538860363,day_anchor_std,server_midnight,0,1,0,0,UNCLASSIFIED,TRANSITION_UNCLASSIFIED,TRANSITION
955.1,956.0,954.95,955.25,0,0,0,1,0.8860512068605331,NY_PM,5,1.2271433300231664,day_anchor_std,server_midnight,0,1,0,0,UNCLASSIFIED,TRANSITION_UNCLASSIFIED,TRANSITION
955.2,957.25,954.95,957.05,0,0,0,1,0.8860512068605331,NY_PM,5,1.2271433300231664,day_anchor_std,server_midnight,0,1,0,0,UNCLASSIFIED,TRANSITION_UNCLASSIFIED,TRANSITION
957.25,957.55,956.05,957.55,0,0,0,1,0.8860512068605331,NY_PM,5,1.2271433300231664,day_anchor_std,server_midnight,0,1,0,0,UNCLASSIFIED,TRANSITION_UNCLASSIFIED,TRANSITION
957.45,958.05,954.75,955.5,0,0,0,1,0.8860512068605331,NY_PM,5,1.2271433300231664,day_anchor_std,server_midnight,0,1,0,0,UNCLASSIFIED,TRANSITION_UNCLASSIFIED,TRANSITION
955.55,956.55,954.95,956.4,0,0,0,2,0.9527567105752184,NY_PM,1,1.5810206839206071,day_anchor_std,server_midnight,0,0,0,1,UNCLASSIFIED,TREND_UNCLASSIFIED,TREND
956.35,956.55,955.45,956.55,0,0,0,2,0.9527567105752184,NY_PM,1,1.5810206839206071,day_anchor_std,server_midnight,0,0,0,1,UNCLASSIFIED,TREND_UNCLASSIFIED,TREND
956.75,958.45,956.45,957.95,0,0,0,2,0.9527567105752184,NY_PM,1,1.5810206839206071,day_anchor_std,server_midnight,0,0,0,1,UNCLASSIFIED,TREND_UNCLASSIFIED,TREND
958.25,958.4,957.55,957.55,0,0,0,2,0.9527567105752184,NY_PM,1,1.5810206839206071,day_anchor_std,server_midnight,0,0,0,1,UNCLASSIFIED,TREND_UNCLASSIFIED,TREND
957.15,958.55,957.1,958.55,0,0,0,2,0.9956465734039056,NY_PM,2,2.152344979540485,day_anchor_std,server_midnight,0,0,0,1,TREND_STRONG,TREND_STRONG,TREND
959.95,960.85,958.55,960.85,0,0,0,2,0.9956465734039056,NY_PM,2,2.152344979540485,day_anchor_std,server_midnight,0,0,0,1,TREND_STRONG,TREND_STRONG,TREND
960.65,960.65,958.59,960.35,0,0,0,2,0.9956465734039056,NY_PM,2,2.152344979540485,day_anchor_std,server_midnight,0,0,0,1,TREND_STRONG,TREND_STRONG,TREND
960.2,960.2,960.2,960.2,0,0,0,2,0.9956465734039056,NY_PM,2,2.152344979540485,day_anchor_std,server_midnight,0,0,0,1,TREND_STRONG,TREND_STRONG,TREND
960.2,960.2,960.2,960.2,0,0,0,2,0.9967717919874975,NY_PM,3,1.9470720720721046,day_anchor_std,server_midnight,0,0,0,1,UNCLASSIFIED,TREND_UNCLASSIFIED,TREND
959.4,959.45,959.4,959.45,0,0,0,2,0.9967717919874975,NY_PM,3,1.9470720720721046,day_anchor_std,server_midnight,0,0,0,1,UNCLASSIFIED,TREND_UNCLASSIFIED,TREND
958.95,958.95,958.95,958.95,0,0,0,2,0.9967717919874975,NY_PM,3,1.9470720720721046,day_anchor_std,server_midnight,0,0,0,1,UNCLASSIFIED,TREND_UNCLASSIFIED,TREND
959.45,959.65,959.35,959.65,0,0,0,2,0.9967717919874975,NY_PM,3,1.9470720720721046,day_anchor_std,server_midnight,0,0,0,1,UNCLASSIFIED,TREND_UNCLASSIFIED,TREND
959.55,959.55,959.5,959.55,0,0,0,2,0.9980707968284424,NY_PM,4,2.0322158687446725,day_anchor_std,server_midnight,0,0,0,1,UNCLASSIFIED,TREND_UNCLASSIFIED,TREND
960.05,960.3,960.05,960.05,0,0,0,2,0.9980707968284424,NY_PM,4,2.0322158687446725,day_anchor_std,server_midnight,0,0,0,1,UNCLASSIFIED,TREND_UNCLASSIFIED,TREND
960.15,960.15,960.15,960.15,0,0,0,2,0.9980707968284424,NY_PM,4,2.0322158687446725,day_anchor_std,server_midnight,0,0,0,1,UNCLASSIFIED,TREND_UNCLASSIFIED,TREND
960.05,960.45,959.95,959.95,0,0,0,2,0.9980707968284424,NY_PM,4,2.0322158687446725,day_anchor_std,server_midnight,0,0,0,1,UNCLASSIFIED,TREND_UNCLASSIFIED,TREND
954.05,955.75,952.85,955.75,0,0,0,1,0.1398478329781247,NY,1,0.2616638560989358,day_anchor_std,server_midnight,1,0,0,0,TRANSITION_NOISY,TRANSITION_NOISY,TRANSITION
955.55,955.55,953.95,954.85,0,0,0,1,0.1398478329781247,NY,1,0.2616638560989358,day_anchor_std,server_midnight,1,0,0,0,TRANSITION_NOISY,TRANSITION_NOISY,TRANSITION
954.55,955.9,953.8,954.95,0,0,0,1,0.1398478329781247,NY,1,0.2616638560989358,day_anchor_std,server_midnight,1,0,0,0,TRANSITION_NOISY,TRANSITION_NOISY,TRANSITION
954.65,955.05,953.75,954.95,0,0,0,1,0.1398478329781247,NY,1,0.2616638560989358,day_anchor_std,server_midnight,1,0,0,0,TRANSITION_NOISY,TRANSITION_NOISY,TRANSITION
951.05,951.35,950.35,950.35,0,0,0,1,0.9862697344155533,NY_PM,1,1.303337905807044,day_anchor_std,server_midnight,0,1,0,0,TRANSITION_NOISY,TRANSITION_NOISY,TRANSITION
950.2,950.55,947.95,948.6,0,0,0,1,0.9862697344155533,NY_PM,1,1.303337905807044,day_anchor_std,server_midnight,0,1,0,0,TRANSITION_NOISY,TRANSITION_NOISY,TRANSITION
948.05,948.55,947.95,947.95,0,0,0,1,0.9862697344155533,NY_PM,1,1.303337905807044,day_anchor_std,server_midnight,0,1,0,0,TRANSITION_NOISY,TRANSITION_NOISY,TRANSITION
947.75,947.75,947.75,947.75,0,0,0,1,0.9862697344155533,NY_PM,1,1.303337905807044,day_anchor_std,server_midnight,0,1,0,0,TRANSITION_NOISY,TRANSITION_NOISY,TRANSITION
946.35,946.95,946.35,946.95,0,0,0,1,0.8818912627117711,NY_PM,2,1.7619488128276093,day_anchor_std,server_midnight,0,1,0,0,UNCLASSIFIED,TRANSITION_UNCLASSIFIED,TRANSITION
947.15,947.15,947.15,947.15,0,0,0,1,0.8818912627117711,NY_PM,2,1.7619488128276093,day_anchor_std,server_midnight,0,1,0,0,UNCLASSIFIED,TRANSITION_UNCLASSIFIED,TRANSITION
946.85,946.85,946.2,946.2,0,0,0,1,0.8818912627117711,NY_PM,2,1.7619488128276093,day_anchor_std,server_midnight,0,1,0,0,UNCLASSIFIED,TRANSITION_UNCLASSIFIED,TRANSITION
946.35,946.4,946.25,946.4,0,0,0,2,0.7729672711413116,NY_PM,1,1.9306377383300508,day_anchor_std,server_midnight,0,0,0,1,TREND_STRONG,TREND_STRONG,TREND
946.2,946.2,946.15,946.15,0,0,0,2,0.7729672711413116,NY_PM,1,1.9306377383300508,day_anchor_std,server_midnight,0,0,0,1,TREND_STRONG,TREND_STRONG,TREND
945.95,946.05,945.35,945.55,0,0,0,2,0.7729672711413116,NY_PM,1,1.9306377383300508,day_anchor_std,server_midnight,0,0,0,1,TREND_STRONG,TREND_STRONG,TREND
945.65,945.65,945.65,945.65,0,0,0,2,0.7729672711413116,NY_PM,1,1.9306377383300508,day_anchor_std,server_midnight,0,0,0,1,TREND_STRONG,TREND_STRONG,TREND
945.95,945.95,944.45,944.55,0,0,0,2,0.7236117429696989,NY_PM,2,2.318326310342285,day_anchor_std,server_midnight,0,0,0,1,TREND_STRONG,TREND_STRONG,TREND
944.3,944.35,944.3,944.35,0,0,0,2,0.7236117429696989,NY_PM,2,2.318326310342285,day_anchor_std,server_midnight,0,0,0,1,TREND_STRONG,TREND_STRONG,TREND
944.85,944.95,944.85,944.95,0,0,0,2,0.7236117429696989,NY_PM,2,2.318326310342285,day_anchor_std,server_midnight,0,0,0,1,TREND_STRONG,TREND_STRONG,TREND
945.0,945.0,943.95,943.95,0,0,0,2,0.7236117429696989,NY_PM,2,2.318326310342285,day_anchor_std,server_midnight,0,0,0,1,TREND_STRONG,TREND_STRONG,TREND
937.75,939.05,936.7,936.95,0,0,0,2,0.9803859839162664,NY_PM,7,0.5332391713747763,day_anchor_std,server_midnight,0,0,0,1,TREND_STRONG,TREND_STRONG,TREND
937.1,939.55,936.85,939.15,0,0,0,2,0.9803859839162664,NY_PM,7,0.5332391713747763,day_anchor_std,server_midnight,0,0,0,1,TREND_STRONG,TREND_STRONG,TREND
938.75,938.95,937.0,938.85,0,0,0,2,0.9803859839162664,NY_PM,7,0.5332391713747763,day_anchor_std,server_midnight,0,0,0,1,TREND_STRONG,TREND_STRONG,TREND
938.65,940.05,938.0,939.55,0,0,0,2,0.9803859839162664,NY_PM,7,0.5332391713747763,day_anchor_std,server_midnight,0,0,0,1,TREND_STRONG,TREND_STRONG,TREND
939.85,940.05,939.0,939.0,0,0,0,1,0.9971566214119671,NY_PM,1,0.34657135292559277,day_anchor_std,server_midnight,1,0,0,0,TRANSITION_NOISY,TRANSITION_NOISY,TRANSITION
939.5,939.75,938.0,938.15,0,0,0,1,0.9971566214119671,NY_PM,1,0.34657135292559277,day_anchor_std,server_midnight,1,0,0,0,TRANSITION_NOISY,TRANSITION_NOISY,TRANSITION
938.25,940.05,938.15,938.15,0,0,0,1,0.9971566214119671,NY_PM,1,0.34657135292559277,day_anchor_std,server_midnight,1,0,0,0,TRANSITION_NOISY,TRANSITION_NOISY,TRANSITION
938.25,938.85,938.2,938.55,0,0,0,1,0.9971566214119671,NY_PM,1,0.34657135292559277,day_anchor_std,server_midnight,1,0,0,0,TRANSITION_NOISY,TRANSITION_NOISY,TRANSITION
938.35,938.35,938.05,938.05,0,0,0,1,0.9883858963759371,NY_PM,2,0.20670545857579298,day_anchor_std,server_midnight,1,0,0,0,UNCLASSIFIED,TRANSITION_UNCLASSIFIED,TRANSITION
937.95,937.95,937.95,937.95,0,0,0,1,0.9883858963759371,NY_PM,2,0.20670545857579298,day_anchor_std,server_midnight,1,0,0,0,UNCLASSIFIED,TRANSITION_UNCLASSIFIED,TRANSITION
938.15,938.45,938.15,938.45,0,0,0,1,0.9948591546945007,NY_PM,3,0.2163891458526096,day_anchor_std,server_midnight,1,0,0,0,UNCLASSIFIED,TRANSITION_UNCLASSIFIED,TRANSITION
937.45,938.0,937.45,937.95,0,0,0,1,0.9948591546945007,NY_PM,3,0.2163891458526096,day_anchor_std,server_midnight,1,0,0,0,UNCLASSIFIED,TRANSITION_UNCLASSIFIED,TRANSITION
930.65,930.65,930.3,930.3,0,0,0,1,0.9972670246604738,NY,4,0.18620116375726403,day_anchor_std,server_midnight,1,0,0,0,UNCLASSIFIED,TRANSITION_UNCLASSIFIED,TRANSITION
930.45,931.5,928.8,928.95,0,0,0,1,0.9972670246604738,NY,4,0.18620116375726403,day_anchor_std,server_midnight,1,0,0,0,UNCLASSIFIED,TRANSITION_UNCLASSIFIED,TRANSITION
929.0,929.0,927.95,928.0,0,0,0,1,0.9891150642312868,NY,5,0.4522123893805168,day_anchor_std,server_midnight,1,0,0,0,UNCLASSIFIED,TRANSITION_UNCLASSIFIED,TRANSITION
928.05,928.85,926.95,927.3,0,0,0,1,0.9891150642312868,NY,5,0.4522123893805168,day_anchor_std,server_midnight,1,0,0,0,UNCLASSIFIED,TRANSITION_UNCLASSIFIED,TRANSITION
927.25,928.55,927.25,928.45,0,0,0,1,0.9891150642312868,NY,5,0.4522123893805168,day_anchor_std,server_midnight,1,0,0,0,UNCLASSIFIED,TRANSITION_UNCLASSIFIED,TRANSITION
928.35,928.45,927.35,927.35,0,0,0,1,0.9891150642312868,NY,5,0.4522123893805168,day_anchor_std,server_midnight,1,0,0,0,UNCLASSIFIED,TRANSITION_UNCLASSIFIED,TRANSITION
927.45,930.45,927.45,930.05,0,0,0,1,0.9992688599968161,NY,6,0.4068801897983112,day_anchor_std,server_midnight,1,0,0,0,TRANSITION_NOISY,TRANSITION_NOISY,TRANSITION
929.85,930.35,929.0,930.05,0,0,0,1,0.9992688599968161,NY,6,0.4068801897983112,day_anchor_std,server_midnight,1,0,0,0,TRANSITION_NOISY,TRANSITION_NOISY,TRANSITION
929.95,929.95,927.55,928.25,0,0,0,1,0.9992688599968161,NY,6,0.4068801897983112,day_anchor_std,server_midnight,1,0,0,0,TRANSITION_NOISY,TRANSITION_NOISY,TRANSITION
928.35,928.45,927.15,927.35,0,0,0,1,0.9992688599968161,NY,6,0.4068801897983112,day_anchor_std,server_midnight,1,0,0,0,TRANSITION_NOISY,TRANSITION_NOISY,TRANSITION
927.25,927.5,926.5,927.3,0,0,0,1,0.9139884272608125,NY,7,0.28621958121108987,day_anchor_std,server_midnight,1,0,0,0,TRANSITION_NOISY,TRANSITION_NOISY,TRANSITION
927.25,929.25,927.25,928.55,0,0,0,1,0.9139884272608125,NY,7,0.28621958121108987,day_anchor_std,server_midnight,1,0,0,0,TRANSITION_NOISY,TRANSITION_NOISY,TRANSITION
928.5,929.0,927.05,928.95,0,0,0,1,0.9139884272608125,NY,7,0.28621958121108987,day_anchor_std,server_midnight,1,0,0,0,TRANSITION_NOISY,TRANSITION_NOISY,TRANSITION
929.05,930.75,929.05,930.3,0,0,0,1,0.9139884272608125,NY,7,0.28621958121108987,day_anchor_std,server_midnight,1,0,0,0,TRANSITION_NOISY,TRANSITION_NOISY,TRANSITION
930.25,931.85,929.65,931.55,0,0,0,1,0.8896511767511788,NY_PM,8,0.06033824331696414,day_anchor_std,server_midnight,1,0,0,0,UNCLASSIFIED,TRANSITION_UNCLASSIFIED,TRANSITION
931.75,932.7,931.15,931.85,0,0,0,1,0.8896511767511788,NY_PM,8,0.06033824331696414,day_anchor_std,server_midnight,1,0,0,0,UNCLASSIFIED,TRANSITION_UNCLASSIFIED,TRANSITION
931.95,932.45,931.05,931.05,0,0,0,1,0.8896511767511788,NY_PM,8,0.06033824331696414,day_anchor_std,server_midnight,1,0,0,0,UNCLASSIFIED,TRANSITION_UNCLASSIFIED,TRANSITION
930.95,931.05,929.45,929.45,0,0,0,1,0.8896511767511788,NY_PM,8,0.06033824331696414,day_anchor_std,server_midnight,1,0,0,0,UNCLASSIFIED,TRANSITION_UNCLASSIFIED,TRANSITION
928.95,929.45,928.45,929.45,0,0,0,1,0.4597588962704054,NY_PM,9,0.061187708389642485,day_anchor_std,server_midnight,1,0,0,0,UNCLASSIFIED,TRANSITION_UNCLASSIFIED,TRANSITION
929.55,930.5,929.55,929.55,0,0,0,1,0.4597588962704054,NY_PM,9,0.061187708389642485,day_anchor_std,server_midnight,1,0,0,0,UNCLASSIFIED,TRANSITION_UNCLASSIFIED,TRANSITION
929.6,929.95,927.95,927.95,0,0,0,1,0.4597588962704054,NY_PM,9,0.061187708389642485,day_anchor_std,server_midnight,1,0,0,0,UNCLASSIFIED,TRANSITION_UNCLASSIFIED,TRANSITION
927.95,930.05,927.95,928.95,0,0,0,1,0.4597588962704054,NY_PM,9,0.061187708389642485,day_anchor_std,server_midnight,1,0,0,0,UNCLASSIFIED,TRANSITION_UNCLASSIFIED,TRANSITION
928.85,928.95,928.45,928.95,0,0,0,2,0.703489007547817,NY_PM,1,0.04902897166509133,day_anchor_std,server_midnight,0,0,0,1,TREND_STRONG,TREND_STRONG,TREND
929.15,929.45,929.15,929.35,0,0,0,2,0.703489007547817,NY_PM,1,0.04902897166509133,day_anchor_std,server_midnight,0,0,0,1,TREND_STRONG,TREND_STRONG,TREND
929.45,929.45,929.4,929.45,0,0,0,2,0.703489007547817,NY_PM,1,0.04902897166509133,day_anchor_std,server_midnight,0,0,0,1,TREND_STRONG,TREND_STRONG,TREND
929.4,929.95,929.35,929.95,0,0,0,2,0.9518829314566034,NY_PM,2,0.3058558558558459,day_anchor_std,server_midnight,0,0,0,1,UNCLASSIFIED,TREND_UNCLASSIFIED,TREND
930.15,930.35,930.15,930.35,0,0,0,2,0.9518829314566034,NY_PM,2,0.3058558558558459,day_anchor_std,server_midnight,0,0,0,1,UNCLASSIFIED,TREND_UNCLASSIFIED,TREND
930.05,930.05,929.75,929.95,0,0,0,1,0.9852315819583589,NY_PM,1,0.13075684380031774,day_anchor_std,server_midnight,1,0,0,0,TRANSITION_NOISY,TRANSITION_NOISY,TRANSITION
929.85,929.85,929.85,929.85,0,0,0,1,0.9852315819583589,NY_PM,1,0.13075684380031774,day_anchor_std,server_midnight,1,0,0,0,TRANSITION_NOISY,TRANSITION_NOISY,TRANSITION
929.8,929.8,929.75,929.75,0,0,0,1,0.9852315819583589,NY_PM,1,0.13075684380031774,day_anchor_std,server_midnight,1,0,0,0,TRANSITION_NOISY,TRANSITION_NOISY,TRANSITION
928.55,928.55,928.55,928.55,0,0,0,1,0.99875658520838,NY,2,0.3803363518757934,day_anchor_std,server_midnight,1,0,0,0,TRANSITION_NOISY,TRANSITION_NOISY,TRANSITION
928.8,928.8,925.25,925.45,0,0,0,1,0.99875658520838,NY,2,0.3803363518757934,day_anchor_std,server_midnight,1,0,0,0,TRANSITION_NOISY,TRANSITION_NOISY,TRANSITION
931.45,933.7,931.1,933.65,0,0,0,0,0.7106502527310391,NY,1,2.0696088984571275,day_anchor_std,server_midnight,0,0,1,0,UNCLASSIFIED,BALANCE_UNCLASSIFIED,BALANCE
933.55,936.0,933.35,935.05,0,0,0,0,0.7106502527310391,NY,1,2.0696088984571275,day_anchor_std,server_midnight,0,0,1,0,UNCLASSIFIED,BALANCE_UNCLASSIFIED,BALANCE
934.95,935.55,933.65,934.95,0,0,0,0,0.7106502527310391,NY,1,2.0696088984571275,day_anchor_std,server_midnight,0,0,1,0,UNCLASSIFIED,BALANCE_UNCLASSIFIED,BALANCE
935.15,937.7,935.15,936.45,0,0,0,0,0.7106502527310391,NY,1,2.0696088984571275,day_anchor_std,server_midnight,0,0,1,0,UNCLASSIFIED,BALANCE_UNCLASSIFIED,BALANCE
936.55,936.6,934.3,934.3,0,0,0,1,0.9572850173464824,NY,1,1.657157157157162,day_anchor_std,server_midnight,0,1,0,0,TRANSITION_NOISY,TRANSITION_NOISY,TRANSITION
934.45,934.85,932.5,932.55,0,0,0,1,0.9572850173464824,NY,1,1.657157157157162,day_anchor_std,server_midnight,0,1,0,0,TRANSITION_NOISY,TRANSITION_NOISY,TRANSITION
932.6,935.05,932.6,934.65,0,0,0,1,0.9572850173464824,NY,1,1.657157157157162,day_anchor_std,server_midnight,0,1,0,0,TRANSITION_NOISY,TRANSITION_NOISY,TRANSITION
934.75,936.35,934.75,936.35,0,0,0,1,0.9572850173464824,NY,1,1.657157157157162,day_anchor_std,server_midnight,0,1,0,0,TRANSITION_NOISY,TRANSITION_NOISY,TRANSITION
936.4,937.55,936.4,937.25,0,0,0,1,0.956212052843522,NY_PM,2,1.2328557784145207,day_anchor_std,server_midnight,0,1,0,0,TRANSITION_NOISY,TRANSITION_NOISY,TRANSITION
937.2,937.45,934.95,935.55,0,0,0,1,0.956212052843522,NY_PM,2,1.2328557784145207,day_anchor_std,server_midnight,0,1,0,0,TRANSITION_NOISY,TRANSITION_NOISY,TRANSITION
936.05,938.35,935.75,936.85,0,0,0,1,0.956212052843522,NY_PM,2,1.2328557784145207,day_anchor_std,server_midnight,0,1,0,0,TRANSITION_NOISY,TRANSITION_NOISY,TRANSITION
936.95,937.55,935.45,935.55,0,0,0,1,0.956212052843522,NY_PM,2,1.2328557784145207,day_anchor_std,server_midnight,0,1,0,0,TRANSITION_NOISY,TRANSITION_NOISY,TRANSITION
935.25,935.55,934.75,934.85,0,0,0,1,0.9003660458298901,NY_PM,3,1.2206065125528287,day_anchor_std,server_midnight,0,1,0,0,TRANSITION_NOISY,TRANSITION_NOISY,TRANSITION
934.95,935.55,934.45,934.95,0,0,0,1,0.9003660458298901,NY_PM,3,1.2206065125528287,day_anchor_std,server_midnight,0,1,0,0,TRANSITION_NOISY,TRANSITION_NOISY,TRANSITION
935.25,935.95,935.05,935.95,0,0,0,1,0.9003660458298901,NY_PM,3,1.2206065125528287,day_anchor_std,server_midnight,0,1,0,0,TRANSITION_NOISY,TRANSITION_NOISY,TRANSITION
935.15,935.2,935.15,935.15,0,0,0,1,0.9003660458298901,NY_PM,3,1.2206065125528287,day_anchor_std,server_midnight,0,1,0,0,TRANSITION_NOISY,TRANSITION_NOISY,TRANSITION
935.25,936.25,935.25,935.85,0,0,0,1,0.9668400615013872,NY_PM,4,1.4803809523809832,day_anchor_std,server_midnight,0,1,0,0,TRANSITION_NOISY,TRANSITION_NOISY,TRANSITION
936.25,936.25,936.15,936.15,0,0,0,1,0.9668400615013872,NY_PM,4,1.4803809523809832,day_anchor_std,server_midnight,0,1,0,0,TRANSITION_NOISY,TRANSITION_NOISY,TRANSITION
935.8,935.8,935.45,935.55,0,0,0,1,0.9668400615013872,NY_PM,4,1.4803809523809832,day_anchor_std,server_midnight,0,1,0,0,TRANSITION_NOISY,TRANSITION_NOISY,TRANSITION
935.65,936.15,935.65,936.15,0,0,0,1,0.9668400615013872,NY_PM,4,1.4803809523809832,day_anchor_std,server_midnight,0,1,0,0,TRANSITION_NOISY,TRANSITION_NOISY,TRANSITION
935.85,936.05,935.85,936.05,0,0,0,1,0.8546375268249918,NY_PM,5,1.5776353276353434,day_anchor_std,server_midnight,0,1,0,0,UNCLASSIFIED,TRANSITION_UNCLASSIFIED,TRANSITION
936.35,936.35,936.35,936.35,0,0,0,1,0.8546375268249918,NY_PM,5,1.5776353276353434,day_anchor_std,server_midnight,0,1,0,0,UNCLASSIFIED,TRANSITION_UNCLASSIFIED,TRANSITION
936.45,937.15,936.45,937.15,0,0,0,2,0.9969136286953608,NY_PM,1,2.4424603174603066,day_anchor_std,server_midnight,0,0,0,1,TREND_STRONG,TREND_STRONG,TREND
937.2,938.85,937.15,938.85,0,0,0,2,0.9969136286953608,NY_PM,1,2.4424603174603066,day_anchor_std,server_midnight,0,0,0,1,TREND_STRONG,TREND_STRONG,TREND
938.75,938.85,938.75,938.85,0,0,0,2,0.9969136286953608,NY_PM,1,2.4424603174603066,day_anchor_std,server_midnight,0,0,0,1,TREND_STRONG,TREND_STRONG,TREND
939.75,940.05,938.1,938.45,0,0,0,1,0.9248547418994963,NY,1,0.5677867902665493,day_anchor_std,server_midnight,1,0,0,0,UNCLASSIFIED,TRANSITION_UNCLASSIFIED,TRANSITION
938.55,939.0,938.05,938.5,0,0,0,1,0.9248547418994963,NY,1,0.5677867902665493,day_anchor_std,server_midnight,1,0,0,0,UNCLASSIFIED,TRANSITION_UNCLASSIFIED,TRANSITION
938.45,938.55,936.9,937.35,0,0,0,1,0.9248547418994963,NY,1,0.5677867902665493,day_anchor_std,server_midnight,1,0,0,0,UNCLASSIFIED,TRANSITION_UNCLASSIFIED,TRANSITION
937.65,937.75,936.15,936.55,0,0,0,1,0.9248547418994963,NY,1,0.5677867902665493,day_anchor_std,server_midnight,1,0,0,0,UNCLASSIFIED,TRANSITION_UNCLASSIFIED,TRANSITION
936.75,936.85,935.8,936.25,0,0,0,1,0.9757089532709217,NY,2,1.4423804609563131,day_anchor_std,server_midnight,0,1,0,0,UNCLASSIFIED,TRANSITION_UNCLASSIFIED,TRANSITION
936.35,936.7,934.05,934.2,0,0,0,1,0.9757089532709217,NY,2,1.4423804609563131,day_anchor_std,server_midnight,0,1,0,0,UNCLASSIFIED,TRANSITION_UNCLASSIFIED,TRANSITION
934.05,934.45,932.45,933.25,0,0,0,1,0.9757089532709217,NY,2,1.4423804609563131,day_anchor_std,server_midnight,0,1,0,0,UNCLASSIFIED,TRANSITION_UNCLASSIFIED,TRANSITION
933.3,933.3,930.55,932.35,0,0,0,1,0.9757089532709217,NY,2,1.4423804609563131,day_anchor_std,server_midnight,0,1,0,0,UNCLASSIFIED,TRANSITION_UNCLASSIFIED,TRANSITION
936.2,936.3,933.65,933.65,0,0,0,1,0.687673861207139,NY,1,0.6581888246628383,day_anchor_std,server_midnight,1,0,0,0,UNCLASSIFIED,TRANSITION_UNCLASSIFIED,TRANSITION
933.95,934.85,932.55,932.75,0,0,0,1,0.687673861207139,NY,1,0.6581888246628383,day_anchor_std,server_midnight,1,0,0,0,UNCLASSIFIED,TRANSITION_UNCLASSIFIED,TRANSITION
932.65,932.75,931.55,931.55,0,0,0,1,0.687673861207139,NY,1,0.6581888246628383,day_anchor_std,server_midnight,1,0,0,0,UNCLASSIFIED,TRANSITION_UNCLASSIFIED,TRANSITION
931.75,933.35,931.55,932.15,0,0,0,1,0.687673861207139,NY,1,0.6581888246628383,day_anchor_std,server_midnight,1,0,0,0,UNCLASSIFIED,TRANSITION_UNCLASSIFIED,TRANSITION
928.45,928.45,925.95,926.75,0,0,0,2,0.7197667312988401,NY_PM,2,1.6752136752136821,day_anchor_std,server_midnight,0,0,0,1,TREND_STRONG,TREND_STRONG,TREND
926.6,928.05,926.6,926.65,0,0,0,2,0.7197667312988401,NY_PM,2,1.6752136752136821,day_anchor_std,server_midnight,0,0,0,1,TREND_STRONG,TREND_STRONG,TREND
926.9,928.95,926.9,927.95,0,0,0,2,0.7197667312988401,NY_PM,2,1.6752136752136821,day_anchor_std,server_midnight,0,0,0,1,TREND_STRONG,TREND_STRONG,TREND
928.0,928.0,926.45,926.75,0,0,0,2,0.7197667312988401,NY_PM,2,1.6752136752136821,day_anchor_std,server_midnight,0,0,0,1,TREND_STRONG,TREND_STRONG,TREND
926.55,926.75,925.25,925.75,0,0,0,2,0.7583508351320657,NY_PM,3,1.65044606650447,day_anchor_std,server_midnight,0,0,0,1,TREND_STRONG,TREND_STRONG,TREND
925.65,926.35,925.5,926.3,0,0,0,2,0.7583508351320657,NY_PM,3,1.65044606650447,day_anchor_std,server_midnight,0,0,0,1,TREND_STRONG,TREND_STRONG,TREND
926.45,926.95,925.55,926.4,0,0,0,2,0.7583508351320657,NY_PM,3,1.65044606650447,day_anchor_std,server_midnight,0,0,0,1,TREND_STRONG,TREND_STRONG,TREND
925.3,925.95,925.3,925.95,0,0,0,1,0.6432505161236363,NY_PM,1,1.7859806114839287,day_anchor_std,server_midnight,0,1,0,0,UNCLASSIFIED,TRANSITION_UNCLASSIFIED,TRANSITION
925.45,925.45,925.45,925.45,0,0,0,1,0.9979631163563927,NY_PM,2,2.021235909822854,day_anchor_std,server_midnight,0,1,0,0,TRANSITION_NOISY,TRANSITION_NOISY,TRANSITION
925.45,925.45,925.45,925.45,0,0,0,1,0.9979631163563927,NY_PM,2,2.021235909822854,day_anchor_std,server_midnight,0,1,0,0,TRANSITION_NOISY,TRANSITION_NOISY,TRANSITION
925.94,925.94,925.94,925.94,0,0,0,1,0.9979631163563927,NY_PM,2,2.021235909822854,day_anchor_std,server_midnight,0,1,0,0,TRANSITION_NOISY,TRANSITION_NOISY,TRANSITION
925.35,925.35,925.35,925.35,0,0,0,1,0.9979631163563927,NY_PM,2,2.021235909822854,day_anchor_std,server_midnight,0,1,0,0,TRANSITION_NOISY,TRANSITION_NOISY,TRANSITION
923.65,923.65,923.65,923.65,0,0,0,1,0.9968051986504695,NY_PM,3,2.4848027375201154,day_anchor_std,server_midnight,0,1,0,0,TRANSITION_NOISY,TRANSITION_NOISY,TRANSITION
924.45,924.45,924.45,924.45,0,0,0,1,0.9968051986504695,NY_PM,3,2.4848027375201154,day_anchor_std,server_midnight,0,1,0,0,TRANSITION_NOISY,TRANSITION_NOISY,TRANSITION
924.75,924.75,924.45,924.45,0,0,0,1,0.9968051986504695,NY_PM,3,2.4848027375201154,day_anchor_std,server_midnight,0,1,0,0,TRANSITION_NOISY,TRANSITION_NOISY,TRANSITION
921.7,921.85,921.7,921.85,0,0,0,1,0.999399919652143,NY,4,0.2153846153846414,day_anchor_std,server_midnight,1,0,0,0,TRANSITION_NOISY,TRANSITION_NOISY,TRANSITION
921.95,923.55,921.95,923.45,0,0,0,1,0.999399919652143,NY,4,0.2153846153846414,day_anchor_std,server_midnight,1,0,0,0,TRANSITION_NOISY,TRANSITION_NOISY,TRANSITION
919.8,921.0,919.5,920.55,0,0,0,1,0.9997404287926271,NY,6,0.2033405954974114,day_anchor_std,server_midnight,1,0,0,0,TRANSITION_NOISY,TRANSITION_NOISY,TRANSITION
920.45,922.85,920.45,922.55,0,0,0,1,0.9997404287926271,NY,6,0.2033405954974114,day_anchor_std,server_midnight,1,0,0,0,TRANSITION_NOISY,TRANSITION_NOISY,TRANSITION
922.45,923.15,921.45,921.65,0,0,0,1,0.9997404287926271,NY,6,0.2033405954974114,day_anchor_std,server_midnight,1,0,0,0,TRANSITION_NOISY,TRANSITION_NOISY,TRANSITION
921.45,922.55,921.45,922.05,0,0,0,1,0.9997404287926271,NY,6,0.2033405954974114,day_anchor_std,server_midnight,1,0,0,0,TRANSITION_NOISY,TRANSITION_NOISY,TRANSITION
921.95,923.05,921.95,922.05,0,0,0,1,0.9989875733633578,NY,7,0.4581818181818234,day_anchor_std,server_midnight,1,0,0,0,TRANSITION_NOISY,TRANSITION_NOISY,TRANSITION
921.95,921.95,920.15,920.35,0,0,0,1,0.9989875733633578,NY,7,0.4581818181818234,day_anchor_std,server_midnight,1,0,0,0,TRANSITION_NOISY,TRANSITION_NOISY,TRANSITION
920.5,922.85,920.5,922.65,0,0,0,1,0.9989875733633578,NY,7,0.4581818181818234,day_anchor_std,server_midnight,1,0,0,0,TRANSITION_NOISY,TRANSITION_NOISY,TRANSITION
922.55,923.45,922.45,922.85,0,0,0,1,0.9989875733633578,NY,7,0.4581818181818234,day_anchor_std,server_midnight,1,0,0,0,TRANSITION_NOISY,TRANSITION_NOISY,TRANSITION
922.8,923.05,922.0,922.05,0,0,0,1,0.9996863560692709,NY_PM,8,0.04325994592506493,day_anchor_std,server_midnight,1,0,0,0,TRANSITION_NOISY,TRANSITION_NOISY,TRANSITION
922.15,922.25,921.45,921.95,0,0,0,1,0.9996863560692709,NY_PM,8,0.04325994592506493,day_anchor_std,server_midnight,1,0,0,0,TRANSITION_NOISY,TRANSITION_NOISY,TRANSITION
922.05,922.45,922.05,922.35,0,0,0,1,0.9996863560692709,NY_PM,8,0.04325994592506493,day_anchor_std,server_midnight,1,0,0,0,TRANSITION_NOISY,TRANSITION_NOISY,TRANSITION
922.0,922.0,920.45,921.55,0,0,0,1,0.9996863560692709,NY_PM,8,0.04325994592506493,day_anchor_std,server_midnight,1,0,0,0,TRANSITION_NOISY,TRANSITION_NOISY,TRANSITION
924.95,924.95,923.95,924.9,0,0,0,0,0.8829172578835969,NY_PM,1,1.22866344605478,day_anchor_std,server_midnight,0,0,1,0,BALANCE_LEAKING,BALANCE_LEAKING,BALANCE
925.15,925.15,925.15,925.15,0,0,0,0,0.8829172578835969,NY_PM,1,1.22866344605478,day_anchor_std,server_midnight,0,0,1,0,BALANCE_LEAKING,BALANCE_LEAKING,BALANCE
925.25,925.45,925.25,925.45,0,0,0,0,0.8829172578835969,NY_PM,1,1.22866344605478,day_anchor_std,server_midnight,0,0,1,0,BALANCE_LEAKING,BALANCE_LEAKING,BALANCE
925.45,925.45,925.45,925.45,0,0,0,0,0.8829172578835969,NY_PM,1,1.22866344605478,day_anchor_std,server_midnight,0,0,1,0,BALANCE_LEAKING,BALANCE_LEAKING,BALANCE
925.45,925.45,925.45,925.45,0,0,0,0,0.790727844313388,NY_PM,2,1.3233830845771544,day_anchor_std,server_midnight,0,0,1,0,UNCLASSIFIED,BALANCE_UNCLASSIFIED,BALANCE
925.25,925.25,925.25,925.25,0,0,0,0,0.790727844313388,NY_PM,2,1.3233830845771544,day_anchor_std,server_midnight,0,0,1,0,UNCLASSIFIED,BALANCE_UNCLASSIFIED,BALANCE
925.45,925.45,925.45,925.45,0,0,0,0,0.790727844313388,NY_PM,2,1.3233830845771544,day_anchor_std,server_midnight,0,0,1,0,UNCLASSIFIED,BALANCE_UNCLASSIFIED,BALANCE
921.1,921.1,920.8,920.8,0,0,0,1,0.7845230259029692,NY,1,0.24756852343061878,day_anchor_std,server_midnight,1,0,0,0,UNCLASSIFIED,TRANSITION_UNCLASSIFIED,TRANSITION
920.75,920.75,919.1,919.1,0,0,0,1,0.7845230259029692,NY,1,0.24756852343061878,day_anchor_std,server_midnight,1,0,0,0,UNCLASSIFIED,TRANSITION_UNCLASSIFIED,TRANSITION
919.15,919.15,918.2,918.55,0,0,0,1,0.6983780489158793,NY,2,0.1682539682539441,day_anchor_std,server_midnight,1,0,0,0,UNCLASSIFIED,TRANSITION_UNCLASSIFIED,TRANSITION
918.6,919.05,918.25,918.25,0,0,0,1,0.6983780489158793,NY,2,0.1682539682539441,day_anchor_std,server_midnight,1,0,0,0,UNCLASSIFIED,TRANSITION_UNCLASSIFIED,TRANSITION
918.3,919.25,918.3,919.25,0,0,0,1,0.6983780489158793,NY,2,0.1682539682539441,day_anchor_std,server_midnight,1,0,0,0,UNCLASSIFIED,TRANSITION_UNCLASSIFIED,TRANSITION
919.3,920.25,918.9,920.25,0,0,0,1,0.6983780489158793,NY,2,0.1682539682539441,day_anchor_std,server_midnight,1,0,0,0,UNCLASSIFIED,TRANSITION_UNCLASSIFIED,TRANSITION
920.15,921.15,920.1,920.85,0,0,0,1,0.7863089542213517,NY,3,0.16771488469606333,day_anchor_std,server_midnight,1,0,0,0,UNCLASSIFIED,TRANSITION_UNCLASSIFIED,TRANSITION
920.9,921.35,920.25,920.65,0,0,0,1,0.7863089542213517,NY,3,0.16771488469606333,day_anchor_std,server_midnight,1,0,0,0,UNCLASSIFIED,TRANSITION_UNCLASSIFIED,TRANSITION
920.95,920.95,919.75,919.85,0,0,0,1,0.7863089542213517,NY,3,0.16771488469606333,day_anchor_std,server_midnight,1,0,0,0,UNCLASSIFIED,TRANSITION_UNCLASSIFIED,TRANSITION
919.95,920.25,919.3,919.3,0,0,0,1,0.7863089542213517,NY,3,0.16771488469606333,day_anchor_std,server_midnight,1,0,0,0,UNCLASSIFIED,TRANSITION_UNCLASSIFIED,TRANSITION
923.25,924.55,923.05,923.25,0,0,0,1,0.49709334997712185,NY_PM,1,0.7428833792470642,day_anchor_std,server_midnight,1,0,0,0,UNCLASSIFIED,TRANSITION_UNCLASSIFIED,TRANSITION
923.55,924.3,922.9,924.25,0,0,0,1,0.49709334997712185,NY_PM,1,0.7428833792470642,day_anchor_std,server_midnight,1,0,0,0,UNCLASSIFIED,TRANSITION_UNCLASSIFIED,TRANSITION
923.95,924.25,923.15,923.15,0,0,0,1,0.49709334997712185,NY_PM,1,0.7428833792470642,day_anchor_std,server_midnight,1,0,0,0,UNCLASSIFIED,TRANSITION_UNCLASSIFIED,TRANSITION
923.15,924.2,922.75,922.95,0,0,0,1,0.49709334997712185,NY_PM,1,0.7428833792470642,day_anchor_std,server_midnight,1,0,0,0,UNCLASSIFIED,TRANSITION_UNCLASSIFIED,TRANSITION
922.1,922.1,921.95,922.1,0,0,0,1,0.9975455224452878,NY_PM,1,0.7590554791380856,day_anchor_std,server_midnight,1,0,0,0,UNCLASSIFIED,TRANSITION_UNCLASSIFIED,TRANSITION
922.95,923.05,922.95,922.95,0,0,0,1,0.9975455224452878,NY_PM,1,0.7590554791380856,day_anchor_std,server_midnight,1,0,0,0,UNCLASSIFIED,TRANSITION_UNCLASSIFIED,TRANSITION
922.45,922.95,922.45,922.95,0,0,0,1,0.9975455224452878,NY_PM,1,0.7590554791380856,day_anchor_std,server_midnight,1,0,0,0,UNCLASSIFIED,TRANSITION_UNCLASSIFIED,TRANSITION
918.95,919.35,918.25,918.5,0,0,0,1,0.7598059242837416,NY,1,0.08230452674894316,day_anchor_std,server_midnight,1,0,0,0,UNCLASSIFIED,TRANSITION_UNCLASSIFIED,TRANSITION
915.5,915.65,915.05,915.35,0,0,0,1,0.7560890985405514,NY,3,0.30030030030027866,day_anchor_std,server_midnight,1,0,0,0,TRANSITION_NOISY,TRANSITION_NOISY,TRANSITION
915.4,915.95,915.2,915.9,0,0,0,1,0.7560890985405514,NY,3,0.30030030030027866,day_anchor_std,server_midnight,1,0,0,0,TRANSITION_NOISY,TRANSITION_NOISY,TRANSITION
915.85,916.5,915.35,916.5,0,0,0,1,0.7560890985405514,NY,3,0.30030030030027866,day_anchor_std,server_midnight,1,0,0,0,TRANSITION_NOISY,TRANSITION_NOISY,TRANSITION
917.0,917.0,915.95,916.85,0,0,0,1,0.7560890985405514,NY,3,0.30030030030027866,day_anchor_std,server_midnight,1,0,0,0,TRANSITION_NOISY,TRANSITION_NOISY,TRANSITION
917.05,917.55,916.5,916.5,0,0,0,1,0.843769857525781,NY,4,1.2125378058839575,day_anchor_std,server_midnight,0,1,0,0,UNCLASSIFIED,TRANSITION_UNCLASSIFIED,TRANSITION
916.6,917.75,916.6,916.85,0,0,0,1,0.843769857525781,NY,4,1.2125378058839575,day_anchor_std,server_midnight,0,1,0,0,UNCLASSIFIED,TRANSITION_UNCLASSIFIED,TRANSITION
916.85,916.85,915.05,915.05,0,0,0,1,0.843769857525781,NY,4,1.2125378058839575,day_anchor_std,server_midnight,0,1,0,0,UNCLASSIFIED,TRANSITION_UNCLASSIFIED,TRANSITION
914.75,914.75,913.55,913.95,0,0,0,1,0.843769857525781,NY,4,1.2125378058839575,day_anchor_std,server_midnight,0,1,0,0,UNCLASSIFIED,TRANSITION_UNCLASSIFIED,TRANSITION
913.9,915.55,913.9,915.25,0,0,0,1,0.8803473122693201,NY_PM,5,0.6063557150179185,day_anchor_std,server_midnight,1,0,0,0,UNCLASSIFIED,TRANSITION_UNCLASSIFIED,TRANSITION
915.15,915.15,913.9,914.1,0,0,0,1,0.8803473122693201,NY_PM,5,0.6063557150179185,day_anchor_std,server_midnight,1,0,0,0,UNCLASSIFIED,TRANSITION_UNCLASSIFIED,TRANSITION
914.15,914.25,912.7,913.4,0,0,0,1,0.8803473122693201,NY_PM,5,0.6063557150179185,day_anchor_std,server_midnight,1,0,0,0,UNCLASSIFIED,TRANSITION_UNCLASSIFIED,TRANSITION
913.3,915.15,913.15,915.15,0,0,0,1,0.8803473122693201,NY_PM,5,0.6063557150179185,day_anchor_std,server_midnight,1,0,0,0,UNCLASSIFIED,TRANSITION_UNCLASSIFIED,TRANSITION
915.2,917.95,915.2,917.15,0,0,0,1,0.8339935935458025,NY_PM,6,0.14796434151268187,day_anchor_std,server_midnight,1,0,0,0,UNCLASSIFIED,TRANSITION_UNCLASSIFIED,TRANSITION
917.25,917.25,915.7,915.85,0,0,0,1,0.8339935935458025,NY_PM,6,0.14796434151268187,day_anchor_std,server_midnight,1,0,0,0,UNCLASSIFIED,TRANSITION_UNCLASSIFIED,TRANSITION
915.65,916.95,915.4,915.8,0,0,0,1,0.8339935935458025,NY_PM,6,0.14796434151268187,day_anchor_std,server_midnight,1,0,0,0,UNCLASSIFIED,TRANSITION_UNCLASSIFIED,TRANSITION
915.46,916.35,914.35,916.35,0,0,0,1,0.8339935935458025,NY_PM,6,0.14796434151268187,day_anchor_std,server_midnight,1,0,0,0,UNCLASSIFIED,TRANSITION_UNCLASSIFIED,TRANSITION
916.3,916.3,916.3,916.3,0,0,0,1,0.9643544558722323,NY_PM,7,0.06734964902297222,day_anchor_std,server_midnight,1,0,0,0,TRANSITION_NOISY,TRANSITION_NOISY,TRANSITION
916.22,916.22,916.22,916.22,0,0,0,1,0.9643544558722323,NY_PM,7,0.06734964902297222,day_anchor_std,server_midnight,1,0,0,0,TRANSITION_NOISY,TRANSITION_NOISY,TRANSITION
916.7,917.14,916.45,916.85,0,0,0,1,0.9643544558722323,NY_PM,7,0.06734964902297222,day_anchor_std,server_midnight,1,0,0,0,TRANSITION_NOISY,TRANSITION_NOISY,TRANSITION
916.4,916.4,916.4,916.4,0,0,0,2,0.928758051093557,NY_PM,1,0.46003672562090514,day_anchor_std,server_midnight,0,0,0,1,TREND_FRAGILE,TREND_FRAGILE,TREND
916.4,916.45,915.76,915.76,0,0,0,2,0.928758051093557,NY_PM,1,0.46003672562090514,day_anchor_std,server_midnight,0,0,0,1,TREND_FRAGILE,TREND_FRAGILE,TREND
915.5,915.5,915.45,915.45,0,0,0,2,0.928758051093557,NY_PM,1,0.46003672562090514,day_anchor_std,server_midnight,0,0,0,1,TREND_FRAGILE,TREND_FRAGILE,TREND
915.15,915.15,913.2,913.2,0,0,0,2,0.9886946402613962,NY_PM,2,1.2062479274581226,day_anchor_std,server_midnight,0,0,0,1,UNCLASSIFIED,TREND_UNCLASSIFIED,TREND
913.2,913.8,913.2,913.45,0,0,0,2,0.9886946402613962,NY_PM,2,1.2062479274581226,day_anchor_std,server_midnight,0,0,0,1,UNCLASSIFIED,TREND_UNCLASSIFIED,TREND
913.45,913.65,913.25,913.65,0,0,0,2,0.9886946402613962,NY_PM,2,1.2062479274581226,day_anchor_std,server_midnight,0,0,0,1,UNCLASSIFIED,TREND_UNCLASSIFIED,TREND
913.15,913.15,911.15,911.75,0,0,0,1,0.9346489362799512,NY,2,0.2340901662014837,day_anchor_std,server_midnight,1,0,0,0,TRANSITION_NOISY,TRANSITION_NOISY,TRANSITION
911.95,913.2,911.75,911.95,0,0,0,1,0.9346489362799512,NY,2,0.2340901662014837,day_anchor_std,server_midnight,1,0,0,0,TRANSITION_NOISY,TRANSITION_NOISY,TRANSITION
912.05,912.45,908.45,909.25,0,0,0,1,0.9346489362799512,NY,2,0.2340901662014837,day_anchor_std,server_midnight,1,0,0,0,TRANSITION_NOISY,TRANSITION_NOISY,TRANSITION
909.05,909.95,908.45,909.45,0,0,0,1,0.9346489362799512,NY,2,0.2340901662014837,day_anchor_std,server_midnight,1,0,0,0,TRANSITION_NOISY,TRANSITION_NOISY,TRANSITION
909.4,910.1,907.95,909.45,0,0,0,1,0.872371164964552,NY,3,0.5592033267673612,day_anchor_std,server_midnight,1,0,0,0,TRANSITION_NOISY,TRANSITION_NOISY,TRANSITION
909.25,910.55,909.25,910.15,0,0,0,1,0.872371164964552,NY,3,0.5592033267673612,day_anchor_std,server_midnight,1,0,0,0,TRANSITION_NOISY,TRANSITION_NOISY,TRANSITION
910.2,910.2,909.25,909.25,0,0,0,1,0.872371164964552,NY,3,0.5592033267673612,day_anchor_std,server_midnight,1,0,0,0,TRANSITION_NOISY,TRANSITION_NOISY,TRANSITION
909.35,910.05,908.0,908.3,0,0,0,1,0.872371164964552,NY,3,0.5592033267673612,day_anchor_std,server_midnight,1,0,0,0,TRANSITION_NOISY,TRANSITION_NOISY,TRANSITION
908.55,909.25,905.95,907.25,0,0,0,1,0.9907212073794066,NY_PM,4,1.2494594063298559,day_anchor_std,server_midnight,0,1,0,0,UNCLASSIFIED,TRANSITION_UNCLASSIFIED,TRANSITION
907.15,907.85,907.05,907.1,0,0,0,1,0.9907212073794066,NY_PM,4,1.2494594063298559,day_anchor_std,server_midnight,0,1,0,0,UNCLASSIFIED,TRANSITION_UNCLASSIFIED,TRANSITION
907.05,907.05,903.55,903.75,0,0,0,1,0.9907212073794066,NY_PM,4,1.2494594063298559,day_anchor_std,server_midnight,0,1,0,0,UNCLASSIFIED,TRANSITION_UNCLASSIFIED,TRANSITION
903.8,905.95,903.45,905.05,0,0,0,1,0.9907212073794066,NY_PM,4,1.2494594063298559,day_anchor_std,server_midnight,0,1,0,0,UNCLASSIFIED,TRANSITION_UNCLASSIFIED,TRANSITION
905.6,905.85,905.45,905.85,0,0,0,1,0.9888082710874351,NY_PM,6,1.2299000434593899,day_anchor_std,server_midnight,0,1,0,0,TRANSITION_NOISY,TRANSITION_NOISY,TRANSITION
905.35,905.6,905.0,905.6,0,0,0,1,0.9888082710874351,NY_PM,6,1.2299000434593899,day_anchor_std,server_midnight,0,1,0,0,TRANSITION_NOISY,TRANSITION_NOISY,TRANSITION
905.15,905.2,904.95,904.95,0,0,0,1,0.9888082710874351,NY_PM,6,1.2299000434593899,day_anchor_std,server_midnight,0,1,0,0,TRANSITION_NOISY,TRANSITION_NOISY,TRANSITION
904.96,904.96,904.96,904.96,0,0,0,1,0.9888082710874351,NY_PM,6,1.2299000434593899,day_anchor_std,server_midnight,0,1,0,0,TRANSITION_NOISY,TRANSITION_NOISY,TRANSITION
904.75,904.85,904.75,904.85,0,0,0,1,0.9893991135586696,NY_PM,7,1.4548927962015128,day_anchor_std,server_midnight,0,1,0,0,TRANSITION_NOISY,TRANSITION_NOISY,TRANSITION
904.85,904.85,904.85,904.85,0,0,0,1,0.9893991135586696,NY_PM,7,1.4548927962015128,day_anchor_std,server_midnight,0,1,0,0,TRANSITION_NOISY,TRANSITION_NOISY,TRANSITION
904.25,904.45,904.1,904.1,0,0,0,1,0.9893991135586696,NY_PM,7,1.4548927962015128,day_anchor_std,server_midnight,0,1,0,0,TRANSITION_NOISY,TRANSITION_NOISY,TRANSITION
904.1,904.1,904.1,904.1,0,0,0,1,0.9893991135586696,NY_PM,7,1.4548927962015128,day_anchor_std,server_midnight,0,1,0,0,TRANSITION_NOISY,TRANSITION_NOISY,TRANSITION
904.1,904.1,904.1,904.1,0,0,0,1,0.9974344543248769,NY_PM,8,1.4041852388880192,day_anchor_std,server_midnight,0,1,0,0,TRANSITION_NOISY,TRANSITION_NOISY,TRANSITION
904.1,904.1,904.1,904.1,0,0,0,1,0.9974344543248769,NY_PM,8,1.4041852388880192,day_anchor_std,server_midnight,0,1,0,0,TRANSITION_NOISY,TRANSITION_NOISY,TRANSITION
904.75,904.75,904.75,904.75,0,0,0,1,0.9974344543248769,NY_PM,8,1.4041852388880192,day_anchor_std,server_midnight,0,1,0,0,TRANSITION_NOISY,TRANSITION_NOISY,TRANSITION
904.45,904.45,904.45,904.45,0,0,0,1,0.9974344543248769,NY_PM,8,1.4041852388880192,day_anchor_std,server_midnight,0,1,0,0,TRANSITION_NOISY,TRANSITION_NOISY,TRANSITION
901.25,901.45,901.25,901.4,0,0,0,1,0.9973521459376754,NY,9,0.27267668336121426,day_anchor_std,server_midnight,1,0,0,0,TRANSITION_NOISY,TRANSITION_NOISY,TRANSITION
901.1,903.9,901.05,903.7,0,0,0,1,0.9973521459376754,NY,9,0.27267668336121426,day_anchor_std,server_midnight,1,0,0,0,TRANSITION_NOISY,TRANSITION_NOISY,TRANSITION
903.3,907.55,903.2,907.35,0,0,0,1,0.9441117381956435,NY,10,0.3006872852233945,day_anchor_std,server_midnight,1,0,0,0,TRANSITION_NOISY,TRANSITION_NOISY,TRANSITION
907.55,907.55,905.7,905.95,0,0,0,1,0.9441117381956435,NY,10,0.3006872852233945,day_anchor_std,server_midnight,1,0,0,0,TRANSITION_NOISY,TRANSITION_NOISY,TRANSITION
905.75,906.75,904.35,906.55,0,0,0,1,0.9441117381956435,NY,10,0.3006872852233945,day_anchor_std,server_midnight,1,0,0,0,TRANSITION_NOISY,TRANSITION_NOISY,TRANSITION
906.95,907.35,904.45,904.55,0,0,0,1,0.9441117381956435,NY,10,0.3006872852233945,day_anchor_std,server_midnight,1,0,0,0,TRANSITION_NOISY,TRANSITION_NOISY,TRANSITION
904.75,904.9,902.55,903.85,0,0,0,1,0.9664129924840348,NY,11,0.5052005943536224,day_anchor_std,server_midnight,1,0,0,0,TRANSITION_NOISY,TRANSITION_NOISY,TRANSITION
903.65,903.75,900.95,901.2,0,0,0,1,0.9664129924840348,NY,11,0.5052005943536224,day_anchor_std,server_midnight,1,0,0,0,TRANSITION_NOISY,TRANSITION_NOISY,TRANSITION
901.05,902.25,899.55,902.25,0,0,0,1,0.9664129924840348,NY,11,0.5052005943536224,day_anchor_std,server_midnight,1,0,0,0,TRANSITION_NOISY,TRANSITION_NOISY,TRANSITION
902.05,902.75,901.35,901.7,0,0,0,1,0.9664129924840348,NY,11,0.5052005943536224,day_anchor_std,server_midnight,1,0,0,0,TRANSITION_NOISY,TRANSITION_NOISY,TRANSITION
902.0,903.4,901.95,902.15,0,0,0,1,0.9935202072263385,NY,12,1.2894619120654176,day_anchor_std,server_midnight,0,1,0,0,TRANSITION_NOISY,TRANSITION_NOISY,TRANSITION
902.25,902.55,901.45,901.45,0,0,0,1,0.9935202072263385,NY,12,1.2894619120654176,day_anchor_std,server_midnight,0,1,0,0,TRANSITION_NOISY,TRANSITION_NOISY,TRANSITION
901.55,902.15,900.25,900.25,0,0,0,1,0.9935202072263385,NY,12,1.2894619120654176,day_anchor_std,server_midnight,0,1,0,0,TRANSITION_NOISY,TRANSITION_NOISY,TRANSITION
900.15,900.15,896.95,897.95,0,0,0,1,0.9935202072263385,NY,12,1.2894619120654176,day_anchor_std,server_midnight,0,1,0,0,TRANSITION_NOISY,TRANSITION_NOISY,TRANSITION
898.15,900.9,898.15,899.55,0,0,0,1,0.9975193568423082,NY_PM,12,1.202465834818764,day_anchor_std,server_midnight,0,1,0,0,UNCLASSIFIED,TRANSITION_UNCLASSIFIED,TRANSITION
899.45,900.35,898.55,899.75,0,0,0,1,0.9975193568423082,NY_PM,12,1.202465834818764,day_anchor_std,server_midnight,0,1,0,0,UNCLASSIFIED,TRANSITION_UNCLASSIFIED,TRANSITION
899.95,900.1,899.55,899.75,0,0,0,1,0.9975193568423082,NY_PM,12,1.202465834818764,day_anchor_std,server_midnight,0,1,0,0,UNCLASSIFIED,TRANSITION_UNCLASSIFIED,TRANSITION
899.5,899.5,897.55,897.55,0,0,0,1,0.9975193568423082,NY_PM,12,1.202465834818764,day_anchor_std,server_midnight,0,1,0,0,UNCLASSIFIED,TRANSITION_UNCLASSIFIED,TRANSITION
897.95,899.45,897.7,899.45,0,0,0,1,0.9745151071285642,NY_PM,12,1.2596859356785104,day_anchor_std,server_midnight,0,1,0,0,UNCLASSIFIED,TRANSITION_UNCLASSIFIED,TRANSITION
899.85,899.85,898.2,898.2,0,0,0,1,0.9745151071285642,NY_PM,12,1.2596859356785104,day_anchor_std,server_midnight,0,1,0,0,UNCLASSIFIED,TRANSITION_UNCLASSIFIED,TRANSITION
897.45,897.45,897.45,897.45,0,0,0,1,0.9745151071285642,NY_PM,12,1.2596859356785104,day_anchor_std,server_midnight,0,1,0,0,UNCLASSIFIED,TRANSITION_UNCLASSIFIED,TRANSITION
899.45,899.45,899.45,899.45,0,0,0,2,0.9616349820762204,NY_PM,1,1.3804457953394091,day_anchor_std,server_midnight,0,0,0,1,TREND_STRONG,TREND_STRONG,TREND
898.51,898.51,897.45,898.25,0,0,0,2,0.9616349820762204,NY_PM,1,1.3804457953394091,day_anchor_std,server_midnight,0,0,0,1,TREND_STRONG,TREND_STRONG,TREND
897.45,897.45,897.45,897.45,0,0,0,2,0.9616349820762204,NY_PM,1,1.3804457953394091,day_anchor_std,server_midnight,0,0,0,1,TREND_STRONG,TREND_STRONG,TREND
898.15,898.15,897.1,897.1,0,0,0,2,0.9616349820762204,NY_PM,1,1.3804457953394091,day_anchor_std,server_midnight,0,0,0,1,TREND_STRONG,TREND_STRONG,TREND
896.15,897.45,896.05,897.45,0,0,0,2,0.8989965813142287,NY_PM,1,1.0183304144774943,day_anchor_std,server_midnight,0,0,0,1,TREND_STRONG,TREND_STRONG,TREND
897.2,897.2,893.95,895.55,0,0,0,2,0.8989965813142287,NY_PM,1,1.0183304144774943,day_anchor_std,server_midnight,0,0,0,1,TREND_STRONG,TREND_STRONG,TREND
895.4,896.4,895.35,895.55,0,0,0,2,0.8989965813142287,NY_PM,1,1.0183304144774943,day_anchor_std,server_midnight,0,0,0,1,TREND_STRONG,TREND_STRONG,TREND
894.95,894.95,893.5,894.45,0,0,0,2,0.8989965813142287,NY_PM,1,1.0183304144774943,day_anchor_std,server_midnight,0,0,0,1,TREND_STRONG,TREND_STRONG,TREND
893.95,893.95,889.05,889.45,0,0,0,2,0.9196997120569264,NY_PM,2,1.6933003844041623,day_anchor_std,server_midnight,0,0,0,1,TREND_STRONG,TREND_STRONG,TREND
889.55,889.85,887.45,887.55,0,0,0,2,0.9196997120569264,NY_PM,2,1.6933003844041623,day_anchor_std,server_midnight,0,0,0,1,TREND_STRONG,TREND_STRONG,TREND
887.7,890.55,887.7,889.85,0,0,0,2,0.9196997120569264,NY_PM,2,1.6933003844041623,day_anchor_std,server_midnight,0,0,0,1,TREND_STRONG,TREND_STRONG,TREND
890.2,891.45,890.2,890.45,0,0,0,2,0.9196997120569264,NY_PM,2,1.6933003844041623,day_anchor_std,server_midnight,0,0,0,1,TREND_STRONG,TREND_STRONG,TREND
890.25,891.22,889.2,890.3,0,0,0,1,0.973032187305173,NY_PM,1,1.5647307406772932,day_anchor_std,server_midnight,0,1,0,0,TRANSITION_NOISY,TRANSITION_NOISY,TRANSITION
890.95,890.95,889.9,890.95,0,0,0,1,0.973032187305173,NY_PM,1,1.5647307406772932,day_anchor_std,server_midnight,0,1,0,0,TRANSITION_NOISY,TRANSITION_NOISY,TRANSITION
890.7,890.7,890.7,890.7,0,0,0,1,0.973032187305173,NY_PM,1,1.5647307406772932,day_anchor_std,server_midnight,0,1,0,0,TRANSITION_NOISY,TRANSITION_NOISY,TRANSITION
891.45,891.45,891.45,891.45,0,0,0,2,0.9926523097342573,NY_PM,1,1.7504279775006037,day_anchor_std,server_midnight,0,0,0,1,TREND_FRAGILE,TREND_FRAGILE,TREND
891.25,891.25,891.25,891.25,0,0,0,2,0.9926523097342573,NY_PM,1,1.7504279775006037,day_anchor_std,server_midnight,0,0,0,1,TREND_FRAGILE,TREND_FRAGILE,TREND
889.95,889.95,889.95,889.95,0,0,0,2,0.9926523097342573,NY_PM,1,1.7504279775006037,day_anchor_std,server_midnight,0,0,0,1,TREND_FRAGILE,TREND_FRAGILE,TREND
886.85,886.85,885.45,885.45,0,0,0,2,0.9817221268341894,NY_PM,6,1.6599722574030433,day_anchor_std,server_midnight,0,0,0,1,UNCLASSIFIED,TREND_UNCLASSIFIED,TREND
884.95,884.95,881.65,882.55,0,0,0,2,0.9817221268341894,NY_PM,6,1.6599722574030433,day_anchor_std,server_midnight,0,0,0,1,UNCLASSIFIED,TREND_UNCLASSIFIED,TREND
882.75,883.4,881.45,883.4,0,0,0,2,0.9817221268341894,NY_PM,6,1.6599722574030433,day_anchor_std,server_midnight,0,0,0,1,UNCLASSIFIED,TREND_UNCLASSIFIED,TREND
883.55,883.55,882.05,882.25,0,0,0,2,0.9817221268341894,NY_PM,6,1.6599722574030433,day_anchor_std,server_midnight,0,0,0,1,UNCLASSIFIED,TREND_UNCLASSIFIED,TREND
882.75,883.75,882.6,883.35,0,0,0,2,0.9828294436867167,NY_PM,7,0.44654583661676517,day_anchor_std,server_midnight,0,0,0,1,UNCLASSIFIED,TREND_UNCLASSIFIED,TREND
883.45,883.45,882.75,883.45,0,0,0,2,0.9828294436867167,NY_PM,7,0.44654583661676517,day_anchor_std,server_midnight,0,0,0,1,UNCLASSIFIED,TREND_UNCLASSIFIED,TREND
883.55,886.45,883.55,886.05,0,0,0,2,0.9828294436867167,NY_PM,7,0.44654583661676517,day_anchor_std,server_midnight,0,0,0,1,UNCLASSIFIED,TREND_UNCLASSIFIED,TREND
885.95,887.15,885.7,886.65,0,0,0,2,0.9828294436867167,NY_PM,7,0.44654583661676517,day_anchor_std,server_midnight,0,0,0,1,UNCLASSIFIED,TREND_UNCLASSIFIED,TREND
886.45,888.45,886.45,888.45,0,0,0,2,0.9575266882593231,NY_PM,8,0.15501244625479527,day_anchor_std,server_midnight,0,0,0,1,TREND_FRAGILE,TREND_FRAGILE,TREND
888.95,889.95,887.45,887.45,0,0,0,2,0.9575266882593231,NY_PM,8,0.15501244625479527,day_anchor_std,server_midnight,0,0,0,1,TREND_FRAGILE,TREND_FRAGILE,TREND
886.75,886.75,886.75,886.75,0,0,0,2,0.9575266882593231,NY_PM,8,0.15501244625479527,day_anchor_std,server_midnight,0,0,0,1,TREND_FRAGILE,TREND_FRAGILE,TREND
886.45,887.75,886.45,887.75,0,0,0,2,0.9575266882593231,NY_PM,8,0.15501244625479527,day_anchor_std,server_midnight,0,0,0,1,TREND_FRAGILE,TREND_FRAGILE,TREND
887.3,887.3,887.3,887.3,0,0,0,2,0.7919351520750889,NY_PM,9,0.2829171905873896,day_anchor_std,server_midnight,0,0,0,1,TREND_FRAGILE,TREND_FRAGILE,TREND
887.3,887.3,887.15,887.15,0,0,0,2,0.7919351520750889,NY_PM,9,0.2829171905873896,day_anchor_std,server_midnight,0,0,0,1,TREND_FRAGILE,TREND_FRAGILE,TREND
887.15,887.15,887.15,887.15,0,0,0,1,0.898622748273088,NY_PM,1,0.41548972197739265,day_anchor_std,server_midnight,1,0,0,0,UNCLASSIFIED,TRANSITION_UNCLASSIFIED,TRANSITION
886.7,886.7,886.7,886.7,0,0,0,1,0.898622748273088,NY_PM,1,0.41548972197739265,day_anchor_std,server_midnight,1,0,0,0,UNCLASSIFIED,TRANSITION_UNCLASSIFIED,TRANSITION
886.7,886.7,886.7,886.7,0,0,0,1,0.898622748273088,NY_PM,1,0.41548972197739265,day_anchor_std,server_midnight,1,0,0,0,UNCLASSIFIED,TRANSITION_UNCLASSIFIED,TRANSITION
896.45,896.55,894.95,895.25,0,0,0,1,0.8111181275523708,NY,2,0.3651603071332322,day_anchor_std,server_midnight,1,0,0,0,UNCLASSIFIED,TRANSITION_UNCLASSIFIED,TRANSITION
894.95,899.25,894.4,899.05,0,0,0,1,0.8111181275523708,NY,2,0.3651603071332322,day_anchor_std,server_midnight,1,0,0,0,UNCLASSIFIED,TRANSITION_UNCLASSIFIED,TRANSITION
905.65,905.95,904.2,905.35,0,0,0,1,0.9957358111442199,NY_PM,1,1.2135749209088256,day_anchor_std,server_midnight,0,1,0,0,UNCLASSIFIED,TRANSITION_UNCLASSIFIED,TRANSITION
905.2,906.35,904.85,904.95,0,0,0,1,0.9957358111442199,NY_PM,1,1.2135749209088256,day_anchor_std,server_midnight,0,1,0,0,UNCLASSIFIED,TRANSITION_UNCLASSIFIED,TRANSITION
905.0,906.45,905.0,905.95,0,0,0,1,0.9957358111442199,NY_PM,1,1.2135749209088256,day_anchor_std,server_midnight,0,1,0,0,UNCLASSIFIED,TRANSITION_UNCLASSIFIED,TRANSITION
906.0,907.0,905.95,906.05,0,0,0,1,0.9957358111442199,NY_PM,1,1.2135749209088256,day_anchor_std,server_midnight,0,1,0,0,UNCLASSIFIED,TRANSITION_UNCLASSIFIED,TRANSITION
905.75,906.4,905.4,906.25,0,0,0,1,0.9997996858487627,NY_PM,2,1.2561999609451395,day_anchor_std,server_midnight,0,1,0,0,UNCLASSIFIED,TRANSITION_UNCLASSIFIED,TRANSITION
906.05,906.95,905.45,906.1,0,0,0,1,0.9997996858487627,NY_PM,2,1.2561999609451395,day_anchor_std,server_midnight,0,1,0,0,UNCLASSIFIED,TRANSITION_UNCLASSIFIED,TRANSITION
906.0,907.95,905.7,906.55,0,0,0,1,0.9997996858487627,NY_PM,2,1.2561999609451395,day_anchor_std,server_midnight,0,1,0,0,UNCLASSIFIED,TRANSITION_UNCLASSIFIED,TRANSITION
906.45,906.45,906.45,906.45,0,0,0,1,0.9997996858487627,NY_PM,2,1.2561999609451395,day_anchor_std,server_midnight,0,1,0,0,UNCLASSIFIED,TRANSITION_UNCLASSIFIED,TRANSITION
908.85,909.0,908.85,909.0,0,0,0,2,0.9974285828186048,NY_PM,1,1.9831297265852512,day_anchor_std,server_midnight,0,0,0,1,TREND_STRONG,TREND_STRONG,TREND
909.35,909.35,909.35,909.35,0,0,0,2,0.9974285828186048,NY_PM,1,1.9831297265852512,day_anchor_std,server_midnight,0,0,0,1,TREND_STRONG,TREND_STRONG,TREND
908.45,909.95,908.45,909.95,0,0,0,2,0.9974285828186048,NY_PM,1,1.9831297265852512,day_anchor_std,server_midnight,0,0,0,1,TREND_STRONG,TREND_STRONG,TREND
909.6,909.6,909.6,909.6,0,0,0,1,0.9975409427223072,NY_PM,1,1.6956859093730725,day_anchor_std,server_midnight,0,1,0,0,TRANSITION_NOISY,TRANSITION_NOISY,TRANSITION
909.65,909.65,909.65,909.65,0,0,0,1,0.9975409427223072,NY_PM,1,1.6956859093730725,day_anchor_std,server_midnight,0,1,0,0,TRANSITION_NOISY,TRANSITION_NOISY,TRANSITION
909.6,909.6,909.6,909.6,0,0,0,1,0.9975409427223072,NY_PM,1,1.6956859093730725,day_anchor_std,server_midnight,0,1,0,0,TRANSITION_NOISY,TRANSITION_NOISY,TRANSITION
908.65,908.65,908.65,908.65,0,0,0,1,0.9975409427223072,NY_PM,1,1.6956859093730725,day_anchor_std,server_midnight,0,1,0,0,TRANSITION_NOISY,TRANSITION_NOISY,TRANSITION
908.65,908.65,908.65,908.65,0,0,0,1,0.9962353505619571,NY_PM,2,1.3852282515073358,day_anchor_std,server_midnight,0,1,0,0,UNCLASSIFIED,TRANSITION_UNCLASSIFIED,TRANSITION
908.45,908.45,908.45,908.45,0,0,0,1,0.9962353505619571,NY_PM,2,1.3852282515073358,day_anchor_std,server_midnight,0,1,0,0,UNCLASSIFIED,TRANSITION_UNCLASSIFIED,TRANSITION
908.2,908.2,908.2,908.2,0,0,0,1,0.9962353505619571,NY_PM,2,1.3852282515073358,day_anchor_std,server_midnight,0,1,0,0,UNCLASSIFIED,TRANSITION_UNCLASSIFIED,TRANSITION
907.45,907.45,907.45,907.45,0,0,0,1,0.9962353505619571,NY_PM,2,1.3852282515073358,day_anchor_std,server_midnight,0,1,0,0,UNCLASSIFIED,TRANSITION_UNCLASSIFIED,TRANSITION
907.35,907.55,907.25,907.45,0,0,0,1,0.9934402859414818,NY,3,0.23907103825134404,day_anchor_std,server_midnight,1,0,0,0,UNCLASSIFIED,TRANSITION_UNCLASSIFIED,TRANSITION
907.41,909.95,907.41,909.85,0,0,0,1,0.9934402859414818,NY,3,0.23907103825134404,day_anchor_std,server_midnight,1,0,0,0,UNCLASSIFIED,TRANSITION_UNCLASSIFIED,TRANSITION
909.75,911.35,909.75,910.85,0,0,0,1,0.9992521019494807,NY,4,0.3587915818058677,day_anchor_std,server_midnight,1,0,0,0,UNCLASSIFIED,TRANSITION_UNCLASSIFIED,TRANSITION
910.35,910.45,909.05,909.4,0,0,0,1,0.9992521019494807,NY,4,0.3587915818058677,day_anchor_std,server_midnight,1,0,0,0,UNCLASSIFIED,TRANSITION_UNCLASSIFIED,TRANSITION
909.45,909.55,906.15,906.95,0,0,0,1,0.9992521019494807,NY,4,0.3587915818058677,day_anchor_std,server_midnight,1,0,0,0,UNCLASSIFIED,TRANSITION_UNCLASSIFIED,TRANSITION
907.15,908.35,907.15,907.4,0,0,0,1,0.9992521019494807,NY,4,0.3587915818058677,day_anchor_std,server_midnight,1,0,0,0,UNCLASSIFIED,TRANSITION_UNCLASSIFIED,TRANSITION
907.05,909.15,906.7,908.65,0,0,0,1,0.9986859760636104,NY,5,0.058550921216221304,day_anchor_std,server_midnight,1,0,0,0,TRANSITION_NOISY,TRANSITION_NOISY,TRANSITION
908.75,910.25,908.65,909.15,0,0,0,1,0.9986859760636104,NY,5,0.058550921216221304,day_anchor_std,server_midnight,1,0,0,0,TRANSITION_NOISY,TRANSITION_NOISY,TRANSITION
909.45,909.95,907.45,908.05,0,0,0,1,0.9986859760636104,NY,5,0.058550921216221304,day_anchor_std,server_midnight,1,0,0,0,TRANSITION_NOISY,TRANSITION_NOISY,TRANSITION
908.25,908.85,908.05,908.45,0,0,0,1,0.9986859760636104,NY,5,0.058550921216221304,day_anchor_std,server_midnight,1,0,0,0,TRANSITION_NOISY,TRANSITION_NOISY,TRANSITION
908.4,909.8,908.25,909.8,0,0,0,1,0.9976708425100789,NY,6,0.4012524084778606,day_anchor_std,server_midnight,1,0,0,0,UNCLASSIFIED,TRANSITION_UNCLASSIFIED,TRANSITION
909.65,910.3,909.2,909.35,0,0,0,1,0.9976708425100789,NY,6,0.4012524084778606,day_anchor_std,server_midnight,1,0,0,0,UNCLASSIFIED,TRANSITION_UNCLASSIFIED,TRANSITION
909.25,909.25,908.25,908.25,0,0,0,1,0.9976708425100789,NY,6,0.4012524084778606,day_anchor_std,server_midnight,1,0,0,0,UNCLASSIFIED,TRANSITION_UNCLASSIFIED,TRANSITION
908.3,908.35,906.95,907.05,0,0,0,1,0.9976708425100789,NY,6,0.4012524084778606,day_anchor_std,server_midnight,1,0,0,0,UNCLASSIFIED,TRANSITION_UNCLASSIFIED,TRANSITION
907.15,907.45,906.65,907.05,0,0,0,1,0.8721430928981294,NY_PM,7,0.01985815602835071,day_anchor_std,server_midnight,1,0,0,0,UNCLASSIFIED,TRANSITION_UNCLASSIFIED,TRANSITION
906.95,908.05,906.9,907.85,0,0,0,1,0.8721430928981294,NY_PM,7,0.01985815602835071,day_anchor_std,server_midnight,1,0,0,0,UNCLASSIFIED,TRANSITION_UNCLASSIFIED,TRANSITION
907.9,908.7,907.85,908.7,0,0,0,1,0.8721430928981294,NY_PM,7,0.01985815602835071,day_anchor_std,server_midnight,1,0,0,0,UNCLASSIFIED,TRANSITION_UNCLASSIFIED,TRANSITION
908.55,909.25,908.5,908.65,0,0,0,1,0.8721430928981294,NY_PM,7,0.01985815602835071,day_anchor_std,server_midnight,1,0,0,0,UNCLASSIFIED,TRANSITION_UNCLASSIFIED,TRANSITION
908.3,909.24,908.15,908.65,0,0,0,1,0.6565345496029582,NY_PM,1,0.2769097222222125,day_anchor_std,server_midnight,1,0,0,0,UNCLASSIFIED,TRANSITION_UNCLASSIFIED,TRANSITION
909.25,909.25,909.25,909.25,0,0,0,1,0.6565345496029582,NY_PM,1,0.2769097222222125,day_anchor_std,server_midnight,1,0,0,0,UNCLASSIFIED,TRANSITION_UNCLASSIFIED,TRANSITION
909.4,909.4,909.4,909.4,0,0,0,1,0.6565345496029582,NY_PM,1,0.2769097222222125,day_anchor_std,server_midnight,1,0,0,0,UNCLASSIFIED,TRANSITION_UNCLASSIFIED,TRANSITION
909.85,909.85,909.85,909.85,0,0,0,1,0.731827434078049,NY_PM,2,0.3027738598965615,day_anchor_std,server_midnight,1,0,0,0,UNCLASSIFIED,TRANSITION_UNCLASSIFIED,TRANSITION
909.45,909.45,909.45,909.45,0,0,0,1,0.731827434078049,NY_PM,2,0.3027738598965615,day_anchor_std,server_midnight,1,0,0,0,UNCLASSIFIED,TRANSITION_UNCLASSIFIED,TRANSITION
909.45,909.45,909.45,909.45,0,0,0,1,0.731827434078049,NY_PM,2,0.3027738598965615,day_anchor_std,server_midnight,1,0,0,0,UNCLASSIFIED,TRANSITION_UNCLASSIFIED,TRANSITION
907.45,907.45,907.45,907.45,0,0,0,1,0.9050503065547453,NY,4,0.038043478260878144,day_anchor_std,server_midnight,1,0,0,0,TRANSITION_NOISY,TRANSITION_NOISY,TRANSITION
907.3,907.3,905.95,906.55,0,0,0,1,0.9050503065547453,NY,4,0.038043478260878144,day_anchor_std,server_midnight,1,0,0,0,TRANSITION_NOISY,TRANSITION_NOISY,TRANSITION
907.05,908.05,906.55,907.8,0,0,0,1,0.9655976267121072,NY,5,0.7025703794369486,day_anchor_std,server_midnight,1,0,0,0,UNCLASSIFIED,TRANSITION_UNCLASSIFIED,TRANSITION
907.95,908.35,906.55,906.7,0,0,0,1,0.9655976267121072,NY,5,0.7025703794369486,day_anchor_std,server_midnight,1,0,0,0,UNCLASSIFIED,TRANSITION_UNCLASSIFIED,TRANSITION
906.8,907.15,902.95,904.05,0,0,0,1,0.9655976267121072,NY,5,0.7025703794369486,day_anchor_std,server_midnight,1,0,0,0,UNCLASSIFIED,TRANSITION_UNCLASSIFIED,TRANSITION
903.85,903.95,901.75,903.55,0,0,0,1,0.9655976267121072,NY,5,0.7025703794369486,day_anchor_std,server_midnight,1,0,0,0,UNCLASSIFIED,TRANSITION_UNCLASSIFIED,TRANSITION
903.45,903.45,901.5,901.55,0,0,0,1,0.7395316583827766,NY,6,1.5756626191408825,day_anchor_std,server_midnight,0,1,0,0,UNCLASSIFIED,TRANSITION_UNCLASSIFIED,TRANSITION
901.35,901.95,901.05,901.05,0,0,0,1,0.7395316583827766,NY,6,1.5756626191408825,day_anchor_std,server_midnight,0,1,0,0,UNCLASSIFIED,TRANSITION_UNCLASSIFIED,TRANSITION
901.25,901.25,899.45,899.45,0,0,0,1,0.7395316583827766,NY,6,1.5756626191408825,day_anchor_std,server_midnight,0,1,0,0,UNCLASSIFIED,TRANSITION_UNCLASSIFIED,TRANSITION
899.15,900.05,898.35,899.65,0,0,0,1,0.7395316583827766,NY,6,1.5756626191408825,day_anchor_std,server_midnight,0,1,0,0,UNCLASSIFIED,TRANSITION_UNCLASSIFIED,TRANSITION
899.75,900.9,899.05,899.05,0,0,0,1,0.693957012983565,NY,7,0.5665188470066319,day_anchor_std,server_midnight,1,0,0,0,TRANSITION_NOISY,TRANSITION_NOISY,TRANSITION
899.45,901.05,899.45,900.55,0,0,0,1,0.693957012983565,NY,7,0.5665188470066319,day_anchor_std,server_midnight,1,0,0,0,TRANSITION_NOISY,TRANSITION_NOISY,TRANSITION
900.45,901.35,900.05,901.05,0,0,0,1,0.693957012983565,NY,7,0.5665188470066319,day_anchor_std,server_midnight,1,0,0,0,TRANSITION_NOISY,TRANSITION_NOISY,TRANSITION
901.2,902.9,901.0,902.25,0,0,0,1,0.693957012983565,NY,7,0.5665188470066319,day_anchor_std,server_midnight,1,0,0,0,TRANSITION_NOISY,TRANSITION_NOISY,TRANSITION
902.35,903.45,902.25,902.45,0,0,0,1,0.8178927297506077,NY_PM,8,0.11945046999276422,day_anchor_std,server_midnight,1,0,0,0,TRANSITION_NOISY,TRANSITION_NOISY,TRANSITION
902.4,902.45,901.75,902.05,0,0,0,1,0.8178927297506077,NY_PM,8,0.11945046999276422,day_anchor_std,server_midnight,1,0,0,0,TRANSITION_NOISY,TRANSITION_NOISY,TRANSITION
902.15,902.75,902.15,902.75,0,0,0,1,0.8178927297506077,NY_PM,8,0.11945046999276422,day_anchor_std,server_midnight,1,0,0,0,TRANSITION_NOISY,TRANSITION_NOISY,TRANSITION
902.7,903.95,902.65,903.55,0,0,0,1,0.8178927297506077,NY_PM,8,0.11945046999276422,day_anchor_std,server_midnight,1,0,0,0,TRANSITION_NOISY,TRANSITION_NOISY,TRANSITION
903.45,903.45,902.55,902.85,0,0,0,1,0.8600180765493762,NY_PM,9,0.2740990148396971,day_anchor_std,server_midnight,1,0,0,0,TRANSITION_NOISY,TRANSITION_NOISY,TRANSITION
902.95,903.25,902.55,902.55,0,0,0,1,0.8600180765493762,NY_PM,9,0.2740990148396971,day_anchor_std,server_midnight,1,0,0,0,TRANSITION_NOISY,TRANSITION_NOISY,TRANSITION
902.4,902.95,902.4,902.95,0,0,0,1,0.8600180765493762,NY_PM,9,0.2740990148396971,day_anchor_std,server_midnight,1,0,0,0,TRANSITION_NOISY,TRANSITION_NOISY,TRANSITION
898.45,898.45,895.85,895.85,0,0,0,1,0.9984362421887693,NY,10,0.26121277359167827,day_anchor_std,server_midnight,1,0,0,0,TRANSITION_NOISY,TRANSITION_NOISY,TRANSITION
895.75,896.25,895.65,896.05,0,0,0,1,0.9985095596290988,NY,11,0.154867256637168,day_anchor_std,server_midnight,1,0,0,0,TRANSITION_NOISY,TRANSITION_NOISY,TRANSITION
896.15,897.95,896.15,897.45,0,0,0,1,0.9985095596290988,NY,11,0.154867256637168,day_anchor_std,server_midnight,1,0,0,0,TRANSITION_NOISY,TRANSITION_NOISY,TRANSITION
897.35,897.75,897.05,897.05,0,0,0,1,0.9985095596290988,NY,11,0.154867256637168,day_anchor_std,server_midnight,1,0,0,0,TRANSITION_NOISY,TRANSITION_NOISY,TRANSITION
897.25,897.25,895.95,896.25,0,0,0,1,0.9985095596290988,NY,11,0.154867256637168,day_anchor_std,server_midnight,1,0,0,0,TRANSITION_NOISY,TRANSITION_NOISY,TRANSITION
895.75,897.95,895.5,897.95,0,0,0,1,0.8863135335171988,NY,12,0.7645107794361911,day_anchor_std,server_midnight,1,0,0,0,TRANSITION_NOISY,TRANSITION_NOISY,TRANSITION
898.05,898.95,897.15,897.25,0,0,0,1,0.8863135335171988,NY,12,0.7645107794361911,day_anchor_std,server_midnight,1,0,0,0,TRANSITION_NOISY,TRANSITION_NOISY,TRANSITION
897.35,900.25,897.35,899.25,0,0,0,1,0.8863135335171988,NY,12,0.7645107794361911,day_anchor_std,server_midnight,1,0,0,0,TRANSITION_NOISY,TRANSITION_NOISY,TRANSITION
899.35,900.55,898.7,899.95,0,0,0,1,0.8863135335171988,NY,12,0.7645107794361911,day_anchor_std,server_midnight,1,0,0,0,TRANSITION_NOISY,TRANSITION_NOISY,TRANSITION
899.85,901.75,899.25,899.55,0,0,0,1,0.7369054673117943,NY,12,1.243872549019596,day_anchor_std,server_midnight,0,1,0,0,TRANSITION_NOISY,TRANSITION_NOISY,TRANSITION
899.65,900.75,899.25,900.75,0,0,0,1,0.7369054673117943,NY,12,1.243872549019596,day_anchor_std,server_midnight,0,1,0,0,TRANSITION_NOISY,TRANSITION_NOISY,TRANSITION
900.95,901.75,900.8,900.95,0,0,0,1,0.7369054673117943,NY,12,1.243872549019596,day_anchor_std,server_midnight,0,1,0,0,TRANSITION_NOISY,TRANSITION_NOISY,TRANSITION
901.05,902.55,901.05,902.3,0,0,0,1,0.7369054673117943,NY,12,1.243872549019596,day_anchor_std,server_midnight,0,1,0,0,TRANSITION_NOISY,TRANSITION_NOISY,TRANSITION
901.15,901.35,900.4,900.65,0,0,0,1,0.8019091428207022,NY_PM,12,0.7850391885661603,day_anchor_std,server_midnight,1,0,0,0,TRANSITION_NOISY,TRANSITION_NOISY,TRANSITION
900.45,901.8,900.0,901.8,0,0,0,1,0.8019091428207022,NY_PM,12,0.7850391885661603,day_anchor_std,server_midnight,1,0,0,0,TRANSITION_NOISY,TRANSITION_NOISY,TRANSITION
901.7,901.7,901.05,901.35,0,0,0,1,0.8019091428207022,NY_PM,12,0.7850391885661603,day_anchor_std,server_midnight,1,0,0,0,TRANSITION_NOISY,TRANSITION_NOISY,TRANSITION
896.5,896.5,896.1,896.1,0,0,0,1,0.8282000847288966,NY,12,0.13071895424836583,day_anchor_std,server_midnight,1,0,0,0,TRANSITION_NOISY,TRANSITION_NOISY,TRANSITION
896.05,897.25,895.55,897.15,0,0,0,1,0.8282000847288966,NY,12,0.13071895424836583,day_anchor_std,server_midnight,1,0,0,0,TRANSITION_NOISY,TRANSITION_NOISY,TRANSITION
897.25,899.55,896.55,898.55,0,0,0,1,0.9984537323728165,NY,12,0.5432325084020789,day_anchor_std,server_midnight,1,0,0,0,UNCLASSIFIED,TRANSITION_UNCLASSIFIED,TRANSITION
898.5,898.5,896.85,897.55,0,0,0,1,0.9984537323728165,NY,12,0.5432325084020789,day_anchor_std,server_midnight,1,0,0,0,UNCLASSIFIED,TRANSITION_UNCLASSIFIED,TRANSITION
897.45,897.9,896.75,897.65,0,0,0,1,0.9984537323728165,NY,12,0.5432325084020789,day_anchor_std,server_midnight,1,0,0,0,UNCLASSIFIED,TRANSITION_UNCLASSIFIED,TRANSITION
897.75,899.55,897.75,899.55,0,0,0,1,0.9984537323728165,NY,12,0.5432325084020789,day_anchor_std,server_midnight,1,0,0,0,UNCLASSIFIED,TRANSITION_UNCLASSIFIED,TRANSITION
897.25,897.95,896.75,897.05,0,0,0,1,0.6269993150260175,NY,1,0.038030143708392805,day_anchor_std,server_midnight,1,0,0,0,UNCLASSIFIED,TRANSITION_UNCLASSIFIED,TRANSITION
897.0,898.55,896.95,897.75,0,0,0,1,0.6269993150260175,NY,1,0.038030143708392805,day_anchor_std,server_midnight,1,0,0,0,UNCLASSIFIED,TRANSITION_UNCLASSIFIED,TRANSITION
897.8,899.05,897.8,897.95,0,0,0,1,0.6269993150260175,NY,1,0.038030143708392805,day_anchor_std,server_midnight,1,0,0,0,UNCLASSIFIED,TRANSITION_UNCLASSIFIED,TRANSITION
898.0,898.35,897.1,897.3,0,0,0,1,0.6269993150260175,NY,1,0.038030143708392805,day_anchor_std,server_midnight,1,0,0,0,UNCLASSIFIED,TRANSITION_UNCLASSIFIED,TRANSITION
897.45,897.55,895.95,895.95,0,0,0,1,0.658171509749893,NY_PM,2,0.10276201286418454,day_anchor_std,server_midnight,1,0,0,0,UNCLASSIFIED,TRANSITION_UNCLASSIFIED,TRANSITION
896.05,896.5,896.05,896.45,0,0,0,1,0.658171509749893,NY_PM,2,0.10276201286418454,day_anchor_std,server_midnight,1,0,0,0,UNCLASSIFIED,TRANSITION_UNCLASSIFIED,TRANSITION
896.55,896.8,896.25,896.45,0,0,0,1,0.658171509749893,NY_PM,2,0.10276201286418454,day_anchor_std,server_midnight,1,0,0,0,UNCLASSIFIED,TRANSITION_UNCLASSIFIED,TRANSITION
896.55,897.65,896.25,897.1,0,0,0,1,0.658171509749893,NY_PM,2,0.10276201286418454,day_anchor_std,server_midnight,1,0,0,0,UNCLASSIFIED,TRANSITION_UNCLASSIFIED,TRANSITION
897.2,898.2,896.95,898.05,0,0,0,1,0.948431080042328,NY_PM,3,0.15574319796273897,day_anchor_std,server_midnight,1,0,0,0,UNCLASSIFIED,TRANSITION_UNCLASSIFIED,TRANSITION
897.75,897.75,896.95,897.0,0,0,0,1,0.948431080042328,NY_PM,3,0.15574319796273897,day_anchor_std,server_midnight,1,0,0,0,UNCLASSIFIED,TRANSITION_UNCLASSIFIED,TRANSITION
896.95,897.95,896.95,897.95,0,0,0,1,0.948431080042328,NY_PM,3,0.15574319796273897,day_anchor_std,server_midnight,1,0,0,0,UNCLASSIFIED,TRANSITION_UNCLASSIFIED,TRANSITION
897.31,897.85,896.95,896.95,0,0,0,1,0.948431080042328,NY_PM,3,0.15574319796273897,day_anchor_std,server_midnight,1,0,0,0,UNCLASSIFIED,TRANSITION_UNCLASSIFIED,TRANSITION
895.5,895.5,895.5,895.5,0,0,0,1,0.9016279220980071,NY_PM,1,0.562041056975954,day_anchor_std,server_midnight,1,0,0,0,UNCLASSIFIED,TRANSITION_UNCLASSIFIED,TRANSITION
896.45,896.45,895.8,895.8,0,0,0,1,0.9016279220980071,NY_PM,1,0.562041056975954,day_anchor_std,server_midnight,1,0,0,0,UNCLASSIFIED,TRANSITION_UNCLASSIFIED,TRANSITION
895.55,895.55,895.55,895.55,0,0,0,1,0.9016279220980071,NY_PM,1,0.562041056975954,day_anchor_std,server_midnight,1,0,0,0,UNCLASSIFIED,TRANSITION_UNCLASSIFIED,TRANSITION
895.95,895.95,895.95,895.95,0,0,0,1,0.9016279220980071,NY_PM,1,0.562041056975954,day_anchor_std,server_midnight,1,0,0,0,UNCLASSIFIED,TRANSITION_UNCLASSIFIED,TRANSITION
902.55,905.35,901.95,905.1,0,0,0,1,0.886482402630249,NY,1,1.421487603305773,day_anchor_std,server_midnight,0,1,0,0,UNCLASSIFIED,TRANSITION_UNCLASSIFIED,TRANSITION
905.45,908.7,905.45,908.7,0,0,0,1,0.886482402630249,NY,1,1.421487603305773,day_anchor_std,server_midnight,0,1,0,0,UNCLASSIFIED,TRANSITION_UNCLASSIFIED,TRANSITION
908.95,909.75,907.95,909.6,0,0,0,1,0.886482402630249,NY,1,1.421487603305773,day_anchor_std,server_midnight,0,1,0,0,UNCLASSIFIED,TRANSITION_UNCLASSIFIED,TRANSITION
909.45,909.5,907.3,907.45,0,0,0,1,0.886482402630249,NY,1,1.421487603305773,day_anchor_std,server_midnight,0,1,0,0,UNCLASSIFIED,TRANSITION_UNCLASSIFIED,TRANSITION
907.2,908.15,906.85,907.55,0,0,0,1,0.9360473655458316,NY,2,0.7142669296515503,day_anchor_std,server_midnight,1,0,0,0,UNCLASSIFIED,TRANSITION_UNCLASSIFIED,TRANSITION
907.75,908.09,907.07,907.95,0,0,0,1,0.9360473655458316,NY,2,0.7142669296515503,day_anchor_std,server_midnight,1,0,0,0,UNCLASSIFIED,TRANSITION_UNCLASSIFIED,TRANSITION
907.75,907.75,905.8,906.05,0,0,0,1,0.9360473655458316,NY,2,0.7142669296515503,day_anchor_std,server_midnight,1,0,0,0,UNCLASSIFIED,TRANSITION_UNCLASSIFIED,TRANSITION
906.15,906.55,904.95,905.75,0,0,0,1,0.9360473655458316,NY,2,0.7142669296515503,day_anchor_std,server_midnight,1,0,0,0,UNCLASSIFIED,TRANSITION_UNCLASSIFIED,TRANSITION
908.35,909.49,907.95,909.05,0,0,0,2,0.8610077966142016,NY_PM,2,1.3508225878168236,day_anchor_std,server_midnight,0,0,0,1,TREND_STRONG,TREND_STRONG,TREND
909.05,910.3,908.6,910.1,0,0,0,2,0.8610077966142016,NY_PM,2,1.3508225878168236,day_anchor_std,server_midnight,0,0,0,1,TREND_STRONG,TREND_STRONG,TREND
910.2,910.25,908.05,908.95,0,0,0,2,0.8610077966142016,NY_PM,2,1.3508225878168236,day_anchor_std,server_midnight,0,0,0,1,TREND_STRONG,TREND_STRONG,TREND
909.15,909.55,908.6,908.7,0,0,0,2,0.8610077966142016,NY_PM,2,1.3508225878168236,day_anchor_std,server_midnight,0,0,0,1,TREND_STRONG,TREND_STRONG,TREND
908.75,910.95,908.75,910.0,0,0,0,2,0.7635956535669349,NY_PM,3,1.350058873902786,day_anchor_std,server_midnight,0,0,0,1,TREND_STRONG,TREND_STRONG,TREND
910.0,910.15,908.75,909.55,0,0,0,2,0.7635956535669349,NY_PM,3,1.350058873902786,day_anchor_std,server_midnight,0,0,0,1,TREND_STRONG,TREND_STRONG,TREND
909.7,910.55,909.35,909.7,0,0,0,2,0.7635956535669349,NY_PM,3,1.350058873902786,day_anchor_std,server_midnight,0,0,0,1,TREND_STRONG,TREND_STRONG,TREND
909.45,909.75,908.61,908.61,0,0,0,2,0.7635956535669349,NY_PM,3,1.350058873902786,day_anchor_std,server_midnight,0,0,0,1,TREND_STRONG,TREND_STRONG,TREND
908.75,910.85,908.75,910.85,0,0,0,2,0.9904171501088403,NY_PM,4,2.1778962675714806,day_anchor_std,server_midnight,0,0,0,1,TREND_STRONG,TREND_STRONG,TREND
910.45,910.45,910.45,910.45,0,0,0,2,0.9904171501088403,NY_PM,4,2.1778962675714806,day_anchor_std,server_midnight,0,0,0,1,TREND_STRONG,TREND_STRONG,TREND
911.35,911.35,911.35,911.35,0,0,0,2,0.9904171501088403,NY_PM,4,2.1778962675714806,day_anchor_std,server_midnight,0,0,0,1,TREND_STRONG,TREND_STRONG,TREND
910.95,911.3,910.95,911.3,0,0,0,2,0.9979486314521426,NY_PM,5,2.3388071688223637,day_anchor_std,server_midnight,0,0,0,1,TREND_STRONG,TREND_STRONG,TREND
910.83,910.83,910.83,910.83,0,0,0,2,0.9979486314521426,NY_PM,5,2.3388071688223637,day_anchor_std,server_midnight,0,0,0,1,TREND_STRONG,TREND_STRONG,TREND
911.3,911.8,911.3,911.8,0,0,0,2,0.9979486314521426,NY_PM,5,2.3388071688223637,day_anchor_std,server_midnight,0,0,0,1,TREND_STRONG,TREND_STRONG,TREND
912.3,912.35,910.6,910.6,0,0,0,2,0.9285164907655089,NY_PM,6,1.904301935680526,day_anchor_std,server_midnight,0,0,0,1,UNCLASSIFIED,TREND_UNCLASSIFIED,TREND
910.75,910.75,910.75,910.75,0,0,0,2,0.9285164907655089,NY_PM,6,1.904301935680526,day_anchor_std,server_midnight,0,0,0,1,UNCLASSIFIED,TREND_UNCLASSIFIED,TREND
910.7,910.7,910.7,910.7,0,0,0,2,0.9285164907655089,NY_PM,6,1.904301935680526,day_anchor_std,server_midnight,0,0,0,1,UNCLASSIFIED,TREND_UNCLASSIFIED,TREND
919.05,919.45,918.55,918.85,0,0,0,1,0.8536434430158709,NY_PM,1,0.721567287430948,day_anchor_std,server_midnight,1,0,0,0,UNCLASSIFIED,TRANSITION_UNCLASSIFIED,TRANSITION
918.45,918.45,914.95,915.95,0,0,0,1,0.8536434430158709,NY_PM,1,0.721567287430948,day_anchor_std,server_midnight,1,0,0,0,UNCLASSIFIED,TRANSITION_UNCLASSIFIED,TRANSITION
915.75,915.75,914.35,914.35,0,0,0,1,0.8536434430158709,NY_PM,1,0.721567287430948,day_anchor_std,server_midnight,1,0,0,0,UNCLASSIFIED,TRANSITION_UNCLASSIFIED,TRANSITION
914.3,914.85,913.95,914.4,0,0,0,1,0.8536434430158709,NY_PM,1,0.721567287430948,day_anchor_std,server_midnight,1,0,0,0,UNCLASSIFIED,TRANSITION_UNCLASSIFIED,TRANSITION
914.6,915.4,912.35,912.5,0,0,0,2,0.6818751914976848,NY_PM,1,0.130131893076633,day_anchor_std,server_midnight,0,0,0,1,TREND_FRAGILE,TREND_FRAGILE,TREND
912.55,914.55,912.55,914.55,0,0,0,2,0.6818751914976848,NY_PM,1,0.130131893076633,day_anchor_std,server_midnight,0,0,0,1,TREND_FRAGILE,TREND_FRAGILE,TREND
914.05,915.0,913.75,914.95,0,0,0,2,0.6818751914976848,NY_PM,1,0.130131893076633,day_anchor_std,server_midnight,0,0,0,1,TREND_FRAGILE,TREND_FRAGILE,TREND
914.45,917.95,914.45,917.95,0,0,0,2,0.6818751914976848,NY_PM,1,0.130131893076633,day_anchor_std,server_midnight,0,0,0,1,TREND_FRAGILE,TREND_FRAGILE,TREND
916.97,917.7,916.65,917.05,0,0,0,1,0.7736865324569965,NY_PM,1,0.1553756007636819,day_anchor_std,server_midnight,1,0,0,0,UNCLASSIFIED,TRANSITION_UNCLASSIFIED,TRANSITION
916.3,917.0,916.3,917.0,0,0,0,1,0.7736865324569965,NY_PM,1,0.1553756007636819,day_anchor_std,server_midnight,1,0,0,0,UNCLASSIFIED,TRANSITION_UNCLASSIFIED,TRANSITION
917.0,917.0,917.0,917.0,0,0,0,1,0.7736865324569965,NY_PM,1,0.1553756007636819,day_anchor_std,server_midnight,1,0,0,0,UNCLASSIFIED,TRANSITION_UNCLASSIFIED,TRANSITION
916.81,916.81,916.81,916.81,0,0,0,1,0.7736865324569965,NY_PM,1,0.1553756007636819,day_anchor_std,server_midnight,1,0,0,0,UNCLASSIFIED,TRANSITION_UNCLASSIFIED,TRANSITION
917.25,917.25,917.25,917.25,0,0,0,1,0.4076038792099634,NY_PM,2,0.08101517961399284,day_anchor_std,server_midnight,1,0,0,0,UNCLASSIFIED,TRANSITION_UNCLASSIFIED,TRANSITION
917.15,917.15,916.55,916.55,0,0,0,1,0.4076038792099634,NY_PM,2,0.08101517961399284,day_anchor_std,server_midnight,1,0,0,0,UNCLASSIFIED,TRANSITION_UNCLASSIFIED,TRANSITION
917.34,917.34,917.34,917.34,0,0,0,1,0.4076038792099634,NY_PM,2,0.08101517961399284,day_anchor_std,server_midnight,1,0,0,0,UNCLASSIFIED,TRANSITION_UNCLASSIFIED,TRANSITION
917.65,917.65,917.65,917.65,0,0,0,1,0.4076038792099634,NY_PM,2,0.08101517961399284,day_anchor_std,server_midnight,1,0,0,0,UNCLASSIFIED,TRANSITION_UNCLASSIFIED,TRANSITION
917.8,917.95,916.75,917.95,0,0,0,1,0.5274697007437277,NY_PM,3,0.17461125247385484,day_anchor_std,server_midnight,1,0,0,0,UNCLASSIFIED,TRANSITION_UNCLASSIFIED,TRANSITION
917.95,917.95,917.95,917.95,0,0,0,1,0.5274697007437277,NY_PM,3,0.17461125247385484,day_anchor_std,server_midnight,1,0,0,0,UNCLASSIFIED,TRANSITION_UNCLASSIFIED,TRANSITION
918.7,918.7,917.6,918.35,0,0,0,1,0.9978082451250372,NY_PM,1,0.47393804488961544,day_anchor_std,server_midnight,1,0,0,0,UNCLASSIFIED,TRANSITION_UNCLASSIFIED,TRANSITION
918.25,918.75,915.75,915.75,0,0,0,1,0.9978082451250372,NY_PM,1,0.47393804488961544,day_anchor_std,server_midnight,1,0,0,0,UNCLASSIFIED,TRANSITION_UNCLASSIFIED,TRANSITION
915.55,916.65,915.1,915.55,0,0,0,1,0.9978082451250372,NY_PM,1,0.47393804488961544,day_anchor_std,server_midnight,1,0,0,0,UNCLASSIFIED,TRANSITION_UNCLASSIFIED,TRANSITION
916.3,917.3,916.3,917.05,0,0,0,1,0.9978082451250372,NY_PM,1,0.47393804488961544,day_anchor_std,server_midnight,1,0,0,0,UNCLASSIFIED,TRANSITION_UNCLASSIFIED,TRANSITION
916.78,917.3,916.5,916.5,0,0,0,1,0.9988739028474205,NY_PM,2,0.34060606060608156,day_anchor_std,server_midnight,1,0,0,0,UNCLASSIFIED,TRANSITION_UNCLASSIFIED,TRANSITION
916.35,916.45,916.35,916.45,0,0,0,1,0.9988739028474205,NY_PM,2,0.34060606060608156,day_anchor_std,server_midnight,1,0,0,0,UNCLASSIFIED,TRANSITION_UNCLASSIFIED,TRANSITION
916.45,916.45,916.45,916.45,0,0,0,1,0.9988739028474205,NY_PM,2,0.34060606060608156,day_anchor_std,server_midnight,1,0,0,0,UNCLASSIFIED,TRANSITION_UNCLASSIFIED,TRANSITION
916.45,916.45,916.45,916.45,0,0,0,1,0.9879139352662843,NY_PM,3,1.2874306839186744,day_anchor_std,server_midnight,0,1,0,0,UNCLASSIFIED,TRANSITION_UNCLASSIFIED,TRANSITION
916.25,916.25,916.25,916.25,0,0,0,1,0.9879139352662843,NY_PM,3,1.2874306839186744,day_anchor_std,server_midnight,0,1,0,0,UNCLASSIFIED,TRANSITION_UNCLASSIFIED,TRANSITION
916.25,920.35,916.25,920.35,0,0,0,1,0.9879139352662843,NY_PM,3,1.2874306839186744,day_anchor_std,server_midnight,0,1,0,0,UNCLASSIFIED,TRANSITION_UNCLASSIFIED,TRANSITION
917.25,917.25,916.25,916.25,0,0,0,1,0.9988671324343336,NY,4,0.059719683120052575,day_anchor_std,server_midnight,1,0,0,0,UNCLASSIFIED,TRANSITION_UNCLASSIFIED,TRANSITION
916.2,916.45,915.55,916.05,0,0,0,1,0.9988671324343336,NY,4,0.059719683120052575,day_anchor_std,server_midnight,1,0,0,0,UNCLASSIFIED,TRANSITION_UNCLASSIFIED,TRANSITION
915.55,915.55,914.55,915.05,0,0,0,1,0.9995438017937649,NY,5,0.5155555555555111,day_anchor_std,server_midnight,1,0,0,0,UNCLASSIFIED,TRANSITION_UNCLASSIFIED,TRANSITION
914.75,914.75,912.75,913.05,0,0,0,1,0.9995438017937649,NY,5,0.5155555555555111,day_anchor_std,server_midnight,1,0,0,0,UNCLASSIFIED,TRANSITION_UNCLASSIFIED,TRANSITION
913.35,913.55,913.05,913.3,0,0,0,1,0.9995438017937649,NY,5,0.5155555555555111,day_anchor_std,server_midnight,1,0,0,0,UNCLASSIFIED,TRANSITION_UNCLASSIFIED,TRANSITION
913.35,914.35,913.35,913.45,0,0,0,1,0.9995438017937649,NY,5,0.5155555555555111,day_anchor_std,server_midnight,1,0,0,0,UNCLASSIFIED,TRANSITION_UNCLASSIFIED,TRANSITION
913.25,913.25,909.1,909.1,0,0,0,1,0.9955889922731438,NY,6,1.2571901510448618,day_anchor_std,server_midnight,0,1,0,0,UNCLASSIFIED,TRANSITION_UNCLASSIFIED,TRANSITION
909.15,909.5,907.45,907.45,0,0,0,1,0.9955889922731438,NY,6,1.2571901510448618,day_anchor_std,server_midnight,0,1,0,0,UNCLASSIFIED,TRANSITION_UNCLASSIFIED,TRANSITION
907.25,908.95,906.65,908.2,0,0,0,1,0.9955889922731438,NY,6,1.2571901510448618,day_anchor_std,server_midnight,0,1,0,0,UNCLASSIFIED,TRANSITION_UNCLASSIFIED,TRANSITION
908.15,909.15,908.15,909.1,0,0,0,1,0.9955889922731438,NY,6,1.2571901510448618,day_anchor_std,server_midnight,0,1,0,0,UNCLASSIFIED,TRANSITION_UNCLASSIFIED,TRANSITION
909.15,910.2,908.45,908.95,0,0,0,1,0.9796158813896201,NY,7,1.9684994272622998,day_anchor_std,server_midnight,0,1,0,0,UNCLASSIFIED,TRANSITION_UNCLASSIFIED,TRANSITION
909.05,909.05,907.4,907.55,0,0,0,1,0.9796158813896201,NY,7,1.9684994272622998,day_anchor_std,server_midnight,0,1,0,0,UNCLASSIFIED,TRANSITION_UNCLASSIFIED,TRANSITION
907.35,907.85,905.45,905.45,0,0,0,1,0.9796158813896201,NY,7,1.9684994272622998,day_anchor_std,server_midnight,0,1,0,0,UNCLASSIFIED,TRANSITION_UNCLASSIFIED,TRANSITION
905.05,905.35,904.05,904.4,0,0,0,1,0.9796158813896201,NY,7,1.9684994272622998,day_anchor_std,server_midnight,0,1,0,0,UNCLASSIFIED,TRANSITION_UNCLASSIFIED,TRANSITION
904.2,905.75,904.2,905.5,0,0,0,1,0.9619708163595079,NY_PM,8,1.7679338842975176,day_anchor_std,server_midnight,0,1,0,0,UNCLASSIFIED,TRANSITION_UNCLASSIFIED,TRANSITION
905.35,905.6,904.45,904.65,0,0,0,1,0.9619708163595079,NY_PM,8,1.7679338842975176,day_anchor_std,server_midnight,0,1,0,0,UNCLASSIFIED,TRANSITION_UNCLASSIFIED,TRANSITION
904.75,904.8,902.95,903.25,0,0,0,1,0.9619708163595079,NY_PM,8,1.7679338842975176,day_anchor_std,server_midnight,0,1,0,0,UNCLASSIFIED,TRANSITION_UNCLASSIFIED,TRANSITION
903.35,904.05,902.35,904.0,0,0,0,1,0.9619708163595079,NY_PM,8,1.7679338842975176,day_anchor_std,server_midnight,0,1,0,0,UNCLASSIFIED,TRANSITION_UNCLASSIFIED,TRANSITION
904.15,904.7,903.2,903.55,0,0,0,1,0.9518636823788041,NY_PM,9,1.5951675199856266,day_anchor_std,server_midnight,0,1,0,0,UNCLASSIFIED,TRANSITION_UNCLASSIFIED,TRANSITION
903.65,903.8,902.15,903.25,0,0,0,1,0.9518636823788041,NY_PM,9,1.5951675199856266,day_anchor_std,server_midnight,0,1,0,0,UNCLASSIFIED,TRANSITION_UNCLASSIFIED,TRANSITION
903.45,904.25,903.45,903.8,0,0,0,1,0.9518636823788041,NY_PM,9,1.5951675199856266,day_anchor_std,server_midnight,0,1,0,0,UNCLASSIFIED,TRANSITION_UNCLASSIFIED,TRANSITION
903.75,903.95,903.75,903.95,0,0,0,1,0.9518636823788041,NY_PM,9,1.5951675199856266,day_anchor_std,server_midnight,0,1,0,0,UNCLASSIFIED,TRANSITION_UNCLASSIFIED,TRANSITION
903.95,903.95,903.15,903.15,0,0,0,2,0.9842690318907693,NY_PM,1,1.7532195268044286,day_anchor_std,server_midnight,0,0,0,1,UNCLASSIFIED,TREND_UNCLASSIFIED,TREND
903.65,903.65,903.65,903.65,0,0,0,2,0.9842690318907693,NY_PM,1,1.7532195268044286,day_anchor_std,server_midnight,0,0,0,1,UNCLASSIFIED,TREND_UNCLASSIFIED,TREND
903.55,903.55,903.55,903.55,0,0,0,2,0.9842690318907693,NY_PM,1,1.7532195268044286,day_anchor_std,server_midnight,0,0,0,1,UNCLASSIFIED,TREND_UNCLASSIFIED,TREND
903.55,903.55,903.55,903.55,0,0,0,2,0.9842690318907693,NY_PM,1,1.7532195268044286,day_anchor_std,server_midnight,0,0,0,1,UNCLASSIFIED,TREND_UNCLASSIFIED,TREND
903.4,903.4,903.4,903.4,0,0,0,1,0.9985981285326754,NY_PM,1,1.9102693602693708,day_anchor_std,server_midnight,0,1,0,0,TRANSITION_NOISY,TRANSITION_NOISY,TRANSITION
903.25,903.25,903.25,903.25,0,0,0,1,0.9995981731041206,NY_PM,2,2.384502923976631,day_anchor_std,server_midnight,0,1,0,0,UNCLASSIFIED,TRANSITION_UNCLASSIFIED,TRANSITION
902.05,902.05,902.05,902.05,0,0,0,1,0.9995981731041206,NY_PM,2,2.384502923976631,day_anchor_std,server_midnight,0,1,0,0,UNCLASSIFIED,TRANSITION_UNCLASSIFIED,TRANSITION
909.45,909.7,909.45,909.6,0,0,0,1,0.9204424401089478,NY,3,0.13642473118279927,day_anchor_std,server_midnight,1,0,0,0,TRANSITION_NOISY,TRANSITION_NOISY,TRANSITION
909.65,910.45,908.7,908.85,0,0,0,1,0.9204424401089478,NY,3,0.13642473118279927,day_anchor_std,server_midnight,1,0,0,0,TRANSITION_NOISY,TRANSITION_NOISY,TRANSITION
908.95,910.45,908.45,910.4,0,0,0,1,0.9513228193520289,NY,4,0.4006504065041017,day_anchor_std,server_midnight,1,0,0,0,UNCLASSIFIED,TRANSITION_UNCLASSIFIED,TRANSITION
910.2,910.2,906.55,907.25,0,0,0,1,0.9513228193520289,NY,4,0.4006504065041017,day_anchor_std,server_midnight,1,0,0,0,UNCLASSIFIED,TRANSITION_UNCLASSIFIED,TRANSITION
907.2,907.9,907.15,907.4,0,0,0,1,0.9513228193520289,NY,4,0.4006504065041017,day_anchor_std,server_midnight,1,0,0,0,UNCLASSIFIED,TRANSITION_UNCLASSIFIED,TRANSITION
907.35,907.35,905.6,907.05,0,0,0,1,0.9513228193520289,NY,4,0.4006504065041017,day_anchor_std,server_midnight,1,0,0,0,UNCLASSIFIED,TRANSITION_UNCLASSIFIED,TRANSITION
902.45,904.9,902.45,904.55,0,0,0,1,0.6937419523471768,NY_PM,7,0.14174067495555018,day_anchor_std,server_midnight,1,0,0,0,UNCLASSIFIED,TRANSITION_UNCLASSIFIED,TRANSITION
904.45,906.65,904.35,906.15,0,0,0,1,0.6937419523471768,NY_PM,7,0.14174067495555018,day_anchor_std,server_midnight,1,0,0,0,UNCLASSIFIED,TRANSITION_UNCLASSIFIED,TRANSITION
906.05,909.05,905.55,907.35,0,0,0,1,0.6937419523471768,NY_PM,7,0.14174067495555018,day_anchor_std,server_midnight,1,0,0,0,UNCLASSIFIED,TRANSITION_UNCLASSIFIED,TRANSITION
906.85,907.35,905.55,907.15,0,0,0,1,0.6937419523471768,NY_PM,7,0.14174067495555018,day_anchor_std,server_midnight,1,0,0,0,UNCLASSIFIED,TRANSITION_UNCLASSIFIED,TRANSITION
907.85,909.95,907.35,909.75,0,0,0,1,0.9635787186413783,NY_PM,1,1.6284947900546356,day_anchor_std,server_midnight,0,1,0,0,UNCLASSIFIED,TRANSITION_UNCLASSIFIED,TRANSITION
909.55,911.55,909.55,911.5,0,0,0,1,0.9635787186413783,NY_PM,1,1.6284947900546356,day_anchor_std,server_midnight,0,1,0,0,UNCLASSIFIED,TRANSITION_UNCLASSIFIED,TRANSITION
911.1,913.05,910.85,911.45,0,0,0,1,0.9635787186413783,NY_PM,1,1.6284947900546356,day_anchor_std,server_midnight,0,1,0,0,UNCLASSIFIED,TRANSITION_UNCLASSIFIED,TRANSITION
911.2,911.2,910.25,910.25,0,0,0,1,0.9635787186413783,NY_PM,1,1.6284947900546356,day_anchor_std,server_midnight,0,1,0,0,UNCLASSIFIED,TRANSITION_UNCLASSIFIED,TRANSITION
910.25,910.35,909.45,909.45,0,0,0,1,0.575272398170712,NY_PM,2,1.3207045530076038,day_anchor_std,server_midnight,0,1,0,0,TRANSITION_NOISY,TRANSITION_NOISY,TRANSITION
909.45,909.45,909.45,909.45,0,0,0,1,0.575272398170712,NY_PM,2,1.3207045530076038,day_anchor_std,server_midnight,0,1,0,0,TRANSITION_NOISY,TRANSITION_NOISY,TRANSITION
910.05,910.05,909.2,909.2,0,0,0,1,0.575272398170712,NY_PM,2,1.3207045530076038,day_anchor_std,server_midnight,0,1,0,0,TRANSITION_NOISY,TRANSITION_NOISY,TRANSITION
910.25,910.55,910.25,910.55,0,0,0,1,0.984759998968987,NY,1,0.17680826636052774,day_anchor_std,server_midnight,1,0,0,0,TRANSITION_NOISY,TRANSITION_NOISY,TRANSITION
910.5,913.15,909.6,912.2,0,0,0,1,0.984759998968987,NY,1,0.17680826636052774,day_anchor_std,server_midnight,1,0,0,0,TRANSITION_NOISY,TRANSITION_NOISY,TRANSITION
910.95,911.95,910.55,911.75,0,0,0,1,0.8209976649554936,NY,1,0.2870472682627472,day_anchor_std,server_midnight,1,0,0,0,UNCLASSIFIED,TRANSITION_UNCLASSIFIED,TRANSITION
911.65,911.65,909.55,911.25,0,0,0,1,0.8209976649554936,NY,1,0.2870472682627472,day_anchor_std,server_midnight,1,0,0,0,UNCLASSIFIED,TRANSITION_UNCLASSIFIED,TRANSITION
910.75,910.95,909.45,910.45,0,0,0,1,0.8209976649554936,NY,1,0.2870472682627472,day_anchor_std,server_midnight,1,0,0,0,UNCLASSIFIED,TRANSITION_UNCLASSIFIED,TRANSITION
910.35,911.45,910.25,910.8,0,0,0,1,0.8209976649554936,NY,1,0.2870472682627472,day_anchor_std,server_midnight,1,0,0,0,UNCLASSIFIED,TRANSITION_UNCLASSIFIED,TRANSITION
907.95,908.7,907.75,908.7,0,0,0,1,0.9594623402529967,NY_PM,2,1.4715178243293203,day_anchor_std,server_midnight,0,1,0,0,UNCLASSIFIED,TRANSITION_UNCLASSIFIED,TRANSITION
908.75,909.05,907.35,907.35,0,0,0,1,0.9594623402529967,NY_PM,2,1.4715178243293203,day_anchor_std,server_midnight,0,1,0,0,UNCLASSIFIED,TRANSITION_UNCLASSIFIED,TRANSITION
907.3,907.55,906.65,906.95,0,0,0,1,0.9594623402529967,NY_PM,2,1.4715178243293203,day_anchor_std,server_midnight,0,1,0,0,UNCLASSIFIED,TRANSITION_UNCLASSIFIED,TRANSITION
906.76,906.76,906.05,906.1,0,0,0,1,0.9594623402529967,NY_PM,2,1.4715178243293203,day_anchor_std,server_midnight,0,1,0,0,UNCLASSIFIED,TRANSITION_UNCLASSIFIED,TRANSITION
906.45,907.2,906.2,906.2,0,0,0,1,0.9229640069115919,NY_PM,3,1.3805714285714894,day_anchor_std,server_midnight,0,1,0,0,UNCLASSIFIED,TRANSITION_UNCLASSIFIED,TRANSITION
906.5,906.5,906.45,906.45,0,0,0,1,0.9229640069115919,NY_PM,3,1.3805714285714894,day_anchor_std,server_midnight,0,1,0,0,UNCLASSIFIED,TRANSITION_UNCLASSIFIED,TRANSITION
906.3,906.3,906.3,906.3,0,0,0,1,0.9229640069115919,NY_PM,3,1.3805714285714894,day_anchor_std,server_midnight,0,1,0,0,UNCLASSIFIED,TRANSITION_UNCLASSIFIED,TRANSITION
916.45,916.55,916.05,916.05,0,0,0,1,0.8854839002499703,NY,5,0.2497376705141714,day_anchor_std,server_midnight,1,0,0,0,UNCLASSIFIED,TRANSITION_UNCLASSIFIED,TRANSITION
915.95,918.5,915.95,918.5,0,0,0,1,0.8854839002499703,NY,5,0.2497376705141714,day_anchor_std,server_midnight,1,0,0,0,UNCLASSIFIED,TRANSITION_UNCLASSIFIED,TRANSITION
919.4,919.45,918.75,919.45,0,0,0,1,0.992444018095646,NY,1,0.20851063829788435,day_anchor_std,server_midnight,1,0,0,0,UNCLASSIFIED,TRANSITION_UNCLASSIFIED,TRANSITION
919.65,919.7,916.55,916.85,0,0,0,1,0.992444018095646,NY,1,0.20851063829788435,day_anchor_std,server_midnight,1,0,0,0,UNCLASSIFIED,TRANSITION_UNCLASSIFIED,TRANSITION
916.65,917.05,914.7,916.25,0,0,0,1,0.992444018095646,NY,1,0.20851063829788435,day_anchor_std,server_midnight,1,0,0,0,UNCLASSIFIED,TRANSITION_UNCLASSIFIED,TRANSITION
916.3,916.95,915.55,916.95,0,0,0,1,0.992444018095646,NY,1,0.20851063829788435,day_anchor_std,server_midnight,1,0,0,0,UNCLASSIFIED,TRANSITION_UNCLASSIFIED,TRANSITION
917.05,917.05,914.75,915.25,0,0,0,1,0.9786823435133503,NY,2,0.3798185941043167,day_anchor_std,server_midnight,1,0,0,0,UNCLASSIFIED,TRANSITION_UNCLASSIFIED,TRANSITION
915.45,915.45,911.45,913.05,0,0,0,1,0.9786823435133503,NY,2,0.3798185941043167,day_anchor_std,server_midnight,1,0,0,0,UNCLASSIFIED,TRANSITION_UNCLASSIFIED,TRANSITION
913.15,916.05,913.15,914.45,0,0,0,1,0.9786823435133503,NY,2,0.3798185941043167,day_anchor_std,server_midnight,1,0,0,0,UNCLASSIFIED,TRANSITION_UNCLASSIFIED,TRANSITION
914.35,915.75,913.95,915.75,0,0,0,1,0.9786823435133503,NY,2,0.3798185941043167,day_anchor_std,server_midnight,1,0,0,0,UNCLASSIFIED,TRANSITION_UNCLASSIFIED,TRANSITION
915.85,916.2,914.2,914.25,0,0,0,1,0.9429464294316291,NY_PM,3,0.24819944598335858,day_anchor_std,server_midnight,1,0,0,0,UNCLASSIFIED,TRANSITION_UNCLASSIFIED,TRANSITION
914.55,915.35,914.45,914.95,0,0,0,1,0.9429464294316291,NY_PM,3,0.24819944598335858,day_anchor_std,server_midnight,1,0,0,0,UNCLASSIFIED,TRANSITION_UNCLASSIFIED,TRANSITION
914.75,917.55,914.7,917.55,0,0,0,1,0.9429464294316291,NY_PM,3,0.24819944598335858,day_anchor_std,server_midnight,1,0,0,0,UNCLASSIFIED,TRANSITION_UNCLASSIFIED,TRANSITION
917.35,917.95,916.85,917.95,0,0,0,1,0.9429464294316291,NY_PM,3,0.24819944598335858,day_anchor_std,server_midnight,1,0,0,0,UNCLASSIFIED,TRANSITION_UNCLASSIFIED,TRANSITION
918.0,919.55,918.0,919.2,0,0,0,1,0.7339776780780277,NY_PM,4,0.3753833976451473,day_anchor_std,server_midnight,1,0,0,0,UNCLASSIFIED,TRANSITION_UNCLASSIFIED,TRANSITION
919.25,919.85,919.15,919.15,0,0,0,1,0.7339776780780277,NY_PM,4,0.3753833976451473,day_anchor_std,server_midnight,1,0,0,0,UNCLASSIFIED,TRANSITION_UNCLASSIFIED,TRANSITION
919.05,920.25,917.55,917.85,0,0,0,1,0.7339776780780277,NY_PM,4,0.3753833976451473,day_anchor_std,server_midnight,1,0,0,0,UNCLASSIFIED,TRANSITION_UNCLASSIFIED,TRANSITION
917.65,919.95,917.45,918.45,0,0,0,1,0.7339776780780277,NY_PM,4,0.3753833976451473,day_anchor_std,server_midnight,1,0,0,0,UNCLASSIFIED,TRANSITION_UNCLASSIFIED,TRANSITION
919.2,919.2,918.7,918.7,0,0,0,2,0.7987471524986531,NY_PM,1,0.909492273730668,day_anchor_std,server_midnight,0,0,0,1,UNCLASSIFIED,TREND_UNCLASSIFIED,TREND
920.34,920.34,919.95,920.2,0,0,0,2,0.7987471524986531,NY_PM,1,0.909492273730668,day_anchor_std,server_midnight,0,0,0,1,UNCLASSIFIED,TREND_UNCLASSIFIED,TREND
920.4,920.45,920.2,920.45,0,0,0,2,0.7987471524986531,NY_PM,1,0.909492273730668,day_anchor_std,server_midnight,0,0,0,1,UNCLASSIFIED,TREND_UNCLASSIFIED,TREND
920.45,920.45,920.45,920.45,0,0,0,1,0.9716510222813555,NY_PM,1,0.48659384309827886,day_anchor_std,server_midnight,1,0,0,0,UNCLASSIFIED,TRANSITION_UNCLASSIFIED,TRANSITION
919.45,919.45,919.45,919.45,0,0,0,1,0.9716510222813555,NY_PM,1,0.48659384309827886,day_anchor_std,server_midnight,1,0,0,0,UNCLASSIFIED,TRANSITION_UNCLASSIFIED,TRANSITION
919.95,919.95,919.95,919.95,0,0,0,1,0.9716510222813555,NY_PM,1,0.48659384309827886,day_anchor_std,server_midnight,1,0,0,0,UNCLASSIFIED,TRANSITION_UNCLASSIFIED,TRANSITION
918.75,918.75,918.75,918.75,0,0,0,1,0.9716510222813555,NY_PM,1,0.48659384309827886,day_anchor_std,server_midnight,1,0,0,0,UNCLASSIFIED,TRANSITION_UNCLASSIFIED,TRANSITION
922.0,924.05,922.0,923.45,0,0,0,1,0.9978667625683892,NY,1,0.706016361188763,day_anchor_std,server_midnight,1,0,0,0,TRANSITION_NOISY,TRANSITION_NOISY,TRANSITION
923.55,923.55,922.75,923.45,0,0,0,1,0.9978667625683892,NY,1,0.706016361188763,day_anchor_std,server_midnight,1,0,0,0,TRANSITION_NOISY,TRANSITION_NOISY,TRANSITION
923.35,924.25,923.15,923.75,0,0,0,1,0.9978667625683892,NY,1,0.706016361188763,day_anchor_std,server_midnight,1,0,0,0,TRANSITION_NOISY,TRANSITION_NOISY,TRANSITION
923.65,924.2,922.8,924.15,0,0,0,1,0.9978667625683892,NY,1,0.706016361188763,day_anchor_std,server_midnight,1,0,0,0,TRANSITION_NOISY,TRANSITION_NOISY,TRANSITION
924.25,925.55,923.85,925.55,0,0,0,1,0.9717461089696073,NY,2,0.21688034188033356,day_anchor_std,server_midnight,1,0,0,0,TRANSITION_NOISY,TRANSITION_NOISY,TRANSITION
925.25,925.25,923.05,923.15,0,0,0,1,0.9717461089696073,NY,2,0.21688034188033356,day_anchor_std,server_midnight,1,0,0,0,TRANSITION_NOISY,TRANSITION_NOISY,TRANSITION
922.95,923.55,921.7,921.7,0,0,0,1,0.9717461089696073,NY,2,0.21688034188033356,day_anchor_std,server_midnight,1,0,0,0,TRANSITION_NOISY,TRANSITION_NOISY,TRANSITION
921.75,922.95,921.6,922.45,0,0,0,1,0.9717461089696073,NY,2,0.21688034188033356,day_anchor_std,server_midnight,1,0,0,0,TRANSITION_NOISY,TRANSITION_NOISY,TRANSITION
922.25,922.35,921.45,921.95,0,0,0,1,0.9556825222738989,NY_PM,3,0.3939823008849629,day_anchor_std,server_midnight,1,0,0,0,TRANSITION_NOISY,TRANSITION_NOISY,TRANSITION
922.05,923.45,921.95,923.35,0,0,0,1,0.9556825222738989,NY_PM,3,0.3939823008849629,day_anchor_std,server_midnight,1,0,0,0,TRANSITION_NOISY,TRANSITION_NOISY,TRANSITION
923.25,923.55,922.25,923.55,0,0,0,1,0.9556825222738989,NY_PM,3,0.3939823008849629,day_anchor_std,server_midnight,1,0,0,0,TRANSITION_NOISY,TRANSITION_NOISY,TRANSITION
923.75,924.45,923.05,923.35,0,0,0,1,0.9556825222738989,NY_PM,3,0.3939823008849629,day_anchor_std,server_midnight,1,0,0,0,TRANSITION_NOISY,TRANSITION_NOISY,TRANSITION
922.05,922.35,922.05,922.35,0,0,0,1,0.8631980340086661,NY_PM,1,0.08624316365171232,day_anchor_std,server_midnight,1,0,0,0,TRANSITION_NOISY,TRANSITION_NOISY,TRANSITION
921.75,921.75,921.75,921.75,0,0,0,1,0.8631980340086661,NY_PM,1,0.08624316365171232,day_anchor_std,server_midnight,1,0,0,0,TRANSITION_NOISY,TRANSITION_NOISY,TRANSITION
921.75,921.75,921.75,921.75,0,0,0,1,0.8631980340086661,NY_PM,1,0.08624316365171232,day_anchor_std,server_midnight,1,0,0,0,TRANSITION_NOISY,TRANSITION_NOISY,TRANSITION
921.51,921.51,921.51,921.51,0,0,0,1,0.8631980340086661,NY_PM,1,0.08624316365171232,day_anchor_std,server_midnight,1,0,0,0,TRANSITION_NOISY,TRANSITION_NOISY,TRANSITION
921.45,921.8,920.95,920.95,0,0,0,1,0.8890208689299521,NY_PM,2,0.3761391420316007,day_anchor_std,server_midnight,1,0,0,0,TRANSITION_NOISY,TRANSITION_NOISY,TRANSITION
921.35,921.35,921.35,921.35,0,0,0,1,0.8890208689299521,NY_PM,2,0.3761391420316007,day_anchor_std,server_midnight,1,0,0,0,TRANSITION_NOISY,TRANSITION_NOISY,TRANSITION
920.96,920.96,920.96,920.96,0,0,0,1,0.8890208689299521,NY_PM,2,0.3761391420316007,day_anchor_std,server_midnight,1,0,0,0,TRANSITION_NOISY,TRANSITION_NOISY,TRANSITION
920.55,920.55,920.55,920.55,0,0,0,1,0.8890208689299521,NY_PM,2,0.3761391420316007,day_anchor_std,server_midnight,1,0,0,0,TRANSITION_NOISY,TRANSITION_NOISY,TRANSITION
926.55,926.55,925.65,925.95,0,0,0,1,0.8732161425651755,NY,1,0.2228057611203815,day_anchor_std,server_midnight,1,0,0,0,TRANSITION_NOISY,TRANSITION_NOISY,TRANSITION
925.55,925.55,924.55,924.55,0,0,0,1,0.8732161425651755,NY,1,0.2228057611203815,day_anchor_std,server_midnight,1,0,0,0,TRANSITION_NOISY,TRANSITION_NOISY,TRANSITION
924.5,925.05,923.95,924.55,0,0,0,1,0.9458596101723841,NY,2,0.022909507445608147,day_anchor_std,server_midnight,1,0,0,0,UNCLASSIFIED,TRANSITION_UNCLASSIFIED,TRANSITION
924.35,926.35,924.35,926.25,0,0,0,1,0.9458596101723841,NY,2,0.022909507445608147,day_anchor_std,server_midnight,1,0,0,0,UNCLASSIFIED,TRANSITION_UNCLASSIFIED,TRANSITION
926.05,926.55,925.2,925.2,0,0,0,1,0.9458596101723841,NY,2,0.022909507445608147,day_anchor_std,server_midnight,1,0,0,0,UNCLASSIFIED,TRANSITION_UNCLASSIFIED,TRANSITION
925.25,925.75,925.15,925.15,0,0,0,1,0.9458596101723841,NY,2,0.022909507445608147,day_anchor_std,server_midnight,1,0,0,0,UNCLASSIFIED,TRANSITION_UNCLASSIFIED,TRANSITION
925.05,925.05,923.7,923.9,0,0,0,1,0.9932213348056874,NY,3,0.47642197374820805,day_anchor_std,server_midnight,1,0,0,0,UNCLASSIFIED,TRANSITION_UNCLASSIFIED,TRANSITION
923.8,923.85,922.05,922.25,0,0,0,1,0.9932213348056874,NY,3,0.47642197374820805,day_anchor_std,server_midnight,1,0,0,0,UNCLASSIFIED,TRANSITION_UNCLASSIFIED,TRANSITION
922.05,923.65,921.95,923.25,0,0,0,1,0.9932213348056874,NY,3,0.47642197374820805,day_anchor_std,server_midnight,1,0,0,0,UNCLASSIFIED,TRANSITION_UNCLASSIFIED,TRANSITION
923.35,923.55,923.15,923.4,0,0,0,1,0.9932213348056874,NY,3,0.47642197374820805,day_anchor_std,server_midnight,1,0,0,0,UNCLASSIFIED,TRANSITION_UNCLASSIFIED,TRANSITION
923.55,924.45,923.55,923.75,0,0,0,1,0.9866719799049015,NY,4,0.20350491989919084,day_anchor_std,server_midnight,1,0,0,0,UNCLASSIFIED,TRANSITION_UNCLASSIFIED,TRANSITION
923.55,924.15,923.55,923.75,0,0,0,1,0.9866719799049015,NY,4,0.20350491989919084,day_anchor_std,server_midnight,1,0,0,0,UNCLASSIFIED,TRANSITION_UNCLASSIFIED,TRANSITION
923.7,925.15,923.55,924.65,0,0,0,1,0.9866719799049015,NY,4,0.20350491989919084,day_anchor_std,server_midnight,1,0,0,0,UNCLASSIFIED,TRANSITION_UNCLASSIFIED,TRANSITION
924.85,925.25,923.95,924.05,0,0,0,1,0.9866719799049015,NY,4,0.20350491989919084,day_anchor_std,server_midnight,1,0,0,0,UNCLASSIFIED,TRANSITION_UNCLASSIFIED,TRANSITION
924.2,924.95,923.75,923.95,0,0,0,1,0.9985434737310408,NY_PM,5,0.515027650877567,day_anchor_std,server_midnight,1,0,0,0,UNCLASSIFIED,TRANSITION_UNCLASSIFIED,TRANSITION
924.05,924.45,923.55,924.3,0,0,0,1,0.9985434737310408,NY_PM,5,0.515027650877567,day_anchor_std,server_midnight,1,0,0,0,UNCLASSIFIED,TRANSITION_UNCLASSIFIED,TRANSITION
924.4,924.75,923.75,923.75,0,0,0,1,0.9985434737310408,NY_PM,5,0.515027650877567,day_anchor_std,server_midnight,1,0,0,0,UNCLASSIFIED,TRANSITION_UNCLASSIFIED,TRANSITION
923.65,923.65,922.65,922.95,0,0,0,1,0.9985434737310408,NY_PM,5,0.515027650877567,day_anchor_std,server_midnight,1,0,0,0,UNCLASSIFIED,TRANSITION_UNCLASSIFIED,TRANSITION
922.75,922.75,921.45,921.95,0,0,0,1,0.9982836561662062,NY_PM,6,0.6574563981971167,day_anchor_std,server_midnight,1,0,0,0,UNCLASSIFIED,TRANSITION_UNCLASSIFIED,TRANSITION
921.8,922.55,921.45,922.25,0,0,0,1,0.9982836561662062,NY_PM,6,0.6574563981971167,day_anchor_std,server_midnight,1,0,0,0,UNCLASSIFIED,TRANSITION_UNCLASSIFIED,TRANSITION
922.05,922.45,921.85,922.45,0,0,0,1,0.9982836561662062,NY_PM,6,0.6574563981971167,day_anchor_std,server_midnight,1,0,0,0,UNCLASSIFIED,TRANSITION_UNCLASSIFIED,TRANSITION
921.85,922.6,921.85,922.45,0,0,0,1,0.9982836561662062,NY_PM,6,0.6574563981971167,day_anchor_std,server_midnight,1,0,0,0,UNCLASSIFIED,TRANSITION_UNCLASSIFIED,TRANSITION
922.6,922.95,922.05,922.35,0,0,0,1,0.9950759186727447,NY_PM,7,0.6609703398153075,day_anchor_std,server_midnight,1,0,0,0,UNCLASSIFIED,TRANSITION_UNCLASSIFIED,TRANSITION
922.35,922.35,922.35,922.35,0,0,0,1,0.9950759186727447,NY_PM,7,0.6609703398153075,day_anchor_std,server_midnight,1,0,0,0,UNCLASSIFIED,TRANSITION_UNCLASSIFIED,TRANSITION
922.35,922.35,922.3,922.3,0,0,0,1,0.9950759186727447,NY_PM,7,0.6609703398153075,day_anchor_std,server_midnight,1,0,0,0,UNCLASSIFIED,TRANSITION_UNCLASSIFIED,TRANSITION
922.6,922.6,922.6,922.6,0,0,0,1,0.9950759186727447,NY_PM,7,0.6609703398153075,day_anchor_std,server_midnight,1,0,0,0,UNCLASSIFIED,TRANSITION_UNCLASSIFIED,TRANSITION
921.8,921.85,921.8,921.85,0,0,0,1,0.9993238632912477,NY_PM,9,0.7789363787988643,day_anchor_std,server_midnight,1,0,0,0,UNCLASSIFIED,TRANSITION_UNCLASSIFIED,TRANSITION
921.6,921.6,921.6,921.6,0,0,0,1,0.9993238632912477,NY_PM,9,0.7789363787988643,day_anchor_std,server_midnight,1,0,0,0,UNCLASSIFIED,TRANSITION_UNCLASSIFIED,TRANSITION
922.4,922.4,922.4,922.4,0,0,0,1,0.9993238632912477,NY_PM,9,0.7789363787988643,day_anchor_std,server_midnight,1,0,0,0,UNCLASSIFIED,TRANSITION_UNCLASSIFIED,TRANSITION
910.35,911.95,909.15,909.85,0,0,0,1,0.7291693560322497,NY,1,0.48941157452309464,day_anchor_std,server_midnight,1,0,0,0,UNCLASSIFIED,TRANSITION_UNCLASSIFIED,TRANSITION
909.45,911.5,908.55,910.55,0,0,0,1,0.7291693560322497,NY,1,0.48941157452309464,day_anchor_std,server_midnight,1,0,0,0,UNCLASSIFIED,TRANSITION_UNCLASSIFIED,TRANSITION
910.75,913.5,910.75,912.95,0,0,0,1,0.7291693560322497,NY,1,0.48941157452309464,day_anchor_std,server_midnight,1,0,0,0,UNCLASSIFIED,TRANSITION_UNCLASSIFIED,TRANSITION
913.25,914.45,913.25,913.8,0,0,0,1,0.7291693560322497,NY,1,0.48941157452309464,day_anchor_std,server_midnight,1,0,0,0,UNCLASSIFIED,TRANSITION_UNCLASSIFIED,TRANSITION
914.15,915.2,913.6,914.85,0,0,0,2,0.9514186934925625,NY_PM,2,0.13619047619048225,day_anchor_std,server_midnight,0,0,0,1,TREND_STRONG,TREND_STRONG,TREND
914.75,914.75,913.3,914.25,0,0,0,2,0.9514186934925625,NY_PM,2,0.13619047619048225,day_anchor_std,server_midnight,0,0,0,1,TREND_STRONG,TREND_STRONG,TREND
914.15,914.3,912.65,912.65,0,0,0,2,0.9514186934925625,NY_PM,2,0.13619047619048225,day_anchor_std,server_midnight,0,0,0,1,TREND_STRONG,TREND_STRONG,TREND
912.55,912.8,911.25,912.55,0,0,0,2,0.9514186934925625,NY_PM,2,0.13619047619048225,day_anchor_std,server_midnight,0,0,0,1,TREND_STRONG,TREND_STRONG,TREND
913.05,914.75,913.05,913.6,0,0,0,1,0.9641055598395476,NY_PM,1,0.6370614035087491,day_anchor_std,server_midnight,1,0,0,0,UNCLASSIFIED,TRANSITION_UNCLASSIFIED,TRANSITION
914.1,914.1,913.15,913.15,0,0,0,1,0.9641055598395476,NY_PM,1,0.6370614035087491,day_anchor_std,server_midnight,1,0,0,0,UNCLASSIFIED,TRANSITION_UNCLASSIFIED,TRANSITION
913.2,914.5,913.2,914.45,0,0,0,1,0.9641055598395476,NY_PM,1,0.6370614035087491,day_anchor_std,server_midnight,1,0,0,0,UNCLASSIFIED,TRANSITION_UNCLASSIFIED,TRANSITION
914.55,915.25,914.55,915.25,0,0,0,1,0.9641055598395476,NY_PM,1,0.6370614035087491,day_anchor_std,server_midnight,1,0,0,0,UNCLASSIFIED,TRANSITION_UNCLASSIFIED,TRANSITION
916.15,916.15,916.15,916.15,0,0,0,1,0.9775315435636699,NY_PM,4,1.434559736874319,day_anchor_std,server_midnight,0,1,0,0,UNCLASSIFIED,TRANSITION_UNCLASSIFIED,TRANSITION
916.45,916.9,916.45,916.9,0,0,0,1,0.9775315435636699,NY_PM,4,1.434559736874319,day_anchor_std,server_midnight,0,1,0,0,UNCLASSIFIED,TRANSITION_UNCLASSIFIED,TRANSITION
917.94,917.94,917.94,917.94,0,0,0,1,0.9775315435636699,NY_PM,4,1.434559736874319,day_anchor_std,server_midnight,0,1,0,0,UNCLASSIFIED,TRANSITION_UNCLASSIFIED,TRANSITION
915.05,915.05,915.05,915.05,0,0,0,1,0.9980480248176999,NY,5,0.08421685841040107,day_anchor_std,server_midnight,1,0,0,0,UNCLASSIFIED,TRANSITION_UNCLASSIFIED,TRANSITION
914.75,915.85,913.65,915.15,0,0,0,1,0.9980480248176999,NY,5,0.08421685841040107,day_anchor_std,server_midnight,1,0,0,0,UNCLASSIFIED,TRANSITION_UNCLASSIFIED,TRANSITION
915.3,918.25,915.3,917.65,0,0,0,1,0.9987296043567132,NY,6,0.7921352287997867,day_anchor_std,server_midnight,1,0,0,0,UNCLASSIFIED,TRANSITION_UNCLASSIFIED,TRANSITION
917.55,918.4,916.95,917.05,0,0,0,1,0.9987296043567132,NY,6,0.7921352287997867,day_anchor_std,server_midnight,1,0,0,0,UNCLASSIFIED,TRANSITION_UNCLASSIFIED,TRANSITION
916.95,919.25,916.55,918.95,0,0,0,1,0.9987296043567132,NY,6,0.7921352287997867,day_anchor_std,server_midnight,1,0,0,0,UNCLASSIFIED,TRANSITION_UNCLASSIFIED,TRANSITION
918.8,919.45,918.55,918.75,0,0,0,1,0.9987296043567132,NY,6,0.7921352287997867,day_anchor_std,server_midnight,1,0,0,0,UNCLASSIFIED,TRANSITION_UNCLASSIFIED,TRANSITION
920.25,921.05,919.85,920.75,0,0,0,1,0.7475485734658486,NY_PM,1,0.7999219968798859,day_anchor_std,server_midnight,1,0,0,0,UNCLASSIFIED,TRANSITION_UNCLASSIFIED,TRANSITION
920.95,920.95,919.4,920.15,0,0,0,1,0.7475485734658486,NY_PM,1,0.7999219968798859,day_anchor_std,server_midnight,1,0,0,0,UNCLASSIFIED,TRANSITION_UNCLASSIFIED,TRANSITION
920.05,920.3,919.7,920.25,0,0,0,1,0.7475485734658486,NY_PM,1,0.7999219968798859,day_anchor_std,server_midnight,1,0,0,0,UNCLASSIFIED,TRANSITION_UNCLASSIFIED,TRANSITION
920.15,920.7,920.05,920.55,0,0,0,1,0.7475485734658486,NY_PM,1,0.7999219968798859,day_anchor_std,server_midnight,1,0,0,0,UNCLASSIFIED,TRANSITION_UNCLASSIFIED,TRANSITION
920.5,920.5,916.6,917.65,0,0,0,1,0.9933491621539716,NY_PM,2,0.06448079269046986,day_anchor_std,server_midnight,1,0,0,0,UNCLASSIFIED,TRANSITION_UNCLASSIFIED,TRANSITION
917.7,917.8,915.35,917.2,0,0,0,1,0.9933491621539716,NY_PM,2,0.06448079269046986,day_anchor_std,server_midnight,1,0,0,0,UNCLASSIFIED,TRANSITION_UNCLASSIFIED,TRANSITION
916.7,917.75,916.7,917.55,0,0,0,1,0.9933491621539716,NY_PM,2,0.06448079269046986,day_anchor_std,server_midnight,1,0,0,0,UNCLASSIFIED,TRANSITION_UNCLASSIFIED,TRANSITION
916.75,917.5,916.45,917.45,0,0,0,1,0.9933491621539716,NY_PM,2,0.06448079269046986,day_anchor_std,server_midnight,1,0,0,0,UNCLASSIFIED,TRANSITION_UNCLASSIFIED,TRANSITION
917.45,918.35,917.45,918.35,0,0,0,1,0.9965594088215449,NY_PM,3,0.031121204474673106,day_anchor_std,server_midnight,1,0,0,0,UNCLASSIFIED,TRANSITION_UNCLASSIFIED,TRANSITION
918.35,918.35,918.35,918.35,0,0,0,1,0.9965594088215449,NY_PM,3,0.031121204474673106,day_anchor_std,server_midnight,1,0,0,0,UNCLASSIFIED,TRANSITION_UNCLASSIFIED,TRANSITION
917.6,917.6,917.6,917.6,0,0,0,1,0.9965594088215449,NY_PM,3,0.031121204474673106,day_anchor_std,server_midnight,1,0,0,0,UNCLASSIFIED,TRANSITION_UNCLASSIFIED,TRANSITION
917.7,917.7,916.95,916.95,0,0,0,1,0.994899619853224,NY_PM,4,0.1879682281793733,day_anchor_std,server_midnight,1,0,0,0,UNCLASSIFIED,TRANSITION_UNCLASSIFIED,TRANSITION
916.8,916.8,916.8,916.8,0,0,0,1,0.994899619853224,NY_PM,4,0.1879682281793733,day_anchor_std,server_midnight,1,0,0,0,UNCLASSIFIED,TRANSITION_UNCLASSIFIED,TRANSITION
917.15,917.15,916.95,916.95,0,0,0,1,0.994899619853224,NY_PM,4,0.1879682281793733,day_anchor_std,server_midnight,1,0,0,0,UNCLASSIFIED,TRANSITION_UNCLASSIFIED,TRANSITION
917.2,917.2,917.2,917.2,0,0,0,1,0.994899619853224,NY_PM,4,0.1879682281793733,day_anchor_std,server_midnight,1,0,0,0,UNCLASSIFIED,TRANSITION_UNCLASSIFIED,TRANSITION
916.55,916.55,916.55,916.55,0,0,0,1,0.990171674169763,NY_PM,5,0.46602387511471427,day_anchor_std,server_midnight,1,0,0,0,UNCLASSIFIED,TRANSITION_UNCLASSIFIED,TRANSITION
930.3,931.15,928.95,929.65,0,0,0,2,0.9830698498167384,NY_PM,5,2.061306021645988,day_anchor_std,server_midnight,0,0,0,1,TREND_STRONG,TREND_STRONG,TREND
929.85,932.4,929.85,931.25,0,0,0,2,0.9830698498167384,NY_PM,5,2.061306021645988,day_anchor_std,server_midnight,0,0,0,1,TREND_STRONG,TREND_STRONG,TREND
931.3,932.55,931.05,931.8,0,0,0,2,0.9830698498167384,NY_PM,5,2.061306021645988,day_anchor_std,server_midnight,0,0,0,1,TREND_STRONG,TREND_STRONG,TREND
931.95,932.85,930.8,932.85,0,0,0,2,0.9830698498167384,NY_PM,5,2.061306021645988,day_anchor_std,server_midnight,0,0,0,1,TREND_STRONG,TREND_STRONG,TREND
932.95,933.45,931.95,931.95,0,0,0,2,0.9953654989989746,NY_PM,6,1.8780055682106152,day_anchor_std,server_midnight,0,0,0,1,TREND_STRONG,TREND_STRONG,TREND
931.75,932.9,931.15,932.9,0,0,0,2,0.9953654989989746,NY_PM,6,1.8780055682106152,day_anchor_std,server_midnight,0,0,0,1,TREND_STRONG,TREND_STRONG,TREND
933.05,933.4,932.45,932.95,0,0,0,2,0.9953654989989746,NY_PM,6,1.8780055682106152,day_anchor_std,server_midnight,0,0,0,1,TREND_STRONG,TREND_STRONG,TREND
933.3,933.4,932.2,932.45,0,0,0,2,0.9953654989989746,NY_PM,6,1.8780055682106152,day_anchor_std,server_midnight,0,0,0,1,TREND_STRONG,TREND_STRONG,TREND
932.35,932.4,930.82,930.82,0,0,0,2,0.9900141027548864,NY_PM,7,1.5627779125233117,day_anchor_std,server_midnight,0,0,0,1,TREND_STRONG,TREND_STRONG,TREND
931.45,931.45,931.45,931.45,0,0,0,2,0.9900141027548864,NY_PM,7,1.5627779125233117,day_anchor_std,server_midnight,0,0,0,1,TREND_STRONG,TREND_STRONG,TREND
931.45,931.45,931.45,931.45,0,0,0,2,0.9900141027548864,NY_PM,7,1.5627779125233117,day_anchor_std,server_midnight,0,0,0,1,TREND_STRONG,TREND_STRONG,TREND
931.45,931.45,931.45,931.45,0,0,0,2,0.9900141027548864,NY_PM,7,1.5627779125233117,day_anchor_std,server_midnight,0,0,0,1,TREND_STRONG,TREND_STRONG,TREND
932.95,932.95,931.95,932.95,0,0,0,2,0.9974679905736362,NY_PM,8,2.2054056244428435,day_anchor_std,server_midnight,0,0,0,1,TREND_STRONG,TREND_STRONG,TREND
933.2,933.45,933.2,933.45,0,0,0,2,0.9974679905736362,NY_PM,8,2.2054056244428435,day_anchor_std,server_midnight,0,0,0,1,TREND_STRONG,TREND_STRONG,TREND
933.45,933.45,933.45,933.45,0,0,0,2,0.9974679905736362,NY_PM,8,2.2054056244428435,day_anchor_std,server_midnight,0,0,0,1,TREND_STRONG,TREND_STRONG,TREND
933.85,933.85,933.65,933.65,0,0,0,2,0.9974679905736362,NY_PM,8,2.2054056244428435,day_anchor_std,server_midnight,0,0,0,1,TREND_STRONG,TREND_STRONG,TREND
939.1,939.1,937.95,937.95,0,0,0,2,0.9985545699670758,NY_PM,12,0.4809961535954367,day_anchor_std,server_midnight,0,0,0,1,UNCLASSIFIED,TREND_UNCLASSIFIED,TREND
938.15,938.3,935.2,935.35,0,0,0,2,0.9985545699670758,NY_PM,12,0.4809961535954367,day_anchor_std,server_midnight,0,0,0,1,UNCLASSIFIED,TREND_UNCLASSIFIED,TREND
935.45,936.15,935.05,935.85,0,0,0,2,0.9985545699670758,NY_PM,12,0.4809961535954367,day_anchor_std,server_midnight,0,0,0,1,UNCLASSIFIED,TREND_UNCLASSIFIED,TREND
935.95,938.25,935.55,937.25,0,0,0,2,0.9985545699670758,NY_PM,12,0.4809961535954367,day_anchor_std,server_midnight,0,0,0,1,UNCLASSIFIED,TREND_UNCLASSIFIED,TREND
937.15,937.15,935.85,935.95,0,0,0,2,0.8523172245896832,NY_PM,12,0.9422462776326354,day_anchor_std,server_midnight,0,0,0,1,UNCLASSIFIED,TREND_UNCLASSIFIED,TREND
935.9,935.9,934.15,934.95,0,0,0,2,0.8523172245896832,NY_PM,12,0.9422462776326354,day_anchor_std,server_midnight,0,0,0,1,UNCLASSIFIED,TREND_UNCLASSIFIED,TREND
935.25,935.85,934.95,935.75,0,0,0,2,0.8523172245896832,NY_PM,12,0.9422462776326354,day_anchor_std,server_midnight,0,0,0,1,UNCLASSIFIED,TREND_UNCLASSIFIED,TREND
935.95,936.25,935.02,935.02,0,0,0,2,0.8523172245896832,NY_PM,12,0.9422462776326354,day_anchor_std,server_midnight,0,0,0,1,UNCLASSIFIED,TREND_UNCLASSIFIED,TREND
935.45,935.45,935.45,935.45,0,0,0,2,0.6919239006708349,NY_PM,12,0.8673303678599129,day_anchor_std,server_midnight,0,0,0,1,UNCLASSIFIED,TREND_UNCLASSIFIED,TREND
935.6,936.45,935.6,936.45,0,0,0,2,0.6919239006708349,NY_PM,12,0.8673303678599129,day_anchor_std,server_midnight,0,0,0,1,UNCLASSIFIED,TREND_UNCLASSIFIED,TREND
935.75,935.75,935.45,935.45,0,0,0,2,0.6919239006708349,NY_PM,12,0.8673303678599129,day_anchor_std,server_midnight,0,0,0,1,UNCLASSIFIED,TREND_UNCLASSIFIED,TREND
936.3,936.3,936.3,936.3,0,0,0,1,0.6720369047699882,NY_PM,1,0.6995777727512903,day_anchor_std,server_midnight,1,0,0,0,UNCLASSIFIED,TRANSITION_UNCLASSIFIED,TRANSITION
935.35,936.0,935.35,936.0,0,0,0,1,0.6720369047699882,NY_PM,1,0.6995777727512903,day_anchor_std,server_midnight,1,0,0,0,UNCLASSIFIED,TRANSITION_UNCLASSIFIED,TRANSITION
934.55,935.35,934.35,935.05,0,0,0,1,0.7803315577598865,NY,1,0.5295265983406352,day_anchor_std,server_midnight,1,0,0,0,TRANSITION_NOISY,TRANSITION_NOISY,TRANSITION
935.15,935.35,934.15,934.55,0,0,0,1,0.7803315577598865,NY,1,0.5295265983406352,day_anchor_std,server_midnight,1,0,0,0,TRANSITION_NOISY,TRANSITION_NOISY,TRANSITION
934.7,934.9,934.3,934.35,0,0,0,1,0.7803315577598865,NY,1,0.5295265983406352,day_anchor_std,server_midnight,1,0,0,0,TRANSITION_NOISY,TRANSITION_NOISY,TRANSITION
934.25,935.85,933.95,935.85,0,0,0,1,0.7803315577598865,NY,1,0.5295265983406352,day_anchor_std,server_midnight,1,0,0,0,TRANSITION_NOISY,TRANSITION_NOISY,TRANSITION
935.65,936.35,934.55,934.55,0,0,0,1,0.9075875934755602,NY_PM,2,0.11506243085191228,day_anchor_std,server_midnight,1,0,0,0,TRANSITION_NOISY,TRANSITION_NOISY,TRANSITION
934.25,934.45,933.55,934.05,0,0,0,1,0.9075875934755602,NY_PM,2,0.11506243085191228,day_anchor_std,server_midnight,1,0,0,0,TRANSITION_NOISY,TRANSITION_NOISY,TRANSITION
934.15,934.2,933.45,933.55,0,0,0,1,0.9075875934755602,NY_PM,2,0.11506243085191228,day_anchor_std,server_midnight,1,0,0,0,TRANSITION_NOISY,TRANSITION_NOISY,TRANSITION
932.95,933.95,932.75,933.95,0,0,0,1,0.9075875934755602,NY_PM,2,0.11506243085191228,day_anchor_std,server_midnight,1,0,0,0,TRANSITION_NOISY,TRANSITION_NOISY,TRANSITION
933.75,935.05,933.75,934.7,0,0,0,1,0.4206584536717309,NY_PM,3,0.5940093098563118,day_anchor_std,server_midnight,1,0,0,0,TRANSITION_NOISY,TRANSITION_NOISY,TRANSITION
934.6,937.35,934.6,935.55,0,0,0,1,0.4206584536717309,NY_PM,3,0.5940093098563118,day_anchor_std,server_midnight,1,0,0,0,TRANSITION_NOISY,TRANSITION_NOISY,TRANSITION
935.85,936.4,935.85,936.1,0,0,0,1,0.4206584536717309,NY_PM,3,0.5940093098563118,day_anchor_std,server_midnight,1,0,0,0,TRANSITION_NOISY,TRANSITION_NOISY,TRANSITION
935.95,935.95,935.95,935.95,0,0,0,1,0.7283258096531757,NY_PM,4,0.5507497116493781,day_anchor_std,server_midnight,1,0,0,0,TRANSITION_NOISY,TRANSITION_NOISY,TRANSITION
929.75,929.75,929.25,929.7,0,0,0,1,0.9686178478936219,NY,1,0.02483590562357822,day_anchor_std,server_midnight,1,0,0,0,UNCLASSIFIED,TRANSITION_UNCLASSIFIED,TRANSITION
929.9,931.05,929.75,930.05,0,0,0,1,0.9686178478936219,NY,1,0.02483590562357822,day_anchor_std,server_midnight,1,0,0,0,UNCLASSIFIED,TRANSITION_UNCLASSIFIED,TRANSITION
929.95,930.55,928.55,928.55,0,0,0,1,0.9914979851873217,NY,2,0.6148564294632061,day_anchor_std,server_midnight,1,0,0,0,TRANSITION_NOISY,TRANSITION_NOISY,TRANSITION
928.5,928.75,926.85,927.75,0,0,0,1,0.9914979851873217,NY,2,0.6148564294632061,day_anchor_std,server_midnight,1,0,0,0,TRANSITION_NOISY,TRANSITION_NOISY,TRANSITION
928.05,928.55,927.9,928.2,0,0,0,1,0.9914979851873217,NY,2,0.6148564294632061,day_anchor_std,server_midnight,1,0,0,0,TRANSITION_NOISY,TRANSITION_NOISY,TRANSITION
927.9,927.9,926.7,927.65,0,0,0,1,0.9914979851873217,NY,2,0.6148564294632061,day_anchor_std,server_midnight,1,0,0,0,TRANSITION_NOISY,TRANSITION_NOISY,TRANSITION
926.2,926.35,925.95,925.95,0,0,0,1,0.8212700225146597,NY,4,0.41388174807197026,day_anchor_std,server_midnight,1,0,0,0,TRANSITION_NOISY,TRANSITION_NOISY,TRANSITION
925.85,926.4,925.35,926.25,0,0,0,1,0.8212700225146597,NY,4,0.41388174807197026,day_anchor_std,server_midnight,1,0,0,0,TRANSITION_NOISY,TRANSITION_NOISY,TRANSITION
926.1,926.5,925.35,926.25,0,0,0,1,0.8212700225146597,NY,4,0.41388174807197026,day_anchor_std,server_midnight,1,0,0,0,TRANSITION_NOISY,TRANSITION_NOISY,TRANSITION
925.95,927.35,925.95,927.15,0,0,0,1,0.8212700225146597,NY,4,0.41388174807197026,day_anchor_std,server_midnight,1,0,0,0,TRANSITION_NOISY,TRANSITION_NOISY,TRANSITION
927.25,928.85,927.25,928.05,0,0,0,1,0.6930910983305606,NY_PM,5,0.01603271983642525,day_anchor_std,server_midnight,1,0,0,0,TRANSITION_NOISY,TRANSITION_NOISY,TRANSITION
927.95,927.95,926.45,926.55,0,0,0,1,0.6930910983305606,NY_PM,5,0.01603271983642525,day_anchor_std,server_midnight,1,0,0,0,TRANSITION_NOISY,TRANSITION_NOISY,TRANSITION
926.65,929.25,926.65,929.0,0,0,0,1,0.6930910983305606,NY_PM,5,0.01603271983642525,day_anchor_std,server_midnight,1,0,0,0,TRANSITION_NOISY,TRANSITION_NOISY,TRANSITION
928.95,928.95,927.95,928.25,0,0,0,1,0.6930910983305606,NY_PM,5,0.01603271983642525,day_anchor_std,server_midnight,1,0,0,0,TRANSITION_NOISY,TRANSITION_NOISY,TRANSITION
930.65,930.7,930.65,930.7,0,0,0,1,0.7563348955922119,NY_PM,1,0.7854545454545752,day_anchor_std,server_midnight,1,0,0,0,TRANSITION_NOISY,TRANSITION_NOISY,TRANSITION
937.45,938.45,937.45,937.65,0,0,0,1,0.9987258813301821,NY,1,1.3982521847690363,day_anchor_std,server_midnight,0,1,0,0,UNCLASSIFIED,TRANSITION_UNCLASSIFIED,TRANSITION
937.75,938.85,937.75,938.65,0,0,0,1,0.9987258813301821,NY,1,1.3982521847690363,day_anchor_std,server_midnight,0,1,0,0,UNCLASSIFIED,TRANSITION_UNCLASSIFIED,TRANSITION
938.75,939.85,938.65,939.75,0,0,0,1,0.9987258813301821,NY,1,1.3982521847690363,day_anchor_std,server_midnight,0,1,0,0,UNCLASSIFIED,TRANSITION_UNCLASSIFIED,TRANSITION
939.65,940.2,938.95,939.9,0,0,0,1,0.9987258813301821,NY,1,1.3982521847690363,day_anchor_std,server_midnight,0,1,0,0,UNCLASSIFIED,TRANSITION_UNCLASSIFIED,TRANSITION
939.75,940.05,939.75,939.85,0,0,0,1,0.9998004762665083,NY_PM,3,1.2825303179285674,day_anchor_std,server_midnight,0,1,0,0,TRANSITION_NOISY,TRANSITION_NOISY,TRANSITION
939.8,939.8,939.25,939.55,0,0,0,1,0.9998004762665083,NY_PM,3,1.2825303179285674,day_anchor_std,server_midnight,0,1,0,0,TRANSITION_NOISY,TRANSITION_NOISY,TRANSITION
939.65,940.2,939.15,939.65,0,0,0,1,0.9998004762665083,NY_PM,3,1.2825303179285674,day_anchor_std,server_midnight,0,1,0,0,TRANSITION_NOISY,TRANSITION_NOISY,TRANSITION
939.95,940.15,939.95,940.15,0,0,0,2,0.9998921894335475,NY_PM,1,1.849016480595465,day_anchor_std,server_midnight,0,0,0,1,TREND_STRONG,TREND_STRONG,TREND
940.1,940.15,940.1,940.15,0,0,0,2,0.9998921894335475,NY_PM,1,1.849016480595465,day_anchor_std,server_midnight,0,0,0,1,TREND_STRONG,TREND_STRONG,TREND
940.95,940.95,940.95,940.95,0,0,0,2,0.9998921894335475,NY_PM,1,1.849016480595465,day_anchor_std,server_midnight,0,0,0,1,TREND_STRONG,TREND_STRONG,TREND
941.45,942.95,941.45,942.95,0,0,0,2,0.9997713414952265,NY_PM,2,2.3014789533561517,day_anchor_std,server_midnight,0,0,0,1,TREND_STRONG,TREND_STRONG,TREND
942.45,942.45,941.95,941.95,0,0,0,2,0.9997713414952265,NY_PM,2,2.3014789533561517,day_anchor_std,server_midnight,0,0,0,1,TREND_STRONG,TREND_STRONG,TREND
942.15,942.15,942.15,942.15,0,0,0,2,0.9997713414952265,NY_PM,2,2.3014789533561517,day_anchor_std,server_midnight,0,0,0,1,TREND_STRONG,TREND_STRONG,TREND
941.95,942.0,941.9,941.95,0,0,0,2,0.9997713414952265,NY_PM,2,2.3014789533561517,day_anchor_std,server_midnight,0,0,0,1,TREND_STRONG,TREND_STRONG,TREND
937.55,939.05,937.55,938.45,0,0,0,1,0.9717969471423833,NY,1,0.11766683476216526,day_anchor_std,server_midnight,1,0,0,0,TRANSITION_NOISY,TRANSITION_NOISY,TRANSITION
938.95,939.95,938.95,939.35,0,0,0,1,0.9717969471423833,NY,1,0.11766683476216526,day_anchor_std,server_midnight,1,0,0,0,TRANSITION_NOISY,TRANSITION_NOISY,TRANSITION
939.55,940.35,939.45,939.95,0,0,0,1,0.9717969471423833,NY,1,0.11766683476216526,day_anchor_std,server_midnight,1,0,0,0,TRANSITION_NOISY,TRANSITION_NOISY,TRANSITION
940.05,941.5,940.05,941.35,0,0,0,1,0.9717969471423833,NY,1,0.11766683476216526,day_anchor_std,server_midnight,1,0,0,0,TRANSITION_NOISY,TRANSITION_NOISY,TRANSITION
943.95,945.0,943.95,944.95,0,0,0,2,0.7937557214996654,NY_PM,1,1.1510721247563396,day_anchor_std,server_midnight,0,0,0,1,TREND_STRONG,TREND_STRONG,TREND
944.9,945.55,943.95,945.55,0,0,0,2,0.7937557214996654,NY_PM,1,1.1510721247563396,day_anchor_std,server_midnight,0,0,0,1,TREND_STRONG,TREND_STRONG,TREND
945.5,945.75,944.55,945.35,0,0,0,2,0.7937557214996654,NY_PM,1,1.1510721247563396,day_anchor_std,server_midnight,0,0,0,1,TREND_STRONG,TREND_STRONG,TREND
944.95,944.95,943.95,944.85,0,0,0,2,0.7937557214996654,NY_PM,1,1.1510721247563396,day_anchor_std,server_midnight,0,0,0,1,TREND_STRONG,TREND_STRONG,TREND
944.95,944.95,944.95,944.95,0,0,0,1,0.9978166754130025,NY_PM,1,1.2757318224740417,day_anchor_std,server_midnight,0,1,0,0,TRANSITION_NOISY,TRANSITION_NOISY,TRANSITION
944.9,944.95,944.9,944.95,0,0,0,1,0.9978166754130025,NY_PM,1,1.2757318224740417,day_anchor_std,server_midnight,0,1,0,0,TRANSITION_NOISY,TRANSITION_NOISY,TRANSITION
944.9,944.95,944.9,944.95,0,0,0,1,0.9978166754130025,NY_PM,1,1.2757318224740417,day_anchor_std,server_midnight,0,1,0,0,TRANSITION_NOISY,TRANSITION_NOISY,TRANSITION
945.05,945.05,944.85,944.85,0,0,0,1,0.9717970845403383,NY_PM,2,1.2424821610601713,day_anchor_std,server_midnight,0,1,0,0,TRANSITION_NOISY,TRANSITION_NOISY,TRANSITION
944.75,944.75,944.75,944.75,0,0,0,1,0.9717970845403383,NY_PM,2,1.2424821610601713,day_anchor_std,server_midnight,0,1,0,0,TRANSITION_NOISY,TRANSITION_NOISY,TRANSITION
944.7,944.75,944.7,944.75,0,0,0,1,0.9717970845403383,NY_PM,2,1.2424821610601713,day_anchor_std,server_midnight,0,1,0,0,TRANSITION_NOISY,TRANSITION_NOISY,TRANSITION
944.95,945.95,944.95,945.45,0,0,0,1,0.9960463367208852,NY_PM,3,1.7798489278752607,day_anchor_std,server_midnight,0,1,0,0,TRANSITION_NOISY,TRANSITION_NOISY,TRANSITION
945.95,945.95,945.95,945.95,0,0,0,1,0.9960463367208852,NY_PM,3,1.7798489278752607,day_anchor_std,server_midnight,0,1,0,0,TRANSITION_NOISY,TRANSITION_NOISY,TRANSITION
945.9,945.95,945.85,945.85,0,0,0,1,0.9960463367208852,NY_PM,3,1.7798489278752607,day_anchor_std,server_midnight,0,1,0,0,TRANSITION_NOISY,TRANSITION_NOISY,TRANSITION
947.1,948.05,947.1,947.65,0,0,0,1,0.9745935246211491,NY,4,0.023529411764684573,day_anchor_std,server_midnight,1,0,0,0,UNCLASSIFIED,TRANSITION_UNCLASSIFIED,TRANSITION
943.55,944.35,942.7,944.35,0,0,0,1,0.9980556064294415,NY,6,1.2649572649572707,day_anchor_std,server_midnight,0,1,0,0,UNCLASSIFIED,TRANSITION_UNCLASSIFIED,TRANSITION
944.3,944.3,942.85,943.35,0,0,0,1,0.9980556064294415,NY,6,1.2649572649572707,day_anchor_std,server_midnight,0,1,0,0,UNCLASSIFIED,TRANSITION_UNCLASSIFIED,TRANSITION
943.15,943.45,940.95,941.65,0,0,0,1,0.9980556064294415,NY,6,1.2649572649572707,day_anchor_std,server_midnight,0,1,0,0,UNCLASSIFIED,TRANSITION_UNCLASSIFIED,TRANSITION
941.75,941.95,940.5,941.95,0,0,0,1,0.9980556064294415,NY,6,1.2649572649572707,day_anchor_std,server_midnight,0,1,0,0,UNCLASSIFIED,TRANSITION_UNCLASSIFIED,TRANSITION
942.25,942.55,940.55,940.55,0,0,0,1,0.9925374566399395,NY,7,1.470486111111151,day_anchor_std,server_midnight,0,1,0,0,UNCLASSIFIED,TRANSITION_UNCLASSIFIED,TRANSITION
940.35,940.35,939.25,939.65,0,0,0,1,0.9925374566399395,NY,7,1.470486111111151,day_anchor_std,server_midnight,0,1,0,0,UNCLASSIFIED,TRANSITION_UNCLASSIFIED,TRANSITION
940.05,940.55,939.55,940.35,0,0,0,1,0.9925374566399395,NY,7,1.470486111111151,day_anchor_std,server_midnight,0,1,0,0,UNCLASSIFIED,TRANSITION_UNCLASSIFIED,TRANSITION
939.95,940.55,939.75,940.55,0,0,0,1,0.9925374566399395,NY,7,1.470486111111151,day_anchor_std,server_midnight,0,1,0,0,UNCLASSIFIED,TRANSITION_UNCLASSIFIED,TRANSITION
940.65,940.65,939.05,939.55,0,0,0,1,0.9576616170472262,NY_PM,8,0.7764115432873442,day_anchor_std,server_midnight,1,0,0,0,UNCLASSIFIED,TRANSITION_UNCLASSIFIED,TRANSITION
939.45,939.95,938.8,939.95,0,0,0,1,0.9576616170472262,NY_PM,8,0.7764115432873442,day_anchor_std,server_midnight,1,0,0,0,UNCLASSIFIED,TRANSITION_UNCLASSIFIED,TRANSITION
939.45,941.55,939.45,940.55,0,0,0,1,0.9576616170472262,NY_PM,8,0.7764115432873442,day_anchor_std,server_midnight,1,0,0,0,UNCLASSIFIED,TRANSITION_UNCLASSIFIED,TRANSITION
940.75,942.25,940.75,942.05,0,0,0,1,0.9576616170472262,NY_PM,8,0.7764115432873442,day_anchor_std,server_midnight,1,0,0,0,UNCLASSIFIED,TRANSITION_UNCLASSIFIED,TRANSITION
940.7,940.75,940.25,940.45,0,0,0,1,0.9041678025300015,NY_PM,1,1.2582417582417509,day_anchor_std,server_midnight,0,1,0,0,TRANSITION_NOISY,TRANSITION_NOISY,TRANSITION
940.35,940.75,940.35,940.75,0,0,0,1,0.9041678025300015,NY_PM,1,1.2582417582417509,day_anchor_std,server_midnight,0,1,0,0,TRANSITION_NOISY,TRANSITION_NOISY,TRANSITION
940.55,940.55,940.55,940.55,0,0,0,1,0.9933520171918632,NY_PM,2,1.4761996779387077,day_anchor_std,server_midnight,0,1,0,0,TRANSITION_NOISY,TRANSITION_NOISY,TRANSITION
940.5,940.55,940.5,940.55,0,0,0,1,0.9933520171918632,NY_PM,2,1.4761996779387077,day_anchor_std,server_midnight,0,1,0,0,TRANSITION_NOISY,TRANSITION_NOISY,TRANSITION
940.45,940.45,940.4,940.45,0,0,0,1,0.9933520171918632,NY_PM,2,1.4761996779387077,day_anchor_std,server_midnight,0,1,0,0,TRANSITION_NOISY,TRANSITION_NOISY,TRANSITION
945.25,946.85,945.15,946.15,0,0,0,0,0.9802769871206201,NY,3,1.2188283901430697,day_anchor_std,server_midnight,0,0,1,0,UNCLASSIFIED,BALANCE_UNCLASSIFIED,BALANCE
946.05,948.35,946.05,948.25,0,0,0,0,0.9802769871206201,NY,3,1.2188283901430697,day_anchor_std,server_midnight,0,0,1,0,UNCLASSIFIED,BALANCE_UNCLASSIFIED,BALANCE
948.15,948.15,947.15,947.55,0,0,0,0,0.9802769871206201,NY,3,1.2188283901430697,day_anchor_std,server_midnight,0,0,1,0,UNCLASSIFIED,BALANCE_UNCLASSIFIED,BALANCE
947.85,947.85,947.4,947.85,0,0,0,0,0.9802769871206201,NY,3,1.2188283901430697,day_anchor_std,server_midnight,0,0,1,0,UNCLASSIFIED,BALANCE_UNCLASSIFIED,BALANCE
947.4,948.25,947.05,948.1,0,0,0,1,0.9923034921244793,NY_PM,1,1.7078477078476857,day_anchor_std,server_midnight,0,1,0,0,UNCLASSIFIED,TRANSITION_UNCLASSIFIED,TRANSITION
947.95,947.95,946.95,947.65,0,0,0,1,0.9923034921244793,NY_PM,1,1.7078477078476857,day_anchor_std,server_midnight,0,1,0,0,UNCLASSIFIED,TRANSITION_UNCLASSIFIED,TRANSITION
947.85,949.45,947.2,949.45,0,0,0,1,0.9923034921244793,NY_PM,1,1.7078477078476857,day_anchor_std,server_midnight,0,1,0,0,UNCLASSIFIED,TRANSITION_UNCLASSIFIED,TRANSITION
949.25,951.05,949.05,950.75,0,0,0,1,0.9923034921244793,NY_PM,1,1.7078477078476857,day_anchor_std,server_midnight,0,1,0,0,UNCLASSIFIED,TRANSITION_UNCLASSIFIED,TRANSITION
950.7,951.9,950.35,950.75,0,0,0,1,0.9864862478399429,NY_PM,2,1.831570701135868,day_anchor_std,server_midnight,0,1,0,0,UNCLASSIFIED,TRANSITION_UNCLASSIFIED,TRANSITION
950.85,951.4,950.45,950.45,0,0,0,1,0.9864862478399429,NY_PM,2,1.831570701135868,day_anchor_std,server_midnight,0,1,0,0,UNCLASSIFIED,TRANSITION_UNCLASSIFIED,TRANSITION
950.65,951.55,950.65,951.5,0,0,0,1,0.9864862478399429,NY_PM,2,1.831570701135868,day_anchor_std,server_midnight,0,1,0,0,UNCLASSIFIED,TRANSITION_UNCLASSIFIED,TRANSITION
951.5,952.2,951.45,951.55,0,0,0,1,0.9864862478399429,NY_PM,2,1.831570701135868,day_anchor_std,server_midnight,0,1,0,0,UNCLASSIFIED,TRANSITION_UNCLASSIFIED,TRANSITION
951.35,951.4,951.15,951.3,0,0,0,1,0.9993643960725619,NY_PM,3,1.890362511052151,day_anchor_std,server_midnight,0,1,0,0,TRANSITION_NOISY,TRANSITION_NOISY,TRANSITION
951.2,951.65,951.15,951.4,0,0,0,1,0.9993643960725619,NY_PM,3,1.890362511052151,day_anchor_std,server_midnight,0,1,0,0,TRANSITION_NOISY,TRANSITION_NOISY,TRANSITION
951.6,951.7,951.6,951.7,0,0,0,1,0.9987821297896784,NY_PM,4,2.006222547584177,day_anchor_std,server_midnight,0,1,0,0,UNCLASSIFIED,TRANSITION_UNCLASSIFIED,TRANSITION
951.4,951.45,951.4,951.45,0,0,0,1,0.9987821297896784,NY_PM,4,2.006222547584177,day_anchor_std,server_midnight,0,1,0,0,UNCLASSIFIED,TRANSITION_UNCLASSIFIED,TRANSITION
950.95,950.95,950.95,950.95,0,0,0,1,0.9994267774469353,NY_PM,5,1.7631270511017705,day_anchor_std,server_midnight,0,1,0,0,UNCLASSIFIED,TRANSITION_UNCLASSIFIED,TRANSITION
950.75,950.75,950.75,950.75,0,0,0,1,0.9994267774469353,NY_PM,5,1.7631270511017705,day_anchor_std,server_midnight,0,1,0,0,UNCLASSIFIED,TRANSITION_UNCLASSIFIED,TRANSITION
950.8,950.8,950.7,950.7,0,0,0,1,0.9994267774469353,NY_PM,5,1.7631270511017705,day_anchor_std,server_midnight,0,1,0,0,UNCLASSIFIED,TRANSITION_UNCLASSIFIED,TRANSITION
947.25,947.25,947.25,947.25,0,0,0,1,0.9971370002232463,NY,6,0.14007372301213572,day_anchor_std,server_midnight,1,0,0,0,UNCLASSIFIED,TRANSITION_UNCLASSIFIED,TRANSITION
947.2,950.55,947.2,949.35,0,0,0,1,0.9971370002232463,NY,6,0.14007372301213572,day_anchor_std,server_midnight,1,0,0,0,UNCLASSIFIED,TRANSITION_UNCLASSIFIED,TRANSITION
949.25,949.25,947.95,948.55,0,0,0,1,0.988329120902239,NY,7,1.260648148148151,day_anchor_std,server_midnight,0,1,0,0,UNCLASSIFIED,TRANSITION_UNCLASSIFIED,TRANSITION
948.4,951.45,948.3,949.15,0,0,0,1,0.988329120902239,NY,7,1.260648148148151,day_anchor_std,server_midnight,0,1,0,0,UNCLASSIFIED,TRANSITION_UNCLASSIFIED,TRANSITION
948.9,948.95,945.95,946.95,0,0,0,1,0.988329120902239,NY,7,1.260648148148151,day_anchor_std,server_midnight,0,1,0,0,UNCLASSIFIED,TRANSITION_UNCLASSIFIED,TRANSITION
946.85,946.85,944.15,944.65,0,0,0,1,0.988329120902239,NY,7,1.260648148148151,day_anchor_std,server_midnight,0,1,0,0,UNCLASSIFIED,TRANSITION_UNCLASSIFIED,TRANSITION
944.85,946.2,944.85,946.05,0,0,0,1,0.8369820685287569,NY,8,0.5478098290598534,day_anchor_std,server_midnight,1,0,0,0,TRANSITION_NOISY,TRANSITION_NOISY,TRANSITION
945.95,947.55,945.6,947.3,0,0,0,1,0.8369820685287569,NY,8,0.5478098290598534,day_anchor_std,server_midnight,1,0,0,0,TRANSITION_NOISY,TRANSITION_NOISY,TRANSITION
947.05,949.55,946.45,948.95,0,0,0,1,0.8369820685287569,NY,8,0.5478098290598534,day_anchor_std,server_midnight,1,0,0,0,TRANSITION_NOISY,TRANSITION_NOISY,TRANSITION
948.9,951.05,948.85,949.7,0,0,0,1,0.8369820685287569,NY,8,0.5478098290598534,day_anchor_std,server_midnight,1,0,0,0,TRANSITION_NOISY,TRANSITION_NOISY,TRANSITION
949.4,950.15,949.3,950.15,0,0,0,1,0.9323670075876829,NY,9,1.3183970856102156,day_anchor_std,server_midnight,0,1,0,0,TRANSITION_NOISY,TRANSITION_NOISY,TRANSITION
950.25,952.3,950.15,952.3,0,0,0,1,0.9323670075876829,NY,9,1.3183970856102156,day_anchor_std,server_midnight,0,1,0,0,TRANSITION_NOISY,TRANSITION_NOISY,TRANSITION
952.25,953.7,951.95,953.45,0,0,0,1,0.9323670075876829,NY,9,1.3183970856102156,day_anchor_std,server_midnight,0,1,0,0,TRANSITION_NOISY,TRANSITION_NOISY,TRANSITION
953.35,953.95,952.45,952.95,0,0,0,1,0.9323670075876829,NY,9,1.3183970856102156,day_anchor_std,server_midnight,0,1,0,0,TRANSITION_NOISY,TRANSITION_NOISY,TRANSITION
952.85,953.4,952.45,953.3,0,0,0,1,0.9405490046019328,NY_PM,11,1.3885327635327944,day_anchor_std,server_midnight,0,1,0,0,TRANSITION_NOISY,TRANSITION_NOISY,TRANSITION
953.25,954.75,952.85,954.45,0,0,0,1,0.9405490046019328,NY_PM,11,1.3885327635327944,day_anchor_std,server_midnight,0,1,0,0,TRANSITION_NOISY,TRANSITION_NOISY,TRANSITION
954.35,954.55,953.5,953.55,0,0,0,1,0.9405490046019328,NY_PM,11,1.3885327635327944,day_anchor_std,server_midnight,0,1,0,0,TRANSITION_NOISY,TRANSITION_NOISY,TRANSITION
953.75,954.25,953.75,953.95,0,0,0,1,0.9405490046019328,NY_PM,11,1.3885327635327944,day_anchor_std,server_midnight,0,1,0,0,TRANSITION_NOISY,TRANSITION_NOISY,TRANSITION
953.95,953.95,953.85,953.95,0,0,0,1,0.9853407909131291,NY_PM,12,2.0465302847974565,day_anchor_std,server_midnight,0,1,0,0,TRANSITION_NOISY,TRANSITION_NOISY,TRANSITION
954.15,954.45,954.15,954.25,0,0,0,1,0.9853407909131291,NY_PM,12,2.0465302847974565,day_anchor_std,server_midnight,0,1,0,0,TRANSITION_NOISY,TRANSITION_NOISY,TRANSITION
954.45,955.05,954.45,955.05,0,0,0,1,0.9853407909131291,NY_PM,12,2.0465302847974565,day_anchor_std,server_midnight,0,1,0,0,TRANSITION_NOISY,TRANSITION_NOISY,TRANSITION
955.45,955.75,955.45,955.75,0,0,0,1,0.9853407909131291,NY_PM,12,2.0465302847974565,day_anchor_std,server_midnight,0,1,0,0,TRANSITION_NOISY,TRANSITION_NOISY,TRANSITION
955.65,955.65,955.65,955.65,0,0,0,1,0.9482851123986539,NY_PM,12,1.799169859514734,day_anchor_std,server_midnight,0,1,0,0,TRANSITION_NOISY,TRANSITION_NOISY,TRANSITION
955.55,955.55,955.45,955.55,0,0,0,1,0.9482851123986539,NY_PM,12,1.799169859514734,day_anchor_std,server_midnight,0,1,0,0,TRANSITION_NOISY,TRANSITION_NOISY,TRANSITION
955.5,955.55,955.5,955.55,0,0,0,1,0.9482851123986539,NY_PM,12,1.799169859514734,day_anchor_std,server_midnight,0,1,0,0,TRANSITION_NOISY,TRANSITION_NOISY,TRANSITION
955.25,955.25,954.95,954.95,0,0,0,1,0.9482851123986539,NY_PM,12,1.799169859514734,day_anchor_std,server_midnight,0,1,0,0,TRANSITION_NOISY,TRANSITION_NOISY,TRANSITION
954.65,955.15,954.65,954.85,0,0,0,0,0.7878643517073904,NY_PM,1,1.7021380693772157,day_anchor_std,server_midnight,0,0,1,0,BALANCE_LEAKING,BALANCE_LEAKING,BALANCE
955.35,955.35,953.95,953.95,0,0,0,0,0.7878643517073904,NY_PM,1,1.7021380693772157,day_anchor_std,server_midnight,0,0,1,0,BALANCE_LEAKING,BALANCE_LEAKING,BALANCE
954.45,954.45,954.45,954.45,0,0,0,0,0.7878643517073904,NY_PM,1,1.7021380693772157,day_anchor_std,server_midnight,0,0,1,0,BALANCE_LEAKING,BALANCE_LEAKING,BALANCE
954.65,954.7,954.65,954.7,0,0,0,0,0.7878643517073904,NY_PM,1,1.7021380693772157,day_anchor_std,server_midnight,0,0,1,0,BALANCE_LEAKING,BALANCE_LEAKING,BALANCE
947.75,948.35,945.15,946.35,0,0,0,1,0.8060733547095986,NY,1,0.7572423909057682,day_anchor_std,server_midnight,1,0,0,0,TRANSITION_NOISY,TRANSITION_NOISY,TRANSITION
946.15,946.25,944.95,945.75,0,0,0,1,0.8060733547095986,NY,1,0.7572423909057682,day_anchor_std,server_midnight,1,0,0,0,TRANSITION_NOISY,TRANSITION_NOISY,TRANSITION
945.95,946.0,943.85,944.45,0,0,0,1,0.8060733547095986,NY,1,0.7572423909057682,day_anchor_std,server_midnight,1,0,0,0,TRANSITION_NOISY,TRANSITION_NOISY,TRANSITION
944.5,944.95,942.55,944.55,0,0,0,1,0.8060733547095986,NY,1,0.7572423909057682,day_anchor_std,server_midnight,1,0,0,0,TRANSITION_NOISY,TRANSITION_NOISY,TRANSITION
944.95,945.8,944.35,944.95,0,0,0,1,0.8569815046143672,NY,2,0.7168531705663204,day_anchor_std,server_midnight,1,0,0,0,TRANSITION_NOISY,TRANSITION_NOISY,TRANSITION
945.05,946.75,943.95,945.45,0,0,0,1,0.8569815046143672,NY,2,0.7168531705663204,day_anchor_std,server_midnight,1,0,0,0,TRANSITION_NOISY,TRANSITION_NOISY,TRANSITION
945.75,945.95,942.95,944.05,0,0,0,1,0.8569815046143672,NY,2,0.7168531705663204,day_anchor_std,server_midnight,1,0,0,0,TRANSITION_NOISY,TRANSITION_NOISY,TRANSITION
944.15,944.55,942.55,944.0,0,0,0,1,0.8569815046143672,NY,2,0.7168531705663204,day_anchor_std,server_midnight,1,0,0,0,TRANSITION_NOISY,TRANSITION_NOISY,TRANSITION
941.35,941.45,941.35,941.45,0,0,0,1,0.978894903064571,NY_PM,2,1.439838220424671,day_anchor_std,server_midnight,0,1,0,0,UNCLASSIFIED,TRANSITION_UNCLASSIFIED,TRANSITION
941.15,941.15,941.15,941.15,0,0,0,1,0.978894903064571,NY_PM,2,1.439838220424671,day_anchor_std,server_midnight,0,1,0,0,UNCLASSIFIED,TRANSITION_UNCLASSIFIED,TRANSITION
940.95,940.95,940.45,940.45,0,0,0,1,0.978894903064571,NY_PM,2,1.439838220424671,day_anchor_std,server_midnight,0,1,0,0,UNCLASSIFIED,TRANSITION_UNCLASSIFIED,TRANSITION
940.25,940.25,939.95,939.95,0,0,0,1,0.978894903064571,NY_PM,2,1.439838220424671,day_anchor_std,server_midnight,0,1,0,0,UNCLASSIFIED,TRANSITION_UNCLASSIFIED,TRANSITION
940.0,940.45,939.95,940.45,0,0,0,1,0.9938096372886966,NY_PM,3,1.439289805269173,day_anchor_std,server_midnight,0,1,0,0,UNCLASSIFIED,TRANSITION_UNCLASSIFIED,TRANSITION
940.55,940.55,940.55,940.55,0,0,0,1,0.9938096372886966,NY_PM,3,1.439289805269173,day_anchor_std,server_midnight,0,1,0,0,UNCLASSIFIED,TRANSITION_UNCLASSIFIED,TRANSITION
940.35,940.36,940.35,940.35,0,0,0,1,0.9938096372886966,NY_PM,3,1.439289805269173,day_anchor_std,server_midnight,0,1,0,0,UNCLASSIFIED,TRANSITION_UNCLASSIFIED,TRANSITION
939.6,939.85,939.6,939.8,0,0,0,1,0.9958621952599804,NY,4,0.2467948717948781,day_anchor_std,server_midnight,1,0,0,0,UNCLASSIFIED,TRANSITION_UNCLASSIFIED,TRANSITION
939.75,942.05,939.45,941.85,0,0,0,1,0.9958621952599804,NY,4,0.2467948717948781,day_anchor_std,server_midnight,1,0,0,0,UNCLASSIFIED,TRANSITION_UNCLASSIFIED,TRANSITION
941.8,943.05,940.45,940.45,0,0,0,1,0.9957366648371966,NY,5,0.143181818181833,day_anchor_std,server_midnight,1,0,0,0,UNCLASSIFIED,TRANSITION_UNCLASSIFIED,TRANSITION
940.3,940.55,939.55,940.2,0,0,0,1,0.9957366648371966,NY,5,0.143181818181833,day_anchor_std,server_midnight,1,0,0,0,UNCLASSIFIED,TRANSITION_UNCLASSIFIED,TRANSITION
940.4,940.5,938.55,939.3,0,0,0,1,0.9957366648371966,NY,5,0.143181818181833,day_anchor_std,server_midnight,1,0,0,0,UNCLASSIFIED,TRANSITION_UNCLASSIFIED,TRANSITION
939.05,940.7,938.65,940.45,0,0,0,1,0.9957366648371966,NY,5,0.143181818181833,day_anchor_std,server_midnight,1,0,0,0,UNCLASSIFIED,TRANSITION_UNCLASSIFIED,TRANSITION
940.15,941.15,939.15,940.95,0,0,0,1,0.9986096953417057,NY,6,0.14681647940075862,day_anchor_std,server_midnight,1,0,0,0,TRANSITION_NOISY,TRANSITION_NOISY,TRANSITION
941.15,941.95,940.55,941.4,0,0,0,1,0.9986096953417057,NY,6,0.14681647940075862,day_anchor_std,server_midnight,1,0,0,0,TRANSITION_NOISY,TRANSITION_NOISY,TRANSITION
941.5,941.55,940.15,941.3,0,0,0,1,0.9986096953417057,NY,6,0.14681647940075862,day_anchor_std,server_midnight,1,0,0,0,TRANSITION_NOISY,TRANSITION_NOISY,TRANSITION
941.4,941.55,940.15,940.35,0,0,0,1,0.9986096953417057,NY,6,0.14681647940075862,day_anchor_std,server_midnight,1,0,0,0,TRANSITION_NOISY,TRANSITION_NOISY,TRANSITION
945.3,946.55,944.95,945.25,0,0,0,0,0.8569498474198158,NY_PM,1,1.6698053986189072,day_anchor_std,server_midnight,0,0,1,0,UNCLASSIFIED,BALANCE_UNCLASSIFIED,BALANCE
945.55,946.25,945.55,946.25,0,0,0,0,0.8569498474198158,NY_PM,1,1.6698053986189072,day_anchor_std,server_midnight,0,0,1,0,UNCLASSIFIED,BALANCE_UNCLASSIFIED,BALANCE
946.05,947.05,945.05,947.05,0,0,0,0,0.8569498474198158,NY_PM,1,1.6698053986189072,day_anchor_std,server_midnight,0,0,1,0,UNCLASSIFIED,BALANCE_UNCLASSIFIED,BALANCE
947.15,948.95,947.15,948.55,0,0,0,0,0.8569498474198158,NY_PM,1,1.6698053986189072,day_anchor_std,server_midnight,0,0,1,0,UNCLASSIFIED,BALANCE_UNCLASSIFIED,BALANCE
946.9,947.7,945.75,947.7,0,0,0,1,0.9648660763591019,NY,2,0.6743393009377673,day_anchor_std,server_midnight,1,0,0,0,UNCLASSIFIED,TRANSITION_UNCLASSIFIED,TRANSITION
947.69,948.55,947.55,947.95,0,0,0,1,0.9648660763591019,NY,2,0.6743393009377673,day_anchor_std,server_midnight,1,0,0,0,UNCLASSIFIED,TRANSITION_UNCLASSIFIED,TRANSITION
947.65,947.65,945.95,946.75,0,0,0,1,0.9648660763591019,NY,2,0.6743393009377673,day_anchor_std,server_midnight,1,0,0,0,UNCLASSIFIED,TRANSITION_UNCLASSIFIED,TRANSITION
946.95,947.25,946.25,946.55,0,0,0,1,0.9648660763591019,NY,2,0.6743393009377673,day_anchor_std,server_midnight,1,0,0,0,UNCLASSIFIED,TRANSITION_UNCLASSIFIED,TRANSITION
946.75,946.95,946.2,946.25,0,0,0,1,0.9753222931221365,NY,3,0.6309075700543791,day_anchor_std,server_midnight,1,0,0,0,UNCLASSIFIED,TRANSITION_UNCLASSIFIED,TRANSITION
945.95,945.95,944.7,945.0,0,0,0,1,0.9753222931221365,NY,3,0.6309075700543791,day_anchor_std,server_midnight,1,0,0,0,UNCLASSIFIED,TRANSITION_UNCLASSIFIED,TRANSITION
944.95,946.15,944.95,945.7,0,0,0,1,0.9753222931221365,NY,3,0.6309075700543791,day_anchor_std,server_midnight,1,0,0,0,UNCLASSIFIED,TRANSITION_UNCLASSIFIED,TRANSITION
946.15,946.95,945.95,946.75,0,0,0,1,0.9753222931221365,NY,3,0.6309075700543791,day_anchor_std,server_midnight,1,0,0,0,UNCLASSIFIED,TRANSITION_UNCLASSIFIED,TRANSITION
946.55,946.65,945.95,946.35,0,0,0,2,0.9029879249453274,NY_PM,1,1.136850332161012,day_anchor_std,server_midnight,0,0,0,1,TREND_STRONG,TREND_STRONG,TREND
946.15,946.65,945.55,946.25,0,0,0,2,0.9029879249453274,NY_PM,1,1.136850332161012,day_anchor_std,server_midnight,0,0,0,1,TREND_STRONG,TREND_STRONG,TREND
946.05,947.95,946.0,947.95,0,0,0,2,0.9029879249453274,NY_PM,1,1.136850332161012,day_anchor_std,server_midnight,0,0,0,1,TREND_STRONG,TREND_STRONG,TREND
948.0,948.95,947.85,948.75,0,0,0,2,0.9029879249453274,NY_PM,1,1.136850332161012,day_anchor_std,server_midnight,0,0,0,1,TREND_STRONG,TREND_STRONG,TREND
948.7,949.35,948.35,948.65,0,0,0,1,0.9980791366992783,NY_PM,1,0.18527042577676936,day_anchor_std,server_midnight,1,0,0,0,UNCLASSIFIED,TRANSITION_UNCLASSIFIED,TRANSITION
948.55,948.55,947.55,948.4,0,0,0,1,0.9980791366992783,NY_PM,1,0.18527042577676936,day_anchor_std,server_midnight,1,0,0,0,UNCLASSIFIED,TRANSITION_UNCLASSIFIED,TRANSITION
948.35,948.35,947.3,948.15,0,0,0,1,0.9980791366992783,NY_PM,1,0.18527042577676936,day_anchor_std,server_midnight,1,0,0,0,UNCLASSIFIED,TRANSITION_UNCLASSIFIED,TRANSITION
947.95,948.05,945.95,945.95,0,0,0,1,0.9980791366992783,NY_PM,1,0.18527042577676936,day_anchor_std,server_midnight,1,0,0,0,UNCLASSIFIED,TRANSITION_UNCLASSIFIED,TRANSITION
946.15,946.95,946.15,946.95,0,0,0,1,0.9917609792787844,NY_PM,2,0.04537953795376526,day_anchor_std,server_midnight,1,0,0,0,UNCLASSIFIED,TRANSITION_UNCLASSIFIED,TRANSITION
947.0,947.0,946.95,946.95,0,0,0,1,0.9917609792787844,NY_PM,2,0.04537953795376526,day_anchor_std,server_midnight,1,0,0,0,UNCLASSIFIED,TRANSITION_UNCLASSIFIED,TRANSITION
946.9,946.95,945.55,945.55,0,0,0,1,0.9917609792787844,NY_PM,2,0.04537953795376526,day_anchor_std,server_midnight,1,0,0,0,UNCLASSIFIED,TRANSITION_UNCLASSIFIED,TRANSITION
945.05,945.05,944.55,944.95,0,0,0,1,0.9956176115237971,NY_PM,3,0.17303540587219057,day_anchor_std,server_midnight,1,0,0,0,UNCLASSIFIED,TRANSITION_UNCLASSIFIED,TRANSITION
945.45,945.45,945.45,945.45,0,0,0,1,0.9956176115237971,NY_PM,3,0.17303540587219057,day_anchor_std,server_midnight,1,0,0,0,UNCLASSIFIED,TRANSITION_UNCLASSIFIED,TRANSITION
944.95,945.45,944.95,945.45,0,0,0,1,0.9956176115237971,NY_PM,3,0.17303540587219057,day_anchor_std,server_midnight,1,0,0,0,UNCLASSIFIED,TRANSITION_UNCLASSIFIED,TRANSITION
944.95,944.95,944.95,944.95,0,0,0,1,0.9956176115237971,NY_PM,3,0.17303540587219057,day_anchor_std,server_midnight,1,0,0,0,UNCLASSIFIED,TRANSITION_UNCLASSIFIED,TRANSITION
944.45,944.95,944.45,944.95,0,0,0,1,0.9977244093686024,NY_PM,4,0.0007904245709493968,day_anchor_std,server_midnight,1,0,0,0,UNCLASSIFIED,TRANSITION_UNCLASSIFIED,TRANSITION
945.45,945.95,945.45,945.95,0,0,0,1,0.9977244093686024,NY_PM,4,0.0007904245709493968,day_anchor_std,server_midnight,1,0,0,0,UNCLASSIFIED,TRANSITION_UNCLASSIFIED,TRANSITION
945.45,945.45,944.95,944.95,0,0,0,1,0.9977244093686024,NY_PM,4,0.0007904245709493968,day_anchor_std,server_midnight,1,0,0,0,UNCLASSIFIED,TRANSITION_UNCLASSIFIED,TRANSITION
945.45,945.5,945.4,945.45,0,0,0,1,0.9977244093686024,NY_PM,4,0.0007904245709493968,day_anchor_std,server_midnight,1,0,0,0,UNCLASSIFIED,TRANSITION_UNCLASSIFIED,TRANSITION
938.25,939.45,938.05,939.45,0,0,0,1,0.970286268131623,NY,5,0.24493554327808073,day_anchor_std,server_midnight,1,0,0,0,UNCLASSIFIED,TRANSITION_UNCLASSIFIED,TRANSITION
939.05,940.55,938.45,940.25,0,0,0,1,0.970286268131623,NY,5,0.24493554327808073,day_anchor_std,server_midnight,1,0,0,0,UNCLASSIFIED,TRANSITION_UNCLASSIFIED,TRANSITION
940.15,940.15,937.7,939.25,0,0,0,1,0.9722298156431178,NY,6,0.42452830188674673,day_anchor_std,server_midnight,1,0,0,0,UNCLASSIFIED,TRANSITION_UNCLASSIFIED,TRANSITION
939.05,939.65,938.35,939.65,0,0,0,1,0.9722298156431178,NY,6,0.42452830188674673,day_anchor_std,server_midnight,1,0,0,0,UNCLASSIFIED,TRANSITION_UNCLASSIFIED,TRANSITION
939.7,939.95,938.95,938.95,0,0,0,1,0.9722298156431178,NY,6,0.42452830188674673,day_anchor_std,server_midnight,1,0,0,0,UNCLASSIFIED,TRANSITION_UNCLASSIFIED,TRANSITION
939.05,941.2,939.05,940.9,0,0,0,1,0.9722298156431178,NY,6,0.42452830188674673,day_anchor_std,server_midnight,1,0,0,0,UNCLASSIFIED,TRANSITION_UNCLASSIFIED,TRANSITION
936.05,937.05,936.05,936.65,0,0,0,1,0.7257188723425203,NY,1,0.628507295173995,day_anchor_std,server_midnight,1,0,0,0,UNCLASSIFIED,TRANSITION_UNCLASSIFIED,TRANSITION
936.55,936.55,935.85,936.0,0,0,0,1,0.7257188723425203,NY,1,0.628507295173995,day_anchor_std,server_midnight,1,0,0,0,UNCLASSIFIED,TRANSITION_UNCLASSIFIED,TRANSITION
936.15,937.35,936.15,937.15,0,0,0,1,0.7257188723425203,NY,1,0.628507295173995,day_anchor_std,server_midnight,1,0,0,0,UNCLASSIFIED,TRANSITION_UNCLASSIFIED,TRANSITION
937.45,937.8,936.55,936.55,0,0,0,1,0.7257188723425203,NY,1,0.628507295173995,day_anchor_std,server_midnight,1,0,0,0,UNCLASSIFIED,TRANSITION_UNCLASSIFIED,TRANSITION
936.65,940.35,936.35,940.05,0,0,0,1,0.9774115898929833,NY_PM,2,0.65636856368562,day_anchor_std,server_midnight,1,0,0,0,UNCLASSIFIED,TRANSITION_UNCLASSIFIED,TRANSITION
939.95,941.4,939.7,940.35,0,0,0,1,0.9774115898929833,NY_PM,2,0.65636856368562,day_anchor_std,server_midnight,1,0,0,0,UNCLASSIFIED,TRANSITION_UNCLASSIFIED,TRANSITION
940.45,941.45,940.05,940.85,0,0,0,1,0.9774115898929833,NY_PM,2,0.65636856368562,day_anchor_std,server_midnight,1,0,0,0,UNCLASSIFIED,TRANSITION_UNCLASSIFIED,TRANSITION
940.8,941.55,940.75,940.95,0,0,0,1,0.9774115898929833,NY_PM,2,0.65636856368562,day_anchor_std,server_midnight,1,0,0,0,UNCLASSIFIED,TRANSITION_UNCLASSIFIED,TRANSITION
940.85,941.85,940.65,941.25,0,0,0,1,0.9463194760285555,NY_PM,3,0.5212765957446457,day_anchor_std,server_midnight,1,0,0,0,UNCLASSIFIED,TRANSITION_UNCLASSIFIED,TRANSITION
941.15,941.95,940.95,941.75,0,0,0,1,0.9463194760285555,NY_PM,3,0.5212765957446457,day_anchor_std,server_midnight,1,0,0,0,UNCLASSIFIED,TRANSITION_UNCLASSIFIED,TRANSITION
941.95,941.95,939.95,939.95,0,0,0,1,0.9463194760285555,NY_PM,3,0.5212765957446457,day_anchor_std,server_midnight,1,0,0,0,UNCLASSIFIED,TRANSITION_UNCLASSIFIED,TRANSITION
939.85,940.45,939.85,940.45,0,0,0,1,0.9463194760285555,NY_PM,3,0.5212765957446457,day_anchor_std,server_midnight,1,0,0,0,UNCLASSIFIED,TRANSITION_UNCLASSIFIED,TRANSITION
940.55,940.55,939.95,940.15,0,0,0,1,0.9864278297061662,NY_PM,4,0.4957264957264426,day_anchor_std,server_midnight,1,0,0,0,TRANSITION_NOISY,TRANSITION_NOISY,TRANSITION
940.05,940.45,940.05,940.45,0,0,0,1,0.9864278297061662,NY_PM,4,0.4957264957264426,day_anchor_std,server_midnight,1,0,0,0,TRANSITION_NOISY,TRANSITION_NOISY,TRANSITION
940.35,940.45,940.25,940.25,0,0,0,1,0.9864278297061662,NY_PM,4,0.4957264957264426,day_anchor_std,server_midnight,1,0,0,0,TRANSITION_NOISY,TRANSITION_NOISY,TRANSITION
940.35,940.35,940.05,940.25,0,0,0,1,0.9864278297061662,NY_PM,4,0.4957264957264426,day_anchor_std,server_midnight,1,0,0,0,TRANSITION_NOISY,TRANSITION_NOISY,TRANSITION
940.05,940.05,940.05,940.05,0,0,0,1,0.8567053796473413,NY_PM,5,0.4146241830065104,day_anchor_std,server_midnight,1,0,0,0,TRANSITION_NOISY,TRANSITION_NOISY,TRANSITION
939.95,940.05,939.95,940.05,0,0,0,1,0.8567053796473413,NY_PM,5,0.4146241830065104,day_anchor_std,server_midnight,1,0,0,0,TRANSITION_NOISY,TRANSITION_NOISY,TRANSITION
940.15,940.25,940.15,940.25,0,0,0,1,0.8567053796473413,NY_PM,5,0.4146241830065104,day_anchor_std,server_midnight,1,0,0,0,TRANSITION_NOISY,TRANSITION_NOISY,TRANSITION
940.55,940.65,939.95,939.95,0,0,0,1,0.8567053796473413,NY_PM,5,0.4146241830065104,day_anchor_std,server_midnight,1,0,0,0,TRANSITION_NOISY,TRANSITION_NOISY,TRANSITION
939.85,939.95,939.45,939.45,0,0,0,1,0.997439257362131,NY_PM,6,0.28916115101150164,day_anchor_std,server_midnight,1,0,0,0,TRANSITION_NOISY,TRANSITION_NOISY,TRANSITION
939.25,939.25,939.05,939.05,0,0,0,1,0.997439257362131,NY_PM,6,0.28916115101150164,day_anchor_std,server_midnight,1,0,0,0,TRANSITION_NOISY,TRANSITION_NOISY,TRANSITION
939.45,939.45,939.45,939.45,0,0,0,1,0.997439257362131,NY_PM,6,0.28916115101150164,day_anchor_std,server_midnight,1,0,0,0,TRANSITION_NOISY,TRANSITION_NOISY,TRANSITION
939.25,939.55,939.25,939.55,0,0,0,1,0.997439257362131,NY_PM,6,0.28916115101150164,day_anchor_std,server_midnight,1,0,0,0,TRANSITION_NOISY,TRANSITION_NOISY,TRANSITION
936.05,936.05,935.95,935.95,0,0,0,1,0.8097548136227832,NY,7,0.1765447667086616,day_anchor_std,server_midnight,1,0,0,0,TRANSITION_NOISY,TRANSITION_NOISY,TRANSITION
936.05,937.45,936.05,937.45,0,0,0,1,0.8097548136227832,NY,7,0.1765447667086616,day_anchor_std,server_midnight,1,0,0,0,TRANSITION_NOISY,TRANSITION_NOISY,TRANSITION
937.55,938.25,937.55,937.75,0,0,0,1,0.9496342830645426,NY,8,0.6255195344971185,day_anchor_std,server_midnight,1,0,0,0,TRANSITION_NOISY,TRANSITION_NOISY,TRANSITION
937.45,937.55,936.75,937.3,0,0,0,1,0.9496342830645426,NY,8,0.6255195344971185,day_anchor_std,server_midnight,1,0,0,0,TRANSITION_NOISY,TRANSITION_NOISY,TRANSITION
937.35,938.05,936.65,937.3,0,0,0,1,0.9496342830645426,NY,8,0.6255195344971185,day_anchor_std,server_midnight,1,0,0,0,TRANSITION_NOISY,TRANSITION_NOISY,TRANSITION
937.15,937.15,934.4,934.55,0,0,0,1,0.9496342830645426,NY,8,0.6255195344971185,day_anchor_std,server_midnight,1,0,0,0,TRANSITION_NOISY,TRANSITION_NOISY,TRANSITION
936.1,936.55,935.5,935.95,0,0,0,1,0.9977265605331386,NY,1,0.09295612009234969,day_anchor_std,server_midnight,1,0,0,0,UNCLASSIFIED,TRANSITION_UNCLASSIFIED,TRANSITION
936.05,937.55,936.05,936.65,0,0,0,1,0.9977265605331386,NY,1,0.09295612009234969,day_anchor_std,server_midnight,1,0,0,0,UNCLASSIFIED,TRANSITION_UNCLASSIFIED,TRANSITION
936.7,936.85,935.85,936.55,0,0,0,1,0.9977265605331386,NY,1,0.09295612009234969,day_anchor_std,server_midnight,1,0,0,0,UNCLASSIFIED,TRANSITION_UNCLASSIFIED,TRANSITION
936.7,937.65,936.55,936.55,0,0,0,1,0.9977265605331386,NY,1,0.09295612009234969,day_anchor_std,server_midnight,1,0,0,0,UNCLASSIFIED,TRANSITION_UNCLASSIFIED,TRANSITION
936.75,937.15,936.45,937.15,0,0,0,1,0.976918912786888,NY_PM,2,0.07187500000004146,day_anchor_std,server_midnight,1,0,0,0,UNCLASSIFIED,TRANSITION_UNCLASSIFIED,TRANSITION
937.05,939.05,936.95,938.05,0,0,0,1,0.976918912786888,NY_PM,2,0.07187500000004146,day_anchor_std,server_midnight,1,0,0,0,UNCLASSIFIED,TRANSITION_UNCLASSIFIED,TRANSITION
937.95,938.3,937.05,937.25,0,0,0,1,0.976918912786888,NY_PM,2,0.07187500000004146,day_anchor_std,server_midnight,1,0,0,0,UNCLASSIFIED,TRANSITION_UNCLASSIFIED,TRANSITION
937.05,937.05,936.05,936.05,0,0,0,1,0.976918912786888,NY_PM,2,0.07187500000004146,day_anchor_std,server_midnight,1,0,0,0,UNCLASSIFIED,TRANSITION_UNCLASSIFIED,TRANSITION
935.65,936.45,935.0,935.2,0,0,0,1,0.9785210733490575,NY_PM,3,0.4431975616514495,day_anchor_std,server_midnight,1,0,0,0,UNCLASSIFIED,TRANSITION_UNCLASSIFIED,TRANSITION
935.1,935.35,933.75,934.15,0,0,0,1,0.9785210733490575,NY_PM,3,0.4431975616514495,day_anchor_std,server_midnight,1,0,0,0,UNCLASSIFIED,TRANSITION_UNCLASSIFIED,TRANSITION
934.0,934.95,933.85,934.95,0,0,0,1,0.9785210733490575,NY_PM,3,0.4431975616514495,day_anchor_std,server_midnight,1,0,0,0,UNCLASSIFIED,TRANSITION_UNCLASSIFIED,TRANSITION
934.95,935.05,934.95,934.95,0,0,0,1,0.9785210733490575,NY_PM,3,0.4431975616514495,day_anchor_std,server_midnight,1,0,0,0,UNCLASSIFIED,TRANSITION_UNCLASSIFIED,TRANSITION
934.45,934.45,934.35,934.45,0,0,0,1,0.9700452168815277,NY_PM,5,0.7125585023401096,day_anchor_std,server_midnight,1,0,0,0,UNCLASSIFIED,TRANSITION_UNCLASSIFIED,TRANSITION
934.75,934.75,934.45,934.45,0,0,0,1,0.9700452168815277,NY_PM,5,0.7125585023401096,day_anchor_std,server_midnight,1,0,0,0,UNCLASSIFIED,TRANSITION_UNCLASSIFIED,TRANSITION
933.95,933.95,933.65,933.65,0,0,0,1,0.9888488454178889,NY_PM,6,0.7643533501138743,day_anchor_std,server_midnight,1,0,0,0,UNCLASSIFIED,TRANSITION_UNCLASSIFIED,TRANSITION
933.7,933.7,933.7,933.7,0,0,0,1,0.9888488454178889,NY_PM,6,0.7643533501138743,day_anchor_std,server_midnight,1,0,0,0,UNCLASSIFIED,TRANSITION_UNCLASSIFIED,TRANSITION
934.2,934.35,934.2,934.35,0,0,0,1,0.9888488454178889,NY_PM,6,0.7643533501138743,day_anchor_std,server_midnight,1,0,0,0,UNCLASSIFIED,TRANSITION_UNCLASSIFIED,TRANSITION
929.35,929.35,927.65,927.65,0,0,0,1,0.9959368333664517,NY,7,0.12962962962961005,day_anchor_std,server_midnight,1,0,0,0,UNCLASSIFIED,TRANSITION_UNCLASSIFIED,TRANSITION
927.75,930.05,927.75,929.3,0,0,0,1,0.9959368333664517,NY,7,0.12962962962961005,day_anchor_std,server_midnight,1,0,0,0,UNCLASSIFIED,TRANSITION_UNCLASSIFIED,TRANSITION
932.3,932.95,931.95,932.25,0,0,0,1,0.670992618689722,NY,9,1.3028034639659571,day_anchor_std,server_midnight,0,1,0,0,TRANSITION_NOISY,TRANSITION_NOISY,TRANSITION
932.05,932.05,930.45,930.8,0,0,0,1,0.670992618689722,NY,9,1.3028034639659571,day_anchor_std,server_midnight,0,1,0,0,TRANSITION_NOISY,TRANSITION_NOISY,TRANSITION
930.9,933.4,930.9,933.35,0,0,0,1,0.670992618689722,NY,9,1.3028034639659571,day_anchor_std,server_midnight,0,1,0,0,TRANSITION_NOISY,TRANSITION_NOISY,TRANSITION
933.25,935.05,932.85,934.25,0,0,0,1,0.670992618689722,NY,9,1.3028034639659571,day_anchor_std,server_midnight,0,1,0,0,TRANSITION_NOISY,TRANSITION_NOISY,TRANSITION
933.85,934.85,933.6,934.75,0,0,0,0,0.43965603388312746,NY_PM,1,1.376328502415442,day_anchor_std,server_midnight,0,0,1,0,BALANCE_LEAKING,BALANCE_LEAKING,BALANCE
934.7,934.85,933.65,934.45,0,0,0,0,0.43965603388312746,NY_PM,1,1.376328502415442,day_anchor_std,server_midnight,0,0,1,0,BALANCE_LEAKING,BALANCE_LEAKING,BALANCE
934.5,935.3,934.35,935.1,0,0,0,0,0.43965603388312746,NY_PM,1,1.376328502415442,day_anchor_std,server_midnight,0,0,1,0,BALANCE_LEAKING,BALANCE_LEAKING,BALANCE
935.05,935.5,934.35,935.5,0,0,0,0,0.43965603388312746,NY_PM,1,1.376328502415442,day_anchor_std,server_midnight,0,0,1,0,BALANCE_LEAKING,BALANCE_LEAKING,BALANCE
935.7,936.15,935.2,935.2,0,0,0,1,0.7804588871062549,NY_PM,1,1.6345029239765587,day_anchor_std,server_midnight,0,1,0,0,UNCLASSIFIED,TRANSITION_UNCLASSIFIED,TRANSITION
934.95,935.55,934.6,935.25,0,0,0,1,0.7804588871062549,NY_PM,1,1.6345029239765587,day_anchor_std,server_midnight,0,1,0,0,UNCLASSIFIED,TRANSITION_UNCLASSIFIED,TRANSITION
935.55,936.45,935.5,936.45,0,0,0,1,0.7804588871062549,NY_PM,1,1.6345029239765587,day_anchor_std,server_midnight,0,1,0,0,UNCLASSIFIED,TRANSITION_UNCLASSIFIED,TRANSITION
935.95,936.7,935.85,936.45,0,0,0,1,0.7804588871062549,NY_PM,1,1.6345029239765587,day_anchor_std,server_midnight,0,1,0,0,UNCLASSIFIED,TRANSITION_UNCLASSIFIED,TRANSITION
936.4,936.45,936.4,936.45,0,0,0,1,0.860426796757836,NY_PM,2,1.801282051282032,day_anchor_std,server_midnight,0,1,0,0,UNCLASSIFIED,TRANSITION_UNCLASSIFIED,TRANSITION
936.7,936.75,936.7,936.75,0,0,0,1,0.860426796757836,NY_PM,2,1.801282051282032,day_anchor_std,server_midnight,0,1,0,0,UNCLASSIFIED,TRANSITION_UNCLASSIFIED,TRANSITION
936.55,936.75,936.55,936.75,0,0,0,1,0.8084369226552726,NY_PM,3,1.9391891891891662,day_anchor_std,server_midnight,0,1,0,0,UNCLASSIFIED,TRANSITION_UNCLASSIFIED,TRANSITION
936.95,936.95,936.95,936.95,0,0,0,1,0.8084369226552726,NY_PM,3,1.9391891891891662,day_anchor_std,server_midnight,0,1,0,0,UNCLASSIFIED,TRANSITION_UNCLASSIFIED,TRANSITION
936.9,936.95,936.9,936.95,0,0,0,1,0.8084369226552726,NY_PM,3,1.9391891891891662,day_anchor_std,server_midnight,0,1,0,0,UNCLASSIFIED,TRANSITION_UNCLASSIFIED,TRANSITION
936.9,936.95,936.85,936.9,0,0,0,1,0.8084369226552726,NY_PM,3,1.9391891891891662,day_anchor_std,server_midnight,0,1,0,0,UNCLASSIFIED,TRANSITION_UNCLASSIFIED,TRANSITION
937.1,937.95,937.1,937.95,0,0,0,1,0.8714585717859711,NY,4,0.03567787971464169,day_anchor_std,server_midnight,1,0,0,0,UNCLASSIFIED,TRANSITION_UNCLASSIFIED,TRANSITION
938.05,938.45,937.65,937.65,0,0,0,1,0.8714585717859711,NY,4,0.03567787971464169,day_anchor_std,server_midnight,1,0,0,0,UNCLASSIFIED,TRANSITION_UNCLASSIFIED,TRANSITION
937.55,937.55,936.45,936.5,0,0,0,1,0.9334480555209576,NY,5,0.0501792114695372,day_anchor_std,server_midnight,1,0,0,0,UNCLASSIFIED,TRANSITION_UNCLASSIFIED,TRANSITION
936.4,936.95,935.7,936.95,0,0,0,1,0.9334480555209576,NY,5,0.0501792114695372,day_anchor_std,server_midnight,1,0,0,0,UNCLASSIFIED,TRANSITION_UNCLASSIFIED,TRANSITION
936.75,938.45,936.55,938.45,0,0,0,1,0.9334480555209576,NY,5,0.0501792114695372,day_anchor_std,server_midnight,1,0,0,0,UNCLASSIFIED,TRANSITION_UNCLASSIFIED,TRANSITION
938.55,938.55,937.3,937.35,0,0,0,1,0.9334480555209576,NY,5,0.0501792114695372,day_anchor_std,server_midnight,1,0,0,0,UNCLASSIFIED,TRANSITION_UNCLASSIFIED,TRANSITION
937.3,938.25,936.95,938.25,0,0,0,1,0.9913837423525347,NY,6,0.12683760683762163,day_anchor_std,server_midnight,1,0,0,0,UNCLASSIFIED,TRANSITION_UNCLASSIFIED,TRANSITION
938.15,938.95,938.05,938.55,0,0,0,1,0.9913837423525347,NY,6,0.12683760683762163,day_anchor_std,server_midnight,1,0,0,0,UNCLASSIFIED,TRANSITION_UNCLASSIFIED,TRANSITION
938.5,938.5,936.3,936.55,0,0,0,1,0.9913837423525347,NY,6,0.12683760683762163,day_anchor_std,server_midnight,1,0,0,0,UNCLASSIFIED,TRANSITION_UNCLASSIFIED,TRANSITION
936.7,937.2,936.65,937.1,0,0,0,1,0.9913837423525347,NY,6,0.12683760683762163,day_anchor_std,server_midnight,1,0,0,0,UNCLASSIFIED,TRANSITION_UNCLASSIFIED,TRANSITION
937.3,938.7,937.3,938.25,0,0,0,1,0.8915923363189486,NY,7,0.3366062437059466,day_anchor_std,server_midnight,1,0,0,0,UNCLASSIFIED,TRANSITION_UNCLASSIFIED,TRANSITION
938.05,938.05,937.55,937.85,0,0,0,1,0.8915923363189486,NY,7,0.3366062437059466,day_anchor_std,server_midnight,1,0,0,0,UNCLASSIFIED,TRANSITION_UNCLASSIFIED,TRANSITION
937.75,938.4,937.55,938.4,0,0,0,1,0.8915923363189486,NY,7,0.3366062437059466,day_anchor_std,server_midnight,1,0,0,0,UNCLASSIFIED,TRANSITION_UNCLASSIFIED,TRANSITION
938.35,938.65,938.15,938.25,0,0,0,1,0.8915923363189486,NY,7,0.3366062437059466,day_anchor_std,server_midnight,1,0,0,0,UNCLASSIFIED,TRANSITION_UNCLASSIFIED,TRANSITION
938.15,940.5,938.15,940.5,0,0,0,2,0.9972308949290828,NY_PM,1,1.0243268337975795,day_anchor_std,server_midnight,0,0,0,1,TREND_STRONG,TREND_STRONG,TREND
940.55,941.2,940.5,940.7,0,0,0,2,0.9972308949290828,NY_PM,1,1.0243268337975795,day_anchor_std,server_midnight,0,0,0,1,TREND_STRONG,TREND_STRONG,TREND
940.4,941.35,940.15,941.35,0,0,0,2,0.9972308949290828,NY_PM,1,1.0243268337975795,day_anchor_std,server_midnight,0,0,0,1,TREND_STRONG,TREND_STRONG,TREND
941.45,941.75,940.45,940.45,0,0,0,2,0.9972308949290828,NY_PM,1,1.0243268337975795,day_anchor_std,server_midnight,0,0,0,1,TREND_STRONG,TREND_STRONG,TREND
940.25,941.25,940.25,940.7,0,0,0,1,0.9986780917900708,NY_PM,1,0.7181899641577344,day_anchor_std,server_midnight,1,0,0,0,UNCLASSIFIED,TRANSITION_UNCLASSIFIED,TRANSITION
940.5,940.65,940.25,940.55,0,0,0,1,0.9986780917900708,NY_PM,1,0.7181899641577344,day_anchor_std,server_midnight,1,0,0,0,UNCLASSIFIED,TRANSITION_UNCLASSIFIED,TRANSITION
940.25,940.3,939.95,939.95,0,0,0,1,0.9986780917900708,NY_PM,1,0.7181899641577344,day_anchor_std,server_midnight,1,0,0,0,UNCLASSIFIED,TRANSITION_UNCLASSIFIED,TRANSITION
939.85,940.05,939.15,939.95,0,0,0,1,0.9986780917900708,NY_PM,1,0.7181899641577344,day_anchor_std,server_midnight,1,0,0,0,UNCLASSIFIED,TRANSITION_UNCLASSIFIED,TRANSITION
939.75,939.75,939.45,939.45,0,0,0,1,0.9995685119840225,NY_PM,2,0.4402116402115992,day_anchor_std,server_midnight,1,0,0,0,UNCLASSIFIED,TRANSITION_UNCLASSIFIED,TRANSITION
939.35,939.45,939.15,939.15,0,0,0,1,0.9995685119840225,NY_PM,2,0.4402116402115992,day_anchor_std,server_midnight,1,0,0,0,UNCLASSIFIED,TRANSITION_UNCLASSIFIED,TRANSITION
938.95,939.05,938.95,939.05,0,0,0,1,0.9995685119840225,NY_PM,2,0.4402116402115992,day_anchor_std,server_midnight,1,0,0,0,UNCLASSIFIED,TRANSITION_UNCLASSIFIED,TRANSITION
939.1,939.15,939.1,939.15,0,0,0,1,0.9995685119840225,NY_PM,2,0.4402116402115992,day_anchor_std,server_midnight,1,0,0,0,UNCLASSIFIED,TRANSITION_UNCLASSIFIED,TRANSITION
939.05,939.15,939.05,939.15,0,0,0,1,0.998011315383366,NY_PM,3,0.585383714118318,day_anchor_std,server_midnight,1,0,0,0,TRANSITION_NOISY,TRANSITION_NOISY,TRANSITION
939.45,939.55,939.45,939.55,0,0,0,1,0.998011315383366,NY_PM,3,0.585383714118318,day_anchor_std,server_midnight,1,0,0,0,TRANSITION_NOISY,TRANSITION_NOISY,TRANSITION
939.5,939.55,939.45,939.55,0,0,0,1,0.998011315383366,NY_PM,3,0.585383714118318,day_anchor_std,server_midnight,1,0,0,0,TRANSITION_NOISY,TRANSITION_NOISY,TRANSITION
939.45,939.45,939.45,939.45,0,0,0,1,0.998011315383366,NY_PM,3,0.585383714118318,day_anchor_std,server_midnight,1,0,0,0,TRANSITION_NOISY,TRANSITION_NOISY,TRANSITION
939.35,939.45,939.35,939.45,0,0,0,1,0.9922060572365888,NY_PM,4,0.6970599465444401,day_anchor_std,server_midnight,1,0,0,0,TRANSITION_NOISY,TRANSITION_NOISY,TRANSITION
939.75,939.75,939.75,939.75,0,0,0,1,0.9922060572365888,NY_PM,4,0.6970599465444401,day_anchor_std,server_midnight,1,0,0,0,TRANSITION_NOISY,TRANSITION_NOISY,TRANSITION
939.65,939.65,939.65,939.65,0,0,0,1,0.9922060572365888,NY_PM,4,0.6970599465444401,day_anchor_std,server_midnight,1,0,0,0,TRANSITION_NOISY,TRANSITION_NOISY,TRANSITION
939.6,939.6,939.55,939.55,0,0,0,1,0.9922060572365888,NY_PM,4,0.6970599465444401,day_anchor_std,server_midnight,1,0,0,0,TRANSITION_NOISY,TRANSITION_NOISY,TRANSITION
938.15,938.3,935.95,935.95,0,0,0,1,0.9702577669378649,NY,1,1.4017914267433242,day_anchor_std,server_midnight,0,1,0,0,UNCLASSIFIED,TRANSITION_UNCLASSIFIED,TRANSITION
935.85,936.75,935.6,936.0,0,0,0,1,0.9702577669378649,NY,1,1.4017914267433242,day_anchor_std,server_midnight,0,1,0,0,UNCLASSIFIED,TRANSITION_UNCLASSIFIED,TRANSITION
935.95,935.95,934.55,934.65,0,0,0,1,0.9702577669378649,NY,1,1.4017914267433242,day_anchor_std,server_midnight,0,1,0,0,UNCLASSIFIED,TRANSITION_UNCLASSIFIED,TRANSITION
934.55,935.45,933.45,933.95,0,0,0,1,0.9702577669378649,NY,1,1.4017914267433242,day_anchor_std,server_midnight,0,1,0,0,UNCLASSIFIED,TRANSITION_UNCLASSIFIED,TRANSITION
933.75,934.95,933.5,933.85,0,0,0,1,0.9922949701123797,NY,2,1.7239404352805967,day_anchor_std,server_midnight,0,1,0,0,UNCLASSIFIED,TRANSITION_UNCLASSIFIED,TRANSITION
933.55,934.15,932.65,933.05,0,0,0,1,0.9922949701123797,NY,2,1.7239404352805967,day_anchor_std,server_midnight,0,1,0,0,UNCLASSIFIED,TRANSITION_UNCLASSIFIED,TRANSITION
932.95,933.15,929.8,931.15,0,0,0,1,0.9922949701123797,NY,2,1.7239404352805967,day_anchor_std,server_midnight,0,1,0,0,UNCLASSIFIED,TRANSITION_UNCLASSIFIED,TRANSITION
931.1,932.25,930.95,931.9,0,0,0,1,0.9922949701123797,NY,2,1.7239404352805967,day_anchor_std,server_midnight,0,1,0,0,UNCLASSIFIED,TRANSITION_UNCLASSIFIED,TRANSITION
931.75,931.75,929.9,929.95,0,0,0,1,0.9995676620228746,NY,3,2.41808346213291,day_anchor_std,server_midnight,0,1,0,0,TRANSITION_NOISY,TRANSITION_NOISY,TRANSITION
930.05,932.55,929.95,932.3,0,0,0,1,0.9995676620228746,NY,3,2.41808346213291,day_anchor_std,server_midnight,0,1,0,0,TRANSITION_NOISY,TRANSITION_NOISY,TRANSITION
932.15,932.15,930.25,930.3,0,0,0,1,0.9995676620228746,NY,3,2.41808346213291,day_anchor_std,server_midnight,0,1,0,0,TRANSITION_NOISY,TRANSITION_NOISY,TRANSITION
930.35,930.95,928.95,929.05,0,0,0,1,0.9995676620228746,NY,3,2.41808346213291,day_anchor_std,server_midnight,0,1,0,0,TRANSITION_NOISY,TRANSITION_NOISY,TRANSITION
929.25,930.35,928.95,929.25,0,0,0,2,0.9935228365009265,NY_PM,1,2.236849507735567,day_anchor_std,server_midnight,0,0,0,1,TREND_STRONG,TREND_STRONG,TREND
928.95,929.45,928.05,928.05,0,0,0,2,0.9935228365009265,NY_PM,1,2.236849507735567,day_anchor_std,server_midnight,0,0,0,1,TREND_STRONG,TREND_STRONG,TREND
927.95,927.95,926.75,927.9,0,0,0,2,0.9935228365009265,NY_PM,1,2.236849507735567,day_anchor_std,server_midnight,0,0,0,1,TREND_STRONG,TREND_STRONG,TREND
927.75,928.6,927.7,928.25,0,0,0,2,0.9935228365009265,NY_PM,1,2.236849507735567,day_anchor_std,server_midnight,0,0,0,1,TREND_STRONG,TREND_STRONG,TREND
927.95,929.15,927.95,928.75,0,0,0,1,0.9962866556599248,NY_PM,1,1.515475085112955,day_anchor_std,server_midnight,0,1,0,0,TRANSITION_NOISY,TRANSITION_NOISY,TRANSITION
928.95,929.85,928.95,929.85,0,0,0,1,0.9962866556599248,NY_PM,1,1.515475085112955,day_anchor_std,server_midnight,0,1,0,0,TRANSITION_NOISY,TRANSITION_NOISY,TRANSITION
929.75,929.85,929.6,929.75,0,0,0,1,0.9962866556599248,NY_PM,1,1.515475085112955,day_anchor_std,server_midnight,0,1,0,0,TRANSITION_NOISY,TRANSITION_NOISY,TRANSITION
929.65,929.75,929.25,929.65,0,0,0,1,0.9962866556599248,NY_PM,1,1.515475085112955,day_anchor_std,server_midnight,0,1,0,0,TRANSITION_NOISY,TRANSITION_NOISY,TRANSITION
929.75,929.95,929.75,929.95,0,0,0,2,0.9836140728420322,NY_PM,1,1.7536656891494835,day_anchor_std,server_midnight,0,0,0,1,TREND_STRONG,TREND_STRONG,TREND
930.0,930.0,929.45,929.45,0,0,0,2,0.9836140728420322,NY_PM,1,1.7536656891494835,day_anchor_std,server_midnight,0,0,0,1,TREND_STRONG,TREND_STRONG,TREND
929.15,929.15,928.95,928.95,0,0,0,2,0.9836140728420322,NY_PM,1,1.7536656891494835,day_anchor_std,server_midnight,0,0,0,1,TREND_STRONG,TREND_STRONG,TREND
928.85,929.25,928.85,929.15,0,0,0,2,0.9879847657071511,NY_PM,2,1.3234767025089247,day_anchor_std,server_midnight,0,0,0,1,TREND_STRONG,TREND_STRONG,TREND
929.55,929.85,929.55,929.85,0,0,0,2,0.9879847657071511,NY_PM,2,1.3234767025089247,day_anchor_std,server_midnight,0,0,0,1,TREND_STRONG,TREND_STRONG,TREND
929.95,929.95,929.95,929.95,0,0,0,2,0.9879847657071511,NY_PM,2,1.3234767025089247,day_anchor_std,server_midnight,0,0,0,1,TREND_STRONG,TREND_STRONG,TREND
930.05,930.15,929.95,929.95,0,0,0,2,0.983969191164761,NY_PM,3,1.688199827734685,day_anchor_std,server_midnight,0,0,0,1,TREND_STRONG,TREND_STRONG,TREND
929.65,929.65,929.55,929.65,0,0,0,2,0.983969191164761,NY_PM,3,1.688199827734685,day_anchor_std,server_midnight,0,0,0,1,TREND_STRONG,TREND_STRONG,TREND
929.55,929.55,929.45,929.45,0,0,0,2,0.983969191164761,NY_PM,3,1.688199827734685,day_anchor_std,server_midnight,0,0,0,1,TREND_STRONG,TREND_STRONG,TREND
928.95,929.15,928.85,928.95,0,0,0,2,0.983969191164761,NY_PM,3,1.688199827734685,day_anchor_std,server_midnight,0,0,0,1,TREND_STRONG,TREND_STRONG,TREND
915.35,915.35,913.65,913.65,0,0,0,2,0.9995141715078315,NY_PM,8,2.5505658999634795,day_anchor_std,server_midnight,0,0,0,1,TREND_STRONG,TREND_STRONG,TREND
913.45,913.45,912.75,913.2,0,0,0,2,0.9995141715078315,NY_PM,8,2.5505658999634795,day_anchor_std,server_midnight,0,0,0,1,TREND_STRONG,TREND_STRONG,TREND
913.15,913.25,912.05,912.05,0,0,0,2,0.9995141715078315,NY_PM,8,2.5505658999634795,day_anchor_std,server_midnight,0,0,0,1,TREND_STRONG,TREND_STRONG,TREND
912.25,914.55,912.25,913.55,0,0,0,2,0.9995141715078315,NY_PM,8,2.5505658999634795,day_anchor_std,server_midnight,0,0,0,1,TREND_STRONG,TREND_STRONG,TREND
913.8,914.15,913.55,913.55,0,0,0,2,0.9938437560148196,NY_PM,9,2.0817748441510826,day_anchor_std,server_midnight,0,0,0,1,TREND_STRONG,TREND_STRONG,TREND
913.45,915.35,913.45,915.35,0,0,0,2,0.9938437560148196,NY_PM,9,2.0817748441510826,day_anchor_std,server_midnight,0,0,0,1,TREND_STRONG,TREND_STRONG,TREND
915.25,915.25,914.05,914.45,0,0,0,2,0.9938437560148196,NY_PM,9,2.0817748441510826,day_anchor_std,server_midnight,0,0,0,1,TREND_STRONG,TREND_STRONG,TREND
914.35,914.65,913.95,914.45,0,0,0,2,0.9938437560148196,NY_PM,9,2.0817748441510826,day_anchor_std,server_midnight,0,0,0,1,TREND_STRONG,TREND_STRONG,TREND
914.15,914.15,913.45,913.45,0,0,0,2,0.9997107187676273,NY_PM,10,2.9273700305810406,day_anchor_std,server_midnight,0,0,0,1,TREND_STRONG,TREND_STRONG,TREND
912.95,912.95,912.95,912.95,0,0,0,2,0.9997107187676273,NY_PM,10,2.9273700305810406,day_anchor_std,server_midnight,0,0,0,1,TREND_STRONG,TREND_STRONG,TREND
912.45,912.45,912.05,912.05,0,0,0,2,0.9997107187676273,NY_PM,10,2.9273700305810406,day_anchor_std,server_midnight,0,0,0,1,TREND_STRONG,TREND_STRONG,TREND
911.45,911.45,911.45,911.45,0,0,0,2,0.9997107187676273,NY_PM,10,2.9273700305810406,day_anchor_std,server_midnight,0,0,0,1,TREND_STRONG,TREND_STRONG,TREND
910.95,910.95,910.75,910.95,0,0,0,2,0.9961429996246733,NY_PM,11,3.3174755214985336,day_anchor_std,server_midnight,0,0,0,1,TREND_STRONG,TREND_STRONG,TREND
910.75,910.95,910.75,910.95,0,0,0,2,0.9961429996246733,NY_PM,11,3.3174755214985336,day_anchor_std,server_midnight,0,0,0,1,TREND_STRONG,TREND_STRONG,TREND
910.75,910.75,910.75,910.75,0,0,0,2,0.9961429996246733,NY_PM,11,3.3174755214985336,day_anchor_std,server_midnight,0,0,0,1,TREND_STRONG,TREND_STRONG,TREND
910.95,911.15,910.95,911.15,0,0,0,2,0.9994456900958656,NY_PM,12,2.894655729555056,day_anchor_std,server_midnight,0,0,0,1,UNCLASSIFIED,TREND_UNCLASSIFIED,TREND
911.45,911.45,911.45,911.45,0,0,0,2,0.9994456900958656,NY_PM,12,2.894655729555056,day_anchor_std,server_midnight,0,0,0,1,UNCLASSIFIED,TREND_UNCLASSIFIED,TREND
911.5,911.5,911.45,911.45,0,0,0,2,0.9994456900958656,NY_PM,12,2.894655729555056,day_anchor_std,server_midnight,0,0,0,1,UNCLASSIFIED,TREND_UNCLASSIFIED,TREND
911.95,912.45,911.75,911.95,0,0,0,2,0.9994456900958656,NY_PM,12,2.894655729555056,day_anchor_std,server_midnight,0,0,0,1,UNCLASSIFIED,TREND_UNCLASSIFIED,TREND
909.05,910.55,909.05,909.55,0,0,0,1,0.9989204677890803,NY,2,0.527506510416636,day_anchor_std,server_midnight,1,0,0,0,TRANSITION_NOISY,TRANSITION_NOISY,TRANSITION
909.85,910.45,909.85,910.15,0,0,0,1,0.9989204677890803,NY,2,0.527506510416636,day_anchor_std,server_midnight,1,0,0,0,TRANSITION_NOISY,TRANSITION_NOISY,TRANSITION
910.05,910.25,908.65,910.25,0,0,0,1,0.9989204677890803,NY,2,0.527506510416636,day_anchor_std,server_midnight,1,0,0,0,TRANSITION_NOISY,TRANSITION_NOISY,TRANSITION
909.95,909.95,908.0,908.0,0,0,0,1,0.9989204677890803,NY,2,0.527506510416636,day_anchor_std,server_midnight,1,0,0,0,TRANSITION_NOISY,TRANSITION_NOISY,TRANSITION
907.95,908.25,906.85,907.05,0,0,0,2,0.9901632891239587,NY_PM,1,1.1376068376067912,day_anchor_std,server_midnight,0,0,0,1,TREND_FRAGILE,TREND_FRAGILE,TREND
906.95,908.95,906.85,908.95,0,0,0,2,0.9901632891239587,NY_PM,1,1.1376068376067912,day_anchor_std,server_midnight,0,0,0,1,TREND_FRAGILE,TREND_FRAGILE,TREND
909.05,909.3,907.95,908.55,0,0,0,2,0.9901632891239587,NY_PM,1,1.1376068376067912,day_anchor_std,server_midnight,0,0,0,1,TREND_FRAGILE,TREND_FRAGILE,TREND
908.75,911.55,908.75,910.95,0,0,0,2,0.9901632891239587,NY_PM,1,1.1376068376067912,day_anchor_std,server_midnight,0,0,0,1,TREND_FRAGILE,TREND_FRAGILE,TREND
910.85,912.2,910.65,911.8,0,0,0,1,0.9346090449912773,NY_PM,1,1.5169880624425716,day_anchor_std,server_midnight,0,1,0,0,UNCLASSIFIED,TRANSITION_UNCLASSIFIED,TRANSITION
911.85,913.9,911.55,913.55,0,0,0,1,0.9346090449912773,NY_PM,1,1.5169880624425716,day_anchor_std,server_midnight,0,1,0,0,UNCLASSIFIED,TRANSITION_UNCLASSIFIED,TRANSITION
913.75,913.75,911.85,911.95,0,0,0,1,0.9346090449912773,NY_PM,1,1.5169880624425716,day_anchor_std,server_midnight,0,1,0,0,UNCLASSIFIED,TRANSITION_UNCLASSIFIED,TRANSITION
911.95,912.95,911.95,912.95,0,0,0,1,0.9346090449912773,NY_PM,1,1.5169880624425716,day_anchor_std,server_midnight,0,1,0,0,UNCLASSIFIED,TRANSITION_UNCLASSIFIED,TRANSITION
912.85,912.95,912.35,912.35,0,0,0,0,0.6856195460473821,NY_PM,1,1.6465545664358385,day_anchor_std,server_midnight,0,0,1,0,BALANCE_LEAKING,BALANCE_LEAKING,BALANCE
912.95,913.45,912.95,913.45,0,0,0,0,0.6856195460473821,NY_PM,1,1.6465545664358385,day_anchor_std,server_midnight,0,0,1,0,BALANCE_LEAKING,BALANCE_LEAKING,BALANCE
913.35,913.45,913.35,913.45,0,0,0,0,0.6856195460473821,NY_PM,1,1.6465545664358385,day_anchor_std,server_midnight,0,0,1,0,BALANCE_LEAKING,BALANCE_LEAKING,BALANCE
913.4,913.4,913.4,913.4,0,0,0,0,0.6856195460473821,NY_PM,1,1.6465545664358385,day_anchor_std,server_midnight,0,0,1,0,BALANCE_LEAKING,BALANCE_LEAKING,BALANCE
913.45,913.45,913.15,913.15,0,0,0,0,0.3239965332890282,NY_PM,2,1.3594474153297287,day_anchor_std,server_midnight,0,0,1,0,UNCLASSIFIED,BALANCE_UNCLASSIFIED,BALANCE
913.1,913.25,913.1,913.25,0,0,0,0,0.3239965332890282,NY_PM,2,1.3594474153297287,day_anchor_std,server_midnight,0,0,1,0,UNCLASSIFIED,BALANCE_UNCLASSIFIED,BALANCE
913.05,913.05,912.45,912.45,0,0,0,0,0.3239965332890282,NY_PM,2,1.3594474153297287,day_anchor_std,server_midnight,0,0,1,0,UNCLASSIFIED,BALANCE_UNCLASSIFIED,BALANCE
912.35,912.35,912.25,912.25,0,0,0,0,0.3239965332890282,NY_PM,2,1.3594474153297287,day_anchor_std,server_midnight,0,0,1,0,UNCLASSIFIED,BALANCE_UNCLASSIFIED,BALANCE
905.5,906.35,905.5,905.55,0,0,0,1,0.992879943793366,NY_PM,1,1.3094433175568665,day_anchor_std,server_midnight,0,1,0,0,UNCLASSIFIED,TRANSITION_UNCLASSIFIED,TRANSITION
905.65,905.65,904.95,905.55,0,0,0,1,0.992879943793366,NY_PM,1,1.3094433175568665,day_anchor_std,server_midnight,0,1,0,0,UNCLASSIFIED,TRANSITION_UNCLASSIFIED,TRANSITION
905.45,906.75,905.45,906.45,0,0,0,1,0.992879943793366,NY_PM,1,1.3094433175568665,day_anchor_std,server_midnight,0,1,0,0,UNCLASSIFIED,TRANSITION_UNCLASSIFIED,TRANSITION
906.35,906.35,905.25,905.25,0,0,0,1,0.992879943793366,NY_PM,1,1.3094433175568665,day_anchor_std,server_midnight,0,1,0,0,UNCLASSIFIED,TRANSITION_UNCLASSIFIED,TRANSITION
905.05,905.05,905.05,905.05,0,0,0,0,0.8985595742489677,NY_PM,1,1.4798206278026746,day_anchor_std,server_midnight,0,0,1,0,BALANCE_LEAKING,BALANCE_LEAKING,BALANCE
905.15,905.15,905.05,905.05,0,0,0,0,0.8985595742489677,NY_PM,1,1.4798206278026746,day_anchor_std,server_midnight,0,0,1,0,BALANCE_LEAKING,BALANCE_LEAKING,BALANCE
904.95,904.95,904.95,904.95,0,0,0,0,0.8985595742489677,NY_PM,1,1.4798206278026746,day_anchor_std,server_midnight,0,0,1,0,BALANCE_LEAKING,BALANCE_LEAKING,BALANCE
905.05,905.05,904.95,905.05,0,0,0,1,0.8602836385856795,NY_PM,1,1.5512185047500964,day_anchor_std,server_midnight,0,1,0,0,TRANSITION_NOISY,TRANSITION_NOISY,TRANSITION
905.15,905.15,905.05,905.05,0,0,0,1,0.8602836385856795,NY_PM,1,1.5512185047500964,day_anchor_std,server_midnight,0,1,0,0,TRANSITION_NOISY,TRANSITION_NOISY,TRANSITION
905.1,905.1,905.05,905.05,0,0,0,1,0.8602836385856795,NY_PM,1,1.5512185047500964,day_anchor_std,server_midnight,0,1,0,0,TRANSITION_NOISY,TRANSITION_NOISY,TRANSITION
909.9,910.25,909.25,909.95,0,0,0,1,0.33246009060770815,NY_PM,1,0.3710862439245014,day_anchor_std,server_midnight,1,0,0,0,UNCLASSIFIED,TRANSITION_UNCLASSIFIED,TRANSITION
910.05,910.55,910.05,910.3,0,0,0,1,0.33246009060770815,NY_PM,1,0.3710862439245014,day_anchor_std,server_midnight,1,0,0,0,UNCLASSIFIED,TRANSITION_UNCLASSIFIED,TRANSITION
910.35,910.8,909.05,909.45,0,0,0,1,0.33246009060770815,NY_PM,1,0.3710862439245014,day_anchor_std,server_midnight,1,0,0,0,UNCLASSIFIED,TRANSITION_UNCLASSIFIED,TRANSITION
909.4,909.9,909.05,909.8,0,0,0,1,0.33246009060770815,NY_PM,1,0.3710862439245014,day_anchor_std,server_midnight,1,0,0,0,UNCLASSIFIED,TRANSITION_UNCLASSIFIED,TRANSITION
908.8,908.8,906.95,907.1,0,0,0,1,0.37537289832496884,NY_PM,1,0.5974385600554428,day_anchor_std,server_midnight,1,0,0,0,UNCLASSIFIED,TRANSITION_UNCLASSIFIED,TRANSITION
907.15,907.2,907.15,907.2,0,0,0,1,0.37537289832496884,NY_PM,1,0.5974385600554428,day_anchor_std,server_midnight,1,0,0,0,UNCLASSIFIED,TRANSITION_UNCLASSIFIED,TRANSITION
907.25,909.1,907.25,909.05,0,0,0,1,0.37537289832496884,NY_PM,1,0.5974385600554428,day_anchor_std,server_midnight,1,0,0,0,UNCLASSIFIED,TRANSITION_UNCLASSIFIED,TRANSITION
914.9,914.95,914.55,914.55,0,0,0,1,0.9909441314163192,NY,2,0.06888068880686442,day_anchor_std,server_midnight,1,0,0,0,UNCLASSIFIED,TRANSITION_UNCLASSIFIED,TRANSITION
914.75,916.45,914.75,915.8,0,0,0,1,0.9909441314163192,NY,2,0.06888068880686442,day_anchor_std,server_midnight,1,0,0,0,UNCLASSIFIED,TRANSITION_UNCLASSIFIED,TRANSITION
915.95,916.45,915.25,916.05,0,0,0,1,0.9988567100463801,NY,3,0.6711165048543759,day_anchor_std,server_midnight,1,0,0,0,UNCLASSIFIED,TRANSITION_UNCLASSIFIED,TRANSITION
916.25,918.55,916.0,918.5,0,0,0,1,0.9988567100463801,NY,3,0.6711165048543759,day_anchor_std,server_midnight,1,0,0,0,UNCLASSIFIED,TRANSITION_UNCLASSIFIED,TRANSITION
918.4,919.55,917.75,919.55,0,0,0,1,0.9988567100463801,NY,3,0.6711165048543759,day_anchor_std,server_midnight,1,0,0,0,UNCLASSIFIED,TRANSITION_UNCLASSIFIED,TRANSITION
919.45,919.55,918.35,918.55,0,0,0,1,0.9988567100463801,NY,3,0.6711165048543759,day_anchor_std,server_midnight,1,0,0,0,UNCLASSIFIED,TRANSITION_UNCLASSIFIED,TRANSITION
919.55,921.55,919.55,921.35,0,0,0,1,0.9992575276282585,NY,5,1.653304442036843,day_anchor_std,server_midnight,0,1,0,0,UNCLASSIFIED,TRANSITION_UNCLASSIFIED,TRANSITION
921.45,923.85,921.45,923.4,0,0,0,1,0.9992575276282585,NY,5,1.653304442036843,day_anchor_std,server_midnight,0,1,0,0,UNCLASSIFIED,TRANSITION_UNCLASSIFIED,TRANSITION
923.3,923.5,922.35,923.35,0,0,0,1,0.9992575276282585,NY,5,1.653304442036843,day_anchor_std,server_midnight,0,1,0,0,UNCLASSIFIED,TRANSITION_UNCLASSIFIED,TRANSITION
923.25,923.45,922.25,923.35,0,0,0,1,0.9992575276282585,NY,5,1.653304442036843,day_anchor_std,server_midnight,0,1,0,0,UNCLASSIFIED,TRANSITION_UNCLASSIFIED,TRANSITION
923.25,923.85,922.55,923.25,0,0,0,1,0.9995756481925712,NY_PM,6,1.4307853403141246,day_anchor_std,server_midnight,0,1,0,0,TRANSITION_NOISY,TRANSITION_NOISY,TRANSITION
923.15,924.15,923.05,924.05,0,0,0,1,0.9995756481925712,NY_PM,6,1.4307853403141246,day_anchor_std,server_midnight,0,1,0,0,TRANSITION_NOISY,TRANSITION_NOISY,TRANSITION
924.15,924.35,923.4,923.4,0,0,0,1,0.9995756481925712,NY_PM,6,1.4307853403141246,day_anchor_std,server_midnight,0,1,0,0,TRANSITION_NOISY,TRANSITION_NOISY,TRANSITION
923.45,924.05,923.15,923.35,0,0,0,1,0.9995756481925712,NY_PM,6,1.4307853403141246,day_anchor_std,server_midnight,0,1,0,0,TRANSITION_NOISY,TRANSITION_NOISY,TRANSITION
923.25,923.7,923.0,923.7,0,0,0,1,0.9992376102177853,NY_PM,7,1.8620338551609488,day_anchor_std,server_midnight,0,1,0,0,TRANSITION_NOISY,TRANSITION_NOISY,TRANSITION
923.6,923.95,922.45,923.6,0,0,0,1,0.9992376102177853,NY_PM,7,1.8620338551609488,day_anchor_std,server_midnight,0,1,0,0,TRANSITION_NOISY,TRANSITION_NOISY,TRANSITION
923.55,926.35,923.55,925.1,0,0,0,1,0.9992376102177853,NY_PM,7,1.8620338551609488,day_anchor_std,server_midnight,0,1,0,0,TRANSITION_NOISY,TRANSITION_NOISY,TRANSITION
925.1,925.65,924.55,924.85,0,0,0,1,0.9992376102177853,NY_PM,7,1.8620338551609488,day_anchor_std,server_midnight,0,1,0,0,TRANSITION_NOISY,TRANSITION_NOISY,TRANSITION
924.75,924.75,924.15,924.15,0,0,0,1,0.9983819532449429,NY_PM,8,1.33333333333333,day_anchor_std,server_midnight,0,1,0,0,TRANSITION_NOISY,TRANSITION_NOISY,TRANSITION
923.85,923.85,923.45,923.45,0,0,0,1,0.9983819532449429,NY_PM,8,1.33333333333333,day_anchor_std,server_midnight,0,1,0,0,TRANSITION_NOISY,TRANSITION_NOISY,TRANSITION
923.4,923.45,923.4,923.45,0,0,0,1,0.9995991308114763,NY_PM,9,1.8100921273031425,day_anchor_std,server_midnight,0,1,0,0,TRANSITION_NOISY,TRANSITION_NOISY,TRANSITION
923.4,923.45,923.4,923.45,0,0,0,1,0.9995991308114763,NY_PM,9,1.8100921273031425,day_anchor_std,server_midnight,0,1,0,0,TRANSITION_NOISY,TRANSITION_NOISY,TRANSITION
923.4,924.85,923.4,924.85,0,0,0,1,0.9995991308114763,NY_PM,9,1.8100921273031425,day_anchor_std,server_midnight,0,1,0,0,TRANSITION_NOISY,TRANSITION_NOISY,TRANSITION
924.65,924.85,924.65,924.85,0,0,0,1,0.9997937974950244,NY_PM,10,1.8930486643612123,day_anchor_std,server_midnight,0,1,0,0,TRANSITION_NOISY,TRANSITION_NOISY,TRANSITION
924.55,924.75,924.55,924.75,0,0,0,1,0.9997937974950244,NY_PM,10,1.8930486643612123,day_anchor_std,server_midnight,0,1,0,0,TRANSITION_NOISY,TRANSITION_NOISY,TRANSITION
924.95,925.05,924.85,924.95,0,0,0,1,0.9997937974950244,NY_PM,10,1.8930486643612123,day_anchor_std,server_midnight,0,1,0,0,TRANSITION_NOISY,TRANSITION_NOISY,TRANSITION
934.05,934.55,934.05,934.55,0,0,0,1,0.9925937699734461,NY,11,0.20671834625318203,day_anchor_std,server_midnight,1,0,0,0,UNCLASSIFIED,TRANSITION_UNCLASSIFIED,TRANSITION
934.7,936.35,933.95,936.15,0,0,0,1,0.9925937699734461,NY,11,0.20671834625318203,day_anchor_std,server_midnight,1,0,0,0,UNCLASSIFIED,TRANSITION_UNCLASSIFIED,TRANSITION
941.95,942.45,941.05,941.05,0,0,0,2,0.9995649898547377,NY_PM,4,1.1882882882883121,day_anchor_std,server_midnight,0,0,0,1,UNCLASSIFIED,TREND_UNCLASSIFIED,TREND
941.15,942.5,941.05,942.35,0,0,0,2,0.9995649898547377,NY_PM,4,1.1882882882883121,day_anchor_std,server_midnight,0,0,0,1,UNCLASSIFIED,TREND_UNCLASSIFIED,TREND
942.55,943.5,942.15,942.15,0,0,0,2,0.9995649898547377,NY_PM,4,1.1882882882883121,day_anchor_std,server_midnight,0,0,0,1,UNCLASSIFIED,TREND_UNCLASSIFIED,TREND
942.25,942.75,941.75,942.45,0,0,0,2,0.9995649898547377,NY_PM,4,1.1882882882883121,day_anchor_std,server_midnight,0,0,0,1,UNCLASSIFIED,TREND_UNCLASSIFIED,TREND
942.65,942.85,941.65,942.05,0,0,0,2,0.999701593254068,NY_PM,5,1.235690235690236,day_anchor_std,server_midnight,0,0,0,1,TREND_STRONG,TREND_STRONG,TREND
942.0,942.45,941.55,942.45,0,0,0,2,0.999701593254068,NY_PM,5,1.235690235690236,day_anchor_std,server_midnight,0,0,0,1,TREND_STRONG,TREND_STRONG,TREND
942.55,943.35,941.95,941.95,0,0,0,2,0.999701593254068,NY_PM,5,1.235690235690236,day_anchor_std,server_midnight,0,0,0,1,TREND_STRONG,TREND_STRONG,TREND
941.85,942.45,941.85,942.45,0,0,0,2,0.999701593254068,NY_PM,5,1.235690235690236,day_anchor_std,server_midnight,0,0,0,1,TREND_STRONG,TREND_STRONG,TREND
942.45,942.95,942.45,942.95,0,0,0,1,0.999053279268266,NY_PM,3,1.5263236390753196,day_anchor_std,server_midnight,0,1,0,0,TRANSITION_NOISY,TRANSITION_NOISY,TRANSITION
942.85,942.95,942.85,942.95,0,0,0,1,0.999053279268266,NY_PM,3,1.5263236390753196,day_anchor_std,server_midnight,0,1,0,0,TRANSITION_NOISY,TRANSITION_NOISY,TRANSITION
942.85,942.95,942.85,942.95,0,0,0,1,0.999053279268266,NY_PM,3,1.5263236390753196,day_anchor_std,server_midnight,0,1,0,0,TRANSITION_NOISY,TRANSITION_NOISY,TRANSITION
941.4,941.4,941.05,941.05,0,0,0,1,0.9994153999771835,NY,4,0.1124497991968123,day_anchor_std,server_midnight,1,0,0,0,UNCLASSIFIED,TRANSITION_UNCLASSIFIED,TRANSITION
941.15,942.95,941.15,942.45,0,0,0,1,0.9994153999771835,NY,4,0.1124497991968123,day_anchor_std,server_midnight,1,0,0,0,UNCLASSIFIED,TRANSITION_UNCLASSIFIED,TRANSITION
942.75,946.45,942.45,946.3,0,0,0,1,0.9993425124819838,NY,5,0.05604719764010716,day_anchor_std,server_midnight,1,0,0,0,UNCLASSIFIED,TRANSITION_UNCLASSIFIED,TRANSITION
946.25,948.55,946.05,946.05,0,0,0,1,0.9993425124819838,NY,5,0.05604719764010716,day_anchor_std,server_midnight,1,0,0,0,UNCLASSIFIED,TRANSITION_UNCLASSIFIED,TRANSITION
946.15,946.55,942.95,944.05,0,0,0,1,0.9993425124819838,NY,5,0.05604719764010716,day_anchor_std,server_midnight,1,0,0,0,UNCLASSIFIED,TRANSITION_UNCLASSIFIED,TRANSITION
943.95,944.25,942.95,943.4,0,0,0,1,0.9993425124819838,NY,5,0.05604719764010716,day_anchor_std,server_midnight,1,0,0,0,UNCLASSIFIED,TRANSITION_UNCLASSIFIED,TRANSITION
939.45,939.45,938.25,938.95,0,0,0,1,0.9743418228585167,NY,7,0.3154140570633213,day_anchor_std,server_midnight,1,0,0,0,UNCLASSIFIED,TRANSITION_UNCLASSIFIED,TRANSITION
939.35,940.05,939.05,939.05,0,0,0,1,0.9743418228585167,NY,7,0.3154140570633213,day_anchor_std,server_midnight,1,0,0,0,UNCLASSIFIED,TRANSITION_UNCLASSIFIED,TRANSITION
939.0,941.45,938.75,941.45,0,0,0,1,0.9743418228585167,NY,7,0.3154140570633213,day_anchor_std,server_midnight,1,0,0,0,UNCLASSIFIED,TRANSITION_UNCLASSIFIED,TRANSITION
941.55,944.25,941.35,944.25,0,0,0,1,0.9743418228585167,NY,7,0.3154140570633213,day_anchor_std,server_midnight,1,0,0,0,UNCLASSIFIED,TRANSITION_UNCLASSIFIED,TRANSITION
944.15,946.15,943.55,945.95,0,0,0,2,0.7514644778011247,NY_PM,1,0.7191111111111225,day_anchor_std,server_midnight,0,0,0,1,TREND_STRONG,TREND_STRONG,TREND
946.25,947.45,945.65,947.15,0,0,0,2,0.7514644778011247,NY_PM,1,0.7191111111111225,day_anchor_std,server_midnight,0,0,0,1,TREND_STRONG,TREND_STRONG,TREND
947.1,948.55,946.6,948.55,0,0,0,2,0.7514644778011247,NY_PM,1,0.7191111111111225,day_anchor_std,server_midnight,0,0,0,1,TREND_STRONG,TREND_STRONG,TREND
948.45,948.65,946.1,946.1,0,0,0,2,0.7514644778011247,NY_PM,1,0.7191111111111225,day_anchor_std,server_midnight,0,0,0,1,TREND_STRONG,TREND_STRONG,TREND
946.15,946.45,945.05,946.45,0,0,0,2,0.7942998148328069,NY_PM,2,1.349313358302152,day_anchor_std,server_midnight,0,0,0,1,TREND_STRONG,TREND_STRONG,TREND
946.55,947.55,945.85,945.85,0,0,0,2,0.7942998148328069,NY_PM,2,1.349313358302152,day_anchor_std,server_midnight,0,0,0,1,TREND_STRONG,TREND_STRONG,TREND
946.05,948.05,946.05,947.75,0,0,0,2,0.7942998148328069,NY_PM,2,1.349313358302152,day_anchor_std,server_midnight,0,0,0,1,TREND_STRONG,TREND_STRONG,TREND
947.65,948.45,947.55,947.95,0,0,0,2,0.7942998148328069,NY_PM,2,1.349313358302152,day_anchor_std,server_midnight,0,0,0,1,TREND_STRONG,TREND_STRONG,TREND
947.9,947.95,947.35,947.55,0,0,0,1,0.78364426876041,NY_PM,1,1.2571428571428946,day_anchor_std,server_midnight,0,1,0,0,UNCLASSIFIED,TRANSITION_UNCLASSIFIED,TRANSITION
947.65,947.95,947.5,947.5,0,0,0,1,0.78364426876041,NY_PM,1,1.2571428571428946,day_anchor_std,server_midnight,0,1,0,0,UNCLASSIFIED,TRANSITION_UNCLASSIFIED,TRANSITION
947.6,947.6,947.6,947.6,0,0,0,1,0.78364426876041,NY_PM,1,1.2571428571428946,day_anchor_std,server_midnight,0,1,0,0,UNCLASSIFIED,TRANSITION_UNCLASSIFIED,TRANSITION
947.55,947.6,947.55,947.6,0,0,0,1,0.78364426876041,NY_PM,1,1.2571428571428946,day_anchor_std,server_midnight,0,1,0,0,UNCLASSIFIED,TRANSITION_UNCLASSIFIED,TRANSITION
947.45,948.45,947.45,948.45,0,0,0,1,0.9941071931448963,NY,3,0.4006449012495132,day_anchor_std,server_midnight,1,0,0,0,UNCLASSIFIED,TRANSITION_UNCLASSIFIED,TRANSITION
948.95,951.0,948.95,951.0,0,0,0,1,0.9941071931448963,NY,3,0.4006449012495132,day_anchor_std,server_midnight,1,0,0,0,UNCLASSIFIED,TRANSITION_UNCLASSIFIED,TRANSITION
950.95,952.5,949.95,951.8,0,0,0,1,0.9790849814218222,NY,4,0.018838908112283937,day_anchor_std,server_midnight,1,0,0,0,TRANSITION_NOISY,TRANSITION_NOISY,TRANSITION
951.75,952.25,950.55,950.8,0,0,0,1,0.9790849814218222,NY,4,0.018838908112283937,day_anchor_std,server_midnight,1,0,0,0,TRANSITION_NOISY,TRANSITION_NOISY,TRANSITION
950.85,950.95,948.05,948.55,0,0,0,1,0.9790849814218222,NY,4,0.018838908112283937,day_anchor_std,server_midnight,1,0,0,0,TRANSITION_NOISY,TRANSITION_NOISY,TRANSITION
948.7,950.0,948.7,949.95,0,0,0,1,0.9790849814218222,NY,4,0.018838908112283937,day_anchor_std,server_midnight,1,0,0,0,TRANSITION_NOISY,TRANSITION_NOISY,TRANSITION
949.75,951.25,949.35,951.25,0,0,0,1,0.8760488204638709,NY,5,0.06058291968940551,day_anchor_std,server_midnight,1,0,0,0,TRANSITION_NOISY,TRANSITION_NOISY,TRANSITION
950.95,951.45,950.2,950.25,0,0,0,1,0.8760488204638709,NY,5,0.06058291968940551,day_anchor_std,server_midnight,1,0,0,0,TRANSITION_NOISY,TRANSITION_NOISY,TRANSITION
950.15,950.3,949.35,950.3,0,0,0,1,0.8760488204638709,NY,5,0.06058291968940551,day_anchor_std,server_midnight,1,0,0,0,TRANSITION_NOISY,TRANSITION_NOISY,TRANSITION
950.55,950.95,949.7,949.7,0,0,0,1,0.8760488204638709,NY,5,0.06058291968940551,day_anchor_std,server_midnight,1,0,0,0,TRANSITION_NOISY,TRANSITION_NOISY,TRANSITION
949.55,951.05,948.8,950.85,0,0,0,1,0.9136083101544211,NY,6,0.23686105111590006,day_anchor_std,server_midnight,1,0,0,0,TRANSITION_NOISY,TRANSITION_NOISY,TRANSITION
950.7,952.35,950.45,952.05,0,0,0,1,0.9136083101544211,NY,6,0.23686105111590006,day_anchor_std,server_midnight,1,0,0,0,TRANSITION_NOISY,TRANSITION_NOISY,TRANSITION
951.95,952.25,949.95,949.95,0,0,0,1,0.9136083101544211,NY,6,0.23686105111590006,day_anchor_std,server_midnight,1,0,0,0,TRANSITION_NOISY,TRANSITION_NOISY,TRANSITION
949.85,949.85,948.9,949.05,0,0,0,1,0.9136083101544211,NY,6,0.23686105111590006,day_anchor_std,server_midnight,1,0,0,0,TRANSITION_NOISY,TRANSITION_NOISY,TRANSITION
945.05,945.05,942.85,943.8,0,0,0,0,0.6417942110036656,NY_PM,2,1.4147509578543926,day_anchor_std,server_midnight,0,0,1,0,UNCLASSIFIED,BALANCE_UNCLASSIFIED,BALANCE
943.95,944.4,943.65,944.0,0,0,0,0,0.6417942110036656,NY_PM,2,1.4147509578543926,day_anchor_std,server_midnight,0,0,1,0,UNCLASSIFIED,BALANCE_UNCLASSIFIED,BALANCE
944.15,944.95,943.95,944.25,0,0,0,0,0.6417942110036656,NY_PM,2,1.4147509578543926,day_anchor_std,server_midnight,0,0,1,0,UNCLASSIFIED,BALANCE_UNCLASSIFIED,BALANCE
943.95,944.05,943.6,943.6,0,0,0,0,0.6417942110036656,NY_PM,2,1.4147509578543926,day_anchor_std,server_midnight,0,0,1,0,UNCLASSIFIED,BALANCE_UNCLASSIFIED,BALANCE
943.55,943.65,942.95,943.35,0,0,0,0,0.5258443678421363,NY_PM,3,1.439215686274504,day_anchor_std,server_midnight,0,0,1,0,BALANCE_LEAKING,BALANCE_LEAKING,BALANCE
943.55,943.55,943.55,943.55,0,0,0,0,0.5258443678421363,NY_PM,3,1.439215686274504,day_anchor_std,server_midnight,0,0,1,0,BALANCE_LEAKING,BALANCE_LEAKING,BALANCE
943.45,943.45,943.45,943.45,0,0,0,0,0.5258443678421363,NY_PM,3,1.439215686274504,day_anchor_std,server_midnight,0,0,1,0,BALANCE_LEAKING,BALANCE_LEAKING,BALANCE
943.25,943.25,943.25,943.25,0,0,0,0,0.5258443678421363,NY_PM,3,1.439215686274504,day_anchor_std,server_midnight,0,0,1,0,BALANCE_LEAKING,BALANCE_LEAKING,BALANCE
942.95,942.95,942.95,942.95,0,0,0,0,0.48258201744234874,NY_PM,4,1.8680555555555123,day_anchor_std,server_midnight,0,0,1,0,BALANCE_LEAKING,BALANCE_LEAKING,BALANCE
942.85,942.85,942.15,942.15,0,0,0,0,0.48258201744234874,NY_PM,4,1.8680555555555123,day_anchor_std,server_midnight,0,0,1,0,BALANCE_LEAKING,BALANCE_LEAKING,BALANCE
941.95,941.95,941.95,941.95,0,0,0,0,0.48258201744234874,NY_PM,4,1.8680555555555123,day_anchor_std,server_midnight,0,0,1,0,BALANCE_LEAKING,BALANCE_LEAKING,BALANCE
942.05,942.05,941.95,941.95,0,0,0,0,0.48258201744234874,NY_PM,4,1.8680555555555123,day_anchor_std,server_midnight,0,0,1,0,BALANCE_LEAKING,BALANCE_LEAKING,BALANCE
941.55,941.55,940.85,940.95,0,0,0,1,0.9245930235916742,NY_PM,1,2.1883447428470544,day_anchor_std,server_midnight,0,1,0,0,TRANSITION_NOISY,TRANSITION_NOISY,TRANSITION
940.75,941.15,940.75,941.15,0,0,0,1,0.9245930235916742,NY_PM,1,2.1883447428470544,day_anchor_std,server_midnight,0,1,0,0,TRANSITION_NOISY,TRANSITION_NOISY,TRANSITION
945.75,946.5,945.05,946.5,0,0,0,1,0.9965128578591987,NY,1,0.3830409356725233,day_anchor_std,server_midnight,1,0,0,0,UNCLASSIFIED,TRANSITION_UNCLASSIFIED,TRANSITION
946.45,946.45,945.25,945.25,0,0,0,1,0.9965128578591987,NY,1,0.3830409356725233,day_anchor_std,server_midnight,1,0,0,0,UNCLASSIFIED,TRANSITION_UNCLASSIFIED,TRANSITION
945.45,947.4,945.45,946.5,0,0,0,1,0.9965128578591987,NY,1,0.3830409356725233,day_anchor_std,server_midnight,1,0,0,0,UNCLASSIFIED,TRANSITION_UNCLASSIFIED,TRANSITION
946.3,948.25,946.15,947.7,0,0,0,1,0.9965128578591987,NY,1,0.3830409356725233,day_anchor_std,server_midnight,1,0,0,0,UNCLASSIFIED,TRANSITION_UNCLASSIFIED,TRANSITION
947.65,947.65,946.6,946.6,0,0,0,1,0.9954140783625745,NY,2,0.23275145469657782,day_anchor_std,server_midnight,1,0,0,0,UNCLASSIFIED,TRANSITION_UNCLASSIFIED,TRANSITION
946.55,946.55,944.9,944.9,0,0,0,1,0.9954140783625745,NY,2,0.23275145469657782,day_anchor_std,server_midnight,1,0,0,0,UNCLASSIFIED,TRANSITION_UNCLASSIFIED,TRANSITION
944.75,945.4,944.1,944.85,0,0,0,1,0.9954140783625745,NY,2,0.23275145469657782,day_anchor_std,server_midnight,1,0,0,0,UNCLASSIFIED,TRANSITION_UNCLASSIFIED,TRANSITION
945.05,947.25,944.85,947.25,0,0,0,1,0.9954140783625745,NY,2,0.23275145469657782,day_anchor_std,server_midnight,1,0,0,0,UNCLASSIFIED,TRANSITION_UNCLASSIFIED,TRANSITION
947.15,947.15,945.55,945.85,0,0,0,1,0.6361949785672877,NY,3,0.04872712808271124,day_anchor_std,server_midnight,1,0,0,0,TRANSITION_NOISY,TRANSITION_NOISY,TRANSITION
945.55,945.55,944.85,944.85,0,0,0,1,0.6361949785672877,NY,3,0.04872712808271124,day_anchor_std,server_midnight,1,0,0,0,TRANSITION_NOISY,TRANSITION_NOISY,TRANSITION
945.05,946.25,944.95,946.05,0,0,0,1,0.6361949785672877,NY,3,0.04872712808271124,day_anchor_std,server_midnight,1,0,0,0,TRANSITION_NOISY,TRANSITION_NOISY,TRANSITION
946.15,946.65,946.1,946.35,0,0,0,1,0.6361949785672877,NY,3,0.04872712808271124,day_anchor_std,server_midnight,1,0,0,0,TRANSITION_NOISY,TRANSITION_NOISY,TRANSITION
947.8,947.95,946.85,946.95,0,0,0,1,0.3077300606747412,NY_PM,1,0.17742156459789854,day_anchor_std,server_midnight,1,0,0,0,TRANSITION_NOISY,TRANSITION_NOISY,TRANSITION
947.15,948.2,947.15,947.55,0,0,0,1,0.3077300606747412,NY_PM,1,0.17742156459789854,day_anchor_std,server_midnight,1,0,0,0,TRANSITION_NOISY,TRANSITION_NOISY,TRANSITION
947.45,947.45,947.1,947.15,0,0,0,1,0.3077300606747412,NY_PM,1,0.17742156459789854,day_anchor_std,server_midnight,1,0,0,0,TRANSITION_NOISY,TRANSITION_NOISY,TRANSITION
947.05,947.05,945.95,945.95,0,0,0,1,0.3077300606747412,NY_PM,1,0.17742156459789854,day_anchor_std,server_midnight,1,0,0,0,TRANSITION_NOISY,TRANSITION_NOISY,TRANSITION
950.4,950.85,950.4,950.85,0,0,0,1,0.9365919076133129,NY,1,0.5041362530413721,day_anchor_std,server_midnight,1,0,0,0,TRANSITION_NOISY,TRANSITION_NOISY,TRANSITION
950.95,952.25,948.55,948.55,0,0,0,1,0.9365919076133129,NY,1,0.5041362530413721,day_anchor_std,server_midnight,1,0,0,0,TRANSITION_NOISY,TRANSITION_NOISY,TRANSITION
948.45,949.65,947.55,947.8,0,0,0,1,0.933276583878031,NY,2,0.10868510431833253,day_anchor_std,server_midnight,1,0,0,0,TRANSITION_NOISY,TRANSITION_NOISY,TRANSITION
948.3,949.35,948.25,948.25,0,0,0,1,0.933276583878031,NY,2,0.10868510431833253,day_anchor_std,server_midnight,1,0,0,0,TRANSITION_NOISY,TRANSITION_NOISY,TRANSITION
948.55,950.35,948.55,949.3,0,0,0,1,0.933276583878031,NY,2,0.10868510431833253,day_anchor_std,server_midnight,1,0,0,0,TRANSITION_NOISY,TRANSITION_NOISY,TRANSITION
949.25,950.3,949.25,950.15,0,0,0,1,0.933276583878031,NY,2,0.10868510431833253,day_anchor_std,server_midnight,1,0,0,0,TRANSITION_NOISY,TRANSITION_NOISY,TRANSITION
949.95,950.3,948.35,948.55,0,0,0,1,0.5410952055724939,NY,3,0.3956206539428566,day_anchor_std,server_midnight,1,0,0,0,TRANSITION_NOISY,TRANSITION_NOISY,TRANSITION
948.5,948.55,946.95,946.95,0,0,0,1,0.5410952055724939,NY,3,0.3956206539428566,day_anchor_std,server_midnight,1,0,0,0,TRANSITION_NOISY,TRANSITION_NOISY,TRANSITION
947.05,948.2,946.4,948.2,0,0,0,1,0.5410952055724939,NY,3,0.3956206539428566,day_anchor_std,server_midnight,1,0,0,0,TRANSITION_NOISY,TRANSITION_NOISY,TRANSITION
948.3,949.25,948.05,948.55,0,0,0,1,0.5410952055724939,NY,3,0.3956206539428566,day_anchor_std,server_midnight,1,0,0,0,TRANSITION_NOISY,TRANSITION_NOISY,TRANSITION
948.45,948.55,947.2,947.55,0,0,0,1,0.800510698688085,NY,4,0.21472392638040716,day_anchor_std,server_midnight,1,0,0,0,TRANSITION_NOISY,TRANSITION_NOISY,TRANSITION
947.4,947.55,945.95,946.75,0,0,0,1,0.800510698688085,NY,4,0.21472392638040716,day_anchor_std,server_midnight,1,0,0,0,TRANSITION_NOISY,TRANSITION_NOISY,TRANSITION
946.85,947.3,946.45,947.05,0,0,0,1,0.800510698688085,NY,4,0.21472392638040716,day_anchor_std,server_midnight,1,0,0,0,TRANSITION_NOISY,TRANSITION_NOISY,TRANSITION
947.0,950.45,946.95,950.2,0,0,0,1,0.800510698688085,NY,4,0.21472392638040716,day_anchor_std,server_midnight,1,0,0,0,TRANSITION_NOISY,TRANSITION_NOISY,TRANSITION
950.35,950.65,948.5,949.55,0,0,0,1,0.8734516052764816,NY_PM,5,0.22679127725858408,day_anchor_std,server_midnight,1,0,0,0,UNCLASSIFIED,TRANSITION_UNCLASSIFIED,TRANSITION
949.6,949.6,947.4,948.45,0,0,0,1,0.8734516052764816,NY_PM,5,0.22679127725858408,day_anchor_std,server_midnight,1,0,0,0,UNCLASSIFIED,TRANSITION_UNCLASSIFIED,TRANSITION
948.25,949.45,947.95,949.45,0,0,0,1,0.8734516052764816,NY_PM,5,0.22679127725858408,day_anchor_std,server_midnight,1,0,0,0,UNCLASSIFIED,TRANSITION_UNCLASSIFIED,TRANSITION
949.65,950.25,948.4,950.25,0,0,0,1,0.8734516052764816,NY_PM,5,0.22679127725858408,day_anchor_std,server_midnight,1,0,0,0,UNCLASSIFIED,TRANSITION_UNCLASSIFIED,TRANSITION
950.3,950.3,948.05,948.15,0,0,0,1,0.9957200490817315,NY_PM,6,0.7998355939169963,day_anchor_std,server_midnight,1,0,0,0,UNCLASSIFIED,TRANSITION_UNCLASSIFIED,TRANSITION
948.05,948.05,946.95,946.95,0,0,0,1,0.9957200490817315,NY_PM,6,0.7998355939169963,day_anchor_std,server_midnight,1,0,0,0,UNCLASSIFIED,TRANSITION_UNCLASSIFIED,TRANSITION
947.05,947.95,947.05,947.8,0,0,0,1,0.9957200490817315,NY_PM,6,0.7998355939169963,day_anchor_std,server_midnight,1,0,0,0,UNCLASSIFIED,TRANSITION_UNCLASSIFIED,TRANSITION
947.8,947.85,947.05,947.05,0,0,0,1,0.9957200490817315,NY_PM,6,0.7998355939169963,day_anchor_std,server_midnight,1,0,0,0,UNCLASSIFIED,TRANSITION_UNCLASSIFIED,TRANSITION
946.95,947.7,946.95,947.15,0,0,0,1,0.9954017183013864,NY_PM,7,0.5557011795543596,day_anchor_std,server_midnight,1,0,0,0,UNCLASSIFIED,TRANSITION_UNCLASSIFIED,TRANSITION
947.05,947.45,947.05,947.45,0,0,0,1,0.9954017183013864,NY_PM,7,0.5557011795543596,day_anchor_std,server_midnight,1,0,0,0,UNCLASSIFIED,TRANSITION_UNCLASSIFIED,TRANSITION
947.75,947.75,947.75,947.75,0,0,0,1,0.9954017183013864,NY_PM,7,0.5557011795543596,day_anchor_std,server_midnight,1,0,0,0,UNCLASSIFIED,TRANSITION_UNCLASSIFIED,TRANSITION
947.95,947.95,947.95,947.95,0,0,0,1,0.99598972781084,NY_PM,8,0.5019184652277539,day_anchor_std,server_midnight,1,0,0,0,UNCLASSIFIED,TRANSITION_UNCLASSIFIED,TRANSITION
947.85,947.95,947.85,947.95,0,0,0,1,0.99598972781084,NY_PM,8,0.5019184652277539,day_anchor_std,server_midnight,1,0,0,0,UNCLASSIFIED,TRANSITION_UNCLASSIFIED,TRANSITION
947.85,947.95,947.85,947.95,0,0,0,1,0.99598972781084,NY_PM,8,0.5019184652277539,day_anchor_std,server_midnight,1,0,0,0,UNCLASSIFIED,TRANSITION_UNCLASSIFIED,TRANSITION
947.9,947.95,947.9,947.95,0,0,0,1,0.9939825948760661,NY_PM,9,0.29410799277855215,day_anchor_std,server_midnight,1,0,0,0,UNCLASSIFIED,TRANSITION_UNCLASSIFIED,TRANSITION
947.45,947.45,947.45,947.45,0,0,0,1,0.9939825948760661,NY_PM,9,0.29410799277855215,day_anchor_std,server_midnight,1,0,0,0,UNCLASSIFIED,TRANSITION_UNCLASSIFIED,TRANSITION
947.35,947.95,947.35,947.95,0,0,0,1,0.9939825948760661,NY_PM,9,0.29410799277855215,day_anchor_std,server_midnight,1,0,0,0,UNCLASSIFIED,TRANSITION_UNCLASSIFIED,TRANSITION
948.15,948.85,947.95,948.45,0,0,0,1,0.9939825948760661,NY_PM,9,0.29410799277855215,day_anchor_std,server_midnight,1,0,0,0,UNCLASSIFIED,TRANSITION_UNCLASSIFIED,TRANSITION
947.45,947.95,947.05,947.95,0,0,0,1,0.9884848648100106,NY,10,0.4236212786724673,day_anchor_std,server_midnight,1,0,0,0,UNCLASSIFIED,TRANSITION_UNCLASSIFIED,TRANSITION
948.45,948.55,945.45,945.45,0,0,0,1,0.9884848648100106,NY,10,0.4236212786724673,day_anchor_std,server_midnight,1,0,0,0,UNCLASSIFIED,TRANSITION_UNCLASSIFIED,TRANSITION
946.05,946.1,944.55,945.8,0,0,0,1,0.9967787882724028,NY,11,0.14708691499527415,day_anchor_std,server_midnight,1,0,0,0,UNCLASSIFIED,TRANSITION_UNCLASSIFIED,TRANSITION
945.85,946.0,945.65,945.95,0,0,0,1,0.9967787882724028,NY,11,0.14708691499527415,day_anchor_std,server_midnight,1,0,0,0,UNCLASSIFIED,TRANSITION_UNCLASSIFIED,TRANSITION
946.05,947.55,945.55,946.95,0,0,0,1,0.9967787882724028,NY,11,0.14708691499527415,day_anchor_std,server_midnight,1,0,0,0,UNCLASSIFIED,TRANSITION_UNCLASSIFIED,TRANSITION
946.85,947.45,946.45,946.95,0,0,0,1,0.9967787882724028,NY,11,0.14708691499527415,day_anchor_std,server_midnight,1,0,0,0,UNCLASSIFIED,TRANSITION_UNCLASSIFIED,TRANSITION
946.85,948.55,946.8,948.1,0,0,0,1,0.9964220115756194,NY,12,0.3254300325430189,day_anchor_std,server_midnight,1,0,0,0,UNCLASSIFIED,TRANSITION_UNCLASSIFIED,TRANSITION
948.0,948.7,947.4,948.7,0,0,0,1,0.9964220115756194,NY,12,0.3254300325430189,day_anchor_std,server_midnight,1,0,0,0,UNCLASSIFIED,TRANSITION_UNCLASSIFIED,TRANSITION
948.65,948.7,947.55,948.55,0,0,0,1,0.9964220115756194,NY,12,0.3254300325430189,day_anchor_std,server_midnight,1,0,0,0,UNCLASSIFIED,TRANSITION_UNCLASSIFIED,TRANSITION
948.35,948.85,947.4,947.55,0,0,0,1,0.9964220115756194,NY,12,0.3254300325430189,day_anchor_std,server_midnight,1,0,0,0,UNCLASSIFIED,TRANSITION_UNCLASSIFIED,TRANSITION
947.45,947.45,946.55,947.05,0,0,0,1,0.8977959668759865,NY,12,0.5132100396300949,day_anchor_std,server_midnight,1,0,0,0,UNCLASSIFIED,TRANSITION_UNCLASSIFIED,TRANSITION
947.15,947.3,945.7,946.15,0,0,0,1,0.8977959668759865,NY,12,0.5132100396300949,day_anchor_std,server_midnight,1,0,0,0,UNCLASSIFIED,TRANSITION_UNCLASSIFIED,TRANSITION
945.95,946.8,945.8,946.15,0,0,0,1,0.8977959668759865,NY,12,0.5132100396300949,day_anchor_std,server_midnight,1,0,0,0,UNCLASSIFIED,TRANSITION_UNCLASSIFIED,TRANSITION
945.95,946.6,944.95,945.2,0,0,0,1,0.8977959668759865,NY,12,0.5132100396300949,day_anchor_std,server_midnight,1,0,0,0,UNCLASSIFIED,TRANSITION_UNCLASSIFIED,TRANSITION
945.0,945.55,944.25,945.55,0,0,0,1,0.9864495150239283,NY_PM,12,0.5051119560625535,day_anchor_std,server_midnight,1,0,0,0,UNCLASSIFIED,TRANSITION_UNCLASSIFIED,TRANSITION
945.65,945.65,944.05,944.05,0,0,0,1,0.9864495150239283,NY_PM,12,0.5051119560625535,day_anchor_std,server_midnight,1,0,0,0,UNCLASSIFIED,TRANSITION_UNCLASSIFIED,TRANSITION
943.9,944.45,943.45,943.95,0,0,0,1,0.9864495150239283,NY_PM,12,0.5051119560625535,day_anchor_std,server_midnight,1,0,0,0,UNCLASSIFIED,TRANSITION_UNCLASSIFIED,TRANSITION
944.15,945.25,944.15,945.0,0,0,0,1,0.9864495150239283,NY_PM,12,0.5051119560625535,day_anchor_std,server_midnight,1,0,0,0,UNCLASSIFIED,TRANSITION_UNCLASSIFIED,TRANSITION
949.65,949.95,949.65,949.95,0,0,0,1,0.9317388094776596,NY_PM,12,1.4179037336932048,day_anchor_std,server_midnight,0,1,0,0,UNCLASSIFIED,TRANSITION_UNCLASSIFIED,TRANSITION
949.85,949.95,949.85,949.95,0,0,0,1,0.9317388094776596,NY_PM,12,1.4179037336932048,day_anchor_std,server_midnight,0,1,0,0,UNCLASSIFIED,TRANSITION_UNCLASSIFIED,TRANSITION
949.85,949.95,949.85,949.95,0,0,0,1,0.9317388094776596,NY_PM,12,1.4179037336932048,day_anchor_std,server_midnight,0,1,0,0,UNCLASSIFIED,TRANSITION_UNCLASSIFIED,TRANSITION
950.05,950.95,949.95,950.65,0,0,0,1,0.9317388094776596,NY_PM,12,1.4179037336932048,day_anchor_std,server_midnight,0,1,0,0,UNCLASSIFIED,TRANSITION_UNCLASSIFIED,TRANSITION
950.95,950.95,949.25,949.75,0,0,0,1,0.9911039982334153,NY_PM,12,1.3574844571974967,day_anchor_std,server_midnight,0,1,0,0,UNCLASSIFIED,TRANSITION_UNCLASSIFIED,TRANSITION
950.05,950.95,949.95,950.95,0,0,0,1,0.9911039982334153,NY_PM,12,1.3574844571974967,day_anchor_std,server_midnight,0,1,0,0,UNCLASSIFIED,TRANSITION_UNCLASSIFIED,TRANSITION
950.85,950.85,950.45,950.45,0,0,0,1,0.9911039982334153,NY_PM,12,1.3574844571974967,day_anchor_std,server_midnight,0,1,0,0,UNCLASSIFIED,TRANSITION_UNCLASSIFIED,TRANSITION
949.95,949.95,949.45,949.45,0,0,0,1,0.9965448472186511,NY_PM,12,0.7912087912087763,day_anchor_std,server_midnight,1,0,0,0,UNCLASSIFIED,TRANSITION_UNCLASSIFIED,TRANSITION
949.35,949.55,949.35,949.45,0,0,0,1,0.9965448472186511,NY_PM,12,0.7912087912087763,day_anchor_std,server_midnight,1,0,0,0,UNCLASSIFIED,TRANSITION_UNCLASSIFIED,TRANSITION
948.95,949.05,948.95,948.95,0,0,0,1,0.9965448472186511,NY_PM,12,0.7912087912087763,day_anchor_std,server_midnight,1,0,0,0,UNCLASSIFIED,TRANSITION_UNCLASSIFIED,TRANSITION
946.75,947.15,946.65,947.15,0,0,0,1,0.9760500965637979,NY,12,0.4615384615384445,day_anchor_std,server_midnight,1,0,0,0,UNCLASSIFIED,TRANSITION_UNCLASSIFIED,TRANSITION
947.45,949.9,947.45,949.85,0,0,0,1,0.9760500965637979,NY,12,0.4615384615384445,day_anchor_std,server_midnight,1,0,0,0,UNCLASSIFIED,TRANSITION_UNCLASSIFIED,TRANSITION
949.95,950.0,948.2,948.25,0,0,0,1,0.9977833370551112,NY,12,0.25265392781313756,day_anchor_std,server_midnight,1,0,0,0,UNCLASSIFIED,TRANSITION_UNCLASSIFIED,TRANSITION
948.2,949.0,947.75,948.45,0,0,0,1,0.9977833370551112,NY,12,0.25265392781313756,day_anchor_std,server_midnight,1,0,0,0,UNCLASSIFIED,TRANSITION_UNCLASSIFIED,TRANSITION
948.4,948.4,947.15,947.95,0,0,0,1,0.9977833370551112,NY,12,0.25265392781313756,day_anchor_std,server_midnight,1,0,0,0,UNCLASSIFIED,TRANSITION_UNCLASSIFIED,TRANSITION
947.75,950.05,947.75,949.3,0,0,0,1,0.9977833370551112,NY,12,0.25265392781313756,day_anchor_std,server_midnight,1,0,0,0,UNCLASSIFIED,TRANSITION_UNCLASSIFIED,TRANSITION
949.25,951.25,949.05,950.7,0,0,0,1,0.9952519911739397,NY,12,0.2892953929538933,day_anchor_std,server_midnight,1,0,0,0,UNCLASSIFIED,TRANSITION_UNCLASSIFIED,TRANSITION
950.55,950.55,949.4,950.2,0,0,0,1,0.9952519911739397,NY,12,0.2892953929538933,day_anchor_std,server_midnight,1,0,0,0,UNCLASSIFIED,TRANSITION_UNCLASSIFIED,TRANSITION
950.25,951.0,950.05,950.75,0,0,0,1,0.9952519911739397,NY,12,0.2892953929538933,day_anchor_std,server_midnight,1,0,0,0,UNCLASSIFIED,TRANSITION_UNCLASSIFIED,TRANSITION
950.45,950.75,949.55,949.55,0,0,0,1,0.9952519911739397,NY,12,0.2892953929538933,day_anchor_std,server_midnight,1,0,0,0,UNCLASSIFIED,TRANSITION_UNCLASSIFIED,TRANSITION
949.85,950.15,948.95,948.95,0,0,0,1,0.9436337104826442,NY,12,0.5094614264919956,day_anchor_std,server_midnight,1,0,0,0,UNCLASSIFIED,TRANSITION_UNCLASSIFIED,TRANSITION
948.95,949.35,948.5,948.6,0,0,0,1,0.9436337104826442,NY,12,0.5094614264919956,day_anchor_std,server_midnight,1,0,0,0,UNCLASSIFIED,TRANSITION_UNCLASSIFIED,TRANSITION
948.65,949.35,948.65,949.15,0,0,0,1,0.9436337104826442,NY,12,0.5094614264919956,day_anchor_std,server_midnight,1,0,0,0,UNCLASSIFIED,TRANSITION_UNCLASSIFIED,TRANSITION
949.25,950.25,949.25,950.25,0,0,0,1,0.9436337104826442,NY,12,0.5094614264919956,day_anchor_std,server_midnight,1,0,0,0,UNCLASSIFIED,TRANSITION_UNCLASSIFIED,TRANSITION
951.65,951.75,951.4,951.75,0,0,0,2,0.8946085324092153,NY_PM,1,1.1280353200882696,day_anchor_std,server_midnight,0,0,0,1,TREND_STRONG,TREND_STRONG,TREND
951.65,951.75,951.6,951.7,0,0,0,2,0.8946085324092153,NY_PM,1,1.1280353200882696,day_anchor_std,server_midnight,0,0,0,1,TREND_STRONG,TREND_STRONG,TREND
951.65,951.85,951.6,951.85,0,0,0,2,0.8946085324092153,NY_PM,1,1.1280353200882696,day_anchor_std,server_midnight,0,0,0,1,TREND_STRONG,TREND_STRONG,TREND
951.75,951.85,951.75,951.85,0,0,0,2,0.9366788356006406,NY_PM,2,1.1625368731563226,day_anchor_std,server_midnight,0,0,0,1,TREND_STRONG,TREND_STRONG,TREND
951.75,951.85,951.75,951.85,0,0,0,2,0.9366788356006406,NY_PM,2,1.1625368731563226,day_anchor_std,server_midnight,0,0,0,1,TREND_STRONG,TREND_STRONG,TREND
957.9,957.9,956.1,956.25,0,0,0,1,0.9996298167559473,NY_PM,3,0.6577266922094416,day_anchor_std,server_midnight,1,0,0,0,TRANSITION_NOISY,TRANSITION_NOISY,TRANSITION
956.3,956.35,955.75,955.75,0,0,0,1,0.9996298167559473,NY_PM,3,0.6577266922094416,day_anchor_std,server_midnight,1,0,0,0,TRANSITION_NOISY,TRANSITION_NOISY,TRANSITION
955.95,957.2,955.95,956.35,0,0,0,1,0.9996298167559473,NY_PM,3,0.6577266922094416,day_anchor_std,server_midnight,1,0,0,0,TRANSITION_NOISY,TRANSITION_NOISY,TRANSITION
956.3,957.85,956.15,957.25,0,0,0,1,0.9996298167559473,NY_PM,3,0.6577266922094416,day_anchor_std,server_midnight,1,0,0,0,TRANSITION_NOISY,TRANSITION_NOISY,TRANSITION
957.25,957.35,956.2,956.55,0,0,0,1,0.998518272447573,NY_PM,4,0.13380281690136586,day_anchor_std,server_midnight,1,0,0,0,TRANSITION_NOISY,TRANSITION_NOISY,TRANSITION
956.25,956.25,956.15,956.15,0,0,0,1,0.998518272447573,NY_PM,4,0.13380281690136586,day_anchor_std,server_midnight,1,0,0,0,TRANSITION_NOISY,TRANSITION_NOISY,TRANSITION
956.05,956.05,955.95,955.95,0,0,0,1,0.968436005617438,NY_PM,5,0.13521711366543296,day_anchor_std,server_midnight,1,0,0,0,TRANSITION_NOISY,TRANSITION_NOISY,TRANSITION
955.65,955.95,955.65,955.65,0,0,0,1,0.968436005617438,NY_PM,5,0.13521711366543296,day_anchor_std,server_midnight,1,0,0,0,TRANSITION_NOISY,TRANSITION_NOISY,TRANSITION
955.75,955.75,955.65,955.65,0,0,0,1,0.968436005617438,NY_PM,5,0.13521711366543296,day_anchor_std,server_midnight,1,0,0,0,TRANSITION_NOISY,TRANSITION_NOISY,TRANSITION
955.55,955.65,955.55,955.65,0,0,0,1,0.968436005617438,NY_PM,5,0.13521711366543296,day_anchor_std,server_midnight,1,0,0,0,TRANSITION_NOISY,TRANSITION_NOISY,TRANSITION
955.45,955.45,952.95,952.95,0,0,0,0,0.8279999170450199,NY_PM,1,1.7210605439387388,day_anchor_std,server_midnight,0,0,1,0,UNCLASSIFIED,BALANCE_UNCLASSIFIED,BALANCE
952.45,952.45,952.45,952.45,0,0,0,0,0.8279999170450199,NY_PM,1,1.7210605439387388,day_anchor_std,server_midnight,0,0,1,0,UNCLASSIFIED,BALANCE_UNCLASSIFIED,BALANCE
952.55,952.55,952.45,952.45,0,0,0,0,0.8279999170450199,NY_PM,1,1.7210605439387388,day_anchor_std,server_midnight,0,0,1,0,UNCLASSIFIED,BALANCE_UNCLASSIFIED,BALANCE
958.15,958.4,958.15,958.4,0,0,0,1,0.9513947007485637,NY,1,0.02190923317681885,day_anchor_std,server_midnight,1,0,0,0,UNCLASSIFIED,TRANSITION_UNCLASSIFIED,TRANSITION
958.3,959.05,957.8,958.35,0,0,0,1,0.9513947007485637,NY,1,0.02190923317681885,day_anchor_std,server_midnight,1,0,0,0,UNCLASSIFIED,TRANSITION_UNCLASSIFIED,TRANSITION
958.4,959.45,958.2,958.55,0,0,0,1,0.31651182829203905,NY,2,0.5336039693279085,day_anchor_std,server_midnight,1,0,0,0,UNCLASSIFIED,TRANSITION_UNCLASSIFIED,TRANSITION
958.6,958.65,957.4,957.4,0,0,0,1,0.31651182829203905,NY,2,0.5336039693279085,day_anchor_std,server_midnight,1,0,0,0,UNCLASSIFIED,TRANSITION_UNCLASSIFIED,TRANSITION
957.3,957.3,952.55,954.75,0,0,0,1,0.31651182829203905,NY,2,0.5336039693279085,day_anchor_std,server_midnight,1,0,0,0,UNCLASSIFIED,TRANSITION_UNCLASSIFIED,TRANSITION
954.65,956.05,954.2,955.75,0,0,0,1,0.31651182829203905,NY,2,0.5336039693279085,day_anchor_std,server_midnight,1,0,0,0,UNCLASSIFIED,TRANSITION_UNCLASSIFIED,TRANSITION
955.95,957.75,955.95,956.85,0,0,0,1,0.3720493772967631,NY,3,0.17055628944664508,day_anchor_std,server_midnight,1,0,0,0,UNCLASSIFIED,TRANSITION_UNCLASSIFIED,TRANSITION
956.8,957.05,956.55,956.9,0,0,0,1,0.3720493772967631,NY,3,0.17055628944664508,day_anchor_std,server_midnight,1,0,0,0,UNCLASSIFIED,TRANSITION_UNCLASSIFIED,TRANSITION
956.85,956.95,956.4,956.95,0,0,0,1,0.3720493772967631,NY,3,0.17055628944664508,day_anchor_std,server_midnight,1,0,0,0,UNCLASSIFIED,TRANSITION_UNCLASSIFIED,TRANSITION
957.15,957.15,955.75,956.35,0,0,0,1,0.3720493772967631,NY,3,0.17055628944664508,day_anchor_std,server_midnight,1,0,0,0,UNCLASSIFIED,TRANSITION_UNCLASSIFIED,TRANSITION
945.25,945.4,945.2,945.2,0,0,0,1,0.9628565665109945,NY,1,0.22471071295260275,day_anchor_std,server_midnight,1,0,0,0,UNCLASSIFIED,TRANSITION_UNCLASSIFIED,TRANSITION
945.45,947.4,945.15,947.35,0,0,0,1,0.9628565665109945,NY,1,0.22471071295260275,day_anchor_std,server_midnight,1,0,0,0,UNCLASSIFIED,TRANSITION_UNCLASSIFIED,TRANSITION
947.55,948.55,946.0,946.85,0,0,0,1,0.9945104760431855,NY,2,0.7521455544112632,day_anchor_std,server_midnight,1,0,0,0,UNCLASSIFIED,TRANSITION_UNCLASSIFIED,TRANSITION
946.65,946.65,945.95,946.15,0,0,0,1,0.9945104760431855,NY,2,0.7521455544112632,day_anchor_std,server_midnight,1,0,0,0,UNCLASSIFIED,TRANSITION_UNCLASSIFIED,TRANSITION
945.95,945.95,944.25,944.55,0,0,0,1,0.9945104760431855,NY,2,0.7521455544112632,day_anchor_std,server_midnight,1,0,0,0,UNCLASSIFIED,TRANSITION_UNCLASSIFIED,TRANSITION
944.25,945.0,942.45,943.05,0,0,0,1,0.9945104760431855,NY,2,0.7521455544112632,day_anchor_std,server_midnight,1,0,0,0,UNCLASSIFIED,TRANSITION_UNCLASSIFIED,TRANSITION
942.95,943.95,942.95,943.55,0,0,0,1,0.9623084908272752,NY,3,0.2787231676120477,day_anchor_std,server_midnight,1,0,0,0,TRANSITION_NOISY,TRANSITION_NOISY,TRANSITION
943.35,943.85,942.95,943.45,0,0,0,1,0.9623084908272752,NY,3,0.2787231676120477,day_anchor_std,server_midnight,1,0,0,0,TRANSITION_NOISY,TRANSITION_NOISY,TRANSITION
943.65,945.0,943.65,945.0,0,0,0,1,0.9623084908272752,NY,3,0.2787231676120477,day_anchor_std,server_midnight,1,0,0,0,TRANSITION_NOISY,TRANSITION_NOISY,TRANSITION
945.3,945.55,944.5,944.5,0,0,0,1,0.9623084908272752,NY,3,0.2787231676120477,day_anchor_std,server_midnight,1,0,0,0,TRANSITION_NOISY,TRANSITION_NOISY,TRANSITION
944.6,944.6,942.0,942.0,0,0,0,1,0.9983017904940588,NY,4,1.2312423124231218,day_anchor_std,server_midnight,0,1,0,0,TRANSITION_NOISY,TRANSITION_NOISY,TRANSITION
941.95,942.45,939.75,942.05,0,0,0,1,0.9983017904940588,NY,4,1.2312423124231218,day_anchor_std,server_midnight,0,1,0,0,TRANSITION_NOISY,TRANSITION_NOISY,TRANSITION
941.85,942.05,940.8,940.8,0,0,0,1,0.9983017904940588,NY,4,1.2312423124231218,day_anchor_std,server_midnight,0,1,0,0,TRANSITION_NOISY,TRANSITION_NOISY,TRANSITION
941.05,941.05,940.05,940.05,0,0,0,1,0.9983017904940588,NY,4,1.2312423124231218,day_anchor_std,server_midnight,0,1,0,0,TRANSITION_NOISY,TRANSITION_NOISY,TRANSITION
940.8,942.3,940.35,941.9,0,0,0,1,0.9972565390237552,NY_PM,6,3.120815153142394e-14,day_anchor_std,server_midnight,1,0,0,0,TRANSITION_NOISY,TRANSITION_NOISY,TRANSITION
941.95,941.95,940.55,941.15,0,0,0,1,0.9972565390237552,NY_PM,6,3.120815153142394e-14,day_anchor_std,server_midnight,1,0,0,0,TRANSITION_NOISY,TRANSITION_NOISY,TRANSITION
941.35,943.45,940.95,943.15,0,0,0,1,0.9972565390237552,NY_PM,6,3.120815153142394e-14,day_anchor_std,server_midnight,1,0,0,0,TRANSITION_NOISY,TRANSITION_NOISY,TRANSITION
943.15,944.35,942.55,944.25,0,0,0,1,0.9972565390237552,NY_PM,6,3.120815153142394e-14,day_anchor_std,server_midnight,1,0,0,0,TRANSITION_NOISY,TRANSITION_NOISY,TRANSITION
944.05,945.35,941.75,941.85,0,0,0,2,0.9947604796263444,NY_PM,1,1.03455284552841,day_anchor_std,server_midnight,0,0,0,1,UNCLASSIFIED,TREND_UNCLASSIFIED,TREND
942.25,942.85,941.95,942.05,0,0,0,2,0.9947604796263444,NY_PM,1,1.03455284552841,day_anchor_std,server_midnight,0,0,0,1,UNCLASSIFIED,TREND_UNCLASSIFIED,TREND
941.95,942.05,940.75,940.75,0,0,0,2,0.9947604796263444,NY_PM,1,1.03455284552841,day_anchor_std,server_midnight,0,0,0,1,UNCLASSIFIED,TREND_UNCLASSIFIED,TREND
940.65,940.65,940.25,940.35,0,0,0,2,0.9947604796263444,NY_PM,1,1.03455284552841,day_anchor_std,server_midnight,0,0,0,1,UNCLASSIFIED,TREND_UNCLASSIFIED,TREND
940.3,940.35,939.95,939.95,0,0,0,2,0.9829642047296676,NY_PM,2,0.6754385964911602,day_anchor_std,server_midnight,0,0,0,1,TREND_FRAGILE,TREND_FRAGILE,TREND
939.95,940.75,939.75,940.45,0,0,0,2,0.9829642047296676,NY_PM,2,0.6754385964911602,day_anchor_std,server_midnight,0,0,0,1,TREND_FRAGILE,TREND_FRAGILE,TREND
940.85,941.95,940.85,941.65,0,0,0,2,0.9829642047296676,NY_PM,2,0.6754385964911602,day_anchor_std,server_midnight,0,0,0,1,TREND_FRAGILE,TREND_FRAGILE,TREND
941.55,941.55,940.95,941.45,0,0,0,2,0.9829642047296676,NY_PM,2,0.6754385964911602,day_anchor_std,server_midnight,0,0,0,1,TREND_FRAGILE,TREND_FRAGILE,TREND
941.15,942.35,941.15,942.35,0,0,0,2,0.8465325989685237,NY_PM,3,0.4805395425944127,day_anchor_std,server_midnight,0,0,0,1,TREND_FRAGILE,TREND_FRAGILE,TREND
941.85,942.45,941.85,942.45,0,0,0,2,0.8465325989685237,NY_PM,3,0.4805395425944127,day_anchor_std,server_midnight,0,0,0,1,TREND_FRAGILE,TREND_FRAGILE,TREND
942.2,942.95,941.95,942.95,0,0,0,2,0.8465325989685237,NY_PM,3,0.4805395425944127,day_anchor_std,server_midnight,0,0,0,1,TREND_FRAGILE,TREND_FRAGILE,TREND
942.45,942.75,941.75,942.05,0,0,0,2,0.8465325989685237,NY_PM,3,0.4805395425944127,day_anchor_std,server_midnight,0,0,0,1,TREND_FRAGILE,TREND_FRAGILE,TREND
935.55,938.45,935.55,938.25,0,0,0,1,0.9976468564454134,NY,1,1.375096674400602,day_anchor_std,server_midnight,0,1,0,0,UNCLASSIFIED,TRANSITION_UNCLASSIFIED,TRANSITION
938.1,940.55,937.65,940.05,0,0,0,1,0.9976468564454134,NY,1,1.375096674400602,day_anchor_std,server_midnight,0,1,0,0,UNCLASSIFIED,TRANSITION_UNCLASSIFIED,TRANSITION
939.95,940.35,938.45,939.85,0,0,0,1,0.9976468564454134,NY,1,1.375096674400602,day_anchor_std,server_midnight,0,1,0,0,UNCLASSIFIED,TRANSITION_UNCLASSIFIED,TRANSITION
939.8,942.55,939.55,941.55,0,0,0,1,0.9976468564454134,NY,1,1.375096674400602,day_anchor_std,server_midnight,0,1,0,0,UNCLASSIFIED,TRANSITION_UNCLASSIFIED,TRANSITION
941.35,941.9,940.65,941.55,0,0,0,1,0.950620667937999,NY_PM,2,2.220350877193003,day_anchor_std,server_midnight,0,1,0,0,UNCLASSIFIED,TRANSITION_UNCLASSIFIED,TRANSITION
941.35,942.45,940.95,942.3,0,0,0,1,0.950620667937999,NY_PM,2,2.220350877193003,day_anchor_std,server_midnight,0,1,0,0,UNCLASSIFIED,TRANSITION_UNCLASSIFIED,TRANSITION
942.7,946.35,942.7,946.35,0,0,0,1,0.950620667937999,NY_PM,2,2.220350877193003,day_anchor_std,server_midnight,0,1,0,0,UNCLASSIFIED,TRANSITION_UNCLASSIFIED,TRANSITION
946.15,948.55,945.95,947.85,0,0,0,1,0.950620667937999,NY_PM,2,2.220350877193003,day_anchor_std,server_midnight,0,1,0,0,UNCLASSIFIED,TRANSITION_UNCLASSIFIED,TRANSITION
947.95,950.65,947.45,950.55,0,0,0,1,0.9494071131061295,NY_PM,3,2.8317644219165308,day_anchor_std,server_midnight,0,1,0,0,UNCLASSIFIED,TRANSITION_UNCLASSIFIED,TRANSITION
950.5,952.45,949.0,951.95,0,0,0,1,0.9494071131061295,NY_PM,3,2.8317644219165308,day_anchor_std,server_midnight,0,1,0,0,UNCLASSIFIED,TRANSITION_UNCLASSIFIED,TRANSITION
951.55,954.05,950.85,952.85,0,0,0,1,0.9494071131061295,NY_PM,3,2.8317644219165308,day_anchor_std,server_midnight,0,1,0,0,UNCLASSIFIED,TRANSITION_UNCLASSIFIED,TRANSITION
952.55,952.55,950.95,951.95,0,0,0,1,0.9494071131061295,NY_PM,3,2.8317644219165308,day_anchor_std,server_midnight,0,1,0,0,UNCLASSIFIED,TRANSITION_UNCLASSIFIED,TRANSITION
951.45,951.75,951.45,951.45,0,0,0,1,0.896783486360353,NY_PM,4,2.813764118728688,day_anchor_std,server_midnight,0,1,0,0,UNCLASSIFIED,TRANSITION_UNCLASSIFIED,TRANSITION
951.5,951.5,951.45,951.45,0,0,0,1,0.896783486360353,NY_PM,4,2.813764118728688,day_anchor_std,server_midnight,0,1,0,0,UNCLASSIFIED,TRANSITION_UNCLASSIFIED,TRANSITION
951.75,951.75,951.45,951.55,0,0,0,1,0.896783486360353,NY_PM,4,2.813764118728688,day_anchor_std,server_midnight,0,1,0,0,UNCLASSIFIED,TRANSITION_UNCLASSIFIED,TRANSITION
951.45,951.75,951.45,951.75,0,0,0,1,0.896783486360353,NY_PM,4,2.813764118728688,day_anchor_std,server_midnight,0,1,0,0,UNCLASSIFIED,TRANSITION_UNCLASSIFIED,TRANSITION
951.95,951.95,951.95,951.95,0,0,0,1,0.8149080260584961,NY_PM,5,2.7268851585398806,day_anchor_std,server_midnight,0,1,0,0,UNCLASSIFIED,TRANSITION_UNCLASSIFIED,TRANSITION
952.45,953.45,952.45,952.45,0,0,0,1,0.8149080260584961,NY_PM,5,2.7268851585398806,day_anchor_std,server_midnight,0,1,0,0,UNCLASSIFIED,TRANSITION_UNCLASSIFIED,TRANSITION
951.95,951.95,951.75,951.95,0,0,0,1,0.8149080260584961,NY_PM,5,2.7268851585398806,day_anchor_std,server_midnight,0,1,0,0,UNCLASSIFIED,TRANSITION_UNCLASSIFIED,TRANSITION
951.75,951.95,951.75,951.95,0,0,0,1,0.9998772460325527,NY_PM,6,2.7772704211060737,day_anchor_std,server_midnight,0,1,0,0,TRANSITION_NOISY,TRANSITION_NOISY,TRANSITION
951.9,952.45,951.9,951.95,0,0,0,1,0.9998772460325527,NY_PM,6,2.7772704211060737,day_anchor_std,server_midnight,0,1,0,0,TRANSITION_NOISY,TRANSITION_NOISY,TRANSITION
952.05,952.05,951.95,951.95,0,0,0,1,0.9998772460325527,NY_PM,6,2.7772704211060737,day_anchor_std,server_midnight,0,1,0,0,TRANSITION_NOISY,TRANSITION_NOISY,TRANSITION
951.85,952.05,951.75,951.95,0,0,0,1,0.9998772460325527,NY_PM,6,2.7772704211060737,day_anchor_std,server_midnight,0,1,0,0,TRANSITION_NOISY,TRANSITION_NOISY,TRANSITION
959.05,959.5,956.45,956.45,0,0,0,1,0.9988483954996079,NY,7,0.23941068139964083,day_anchor_std,server_midnight,1,0,0,0,TRANSITION_NOISY,TRANSITION_NOISY,TRANSITION
956.95,957.5,953.45,954.85,0,0,0,1,0.9988483954996079,NY,7,0.23941068139964083,day_anchor_std,server_midnight,1,0,0,0,TRANSITION_NOISY,TRANSITION_NOISY,TRANSITION
948.05,954.05,948.05,953.45,0,0,0,1,0.9955899218259588,NY,9,0.33690731474862073,day_anchor_std,server_midnight,1,0,0,0,TRANSITION_NOISY,TRANSITION_NOISY,TRANSITION
953.15,953.15,947.95,948.45,0,0,0,1,0.9955899218259588,NY,9,0.33690731474862073,day_anchor_std,server_midnight,1,0,0,0,TRANSITION_NOISY,TRANSITION_NOISY,TRANSITION
948.25,950.25,947.75,949.05,0,0,0,1,0.9955899218259588,NY,9,0.33690731474862073,day_anchor_std,server_midnight,1,0,0,0,TRANSITION_NOISY,TRANSITION_NOISY,TRANSITION
949.0,951.5,948.4,951.5,0,0,0,1,0.9955899218259588,NY,9,0.33690731474862073,day_anchor_std,server_midnight,1,0,0,0,TRANSITION_NOISY,TRANSITION_NOISY,TRANSITION
951.55,953.2,951.55,951.95,0,0,0,1,0.9979108285210629,NY,10,0.5336359404096783,day_anchor_std,server_midnight,1,0,0,0,TRANSITION_NOISY,TRANSITION_NOISY,TRANSITION
951.75,952.95,951.75,951.85,0,0,0,1,0.9979108285210629,NY,10,0.5336359404096783,day_anchor_std,server_midnight,1,0,0,0,TRANSITION_NOISY,TRANSITION_NOISY,TRANSITION
951.65,951.85,949.75,950.55,0,0,0,1,0.9979108285210629,NY,10,0.5336359404096783,day_anchor_std,server_midnight,1,0,0,0,TRANSITION_NOISY,TRANSITION_NOISY,TRANSITION
950.5,951.05,949.35,950.15,0,0,0,1,0.9979108285210629,NY,10,0.5336359404096783,day_anchor_std,server_midnight,1,0,0,0,TRANSITION_NOISY,TRANSITION_NOISY,TRANSITION
949.95,951.05,949.25,950.25,0,0,0,1,0.9994110281962284,NY_PM,11,0.4585704371963523,day_anchor_std,server_midnight,1,0,0,0,TRANSITION_NOISY,TRANSITION_NOISY,TRANSITION
950.15,950.8,949.7,949.7,0,0,0,1,0.9994110281962284,NY_PM,11,0.4585704371963523,day_anchor_std,server_midnight,1,0,0,0,TRANSITION_NOISY,TRANSITION_NOISY,TRANSITION
949.75,951.5,949.75,950.8,0,0,0,1,0.9994110281962284,NY_PM,11,0.4585704371963523,day_anchor_std,server_midnight,1,0,0,0,TRANSITION_NOISY,TRANSITION_NOISY,TRANSITION
950.95,950.95,950.35,950.35,0,0,0,1,0.9994110281962284,NY_PM,11,0.4585704371963523,day_anchor_std,server_midnight,1,0,0,0,TRANSITION_NOISY,TRANSITION_NOISY,TRANSITION
950.25,950.25,948.55,949.65,0,0,0,1,0.9995496671559763,NY_PM,12,0.14136374435729224,day_anchor_std,server_midnight,1,0,0,0,TRANSITION_NOISY,TRANSITION_NOISY,TRANSITION
949.15,949.45,945.75,945.75,0,0,0,1,0.9995496671559763,NY_PM,12,0.14136374435729224,day_anchor_std,server_midnight,1,0,0,0,TRANSITION_NOISY,TRANSITION_NOISY,TRANSITION
946.15,950.05,946.15,948.95,0,0,0,1,0.9995496671559763,NY_PM,12,0.14136374435729224,day_anchor_std,server_midnight,1,0,0,0,TRANSITION_NOISY,TRANSITION_NOISY,TRANSITION
948.95,951.95,948.75,951.95,0,0,0,1,0.9995496671559763,NY_PM,12,0.14136374435729224,day_anchor_std,server_midnight,1,0,0,0,TRANSITION_NOISY,TRANSITION_NOISY,TRANSITION
951.45,951.95,949.55,950.45,0,0,0,1,0.9836565585684408,NY_PM,12,0.5529383773494877,day_anchor_std,server_midnight,1,0,0,0,TRANSITION_NOISY,TRANSITION_NOISY,TRANSITION
950.25,950.25,948.95,949.45,0,0,0,1,0.9836565585684408,NY_PM,12,0.5529383773494877,day_anchor_std,server_midnight,1,0,0,0,TRANSITION_NOISY,TRANSITION_NOISY,TRANSITION
949.95,949.95,949.45,949.95,0,0,0,1,0.9836565585684408,NY_PM,12,0.5529383773494877,day_anchor_std,server_midnight,1,0,0,0,TRANSITION_NOISY,TRANSITION_NOISY,TRANSITION
949.9,949.9,949.75,949.75,0,0,0,1,0.9836565585684408,NY_PM,12,0.5529383773494877,day_anchor_std,server_midnight,1,0,0,0,TRANSITION_NOISY,TRANSITION_NOISY,TRANSITION
961.55,964.35,961.55,963.05,0,0,0,1,0.9868716286190471,NY,1,0.07783182765809155,day_anchor_std,server_midnight,1,0,0,0,TRANSITION_NOISY,TRANSITION_NOISY,TRANSITION
962.95,963.45,960.75,961.95,0,0,0,1,0.9868716286190471,NY,1,0.07783182765809155,day_anchor_std,server_midnight,1,0,0,0,TRANSITION_NOISY,TRANSITION_NOISY,TRANSITION
962.45,963.25,959.55,961.5,0,0,0,1,0.7546472287277638,NY,2,0.22206200432591103,day_anchor_std,server_midnight,1,0,0,0,TRANSITION_NOISY,TRANSITION_NOISY,TRANSITION
961.45,962.95,961.3,962.9,0,0,0,1,0.7546472287277638,NY,2,0.22206200432591103,day_anchor_std,server_midnight,1,0,0,0,TRANSITION_NOISY,TRANSITION_NOISY,TRANSITION
962.95,963.0,959.05,959.25,0,0,0,1,0.7546472287277638,NY,2,0.22206200432591103,day_anchor_std,server_midnight,1,0,0,0,TRANSITION_NOISY,TRANSITION_NOISY,TRANSITION
959.45,960.85,957.95,960.55,0,0,0,1,0.7546472287277638,NY,2,0.22206200432591103,day_anchor_std,server_midnight,1,0,0,0,TRANSITION_NOISY,TRANSITION_NOISY,TRANSITION
947.35,947.55,947.0,947.45,0,0,0,1,0.995966640804155,NY,1,1.214009661835773,day_anchor_std,server_midnight,0,1,0,0,UNCLASSIFIED,TRANSITION_UNCLASSIFIED,TRANSITION
946.95,946.95,943.65,945.0,0,0,0,1,0.995966640804155,NY,1,1.214009661835773,day_anchor_std,server_midnight,0,1,0,0,UNCLASSIFIED,TRANSITION_UNCLASSIFIED,TRANSITION
944.95,945.15,944.1,944.45,0,0,0,1,0.995966640804155,NY,1,1.214009661835773,day_anchor_std,server_midnight,0,1,0,0,UNCLASSIFIED,TRANSITION_UNCLASSIFIED,TRANSITION
943.95,944.05,942.35,943.85,0,0,0,1,0.995966640804155,NY,1,1.214009661835773,day_anchor_std,server_midnight,0,1,0,0,UNCLASSIFIED,TRANSITION_UNCLASSIFIED,TRANSITION
943.35,944.55,942.65,943.95,0,0,0,2,0.9874214335491464,NY_PM,1,1.2041314553990643,day_anchor_std,server_midnight,0,0,0,1,TREND_STRONG,TREND_STRONG,TREND
943.55,943.55,941.95,942.15,0,0,0,2,0.9874214335491464,NY_PM,1,1.2041314553990643,day_anchor_std,server_midnight,0,0,0,1,TREND_STRONG,TREND_STRONG,TREND
942.0,942.55,941.45,942.55,0,0,0,2,0.9874214335491464,NY_PM,1,1.2041314553990643,day_anchor_std,server_midnight,0,0,0,1,TREND_STRONG,TREND_STRONG,TREND
943.05,943.95,942.45,942.95,0,0,0,2,0.9874214335491464,NY_PM,1,1.2041314553990643,day_anchor_std,server_midnight,0,0,0,1,TREND_STRONG,TREND_STRONG,TREND
942.95,943.35,942.65,943.05,0,0,0,2,0.9899434824226618,NY_PM,2,1.2321566358024718,day_anchor_std,server_midnight,0,0,0,1,TREND_STRONG,TREND_STRONG,TREND
943.45,944.05,942.55,942.55,0,0,0,2,0.9899434824226618,NY_PM,2,1.2321566358024718,day_anchor_std,server_midnight,0,0,0,1,TREND_STRONG,TREND_STRONG,TREND
942.65,943.65,942.65,943.05,0,0,0,2,0.9899434824226618,NY_PM,2,1.2321566358024718,day_anchor_std,server_midnight,0,0,0,1,TREND_STRONG,TREND_STRONG,TREND
943.05,943.65,943.0,943.5,0,0,0,2,0.9899434824226618,NY_PM,2,1.2321566358024718,day_anchor_std,server_midnight,0,0,0,1,TREND_STRONG,TREND_STRONG,TREND
939.25,939.65,939.15,939.25,0,0,0,1,0.9984133954312251,NY,4,0.05363984674331927,day_anchor_std,server_midnight,1,0,0,0,TRANSITION_NOISY,TRANSITION_NOISY,TRANSITION
939.05,940.3,938.5,939.65,0,0,0,1,0.9984133954312251,NY,4,0.05363984674331927,day_anchor_std,server_midnight,1,0,0,0,TRANSITION_NOISY,TRANSITION_NOISY,TRANSITION
943.2,944.35,942.55,944.3,0,0,0,1,0.9984523034387564,NY,6,0.6382660687593665,day_anchor_std,server_midnight,1,0,0,0,TRANSITION_NOISY,TRANSITION_NOISY,TRANSITION
944.35,945.95,944.35,945.0,0,0,0,1,0.9984523034387564,NY,6,0.6382660687593665,day_anchor_std,server_midnight,1,0,0,0,TRANSITION_NOISY,TRANSITION_NOISY,TRANSITION
945.15,945.85,944.45,945.05,0,0,0,1,0.9984523034387564,NY,6,0.6382660687593665,day_anchor_std,server_midnight,1,0,0,0,TRANSITION_NOISY,TRANSITION_NOISY,TRANSITION
945.0,945.0,942.8,943.35,0,0,0,1,0.9984523034387564,NY,6,0.6382660687593665,day_anchor_std,server_midnight,1,0,0,0,TRANSITION_NOISY,TRANSITION_NOISY,TRANSITION
943.65,944.35,942.65,943.85,0,0,0,1,0.8719489768691177,NY,7,0.422631959508345,day_anchor_std,server_midnight,1,0,0,0,TRANSITION_NOISY,TRANSITION_NOISY,TRANSITION
943.75,943.85,943.05,943.05,0,0,0,1,0.8719489768691177,NY,7,0.422631959508345,day_anchor_std,server_midnight,1,0,0,0,TRANSITION_NOISY,TRANSITION_NOISY,TRANSITION
942.95,943.55,940.95,943.55,0,0,0,1,0.8719489768691177,NY,7,0.422631959508345,day_anchor_std,server_midnight,1,0,0,0,TRANSITION_NOISY,TRANSITION_NOISY,TRANSITION
943.5,945.0,942.75,943.0,0,0,0,1,0.8719489768691177,NY,7,0.422631959508345,day_anchor_std,server_midnight,1,0,0,0,TRANSITION_NOISY,TRANSITION_NOISY,TRANSITION
943.2,944.45,943.2,944.45,0,0,0,1,0.721572062167678,NY_PM,8,0.7119332607907263,day_anchor_std,server_midnight,1,0,0,0,TRANSITION_NOISY,TRANSITION_NOISY,TRANSITION
944.35,944.35,943.15,943.15,0,0,0,1,0.721572062167678,NY_PM,8,0.7119332607907263,day_anchor_std,server_midnight,1,0,0,0,TRANSITION_NOISY,TRANSITION_NOISY,TRANSITION
943.05,943.95,943.0,943.9,0,0,0,1,0.721572062167678,NY_PM,8,0.7119332607907263,day_anchor_std,server_midnight,1,0,0,0,TRANSITION_NOISY,TRANSITION_NOISY,TRANSITION
943.5,945.05,943.5,944.2,0,0,0,1,0.721572062167678,NY_PM,8,0.7119332607907263,day_anchor_std,server_midnight,1,0,0,0,TRANSITION_NOISY,TRANSITION_NOISY,TRANSITION
944.15,944.35,943.8,944.2,0,0,0,1,0.8575367638342201,NY_PM,9,0.3337178008458194,day_anchor_std,server_midnight,1,0,0,0,UNCLASSIFIED,TRANSITION_UNCLASSIFIED,TRANSITION
944.15,944.35,943.5,943.95,0,0,0,1,0.8575367638342201,NY_PM,9,0.3337178008458194,day_anchor_std,server_midnight,1,0,0,0,UNCLASSIFIED,TRANSITION_UNCLASSIFIED,TRANSITION
943.8,944.0,942.95,943.15,0,0,0,1,0.8575367638342201,NY_PM,9,0.3337178008458194,day_anchor_std,server_midnight,1,0,0,0,UNCLASSIFIED,TRANSITION_UNCLASSIFIED,TRANSITION
943.15,943.55,942.95,943.0,0,0,0,1,0.8575367638342201,NY_PM,9,0.3337178008458194,day_anchor_std,server_midnight,1,0,0,0,UNCLASSIFIED,TRANSITION_UNCLASSIFIED,TRANSITION
942.95,943.35,942.85,943.35,0,0,0,1,0.9754496966428233,NY_PM,10,0.5982286634460783,day_anchor_std,server_midnight,1,0,0,0,UNCLASSIFIED,TRANSITION_UNCLASSIFIED,TRANSITION
943.65,943.85,943.45,943.45,0,0,0,1,0.9754496966428233,NY_PM,10,0.5982286634460783,day_anchor_std,server_midnight,1,0,0,0,UNCLASSIFIED,TRANSITION_UNCLASSIFIED,TRANSITION
943.75,943.75,943.75,943.75,0,0,0,1,0.9754496966428233,NY_PM,10,0.5982286634460783,day_anchor_std,server_midnight,1,0,0,0,UNCLASSIFIED,TRANSITION_UNCLASSIFIED,TRANSITION
943.95,943.95,943.85,943.85,0,0,0,1,0.9754496966428233,NY_PM,10,0.5982286634460783,day_anchor_std,server_midnight,1,0,0,0,UNCLASSIFIED,TRANSITION_UNCLASSIFIED,TRANSITION
943.95,944.15,943.95,944.15,0,0,0,1,0.9959860697616453,NY_PM,11,0.30808757819485794,day_anchor_std,server_midnight,1,0,0,0,UNCLASSIFIED,TRANSITION_UNCLASSIFIED,TRANSITION
943.95,943.95,942.95,942.95,0,0,0,1,0.9959860697616453,NY_PM,11,0.30808757819485794,day_anchor_std,server_midnight,1,0,0,0,UNCLASSIFIED,TRANSITION_UNCLASSIFIED,TRANSITION
942.45,942.65,942.45,942.65,0,0,0,1,0.9959860697616453,NY_PM,11,0.30808757819485794,day_anchor_std,server_midnight,1,0,0,0,UNCLASSIFIED,TRANSITION_UNCLASSIFIED,TRANSITION
942.95,942.95,942.9,942.95,0,0,0,1,0.9959860697616453,NY_PM,11,0.30808757819485794,day_anchor_std,server_midnight,1,0,0,0,UNCLASSIFIED,TRANSITION_UNCLASSIFIED,TRANSITION
943.15,943.45,943.15,943.45,0,0,0,1,0.9946554816030113,NY_PM,12,0.5791962174941299,day_anchor_std,server_midnight,1,0,0,0,UNCLASSIFIED,TRANSITION_UNCLASSIFIED,TRANSITION
942.95,943.45,942.95,943.45,0,0,0,1,0.9946554816030113,NY_PM,12,0.5791962174941299,day_anchor_std,server_midnight,1,0,0,0,UNCLASSIFIED,TRANSITION_UNCLASSIFIED,TRANSITION
943.75,943.75,943.65,943.65,0,0,0,1,0.9946554816030113,NY_PM,12,0.5791962174941299,day_anchor_std,server_midnight,1,0,0,0,UNCLASSIFIED,TRANSITION_UNCLASSIFIED,TRANSITION
943.55,943.65,943.55,943.55,0,0,0,1,0.9946554816030113,NY_PM,12,0.5791962174941299,day_anchor_std,server_midnight,1,0,0,0,UNCLASSIFIED,TRANSITION_UNCLASSIFIED,TRANSITION
941.05,941.15,940.3,940.3,0,0,0,1,0.9647716530845505,NY,12,0.4098205854580128,day_anchor_std,server_midnight,1,0,0,0,UNCLASSIFIED,TRANSITION_UNCLASSIFIED,TRANSITION
940.15,940.15,938.05,938.05,0,0,0,1,0.9647716530845505,NY,12,0.4098205854580128,day_anchor_std,server_midnight,1,0,0,0,UNCLASSIFIED,TRANSITION_UNCLASSIFIED,TRANSITION
937.85,938.05,936.55,938.0,0,0,0,1,0.9729042175863313,NY,12,0.04320987654321274,day_anchor_std,server_midnight,1,0,0,0,UNCLASSIFIED,TRANSITION_UNCLASSIFIED,TRANSITION
937.8,940.55,937.65,939.1,0,0,0,1,0.9729042175863313,NY,12,0.04320987654321274,day_anchor_std,server_midnight,1,0,0,0,UNCLASSIFIED,TRANSITION_UNCLASSIFIED,TRANSITION
939.05,940.05,938.45,939.75,0,0,0,1,0.9729042175863313,NY,12,0.04320987654321274,day_anchor_std,server_midnight,1,0,0,0,UNCLASSIFIED,TRANSITION_UNCLASSIFIED,TRANSITION
939.55,939.85,938.75,938.85,0,0,0,1,0.9729042175863313,NY,12,0.04320987654321274,day_anchor_std,server_midnight,1,0,0,0,UNCLASSIFIED,TRANSITION_UNCLASSIFIED,TRANSITION
935.45,935.45,935.45,935.45,0,0,0,1,0.9767451771051141,NY_PM,4,0.7577319587628838,day_anchor_std,server_midnight,1,0,0,0,TRANSITION_NOISY,TRANSITION_NOISY,TRANSITION
935.35,935.75,935.35,935.75,0,0,0,1,0.9767451771051141,NY_PM,4,0.7577319587628838,day_anchor_std,server_midnight,1,0,0,0,TRANSITION_NOISY,TRANSITION_NOISY,TRANSITION
935.8,935.8,935.7,935.7,0,0,0,1,0.9767451771051141,NY_PM,4,0.7577319587628838,day_anchor_std,server_midnight,1,0,0,0,TRANSITION_NOISY,TRANSITION_NOISY,TRANSITION
932.45,932.45,932.45,932.45,0,0,0,1,0.994871151351538,NY,6,0.24747474747471615,day_anchor_std,server_midnight,1,0,0,0,UNCLASSIFIED,TRANSITION_UNCLASSIFIED,TRANSITION
932.5,933.05,931.3,931.3,0,0,0,1,0.994871151351538,NY,6,0.24747474747471615,day_anchor_std,server_midnight,1,0,0,0,UNCLASSIFIED,TRANSITION_UNCLASSIFIED,TRANSITION
931.35,932.25,930.95,931.45,0,0,0,1,0.9977096835795444,NY,7,0.17483189241112262,day_anchor_std,server_midnight,1,0,0,0,TRANSITION_NOISY,TRANSITION_NOISY,TRANSITION
931.55,931.95,931.0,931.05,0,0,0,1,0.9977096835795444,NY,7,0.17483189241112262,day_anchor_std,server_midnight,1,0,0,0,TRANSITION_NOISY,TRANSITION_NOISY,TRANSITION
930.95,933.15,930.95,933.05,0,0,0,1,0.9977096835795444,NY,7,0.17483189241112262,day_anchor_std,server_midnight,1,0,0,0,TRANSITION_NOISY,TRANSITION_NOISY,TRANSITION
933.2,934.05,932.65,932.65,0,0,0,1,0.9977096835795444,NY,7,0.17483189241112262,day_anchor_std,server_midnight,1,0,0,0,TRANSITION_NOISY,TRANSITION_NOISY,TRANSITION
931.95,933.25,931.95,933.25,0,0,0,1,0.8742657710959161,NY_PM,1,0.7924528301886815,day_anchor_std,server_midnight,1,0,0,0,UNCLASSIFIED,TRANSITION_UNCLASSIFIED,TRANSITION
933.1,933.35,932.05,932.95,0,0,0,1,0.8742657710959161,NY_PM,1,0.7924528301886815,day_anchor_std,server_midnight,1,0,0,0,UNCLASSIFIED,TRANSITION_UNCLASSIFIED,TRANSITION
933.05,934.35,933.05,934.35,0,0,0,1,0.8742657710959161,NY_PM,1,0.7924528301886815,day_anchor_std,server_midnight,1,0,0,0,UNCLASSIFIED,TRANSITION_UNCLASSIFIED,TRANSITION
934.4,935.0,934.0,934.35,0,0,0,1,0.8742657710959161,NY_PM,1,0.7924528301886815,day_anchor_std,server_midnight,1,0,0,0,UNCLASSIFIED,TRANSITION_UNCLASSIFIED,TRANSITION
934.15,934.55,933.75,934.05,0,0,0,1,0.9782145732265297,NY_PM,2,0.22164124909220886,day_anchor_std,server_midnight,1,0,0,0,UNCLASSIFIED,TRANSITION_UNCLASSIFIED,TRANSITION
933.95,933.95,930.55,931.35,0,0,0,1,0.9782145732265297,NY_PM,2,0.22164124909220886,day_anchor_std,server_midnight,1,0,0,0,UNCLASSIFIED,TRANSITION_UNCLASSIFIED,TRANSITION
931.45,931.45,930.7,931.35,0,0,0,1,0.9782145732265297,NY_PM,2,0.22164124909220886,day_anchor_std,server_midnight,1,0,0,0,UNCLASSIFIED,TRANSITION_UNCLASSIFIED,TRANSITION
931.35,931.95,931.35,931.45,0,0,0,1,0.9782145732265297,NY_PM,2,0.22164124909220886,day_anchor_std,server_midnight,1,0,0,0,UNCLASSIFIED,TRANSITION_UNCLASSIFIED,TRANSITION
931.65,931.65,931.65,931.65,0,0,0,1,0.9938178957576,NY_PM,3,0.1557813255925979,day_anchor_std,server_midnight,1,0,0,0,UNCLASSIFIED,TRANSITION_UNCLASSIFIED,TRANSITION
931.75,931.75,931.75,931.75,0,0,0,1,0.9870476807768317,NY_PM,4,0.24854266030729433,day_anchor_std,server_midnight,1,0,0,0,UNCLASSIFIED,TRANSITION_UNCLASSIFIED,TRANSITION
931.55,931.55,931.55,931.55,0,0,0,1,0.9870476807768317,NY_PM,4,0.24854266030729433,day_anchor_std,server_midnight,1,0,0,0,UNCLASSIFIED,TRANSITION_UNCLASSIFIED,TRANSITION
931.65,931.65,931.45,931.45,0,0,0,1,0.9870476807768317,NY_PM,4,0.24854266030729433,day_anchor_std,server_midnight,1,0,0,0,UNCLASSIFIED,TRANSITION_UNCLASSIFIED,TRANSITION
929.3,929.3,929.25,929.25,0,0,0,1,0.9833767130054561,NY,5,0.07349081364832791,day_anchor_std,server_midnight,1,0,0,0,UNCLASSIFIED,TRANSITION_UNCLASSIFIED,TRANSITION
929.05,929.25,928.3,929.05,0,0,0,1,0.9833767130054561,NY,5,0.07349081364832791,day_anchor_std,server_midnight,1,0,0,0,UNCLASSIFIED,TRANSITION_UNCLASSIFIED,TRANSITION
931.55,932.9,931.15,931.2,0,0,0,1,0.9941599158865483,NY,7,0.3564323048389158,day_anchor_std,server_midnight,1,0,0,0,UNCLASSIFIED,TRANSITION_UNCLASSIFIED,TRANSITION
931.25,931.35,929.4,929.55,0,0,0,1,0.9941599158865483,NY,7,0.3564323048389158,day_anchor_std,server_midnight,1,0,0,0,UNCLASSIFIED,TRANSITION_UNCLASSIFIED,TRANSITION
929.65,931.15,929.65,931.15,0,0,0,1,0.9941599158865483,NY,7,0.3564323048389158,day_anchor_std,server_midnight,1,0,0,0,UNCLASSIFIED,TRANSITION_UNCLASSIFIED,TRANSITION
931.05,931.05,928.8,928.95,0,0,0,1,0.9941599158865483,NY,7,0.3564323048389158,day_anchor_std,server_midnight,1,0,0,0,UNCLASSIFIED,TRANSITION_UNCLASSIFIED,TRANSITION
932.85,933.95,932.75,933.75,0,0,0,1,0.9849188629080702,NY_PM,9,1.695098039215746,day_anchor_std,server_midnight,0,1,0,0,UNCLASSIFIED,TRANSITION_UNCLASSIFIED,TRANSITION
933.8,933.9,930.95,931.05,0,0,0,1,0.9849188629080702,NY_PM,9,1.695098039215746,day_anchor_std,server_midnight,0,1,0,0,UNCLASSIFIED,TRANSITION_UNCLASSIFIED,TRANSITION
930.95,933.55,930.75,933.55,0,0,0,1,0.9849188629080702,NY_PM,9,1.695098039215746,day_anchor_std,server_midnight,0,1,0,0,UNCLASSIFIED,TRANSITION_UNCLASSIFIED,TRANSITION
933.45,935.75,932.9,935.75,0,0,0,1,0.9849188629080702,NY_PM,9,1.695098039215746,day_anchor_std,server_midnight,0,1,0,0,UNCLASSIFIED,TRANSITION_UNCLASSIFIED,TRANSITION
930.45,930.85,929.45,929.45,0,0,0,1,0.9505541636193988,NY_PM,1,1.2794701986755097,day_anchor_std,server_midnight,0,1,0,0,UNCLASSIFIED,TRANSITION_UNCLASSIFIED,TRANSITION
929.5,930.15,929.5,929.9,0,0,0,1,0.9505541636193988,NY_PM,1,1.2794701986755097,day_anchor_std,server_midnight,0,1,0,0,UNCLASSIFIED,TRANSITION_UNCLASSIFIED,TRANSITION
929.8,930.35,929.55,930.15,0,0,0,1,0.9505541636193988,NY_PM,1,1.2794701986755097,day_anchor_std,server_midnight,0,1,0,0,UNCLASSIFIED,TRANSITION_UNCLASSIFIED,TRANSITION
930.2,930.75,929.15,929.15,0,0,0,1,0.9505541636193988,NY_PM,1,1.2794701986755097,day_anchor_std,server_midnight,0,1,0,0,UNCLASSIFIED,TRANSITION_UNCLASSIFIED,TRANSITION
929.85,930.05,929.85,929.95,0,0,0,2,0.34213464539002925,NY_PM,1,0.9127906976744107,day_anchor_std,server_midnight,0,0,0,1,TREND_STRONG,TREND_STRONG,TREND
930.15,930.45,930.15,930.45,0,0,0,2,0.34213464539002925,NY_PM,1,0.9127906976744107,day_anchor_std,server_midnight,0,0,0,1,TREND_STRONG,TREND_STRONG,TREND
930.35,930.35,930.35,930.35,0,0,0,2,0.34213464539002925,NY_PM,1,0.9127906976744107,day_anchor_std,server_midnight,0,0,0,1,TREND_STRONG,TREND_STRONG,TREND
930.15,930.15,930.15,930.15,0,0,0,2,0.34213464539002925,NY_PM,1,0.9127906976744107,day_anchor_std,server_midnight,0,0,0,1,TREND_STRONG,TREND_STRONG,TREND
930.25,930.25,930.25,930.25,0,0,0,2,0.5659190656694394,NY_PM,2,1.0458754208753949,day_anchor_std,server_midnight,0,0,0,1,TREND_STRONG,TREND_STRONG,TREND
930.45,930.55,930.45,930.55,0,0,0,2,0.5659190656694394,NY_PM,2,1.0458754208753949,day_anchor_std,server_midnight,0,0,0,1,TREND_STRONG,TREND_STRONG,TREND
930.45,930.45,930.25,930.25,0,0,0,2,0.5659190656694394,NY_PM,2,1.0458754208753949,day_anchor_std,server_midnight,0,0,0,1,TREND_STRONG,TREND_STRONG,TREND
930.15,930.25,930.05,930.05,0,0,0,2,0.5659190656694394,NY_PM,2,1.0458754208753949,day_anchor_std,server_midnight,0,0,0,1,TREND_STRONG,TREND_STRONG,TREND
934.25,934.25,931.45,931.45,0,0,0,1,0.9954916056876295,NY,1,0.10937500000002477,day_anchor_std,server_midnight,1,0,0,0,UNCLASSIFIED,TRANSITION_UNCLASSIFIED,TRANSITION
931.2,932.7,930.55,932.7,0,0,0,1,0.9954916056876295,NY,1,0.10937500000002477,day_anchor_std,server_midnight,1,0,0,0,UNCLASSIFIED,TRANSITION_UNCLASSIFIED,TRANSITION
932.65,933.45,932.35,932.55,0,0,0,1,0.9979975758843039,NY,2,0.7662337662337178,day_anchor_std,server_midnight,1,0,0,0,UNCLASSIFIED,TRANSITION_UNCLASSIFIED,TRANSITION
932.25,933.95,931.55,932.55,0,0,0,1,0.9979975758843039,NY,2,0.7662337662337178,day_anchor_std,server_midnight,1,0,0,0,UNCLASSIFIED,TRANSITION_UNCLASSIFIED,TRANSITION
932.75,933.15,931.75,931.8,0,0,0,1,0.9979975758843039,NY,2,0.7662337662337178,day_anchor_std,server_midnight,1,0,0,0,UNCLASSIFIED,TRANSITION_UNCLASSIFIED,TRANSITION
931.75,931.75,929.85,930.55,0,0,0,1,0.9979975758843039,NY,2,0.7662337662337178,day_anchor_std,server_midnight,1,0,0,0,UNCLASSIFIED,TRANSITION_UNCLASSIFIED,TRANSITION
926.9,929.35,926.9,929.35,0,0,0,1,0.9988455126114043,NY,1,0.15428429915802433,day_anchor_std,server_midnight,1,0,0,0,UNCLASSIFIED,TRANSITION_UNCLASSIFIED,TRANSITION
929.45,930.25,928.55,929.4,0,0,0,1,0.9988455126114043,NY,1,0.15428429915802433,day_anchor_std,server_midnight,1,0,0,0,UNCLASSIFIED,TRANSITION_UNCLASSIFIED,TRANSITION
929.35,929.95,929.05,929.55,0,0,0,1,0.9988455126114043,NY,1,0.15428429915802433,day_anchor_std,server_midnight,1,0,0,0,UNCLASSIFIED,TRANSITION_UNCLASSIFIED,TRANSITION
929.7,931.4,929.05,931.35,0,0,0,1,0.9988455126114043,NY,1,0.15428429915802433,day_anchor_std,server_midnight,1,0,0,0,UNCLASSIFIED,TRANSITION_UNCLASSIFIED,TRANSITION
931.15,932.85,930.85,932.5,0,0,0,1,0.9957214280940337,NY_PM,2,0.5335262904004081,day_anchor_std,server_midnight,1,0,0,0,UNCLASSIFIED,TRANSITION_UNCLASSIFIED,TRANSITION
932.4,932.8,931.75,932.8,0,0,0,1,0.9957214280940337,NY_PM,2,0.5335262904004081,day_anchor_std,server_midnight,1,0,0,0,UNCLASSIFIED,TRANSITION_UNCLASSIFIED,TRANSITION
932.85,933.35,931.55,931.55,0,0,0,1,0.9957214280940337,NY_PM,2,0.5335262904004081,day_anchor_std,server_midnight,1,0,0,0,UNCLASSIFIED,TRANSITION_UNCLASSIFIED,TRANSITION
931.75,933.05,931.65,932.3,0,0,0,1,0.9957214280940337,NY_PM,2,0.5335262904004081,day_anchor_std,server_midnight,1,0,0,0,UNCLASSIFIED,TRANSITION_UNCLASSIFIED,TRANSITION
932.25,933.0,932.1,932.45,0,0,0,1,0.9987236762753418,NY_PM,3,0.7914630172694824,day_anchor_std,server_midnight,1,0,0,0,UNCLASSIFIED,TRANSITION_UNCLASSIFIED,TRANSITION
932.5,933.05,932.45,932.8,0,0,0,1,0.9987236762753418,NY_PM,3,0.7914630172694824,day_anchor_std,server_midnight,1,0,0,0,UNCLASSIFIED,TRANSITION_UNCLASSIFIED,TRANSITION
932.65,932.65,931.45,931.85,0,0,0,1,0.9987236762753418,NY_PM,3,0.7914630172694824,day_anchor_std,server_midnight,1,0,0,0,UNCLASSIFIED,TRANSITION_UNCLASSIFIED,TRANSITION
931.8,933.25,931.8,932.95,0,0,0,1,0.9987236762753418,NY_PM,3,0.7914630172694824,day_anchor_std,server_midnight,1,0,0,0,UNCLASSIFIED,TRANSITION_UNCLASSIFIED,TRANSITION
933.85,933.95,933.85,933.85,0,0,0,1,0.8678731302598605,NY_PM,5,1.3003472222221821,day_anchor_std,server_midnight,0,1,0,0,UNCLASSIFIED,TRANSITION_UNCLASSIFIED,TRANSITION
933.95,933.95,933.95,933.95,0,0,0,1,0.8678731302598605,NY_PM,5,1.3003472222221821,day_anchor_std,server_midnight,0,1,0,0,UNCLASSIFIED,TRANSITION_UNCLASSIFIED,TRANSITION
934.3,934.3,934.05,934.05,0,0,0,1,0.8678731302598605,NY_PM,5,1.3003472222221821,day_anchor_std,server_midnight,0,1,0,0,UNCLASSIFIED,TRANSITION_UNCLASSIFIED,TRANSITION
934.15,934.15,934.05,934.05,0,0,0,1,0.8678731302598605,NY_PM,5,1.3003472222221821,day_anchor_std,server_midnight,0,1,0,0,UNCLASSIFIED,TRANSITION_UNCLASSIFIED,TRANSITION
934.25,934.25,933.95,934.05,0,0,0,1,0.8765095976523687,NY_PM,6,1.5303756994404003,day_anchor_std,server_midnight,0,1,0,0,UNCLASSIFIED,TRANSITION_UNCLASSIFIED,TRANSITION
933.95,934.05,933.95,934.05,0,0,0,1,0.8765095976523687,NY_PM,6,1.5303756994404003,day_anchor_std,server_midnight,0,1,0,0,UNCLASSIFIED,TRANSITION_UNCLASSIFIED,TRANSITION
934.35,934.35,934.25,934.25,0,0,0,1,0.8765095976523687,NY_PM,6,1.5303756994404003,day_anchor_std,server_midnight,0,1,0,0,UNCLASSIFIED,TRANSITION_UNCLASSIFIED,TRANSITION
930.45,930.45,929.75,929.75,0,0,0,1,0.9991245930697118,NY,7,0.028197381671724527,day_anchor_std,server_midnight,1,0,0,0,UNCLASSIFIED,TRANSITION_UNCLASSIFIED,TRANSITION
929.55,929.55,927.25,928.95,0,0,0,1,0.9991245930697118,NY,7,0.028197381671724527,day_anchor_std,server_midnight,1,0,0,0,UNCLASSIFIED,TRANSITION_UNCLASSIFIED,TRANSITION
929.05,930.85,929.05,930.3,0,0,0,1,0.9980656911738575,NY,8,0.753000923361059,day_anchor_std,server_midnight,1,0,0,0,UNCLASSIFIED,TRANSITION_UNCLASSIFIED,TRANSITION
930.2,932.55,929.55,932.55,0,0,0,1,0.9980656911738575,NY,8,0.753000923361059,day_anchor_std,server_midnight,1,0,0,0,UNCLASSIFIED,TRANSITION_UNCLASSIFIED,TRANSITION
932.45,933.7,931.65,933.55,0,0,0,1,0.9980656911738575,NY,8,0.753000923361059,day_anchor_std,server_midnight,1,0,0,0,UNCLASSIFIED,TRANSITION_UNCLASSIFIED,TRANSITION
933.45,933.55,930.65,931.85,0,0,0,1,0.9980656911738575,NY,8,0.753000923361059,day_anchor_std,server_midnight,1,0,0,0,UNCLASSIFIED,TRANSITION_UNCLASSIFIED,TRANSITION
932.05,933.15,932.05,932.55,0,0,0,1,0.9995044151353215,NY,9,0.24818537130097773,day_anchor_std,server_midnight,1,0,0,0,UNCLASSIFIED,TRANSITION_UNCLASSIFIED,TRANSITION
932.75,934.55,932.65,933.35,0,0,0,1,0.9995044151353215,NY,9,0.24818537130097773,day_anchor_std,server_midnight,1,0,0,0,UNCLASSIFIED,TRANSITION_UNCLASSIFIED,TRANSITION
933.4,933.55,932.7,933.55,0,0,0,1,0.9995044151353215,NY,9,0.24818537130097773,day_anchor_std,server_midnight,1,0,0,0,UNCLASSIFIED,TRANSITION_UNCLASSIFIED,TRANSITION
933.5,933.55,930.65,930.95,0,0,0,1,0.9995044151353215,NY,9,0.24818537130097773,day_anchor_std,server_midnight,1,0,0,0,UNCLASSIFIED,TRANSITION_UNCLASSIFIED,TRANSITION
932.85,933.75,932.85,933.15,0,0,0,1,0.8498988193772558,NY_PM,1,1.6691907943578124,day_anchor_std,server_midnight,0,1,0,0,UNCLASSIFIED,TRANSITION_UNCLASSIFIED,TRANSITION
933.05,934.55,932.85,934.1,0,0,0,1,0.8498988193772558,NY_PM,1,1.6691907943578124,day_anchor_std,server_midnight,0,1,0,0,UNCLASSIFIED,TRANSITION_UNCLASSIFIED,TRANSITION
934.05,935.45,933.35,935.35,0,0,0,1,0.8498988193772558,NY_PM,1,1.6691907943578124,day_anchor_std,server_midnight,0,1,0,0,UNCLASSIFIED,TRANSITION_UNCLASSIFIED,TRANSITION
935.15,936.5,934.5,936.5,0,0,0,1,0.8498988193772558,NY_PM,1,1.6691907943578124,day_anchor_std,server_midnight,0,1,0,0,UNCLASSIFIED,TRANSITION_UNCLASSIFIED,TRANSITION
936.4,940.05,935.85,939.55,0,0,0,2,0.784812200565145,NY_PM,1,1.9756248453353282,day_anchor_std,server_midnight,0,0,0,1,TREND_STRONG,TREND_STRONG,TREND
939.75,939.8,937.45,938.45,0,0,0,2,0.784812200565145,NY_PM,1,1.9756248453353282,day_anchor_std,server_midnight,0,0,0,1,TREND_STRONG,TREND_STRONG,TREND
938.35,938.5,937.55,937.55,0,0,0,2,0.784812200565145,NY_PM,1,1.9756248453353282,day_anchor_std,server_midnight,0,0,0,1,TREND_STRONG,TREND_STRONG,TREND
937.45,938.15,937.45,938.15,0,0,0,2,0.784812200565145,NY_PM,1,1.9756248453353282,day_anchor_std,server_midnight,0,0,0,1,TREND_STRONG,TREND_STRONG,TREND
938.05,938.15,937.95,937.95,0,0,0,1,0.9703068111653769,NY_PM,1,1.912449799196855,day_anchor_std,server_midnight,0,1,0,0,TRANSITION_NOISY,TRANSITION_NOISY,TRANSITION
938.05,938.45,937.75,938.45,0,0,0,1,0.9703068111653769,NY_PM,1,1.912449799196855,day_anchor_std,server_midnight,0,1,0,0,TRANSITION_NOISY,TRANSITION_NOISY,TRANSITION
938.35,938.45,937.95,937.95,0,0,0,1,0.9703068111653769,NY_PM,1,1.912449799196855,day_anchor_std,server_midnight,0,1,0,0,TRANSITION_NOISY,TRANSITION_NOISY,TRANSITION
937.85,937.95,937.85,937.95,0,0,0,1,0.9703068111653769,NY_PM,1,1.912449799196855,day_anchor_std,server_midnight,0,1,0,0,TRANSITION_NOISY,TRANSITION_NOISY,TRANSITION
937.65,937.85,937.55,937.85,0,0,0,1,0.9733311063144848,NY_PM,2,1.967305151915523,day_anchor_std,server_midnight,0,1,0,0,TRANSITION_NOISY,TRANSITION_NOISY,TRANSITION
937.55,937.85,937.55,937.75,0,0,0,1,0.9733311063144848,NY_PM,2,1.967305151915523,day_anchor_std,server_midnight,0,1,0,0,TRANSITION_NOISY,TRANSITION_NOISY,TRANSITION
937.85,937.95,937.45,937.95,0,0,0,1,0.9733311063144848,NY_PM,2,1.967305151915523,day_anchor_std,server_midnight,0,1,0,0,TRANSITION_NOISY,TRANSITION_NOISY,TRANSITION
937.85,937.95,937.85,937.95,0,0,0,1,0.9733311063144848,NY_PM,2,1.967305151915523,day_anchor_std,server_midnight,0,1,0,0,TRANSITION_NOISY,TRANSITION_NOISY,TRANSITION
938.35,939.05,938.35,939.05,0,0,0,1,0.9990726312255648,NY,3,0.1586402266288874,day_anchor_std,server_midnight,1,0,0,0,TRANSITION_NOISY,TRANSITION_NOISY,TRANSITION
939.4,939.95,938.25,938.5,0,0,0,1,0.9990726312255648,NY,3,0.1586402266288874,day_anchor_std,server_midnight,1,0,0,0,TRANSITION_NOISY,TRANSITION_NOISY,TRANSITION
938.3,938.3,936.45,936.45,0,0,0,0,0.4221160556283907,NY,1,1.7345132743363272,day_anchor_std,server_midnight,0,0,1,0,BALANCE_LEAKING,BALANCE_LEAKING,BALANCE
936.35,936.65,934.65,934.65,0,0,0,0,0.4221160556283907,NY,1,1.7345132743363272,day_anchor_std,server_midnight,0,0,1,0,BALANCE_LEAKING,BALANCE_LEAKING,BALANCE
934.55,934.95,933.0,933.8,0,0,0,0,0.4221160556283907,NY,1,1.7345132743363272,day_anchor_std,server_midnight,0,0,1,0,BALANCE_LEAKING,BALANCE_LEAKING,BALANCE
933.85,934.15,931.75,931.8,0,0,0,0,0.4221160556283907,NY,1,1.7345132743363272,day_anchor_std,server_midnight,0,0,1,0,BALANCE_LEAKING,BALANCE_LEAKING,BALANCE
931.75,932.25,930.95,931.55,0,0,0,1,0.8727739551380647,NY,1,2.219139370584487,day_anchor_std,server_midnight,0,1,0,0,TRANSITION_NOISY,TRANSITION_NOISY,TRANSITION
931.45,931.45,930.55,930.95,0,0,0,1,0.8727739551380647,NY,1,2.219139370584487,day_anchor_std,server_midnight,0,1,0,0,TRANSITION_NOISY,TRANSITION_NOISY,TRANSITION
930.65,930.75,926.75,927.05,0,0,0,1,0.8727739551380647,NY,1,2.219139370584487,day_anchor_std,server_midnight,0,1,0,0,TRANSITION_NOISY,TRANSITION_NOISY,TRANSITION
927.35,928.25,927.05,928.15,0,0,0,1,0.8727739551380647,NY,1,2.219139370584487,day_anchor_std,server_midnight,0,1,0,0,TRANSITION_NOISY,TRANSITION_NOISY,TRANSITION
928.1,928.1,926.95,926.95,0,0,0,1,0.8622370487456963,NY,2,2.5500910746812626,day_anchor_std,server_midnight,0,1,0,0,UNCLASSIFIED,TRANSITION_UNCLASSIFIED,TRANSITION
926.75,928.25,926.75,928.05,0,0,0,1,0.8622370487456963,NY,2,2.5500910746812626,day_anchor_std,server_midnight,0,1,0,0,UNCLASSIFIED,TRANSITION_UNCLASSIFIED,TRANSITION
927.8,927.8,925.65,925.65,0,0,0,1,0.8622370487456963,NY,2,2.5500910746812626,day_anchor_std,server_midnight,0,1,0,0,UNCLASSIFIED,TRANSITION_UNCLASSIFIED,TRANSITION
925.75,926.45,924.95,925.45,0,0,0,1,0.8622370487456963,NY,2,2.5500910746812626,day_anchor_std,server_midnight,0,1,0,0,UNCLASSIFIED,TRANSITION_UNCLASSIFIED,TRANSITION
925.25,926.9,925.2,926.45,0,0,0,1,0.7802360894580875,NY_PM,3,2.583011844331663,day_anchor_std,server_midnight,0,1,0,0,UNCLASSIFIED,TRANSITION_UNCLASSIFIED,TRANSITION
926.35,927.5,926.35,926.75,0,0,0,1,0.7802360894580875,NY_PM,3,2.583011844331663,day_anchor_std,server_midnight,0,1,0,0,UNCLASSIFIED,TRANSITION_UNCLASSIFIED,TRANSITION
926.85,927.45,926.55,926.55,0,0,0,1,0.7802360894580875,NY_PM,3,2.583011844331663,day_anchor_std,server_midnight,0,1,0,0,UNCLASSIFIED,TRANSITION_UNCLASSIFIED,TRANSITION
926.45,926.45,923.45,923.75,0,0,0,1,0.7802360894580875,NY_PM,3,2.583011844331663,day_anchor_std,server_midnight,0,1,0,0,UNCLASSIFIED,TRANSITION_UNCLASSIFIED,TRANSITION
923.7,924.35,923.7,923.95,0,0,0,2,0.9980967720541271,NY_PM,1,2.4411668305473735,day_anchor_std,server_midnight,0,0,0,1,UNCLASSIFIED,TREND_UNCLASSIFIED,TREND
924.15,924.15,923.7,923.85,0,0,0,2,0.9980967720541271,NY_PM,1,2.4411668305473735,day_anchor_std,server_midnight,0,0,0,1,UNCLASSIFIED,TREND_UNCLASSIFIED,TREND
923.55,923.55,922.95,923.45,0,0,0,2,0.9980967720541271,NY_PM,1,2.4411668305473735,day_anchor_std,server_midnight,0,0,0,1,UNCLASSIFIED,TREND_UNCLASSIFIED,TREND
923.2,923.3,922.35,923.25,0,0,0,2,0.9980967720541271,NY_PM,1,2.4411668305473735,day_anchor_std,server_midnight,0,0,0,1,UNCLASSIFIED,TREND_UNCLASSIFIED,TREND
923.05,923.05,922.95,922.95,0,0,0,1,0.7967881860018209,NY_PM,1,2.6124293785310897,day_anchor_std,server_midnight,0,1,0,0,UNCLASSIFIED,TRANSITION_UNCLASSIFIED,TRANSITION
923.25,923.25,923.15,923.15,0,0,0,1,0.7967881860018209,NY_PM,1,2.6124293785310897,day_anchor_std,server_midnight,0,1,0,0,UNCLASSIFIED,TRANSITION_UNCLASSIFIED,TRANSITION
923.05,923.15,923.05,923.15,0,0,0,1,0.7967881860018209,NY_PM,1,2.6124293785310897,day_anchor_std,server_midnight,0,1,0,0,UNCLASSIFIED,TRANSITION_UNCLASSIFIED,TRANSITION
923.35,923.35,923.35,923.35,0,0,0,1,0.7967881860018209,NY_PM,1,2.6124293785310897,day_anchor_std,server_midnight,0,1,0,0,UNCLASSIFIED,TRANSITION_UNCLASSIFIED,TRANSITION
923.15,923.15,922.95,922.95,0,0,0,2,0.994316000731134,NY_PM,1,2.9427860696517705,day_anchor_std,server_midnight,0,0,0,1,TREND_STRONG,TREND_STRONG,TREND
923.05,923.05,922.95,922.95,0,0,0,2,0.994316000731134,NY_PM,1,2.9427860696517705,day_anchor_std,server_midnight,0,0,0,1,TREND_STRONG,TREND_STRONG,TREND
922.75,922.75,922.65,922.65,0,0,0,2,0.994316000731134,NY_PM,1,2.9427860696517705,day_anchor_std,server_midnight,0,0,0,1,TREND_STRONG,TREND_STRONG,TREND
922.75,922.75,922.75,922.75,0,0,0,2,0.994316000731134,NY_PM,1,2.9427860696517705,day_anchor_std,server_midnight,0,0,0,1,TREND_STRONG,TREND_STRONG,TREND
922.85,922.95,922.85,922.95,0,0,0,2,0.9995958252697184,NY_PM,2,3.1853853853854135,day_anchor_std,server_midnight,0,0,0,1,TREND_STRONG,TREND_STRONG,TREND
922.65,922.65,922.25,922.45,0,0,0,2,0.9995958252697184,NY_PM,2,3.1853853853854135,day_anchor_std,server_midnight,0,0,0,1,TREND_STRONG,TREND_STRONG,TREND
922.25,922.45,922.25,922.45,0,0,0,2,0.9995958252697184,NY_PM,2,3.1853853853854135,day_anchor_std,server_midnight,0,0,0,1,TREND_STRONG,TREND_STRONG,TREND
922.25,922.55,922.25,922.45,0,0,0,2,0.9995958252697184,NY_PM,2,3.1853853853854135,day_anchor_std,server_midnight,0,0,0,1,TREND_STRONG,TREND_STRONG,TREND
922.85,922.95,920.95,921.7,0,0,0,2,0.9944686531068658,NY_PM,7,0.8592592592592525,day_anchor_std,server_midnight,0,0,0,1,TREND_FRAGILE,TREND_FRAGILE,TREND
921.45,923.35,921.45,923.05,0,0,0,2,0.9944686531068658,NY_PM,7,0.8592592592592525,day_anchor_std,server_midnight,0,0,0,1,TREND_FRAGILE,TREND_FRAGILE,TREND
922.85,923.95,922.45,922.65,0,0,0,2,0.9944686531068658,NY_PM,7,0.8592592592592525,day_anchor_std,server_midnight,0,0,0,1,TREND_FRAGILE,TREND_FRAGILE,TREND
922.55,925.05,922.1,925.05,0,0,0,2,0.9944686531068658,NY_PM,7,0.8592592592592525,day_anchor_std,server_midnight,0,0,0,1,TREND_FRAGILE,TREND_FRAGILE,TREND
925.2,925.3,923.8,924.45,0,0,0,1,0.9550167604640076,NY_PM,1,0.5448603683897839,day_anchor_std,server_midnight,1,0,0,0,UNCLASSIFIED,TRANSITION_UNCLASSIFIED,TRANSITION
924.5,925.25,924.5,924.85,0,0,0,1,0.9550167604640076,NY_PM,1,0.5448603683897839,day_anchor_std,server_midnight,1,0,0,0,UNCLASSIFIED,TRANSITION_UNCLASSIFIED,TRANSITION
924.65,924.95,924.55,924.75,0,0,0,1,0.9550167604640076,NY_PM,1,0.5448603683897839,day_anchor_std,server_midnight,1,0,0,0,UNCLASSIFIED,TRANSITION_UNCLASSIFIED,TRANSITION
924.65,924.65,923.95,924.05,0,0,0,1,0.9550167604640076,NY_PM,1,0.5448603683897839,day_anchor_std,server_midnight,1,0,0,0,UNCLASSIFIED,TRANSITION_UNCLASSIFIED,TRANSITION
923.95,923.95,923.95,923.95,0,0,0,1,0.9943950808981166,NY_PM,2,0.27608607389360196,day_anchor_std,server_midnight,1,0,0,0,UNCLASSIFIED,TRANSITION_UNCLASSIFIED,TRANSITION
923.55,923.55,923.35,923.45,0,0,0,1,0.9943950808981166,NY_PM,2,0.27608607389360196,day_anchor_std,server_midnight,1,0,0,0,UNCLASSIFIED,TRANSITION_UNCLASSIFIED,TRANSITION
923.35,923.35,923.05,923.05,0,0,0,1,0.9943950808981166,NY_PM,2,0.27608607389360196,day_anchor_std,server_midnight,1,0,0,0,UNCLASSIFIED,TRANSITION_UNCLASSIFIED,TRANSITION
923.0,923.15,923.0,923.05,0,0,0,1,0.9943950808981166,NY_PM,2,0.27608607389360196,day_anchor_std,server_midnight,1,0,0,0,UNCLASSIFIED,TRANSITION_UNCLASSIFIED,TRANSITION
922.95,923.25,922.95,923.25,0,0,0,1,0.9845611213520158,NY_PM,3,0.46035598705502856,day_anchor_std,server_midnight,1,0,0,0,UNCLASSIFIED,TRANSITION_UNCLASSIFIED,TRANSITION
923.45,923.45,923.45,923.45,0,0,0,1,0.9845611213520158,NY_PM,3,0.46035598705502856,day_anchor_std,server_midnight,1,0,0,0,UNCLASSIFIED,TRANSITION_UNCLASSIFIED,TRANSITION
923.95,923.95,923.55,923.65,0,0,0,1,0.9746926904010116,NY_PM,4,0.6128654970760564,day_anchor_std,server_midnight,1,0,0,0,UNCLASSIFIED,TRANSITION_UNCLASSIFIED,TRANSITION
923.85,923.85,923.85,923.85,0,0,0,1,0.9746926904010116,NY_PM,4,0.6128654970760564,day_anchor_std,server_midnight,1,0,0,0,UNCLASSIFIED,TRANSITION_UNCLASSIFIED,TRANSITION
923.8,923.8,923.8,923.8,0,0,0,1,0.9746926904010116,NY_PM,4,0.6128654970760564,day_anchor_std,server_midnight,1,0,0,0,UNCLASSIFIED,TRANSITION_UNCLASSIFIED,TRANSITION
923.75,923.8,923.75,923.75,0,0,0,1,0.9746926904010116,NY_PM,4,0.6128654970760564,day_anchor_std,server_midnight,1,0,0,0,UNCLASSIFIED,TRANSITION_UNCLASSIFIED,TRANSITION
922.9,922.9,922.9,922.9,0,0,0,1,0.9561556540227294,NY,5,0.3032223983095878,day_anchor_std,server_midnight,1,0,0,0,UNCLASSIFIED,TRANSITION_UNCLASSIFIED,TRANSITION
922.7,924.15,921.8,924.0,0,0,0,1,0.9561556540227294,NY,5,0.3032223983095878,day_anchor_std,server_midnight,1,0,0,0,UNCLASSIFIED,TRANSITION_UNCLASSIFIED,TRANSITION
924.05,924.75,923.95,924.25,0,0,0,1,0.9962520152007678,NY,6,0.6009036144578114,day_anchor_std,server_midnight,1,0,0,0,UNCLASSIFIED,TRANSITION_UNCLASSIFIED,TRANSITION
923.75,923.75,922.55,923.45,0,0,0,1,0.9962520152007678,NY,6,0.6009036144578114,day_anchor_std,server_midnight,1,0,0,0,UNCLASSIFIED,TRANSITION_UNCLASSIFIED,TRANSITION
923.55,923.85,922.55,922.6,0,0,0,1,0.9962520152007678,NY,6,0.6009036144578114,day_anchor_std,server_midnight,1,0,0,0,UNCLASSIFIED,TRANSITION_UNCLASSIFIED,TRANSITION
922.5,922.75,921.1,921.45,0,0,0,1,0.9962520152007678,NY,6,0.6009036144578114,day_anchor_std,server_midnight,1,0,0,0,UNCLASSIFIED,TRANSITION_UNCLASSIFIED,TRANSITION
921.5,922.75,921.05,921.05,0,0,0,1,0.9928611700269855,NY,7,1.35165165165168,day_anchor_std,server_midnight,0,1,0,0,UNCLASSIFIED,TRANSITION_UNCLASSIFIED,TRANSITION
921.25,921.45,919.45,919.75,0,0,0,1,0.9928611700269855,NY,7,1.35165165165168,day_anchor_std,server_midnight,0,1,0,0,UNCLASSIFIED,TRANSITION_UNCLASSIFIED,TRANSITION
919.85,921.35,918.95,919.95,0,0,0,1,0.9928611700269855,NY,7,1.35165165165168,day_anchor_std,server_midnight,0,1,0,0,UNCLASSIFIED,TRANSITION_UNCLASSIFIED,TRANSITION
919.85,919.85,918.55,918.55,0,0,0,1,0.9928611700269855,NY,7,1.35165165165168,day_anchor_std,server_midnight,0,1,0,0,UNCLASSIFIED,TRANSITION_UNCLASSIFIED,TRANSITION
918.5,919.35,918.05,918.7,0,0,0,1,0.9956577430432477,NY,8,1.5906504065040503,day_anchor_std,server_midnight,0,1,0,0,UNCLASSIFIED,TRANSITION_UNCLASSIFIED,TRANSITION
918.95,918.95,915.8,915.9,0,0,0,1,0.9956577430432477,NY,8,1.5906504065040503,day_anchor_std,server_midnight,0,1,0,0,UNCLASSIFIED,TRANSITION_UNCLASSIFIED,TRANSITION
915.8,916.45,915.05,915.35,0,0,0,1,0.9956577430432477,NY,8,1.5906504065040503,day_anchor_std,server_midnight,0,1,0,0,UNCLASSIFIED,TRANSITION_UNCLASSIFIED,TRANSITION
915.15,916.6,914.65,916.6,0,0,0,1,0.9956577430432477,NY,8,1.5906504065040503,day_anchor_std,server_midnight,0,1,0,0,UNCLASSIFIED,TRANSITION_UNCLASSIFIED,TRANSITION
916.5,918.05,915.95,918.05,0,0,0,1,0.7780296292874531,NY_PM,9,1.5238986354775745,day_anchor_std,server_midnight,0,1,0,0,UNCLASSIFIED,TRANSITION_UNCLASSIFIED,TRANSITION
917.95,918.4,917.25,918.2,0,0,0,1,0.7780296292874531,NY_PM,9,1.5238986354775745,day_anchor_std,server_midnight,0,1,0,0,UNCLASSIFIED,TRANSITION_UNCLASSIFIED,TRANSITION
918.3,918.35,917.25,917.65,0,0,0,1,0.7780296292874531,NY_PM,9,1.5238986354775745,day_anchor_std,server_midnight,0,1,0,0,UNCLASSIFIED,TRANSITION_UNCLASSIFIED,TRANSITION
917.75,918.05,916.05,916.05,0,0,0,1,0.7780296292874531,NY_PM,9,1.5238986354775745,day_anchor_std,server_midnight,0,1,0,0,UNCLASSIFIED,TRANSITION_UNCLASSIFIED,TRANSITION
916.15,916.4,914.35,915.1,0,0,0,2,0.9205673035833342,NY_PM,1,1.657127502351183,day_anchor_std,server_midnight,0,0,0,1,TREND_STRONG,TREND_STRONG,TREND
915.2,915.25,913.75,914.25,0,0,0,2,0.9205673035833342,NY_PM,1,1.657127502351183,day_anchor_std,server_midnight,0,0,0,1,TREND_STRONG,TREND_STRONG,TREND
914.35,915.95,914.35,915.7,0,0,0,2,0.9205673035833342,NY_PM,1,1.657127502351183,day_anchor_std,server_midnight,0,0,0,1,TREND_STRONG,TREND_STRONG,TREND
915.55,915.85,915.25,915.35,0,0,0,2,0.9205673035833342,NY_PM,1,1.657127502351183,day_anchor_std,server_midnight,0,0,0,1,TREND_STRONG,TREND_STRONG,TREND
914.95,915.05,914.65,914.65,0,0,0,1,0.9992362280050785,NY_PM,1,1.8397271952258931,day_anchor_std,server_midnight,0,1,0,0,TRANSITION_NOISY,TRANSITION_NOISY,TRANSITION
914.45,914.45,913.95,913.95,0,0,0,1,0.9992362280050785,NY_PM,1,1.8397271952258931,day_anchor_std,server_midnight,0,1,0,0,TRANSITION_NOISY,TRANSITION_NOISY,TRANSITION
914.45,914.95,913.95,914.75,0,0,0,1,0.9992362280050785,NY_PM,1,1.8397271952258931,day_anchor_std,server_midnight,0,1,0,0,TRANSITION_NOISY,TRANSITION_NOISY,TRANSITION
914.95,914.95,914.65,914.75,0,0,0,1,0.9992362280050785,NY_PM,1,1.8397271952258931,day_anchor_std,server_midnight,0,1,0,0,TRANSITION_NOISY,TRANSITION_NOISY,TRANSITION
914.95,915.45,914.95,915.35,0,0,0,1,0.9947249400954062,NY_PM,2,1.7093023255813742,day_anchor_std,server_midnight,0,1,0,0,TRANSITION_NOISY,TRANSITION_NOISY,TRANSITION
915.3,915.3,915.25,915.25,0,0,0,1,0.9947249400954062,NY_PM,2,1.7093023255813742,day_anchor_std,server_midnight,0,1,0,0,TRANSITION_NOISY,TRANSITION_NOISY,TRANSITION
915.3,915.45,915.3,915.45,0,0,0,1,0.9947249400954062,NY_PM,2,1.7093023255813742,day_anchor_std,server_midnight,0,1,0,0,TRANSITION_NOISY,TRANSITION_NOISY,TRANSITION
915.5,916.05,915.5,916.05,0,0,0,1,0.998845691376929,NY_PM,3,1.7631338092623092,day_anchor_std,server_midnight,0,1,0,0,TRANSITION_NOISY,TRANSITION_NOISY,TRANSITION
915.9,915.9,915.7,915.7,0,0,0,1,0.998845691376929,NY_PM,3,1.7631338092623092,day_anchor_std,server_midnight,0,1,0,0,TRANSITION_NOISY,TRANSITION_NOISY,TRANSITION
916.0,916.05,915.65,915.65,0,0,0,1,0.998845691376929,NY_PM,3,1.7631338092623092,day_anchor_std,server_midnight,0,1,0,0,TRANSITION_NOISY,TRANSITION_NOISY,TRANSITION
915.45,915.75,915.45,915.65,0,0,0,1,0.998845691376929,NY_PM,3,1.7631338092623092,day_anchor_std,server_midnight,0,1,0,0,TRANSITION_NOISY,TRANSITION_NOISY,TRANSITION
918.6,918.6,918.15,918.3,0,0,0,1,0.7394520817827397,NY,4,0.2842639593908741,day_anchor_std,server_midnight,1,0,0,0,UNCLASSIFIED,TRANSITION_UNCLASSIFIED,TRANSITION
918.2,918.95,917.15,918.95,0,0,0,1,0.7394520817827397,NY,4,0.2842639593908741,day_anchor_std,server_midnight,1,0,0,0,UNCLASSIFIED,TRANSITION_UNCLASSIFIED,TRANSITION
919.05,922.9,918.55,922.9,0,0,0,1,0.7492144050528337,NY,5,0.3307652799178153,day_anchor_std,server_midnight,1,0,0,0,UNCLASSIFIED,TRANSITION_UNCLASSIFIED,TRANSITION
922.95,922.95,921.0,921.75,0,0,0,1,0.7492144050528337,NY,5,0.3307652799178153,day_anchor_std,server_midnight,1,0,0,0,UNCLASSIFIED,TRANSITION_UNCLASSIFIED,TRANSITION
921.85,922.05,920.55,920.65,0,0,0,1,0.7492144050528337,NY,5,0.3307652799178153,day_anchor_std,server_midnight,1,0,0,0,UNCLASSIFIED,TRANSITION_UNCLASSIFIED,TRANSITION
920.55,921.25,919.05,919.95,0,0,0,1,0.7492144050528337,NY,5,0.3307652799178153,day_anchor_std,server_midnight,1,0,0,0,UNCLASSIFIED,TRANSITION_UNCLASSIFIED,TRANSITION
920.05,921.95,919.15,921.65,0,0,0,1,0.7960009234946889,NY,6,0.3717401612138233,day_anchor_std,server_midnight,1,0,0,0,UNCLASSIFIED,TRANSITION_UNCLASSIFIED,TRANSITION
922.0,922.0,920.55,920.55,0,0,0,1,0.7960009234946889,NY,6,0.3717401612138233,day_anchor_std,server_midnight,1,0,0,0,UNCLASSIFIED,TRANSITION_UNCLASSIFIED,TRANSITION
920.75,920.75,919.4,920.75,0,0,0,1,0.7960009234946889,NY,6,0.3717401612138233,day_anchor_std,server_midnight,1,0,0,0,UNCLASSIFIED,TRANSITION_UNCLASSIFIED,TRANSITION
920.65,920.65,918.25,918.35,0,0,0,1,0.7960009234946889,NY,6,0.3717401612138233,day_anchor_std,server_midnight,1,0,0,0,UNCLASSIFIED,TRANSITION_UNCLASSIFIED,TRANSITION
918.45,920.65,918.4,919.85,0,0,0,1,0.95143704858978,NY,7,0.5524691358024709,day_anchor_std,server_midnight,1,0,0,0,UNCLASSIFIED,TRANSITION_UNCLASSIFIED,TRANSITION
919.8,919.85,918.1,918.25,0,0,0,1,0.95143704858978,NY,7,0.5524691358024709,day_anchor_std,server_midnight,1,0,0,0,UNCLASSIFIED,TRANSITION_UNCLASSIFIED,TRANSITION
918.3,920.3,918.2,920.3,0,0,0,1,0.95143704858978,NY,7,0.5524691358024709,day_anchor_std,server_midnight,1,0,0,0,UNCLASSIFIED,TRANSITION_UNCLASSIFIED,TRANSITION
920.0,921.25,919.95,921.05,0,0,0,1,0.95143704858978,NY,7,0.5524691358024709,day_anchor_std,server_midnight,1,0,0,0,UNCLASSIFIED,TRANSITION_UNCLASSIFIED,TRANSITION
920.75,920.95,919.0,919.75,0,0,0,1,0.9970416681019989,NY_PM,8,0.7295774647887036,day_anchor_std,server_midnight,1,0,0,0,UNCLASSIFIED,TRANSITION_UNCLASSIFIED,TRANSITION
919.7,920.15,916.1,916.1,0,0,0,1,0.9970416681019989,NY_PM,8,0.7295774647887036,day_anchor_std,server_midnight,1,0,0,0,UNCLASSIFIED,TRANSITION_UNCLASSIFIED,TRANSITION
916.15,917.15,915.75,916.5,0,0,0,1,0.9970416681019989,NY_PM,8,0.7295774647887036,day_anchor_std,server_midnight,1,0,0,0,UNCLASSIFIED,TRANSITION_UNCLASSIFIED,TRANSITION
916.45,917.4,916.05,917.15,0,0,0,1,0.9970416681019989,NY_PM,8,0.7295774647887036,day_anchor_std,server_midnight,1,0,0,0,UNCLASSIFIED,TRANSITION_UNCLASSIFIED,TRANSITION
917.15,918.95,917.15,918.5,0,0,0,1,0.9950078257920282,NY_PM,9,0.06684733514000646,day_anchor_std,server_midnight,1,0,0,0,UNCLASSIFIED,TRANSITION_UNCLASSIFIED,TRANSITION
918.65,919.55,918.55,919.15,0,0,0,1,0.9950078257920282,NY_PM,9,0.06684733514000646,day_anchor_std,server_midnight,1,0,0,0,UNCLASSIFIED,TRANSITION_UNCLASSIFIED,TRANSITION
919.2,919.95,919.2,919.45,0,0,0,1,0.9950078257920282,NY_PM,9,0.06684733514000646,day_anchor_std,server_midnight,1,0,0,0,UNCLASSIFIED,TRANSITION_UNCLASSIFIED,TRANSITION
919.35,919.35,918.85,919.15,0,0,0,1,0.9950078257920282,NY_PM,9,0.06684733514000646,day_anchor_std,server_midnight,1,0,0,0,UNCLASSIFIED,TRANSITION_UNCLASSIFIED,TRANSITION
918.95,918.95,918.95,918.95,0,0,0,1,0.38635348534726505,NY_PM,1,0.12872439478584155,day_anchor_std,server_midnight,1,0,0,0,UNCLASSIFIED,TRANSITION_UNCLASSIFIED,TRANSITION
919.05,919.05,919.05,919.05,0,0,0,1,0.38635348534726505,NY_PM,1,0.12872439478584155,day_anchor_std,server_midnight,1,0,0,0,UNCLASSIFIED,TRANSITION_UNCLASSIFIED,TRANSITION
919.0,919.0,919.0,919.0,0,0,0,1,0.38635348534726505,NY_PM,1,0.12872439478584155,day_anchor_std,server_midnight,1,0,0,0,UNCLASSIFIED,TRANSITION_UNCLASSIFIED,TRANSITION
918.95,920.0,918.95,919.85,0,0,0,1,0.4533378832318281,NY_PM,2,0.008064051609912004,day_anchor_std,server_midnight,1,0,0,0,UNCLASSIFIED,TRANSITION_UNCLASSIFIED,TRANSITION
919.95,919.95,919.65,919.65,0,0,0,1,0.4533378832318281,NY_PM,2,0.008064051609912004,day_anchor_std,server_midnight,1,0,0,0,UNCLASSIFIED,TRANSITION_UNCLASSIFIED,TRANSITION
919.55,919.55,919.25,919.35,0,0,0,1,0.4533378832318281,NY_PM,2,0.008064051609912004,day_anchor_std,server_midnight,1,0,0,0,UNCLASSIFIED,TRANSITION_UNCLASSIFIED,TRANSITION
915.9,915.9,911.65,911.95,0,0,0,1,0.9930553393117635,NY,1,1.8815937149270319,day_anchor_std,server_midnight,0,1,0,0,UNCLASSIFIED,TRANSITION_UNCLASSIFIED,TRANSITION
911.85,912.9,908.75,908.95,0,0,0,1,0.9930553393117635,NY,1,1.8815937149270319,day_anchor_std,server_midnight,0,1,0,0,UNCLASSIFIED,TRANSITION_UNCLASSIFIED,TRANSITION
908.75,910.7,908.3,910.7,0,0,0,1,0.9930553393117635,NY,1,1.8815937149270319,day_anchor_std,server_midnight,0,1,0,0,UNCLASSIFIED,TRANSITION_UNCLASSIFIED,TRANSITION
910.65,910.95,909.55,909.55,0,0,0,1,0.9930553393117635,NY,1,1.8815937149270319,day_anchor_std,server_midnight,0,1,0,0,UNCLASSIFIED,TRANSITION_UNCLASSIFIED,TRANSITION
909.95,910.55,909.95,910.3,0,0,0,1,0.9930384955122816,NY,2,1.8091588050313925,day_anchor_std,server_midnight,0,1,0,0,UNCLASSIFIED,TRANSITION_UNCLASSIFIED,TRANSITION
910.2,910.2,907.05,907.95,0,0,0,1,0.9930384955122816,NY,2,1.8091588050313925,day_anchor_std,server_midnight,0,1,0,0,UNCLASSIFIED,TRANSITION_UNCLASSIFIED,TRANSITION
908.15,908.15,907.05,907.55,0,0,0,1,0.9930384955122816,NY,2,1.8091588050313925,day_anchor_std,server_midnight,0,1,0,0,UNCLASSIFIED,TRANSITION_UNCLASSIFIED,TRANSITION
907.75,908.55,907.3,908.45,0,0,0,1,0.9930384955122816,NY,2,1.8091588050313925,day_anchor_std,server_midnight,0,1,0,0,UNCLASSIFIED,TRANSITION_UNCLASSIFIED,TRANSITION
908.25,909.55,908.25,909.05,0,0,0,1,0.9925554489491367,NY_PM,3,1.4036828260052006,day_anchor_std,server_midnight,0,1,0,0,UNCLASSIFIED,TRANSITION_UNCLASSIFIED,TRANSITION
909.55,909.55,908.75,909.35,0,0,0,1,0.9925554489491367,NY_PM,3,1.4036828260052006,day_anchor_std,server_midnight,0,1,0,0,UNCLASSIFIED,TRANSITION_UNCLASSIFIED,TRANSITION
908.95,909.5,908.35,909.5,0,0,0,1,0.9925554489491367,NY_PM,3,1.4036828260052006,day_anchor_std,server_midnight,0,1,0,0,UNCLASSIFIED,TRANSITION_UNCLASSIFIED,TRANSITION
909.75,910.8,908.25,908.95,0,0,0,1,0.9925554489491367,NY_PM,3,1.4036828260052006,day_anchor_std,server_midnight,0,1,0,0,UNCLASSIFIED,TRANSITION_UNCLASSIFIED,TRANSITION
909.1,910.1,908.15,908.85,0,0,0,2,0.8878389048916786,NY_PM,1,1.326003086419688,day_anchor_std,server_midnight,0,0,0,1,TREND_STRONG,TREND_STRONG,TREND
908.75,908.75,908.35,908.35,0,0,0,2,0.8878389048916786,NY_PM,1,1.326003086419688,day_anchor_std,server_midnight,0,0,0,1,TREND_STRONG,TREND_STRONG,TREND
908.25,908.75,907.95,908.75,0,0,0,2,0.8878389048916786,NY_PM,1,1.326003086419688,day_anchor_std,server_midnight,0,0,0,1,TREND_STRONG,TREND_STRONG,TREND
908.65,908.95,908.45,908.95,0,0,0,2,0.8878389048916786,NY_PM,1,1.326003086419688,day_anchor_std,server_midnight,0,0,0,1,TREND_STRONG,TREND_STRONG,TREND
908.85,908.95,908.15,908.25,0,0,0,2,0.9472741784368258,NY_PM,2,1.4840871021775148,day_anchor_std,server_midnight,0,0,0,1,TREND_STRONG,TREND_STRONG,TREND
908.15,908.45,907.95,908.45,0,0,0,2,0.9472741784368258,NY_PM,2,1.4840871021775148,day_anchor_std,server_midnight,0,0,0,1,TREND_STRONG,TREND_STRONG,TREND
908.35,908.45,908.35,908.45,0,0,0,2,0.9472741784368258,NY_PM,2,1.4840871021775148,day_anchor_std,server_midnight,0,0,0,1,TREND_STRONG,TREND_STRONG,TREND
908.55,908.55,908.55,908.55,0,0,0,2,0.9472741784368258,NY_PM,2,1.4840871021775148,day_anchor_std,server_midnight,0,0,0,1,TREND_STRONG,TREND_STRONG,TREND
908.65,908.65,908.65,908.65,0,0,0,1,0.9987823868619442,NY_PM,1,1.7484126984126402,day_anchor_std,server_midnight,0,1,0,0,UNCLASSIFIED,TRANSITION_UNCLASSIFIED,TRANSITION
908.55,908.55,908.55,908.55,0,0,0,1,0.9987823868619442,NY_PM,1,1.7484126984126402,day_anchor_std,server_midnight,0,1,0,0,UNCLASSIFIED,TRANSITION_UNCLASSIFIED,TRANSITION
907.95,908.35,907.95,908.35,0,0,0,1,0.9987823868619442,NY_PM,1,1.7484126984126402,day_anchor_std,server_midnight,0,1,0,0,UNCLASSIFIED,TRANSITION_UNCLASSIFIED,TRANSITION
907.95,908.05,907.95,907.95,0,0,0,1,0.9987823868619442,NY_PM,1,1.7484126984126402,day_anchor_std,server_midnight,0,1,0,0,UNCLASSIFIED,TRANSITION_UNCLASSIFIED,TRANSITION
908.55,908.55,908.05,908.05,0,0,0,1,0.9880964019469721,NY,2,0.1446009389671396,day_anchor_std,server_midnight,1,0,0,0,UNCLASSIFIED,TRANSITION_UNCLASSIFIED,TRANSITION
908.15,908.55,906.65,907.05,0,0,0,1,0.9880964019469721,NY,2,0.1446009389671396,day_anchor_std,server_midnight,1,0,0,0,UNCLASSIFIED,TRANSITION_UNCLASSIFIED,TRANSITION
907.0,908.55,907.0,908.05,0,0,0,1,0.9992260073955616,NY,3,0.13002008032126303,day_anchor_std,server_midnight,1,0,0,0,UNCLASSIFIED,TRANSITION_UNCLASSIFIED,TRANSITION
907.85,907.85,906.2,906.2,0,0,0,1,0.9992260073955616,NY,3,0.13002008032126303,day_anchor_std,server_midnight,1,0,0,0,UNCLASSIFIED,TRANSITION_UNCLASSIFIED,TRANSITION
906.15,908.2,906.15,906.5,0,0,0,1,0.9992260073955616,NY,3,0.13002008032126303,day_anchor_std,server_midnight,1,0,0,0,UNCLASSIFIED,TRANSITION_UNCLASSIFIED,TRANSITION
906.55,907.25,905.55,906.9,0,0,0,1,0.9992260073955616,NY,3,0.13002008032126303,day_anchor_std,server_midnight,1,0,0,0,UNCLASSIFIED,TRANSITION_UNCLASSIFIED,TRANSITION
906.6,907.45,906.3,906.85,0,0,0,1,0.9996862218229443,NY,4,0.5240263024784619,day_anchor_std,server_midnight,1,0,0,0,UNCLASSIFIED,TRANSITION_UNCLASSIFIED,TRANSITION
906.75,906.75,905.95,905.95,0,0,0,1,0.9996862218229443,NY,4,0.5240263024784619,day_anchor_std,server_midnight,1,0,0,0,UNCLASSIFIED,TRANSITION_UNCLASSIFIED,TRANSITION
905.75,905.75,904.9,905.55,0,0,0,1,0.9996862218229443,NY,4,0.5240263024784619,day_anchor_std,server_midnight,1,0,0,0,UNCLASSIFIED,TRANSITION_UNCLASSIFIED,TRANSITION
905.65,906.05,905.15,905.7,0,0,0,1,0.9996862218229443,NY,4,0.5240263024784619,day_anchor_std,server_midnight,1,0,0,0,UNCLASSIFIED,TRANSITION_UNCLASSIFIED,TRANSITION
905.75,907.65,905.0,907.65,0,0,0,1,0.9935932950584206,NY,5,0.3238028823802821,day_anchor_std,server_midnight,1,0,0,0,UNCLASSIFIED,TRANSITION_UNCLASSIFIED,TRANSITION
907.55,907.95,906.2,907.7,0,0,0,1,0.9935932950584206,NY,5,0.3238028823802821,day_anchor_std,server_midnight,1,0,0,0,UNCLASSIFIED,TRANSITION_UNCLASSIFIED,TRANSITION
907.65,908.15,907.35,907.75,0,0,0,1,0.9935932950584206,NY,5,0.3238028823802821,day_anchor_std,server_midnight,1,0,0,0,UNCLASSIFIED,TRANSITION_UNCLASSIFIED,TRANSITION
907.65,908.35,907.35,907.8,0,0,0,1,0.9935932950584206,NY,5,0.3238028823802821,day_anchor_std,server_midnight,1,0,0,0,UNCLASSIFIED,TRANSITION_UNCLASSIFIED,TRANSITION
907.65,908.5,907.05,907.55,0,0,0,1,0.9972697754691398,NY_PM,6,0.639593908629424,day_anchor_std,server_midnight,1,0,0,0,UNCLASSIFIED,TRANSITION_UNCLASSIFIED,TRANSITION
908.05,908.05,906.15,906.15,0,0,0,1,0.9972697754691398,NY_PM,6,0.639593908629424,day_anchor_std,server_midnight,1,0,0,0,UNCLASSIFIED,TRANSITION_UNCLASSIFIED,TRANSITION
906.25,907.25,906.25,906.35,0,0,0,1,0.9972697754691398,NY_PM,6,0.639593908629424,day_anchor_std,server_midnight,1,0,0,0,UNCLASSIFIED,TRANSITION_UNCLASSIFIED,TRANSITION
906.5,906.5,904.8,905.0,0,0,0,1,0.9972697754691398,NY_PM,6,0.639593908629424,day_anchor_std,server_midnight,1,0,0,0,UNCLASSIFIED,TRANSITION_UNCLASSIFIED,TRANSITION
904.95,906.25,904.95,905.55,0,0,0,1,0.9964975765725916,NY_PM,7,0.32610207203448277,day_anchor_std,server_midnight,1,0,0,0,TRANSITION_NOISY,TRANSITION_NOISY,TRANSITION
905.45,906.55,905.25,906.3,0,0,0,1,0.9964975765725916,NY_PM,7,0.32610207203448277,day_anchor_std,server_midnight,1,0,0,0,TRANSITION_NOISY,TRANSITION_NOISY,TRANSITION
906.25,906.45,905.8,905.95,0,0,0,1,0.9964975765725916,NY_PM,7,0.32610207203448277,day_anchor_std,server_midnight,1,0,0,0,TRANSITION_NOISY,TRANSITION_NOISY,TRANSITION
905.85,906.05,905.75,905.8,0,0,0,1,0.9964975765725916,NY_PM,7,0.32610207203448277,day_anchor_std,server_midnight,1,0,0,0,TRANSITION_NOISY,TRANSITION_NOISY,TRANSITION
905.5,905.5,905.45,905.45,0,0,0,1,0.9996388291897771,NY_PM,8,0.49954586739329626,day_anchor_std,server_midnight,1,0,0,0,TRANSITION_NOISY,TRANSITION_NOISY,TRANSITION
905.35,905.45,905.25,905.45,0,0,0,1,0.9996388291897771,NY_PM,8,0.49954586739329626,day_anchor_std,server_midnight,1,0,0,0,TRANSITION_NOISY,TRANSITION_NOISY,TRANSITION
905.35,905.45,905.35,905.35,0,0,0,1,0.9996388291897771,NY_PM,8,0.49954586739329626,day_anchor_std,server_midnight,1,0,0,0,TRANSITION_NOISY,TRANSITION_NOISY,TRANSITION
905.45,905.45,904.95,904.95,0,0,0,1,0.9498565955558939,NY_PM,9,0.7870892018779583,day_anchor_std,server_midnight,1,0,0,0,UNCLASSIFIED,TRANSITION_UNCLASSIFIED,TRANSITION
904.85,904.85,904.15,904.55,0,0,0,1,0.9498565955558939,NY_PM,9,0.7870892018779583,day_anchor_std,server_midnight,1,0,0,0,UNCLASSIFIED,TRANSITION_UNCLASSIFIED,TRANSITION
904.65,904.95,904.55,904.95,0,0,0,1,0.9127799117914857,NY_PM,10,0.5050388343282521,day_anchor_std,server_midnight,1,0,0,0,TRANSITION_NOISY,TRANSITION_NOISY,TRANSITION
905.45,905.45,905.45,905.45,0,0,0,1,0.9127799117914857,NY_PM,10,0.5050388343282521,day_anchor_std,server_midnight,1,0,0,0,TRANSITION_NOISY,TRANSITION_NOISY,TRANSITION
905.4,905.45,905.4,905.45,0,0,0,1,0.9127799117914857,NY_PM,10,0.5050388343282521,day_anchor_std,server_midnight,1,0,0,0,TRANSITION_NOISY,TRANSITION_NOISY,TRANSITION
905.55,905.55,905.35,905.45,0,0,0,1,0.9127799117914857,NY_PM,10,0.5050388343282521,day_anchor_std,server_midnight,1,0,0,0,TRANSITION_NOISY,TRANSITION_NOISY,TRANSITION
907.95,907.95,907.55,907.55,0,0,0,1,0.5190239613732585,NY,11,0.21783363255533011,day_anchor_std,server_midnight,1,0,0,0,UNCLASSIFIED,TRANSITION_UNCLASSIFIED,TRANSITION
907.85,907.9,906.45,906.55,0,0,0,1,0.5190239613732585,NY,11,0.21783363255533011,day_anchor_std,server_midnight,1,0,0,0,UNCLASSIFIED,TRANSITION_UNCLASSIFIED,TRANSITION
907.55,907.55,907.55,907.55,0,0,0,1,0.7389976659192529,NY_PM,1,0.12537004144468386,day_anchor_std,server_midnight,1,0,0,0,TRANSITION_NOISY,TRANSITION_NOISY,TRANSITION
907.45,907.45,907.45,907.45,0,0,0,1,0.7389976659192529,NY_PM,1,0.12537004144468386,day_anchor_std,server_midnight,1,0,0,0,TRANSITION_NOISY,TRANSITION_NOISY,TRANSITION
907.55,907.55,907.45,907.45,0,0,0,1,0.832659042654106,NY_PM,2,0.39705453484986397,day_anchor_std,server_midnight,1,0,0,0,TRANSITION_NOISY,TRANSITION_NOISY,TRANSITION
907.65,907.95,907.65,907.95,0,0,0,1,0.832659042654106,NY_PM,2,0.39705453484986397,day_anchor_std,server_midnight,1,0,0,0,TRANSITION_NOISY,TRANSITION_NOISY,TRANSITION
908.05,908.05,907.85,907.95,0,0,0,1,0.832659042654106,NY_PM,2,0.39705453484986397,day_anchor_std,server_midnight,1,0,0,0,TRANSITION_NOISY,TRANSITION_NOISY,TRANSITION
908.05,908.05,907.85,907.95,0,0,0,1,0.832659042654106,NY_PM,2,0.39705453484986397,day_anchor_std,server_midnight,1,0,0,0,TRANSITION_NOISY,TRANSITION_NOISY,TRANSITION
914.25,914.25,913.85,913.85,0,0,0,1,0.9977354277120825,NY,3,0.04166666666668612,day_anchor_std,server_midnight,1,0,0,0,UNCLASSIFIED,TRANSITION_UNCLASSIFIED,TRANSITION
913.65,913.95,912.7,913.35,0,0,0,1,0.9977354277120825,NY,3,0.04166666666668612,day_anchor_std,server_midnight,1,0,0,0,UNCLASSIFIED,TRANSITION_UNCLASSIFIED,TRANSITION
912.95,913.85,912.75,913.25,0,0,0,1,0.9901304877084747,NY,4,0.2505868544601484,day_anchor_std,server_midnight,1,0,0,0,TRANSITION_NOISY,TRANSITION_NOISY,TRANSITION
913.05,914.25,912.6,913.95,0,0,0,1,0.9901304877084747,NY,4,0.2505868544601484,day_anchor_std,server_midnight,1,0,0,0,TRANSITION_NOISY,TRANSITION_NOISY,TRANSITION
913.45,913.55,912.55,912.55,0,0,0,1,0.9901304877084747,NY,4,0.2505868544601484,day_anchor_std,server_midnight,1,0,0,0,TRANSITION_NOISY,TRANSITION_NOISY,TRANSITION
912.45,913.25,912.25,912.75,0,0,0,1,0.9901304877084747,NY,4,0.2505868544601484,day_anchor_std,server_midnight,1,0,0,0,TRANSITION_NOISY,TRANSITION_NOISY,TRANSITION
912.55,912.55,911.15,911.55,0,0,0,1,0.21673270338813022,NY,5,1.4224335270294486,day_anchor_std,server_midnight,0,1,0,0,UNCLASSIFIED,TRANSITION_UNCLASSIFIED,TRANSITION
911.65,911.65,910.5,910.9,0,0,0,1,0.21673270338813022,NY,5,1.4224335270294486,day_anchor_std,server_midnight,0,1,0,0,UNCLASSIFIED,TRANSITION_UNCLASSIFIED,TRANSITION
910.75,911.15,909.05,909.55,0,0,0,1,0.21673270338813022,NY,5,1.4224335270294486,day_anchor_std,server_midnight,0,1,0,0,UNCLASSIFIED,TRANSITION_UNCLASSIFIED,TRANSITION
909.5,909.95,909.25,909.25,0,0,0,1,0.21673270338813022,NY,5,1.4224335270294486,day_anchor_std,server_midnight,0,1,0,0,UNCLASSIFIED,TRANSITION_UNCLASSIFIED,TRANSITION
909.35,912.55,909.35,912.15,0,0,0,1,0.9969514724770729,NY,6,0.286941580756059,day_anchor_std,server_midnight,1,0,0,0,UNCLASSIFIED,TRANSITION_UNCLASSIFIED,TRANSITION
912.55,912.95,911.75,912.55,0,0,0,1,0.9969514724770729,NY,6,0.286941580756059,day_anchor_std,server_midnight,1,0,0,0,UNCLASSIFIED,TRANSITION_UNCLASSIFIED,TRANSITION
912.5,912.5,910.65,912.25,0,0,0,1,0.9969514724770729,NY,6,0.286941580756059,day_anchor_std,server_midnight,1,0,0,0,UNCLASSIFIED,TRANSITION_UNCLASSIFIED,TRANSITION
912.05,912.05,911.05,911.55,0,0,0,1,0.9969514724770729,NY,6,0.286941580756059,day_anchor_std,server_midnight,1,0,0,0,UNCLASSIFIED,TRANSITION_UNCLASSIFIED,TRANSITION
911.75,913.75,911.75,913.75,0,0,0,1,0.9560260914846507,NY_PM,7,0.2225941422594787,day_anchor_std,server_midnight,1,0,0,0,UNCLASSIFIED,TRANSITION_UNCLASSIFIED,TRANSITION
913.65,913.95,913.3,913.65,0,0,0,1,0.9560260914846507,NY_PM,7,0.2225941422594787,day_anchor_std,server_midnight,1,0,0,0,UNCLASSIFIED,TRANSITION_UNCLASSIFIED,TRANSITION
913.55,913.55,911.35,911.55,0,0,0,1,0.9560260914846507,NY_PM,7,0.2225941422594787,day_anchor_std,server_midnight,1,0,0,0,UNCLASSIFIED,TRANSITION_UNCLASSIFIED,TRANSITION
911.65,912.15,911.05,911.55,0,0,0,1,0.9560260914846507,NY_PM,7,0.2225941422594787,day_anchor_std,server_midnight,1,0,0,0,UNCLASSIFIED,TRANSITION_UNCLASSIFIED,TRANSITION
911.45,911.85,911.45,911.85,0,0,0,1,0.9948451724256849,NY_PM,8,0.3383061383062027,day_anchor_std,server_midnight,1,0,0,0,UNCLASSIFIED,TRANSITION_UNCLASSIFIED,TRANSITION
911.95,912.15,909.75,909.95,0,0,0,1,0.9948451724256849,NY_PM,8,0.3383061383062027,day_anchor_std,server_midnight,1,0,0,0,UNCLASSIFIED,TRANSITION_UNCLASSIFIED,TRANSITION
909.75,911.95,909.75,911.15,0,0,0,1,0.9948451724256849,NY_PM,8,0.3383061383062027,day_anchor_std,server_midnight,1,0,0,0,UNCLASSIFIED,TRANSITION_UNCLASSIFIED,TRANSITION
911.15,911.25,910.85,911.15,0,0,0,1,0.9948451724256849,NY_PM,8,0.3383061383062027,day_anchor_std,server_midnight,1,0,0,0,UNCLASSIFIED,TRANSITION_UNCLASSIFIED,TRANSITION
911.2,911.45,911.2,911.35,0,0,0,1,0.9557115376943248,NY_PM,9,0.3421188630491523,day_anchor_std,server_midnight,1,0,0,0,UNCLASSIFIED,TRANSITION_UNCLASSIFIED,TRANSITION
911.3,911.3,910.95,911.15,0,0,0,1,0.9557115376943248,NY_PM,9,0.3421188630491523,day_anchor_std,server_midnight,1,0,0,0,UNCLASSIFIED,TRANSITION_UNCLASSIFIED,TRANSITION
911.05,911.05,911.05,911.05,0,0,0,1,0.9557115376943248,NY_PM,9,0.3421188630491523,day_anchor_std,server_midnight,1,0,0,0,UNCLASSIFIED,TRANSITION_UNCLASSIFIED,TRANSITION
911.15,911.15,911.15,911.15,0,0,0,1,0.9557115376943248,NY_PM,9,0.3421188630491523,day_anchor_std,server_midnight,1,0,0,0,UNCLASSIFIED,TRANSITION_UNCLASSIFIED,TRANSITION
910.95,910.95,910.95,910.95,0,0,0,1,0.5236205735463408,NY_PM,10,0.29652777777781425,day_anchor_std,server_midnight,1,0,0,0,TRANSITION_NOISY,TRANSITION_NOISY,TRANSITION
911.05,911.25,911.05,911.25,0,0,0,1,0.5236205735463408,NY_PM,10,0.29652777777781425,day_anchor_std,server_midnight,1,0,0,0,TRANSITION_NOISY,TRANSITION_NOISY,TRANSITION
911.55,912.95,911.55,912.95,0,0,0,1,0.9176757244027902,NY_PM,11,0.49145778775406096,day_anchor_std,server_midnight,1,0,0,0,TRANSITION_NOISY,TRANSITION_NOISY,TRANSITION
912.85,913.45,912.85,912.95,0,0,0,1,0.9176757244027902,NY_PM,11,0.49145778775406096,day_anchor_std,server_midnight,1,0,0,0,TRANSITION_NOISY,TRANSITION_NOISY,TRANSITION
913.05,913.05,912.85,912.95,0,0,0,1,0.9176757244027902,NY_PM,11,0.49145778775406096,day_anchor_std,server_midnight,1,0,0,0,TRANSITION_NOISY,TRANSITION_NOISY,TRANSITION
913.05,913.05,912.85,912.95,0,0,0,1,0.9176757244027902,NY_PM,11,0.49145778775406096,day_anchor_std,server_midnight,1,0,0,0,TRANSITION_NOISY,TRANSITION_NOISY,TRANSITION
914.2,914.7,914.2,914.3,0,0,0,1,0.998179235669502,NY,12,0.21562156215617823,day_anchor_std,server_midnight,1,0,0,0,UNCLASSIFIED,TRANSITION_UNCLASSIFIED,TRANSITION
914.5,915.55,914.15,915.55,0,0,0,1,0.998179235669502,NY,12,0.21562156215617823,day_anchor_std,server_midnight,1,0,0,0,UNCLASSIFIED,TRANSITION_UNCLASSIFIED,TRANSITION
915.45,916.35,915.45,916.15,0,0,0,1,0.9876279396421316,NY,12,0.6957831325301124,day_anchor_std,server_midnight,1,0,0,0,UNCLASSIFIED,TRANSITION_UNCLASSIFIED,TRANSITION
916.25,917.75,916.15,917.45,0,0,0,1,0.9876279396421316,NY,12,0.6957831325301124,day_anchor_std,server_midnight,1,0,0,0,UNCLASSIFIED,TRANSITION_UNCLASSIFIED,TRANSITION
917.55,919.95,917.55,919.35,0,0,0,1,0.9876279396421316,NY,12,0.6957831325301124,day_anchor_std,server_midnight,1,0,0,0,UNCLASSIFIED,TRANSITION_UNCLASSIFIED,TRANSITION
919.45,919.95,917.65,917.85,0,0,0,1,0.9876279396421316,NY,12,0.6957831325301124,day_anchor_std,server_midnight,1,0,0,0,UNCLASSIFIED,TRANSITION_UNCLASSIFIED,TRANSITION
917.8,918.85,917.65,918.3,0,0,0,1,0.9950867888754239,NY,12,0.7039740470397686,day_anchor_std,server_midnight,1,0,0,0,TRANSITION_NOISY,TRANSITION_NOISY,TRANSITION
918.35,919.25,917.7,919.25,0,0,0,1,0.9950867888754239,NY,12,0.7039740470397686,day_anchor_std,server_midnight,1,0,0,0,TRANSITION_NOISY,TRANSITION_NOISY,TRANSITION
919.2,919.8,917.55,917.95,0,0,0,1,0.9950867888754239,NY,12,0.7039740470397686,day_anchor_std,server_midnight,1,0,0,0,TRANSITION_NOISY,TRANSITION_NOISY,TRANSITION
918.05,918.4,917.7,918.35,0,0,0,1,0.9950867888754239,NY,12,0.7039740470397686,day_anchor_std,server_midnight,1,0,0,0,TRANSITION_NOISY,TRANSITION_NOISY,TRANSITION
918.55,918.95,917.35,917.35,0,0,0,1,0.48275362178256975,NY,12,0.024922118380039687,day_anchor_std,server_midnight,1,0,0,0,TRANSITION_NOISY,TRANSITION_NOISY,TRANSITION
917.45,920.15,917.45,919.65,0,0,0,1,0.48275362178256975,NY,12,0.024922118380039687,day_anchor_std,server_midnight,1,0,0,0,TRANSITION_NOISY,TRANSITION_NOISY,TRANSITION
919.15,919.15,917.55,918.55,0,0,0,1,0.48275362178256975,NY,12,0.024922118380039687,day_anchor_std,server_midnight,1,0,0,0,TRANSITION_NOISY,TRANSITION_NOISY,TRANSITION
918.35,918.35,916.65,916.65,0,0,0,1,0.48275362178256975,NY,12,0.024922118380039687,day_anchor_std,server_midnight,1,0,0,0,TRANSITION_NOISY,TRANSITION_NOISY,TRANSITION
914.65,914.95,914.55,914.55,0,0,0,0,0.5269135515999498,NY_PM,2,1.6081792211696915,day_anchor_std,server_midnight,0,0,1,0,BALANCE_LEAKING,BALANCE_LEAKING,BALANCE
914.85,914.95,914.75,914.75,0,0,0,0,0.5269135515999498,NY_PM,2,1.6081792211696915,day_anchor_std,server_midnight,0,0,1,0,BALANCE_LEAKING,BALANCE_LEAKING,BALANCE
914.65,914.85,912.55,912.65,0,0,0,0,0.5269135515999498,NY_PM,2,1.6081792211696915,day_anchor_std,server_midnight,0,0,1,0,BALANCE_LEAKING,BALANCE_LEAKING,BALANCE
912.7,912.75,911.95,912.05,0,0,0,0,0.5269135515999498,NY_PM,2,1.6081792211696915,day_anchor_std,server_midnight,0,0,1,0,BALANCE_LEAKING,BALANCE_LEAKING,BALANCE
911.95,912.15,911.95,912.15,0,0,0,0,0.8028677573872111,NY_PM,3,1.6386913229017765,day_anchor_std,server_midnight,0,0,1,0,UNCLASSIFIED,BALANCE_UNCLASSIFIED,BALANCE
912.05,912.05,911.95,911.95,0,0,0,0,0.8028677573872111,NY_PM,3,1.6386913229017765,day_anchor_std,server_midnight,0,0,1,0,UNCLASSIFIED,BALANCE_UNCLASSIFIED,BALANCE
912.0,912.0,911.95,911.95,0,0,0,0,0.8028677573872111,NY_PM,3,1.6386913229017765,day_anchor_std,server_midnight,0,0,1,0,UNCLASSIFIED,BALANCE_UNCLASSIFIED,BALANCE
912.0,912.0,911.95,911.95,0,0,0,0,0.8028677573872111,NY_PM,3,1.6386913229017765,day_anchor_std,server_midnight,0,0,1,0,UNCLASSIFIED,BALANCE_UNCLASSIFIED,BALANCE
912.05,912.05,911.95,911.95,0,0,0,0,0.8049508658899467,NY_PM,4,1.904947916666607,day_anchor_std,server_midnight,0,0,1,0,UNCLASSIFIED,BALANCE_UNCLASSIFIED,BALANCE
912.0,912.0,911.95,911.95,0,0,0,0,0.8049508658899467,NY_PM,4,1.904947916666607,day_anchor_std,server_midnight,0,0,1,0,UNCLASSIFIED,BALANCE_UNCLASSIFIED,BALANCE
911.55,911.55,911.5,911.5,0,0,0,0,0.8049508658899467,NY_PM,4,1.904947916666607,day_anchor_std,server_midnight,0,0,1,0,UNCLASSIFIED,BALANCE_UNCLASSIFIED,BALANCE
911.35,911.45,911.35,911.45,0,0,0,0,0.8609790430618576,NY_PM,5,1.6490299823633092,day_anchor_std,server_midnight,0,0,1,0,BALANCE_LEAKING,BALANCE_LEAKING,BALANCE
911.85,912.15,911.75,912.15,0,0,0,0,0.8609790430618576,NY_PM,5,1.6490299823633092,day_anchor_std,server_midnight,0,0,1,0,BALANCE_LEAKING,BALANCE_LEAKING,BALANCE
912.2,912.45,912.15,912.25,0,0,0,0,0.8609790430618576,NY_PM,5,1.6490299823633092,day_anchor_std,server_midnight,0,0,1,0,BALANCE_LEAKING,BALANCE_LEAKING,BALANCE
911.25,912.65,911.05,911.25,0,0,0,1,0.811866275733442,NY,1,0.3648208469055721,day_anchor_std,server_midnight,1,0,0,0,UNCLASSIFIED,TRANSITION_UNCLASSIFIED,TRANSITION
911.35,911.55,909.85,910.25,0,0,0,1,0.811866275733442,NY,1,0.3648208469055721,day_anchor_std,server_midnight,1,0,0,0,UNCLASSIFIED,TRANSITION_UNCLASSIFIED,TRANSITION
910.3,911.55,909.95,911.45,0,0,0,1,0.811866275733442,NY,1,0.3648208469055721,day_anchor_std,server_midnight,1,0,0,0,UNCLASSIFIED,TRANSITION_UNCLASSIFIED,TRANSITION
911.4,911.85,911.3,911.35,0,0,0,1,0.811866275733442,NY,1,0.3648208469055721,day_anchor_std,server_midnight,1,0,0,0,UNCLASSIFIED,TRANSITION_UNCLASSIFIED,TRANSITION
911.15,911.35,910.45,910.95,0,0,0,1,0.9743996751093478,NY,2,1.9173126614987843,day_anchor_std,server_midnight,0,1,0,0,UNCLASSIFIED,TRANSITION_UNCLASSIFIED,TRANSITION
911.05,913.45,910.75,913.35,0,0,0,1,0.9743996751093478,NY,2,1.9173126614987843,day_anchor_std,server_midnight,0,1,0,0,UNCLASSIFIED,TRANSITION_UNCLASSIFIED,TRANSITION
913.55,914.25,913.45,914.05,0,0,0,1,0.9743996751093478,NY,2,1.9173126614987843,day_anchor_std,server_midnight,0,1,0,0,UNCLASSIFIED,TRANSITION_UNCLASSIFIED,TRANSITION
914.1,916.8,914.05,916.7,0,0,0,1,0.9743996751093478,NY,2,1.9173126614987843,day_anchor_std,server_midnight,0,1,0,0,UNCLASSIFIED,TRANSITION_UNCLASSIFIED,TRANSITION
916.8,916.95,914.9,915.55,0,0,0,1,0.9971307285259392,NY,3,0.7565217391304649,day_anchor_std,server_midnight,1,0,0,0,UNCLASSIFIED,TRANSITION_UNCLASSIFIED,TRANSITION
915.75,916.65,914.95,914.95,0,0,0,1,0.9971307285259392,NY,3,0.7565217391304649,day_anchor_std,server_midnight,1,0,0,0,UNCLASSIFIED,TRANSITION_UNCLASSIFIED,TRANSITION
914.75,914.95,912.95,913.55,0,0,0,1,0.9971307285259392,NY,3,0.7565217391304649,day_anchor_std,server_midnight,1,0,0,0,UNCLASSIFIED,TRANSITION_UNCLASSIFIED,TRANSITION
913.35,915.45,912.95,914.25,0,0,0,1,0.9971307285259392,NY,3,0.7565217391304649,day_anchor_std,server_midnight,1,0,0,0,UNCLASSIFIED,TRANSITION_UNCLASSIFIED,TRANSITION
914.85,914.95,913.25,913.75,0,0,0,1,0.9973703671185762,NY_PM,1,0.012886259040068465,day_anchor_std,server_midnight,1,0,0,0,UNCLASSIFIED,TRANSITION_UNCLASSIFIED,TRANSITION
913.45,913.55,911.35,912.05,0,0,0,1,0.9973703671185762,NY_PM,1,0.012886259040068465,day_anchor_std,server_midnight,1,0,0,0,UNCLASSIFIED,TRANSITION_UNCLASSIFIED,TRANSITION
912.15,912.35,911.55,912.2,0,0,0,1,0.9973703671185762,NY_PM,1,0.012886259040068465,day_anchor_std,server_midnight,1,0,0,0,UNCLASSIFIED,TRANSITION_UNCLASSIFIED,TRANSITION
912.25,913.05,911.85,912.35,0,0,0,1,0.9973703671185762,NY_PM,1,0.012886259040068465,day_anchor_std,server_midnight,1,0,0,0,UNCLASSIFIED,TRANSITION_UNCLASSIFIED,TRANSITION
912.15,912.25,911.95,911.95,0,0,0,1,0.6318045212073062,NY_PM,2,0.02414833980161683,day_anchor_std,server_midnight,1,0,0,0,UNCLASSIFIED,TRANSITION_UNCLASSIFIED,TRANSITION
911.9,911.9,911.55,911.55,0,0,0,1,0.6318045212073062,NY_PM,2,0.02414833980161683,day_anchor_std,server_midnight,1,0,0,0,UNCLASSIFIED,TRANSITION_UNCLASSIFIED,TRANSITION
912.05,912.45,912.05,912.45,0,0,0,1,0.6318045212073062,NY_PM,2,0.02414833980161683,day_anchor_std,server_midnight,1,0,0,0,UNCLASSIFIED,TRANSITION_UNCLASSIFIED,TRANSITION
911.95,912.35,911.95,912.35,0,0,0,1,0.6318045212073062,NY_PM,2,0.02414833980161683,day_anchor_std,server_midnight,1,0,0,0,UNCLASSIFIED,TRANSITION_UNCLASSIFIED,TRANSITION
912.15,912.15,912.05,912.05,0,0,0,1,0.5953712796570723,NY_PM,3,0.6975630983463404,day_anchor_std,server_midnight,1,0,0,0,UNCLASSIFIED,TRANSITION_UNCLASSIFIED,TRANSITION
911.95,911.95,911.35,911.35,0,0,0,1,0.5953712796570723,NY_PM,3,0.6975630983463404,day_anchor_std,server_midnight,1,0,0,0,UNCLASSIFIED,TRANSITION_UNCLASSIFIED,TRANSITION
911.25,911.35,911.25,911.35,0,0,0,1,0.5953712796570723,NY_PM,3,0.6975630983463404,day_anchor_std,server_midnight,1,0,0,0,UNCLASSIFIED,TRANSITION_UNCLASSIFIED,TRANSITION
911.05,911.05,910.45,910.45,0,0,0,1,0.5953712796570723,NY_PM,3,0.6975630983463404,day_anchor_std,server_midnight,1,0,0,0,UNCLASSIFIED,TRANSITION_UNCLASSIFIED,TRANSITION
916.25,916.85,915.75,916.15,0,0,0,1,0.9537390090381498,NY_PM,2,0.635576179427742,day_anchor_std,server_midnight,1,0,0,0,UNCLASSIFIED,TRANSITION_UNCLASSIFIED,TRANSITION
915.95,917.05,915.85,917.05,0,0,0,1,0.9537390090381498,NY_PM,2,0.635576179427742,day_anchor_std,server_midnight,1,0,0,0,UNCLASSIFIED,TRANSITION_UNCLASSIFIED,TRANSITION
916.85,916.85,915.85,916.05,0,0,0,1,0.9537390090381498,NY_PM,2,0.635576179427742,day_anchor_std,server_midnight,1,0,0,0,UNCLASSIFIED,TRANSITION_UNCLASSIFIED,TRANSITION
916.25,916.25,915.45,915.45,0,0,0,1,0.9537390090381498,NY_PM,2,0.635576179427742,day_anchor_std,server_midnight,1,0,0,0,UNCLASSIFIED,TRANSITION_UNCLASSIFIED,TRANSITION
917.75,917.95,917.75,917.95,0,0,0,1,0.9872142304405022,NY_PM,4,1.2772357723577814,day_anchor_std,server_midnight,0,1,0,0,UNCLASSIFIED,TRANSITION_UNCLASSIFIED,TRANSITION
917.75,917.75,917.65,917.75,0,0,0,1,0.9872142304405022,NY_PM,4,1.2772357723577814,day_anchor_std,server_midnight,0,1,0,0,UNCLASSIFIED,TRANSITION_UNCLASSIFIED,TRANSITION
917.65,917.75,917.65,917.75,0,0,0,1,0.9872142304405022,NY_PM,4,1.2772357723577814,day_anchor_std,server_midnight,0,1,0,0,UNCLASSIFIED,TRANSITION_UNCLASSIFIED,TRANSITION
917.55,917.55,917.55,917.55,0,0,0,1,0.9120938039875943,NY_PM,6,1.4124605225380826,day_anchor_std,server_midnight,0,1,0,0,UNCLASSIFIED,TRANSITION_UNCLASSIFIED,TRANSITION
917.45,917.55,917.45,917.55,0,0,0,1,0.9120938039875943,NY_PM,6,1.4124605225380826,day_anchor_std,server_midnight,0,1,0,0,UNCLASSIFIED,TRANSITION_UNCLASSIFIED,TRANSITION
917.45,917.55,917.45,917.55,0,0,0,1,0.9120938039875943,NY_PM,6,1.4124605225380826,day_anchor_std,server_midnight,0,1,0,0,UNCLASSIFIED,TRANSITION_UNCLASSIFIED,TRANSITION
922.1,922.5,921.5,922.1,0,0,0,1,0.9952989886876265,NY,7,0.0,day_anchor_std,server_midnight,1,0,0,0,UNCLASSIFIED,TRANSITION_UNCLASSIFIED,TRANSITION
922.05,922.5,921.95,922.0,0,0,0,1,0.9952989886876265,NY,7,0.0,day_anchor_std,server_midnight,1,0,0,0,UNCLASSIFIED,TRANSITION_UNCLASSIFIED,TRANSITION
922.05,922.15,920.85,921.95,0,0,0,1,0.9959104946757377,NY,8,0.6372832369941958,day_anchor_std,server_midnight,1,0,0,0,UNCLASSIFIED,TRANSITION_UNCLASSIFIED,TRANSITION
922.15,923.65,921.55,923.45,0,0,0,1,0.9959104946757377,NY,8,0.6372832369941958,day_anchor_std,server_midnight,1,0,0,0,UNCLASSIFIED,TRANSITION_UNCLASSIFIED,TRANSITION
923.55,925.45,923.05,924.55,0,0,0,1,0.9959104946757377,NY,8,0.6372832369941958,day_anchor_std,server_midnight,1,0,0,0,UNCLASSIFIED,TRANSITION_UNCLASSIFIED,TRANSITION
924.45,925.1,923.35,924.35,0,0,0,1,0.9959104946757377,NY,8,0.6372832369941958,day_anchor_std,server_midnight,1,0,0,0,UNCLASSIFIED,TRANSITION_UNCLASSIFIED,TRANSITION
924.3,925.35,923.95,924.35,0,0,0,1,0.9994513027861712,NY,9,0.3414082687337889,day_anchor_std,server_midnight,1,0,0,0,TRANSITION_NOISY,TRANSITION_NOISY,TRANSITION
924.25,927.35,924.15,927.15,0,0,0,1,0.9994513027861712,NY,9,0.3414082687337889,day_anchor_std,server_midnight,1,0,0,0,TRANSITION_NOISY,TRANSITION_NOISY,TRANSITION
927.35,927.35,925.05,925.05,0,0,0,1,0.9994513027861712,NY,9,0.3414082687337889,day_anchor_std,server_midnight,1,0,0,0,TRANSITION_NOISY,TRANSITION_NOISY,TRANSITION
924.95,925.6,924.0,924.05,0,0,0,1,0.9994513027861712,NY,9,0.3414082687337889,day_anchor_std,server_midnight,1,0,0,0,TRANSITION_NOISY,TRANSITION_NOISY,TRANSITION
926.95,928.25,926.05,928.25,0,0,0,1,0.9997245710696775,NY_PM,11,1.5954205195949265,day_anchor_std,server_midnight,0,1,0,0,UNCLASSIFIED,TRANSITION_UNCLASSIFIED,TRANSITION
928.35,928.55,927.25,927.75,0,0,0,1,0.9997245710696775,NY_PM,11,1.5954205195949265,day_anchor_std,server_midnight,0,1,0,0,UNCLASSIFIED,TRANSITION_UNCLASSIFIED,TRANSITION
927.95,928.45,927.15,928.35,0,0,0,1,0.9997245710696775,NY_PM,11,1.5954205195949265,day_anchor_std,server_midnight,0,1,0,0,UNCLASSIFIED,TRANSITION_UNCLASSIFIED,TRANSITION
928.4,928.9,928.05,928.45,0,0,0,1,0.9997245710696775,NY_PM,11,1.5954205195949265,day_anchor_std,server_midnight,0,1,0,0,UNCLASSIFIED,TRANSITION_UNCLASSIFIED,TRANSITION
927.85,928.65,927.55,928.6,0,0,0,1,0.9997849734159453,NY_PM,12,1.4198214835334195,day_anchor_std,server_midnight,0,1,0,0,TRANSITION_NOISY,TRANSITION_NOISY,TRANSITION
928.7,928.7,927.3,927.55,0,0,0,1,0.9997849734159453,NY_PM,12,1.4198214835334195,day_anchor_std,server_midnight,0,1,0,0,TRANSITION_NOISY,TRANSITION_NOISY,TRANSITION
927.45,928.4,927.4,928.4,0,0,0,1,0.9997849734159453,NY_PM,12,1.4198214835334195,day_anchor_std,server_midnight,0,1,0,0,TRANSITION_NOISY,TRANSITION_NOISY,TRANSITION
927.5,928.1,927.45,928.1,0,0,0,1,0.9997849734159453,NY_PM,12,1.4198214835334195,day_anchor_std,server_midnight,0,1,0,0,TRANSITION_NOISY,TRANSITION_NOISY,TRANSITION
928.0,928.1,927.75,927.8,0,0,0,1,0.99937435413316,NY_PM,12,1.4518304431599187,day_anchor_std,server_midnight,0,1,0,0,TRANSITION_NOISY,TRANSITION_NOISY,TRANSITION
928.0,928.15,927.95,928.15,0,0,0,1,0.99937435413316,NY_PM,12,1.4518304431599187,day_anchor_std,server_midnight,0,1,0,0,TRANSITION_NOISY,TRANSITION_NOISY,TRANSITION
927.95,928.15,927.85,928.15,0,0,0,1,0.99937435413316,NY_PM,12,1.4518304431599187,day_anchor_std,server_midnight,0,1,0,0,TRANSITION_NOISY,TRANSITION_NOISY,TRANSITION
928.35,928.35,928.25,928.25,0,0,0,1,0.99937435413316,NY_PM,12,1.4518304431599187,day_anchor_std,server_midnight,0,1,0,0,TRANSITION_NOISY,TRANSITION_NOISY,TRANSITION
928.15,928.3,928.15,928.3,0,0,0,1,0.9885822332884476,NY_PM,12,1.6830282861897181,day_anchor_std,server_midnight,0,1,0,0,TRANSITION_NOISY,TRANSITION_NOISY,TRANSITION
928.7,928.7,928.5,928.5,0,0,0,1,0.9885822332884476,NY_PM,12,1.6830282861897181,day_anchor_std,server_midnight,0,1,0,0,TRANSITION_NOISY,TRANSITION_NOISY,TRANSITION
928.45,928.45,928.45,928.45,0,0,0,1,0.9885822332884476,NY_PM,12,1.6830282861897181,day_anchor_std,server_midnight,0,1,0,0,TRANSITION_NOISY,TRANSITION_NOISY,TRANSITION
928.85,929.65,928.85,929.25,0,0,0,1,0.9994415368619654,NY_PM,12,2.0310977644310304,day_anchor_std,server_midnight,0,1,0,0,TRANSITION_NOISY,TRANSITION_NOISY,TRANSITION
929.3,929.4,929.25,929.25,0,0,0,1,0.9994415368619654,NY_PM,12,2.0310977644310304,day_anchor_std,server_midnight,0,1,0,0,TRANSITION_NOISY,TRANSITION_NOISY,TRANSITION
928.95,929.15,928.95,928.95,0,0,0,1,0.9994415368619654,NY_PM,12,2.0310977644310304,day_anchor_std,server_midnight,0,1,0,0,TRANSITION_NOISY,TRANSITION_NOISY,TRANSITION
928.85,929.05,928.85,929.05,0,0,0,1,0.9994415368619654,NY_PM,12,2.0310977644310304,day_anchor_std,server_midnight,0,1,0,0,TRANSITION_NOISY,TRANSITION_NOISY,TRANSITION
933.4,934.5,933.2,934.4,0,0,0,1,0.9971209020193083,NY,12,0.24341778440135883,day_anchor_std,server_midnight,1,0,0,0,UNCLASSIFIED,TRANSITION_UNCLASSIFIED,TRANSITION
934.3,936.45,934.3,935.7,0,0,0,1,0.9971209020193083,NY,12,0.24341778440135883,day_anchor_std,server_midnight,1,0,0,0,UNCLASSIFIED,TRANSITION_UNCLASSIFIED,TRANSITION
935.75,937.35,935.55,937.35,0,0,0,1,0.9995716575812558,NY,12,0.48653940283889113,day_anchor_std,server_midnight,1,0,0,0,UNCLASSIFIED,TRANSITION_UNCLASSIFIED,TRANSITION
937.45,937.45,936.35,936.95,0,0,0,1,0.9995716575812558,NY,12,0.48653940283889113,day_anchor_std,server_midnight,1,0,0,0,UNCLASSIFIED,TRANSITION_UNCLASSIFIED,TRANSITION
937.05,938.35,937.05,937.85,0,0,0,1,0.9995716575812558,NY,12,0.48653940283889113,day_anchor_std,server_midnight,1,0,0,0,UNCLASSIFIED,TRANSITION_UNCLASSIFIED,TRANSITION
937.95,938.05,936.65,936.8,0,0,0,1,0.9995716575812558,NY,12,0.48653940283889113,day_anchor_std,server_midnight,1,0,0,0,UNCLASSIFIED,TRANSITION_UNCLASSIFIED,TRANSITION
936.5,936.5,935.25,935.25,0,0,0,1,0.9994142640086973,NY,12,0.6643518518518815,day_anchor_std,server_midnight,1,0,0,0,UNCLASSIFIED,TRANSITION_UNCLASSIFIED,TRANSITION
935.35,935.35,933.55,933.65,0,0,0,1,0.9994142640086973,NY,12,0.6643518518518815,day_anchor_std,server_midnight,1,0,0,0,UNCLASSIFIED,TRANSITION_UNCLASSIFIED,TRANSITION
933.55,933.55,931.95,932.55,0,0,0,1,0.9994142640086973,NY,12,0.6643518518518815,day_anchor_std,server_midnight,1,0,0,0,UNCLASSIFIED,TRANSITION_UNCLASSIFIED,TRANSITION
932.85,934.25,932.75,933.45,0,0,0,1,0.9994142640086973,NY,12,0.6643518518518815,day_anchor_std,server_midnight,1,0,0,0,UNCLASSIFIED,TRANSITION_UNCLASSIFIED,TRANSITION
933.5,935.55,933.5,935.5,0,0,0,1,0.9997516648018795,NY,12,0.7487359004277973,day_anchor_std,server_midnight,1,0,0,0,TRANSITION_NOISY,TRANSITION_NOISY,TRANSITION
935.6,936.45,934.95,936.45,0,0,0,1,0.9997516648018795,NY,12,0.7487359004277973,day_anchor_std,server_midnight,1,0,0,0,TRANSITION_NOISY,TRANSITION_NOISY,TRANSITION
936.25,938.2,936.25,937.45,0,0,0,1,0.9997516648018795,NY,12,0.7487359004277973,day_anchor_std,server_midnight,1,0,0,0,TRANSITION_NOISY,TRANSITION_NOISY,TRANSITION
937.65,937.95,937.15,937.75,0,0,0,1,0.9997516648018795,NY,12,0.7487359004277973,day_anchor_std,server_midnight,1,0,0,0,TRANSITION_NOISY,TRANSITION_NOISY,TRANSITION
937.85,939.95,937.85,939.45,0,0,0,2,0.997732669677233,NY_PM,1,1.2938701487123272,day_anchor_std,server_midnight,0,0,0,1,TREND_STRONG,TREND_STRONG,TREND
939.55,940.6,939.45,939.55,0,0,0,2,0.997732669677233,NY_PM,1,1.2938701487123272,day_anchor_std,server_midnight,0,0,0,1,TREND_STRONG,TREND_STRONG,TREND
939.75,940.35,939.55,940.25,0,0,0,2,0.997732669677233,NY_PM,1,1.2938701487123272,day_anchor_std,server_midnight,0,0,0,1,TREND_STRONG,TREND_STRONG,TREND
940.45,940.95,940.05,940.15,0,0,0,2,0.997732669677233,NY_PM,1,1.2938701487123272,day_anchor_std,server_midnight,0,0,0,1,TREND_STRONG,TREND_STRONG,TREND
940.45,943.05,940.15,941.85,0,0,0,2,0.9972566721805611,NY_PM,2,2.042725732268129,day_anchor_std,server_midnight,0,0,0,1,TREND_STRONG,TREND_STRONG,TREND
941.75,944.05,941.55,943.85,0,0,0,2,0.9972566721805611,NY_PM,2,2.042725732268129,day_anchor_std,server_midnight,0,0,0,1,TREND_STRONG,TREND_STRONG,TREND
945.05,945.05,943.45,944.25,0,0,0,2,0.9972566721805611,NY_PM,2,2.042725732268129,day_anchor_std,server_midnight,0,0,0,1,TREND_STRONG,TREND_STRONG,TREND
944.15,944.15,943.3,943.3,0,0,0,2,0.9972566721805611,NY_PM,2,2.042725732268129,day_anchor_std,server_midnight,0,0,0,1,TREND_STRONG,TREND_STRONG,TREND
943.25,943.25,942.75,942.85,0,0,0,2,0.9982554009513426,NY_PM,3,1.9617682198326676,day_anchor_std,server_midnight,0,0,0,1,UNCLASSIFIED,TREND_UNCLASSIFIED,TREND
942.95,942.95,942.95,942.95,0,0,0,2,0.9982554009513426,NY_PM,3,1.9617682198326676,day_anchor_std,server_midnight,0,0,0,1,UNCLASSIFIED,TREND_UNCLASSIFIED,TREND
942.85,942.95,942.85,942.85,0,0,0,2,0.9982554009513426,NY_PM,3,1.9617682198326676,day_anchor_std,server_midnight,0,0,0,1,UNCLASSIFIED,TREND_UNCLASSIFIED,TREND
942.95,942.95,942.95,942.95,0,0,0,2,0.9982554009513426,NY_PM,3,1.9617682198326676,day_anchor_std,server_midnight,0,0,0,1,UNCLASSIFIED,TREND_UNCLASSIFIED,TREND
942.65,943.15,942.65,942.95,0,0,0,2,0.9987446180010753,NY_PM,4,1.937840670859477,day_anchor_std,server_midnight,0,0,0,1,UNCLASSIFIED,TREND_UNCLASSIFIED,TREND
943.15,943.95,942.95,943.95,0,0,0,2,0.9987446180010753,NY_PM,4,1.937840670859477,day_anchor_std,server_midnight,0,0,0,1,UNCLASSIFIED,TREND_UNCLASSIFIED,TREND
943.45,943.45,943.45,943.45,0,0,0,2,0.9987446180010753,NY_PM,4,1.937840670859477,day_anchor_std,server_midnight,0,0,0,1,UNCLASSIFIED,TREND_UNCLASSIFIED,TREND
943.15,943.2,942.95,942.95,0,0,0,2,0.9987446180010753,NY_PM,4,1.937840670859477,day_anchor_std,server_midnight,0,0,0,1,UNCLASSIFIED,TREND_UNCLASSIFIED,TREND
943.05,943.05,942.75,942.85,0,0,0,2,0.9937524555956394,NY_PM,5,1.7906732643574415,day_anchor_std,server_midnight,0,0,0,1,UNCLASSIFIED,TREND_UNCLASSIFIED,TREND
942.65,942.65,942.35,942.45,0,0,0,2,0.9937524555956394,NY_PM,5,1.7906732643574415,day_anchor_std,server_midnight,0,0,0,1,UNCLASSIFIED,TREND_UNCLASSIFIED,TREND
942.75,943.05,942.15,943.05,0,0,0,1,0.9593409605163749,NY_PM,1,0.4299625468164829,day_anchor_std,server_midnight,1,0,0,0,UNCLASSIFIED,TRANSITION_UNCLASSIFIED,TRANSITION
943.0,943.05,939.95,939.95,0,0,0,1,0.9593409605163749,NY_PM,1,0.4299625468164829,day_anchor_std,server_midnight,1,0,0,0,UNCLASSIFIED,TRANSITION_UNCLASSIFIED,TRANSITION
939.75,940.25,938.95,939.4,0,0,0,1,0.9593409605163749,NY_PM,1,0.4299625468164829,day_anchor_std,server_midnight,1,0,0,0,UNCLASSIFIED,TRANSITION_UNCLASSIFIED,TRANSITION
939.5,941.0,939.5,939.8,0,0,0,1,0.9593409605163749,NY_PM,1,0.4299625468164829,day_anchor_std,server_midnight,1,0,0,0,UNCLASSIFIED,TRANSITION_UNCLASSIFIED,TRANSITION
939.85,940.75,939.1,939.95,0,0,0,2,0.7212481952603397,NY_PM,1,0.11221669430623737,day_anchor_std,server_midnight,0,0,0,1,TREND_STRONG,TREND_STRONG,TREND
940.05,942.05,939.95,941.95,0,0,0,2,0.7212481952603397,NY_PM,1,0.11221669430623737,day_anchor_std,server_midnight,0,0,0,1,TREND_STRONG,TREND_STRONG,TREND
941.9,942.2,941.65,942.2,0,0,0,2,0.7212481952603397,NY_PM,1,0.11221669430623737,day_anchor_std,server_midnight,0,0,0,1,TREND_STRONG,TREND_STRONG,TREND
941.8,941.8,941.15,941.5,0,0,0,2,0.7212481952603397,NY_PM,1,0.11221669430623737,day_anchor_std,server_midnight,0,0,0,1,TREND_STRONG,TREND_STRONG,TREND
941.65,942.05,941.65,941.95,0,0,0,1,0.9785900731364436,NY_PM,1,0.13350900307420793,day_anchor_std,server_midnight,1,0,0,0,UNCLASSIFIED,TRANSITION_UNCLASSIFIED,TRANSITION
941.9,941.9,941.75,941.75,0,0,0,1,0.9785900731364436,NY_PM,1,0.13350900307420793,day_anchor_std,server_midnight,1,0,0,0,UNCLASSIFIED,TRANSITION_UNCLASSIFIED,TRANSITION
941.7,941.7,941.55,941.55,0,0,0,1,0.9785900731364436,NY_PM,1,0.13350900307420793,day_anchor_std,server_midnight,1,0,0,0,UNCLASSIFIED,TRANSITION_UNCLASSIFIED,TRANSITION
937.0,937.2,936.7,936.8,0,0,0,1,0.9794314706146088,NY,1,0.45095168374818395,day_anchor_std,server_midnight,1,0,0,0,UNCLASSIFIED,TRANSITION_UNCLASSIFIED,TRANSITION
937.0,937.8,934.5,937.8,0,0,0,1,0.9794314706146088,NY,1,0.45095168374818395,day_anchor_std,server_midnight,1,0,0,0,UNCLASSIFIED,TRANSITION_UNCLASSIFIED,TRANSITION
939.55,940.75,939.55,940.15,0,0,0,0,0.6336160895751171,NY,1,1.9061328535013078,day_anchor_std,server_midnight,0,0,1,0,UNCLASSIFIED,BALANCE_UNCLASSIFIED,BALANCE
939.75,940.45,938.95,939.35,0,0,0,0,0.6336160895751171,NY,1,1.9061328535013078,day_anchor_std,server_midnight,0,0,1,0,UNCLASSIFIED,BALANCE_UNCLASSIFIED,BALANCE
939.5,940.25,939.2,940.05,0,0,0,0,0.6336160895751171,NY,1,1.9061328535013078,day_anchor_std,server_midnight,0,0,1,0,UNCLASSIFIED,BALANCE_UNCLASSIFIED,BALANCE
940.25,943.7,940.25,943.55,0,0,0,0,0.6336160895751171,NY,1,1.9061328535013078,day_anchor_std,server_midnight,0,0,1,0,UNCLASSIFIED,BALANCE_UNCLASSIFIED,BALANCE
943.45,944.45,940.95,943.95,0,0,0,1,0.9991749805249098,NY,1,2.5280046674446286,day_anchor_std,server_midnight,0,1,0,0,UNCLASSIFIED,TRANSITION_UNCLASSIFIED,TRANSITION
943.55,948.05,943.45,946.5,0,0,0,1,0.9991749805249098,NY,1,2.5280046674446286,day_anchor_std,server_midnight,0,1,0,0,UNCLASSIFIED,TRANSITION_UNCLASSIFIED,TRANSITION
946.45,947.4,945.95,946.7,0,0,0,1,0.9991749805249098,NY,1,2.5280046674446286,day_anchor_std,server_midnight,0,1,0,0,UNCLASSIFIED,TRANSITION_UNCLASSIFIED,TRANSITION
946.8,947.85,946.55,947.45,0,0,0,1,0.9991749805249098,NY,1,2.5280046674446286,day_anchor_std,server_midnight,0,1,0,0,UNCLASSIFIED,TRANSITION_UNCLASSIFIED,TRANSITION
947.35,947.6,945.8,946.05,0,0,0,1,0.9944659917049344,NY_PM,2,1.8501839587932547,day_anchor_std,server_midnight,0,1,0,0,TRANSITION_NOISY,TRANSITION_NOISY,TRANSITION
945.95,946.65,944.45,944.85,0,0,0,1,0.9944659917049344,NY_PM,2,1.8501839587932547,day_anchor_std,server_midnight,0,1,0,0,TRANSITION_NOISY,TRANSITION_NOISY,TRANSITION
944.75,946.35,944.75,945.45,0,0,0,1,0.9944659917049344,NY_PM,2,1.8501839587932547,day_anchor_std,server_midnight,0,1,0,0,TRANSITION_NOISY,TRANSITION_NOISY,TRANSITION
945.55,946.85,944.95,946.35,0,0,0,1,0.9944659917049344,NY_PM,2,1.8501839587932547,day_anchor_std,server_midnight,0,1,0,0,TRANSITION_NOISY,TRANSITION_NOISY,TRANSITION
944.25,944.65,943.05,943.35,0,0,0,1,0.9916694756452038,NY,1,1.228460451977432,day_anchor_std,server_midnight,0,1,0,0,TRANSITION_NOISY,TRANSITION_NOISY,TRANSITION
943.45,945.25,943.45,943.95,0,0,0,1,0.9916694756452038,NY,1,1.228460451977432,day_anchor_std,server_midnight,0,1,0,0,TRANSITION_NOISY,TRANSITION_NOISY,TRANSITION
943.9,946.35,943.9,946.35,0,0,0,1,0.9916694756452038,NY,1,1.228460451977432,day_anchor_std,server_midnight,0,1,0,0,TRANSITION_NOISY,TRANSITION_NOISY,TRANSITION
946.25,946.95,945.75,946.95,0,0,0,1,0.9916694756452038,NY,1,1.228460451977432,day_anchor_std,server_midnight,0,1,0,0,TRANSITION_NOISY,TRANSITION_NOISY,TRANSITION
948.75,949.05,947.45,947.95,0,0,0,1,0.7671880834898949,NY_PM,1,0.7814569536423958,day_anchor_std,server_midnight,1,0,0,0,TRANSITION_NOISY,TRANSITION_NOISY,TRANSITION
947.9,949.55,947.7,949.55,0,0,0,1,0.7671880834898949,NY_PM,1,0.7814569536423958,day_anchor_std,server_midnight,1,0,0,0,TRANSITION_NOISY,TRANSITION_NOISY,TRANSITION
949.35,949.45,947.55,947.95,0,0,0,1,0.7671880834898949,NY_PM,1,0.7814569536423958,day_anchor_std,server_midnight,1,0,0,0,TRANSITION_NOISY,TRANSITION_NOISY,TRANSITION
947.35,947.35,946.55,946.95,0,0,0,1,0.7671880834898949,NY_PM,1,0.7814569536423958,day_anchor_std,server_midnight,1,0,0,0,TRANSITION_NOISY,TRANSITION_NOISY,TRANSITION
946.75,946.95,946.75,946.95,0,0,0,1,0.9974997666586107,NY_PM,2,0.08005521048998136,day_anchor_std,server_midnight,1,0,0,0,UNCLASSIFIED,TRANSITION_UNCLASSIFIED,TRANSITION
946.85,946.85,946.85,946.85,0,0,0,1,0.9974997666586107,NY_PM,2,0.08005521048998136,day_anchor_std,server_midnight,1,0,0,0,UNCLASSIFIED,TRANSITION_UNCLASSIFIED,TRANSITION
946.75,946.85,943.95,944.45,0,0,0,1,0.9974997666586107,NY_PM,2,0.08005521048998136,day_anchor_std,server_midnight,1,0,0,0,UNCLASSIFIED,TRANSITION_UNCLASSIFIED,TRANSITION
943.95,944.65,943.95,944.45,0,0,0,1,0.9974997666586107,NY_PM,2,0.08005521048998136,day_anchor_std,server_midnight,1,0,0,0,UNCLASSIFIED,TRANSITION_UNCLASSIFIED,TRANSITION
944.95,944.95,944.45,944.45,0,0,0,1,0.9986131847070521,NY_PM,3,0.04428778018797385,day_anchor_std,server_midnight,1,0,0,0,UNCLASSIFIED,TRANSITION_UNCLASSIFIED,TRANSITION
944.35,944.35,944.35,944.35,0,0,0,1,0.9986131847070521,NY_PM,3,0.04428778018797385,day_anchor_std,server_midnight,1,0,0,0,UNCLASSIFIED,TRANSITION_UNCLASSIFIED,TRANSITION
943.95,944.45,943.55,944.45,0,0,0,1,0.9986131847070521,NY_PM,3,0.04428778018797385,day_anchor_std,server_midnight,1,0,0,0,UNCLASSIFIED,TRANSITION_UNCLASSIFIED,TRANSITION
947.35,948.65,947.25,948.65,0,0,0,1,0.8651476659894796,NY,2,1.6739826245999017,day_anchor_std,server_midnight,0,1,0,0,UNCLASSIFIED,TRANSITION_UNCLASSIFIED,TRANSITION
948.75,949.95,948.25,948.45,0,0,0,1,0.8651476659894796,NY,2,1.6739826245999017,day_anchor_std,server_midnight,0,1,0,0,UNCLASSIFIED,TRANSITION_UNCLASSIFIED,TRANSITION
948.35,949.8,948.15,949.25,0,0,0,1,0.8651476659894796,NY,2,1.6739826245999017,day_anchor_std,server_midnight,0,1,0,0,UNCLASSIFIED,TRANSITION_UNCLASSIFIED,TRANSITION
949.35,950.15,949.15,949.85,0,0,0,1,0.8651476659894796,NY,2,1.6739826245999017,day_anchor_std,server_midnight,0,1,0,0,UNCLASSIFIED,TRANSITION_UNCLASSIFIED,TRANSITION
948.95,950.95,948.95,950.95,0,0,0,1,0.9491186914349786,NY_PM,1,1.4280100035727012,day_anchor_std,server_midnight,0,1,0,0,UNCLASSIFIED,TRANSITION_UNCLASSIFIED,TRANSITION
950.45,950.45,949.95,949.95,0,0,0,1,0.9491186914349786,NY_PM,1,1.4280100035727012,day_anchor_std,server_midnight,0,1,0,0,UNCLASSIFIED,TRANSITION_UNCLASSIFIED,TRANSITION
949.85,949.95,949.85,949.95,0,0,0,1,0.9491186914349786,NY_PM,1,1.4280100035727012,day_anchor_std,server_midnight,0,1,0,0,UNCLASSIFIED,TRANSITION_UNCLASSIFIED,TRANSITION
950.05,950.35,949.95,949.95,0,0,0,1,0.9491186914349786,NY_PM,1,1.4280100035727012,day_anchor_std,server_midnight,0,1,0,0,UNCLASSIFIED,TRANSITION_UNCLASSIFIED,TRANSITION
942.25,943.05,940.95,941.65,0,0,0,1,0.6595588252087558,NY_PM,1,0.20734597156394366,day_anchor_std,server_midnight,1,0,0,0,TRANSITION_NOISY,TRANSITION_NOISY,TRANSITION
941.75,943.0,941.55,942.4,0,0,0,1,0.6595588252087558,NY_PM,1,0.20734597156394366,day_anchor_std,server_midnight,1,0,0,0,TRANSITION_NOISY,TRANSITION_NOISY,TRANSITION
942.3,943.1,942.25,942.8,0,0,0,1,0.6595588252087558,NY_PM,1,0.20734597156394366,day_anchor_std,server_midnight,1,0,0,0,TRANSITION_NOISY,TRANSITION_NOISY,TRANSITION
942.75,943.5,942.6,942.95,0,0,0,1,0.6595588252087558,NY_PM,1,0.20734597156394366,day_anchor_std,server_midnight,1,0,0,0,TRANSITION_NOISY,TRANSITION_NOISY,TRANSITION
942.9,942.95,942.55,942.95,0,0,0,1,0.7837837478646656,NY_PM,2,0.36124794745484107,day_anchor_std,server_midnight,1,0,0,0,TRANSITION_NOISY,TRANSITION_NOISY,TRANSITION
942.65,942.65,942.65,942.65,0,0,0,1,0.7837837478646656,NY_PM,2,0.36124794745484107,day_anchor_std,server_midnight,1,0,0,0,TRANSITION_NOISY,TRANSITION_NOISY,TRANSITION
942.15,942.45,941.95,942.45,0,0,0,1,0.7837837478646656,NY_PM,2,0.36124794745484107,day_anchor_std,server_midnight,1,0,0,0,TRANSITION_NOISY,TRANSITION_NOISY,TRANSITION
942.25,942.25,941.95,941.95,0,0,0,1,0.887865269479911,NY_PM,3,0.5454244031830249,day_anchor_std,server_midnight,1,0,0,0,TRANSITION_NOISY,TRANSITION_NOISY,TRANSITION
937.55,937.55,937.5,937.5,0,0,0,1,0.9958163053269574,NY,5,0.2016094875052727,day_anchor_std,server_midnight,1,0,0,0,UNCLASSIFIED,TRANSITION_UNCLASSIFIED,TRANSITION
937.45,937.45,935.85,935.85,0,0,0,1,0.9958163053269574,NY,5,0.2016094875052727,day_anchor_std,server_midnight,1,0,0,0,UNCLASSIFIED,TRANSITION_UNCLASSIFIED,TRANSITION
935.75,936.55,935.55,936.15,0,0,0,1,0.9994351299432814,NY,6,0.5147474747474682,day_anchor_std,server_midnight,1,0,0,0,TRANSITION_NOISY,TRANSITION_NOISY,TRANSITION
936.45,937.05,935.55,936.35,0,0,0,1,0.9994351299432814,NY,6,0.5147474747474682,day_anchor_std,server_midnight,1,0,0,0,TRANSITION_NOISY,TRANSITION_NOISY,TRANSITION
936.45,937.05,933.55,934.1,0,0,0,1,0.9994351299432814,NY,6,0.5147474747474682,day_anchor_std,server_midnight,1,0,0,0,TRANSITION_NOISY,TRANSITION_NOISY,TRANSITION
933.95,934.3,932.55,934.05,0,0,0,1,0.9994351299432814,NY,6,0.5147474747474682,day_anchor_std,server_midnight,1,0,0,0,TRANSITION_NOISY,TRANSITION_NOISY,TRANSITION
934.15,934.9,932.45,932.55,0,0,0,1,0.9997399194327021,NY,7,0.371584699453549,day_anchor_std,server_midnight,1,0,0,0,TRANSITION_NOISY,TRANSITION_NOISY,TRANSITION
932.85,934.15,932.85,933.75,0,0,0,1,0.9997399194327021,NY,7,0.371584699453549,day_anchor_std,server_midnight,1,0,0,0,TRANSITION_NOISY,TRANSITION_NOISY,TRANSITION
933.85,934.55,933.05,933.25,0,0,0,1,0.9997399194327021,NY,7,0.371584699453549,day_anchor_std,server_midnight,1,0,0,0,TRANSITION_NOISY,TRANSITION_NOISY,TRANSITION
933.35,934.25,933.35,934.15,0,0,0,1,0.9997399194327021,NY,7,0.371584699453549,day_anchor_std,server_midnight,1,0,0,0,TRANSITION_NOISY,TRANSITION_NOISY,TRANSITION
934.55,935.35,934.4,934.5,0,0,0,1,0.9964869331026531,NY,8,0.5782828282828185,day_anchor_std,server_midnight,1,0,0,0,UNCLASSIFIED,TRANSITION_UNCLASSIFIED,TRANSITION
934.45,934.45,931.35,931.45,0,0,0,1,0.9964869331026531,NY,8,0.5782828282828185,day_anchor_std,server_midnight,1,0,0,0,UNCLASSIFIED,TRANSITION_UNCLASSIFIED,TRANSITION
931.35,932.65,931.35,931.95,0,0,0,1,0.9964869331026531,NY,8,0.5782828282828185,day_anchor_std,server_midnight,1,0,0,0,UNCLASSIFIED,TRANSITION_UNCLASSIFIED,TRANSITION
932.1,933.45,932.0,933.05,0,0,0,1,0.9964869331026531,NY,8,0.5782828282828185,day_anchor_std,server_midnight,1,0,0,0,UNCLASSIFIED,TRANSITION_UNCLASSIFIED,TRANSITION
932.95,933.75,932.95,933.5,0,0,0,1,0.9989806190460634,NY,9,0.7552631578946778,day_anchor_std,server_midnight,1,0,0,0,TRANSITION_NOISY,TRANSITION_NOISY,TRANSITION
933.55,933.55,932.55,932.95,0,0,0,1,0.9989806190460634,NY,9,0.7552631578946778,day_anchor_std,server_midnight,1,0,0,0,TRANSITION_NOISY,TRANSITION_NOISY,TRANSITION
932.85,933.65,932.15,933.55,0,0,0,1,0.9989806190460634,NY,9,0.7552631578946778,day_anchor_std,server_midnight,1,0,0,0,TRANSITION_NOISY,TRANSITION_NOISY,TRANSITION
933.45,934.05,932.15,932.25,0,0,0,1,0.9989806190460634,NY,9,0.7552631578946778,day_anchor_std,server_midnight,1,0,0,0,TRANSITION_NOISY,TRANSITION_NOISY,TRANSITION
932.05,932.05,930.05,930.05,0,0,0,1,0.9986672983674846,NY_PM,10,1.3307003686150092,day_anchor_std,server_midnight,0,1,0,0,TRANSITION_NOISY,TRANSITION_NOISY,TRANSITION
929.95,930.8,929.95,930.8,0,0,0,1,0.9986672983674846,NY_PM,10,1.3307003686150092,day_anchor_std,server_midnight,0,1,0,0,TRANSITION_NOISY,TRANSITION_NOISY,TRANSITION
930.9,931.45,930.85,930.95,0,0,0,1,0.9986672983674846,NY_PM,10,1.3307003686150092,day_anchor_std,server_midnight,0,1,0,0,TRANSITION_NOISY,TRANSITION_NOISY,TRANSITION
930.75,930.85,930.15,930.35,0,0,0,1,0.9986672983674846,NY_PM,10,1.3307003686150092,day_anchor_std,server_midnight,0,1,0,0,TRANSITION_NOISY,TRANSITION_NOISY,TRANSITION
930.25,930.35,930.25,930.35,0,0,0,1,0.9997968038723161,NY_PM,11,1.491464510332438,day_anchor_std,server_midnight,0,1,0,0,TRANSITION_NOISY,TRANSITION_NOISY,TRANSITION
930.45,930.65,930.45,930.65,0,0,0,1,0.9997968038723161,NY_PM,11,1.491464510332438,day_anchor_std,server_midnight,0,1,0,0,TRANSITION_NOISY,TRANSITION_NOISY,TRANSITION
930.55,930.55,930.25,930.25,0,0,0,1,0.9997968038723161,NY_PM,11,1.491464510332438,day_anchor_std,server_midnight,0,1,0,0,TRANSITION_NOISY,TRANSITION_NOISY,TRANSITION
930.15,930.15,930.15,930.15,0,0,0,1,0.9997968038723161,NY_PM,11,1.491464510332438,day_anchor_std,server_midnight,0,1,0,0,TRANSITION_NOISY,TRANSITION_NOISY,TRANSITION
928.35,928.75,928.25,928.75,0,0,0,1,0.9977584370864385,NY,12,0.23752495009982197,day_anchor_std,server_midnight,1,0,0,0,UNCLASSIFIED,TRANSITION_UNCLASSIFIED,TRANSITION
928.45,928.45,926.05,926.55,0,0,0,1,0.9977584370864385,NY,12,0.23752495009982197,day_anchor_std,server_midnight,1,0,0,0,UNCLASSIFIED,TRANSITION_UNCLASSIFIED,TRANSITION
926.6,926.6,925.35,925.4,0,0,0,1,0.9995850934853102,NY,12,0.19269269269270758,day_anchor_std,server_midnight,1,0,0,0,TRANSITION_NOISY,TRANSITION_NOISY,TRANSITION
925.35,925.45,924.95,925.05,0,0,0,1,0.9995850934853102,NY,12,0.19269269269270758,day_anchor_std,server_midnight,1,0,0,0,TRANSITION_NOISY,TRANSITION_NOISY,TRANSITION
924.95,925.5,924.15,925.15,0,0,0,1,0.9995850934853102,NY,12,0.19269269269270758,day_anchor_std,server_midnight,1,0,0,0,TRANSITION_NOISY,TRANSITION_NOISY,TRANSITION
925.1,926.45,924.7,926.3,0,0,0,1,0.9995850934853102,NY,12,0.19269269269270758,day_anchor_std,server_midnight,1,0,0,0,TRANSITION_NOISY,TRANSITION_NOISY,TRANSITION
926.35,927.1,925.9,926.75,0,0,0,1,0.9992914331806223,NY,12,1.2546114742192787,day_anchor_std,server_midnight,0,1,0,0,TRANSITION_NOISY,TRANSITION_NOISY,TRANSITION
926.8,926.95,925.45,925.45,0,0,0,1,0.9992914331806223,NY,12,1.2546114742192787,day_anchor_std,server_midnight,0,1,0,0,TRANSITION_NOISY,TRANSITION_NOISY,TRANSITION
925.5,925.6,925.05,925.5,0,0,0,1,0.9992914331806223,NY,12,1.2546114742192787,day_anchor_std,server_midnight,0,1,0,0,TRANSITION_NOISY,TRANSITION_NOISY,TRANSITION
925.3,925.5,921.15,922.45,0,0,0,1,0.9992914331806223,NY,12,1.2546114742192787,day_anchor_std,server_midnight,0,1,0,0,TRANSITION_NOISY,TRANSITION_NOISY,TRANSITION
922.5,923.1,922.15,922.45,0,0,0,1,0.9982374129868261,NY,12,0.2536231884058078,day_anchor_std,server_midnight,1,0,0,0,TRANSITION_NOISY,TRANSITION_NOISY,TRANSITION
922.55,923.45,922.45,922.65,0,0,0,1,0.9982374129868261,NY,12,0.2536231884058078,day_anchor_std,server_midnight,1,0,0,0,TRANSITION_NOISY,TRANSITION_NOISY,TRANSITION
922.75,925.55,922.75,925.05,0,0,0,1,0.9982374129868261,NY,12,0.2536231884058078,day_anchor_std,server_midnight,1,0,0,0,TRANSITION_NOISY,TRANSITION_NOISY,TRANSITION
924.95,926.95,924.85,926.55,0,0,0,1,0.9982374129868261,NY,12,0.2536231884058078,day_anchor_std,server_midnight,1,0,0,0,TRANSITION_NOISY,TRANSITION_NOISY,TRANSITION
926.5,926.85,925.9,926.35,0,0,0,1,0.9996266680722027,NY,12,0.0945285215366581,day_anchor_std,server_midnight,1,0,0,0,TRANSITION_NOISY,TRANSITION_NOISY,TRANSITION
926.25,926.25,924.55,925.75,0,0,0,1,0.9996266680722027,NY,12,0.0945285215366581,day_anchor_std,server_midnight,1,0,0,0,TRANSITION_NOISY,TRANSITION_NOISY,TRANSITION
925.65,926.45,925.05,926.35,0,0,0,1,0.9996266680722027,NY,12,0.0945285215366581,day_anchor_std,server_midnight,1,0,0,0,TRANSITION_NOISY,TRANSITION_NOISY,TRANSITION
926.15,926.15,925.05,925.35,0,0,0,1,0.9996266680722027,NY,12,0.0945285215366581,day_anchor_std,server_midnight,1,0,0,0,TRANSITION_NOISY,TRANSITION_NOISY,TRANSITION
925.55,925.55,925.05,925.35,0,0,0,1,0.9987868963041502,NY_PM,12,0.06972502805831093,day_anchor_std,server_midnight,1,0,0,0,TRANSITION_NOISY,TRANSITION_NOISY,TRANSITION
925.25,926.0,924.95,925.5,0,0,0,1,0.9987868963041502,NY_PM,12,0.06972502805831093,day_anchor_std,server_midnight,1,0,0,0,TRANSITION_NOISY,TRANSITION_NOISY,TRANSITION
925.4,926.2,925.05,925.85,0,0,0,1,0.9987868963041502,NY_PM,12,0.06972502805831093,day_anchor_std,server_midnight,1,0,0,0,TRANSITION_NOISY,TRANSITION_NOISY,TRANSITION
925.65,925.75,925.25,925.35,0,0,0,1,0.9987868963041502,NY_PM,12,0.06972502805831093,day_anchor_std,server_midnight,1,0,0,0,TRANSITION_NOISY,TRANSITION_NOISY,TRANSITION
925.45,925.75,925.45,925.45,0,0,0,1,0.9972547754915974,NY_PM,12,0.014084507042227811,day_anchor_std,server_midnight,1,0,0,0,TRANSITION_NOISY,TRANSITION_NOISY,TRANSITION
925.65,925.65,925.65,925.65,0,0,0,1,0.9972547754915974,NY_PM,12,0.014084507042227811,day_anchor_std,server_midnight,1,0,0,0,TRANSITION_NOISY,TRANSITION_NOISY,TRANSITION
925.45,925.65,925.45,925.45,0,0,0,1,0.9972547754915974,NY_PM,12,0.014084507042227811,day_anchor_std,server_midnight,1,0,0,0,TRANSITION_NOISY,TRANSITION_NOISY,TRANSITION
925.55,925.55,925.55,925.55,0,0,0,1,0.9937257800654552,NY_PM,12,0.20399305555556912,day_anchor_std,server_midnight,1,0,0,0,TRANSITION_NOISY,TRANSITION_NOISY,TRANSITION
925.6,925.6,925.45,925.5,0,0,0,1,0.9937257800654552,NY_PM,12,0.20399305555556912,day_anchor_std,server_midnight,1,0,0,0,TRANSITION_NOISY,TRANSITION_NOISY,TRANSITION
925.4,925.4,925.4,925.4,0,0,0,1,0.9937257800654552,NY_PM,12,0.20399305555556912,day_anchor_std,server_midnight,1,0,0,0,TRANSITION_NOISY,TRANSITION_NOISY,TRANSITION
925.65,925.95,925.65,925.95,0,0,0,1,0.9937257800654552,NY_PM,12,0.20399305555556912,day_anchor_std,server_midnight,1,0,0,0,TRANSITION_NOISY,TRANSITION_NOISY,TRANSITION
920.55,921.55,920.55,921.55,0,0,0,1,0.9930364672968935,NY,12,0.026666666666687544,day_anchor_std,server_midnight,1,0,0,0,TRANSITION_NOISY,TRANSITION_NOISY,TRANSITION
921.35,921.5,920.65,920.95,0,0,0,1,0.9930364672968935,NY,12,0.026666666666687544,day_anchor_std,server_midnight,1,0,0,0,TRANSITION_NOISY,TRANSITION_NOISY,TRANSITION
920.85,923.5,920.85,923.5,0,0,0,1,0.8751538680122173,NY,12,0.43827160493824724,day_anchor_std,server_midnight,1,0,0,0,TRANSITION_NOISY,TRANSITION_NOISY,TRANSITION
923.45,923.95,922.8,923.35,0,0,0,1,0.8751538680122173,NY,12,0.43827160493824724,day_anchor_std,server_midnight,1,0,0,0,TRANSITION_NOISY,TRANSITION_NOISY,TRANSITION
923.3,924.4,922.5,924.4,0,0,0,1,0.8751538680122173,NY,12,0.43827160493824724,day_anchor_std,server_midnight,1,0,0,0,TRANSITION_NOISY,TRANSITION_NOISY,TRANSITION
924.45,925.55,923.25,923.25,0,0,0,1,0.8751538680122173,NY,12,0.43827160493824724,day_anchor_std,server_midnight,1,0,0,0,TRANSITION_NOISY,TRANSITION_NOISY,TRANSITION
923.35,923.55,921.55,921.65,0,0,0,1,0.9941551264011134,NY,12,0.2371518805627757,day_anchor_std,server_midnight,1,0,0,0,TRANSITION_NOISY,TRANSITION_NOISY,TRANSITION
921.7,921.7,920.95,920.95,0,0,0,1,0.9941551264011134,NY,12,0.2371518805627757,day_anchor_std,server_midnight,1,0,0,0,TRANSITION_NOISY,TRANSITION_NOISY,TRANSITION
921.0,921.6,920.55,920.75,0,0,0,1,0.9941551264011134,NY,12,0.2371518805627757,day_anchor_std,server_midnight,1,0,0,0,TRANSITION_NOISY,TRANSITION_NOISY,TRANSITION
920.55,921.75,920.35,921.55,0,0,0,1,0.9941551264011134,NY,12,0.2371518805627757,day_anchor_std,server_midnight,1,0,0,0,TRANSITION_NOISY,TRANSITION_NOISY,TRANSITION
921.35,923.55,921.15,922.55,0,0,0,1,0.7939750877771276,NY,12,0.49879227053140346,day_anchor_std,server_midnight,1,0,0,0,TRANSITION_NOISY,TRANSITION_NOISY,TRANSITION
922.75,922.85,921.45,922.15,0,0,0,1,0.7939750877771276,NY,12,0.49879227053140346,day_anchor_std,server_midnight,1,0,0,0,TRANSITION_NOISY,TRANSITION_NOISY,TRANSITION
922.35,923.55,922.05,922.95,0,0,0,1,0.7939750877771276,NY,12,0.49879227053140346,day_anchor_std,server_midnight,1,0,0,0,TRANSITION_NOISY,TRANSITION_NOISY,TRANSITION
923.0,924.35,922.45,923.95,0,0,0,1,0.7939750877771276,NY,12,0.49879227053140346,day_anchor_std,server_midnight,1,0,0,0,TRANSITION_NOISY,TRANSITION_NOISY,TRANSITION
924.05,924.3,923.15,923.25,0,0,0,1,0.9984912399300833,NY_PM,1,0.023111111111102037,day_anchor_std,server_midnight,1,0,0,0,UNCLASSIFIED,TRANSITION_UNCLASSIFIED,TRANSITION
923.3,924.25,921.95,922.45,0,0,0,1,0.9984912399300833,NY_PM,1,0.023111111111102037,day_anchor_std,server_midnight,1,0,0,0,UNCLASSIFIED,TRANSITION_UNCLASSIFIED,TRANSITION
922.35,922.95,922.25,922.95,0,0,0,1,0.9984912399300833,NY_PM,1,0.023111111111102037,day_anchor_std,server_midnight,1,0,0,0,UNCLASSIFIED,TRANSITION_UNCLASSIFIED,TRANSITION
922.55,922.95,922.45,922.75,0,0,0,1,0.9984912399300833,NY_PM,1,0.023111111111102037,day_anchor_std,server_midnight,1,0,0,0,UNCLASSIFIED,TRANSITION_UNCLASSIFIED,TRANSITION
922.8,922.95,922.8,922.85,0,0,0,1,0.9988572459025866,NY_PM,2,0.25582380347310146,day_anchor_std,server_midnight,1,0,0,0,UNCLASSIFIED,TRANSITION_UNCLASSIFIED,TRANSITION
922.55,922.55,922.35,922.35,0,0,0,1,0.9988572459025866,NY_PM,2,0.25582380347310146,day_anchor_std,server_midnight,1,0,0,0,UNCLASSIFIED,TRANSITION_UNCLASSIFIED,TRANSITION
922.3,922.3,921.95,921.95,0,0,0,1,0.9988572459025866,NY_PM,2,0.25582380347310146,day_anchor_std,server_midnight,1,0,0,0,UNCLASSIFIED,TRANSITION_UNCLASSIFIED,TRANSITION
921.85,921.85,921.85,921.85,0,0,0,1,0.9950331945611789,NY_PM,3,0.26959459459458435,day_anchor_std,server_midnight,1,0,0,0,UNCLASSIFIED,TRANSITION_UNCLASSIFIED,TRANSITION
921.95,921.95,921.95,921.95,0,0,0,1,0.9950331945611789,NY_PM,3,0.26959459459458435,day_anchor_std,server_midnight,1,0,0,0,UNCLASSIFIED,TRANSITION_UNCLASSIFIED,TRANSITION
921.75,921.95,921.65,921.65,0,0,0,1,0.9842892546455183,NY_PM,4,0.5225885225885096,day_anchor_std,server_midnight,1,0,0,0,UNCLASSIFIED,TRANSITION_UNCLASSIFIED,TRANSITION
921.45,921.45,921.45,921.45,0,0,0,1,0.9842892546455183,NY_PM,4,0.5225885225885096,day_anchor_std,server_midnight,1,0,0,0,UNCLASSIFIED,TRANSITION_UNCLASSIFIED,TRANSITION
921.55,921.55,921.45,921.45,0,0,0,1,0.9842892546455183,NY_PM,4,0.5225885225885096,day_anchor_std,server_midnight,1,0,0,0,UNCLASSIFIED,TRANSITION_UNCLASSIFIED,TRANSITION
921.55,921.55,921.15,921.45,0,0,0,1,0.9842892546455183,NY_PM,4,0.5225885225885096,day_anchor_std,server_midnight,1,0,0,0,UNCLASSIFIED,TRANSITION_UNCLASSIFIED,TRANSITION
923.05,923.05,922.95,923.05,0,0,0,1,0.9968884487684486,NY,5,0.04802744425387012,day_anchor_std,server_midnight,1,0,0,0,UNCLASSIFIED,TRANSITION_UNCLASSIFIED,TRANSITION
923.55,923.55,921.85,922.55,0,0,0,1,0.9968884487684486,NY,5,0.04802744425387012,day_anchor_std,server_midnight,1,0,0,0,UNCLASSIFIED,TRANSITION_UNCLASSIFIED,TRANSITION
922.35,922.95,921.95,922.95,0,0,0,1,0.9993563389576066,NY,6,0.6721222040371125,day_anchor_std,server_midnight,1,0,0,0,UNCLASSIFIED,TRANSITION_UNCLASSIFIED,TRANSITION
923.05,923.85,923.05,923.85,0,0,0,1,0.9993563389576066,NY,6,0.6721222040371125,day_anchor_std,server_midnight,1,0,0,0,UNCLASSIFIED,TRANSITION_UNCLASSIFIED,TRANSITION
923.65,925.65,923.65,924.35,0,0,0,1,0.9993563389576066,NY,6,0.6721222040371125,day_anchor_std,server_midnight,1,0,0,0,UNCLASSIFIED,TRANSITION_UNCLASSIFIED,TRANSITION
924.05,924.85,923.45,924.85,0,0,0,1,0.9993563389576066,NY,6,0.6721222040371125,day_anchor_std,server_midnight,1,0,0,0,UNCLASSIFIED,TRANSITION_UNCLASSIFIED,TRANSITION
927.25,929.45,927.25,928.85,0,0,0,1,0.8434777696055894,NY,1,0.22370173102526597,day_anchor_std,server_midnight,1,0,0,0,UNCLASSIFIED,TRANSITION_UNCLASSIFIED,TRANSITION
928.95,929.05,926.05,926.85,0,0,0,1,0.8434777696055894,NY,1,0.22370173102526597,day_anchor_std,server_midnight,1,0,0,0,UNCLASSIFIED,TRANSITION_UNCLASSIFIED,TRANSITION
926.95,926.95,925.5,925.6,0,0,0,1,0.9566148732289245,NY,1,1.5260770975056441,day_anchor_std,server_midnight,0,1,0,0,UNCLASSIFIED,TRANSITION_UNCLASSIFIED,TRANSITION
925.4,925.4,923.05,923.45,0,0,0,1,0.9566148732289245,NY,1,1.5260770975056441,day_anchor_std,server_midnight,0,1,0,0,UNCLASSIFIED,TRANSITION_UNCLASSIFIED,TRANSITION
923.65,924.8,923.55,924.15,0,0,0,1,0.9566148732289245,NY,1,1.5260770975056441,day_anchor_std,server_midnight,0,1,0,0,UNCLASSIFIED,TRANSITION_UNCLASSIFIED,TRANSITION
924.3,924.35,922.9,922.95,0,0,0,1,0.9566148732289245,NY,1,1.5260770975056441,day_anchor_std,server_midnight,0,1,0,0,UNCLASSIFIED,TRANSITION_UNCLASSIFIED,TRANSITION
923.4,923.5,921.85,922.35,0,0,0,1,0.8508237064732738,NY_PM,4,1.5555555555555554,day_anchor_std,server_midnight,0,1,0,0,UNCLASSIFIED,TRANSITION_UNCLASSIFIED,TRANSITION
921.95,922.35,921.45,921.55,0,0,0,1,0.8508237064732738,NY_PM,4,1.5555555555555554,day_anchor_std,server_midnight,0,1,0,0,UNCLASSIFIED,TRANSITION_UNCLASSIFIED,TRANSITION
921.65,922.05,921.65,921.95,0,0,0,1,0.8508237064732738,NY_PM,4,1.5555555555555554,day_anchor_std,server_midnight,0,1,0,0,UNCLASSIFIED,TRANSITION_UNCLASSIFIED,TRANSITION
922.05,922.65,921.95,921.95,0,0,0,1,0.8508237064732738,NY_PM,4,1.5555555555555554,day_anchor_std,server_midnight,0,1,0,0,UNCLASSIFIED,TRANSITION_UNCLASSIFIED,TRANSITION
922.15,922.25,922.15,922.25,0,0,0,0,0.7631364975790907,NY_PM,1,1.6975405546834004,day_anchor_std,server_midnight,0,0,1,0,UNCLASSIFIED,BALANCE_UNCLASSIFIED,BALANCE
922.15,922.15,921.95,921.95,0,0,0,0,0.7631364975790907,NY_PM,1,1.6975405546834004,day_anchor_std,server_midnight,0,0,1,0,UNCLASSIFIED,BALANCE_UNCLASSIFIED,BALANCE
922.0,922.0,921.6,921.6,0,0,0,0,0.7631364975790907,NY_PM,1,1.6975405546834004,day_anchor_std,server_midnight,0,0,1,0,UNCLASSIFIED,BALANCE_UNCLASSIFIED,BALANCE
921.9,921.95,921.9,921.95,0,0,0,0,0.8478805252014083,NY_PM,2,1.5049254526091833,day_anchor_std,server_midnight,0,0,1,0,UNCLASSIFIED,BALANCE_UNCLASSIFIED,BALANCE
922.05,922.05,922.05,922.05,0,0,0,0,0.8478805252014083,NY_PM,2,1.5049254526091833,day_anchor_std,server_midnight,0,0,1,0,UNCLASSIFIED,BALANCE_UNCLASSIFIED,BALANCE
921.95,921.95,921.95,921.95,0,0,0,0,0.8478805252014083,NY_PM,2,1.5049254526091833,day_anchor_std,server_midnight,0,0,1,0,UNCLASSIFIED,BALANCE_UNCLASSIFIED,BALANCE
921.75,922.35,921.55,921.95,0,0,0,0,0.7613236958120353,NY_PM,3,1.3797453703704412,day_anchor_std,server_midnight,0,0,1,0,UNCLASSIFIED,BALANCE_UNCLASSIFIED,BALANCE
922.05,922.05,921.95,921.95,0,0,0,0,0.7613236958120353,NY_PM,3,1.3797453703704412,day_anchor_std,server_midnight,0,0,1,0,UNCLASSIFIED,BALANCE_UNCLASSIFIED,BALANCE
922.05,922.05,921.95,921.95,0,0,0,0,0.7613236958120353,NY_PM,3,1.3797453703704412,day_anchor_std,server_midnight,0,0,1,0,UNCLASSIFIED,BALANCE_UNCLASSIFIED,BALANCE
922.05,922.05,921.95,922.05,0,0,0,0,0.7613236958120353,NY_PM,3,1.3797453703704412,day_anchor_std,server_midnight,0,0,1,0,UNCLASSIFIED,BALANCE_UNCLASSIFIED,BALANCE
915.7,916.85,915.7,916.65,0,0,0,1,0.9945157866397643,NY,1,0.3829966329966484,day_anchor_std,server_midnight,1,0,0,0,UNCLASSIFIED,TRANSITION_UNCLASSIFIED,TRANSITION
916.85,917.1,913.65,913.75,0,0,0,1,0.9945157866397643,NY,1,0.3829966329966484,day_anchor_std,server_midnight,1,0,0,0,UNCLASSIFIED,TRANSITION_UNCLASSIFIED,TRANSITION
910.25,911.05,910.05,911.05,0,0,0,1,0.9997971051233936,NY,5,1.2546649145860989,day_anchor_std,server_midnight,0,1,0,0,TRANSITION_NOISY,TRANSITION_NOISY,TRANSITION
910.85,911.05,909.65,909.95,0,0,0,1,0.9997971051233936,NY,5,1.2546649145860989,day_anchor_std,server_midnight,0,1,0,0,TRANSITION_NOISY,TRANSITION_NOISY,TRANSITION
909.9,910.85,909.85,910.85,0,0,0,1,0.9997971051233936,NY,5,1.2546649145860989,day_anchor_std,server_midnight,0,1,0,0,TRANSITION_NOISY,TRANSITION_NOISY,TRANSITION
910.45,910.75,909.05,909.25,0,0,0,1,0.9997971051233936,NY,5,1.2546649145860989,day_anchor_std,server_midnight,0,1,0,0,TRANSITION_NOISY,TRANSITION_NOISY,TRANSITION
909.15,909.45,908.45,909.45,0,0,0,2,0.992425829722181,NY_PM,1,1.0547218432620713,day_anchor_std,server_midnight,0,0,0,1,TREND_STRONG,TREND_STRONG,TREND
909.55,910.45,909.55,910.35,0,0,0,2,0.992425829722181,NY_PM,1,1.0547218432620713,day_anchor_std,server_midnight,0,0,0,1,TREND_STRONG,TREND_STRONG,TREND
910.45,910.45,909.85,910.25,0,0,0,2,0.992425829722181,NY_PM,1,1.0547218432620713,day_anchor_std,server_midnight,0,0,0,1,TREND_STRONG,TREND_STRONG,TREND
910.35,910.35,909.45,909.75,0,0,0,2,0.992425829722181,NY_PM,1,1.0547218432620713,day_anchor_std,server_midnight,0,0,0,1,TREND_STRONG,TREND_STRONG,TREND
909.8,909.95,908.95,909.55,0,0,0,2,0.9993452445505212,NY_PM,2,1.177873152122064,day_anchor_std,server_midnight,0,0,0,1,TREND_STRONG,TREND_STRONG,TREND
909.25,909.25,908.95,908.95,0,0,0,2,0.9993452445505212,NY_PM,2,1.177873152122064,day_anchor_std,server_midnight,0,0,0,1,TREND_STRONG,TREND_STRONG,TREND
909.15,909.35,909.15,909.35,0,0,0,2,0.9993452445505212,NY_PM,2,1.177873152122064,day_anchor_std,server_midnight,0,0,0,1,TREND_STRONG,TREND_STRONG,TREND
909.45,909.45,909.45,909.45,0,0,0,2,0.9993452445505212,NY_PM,2,1.177873152122064,day_anchor_std,server_midnight,0,0,0,1,TREND_STRONG,TREND_STRONG,TREND
908.95,908.95,908.95,908.95,0,0,0,2,0.994343251330181,NY_PM,3,1.4370370370370944,day_anchor_std,server_midnight,0,0,0,1,TREND_STRONG,TREND_STRONG,TREND
909.05,909.05,908.95,908.95,0,0,0,2,0.994343251330181,NY_PM,3,1.4370370370370944,day_anchor_std,server_midnight,0,0,0,1,TREND_STRONG,TREND_STRONG,TREND
908.75,908.75,908.75,908.75,0,0,0,2,0.994343251330181,NY_PM,3,1.4370370370370944,day_anchor_std,server_midnight,0,0,0,1,TREND_STRONG,TREND_STRONG,TREND
909.05,909.2,909.05,909.05,0,0,0,2,0.994343251330181,NY_PM,3,1.4370370370370944,day_anchor_std,server_midnight,0,0,0,1,TREND_STRONG,TREND_STRONG,TREND
909.35,909.35,908.75,908.75,0,0,0,2,0.9988987865606995,NY_PM,4,1.6155853840418002,day_anchor_std,server_midnight,0,0,0,1,TREND_STRONG,TREND_STRONG,TREND
908.8,908.8,908.65,908.65,0,0,0,2,0.9988987865606995,NY_PM,4,1.6155853840418002,day_anchor_std,server_midnight,0,0,0,1,TREND_STRONG,TREND_STRONG,TREND
908.75,908.75,908.65,908.75,0,0,0,2,0.9988987865606995,NY_PM,4,1.6155853840418002,day_anchor_std,server_midnight,0,0,0,1,TREND_STRONG,TREND_STRONG,TREND
909.45,910.15,908.75,909.55,0,0,0,1,0.9834972818444113,NY,1,0.038333333333366304,day_anchor_std,server_midnight,1,0,0,0,UNCLASSIFIED,TRANSITION_UNCLASSIFIED,TRANSITION
909.95,910.55,909.65,910.55,0,0,0,1,0.9834972818444113,NY,1,0.038333333333366304,day_anchor_std,server_midnight,1,0,0,0,UNCLASSIFIED,TRANSITION_UNCLASSIFIED,TRANSITION
910.65,910.65,909.55,910.35,0,0,0,1,0.9834972818444113,NY,1,0.038333333333366304,day_anchor_std,server_midnight,1,0,0,0,UNCLASSIFIED,TRANSITION_UNCLASSIFIED,TRANSITION
910.45,911.45,910.45,911.15,0,0,0,1,0.9834972818444113,NY,1,0.038333333333366304,day_anchor_std,server_midnight,1,0,0,0,UNCLASSIFIED,TRANSITION_UNCLASSIFIED,TRANSITION
911.2,912.75,911.15,912.55,0,0,0,1,0.9956217095777808,NY,2,0.6715447154470987,day_anchor_std,server_midnight,1,0,0,0,UNCLASSIFIED,TRANSITION_UNCLASSIFIED,TRANSITION
912.75,913.85,912.2,912.25,0,0,0,1,0.9956217095777808,NY,2,0.6715447154470987,day_anchor_std,server_midnight,1,0,0,0,UNCLASSIFIED,TRANSITION_UNCLASSIFIED,TRANSITION
912.15,912.65,912.15,912.5,0,0,0,1,0.9956217095777808,NY,2,0.6715447154470987,day_anchor_std,server_midnight,1,0,0,0,UNCLASSIFIED,TRANSITION_UNCLASSIFIED,TRANSITION
912.0,913.15,911.15,913.15,0,0,0,1,0.9956217095777808,NY,2,0.6715447154470987,day_anchor_std,server_midnight,1,0,0,0,UNCLASSIFIED,TRANSITION_UNCLASSIFIED,TRANSITION
913.25,913.3,912.45,912.45,0,0,0,1,0.998033417232177,NY_PM,3,0.02876027152548433,day_anchor_std,server_midnight,1,0,0,0,UNCLASSIFIED,TRANSITION_UNCLASSIFIED,TRANSITION
912.55,912.6,911.65,912.5,0,0,0,1,0.998033417232177,NY_PM,3,0.02876027152548433,day_anchor_std,server_midnight,1,0,0,0,UNCLASSIFIED,TRANSITION_UNCLASSIFIED,TRANSITION
912.6,914.05,912.6,913.65,0,0,0,1,0.998033417232177,NY_PM,3,0.02876027152548433,day_anchor_std,server_midnight,1,0,0,0,UNCLASSIFIED,TRANSITION_UNCLASSIFIED,TRANSITION
913.55,913.55,911.45,911.45,0,0,0,1,0.998033417232177,NY_PM,3,0.02876027152548433,day_anchor_std,server_midnight,1,0,0,0,UNCLASSIFIED,TRANSITION_UNCLASSIFIED,TRANSITION
911.55,911.95,911.55,911.95,0,0,0,1,0.9991265266903346,NY_PM,4,0.2572898799313563,day_anchor_std,server_midnight,1,0,0,0,UNCLASSIFIED,TRANSITION_UNCLASSIFIED,TRANSITION
912.25,912.75,912.25,912.75,0,0,0,1,0.9991265266903346,NY_PM,4,0.2572898799313563,day_anchor_std,server_midnight,1,0,0,0,UNCLASSIFIED,TRANSITION_UNCLASSIFIED,TRANSITION
912.45,912.45,912.35,912.35,0,0,0,1,0.9991265266903346,NY_PM,4,0.2572898799313563,day_anchor_std,server_midnight,1,0,0,0,UNCLASSIFIED,TRANSITION_UNCLASSIFIED,TRANSITION
911.95,911.95,911.95,911.95,0,0,0,1,0.9991265266903346,NY_PM,4,0.2572898799313563,day_anchor_std,server_midnight,1,0,0,0,UNCLASSIFIED,TRANSITION_UNCLASSIFIED,TRANSITION
912.05,912.25,912.05,912.25,0,0,0,1,0.9162292211874814,NY_PM,5,0.6558500914076167,day_anchor_std,server_midnight,1,0,0,0,UNCLASSIFIED,TRANSITION_UNCLASSIFIED,TRANSITION
912.45,912.45,912.45,912.45,0,0,0,1,0.9162292211874814,NY_PM,5,0.6558500914076167,day_anchor_std,server_midnight,1,0,0,0,UNCLASSIFIED,TRANSITION_UNCLASSIFIED,TRANSITION
912.75,912.75,912.75,912.75,0,0,0,1,0.9162292211874814,NY_PM,5,0.6558500914076167,day_anchor_std,server_midnight,1,0,0,0,UNCLASSIFIED,TRANSITION_UNCLASSIFIED,TRANSITION
913.05,913.15,912.95,912.95,0,0,0,1,0.7477810505788475,NY_PM,6,0.7843734145103222,day_anchor_std,server_midnight,1,0,0,0,UNCLASSIFIED,TRANSITION_UNCLASSIFIED,TRANSITION
912.75,912.85,912.75,912.85,0,0,0,1,0.7477810505788475,NY_PM,6,0.7843734145103222,day_anchor_std,server_midnight,1,0,0,0,UNCLASSIFIED,TRANSITION_UNCLASSIFIED,TRANSITION
912.8,912.95,912.8,912.95,0,0,0,1,0.7477810505788475,NY_PM,6,0.7843734145103222,day_anchor_std,server_midnight,1,0,0,0,UNCLASSIFIED,TRANSITION_UNCLASSIFIED,TRANSITION
905.05,905.6,904.9,904.9,0,0,0,1,0.9990237192963148,NY,7,0.035514967021832336,day_anchor_std,server_midnight,1,0,0,0,UNCLASSIFIED,TRANSITION_UNCLASSIFIED,TRANSITION
904.95,905.25,903.65,904.5,0,0,0,1,0.9990237192963148,NY,7,0.035514967021832336,day_anchor_std,server_midnight,1,0,0,0,UNCLASSIFIED,TRANSITION_UNCLASSIFIED,TRANSITION
904.45,904.45,901.45,901.85,0,0,0,1,0.9991373082612641,NY,8,0.7966666666667126,day_anchor_std,server_midnight,1,0,0,0,UNCLASSIFIED,TRANSITION_UNCLASSIFIED,TRANSITION
902.05,902.75,901.85,902.05,0,0,0,1,0.9991373082612641,NY,8,0.7966666666667126,day_anchor_std,server_midnight,1,0,0,0,UNCLASSIFIED,TRANSITION_UNCLASSIFIED,TRANSITION
902.35,903.75,901.95,902.75,0,0,0,1,0.9991373082612641,NY,8,0.7966666666667126,day_anchor_std,server_midnight,1,0,0,0,UNCLASSIFIED,TRANSITION_UNCLASSIFIED,TRANSITION
902.55,902.55,900.35,901.55,0,0,0,1,0.9991373082612641,NY,8,0.7966666666667126,day_anchor_std,server_midnight,1,0,0,0,UNCLASSIFIED,TRANSITION_UNCLASSIFIED,TRANSITION
901.65,902.75,900.65,902.35,0,0,0,1,0.9988786041889925,NY,9,0.7219152854511969,day_anchor_std,server_midnight,1,0,0,0,TRANSITION_NOISY,TRANSITION_NOISY,TRANSITION
902.15,902.55,901.25,901.85,0,0,0,1,0.9988786041889925,NY,9,0.7219152854511969,day_anchor_std,server_midnight,1,0,0,0,TRANSITION_NOISY,TRANSITION_NOISY,TRANSITION
901.75,901.95,900.55,901.3,0,0,0,1,0.9988786041889925,NY,9,0.7219152854511969,day_anchor_std,server_midnight,1,0,0,0,TRANSITION_NOISY,TRANSITION_NOISY,TRANSITION
901.1,902.15,900.75,901.3,0,0,0,1,0.9988786041889925,NY,9,0.7219152854511969,day_anchor_std,server_midnight,1,0,0,0,TRANSITION_NOISY,TRANSITION_NOISY,TRANSITION
901.2,902.0,900.55,901.05,0,0,0,1,0.9994180504202407,NY,10,1.5918453131567822,day_anchor_std,server_midnight,0,1,0,0,TRANSITION_NOISY,TRANSITION_NOISY,TRANSITION
900.75,902.15,900.75,901.75,0,0,0,1,0.9994180504202407,NY,10,1.5918453131567822,day_anchor_std,server_midnight,0,1,0,0,TRANSITION_NOISY,TRANSITION_NOISY,TRANSITION
901.55,901.7,901.25,901.45,0,0,0,1,0.9994180504202407,NY,10,1.5918453131567822,day_anchor_std,server_midnight,0,1,0,0,TRANSITION_NOISY,TRANSITION_NOISY,TRANSITION
901.35,901.45,898.0,898.0,0,0,0,1,0.9994180504202407,NY,10,1.5918453131567822,day_anchor_std,server_midnight,0,1,0,0,TRANSITION_NOISY,TRANSITION_NOISY,TRANSITION
898.05,899.25,897.75,898.4,0,0,0,1,0.9986780551944596,NY,11,1.9373088685015183,day_anchor_std,server_midnight,0,1,0,0,TRANSITION_NOISY,TRANSITION_NOISY,TRANSITION
898.35,898.55,894.95,895.3,0,0,0,1,0.9986780551944596,NY,11,1.9373088685015183,day_anchor_std,server_midnight,0,1,0,0,TRANSITION_NOISY,TRANSITION_NOISY,TRANSITION
894.9,896.85,894.6,895.3,0,0,0,1,0.9986780551944596,NY,11,1.9373088685015183,day_anchor_std,server_midnight,0,1,0,0,TRANSITION_NOISY,TRANSITION_NOISY,TRANSITION
895.5,896.75,894.95,895.7,0,0,0,1,0.9986780551944596,NY,11,1.9373088685015183,day_anchor_std,server_midnight,0,1,0,0,TRANSITION_NOISY,TRANSITION_NOISY,TRANSITION
895.65,897.95,895.55,897.95,0,0,0,1,0.9954972978463017,NY_PM,12,0.5550622764829327,day_anchor_std,server_midnight,1,0,0,0,TRANSITION_NOISY,TRANSITION_NOISY,TRANSITION
898.05,898.55,896.95,897.35,0,0,0,1,0.9954972978463017,NY_PM,12,0.5550622764829327,day_anchor_std,server_midnight,1,0,0,0,TRANSITION_NOISY,TRANSITION_NOISY,TRANSITION
897.55,899.05,897.45,899.05,0,0,0,1,0.9954972978463017,NY_PM,12,0.5550622764829327,day_anchor_std,server_midnight,1,0,0,0,TRANSITION_NOISY,TRANSITION_NOISY,TRANSITION
899.05,899.95,899.0,899.65,0,0,0,1,0.9954972978463017,NY_PM,12,0.5550622764829327,day_anchor_std,server_midnight,1,0,0,0,TRANSITION_NOISY,TRANSITION_NOISY,TRANSITION
899.75,899.85,898.95,898.95,0,0,0,2,0.9623506146179351,NY_PM,1,0.13482309124770206,day_anchor_std,server_midnight,0,0,0,1,TREND_FRAGILE,TREND_FRAGILE,TREND
899.15,899.45,899.15,899.45,0,0,0,2,0.9623506146179351,NY_PM,1,0.13482309124770206,day_anchor_std,server_midnight,0,0,0,1,TREND_FRAGILE,TREND_FRAGILE,TREND
899.55,900.95,899.55,900.85,0,0,0,2,0.9623506146179351,NY_PM,1,0.13482309124770206,day_anchor_std,server_midnight,0,0,0,1,TREND_FRAGILE,TREND_FRAGILE,TREND
900.45,900.45,900.45,900.45,0,0,0,1,0.9686044627786171,NY_PM,1,0.23347272003188502,day_anchor_std,server_midnight,1,0,0,0,TRANSITION_NOISY,TRANSITION_NOISY,TRANSITION
900.35,900.45,900.35,900.45,0,0,0,1,0.9686044627786171,NY_PM,1,0.23347272003188502,day_anchor_std,server_midnight,1,0,0,0,TRANSITION_NOISY,TRANSITION_NOISY,TRANSITION
900.25,900.25,899.75,899.75,0,0,0,1,0.9989174281215016,NY_PM,2,0.3779915423579273,day_anchor_std,server_midnight,1,0,0,0,TRANSITION_NOISY,TRANSITION_NOISY,TRANSITION
899.95,900.25,899.95,900.25,0,0,0,1,0.9989174281215016,NY_PM,2,0.3779915423579273,day_anchor_std,server_midnight,1,0,0,0,TRANSITION_NOISY,TRANSITION_NOISY,TRANSITION
900.35,900.45,900.35,900.45,0,0,0,1,0.9989174281215016,NY_PM,2,0.3779915423579273,day_anchor_std,server_midnight,1,0,0,0,TRANSITION_NOISY,TRANSITION_NOISY,TRANSITION
900.15,900.25,899.95,899.95,0,0,0,1,0.9989174281215016,NY_PM,2,0.3779915423579273,day_anchor_std,server_midnight,1,0,0,0,TRANSITION_NOISY,TRANSITION_NOISY,TRANSITION
899.95,900.55,899.95,900.55,0,0,0,1,0.9852753806097141,NY,3,0.4018040180401676,day_anchor_std,server_midnight,1,0,0,0,TRANSITION_NOISY,TRANSITION_NOISY,TRANSITION
900.65,900.65,897.15,897.15,0,0,0,1,0.9852753806097141,NY,3,0.4018040180401676,day_anchor_std,server_midnight,1,0,0,0,TRANSITION_NOISY,TRANSITION_NOISY,TRANSITION
893.55,895.25,892.95,895.05,0,0,0,1,0.9946808582857005,NY,1,0.31259118300033467,day_anchor_std,server_midnight,1,0,0,0,UNCLASSIFIED,TRANSITION_UNCLASSIFIED,TRANSITION
895.25,898.25,895.25,897.95,0,0,0,1,0.9946808582857005,NY,1,0.31259118300033467,day_anchor_std,server_midnight,1,0,0,0,UNCLASSIFIED,TRANSITION_UNCLASSIFIED,TRANSITION
897.85,898.55,896.75,897.95,0,0,0,1,0.9946808582857005,NY,1,0.31259118300033467,day_anchor_std,server_midnight,1,0,0,0,UNCLASSIFIED,TRANSITION_UNCLASSIFIED,TRANSITION
898.05,898.55,897.45,897.45,0,0,0,1,0.9946808582857005,NY,1,0.31259118300033467,day_anchor_std,server_midnight,1,0,0,0,UNCLASSIFIED,TRANSITION_UNCLASSIFIED,TRANSITION
897.55,899.45,897.55,899.15,0,0,0,1,0.9958690644178664,NY_PM,2,0.7854113655640631,day_anchor_std,server_midnight,1,0,0,0,UNCLASSIFIED,TRANSITION_UNCLASSIFIED,TRANSITION
898.95,900.05,898.95,899.75,0,0,0,1,0.9958690644178664,NY_PM,2,0.7854113655640631,day_anchor_std,server_midnight,1,0,0,0,UNCLASSIFIED,TRANSITION_UNCLASSIFIED,TRANSITION
899.65,899.75,898.85,899.75,0,0,0,1,0.9958690644178664,NY_PM,2,0.7854113655640631,day_anchor_std,server_midnight,1,0,0,0,UNCLASSIFIED,TRANSITION_UNCLASSIFIED,TRANSITION
899.65,899.65,898.95,898.95,0,0,0,1,0.9958690644178664,NY_PM,2,0.7854113655640631,day_anchor_std,server_midnight,1,0,0,0,UNCLASSIFIED,TRANSITION_UNCLASSIFIED,TRANSITION
899.25,899.65,899.25,899.45,0,0,0,1,0.9915654121313808,NY_PM,3,0.6604506604506961,day_anchor_std,server_midnight,1,0,0,0,UNCLASSIFIED,TRANSITION_UNCLASSIFIED,TRANSITION
899.65,899.65,899.45,899.45,0,0,0,1,0.9915654121313808,NY_PM,3,0.6604506604506961,day_anchor_std,server_midnight,1,0,0,0,UNCLASSIFIED,TRANSITION_UNCLASSIFIED,TRANSITION
898.95,898.95,898.45,898.45,0,0,0,1,0.9915654121313808,NY_PM,3,0.6604506604506961,day_anchor_std,server_midnight,1,0,0,0,UNCLASSIFIED,TRANSITION_UNCLASSIFIED,TRANSITION
896.45,897.8,896.45,897.8,0,0,0,1,0.998836775214281,NY_PM,1,0.4142857142856636,day_anchor_std,server_midnight,1,0,0,0,UNCLASSIFIED,TRANSITION_UNCLASSIFIED,TRANSITION
897.75,898.15,897.55,898.15,0,0,0,1,0.998836775214281,NY_PM,1,0.4142857142856636,day_anchor_std,server_midnight,1,0,0,0,UNCLASSIFIED,TRANSITION_UNCLASSIFIED,TRANSITION
898.25,898.25,898.25,898.25,0,0,0,1,0.998836775214281,NY_PM,1,0.4142857142856636,day_anchor_std,server_midnight,1,0,0,0,UNCLASSIFIED,TRANSITION_UNCLASSIFIED,TRANSITION
898.15,898.15,898.15,898.15,0,0,0,1,0.998836775214281,NY_PM,1,0.4142857142856636,day_anchor_std,server_midnight,1,0,0,0,UNCLASSIFIED,TRANSITION_UNCLASSIFIED,TRANSITION
898.05,898.05,898.05,898.05,0,0,0,1,0.995710877485929,NY_PM,2,0.6758304696448676,day_anchor_std,server_midnight,1,0,0,0,UNCLASSIFIED,TRANSITION_UNCLASSIFIED,TRANSITION
898.45,898.75,898.45,898.75,0,0,0,1,0.995710877485929,NY_PM,2,0.6758304696448676,day_anchor_std,server_midnight,1,0,0,0,UNCLASSIFIED,TRANSITION_UNCLASSIFIED,TRANSITION
898.65,898.75,898.65,898.75,0,0,0,1,0.995710877485929,NY_PM,2,0.6758304696448676,day_anchor_std,server_midnight,1,0,0,0,UNCLASSIFIED,TRANSITION_UNCLASSIFIED,TRANSITION
903.25,903.25,902.45,902.55,0,0,0,1,0.7904598897495695,NY,3,0.21587301587303673,day_anchor_std,server_midnight,1,0,0,0,UNCLASSIFIED,TRANSITION_UNCLASSIFIED,TRANSITION
902.45,903.95,902.25,903.95,0,0,0,1,0.7904598897495695,NY,3,0.21587301587303673,day_anchor_std,server_midnight,1,0,0,0,UNCLASSIFIED,TRANSITION_UNCLASSIFIED,TRANSITION
899.3,899.35,897.75,898.2,0,0,0,1,0.999229548689806,NY,5,0.16489988221433216,day_anchor_std,server_midnight,1,0,0,0,UNCLASSIFIED,TRANSITION_UNCLASSIFIED,TRANSITION
897.9,898.4,895.45,896.85,0,0,0,1,0.999229548689806,NY,5,0.16489988221433216,day_anchor_std,server_midnight,1,0,0,0,UNCLASSIFIED,TRANSITION_UNCLASSIFIED,TRANSITION
896.8,903.55,896.65,903.45,0,0,0,1,0.999229548689806,NY,5,0.16489988221433216,day_anchor_std,server_midnight,1,0,0,0,UNCLASSIFIED,TRANSITION_UNCLASSIFIED,TRANSITION
903.35,904.25,901.95,902.05,0,0,0,1,0.999229548689806,NY,5,0.16489988221433216,day_anchor_std,server_midnight,1,0,0,0,UNCLASSIFIED,TRANSITION_UNCLASSIFIED,TRANSITION
899.55,901.65,899.5,899.75,0,0,0,1,0.9979231418963164,NY,1,0.34629629629629655,day_anchor_std,server_midnight,1,0,0,0,UNCLASSIFIED,TRANSITION_UNCLASSIFIED,TRANSITION
899.95,901.2,898.6,900.45,0,0,0,1,0.9979231418963164,NY,1,0.34629629629629655,day_anchor_std,server_midnight,1,0,0,0,UNCLASSIFIED,TRANSITION_UNCLASSIFIED,TRANSITION
900.6,902.95,899.95,902.65,0,0,0,1,0.9979231418963164,NY,1,0.34629629629629655,day_anchor_std,server_midnight,1,0,0,0,UNCLASSIFIED,TRANSITION_UNCLASSIFIED,TRANSITION
903.15,903.55,902.25,902.25,0,0,0,1,0.9979231418963164,NY,1,0.34629629629629655,day_anchor_std,server_midnight,1,0,0,0,UNCLASSIFIED,TRANSITION_UNCLASSIFIED,TRANSITION
902.35,902.55,900.4,901.15,0,0,0,1,0.7950970294657249,NY_PM,2,0.34497569797671473,day_anchor_std,server_midnight,1,0,0,0,TRANSITION_NOISY,TRANSITION_NOISY,TRANSITION
901.25,901.9,901.2,901.65,0,0,0,1,0.7950970294657249,NY_PM,2,0.34497569797671473,day_anchor_std,server_midnight,1,0,0,0,TRANSITION_NOISY,TRANSITION_NOISY,TRANSITION
901.75,901.75,901.05,901.25,0,0,0,1,0.7950970294657249,NY_PM,2,0.34497569797671473,day_anchor_std,server_midnight,1,0,0,0,TRANSITION_NOISY,TRANSITION_NOISY,TRANSITION
901.45,902.25,901.15,902.15,0,0,0,1,0.7950970294657249,NY_PM,2,0.34497569797671473,day_anchor_std,server_midnight,1,0,0,0,TRANSITION_NOISY,TRANSITION_NOISY,TRANSITION
904.15,904.15,903.85,903.85,0,0,0,1,0.7789721229852633,NY_PM,5,0.7131674261011809,day_anchor_std,server_midnight,1,0,0,0,TRANSITION_NOISY,TRANSITION_NOISY,TRANSITION
903.65,903.85,903.65,903.85,0,0,0,1,0.7789721229852633,NY_PM,5,0.7131674261011809,day_anchor_std,server_midnight,1,0,0,0,TRANSITION_NOISY,TRANSITION_NOISY,TRANSITION
903.75,903.85,903.55,903.85,0,0,0,1,0.7789721229852633,NY_PM,5,0.7131674261011809,day_anchor_std,server_midnight,1,0,0,0,TRANSITION_NOISY,TRANSITION_NOISY,TRANSITION
901.3,901.3,900.6,900.65,0,0,0,1,0.3718140040876313,NY,6,0.21966527196656122,day_anchor_std,server_midnight,1,0,0,0,TRANSITION_NOISY,TRANSITION_NOISY,TRANSITION
900.85,903.25,900.75,903.05,0,0,0,1,0.3718140040876313,NY,6,0.21966527196656122,day_anchor_std,server_midnight,1,0,0,0,TRANSITION_NOISY,TRANSITION_NOISY,TRANSITION
903.1,903.15,901.45,902.85,0,0,0,1,0.6508484066147632,NY,7,0.3208628244017831,day_anchor_std,server_midnight,1,0,0,0,TRANSITION_NOISY,TRANSITION_NOISY,TRANSITION
903.15,904.85,902.65,903.45,0,0,0,1,0.6508484066147632,NY,7,0.3208628244017831,day_anchor_std,server_midnight,1,0,0,0,TRANSITION_NOISY,TRANSITION_NOISY,TRANSITION
903.55,904.75,903.55,904.05,0,0,0,1,0.6508484066147632,NY,7,0.3208628244017831,day_anchor_std,server_midnight,1,0,0,0,TRANSITION_NOISY,TRANSITION_NOISY,TRANSITION
903.95,904.95,903.75,903.85,0,0,0,1,0.6508484066147632,NY,7,0.3208628244017831,day_anchor_std,server_midnight,1,0,0,0,TRANSITION_NOISY,TRANSITION_NOISY,TRANSITION
907.0,908.65,907.0,908.55,0,0,0,1,0.9974014201592244,NY,9,1.7561295971979034,day_anchor_std,server_midnight,0,1,0,0,UNCLASSIFIED,TRANSITION_UNCLASSIFIED,TRANSITION
908.65,910.85,908.55,910.45,0,0,0,1,0.9974014201592244,NY,9,1.7561295971979034,day_anchor_std,server_midnight,0,1,0,0,UNCLASSIFIED,TRANSITION_UNCLASSIFIED,TRANSITION
910.35,911.65,910.35,911.55,0,0,0,1,0.9974014201592244,NY,9,1.7561295971979034,day_anchor_std,server_midnight,0,1,0,0,UNCLASSIFIED,TRANSITION_UNCLASSIFIED,TRANSITION
911.15,912.95,910.75,911.85,0,0,0,1,0.9974014201592244,NY,9,1.7561295971979034,day_anchor_std,server_midnight,0,1,0,0,UNCLASSIFIED,TRANSITION_UNCLASSIFIED,TRANSITION
911.95,912.55,910.95,910.95,0,0,0,1,0.9971470392582936,NY,10,1.5880124399208253,day_anchor_std,server_midnight,0,1,0,0,TRANSITION_NOISY,TRANSITION_NOISY,TRANSITION
911.15,911.85,910.35,911.35,0,0,0,1,0.9971470392582936,NY,10,1.5880124399208253,day_anchor_std,server_midnight,0,1,0,0,TRANSITION_NOISY,TRANSITION_NOISY,TRANSITION
911.45,912.9,910.95,912.25,0,0,0,1,0.9971470392582936,NY,10,1.5880124399208253,day_anchor_std,server_midnight,0,1,0,0,TRANSITION_NOISY,TRANSITION_NOISY,TRANSITION
912.35,912.7,911.75,912.15,0,0,0,1,0.9971470392582936,NY,10,1.5880124399208253,day_anchor_std,server_midnight,0,1,0,0,TRANSITION_NOISY,TRANSITION_NOISY,TRANSITION
912.25,912.85,911.7,911.7,0,0,0,1,0.9983569118651344,NY_PM,11,1.411701081612554,day_anchor_std,server_midnight,0,1,0,0,TRANSITION_NOISY,TRANSITION_NOISY,TRANSITION
911.65,911.75,910.25,911.25,0,0,0,1,0.9983569118651344,NY_PM,11,1.411701081612554,day_anchor_std,server_midnight,0,1,0,0,TRANSITION_NOISY,TRANSITION_NOISY,TRANSITION
911.15,911.25,910.1,911.05,0,0,0,1,0.9983569118651344,NY_PM,11,1.411701081612554,day_anchor_std,server_midnight,0,1,0,0,TRANSITION_NOISY,TRANSITION_NOISY,TRANSITION
910.45,911.7,910.25,911.65,0,0,0,1,0.9983569118651344,NY_PM,11,1.411701081612554,day_anchor_std,server_midnight,0,1,0,0,TRANSITION_NOISY,TRANSITION_NOISY,TRANSITION
910.25,910.25,910.25,910.25,0,0,0,1,0.997385918649175,NY_PM,12,1.2371364653243653,day_anchor_std,server_midnight,0,1,0,0,TRANSITION_NOISY,TRANSITION_NOISY,TRANSITION
910.45,910.65,910.45,910.65,0,0,0,1,0.997385918649175,NY_PM,12,1.2371364653243653,day_anchor_std,server_midnight,0,1,0,0,TRANSITION_NOISY,TRANSITION_NOISY,TRANSITION
910.45,910.45,910.4,910.4,0,0,0,1,0.997385918649175,NY_PM,12,1.2371364653243653,day_anchor_std,server_midnight,0,1,0,0,TRANSITION_NOISY,TRANSITION_NOISY,TRANSITION
910.25,910.25,910.15,910.25,0,0,0,1,0.9526308191433237,NY_PM,12,1.291489264295175,day_anchor_std,server_midnight,0,1,0,0,UNCLASSIFIED,TRANSITION_UNCLASSIFIED,TRANSITION
910.05,910.05,909.85,909.85,0,0,0,1,0.9526308191433237,NY_PM,12,1.291489264295175,day_anchor_std,server_midnight,0,1,0,0,UNCLASSIFIED,TRANSITION_UNCLASSIFIED,TRANSITION
909.75,909.85,909.75,909.85,0,0,0,1,0.9526308191433237,NY_PM,12,1.291489264295175,day_anchor_std,server_midnight,0,1,0,0,UNCLASSIFIED,TRANSITION_UNCLASSIFIED,TRANSITION
910.35,910.35,910.35,910.35,0,0,0,1,0.9526308191433237,NY_PM,12,1.291489264295175,day_anchor_std,server_midnight,0,1,0,0,UNCLASSIFIED,TRANSITION_UNCLASSIFIED,TRANSITION
915.95,916.25,915.95,916.25,0,0,0,1,0.9993537131469499,NY,12,0.10517991300911218,day_anchor_std,server_midnight,1,0,0,0,UNCLASSIFIED,TRANSITION_UNCLASSIFIED,TRANSITION
916.15,917.0,915.95,916.95,0,0,0,1,0.9993537131469499,NY,12,0.10517991300911218,day_anchor_std,server_midnight,1,0,0,0,UNCLASSIFIED,TRANSITION_UNCLASSIFIED,TRANSITION
916.65,918.55,916.45,917.95,0,0,0,1,0.9988933036706015,NY,12,0.724588938714484,day_anchor_std,server_midnight,1,0,0,0,UNCLASSIFIED,TRANSITION_UNCLASSIFIED,TRANSITION
918.0,921.05,917.45,919.45,0,0,0,1,0.9988933036706015,NY,12,0.724588938714484,day_anchor_std,server_midnight,1,0,0,0,UNCLASSIFIED,TRANSITION_UNCLASSIFIED,TRANSITION
919.15,920.25,918.65,919.25,0,0,0,1,0.9988933036706015,NY,12,0.724588938714484,day_anchor_std,server_midnight,1,0,0,0,UNCLASSIFIED,TRANSITION_UNCLASSIFIED,TRANSITION
919.35,920.55,919.15,920.15,0,0,0,1,0.9988933036706015,NY,12,0.724588938714484,day_anchor_std,server_midnight,1,0,0,0,UNCLASSIFIED,TRANSITION_UNCLASSIFIED,TRANSITION
920.2,920.85,919.25,919.3,0,0,0,1,0.9997643082155179,NY,12,0.15921568627447777,day_anchor_std,server_midnight,1,0,0,0,TRANSITION_NOISY,TRANSITION_NOISY,TRANSITION
919.35,919.95,919.1,919.1,0,0,0,1,0.9997643082155179,NY,12,0.15921568627447777,day_anchor_std,server_midnight,1,0,0,0,TRANSITION_NOISY,TRANSITION_NOISY,TRANSITION
919.05,919.05,917.6,918.55,0,0,0,1,0.9997643082155179,NY,12,0.15921568627447777,day_anchor_std,server_midnight,1,0,0,0,TRANSITION_NOISY,TRANSITION_NOISY,TRANSITION
918.65,918.85,917.45,918.55,0,0,0,1,0.9997643082155179,NY,12,0.15921568627447777,day_anchor_std,server_midnight,1,0,0,0,TRANSITION_NOISY,TRANSITION_NOISY,TRANSITION
918.95,919.95,917.75,918.55,0,0,0,1,0.9997890540058412,NY,12,0.39687975646876406,day_anchor_std,server_midnight,1,0,0,0,TRANSITION_NOISY,TRANSITION_NOISY,TRANSITION
918.25,919.55,917.95,917.95,0,0,0,1,0.9997890540058412,NY,12,0.39687975646876406,day_anchor_std,server_midnight,1,0,0,0,TRANSITION_NOISY,TRANSITION_NOISY,TRANSITION
918.15,920.15,917.55,919.45,0,0,0,1,0.9997890540058412,NY,12,0.39687975646876406,day_anchor_std,server_midnight,1,0,0,0,TRANSITION_NOISY,TRANSITION_NOISY,TRANSITION
919.55,920.35,919.1,919.5,0,0,0,1,0.9997890540058412,NY,12,0.39687975646876406,day_anchor_std,server_midnight,1,0,0,0,TRANSITION_NOISY,TRANSITION_NOISY,TRANSITION
919.55,920.55,919.25,919.85,0,0,0,1,0.9983330505895441,NY,12,0.5818181818181704,day_anchor_std,server_midnight,1,0,0,0,TRANSITION_NOISY,TRANSITION_NOISY,TRANSITION
919.65,921.55,919.65,921.55,0,0,0,1,0.9983330505895441,NY,12,0.5818181818181704,day_anchor_std,server_midnight,1,0,0,0,TRANSITION_NOISY,TRANSITION_NOISY,TRANSITION
921.45,922.45,921.25,921.55,0,0,0,1,0.9983330505895441,NY,12,0.5818181818181704,day_anchor_std,server_midnight,1,0,0,0,TRANSITION_NOISY,TRANSITION_NOISY,TRANSITION
921.45,921.55,920.25,920.45,0,0,0,1,0.9983330505895441,NY,12,0.5818181818181704,day_anchor_std,server_midnight,1,0,0,0,TRANSITION_NOISY,TRANSITION_NOISY,TRANSITION
920.5,921.35,920.0,920.05,0,0,0,1,0.999717797255725,NY_PM,12,0.040535649656134,day_anchor_std,server_midnight,1,0,0,0,TRANSITION_NOISY,TRANSITION_NOISY,TRANSITION
919.85,919.85,919.25,919.45,0,0,0,1,0.999717797255725,NY_PM,12,0.040535649656134,day_anchor_std,server_midnight,1,0,0,0,TRANSITION_NOISY,TRANSITION_NOISY,TRANSITION
919.35,919.5,918.8,918.9,0,0,0,1,0.999717797255725,NY_PM,12,0.040535649656134,day_anchor_std,server_midnight,1,0,0,0,TRANSITION_NOISY,TRANSITION_NOISY,TRANSITION
918.45,918.85,918.25,918.75,0,0,0,1,0.999717797255725,NY_PM,12,0.040535649656134,day_anchor_std,server_midnight,1,0,0,0,TRANSITION_NOISY,TRANSITION_NOISY,TRANSITION
918.95,918.95,918.85,918.85,0,0,0,1,0.9994484712401017,NY_PM,12,0.05445352003110389,day_anchor_std,server_midnight,1,0,0,0,TRANSITION_NOISY,TRANSITION_NOISY,TRANSITION
918.65,918.95,918.65,918.85,0,0,0,1,0.9994484712401017,NY_PM,12,0.05445352003110389,day_anchor_std,server_midnight,1,0,0,0,TRANSITION_NOISY,TRANSITION_NOISY,TRANSITION
918.95,918.95,918.85,918.85,0,0,0,1,0.9994484712401017,NY_PM,12,0.05445352003110389,day_anchor_std,server_midnight,1,0,0,0,TRANSITION_NOISY,TRANSITION_NOISY,TRANSITION
918.75,918.75,918.75,918.75,0,0,0,1,0.9559836466456805,NY_PM,12,0.13096774193550814,day_anchor_std,server_midnight,1,0,0,0,TRANSITION_NOISY,TRANSITION_NOISY,TRANSITION
918.65,918.65,918.65,918.65,0,0,0,1,0.9559836466456805,NY_PM,12,0.13096774193550814,day_anchor_std,server_midnight,1,0,0,0,TRANSITION_NOISY,TRANSITION_NOISY,TRANSITION
918.55,918.55,918.35,918.35,0,0,0,1,0.9559836466456805,NY_PM,12,0.13096774193550814,day_anchor_std,server_midnight,1,0,0,0,TRANSITION_NOISY,TRANSITION_NOISY,TRANSITION
918.4,918.4,918.25,918.35,0,0,0,1,0.9559836466456805,NY_PM,12,0.13096774193550814,day_anchor_std,server_midnight,1,0,0,0,TRANSITION_NOISY,TRANSITION_NOISY,TRANSITION
918.3,919.35,918.3,919.35,0,0,0,1,0.9970159481258907,NY_PM,12,0.42069871289731187,day_anchor_std,server_midnight,1,0,0,0,TRANSITION_NOISY,TRANSITION_NOISY,TRANSITION
919.45,920.85,919.45,920.85,0,0,0,1,0.9970159481258907,NY_PM,12,0.42069871289731187,day_anchor_std,server_midnight,1,0,0,0,TRANSITION_NOISY,TRANSITION_NOISY,TRANSITION
920.35,920.55,919.85,920.55,0,0,0,1,0.9970159481258907,NY_PM,12,0.42069871289731187,day_anchor_std,server_midnight,1,0,0,0,TRANSITION_NOISY,TRANSITION_NOISY,TRANSITION
920.6,920.6,919.85,919.85,0,0,0,1,0.9970159481258907,NY_PM,12,0.42069871289731187,day_anchor_std,server_midnight,1,0,0,0,TRANSITION_NOISY,TRANSITION_NOISY,TRANSITION
918.25,918.35,918.15,918.15,0,0,0,1,0.9860130566882287,NY,12,0.06782945736437151,day_anchor_std,server_midnight,1,0,0,0,TRANSITION_NOISY,TRANSITION_NOISY,TRANSITION
918.25,918.65,918.2,918.65,0,0,0,1,0.9860130566882287,NY,12,0.06782945736437151,day_anchor_std,server_midnight,1,0,0,0,TRANSITION_NOISY,TRANSITION_NOISY,TRANSITION
918.85,920.95,918.75,920.75,0,0,0,1,0.9983517941811436,NY,12,1.2482728842832582,day_anchor_std,server_midnight,0,1,0,0,UNCLASSIFIED,TRANSITION_UNCLASSIFIED,TRANSITION
920.65,920.85,918.55,919.45,0,0,0,1,0.9983517941811436,NY,12,1.2482728842832582,day_anchor_std,server_midnight,0,1,0,0,UNCLASSIFIED,TRANSITION_UNCLASSIFIED,TRANSITION
921.35,925.35,921.35,925.35,0,0,0,1,0.9983517941811436,NY,12,1.2482728842832582,day_anchor_std,server_midnight,0,1,0,0,UNCLASSIFIED,TRANSITION_UNCLASSIFIED,TRANSITION
925.4,925.5,923.5,923.95,0,0,0,1,0.9983517941811436,NY,12,1.2482728842832582,day_anchor_std,server_midnight,0,1,0,0,UNCLASSIFIED,TRANSITION_UNCLASSIFIED,TRANSITION
923.85,923.85,922.15,922.65,0,0,0,1,0.990321531094475,NY,12,0.6405228758169902,day_anchor_std,server_midnight,1,0,0,0,TRANSITION_NOISY,TRANSITION_NOISY,TRANSITION
922.85,923.65,922.55,923.15,0,0,0,1,0.990321531094475,NY,12,0.6405228758169902,day_anchor_std,server_midnight,1,0,0,0,TRANSITION_NOISY,TRANSITION_NOISY,TRANSITION
923.05,924.25,923.05,923.75,0,0,0,1,0.990321531094475,NY,12,0.6405228758169902,day_anchor_std,server_midnight,1,0,0,0,TRANSITION_NOISY,TRANSITION_NOISY,TRANSITION
923.55,923.55,922.5,922.85,0,0,0,1,0.990321531094475,NY,12,0.6405228758169902,day_anchor_std,server_midnight,1,0,0,0,TRANSITION_NOISY,TRANSITION_NOISY,TRANSITION
923.05,924.7,923.0,924.15,0,0,0,1,0.6252730221964818,NY,12,0.4577695776957682,day_anchor_std,server_midnight,1,0,0,0,TRANSITION_NOISY,TRANSITION_NOISY,TRANSITION
924.25,924.25,923.15,923.25,0,0,0,1,0.6252730221964818,NY,12,0.4577695776957682,day_anchor_std,server_midnight,1,0,0,0,TRANSITION_NOISY,TRANSITION_NOISY,TRANSITION
923.35,924.2,922.8,922.9,0,0,0,1,0.6252730221964818,NY,12,0.4577695776957682,day_anchor_std,server_midnight,1,0,0,0,TRANSITION_NOISY,TRANSITION_NOISY,TRANSITION
922.95,923.6,922.65,922.65,0,0,0,1,0.6252730221964818,NY,12,0.4577695776957682,day_anchor_std,server_midnight,1,0,0,0,TRANSITION_NOISY,TRANSITION_NOISY,TRANSITION
923.7,923.7,922.35,923.15,0,0,0,1,0.7126643200660707,NY_PM,2,0.6070381231671836,day_anchor_std,server_midnight,1,0,0,0,TRANSITION_NOISY,TRANSITION_NOISY,TRANSITION
923.25,923.35,923.25,923.35,0,0,0,1,0.7126643200660707,NY_PM,2,0.6070381231671836,day_anchor_std,server_midnight,1,0,0,0,TRANSITION_NOISY,TRANSITION_NOISY,TRANSITION
922.85,922.85,922.85,922.85,0,0,0,1,0.7126643200660707,NY_PM,2,0.6070381231671836,day_anchor_std,server_midnight,1,0,0,0,TRANSITION_NOISY,TRANSITION_NOISY,TRANSITION
923.05,923.25,923.05,923.25,0,0,0,1,0.7126643200660707,NY_PM,2,0.6070381231671836,day_anchor_std,server_midnight,1,0,0,0,TRANSITION_NOISY,TRANSITION_NOISY,TRANSITION
925.95,926.55,925.95,926.15,0,0,0,1,0.973622115644114,NY,1,0.10113519091847865,day_anchor_std,server_midnight,1,0,0,0,TRANSITION_NOISY,TRANSITION_NOISY,TRANSITION
925.95,926.05,924.05,924.95,0,0,0,1,0.973622115644114,NY,1,0.10113519091847865,day_anchor_std,server_midnight,1,0,0,0,TRANSITION_NOISY,TRANSITION_NOISY,TRANSITION
925.15,925.95,924.5,924.95,0,0,0,1,0.3923559398449292,NY,2,0.680555555555597,day_anchor_std,server_midnight,1,0,0,0,TRANSITION_NOISY,TRANSITION_NOISY,TRANSITION
924.85,924.85,923.05,923.65,0,0,0,1,0.3923559398449292,NY,2,0.680555555555597,day_anchor_std,server_midnight,1,0,0,0,TRANSITION_NOISY,TRANSITION_NOISY,TRANSITION
923.55,923.95,923.15,923.35,0,0,0,1,0.3923559398449292,NY,2,0.680555555555597,day_anchor_std,server_midnight,1,0,0,0,TRANSITION_NOISY,TRANSITION_NOISY,TRANSITION
923.25,923.25,921.45,922.75,0,0,0,1,0.3923559398449292,NY,2,0.680555555555597,day_anchor_std,server_midnight,1,0,0,0,TRANSITION_NOISY,TRANSITION_NOISY,TRANSITION
923.05,923.75,922.35,923.25,0,0,0,1,0.7723928683359039,NY,3,0.18925156610610333,day_anchor_std,server_midnight,1,0,0,0,TRANSITION_NOISY,TRANSITION_NOISY,TRANSITION
923.15,925.55,923.15,925.05,0,0,0,1,0.7723928683359039,NY,3,0.18925156610610333,day_anchor_std,server_midnight,1,0,0,0,TRANSITION_NOISY,TRANSITION_NOISY,TRANSITION
924.95,925.25,923.75,923.75,0,0,0,1,0.7723928683359039,NY,3,0.18925156610610333,day_anchor_std,server_midnight,1,0,0,0,TRANSITION_NOISY,TRANSITION_NOISY,TRANSITION
923.65,924.85,923.55,924.8,0,0,0,1,0.7723928683359039,NY,3,0.18925156610610333,day_anchor_std,server_midnight,1,0,0,0,TRANSITION_NOISY,TRANSITION_NOISY,TRANSITION
927.05,927.85,926.65,927.75,0,0,0,1,0.8761171687398598,NY,5,0.7716814159291465,day_anchor_std,server_midnight,1,0,0,0,TRANSITION_NOISY,TRANSITION_NOISY,TRANSITION
927.85,928.55,927.15,927.35,0,0,0,1,0.8761171687398598,NY,5,0.7716814159291465,day_anchor_std,server_midnight,1,0,0,0,TRANSITION_NOISY,TRANSITION_NOISY,TRANSITION
927.45,928.65,927.25,927.45,0,0,0,1,0.8761171687398598,NY,5,0.7716814159291465,day_anchor_std,server_midnight,1,0,0,0,TRANSITION_NOISY,TRANSITION_NOISY,TRANSITION
927.55,927.95,926.85,927.05,0,0,0,1,0.8761171687398598,NY,5,0.7716814159291465,day_anchor_std,server_midnight,1,0,0,0,TRANSITION_NOISY,TRANSITION_NOISY,TRANSITION
925.45,926.55,925.45,926.55,0,0,0,1,0.6938338311382406,NY_PM,1,0.6610719480810128,day_anchor_std,server_midnight,1,0,0,0,TRANSITION_NOISY,TRANSITION_NOISY,TRANSITION
926.65,926.65,926.65,926.65,0,0,0,1,0.6938338311382406,NY_PM,1,0.6610719480810128,day_anchor_std,server_midnight,1,0,0,0,TRANSITION_NOISY,TRANSITION_NOISY,TRANSITION
926.85,926.85,926.65,926.65,0,0,0,1,0.6938338311382406,NY_PM,1,0.6610719480810128,day_anchor_std,server_midnight,1,0,0,0,TRANSITION_NOISY,TRANSITION_NOISY,TRANSITION
926.55,926.65,926.45,926.55,0,0,0,1,0.6938338311382406,NY_PM,1,0.6610719480810128,day_anchor_std,server_midnight,1,0,0,0,TRANSITION_NOISY,TRANSITION_NOISY,TRANSITION
933.05,933.25,932.95,933.05,0,0,0,1,0.9994262208144381,NY,2,0.14834437086091962,day_anchor_std,server_midnight,1,0,0,0,UNCLASSIFIED,TRANSITION_UNCLASSIFIED,TRANSITION
933.15,933.15,930.55,931.3,0,0,0,1,0.9994262208144381,NY,2,0.14834437086091962,day_anchor_std,server_midnight,1,0,0,0,UNCLASSIFIED,TRANSITION_UNCLASSIFIED,TRANSITION
934.85,935.35,934.55,935.15,0,0,0,1,0.9933141350145573,NY,1,0.3497318007663313,day_anchor_std,server_midnight,1,0,0,0,TRANSITION_NOISY,TRANSITION_NOISY,TRANSITION
935.05,935.05,934.45,934.85,0,0,0,1,0.9933141350145573,NY,1,0.3497318007663313,day_anchor_std,server_midnight,1,0,0,0,TRANSITION_NOISY,TRANSITION_NOISY,TRANSITION
934.65,934.9,933.75,934.55,0,0,0,1,0.9933141350145573,NY,1,0.3497318007663313,day_anchor_std,server_midnight,1,0,0,0,TRANSITION_NOISY,TRANSITION_NOISY,TRANSITION
934.65,934.75,933.45,933.5,0,0,0,1,0.9933141350145573,NY,1,0.3497318007663313,day_anchor_std,server_midnight,1,0,0,0,TRANSITION_NOISY,TRANSITION_NOISY,TRANSITION
933.45,933.55,933.0,933.3,0,0,0,1,0.9268632372256191,NY_PM,2,0.49752217005731464,day_anchor_std,server_midnight,1,0,0,0,UNCLASSIFIED,TRANSITION_UNCLASSIFIED,TRANSITION
933.4,933.4,932.65,932.95,0,0,0,1,0.9268632372256191,NY_PM,2,0.49752217005731464,day_anchor_std,server_midnight,1,0,0,0,UNCLASSIFIED,TRANSITION_UNCLASSIFIED,TRANSITION
932.85,932.85,930.85,931.25,0,0,0,1,0.9268632372256191,NY_PM,2,0.49752217005731464,day_anchor_std,server_midnight,1,0,0,0,UNCLASSIFIED,TRANSITION_UNCLASSIFIED,TRANSITION
930.95,931.0,930.75,930.85,0,0,0,1,0.9268632372256191,NY_PM,2,0.49752217005731464,day_anchor_std,server_midnight,1,0,0,0,UNCLASSIFIED,TRANSITION_UNCLASSIFIED,TRANSITION
931.35,931.35,931.35,931.35,0,0,0,1,0.9902542855449166,NY_PM,3,0.18744698897365197,day_anchor_std,server_midnight,1,0,0,0,TRANSITION_NOISY,TRANSITION_NOISY,TRANSITION
931.65,932.05,931.65,931.85,0,0,0,1,0.9902542855449166,NY_PM,3,0.18744698897365197,day_anchor_std,server_midnight,1,0,0,0,TRANSITION_NOISY,TRANSITION_NOISY,TRANSITION
931.75,931.85,931.55,931.55,0,0,0,1,0.9708039092850606,NY_PM,4,0.3160722450845758,day_anchor_std,server_midnight,1,0,0,0,TRANSITION_NOISY,TRANSITION_NOISY,TRANSITION
931.5,931.55,931.5,931.55,0,0,0,1,0.9708039092850606,NY_PM,4,0.3160722450845758,day_anchor_std,server_midnight,1,0,0,0,TRANSITION_NOISY,TRANSITION_NOISY,TRANSITION
931.65,931.65,931.55,931.55,0,0,0,1,0.9708039092850606,NY_PM,4,0.3160722450845758,day_anchor_std,server_midnight,1,0,0,0,TRANSITION_NOISY,TRANSITION_NOISY,TRANSITION
931.65,931.75,931.55,931.55,0,0,0,1,0.9997131473159552,NY_PM,5,0.3157955463251569,day_anchor_std,server_midnight,1,0,0,0,TRANSITION_NOISY,TRANSITION_NOISY,TRANSITION
931.5,931.5,931.45,931.45,0,0,0,1,0.9997131473159552,NY_PM,5,0.3157955463251569,day_anchor_std,server_midnight,1,0,0,0,TRANSITION_NOISY,TRANSITION_NOISY,TRANSITION
931.65,931.85,931.65,931.85,0,0,0,1,0.9997131473159552,NY_PM,5,0.3157955463251569,day_anchor_std,server_midnight,1,0,0,0,TRANSITION_NOISY,TRANSITION_NOISY,TRANSITION
931.75,931.75,931.65,931.65,0,0,0,1,0.9997131473159552,NY_PM,5,0.3157955463251569,day_anchor_std,server_midnight,1,0,0,0,TRANSITION_NOISY,TRANSITION_NOISY,TRANSITION
934.25,934.25,934.15,934.15,0,0,0,1,0.9921912481976658,NY,6,0.10401188707280803,day_anchor_std,server_midnight,1,0,0,0,TRANSITION_NOISY,TRANSITION_NOISY,TRANSITION
934.1,935.2,933.55,934.75,0,0,0,1,0.9921912481976658,NY,6,0.10401188707280803,day_anchor_std,server_midnight,1,0,0,0,TRANSITION_NOISY,TRANSITION_NOISY,TRANSITION
934.45,934.95,933.95,934.95,0,0,0,1,0.9945703562913699,NY,7,0.05160610847809931,day_anchor_std,server_midnight,1,0,0,0,TRANSITION_NOISY,TRANSITION_NOISY,TRANSITION
935.0,935.0,933.75,934.05,0,0,0,1,0.9945703562913699,NY,7,0.05160610847809931,day_anchor_std,server_midnight,1,0,0,0,TRANSITION_NOISY,TRANSITION_NOISY,TRANSITION
933.75,934.2,933.1,934.2,0,0,0,1,0.9945703562913699,NY,7,0.05160610847809931,day_anchor_std,server_midnight,1,0,0,0,TRANSITION_NOISY,TRANSITION_NOISY,TRANSITION
934.15,934.7,933.35,934.5,0,0,0,1,0.9945703562913699,NY,7,0.05160610847809931,day_anchor_std,server_midnight,1,0,0,0,TRANSITION_NOISY,TRANSITION_NOISY,TRANSITION
934.55,935.65,934.55,935.65,0,0,0,1,0.9758962400092908,NY,8,0.3398290598290597,day_anchor_std,server_midnight,1,0,0,0,TRANSITION_NOISY,TRANSITION_NOISY,TRANSITION
935.75,936.25,935.75,936.15,0,0,0,1,0.9758962400092908,NY,8,0.3398290598290597,day_anchor_std,server_midnight,1,0,0,0,TRANSITION_NOISY,TRANSITION_NOISY,TRANSITION
936.25,936.3,934.95,935.3,0,0,0,1,0.9758962400092908,NY,8,0.3398290598290597,day_anchor_std,server_midnight,1,0,0,0,TRANSITION_NOISY,TRANSITION_NOISY,TRANSITION
935.4,936.25,935.25,935.35,0,0,0,1,0.9758962400092908,NY,8,0.3398290598290597,day_anchor_std,server_midnight,1,0,0,0,TRANSITION_NOISY,TRANSITION_NOISY,TRANSITION
935.45,936.45,935.3,935.85,0,0,0,1,0.698154085165933,NY,9,0.11441307578007938,day_anchor_std,server_midnight,1,0,0,0,UNCLASSIFIED,TRANSITION_UNCLASSIFIED,TRANSITION
935.65,936.25,935.55,935.75,0,0,0,1,0.698154085165933,NY,9,0.11441307578007938,day_anchor_std,server_midnight,1,0,0,0,UNCLASSIFIED,TRANSITION_UNCLASSIFIED,TRANSITION
935.85,936.15,935.75,935.85,0,0,0,1,0.698154085165933,NY,9,0.11441307578007938,day_anchor_std,server_midnight,1,0,0,0,UNCLASSIFIED,TRANSITION_UNCLASSIFIED,TRANSITION
935.75,935.8,934.9,934.9,0,0,0,1,0.698154085165933,NY,9,0.11441307578007938,day_anchor_std,server_midnight,1,0,0,0,UNCLASSIFIED,TRANSITION_UNCLASSIFIED,TRANSITION
934.95,935.1,933.3,933.65,0,0,0,1,0.6375874952453725,NY,10,0.3653372722796606,day_anchor_std,server_midnight,1,0,0,0,UNCLASSIFIED,TRANSITION_UNCLASSIFIED,TRANSITION
933.7,934.8,933.65,934.65,0,0,0,1,0.6375874952453725,NY,10,0.3653372722796606,day_anchor_std,server_midnight,1,0,0,0,UNCLASSIFIED,TRANSITION_UNCLASSIFIED,TRANSITION
934.55,934.85,934.45,934.55,0,0,0,1,0.6375874952453725,NY,10,0.3653372722796606,day_anchor_std,server_midnight,1,0,0,0,UNCLASSIFIED,TRANSITION_UNCLASSIFIED,TRANSITION
934.45,934.45,933.7,933.7,0,0,0,1,0.6375874952453725,NY,10,0.3653372722796606,day_anchor_std,server_midnight,1,0,0,0,UNCLASSIFIED,TRANSITION_UNCLASSIFIED,TRANSITION
933.65,933.75,932.95,933.3,0,0,0,1,0.9974427278857058,NY_PM,11,0.6777206022489773,day_anchor_std,server_midnight,1,0,0,0,UNCLASSIFIED,TRANSITION_UNCLASSIFIED,TRANSITION
933.25,933.9,932.05,933.35,0,0,0,1,0.9974427278857058,NY_PM,11,0.6777206022489773,day_anchor_std,server_midnight,1,0,0,0,UNCLASSIFIED,TRANSITION_UNCLASSIFIED,TRANSITION
933.25,934.05,933.2,933.8,0,0,0,1,0.9974427278857058,NY_PM,11,0.6777206022489773,day_anchor_std,server_midnight,1,0,0,0,UNCLASSIFIED,TRANSITION_UNCLASSIFIED,TRANSITION
933.35,933.35,932.9,933.05,0,0,0,1,0.9974427278857058,NY_PM,11,0.6777206022489773,day_anchor_std,server_midnight,1,0,0,0,UNCLASSIFIED,TRANSITION_UNCLASSIFIED,TRANSITION
933.25,933.25,932.05,932.05,0,0,0,1,0.9865793132558861,NY,12,0.10777521170135783,day_anchor_std,server_midnight,1,0,0,0,UNCLASSIFIED,TRANSITION_UNCLASSIFIED,TRANSITION
932.25,932.65,931.95,932.35,0,0,0,1,0.9865793132558861,NY,12,0.10777521170135783,day_anchor_std,server_midnight,1,0,0,0,UNCLASSIFIED,TRANSITION_UNCLASSIFIED,TRANSITION
932.4,933.0,931.75,932.85,0,0,0,1,0.9377403671342507,NY,12,0.3940058479532757,day_anchor_std,server_midnight,1,0,0,0,UNCLASSIFIED,TRANSITION_UNCLASSIFIED,TRANSITION
932.65,933.25,932.25,932.45,0,0,0,1,0.9377403671342507,NY,12,0.3940058479532757,day_anchor_std,server_midnight,1,0,0,0,UNCLASSIFIED,TRANSITION_UNCLASSIFIED,TRANSITION
935.25,935.25,931.3,933.55,0,0,0,1,0.9377403671342507,NY,12,0.3940058479532757,day_anchor_std,server_midnight,1,0,0,0,UNCLASSIFIED,TRANSITION_UNCLASSIFIED,TRANSITION
933.5,933.9,931.35,932.05,0,0,0,1,0.9377403671342507,NY,12,0.3940058479532757,day_anchor_std,server_midnight,1,0,0,0,UNCLASSIFIED,TRANSITION_UNCLASSIFIED,TRANSITION
929.95,930.15,929.45,929.85,0,0,0,2,0.8823026359846852,NY_PM,1,0.7901480008836114,day_anchor_std,server_midnight,0,0,0,1,TREND_STRONG,TREND_STRONG,TREND
929.55,931.55,929.15,931.55,0,0,0,2,0.8823026359846852,NY_PM,1,0.7901480008836114,day_anchor_std,server_midnight,0,0,0,1,TREND_STRONG,TREND_STRONG,TREND
931.35,931.35,929.45,929.75,0,0,0,2,0.8823026359846852,NY_PM,1,0.7901480008836114,day_anchor_std,server_midnight,0,0,0,1,TREND_STRONG,TREND_STRONG,TREND
929.45,930.55,929.25,930.55,0,0,0,2,0.8823026359846852,NY_PM,1,0.7901480008836114,day_anchor_std,server_midnight,0,0,0,1,TREND_STRONG,TREND_STRONG,TREND
929.85,929.95,929.65,929.65,0,0,0,1,0.9974427298574108,NY_PM,3,1.7836566725456042,day_anchor_std,server_midnight,0,1,0,0,TRANSITION_NOISY,TRANSITION_NOISY,TRANSITION
929.35,929.35,929.15,929.15,0,0,0,1,0.9974427298574108,NY_PM,3,1.7836566725456042,day_anchor_std,server_midnight,0,1,0,0,TRANSITION_NOISY,TRANSITION_NOISY,TRANSITION
929.05,929.05,928.85,928.85,0,0,0,1,0.9974427298574108,NY_PM,3,1.7836566725456042,day_anchor_std,server_midnight,0,1,0,0,TRANSITION_NOISY,TRANSITION_NOISY,TRANSITION
928.95,928.95,928.85,928.9,0,0,0,1,0.9974427298574108,NY_PM,3,1.7836566725456042,day_anchor_std,server_midnight,0,1,0,0,TRANSITION_NOISY,TRANSITION_NOISY,TRANSITION
926.3,926.4,926.15,926.15,0,0,0,1,0.9967660946927803,NY,4,0.06920903954802769,day_anchor_std,server_midnight,1,0,0,0,UNCLASSIFIED,TRANSITION_UNCLASSIFIED,TRANSITION
926.05,926.25,925.55,926.15,0,0,0,1,0.9967660946927803,NY,4,0.06920903954802769,day_anchor_std,server_midnight,1,0,0,0,UNCLASSIFIED,TRANSITION_UNCLASSIFIED,TRANSITION
926.1,926.75,926.1,926.7,0,0,0,1,0.9986493236125997,NY,5,0.5080645161289585,day_anchor_std,server_midnight,1,0,0,0,UNCLASSIFIED,TRANSITION_UNCLASSIFIED,TRANSITION
926.7,927.0,925.1,925.35,0,0,0,1,0.9986493236125997,NY,5,0.5080645161289585,day_anchor_std,server_midnight,1,0,0,0,UNCLASSIFIED,TRANSITION_UNCLASSIFIED,TRANSITION
924.85,925.1,923.8,924.5,0,0,0,1,0.9986493236125997,NY,5,0.5080645161289585,day_anchor_std,server_midnight,1,0,0,0,UNCLASSIFIED,TRANSITION_UNCLASSIFIED,TRANSITION
924.45,925.9,924.45,924.7,0,0,0,1,0.9986493236125997,NY,5,0.5080645161289585,day_anchor_std,server_midnight,1,0,0,0,UNCLASSIFIED,TRANSITION_UNCLASSIFIED,TRANSITION
924.5,925.25,924.0,924.75,0,0,0,1,0.9992403220473088,NY,6,0.2058823529412238,day_anchor_std,server_midnight,1,0,0,0,UNCLASSIFIED,TRANSITION_UNCLASSIFIED,TRANSITION
924.85,925.2,924.8,925.15,0,0,0,1,0.9992403220473088,NY,6,0.2058823529412238,day_anchor_std,server_midnight,1,0,0,0,UNCLASSIFIED,TRANSITION_UNCLASSIFIED,TRANSITION
925.2,925.9,924.55,925.65,0,0,0,1,0.9992403220473088,NY,6,0.2058823529412238,day_anchor_std,server_midnight,1,0,0,0,UNCLASSIFIED,TRANSITION_UNCLASSIFIED,TRANSITION
925.55,927.0,925.55,926.0,0,0,0,1,0.9992403220473088,NY,6,0.2058823529412238,day_anchor_std,server_midnight,1,0,0,0,UNCLASSIFIED,TRANSITION_UNCLASSIFIED,TRANSITION
926.1,926.85,925.8,926.45,0,0,0,1,0.9988787769276422,NY,7,0.06250000000005711,day_anchor_std,server_midnight,1,0,0,0,TRANSITION_NOISY,TRANSITION_NOISY,TRANSITION
926.55,926.6,925.55,926.25,0,0,0,1,0.9988787769276422,NY,7,0.06250000000005711,day_anchor_std,server_midnight,1,0,0,0,TRANSITION_NOISY,TRANSITION_NOISY,TRANSITION
926.55,926.55,924.95,925.05,0,0,0,1,0.9988787769276422,NY,7,0.06250000000005711,day_anchor_std,server_midnight,1,0,0,0,TRANSITION_NOISY,TRANSITION_NOISY,TRANSITION
925.0,925.7,924.95,925.7,0,0,0,1,0.9988787769276422,NY,7,0.06250000000005711,day_anchor_std,server_midnight,1,0,0,0,TRANSITION_NOISY,TRANSITION_NOISY,TRANSITION
925.75,925.85,925.2,925.2,0,0,0,1,0.9995486181657167,NY,8,0.00477815699652839,day_anchor_std,server_midnight,1,0,0,0,TRANSITION_NOISY,TRANSITION_NOISY,TRANSITION
925.05,925.15,923.45,923.65,0,0,0,1,0.9995486181657167,NY,8,0.00477815699652839,day_anchor_std,server_midnight,1,0,0,0,TRANSITION_NOISY,TRANSITION_NOISY,TRANSITION
923.7,924.55,923.25,924.5,0,0,0,1,0.9995486181657167,NY,8,0.00477815699652839,day_anchor_std,server_midnight,1,0,0,0,TRANSITION_NOISY,TRANSITION_NOISY,TRANSITION
924.45,925.5,924.45,925.5,0,0,0,1,0.9995486181657167,NY,8,0.00477815699652839,day_anchor_std,server_midnight,1,0,0,0,TRANSITION_NOISY,TRANSITION_NOISY,TRANSITION
925.55,925.6,924.75,924.85,0,0,0,1,0.9921176589517107,NY_PM,9,0.6709473292387294,day_anchor_std,server_midnight,1,0,0,0,TRANSITION_NOISY,TRANSITION_NOISY,TRANSITION
924.65,924.85,923.95,923.95,0,0,0,1,0.9921176589517107,NY_PM,9,0.6709473292387294,day_anchor_std,server_midnight,1,0,0,0,TRANSITION_NOISY,TRANSITION_NOISY,TRANSITION
923.9,924.7,923.9,924.3,0,0,0,1,0.9921176589517107,NY_PM,9,0.6709473292387294,day_anchor_std,server_midnight,1,0,0,0,TRANSITION_NOISY,TRANSITION_NOISY,TRANSITION
923.85,923.95,923.75,923.95,0,0,0,1,0.9921176589517107,NY_PM,9,0.6709473292387294,day_anchor_std,server_midnight,1,0,0,0,TRANSITION_NOISY,TRANSITION_NOISY,TRANSITION
925.95,927.1,925.85,927.05,0,0,0,1,0.4856067176127773,NY,12,0.00853138330285634,day_anchor_std,server_midnight,1,0,0,0,TRANSITION_NOISY,TRANSITION_NOISY,TRANSITION
927.1,927.3,926.55,926.55,0,0,0,1,0.4856067176127773,NY,12,0.00853138330285634,day_anchor_std,server_midnight,1,0,0,0,TRANSITION_NOISY,TRANSITION_NOISY,TRANSITION
926.45,927.9,926.05,927.55,0,0,0,1,0.7175300632856632,NY,12,0.340962441314523,day_anchor_std,server_midnight,1,0,0,0,UNCLASSIFIED,TRANSITION_UNCLASSIFIED,TRANSITION
927.45,929.05,926.95,928.65,0,0,0,1,0.7175300632856632,NY,12,0.340962441314523,day_anchor_std,server_midnight,1,0,0,0,UNCLASSIFIED,TRANSITION_UNCLASSIFIED,TRANSITION
928.55,929.05,927.45,928.85,0,0,0,1,0.7175300632856632,NY,12,0.340962441314523,day_anchor_std,server_midnight,1,0,0,0,UNCLASSIFIED,TRANSITION_UNCLASSIFIED,TRANSITION
928.95,929.05,927.75,927.75,0,0,0,1,0.7175300632856632,NY,12,0.340962441314523,day_anchor_std,server_midnight,1,0,0,0,UNCLASSIFIED,TRANSITION_UNCLASSIFIED,TRANSITION
927.95,929.35,927.95,929.35,0,0,0,1,0.7218851743290249,NY,12,0.08145645645645369,day_anchor_std,server_midnight,1,0,0,0,UNCLASSIFIED,TRANSITION_UNCLASSIFIED,TRANSITION
929.25,929.75,928.95,928.95,0,0,0,1,0.7218851743290249,NY,12,0.08145645645645369,day_anchor_std,server_midnight,1,0,0,0,UNCLASSIFIED,TRANSITION_UNCLASSIFIED,TRANSITION
929.0,929.25,928.25,928.4,0,0,0,1,0.7218851743290249,NY,12,0.08145645645645369,day_anchor_std,server_midnight,1,0,0,0,UNCLASSIFIED,TRANSITION_UNCLASSIFIED,TRANSITION
928.35,928.35,926.15,927.05,0,0,0,1,0.7218851743290249,NY,12,0.08145645645645369,day_anchor_std,server_midnight,1,0,0,0,UNCLASSIFIED,TRANSITION_UNCLASSIFIED,TRANSITION
928.25,928.3,927.95,927.95,0,0,0,1,0.6150147289912451,NY_PM,1,0.0890302066773359,day_anchor_std,server_midnight,1,0,0,0,UNCLASSIFIED,TRANSITION_UNCLASSIFIED,TRANSITION
928.0,928.25,927.6,928.25,0,0,0,1,0.6150147289912451,NY_PM,1,0.0890302066773359,day_anchor_std,server_midnight,1,0,0,0,UNCLASSIFIED,TRANSITION_UNCLASSIFIED,TRANSITION
928.35,928.45,928.05,928.15,0,0,0,1,0.6150147289912451,NY_PM,1,0.0890302066773359,day_anchor_std,server_midnight,1,0,0,0,UNCLASSIFIED,TRANSITION_UNCLASSIFIED,TRANSITION
927.45,927.75,927.35,927.75,0,0,0,1,0.6150147289912451,NY_PM,1,0.0890302066773359,day_anchor_std,server_midnight,1,0,0,0,UNCLASSIFIED,TRANSITION_UNCLASSIFIED,TRANSITION
928.0,928.2,928.0,928.2,0,0,0,1,0.9425146057206937,NY_PM,1,0.5822179732314042,day_anchor_std,server_midnight,1,0,0,0,UNCLASSIFIED,TRANSITION_UNCLASSIFIED,TRANSITION
928.25,928.85,928.25,928.75,0,0,0,1,0.9425146057206937,NY_PM,1,0.5822179732314042,day_anchor_std,server_midnight,1,0,0,0,UNCLASSIFIED,TRANSITION_UNCLASSIFIED,TRANSITION
928.8,928.85,928.65,928.75,0,0,0,1,0.9425146057206937,NY_PM,1,0.5822179732314042,day_anchor_std,server_midnight,1,0,0,0,UNCLASSIFIED,TRANSITION_UNCLASSIFIED,TRANSITION
931.45,931.55,931.45,931.45,0,0,0,1,0.9961137460780547,NY,1,0.09265944645003321,day_anchor_std,server_midnight,1,0,0,0,TRANSITION_NOISY,TRANSITION_NOISY,TRANSITION
931.5,931.9,930.75,931.05,0,0,0,1,0.9961137460780547,NY,1,0.09265944645003321,day_anchor_std,server_midnight,1,0,0,0,TRANSITION_NOISY,TRANSITION_NOISY,TRANSITION
931.0,931.05,929.35,930.05,0,0,0,1,0.9983314514082376,NY,2,1.215277777777844,day_anchor_std,server_midnight,0,1,0,0,UNCLASSIFIED,TRANSITION_UNCLASSIFIED,TRANSITION
929.95,931.85,929.95,931.75,0,0,0,1,0.9983314514082376,NY,2,1.215277777777844,day_anchor_std,server_midnight,0,1,0,0,UNCLASSIFIED,TRANSITION_UNCLASSIFIED,TRANSITION
931.45,934.15,931.35,934.15,0,0,0,1,0.9983314514082376,NY,2,1.215277777777844,day_anchor_std,server_midnight,0,1,0,0,UNCLASSIFIED,TRANSITION_UNCLASSIFIED,TRANSITION
933.95,935.45,933.95,934.95,0,0,0,1,0.9983314514082376,NY,2,1.215277777777844,day_anchor_std,server_midnight,0,1,0,0,UNCLASSIFIED,TRANSITION_UNCLASSIFIED,TRANSITION
934.85,935.25,934.55,934.95,0,0,0,1,0.9979617283920637,NY,3,1.7275759171494265,day_anchor_std,server_midnight,0,1,0,0,UNCLASSIFIED,TRANSITION_UNCLASSIFIED,TRANSITION
934.85,935.15,934.55,934.95,0,0,0,1,0.9979617283920637,NY,3,1.7275759171494265,day_anchor_std,server_midnight,0,1,0,0,UNCLASSIFIED,TRANSITION_UNCLASSIFIED,TRANSITION
935.0,935.95,934.95,935.95,0,0,0,1,0.9979617283920637,NY,3,1.7275759171494265,day_anchor_std,server_midnight,0,1,0,0,UNCLASSIFIED,TRANSITION_UNCLASSIFIED,TRANSITION
936.05,936.85,936.05,936.85,0,0,0,1,0.9979617283920637,NY,3,1.7275759171494265,day_anchor_std,server_midnight,0,1,0,0,UNCLASSIFIED,TRANSITION_UNCLASSIFIED,TRANSITION
936.95,937.45,936.55,936.85,0,0,0,1,0.9976705125227027,NY,4,1.761335326357809,day_anchor_std,server_midnight,0,1,0,0,UNCLASSIFIED,TRANSITION_UNCLASSIFIED,TRANSITION
936.75,936.75,935.95,936.45,0,0,0,1,0.9976705125227027,NY,4,1.761335326357809,day_anchor_std,server_midnight,0,1,0,0,UNCLASSIFIED,TRANSITION_UNCLASSIFIED,TRANSITION
936.35,938.35,936.35,938.05,0,0,0,1,0.9976705125227027,NY,4,1.761335326357809,day_anchor_std,server_midnight,0,1,0,0,UNCLASSIFIED,TRANSITION_UNCLASSIFIED,TRANSITION
938.15,938.15,937.15,937.7,0,0,0,1,0.9976705125227027,NY,4,1.761335326357809,day_anchor_std,server_midnight,0,1,0,0,UNCLASSIFIED,TRANSITION_UNCLASSIFIED,TRANSITION
939.65,939.7,939.1,939.25,0,0,0,2,0.9961684807161258,NY_PM,2,2.7366255144033325,day_anchor_std,server_midnight,0,0,0,1,TREND_STRONG,TREND_STRONG,TREND
939.3,941.3,939.3,941.3,0,0,0,2,0.9961684807161258,NY_PM,2,2.7366255144033325,day_anchor_std,server_midnight,0,0,0,1,TREND_STRONG,TREND_STRONG,TREND
941.35,943.05,940.95,942.0,0,0,0,2,0.9961684807161258,NY_PM,2,2.7366255144033325,day_anchor_std,server_midnight,0,0,0,1,TREND_STRONG,TREND_STRONG,TREND
941.65,941.85,941.3,941.85,0,0,0,2,0.9961684807161258,NY_PM,2,2.7366255144033325,day_anchor_std,server_midnight,0,0,0,1,TREND_STRONG,TREND_STRONG,TREND
941.8,942.05,941.65,941.85,0,0,0,2,0.9996490205128624,NY_PM,3,3.069745069745085,day_anchor_std,server_midnight,0,0,0,1,TREND_STRONG,TREND_STRONG,TREND
941.75,942.55,941.75,942.55,0,0,0,2,0.9996490205128624,NY_PM,3,3.069745069745085,day_anchor_std,server_midnight,0,0,0,1,TREND_STRONG,TREND_STRONG,TREND
942.65,942.85,942.65,942.85,0,0,0,2,0.9996490205128624,NY_PM,3,3.069745069745085,day_anchor_std,server_midnight,0,0,0,1,TREND_STRONG,TREND_STRONG,TREND
942.8,942.85,942.8,942.85,0,0,0,2,0.9996490205128624,NY_PM,3,3.069745069745085,day_anchor_std,server_midnight,0,0,0,1,TREND_STRONG,TREND_STRONG,TREND
943.15,943.15,943.15,943.15,0,0,0,2,0.9997657749741856,NY_PM,4,3.2143806485912063,day_anchor_std,server_midnight,0,0,0,1,TREND_STRONG,TREND_STRONG,TREND
942.85,942.85,942.85,942.85,0,0,0,2,0.9997657749741856,NY_PM,4,3.2143806485912063,day_anchor_std,server_midnight,0,0,0,1,TREND_STRONG,TREND_STRONG,TREND
942.65,942.75,942.65,942.75,0,0,0,2,0.9997400073702374,NY_PM,5,2.9402550091074615,day_anchor_std,server_midnight,0,0,0,1,TREND_STRONG,TREND_STRONG,TREND
942.8,942.85,942.8,942.85,0,0,0,2,0.9997400073702374,NY_PM,5,2.9402550091074615,day_anchor_std,server_midnight,0,0,0,1,TREND_STRONG,TREND_STRONG,TREND
942.75,942.75,942.35,942.35,0,0,0,2,0.9997400073702374,NY_PM,5,2.9402550091074615,day_anchor_std,server_midnight,0,0,0,1,TREND_STRONG,TREND_STRONG,TREND
942.65,942.65,942.3,942.35,0,0,0,2,0.9997400073702374,NY_PM,5,2.9402550091074615,day_anchor_std,server_midnight,0,0,0,1,TREND_STRONG,TREND_STRONG,TREND
941.3,942.25,941.3,942.25,0,0,0,1,0.9992946486199122,NY,1,0.0401564537157807,day_anchor_std,server_midnight,1,0,0,0,TRANSITION_NOISY,TRANSITION_NOISY,TRANSITION
942.15,942.25,941.65,942.05,0,0,0,1,0.9992946486199122,NY,1,0.0401564537157807,day_anchor_std,server_midnight,1,0,0,0,TRANSITION_NOISY,TRANSITION_NOISY,TRANSITION
941.95,941.95,940.35,940.85,0,0,0,1,0.9992946486199122,NY,1,0.0401564537157807,day_anchor_std,server_midnight,1,0,0,0,TRANSITION_NOISY,TRANSITION_NOISY,TRANSITION
940.75,941.35,940.75,940.95,0,0,0,1,0.9992946486199122,NY,1,0.0401564537157807,day_anchor_std,server_midnight,1,0,0,0,TRANSITION_NOISY,TRANSITION_NOISY,TRANSITION
940.9,940.9,939.35,939.6,0,0,0,1,0.9948409822917571,NY_PM,2,1.3911798396334656,day_anchor_std,server_midnight,0,1,0,0,UNCLASSIFIED,TRANSITION_UNCLASSIFIED,TRANSITION
939.45,941.45,939.4,940.3,0,0,0,1,0.9948409822917571,NY_PM,2,1.3911798396334656,day_anchor_std,server_midnight,0,1,0,0,UNCLASSIFIED,TRANSITION_UNCLASSIFIED,TRANSITION
940.0,940.25,938.6,938.8,0,0,0,1,0.9948409822917571,NY_PM,2,1.3911798396334656,day_anchor_std,server_midnight,0,1,0,0,UNCLASSIFIED,TRANSITION_UNCLASSIFIED,TRANSITION
938.35,938.35,936.45,936.85,0,0,0,1,0.9948409822917571,NY_PM,2,1.3911798396334656,day_anchor_std,server_midnight,0,1,0,0,UNCLASSIFIED,TRANSITION_UNCLASSIFIED,TRANSITION
936.65,936.65,935.95,936.55,0,0,0,1,0.9482616515859776,NY_PM,3,2.0222868217054195,day_anchor_std,server_midnight,0,1,0,0,UNCLASSIFIED,TRANSITION_UNCLASSIFIED,TRANSITION
936.35,936.35,936.1,936.1,0,0,0,1,0.9482616515859776,NY_PM,3,2.0222868217054195,day_anchor_std,server_midnight,0,1,0,0,UNCLASSIFIED,TRANSITION_UNCLASSIFIED,TRANSITION
935.85,935.85,935.15,935.35,0,0,0,1,0.9482616515859776,NY_PM,3,2.0222868217054195,day_anchor_std,server_midnight,0,1,0,0,UNCLASSIFIED,TRANSITION_UNCLASSIFIED,TRANSITION
935.4,935.4,935.35,935.35,0,0,0,1,0.9482616515859776,NY_PM,3,2.0222868217054195,day_anchor_std,server_midnight,0,1,0,0,UNCLASSIFIED,TRANSITION_UNCLASSIFIED,TRANSITION
935.55,935.55,935.35,935.35,0,0,0,1,0.9091747434282487,NY_PM,4,2.1228338430173497,day_anchor_std,server_midnight,0,1,0,0,UNCLASSIFIED,TRANSITION_UNCLASSIFIED,TRANSITION
935.15,935.15,934.95,934.95,0,0,0,1,0.9091747434282487,NY_PM,4,2.1228338430173497,day_anchor_std,server_midnight,0,1,0,0,UNCLASSIFIED,TRANSITION_UNCLASSIFIED,TRANSITION
935.15,935.15,935.05,935.05,0,0,0,1,0.9091747434282487,NY_PM,4,2.1228338430173497,day_anchor_std,server_midnight,0,1,0,0,UNCLASSIFIED,TRANSITION_UNCLASSIFIED,TRANSITION
934.85,934.85,934.1,934.15,0,0,0,2,0.8118833419521452,NY_PM,1,2.548971193415591,day_anchor_std,server_midnight,0,0,0,1,TREND_STRONG,TREND_STRONG,TREND
934.35,934.35,934.1,934.15,0,0,0,2,0.8118833419521452,NY_PM,1,2.548971193415591,day_anchor_std,server_midnight,0,0,0,1,TREND_STRONG,TREND_STRONG,TREND
934.35,934.35,933.95,933.95,0,0,0,2,0.8118833419521452,NY_PM,1,2.548971193415591,day_anchor_std,server_midnight,0,0,0,1,TREND_STRONG,TREND_STRONG,TREND
933.85,934.0,933.85,933.95,0,0,0,2,0.8118833419521452,NY_PM,1,2.548971193415591,day_anchor_std,server_midnight,0,0,0,1,TREND_STRONG,TREND_STRONG,TREND
936.25,937.35,936.05,937.05,0,0,0,1,0.9954107974900114,NY,1,1.6021989005497042,day_anchor_std,server_midnight,0,1,0,0,UNCLASSIFIED,TRANSITION_UNCLASSIFIED,TRANSITION
937.15,938.35,937.15,937.8,0,0,0,1,0.9954107974900114,NY,1,1.6021989005497042,day_anchor_std,server_midnight,0,1,0,0,UNCLASSIFIED,TRANSITION_UNCLASSIFIED,TRANSITION
937.9,942.55,937.85,942.25,0,0,0,1,0.9954107974900114,NY,1,1.6021989005497042,day_anchor_std,server_midnight,0,1,0,0,UNCLASSIFIED,TRANSITION_UNCLASSIFIED,TRANSITION
942.35,942.75,941.0,941.55,0,0,0,1,0.9954107974900114,NY,1,1.6021989005497042,day_anchor_std,server_midnight,0,1,0,0,UNCLASSIFIED,TRANSITION_UNCLASSIFIED,TRANSITION
941.65,943.55,941.5,943.25,0,0,0,1,0.830713582158411,NY,2,2.1083021223470615,day_anchor_std,server_midnight,0,1,0,0,UNCLASSIFIED,TRANSITION_UNCLASSIFIED,TRANSITION
943.15,943.45,941.75,942.05,0,0,0,1,0.830713582158411,NY,2,2.1083021223470615,day_anchor_std,server_midnight,0,1,0,0,UNCLASSIFIED,TRANSITION_UNCLASSIFIED,TRANSITION
942.45,944.1,942.15,943.65,0,0,0,1,0.830713582158411,NY,2,2.1083021223470615,day_anchor_std,server_midnight,0,1,0,0,UNCLASSIFIED,TRANSITION_UNCLASSIFIED,TRANSITION
943.55,944.95,942.75,944.3,0,0,0,1,0.830713582158411,NY,2,2.1083021223470615,day_anchor_std,server_midnight,0,1,0,0,UNCLASSIFIED,TRANSITION_UNCLASSIFIED,TRANSITION
944.5,945.95,944.45,945.35,0,0,0,1,0.8725705389842023,NY,3,2.269977924944835,day_anchor_std,server_midnight,0,1,0,0,UNCLASSIFIED,TRANSITION_UNCLASSIFIED,TRANSITION
945.45,946.65,945.25,946.35,0,0,0,1,0.8725705389842023,NY,3,2.269977924944835,day_anchor_std,server_midnight,0,1,0,0,UNCLASSIFIED,TRANSITION_UNCLASSIFIED,TRANSITION
946.4,946.55,946.05,946.45,0,0,0,1,0.8725705389842023,NY,3,2.269977924944835,day_anchor_std,server_midnight,0,1,0,0,UNCLASSIFIED,TRANSITION_UNCLASSIFIED,TRANSITION
946.35,946.75,945.95,945.95,0,0,0,1,0.8725705389842023,NY,3,2.269977924944835,day_anchor_std,server_midnight,0,1,0,0,UNCLASSIFIED,TRANSITION_UNCLASSIFIED,TRANSITION
946.05,946.35,944.95,946.1,0,0,0,1,0.9400672055887509,NY,4,2.5568992248061777,day_anchor_std,server_midnight,0,1,0,0,UNCLASSIFIED,TRANSITION_UNCLASSIFIED,TRANSITION
945.9,945.95,944.75,945.1,0,0,0,1,0.9400672055887509,NY,4,2.5568992248061777,day_anchor_std,server_midnight,0,1,0,0,UNCLASSIFIED,TRANSITION_UNCLASSIFIED,TRANSITION
945.3,948.15,945.3,948.15,0,0,0,1,0.9400672055887509,NY,4,2.5568992248061777,day_anchor_std,server_midnight,0,1,0,0,UNCLASSIFIED,TRANSITION_UNCLASSIFIED,TRANSITION
948.2,950.55,947.95,948.65,0,0,0,1,0.9400672055887509,NY,4,2.5568992248061777,day_anchor_std,server_midnight,0,1,0,0,UNCLASSIFIED,TRANSITION_UNCLASSIFIED,TRANSITION
948.45,948.8,947.9,948.35,0,0,0,1,0.6939769330210088,NY_PM,5,2.0960299046145976,day_anchor_std,server_midnight,0,1,0,0,UNCLASSIFIED,TRANSITION_UNCLASSIFIED,TRANSITION
948.3,949.15,948.05,949.05,0,0,0,1,0.6939769330210088,NY_PM,5,2.0960299046145976,day_anchor_std,server_midnight,0,1,0,0,UNCLASSIFIED,TRANSITION_UNCLASSIFIED,TRANSITION
948.95,949.45,947.45,949.45,0,0,0,1,0.6939769330210088,NY_PM,5,2.0960299046145976,day_anchor_std,server_midnight,0,1,0,0,UNCLASSIFIED,TRANSITION_UNCLASSIFIED,TRANSITION
948.55,948.85,947.85,947.85,0,0,0,1,0.6939769330210088,NY_PM,5,2.0960299046145976,day_anchor_std,server_midnight,0,1,0,0,UNCLASSIFIED,TRANSITION_UNCLASSIFIED,TRANSITION
947.65,947.65,947.35,947.35,0,0,0,1,0.9289520344856889,NY_PM,6,1.6043225270158297,day_anchor_std,server_midnight,0,1,0,0,UNCLASSIFIED,TRANSITION_UNCLASSIFIED,TRANSITION
947.25,947.25,946.85,946.85,0,0,0,1,0.9289520344856889,NY_PM,6,1.6043225270158297,day_anchor_std,server_midnight,0,1,0,0,UNCLASSIFIED,TRANSITION_UNCLASSIFIED,TRANSITION
946.85,946.85,946.8,946.85,0,0,0,1,0.9289520344856889,NY_PM,6,1.6043225270158297,day_anchor_std,server_midnight,0,1,0,0,UNCLASSIFIED,TRANSITION_UNCLASSIFIED,TRANSITION
946.35,946.35,946.35,946.35,0,0,0,1,0.9289520344856889,NY_PM,6,1.6043225270158297,day_anchor_std,server_midnight,0,1,0,0,UNCLASSIFIED,TRANSITION_UNCLASSIFIED,TRANSITION
945.85,945.85,945.65,945.65,0,0,0,1,0.8756543992199711,NY_PM,7,1.4010619852622672,day_anchor_std,server_midnight,0,1,0,0,UNCLASSIFIED,TRANSITION_UNCLASSIFIED,TRANSITION
945.45,945.45,945.45,945.45,0,0,0,1,0.8756543992199711,NY_PM,7,1.4010619852622672,day_anchor_std,server_midnight,0,1,0,0,UNCLASSIFIED,TRANSITION_UNCLASSIFIED,TRANSITION
945.85,945.85,945.75,945.85,0,0,0,1,0.8756543992199711,NY_PM,7,1.4010619852622672,day_anchor_std,server_midnight,0,1,0,0,UNCLASSIFIED,TRANSITION_UNCLASSIFIED,TRANSITION
945.45,946.05,945.35,946.05,0,0,0,2,0.9930143564760782,NY_PM,1,1.7381521306253305,day_anchor_std,server_midnight,0,0,0,1,TREND_STRONG,TREND_STRONG,TREND
946.15,946.15,945.85,945.85,0,0,0,2,0.9930143564760782,NY_PM,1,1.7381521306253305,day_anchor_std,server_midnight,0,0,0,1,TREND_STRONG,TREND_STRONG,TREND
946.05,946.85,946.05,946.85,0,0,0,2,0.9930143564760782,NY_PM,1,1.7381521306253305,day_anchor_std,server_midnight,0,0,0,1,TREND_STRONG,TREND_STRONG,TREND
946.75,946.85,946.75,946.85,0,0,0,2,0.9930143564760782,NY_PM,1,1.7381521306253305,day_anchor_std,server_midnight,0,0,0,1,TREND_STRONG,TREND_STRONG,TREND
942.05,942.15,941.75,941.95,0,0,0,1,0.9419193899903545,NY,1,0.10892710892712737,day_anchor_std,server_midnight,1,0,0,0,UNCLASSIFIED,TRANSITION_UNCLASSIFIED,TRANSITION
942.0,942.9,941.45,941.7,0,0,0,1,0.9419193899903545,NY,1,0.10892710892712737,day_anchor_std,server_midnight,1,0,0,0,UNCLASSIFIED,TRANSITION_UNCLASSIFIED,TRANSITION
941.75,942.85,941.75,942.55,0,0,0,1,0.9940270621977694,NY,2,0.022161917684285645,day_anchor_std,server_midnight,1,0,0,0,UNCLASSIFIED,TRANSITION_UNCLASSIFIED,TRANSITION
942.35,942.85,941.75,941.8,0,0,0,1,0.9940270621977694,NY,2,0.022161917684285645,day_anchor_std,server_midnight,1,0,0,0,UNCLASSIFIED,TRANSITION_UNCLASSIFIED,TRANSITION
941.95,942.65,941.95,942.35,0,0,0,1,0.9940270621977694,NY,2,0.022161917684285645,day_anchor_std,server_midnight,1,0,0,0,UNCLASSIFIED,TRANSITION_UNCLASSIFIED,TRANSITION
942.3,942.35,941.85,942.15,0,0,0,1,0.9940270621977694,NY,2,0.022161917684285645,day_anchor_std,server_midnight,1,0,0,0,UNCLASSIFIED,TRANSITION_UNCLASSIFIED,TRANSITION
942.45,945.5,942.45,945.5,0,0,0,1,0.9696517488838605,NY,3,0.4346116027532314,day_anchor_std,server_midnight,1,0,0,0,UNCLASSIFIED,TRANSITION_UNCLASSIFIED,TRANSITION
945.45,946.55,945.15,945.6,0,0,0,1,0.9696517488838605,NY,3,0.4346116027532314,day_anchor_std,server_midnight,1,0,0,0,UNCLASSIFIED,TRANSITION_UNCLASSIFIED,TRANSITION
945.55,945.65,944.25,944.45,0,0,0,1,0.9696517488838605,NY,3,0.4346116027532314,day_anchor_std,server_midnight,1,0,0,0,UNCLASSIFIED,TRANSITION_UNCLASSIFIED,TRANSITION
944.25,944.95,942.95,943.95,0,0,0,1,0.9696517488838605,NY,3,0.4346116027532314,day_anchor_std,server_midnight,1,0,0,0,UNCLASSIFIED,TRANSITION_UNCLASSIFIED,TRANSITION
943.9,944.35,943.3,943.4,0,0,0,1,0.9069944132806602,NY,4,1.513763197586739,day_anchor_std,server_midnight,0,1,0,0,UNCLASSIFIED,TRANSITION_UNCLASSIFIED,TRANSITION
943.45,945.55,943.45,945.35,0,0,0,1,0.9069944132806602,NY,4,1.513763197586739,day_anchor_std,server_midnight,0,1,0,0,UNCLASSIFIED,TRANSITION_UNCLASSIFIED,TRANSITION
945.45,948.45,945.45,947.65,0,0,0,1,0.9069944132806602,NY,4,1.513763197586739,day_anchor_std,server_midnight,0,1,0,0,UNCLASSIFIED,TRANSITION_UNCLASSIFIED,TRANSITION
947.85,948.55,947.45,948.35,0,0,0,1,0.9069944132806602,NY,4,1.513763197586739,day_anchor_std,server_midnight,0,1,0,0,UNCLASSIFIED,TRANSITION_UNCLASSIFIED,TRANSITION
948.5,949.15,948.35,949.15,0,0,0,1,0.9958025804386234,NY_PM,2,1.8900939985538452,day_anchor_std,server_midnight,0,1,0,0,UNCLASSIFIED,TRANSITION_UNCLASSIFIED,TRANSITION
949.2,950.55,949.2,950.55,0,0,0,1,0.9958025804386234,NY_PM,2,1.8900939985538452,day_anchor_std,server_midnight,0,1,0,0,UNCLASSIFIED,TRANSITION_UNCLASSIFIED,TRANSITION
950.6,951.15,950.6,951.15,0,0,0,1,0.9958025804386234,NY_PM,2,1.8900939985538452,day_anchor_std,server_midnight,0,1,0,0,UNCLASSIFIED,TRANSITION_UNCLASSIFIED,TRANSITION
951.2,951.85,951.1,951.85,0,0,0,1,0.9958025804386234,NY_PM,2,1.8900939985538452,day_anchor_std,server_midnight,0,1,0,0,UNCLASSIFIED,TRANSITION_UNCLASSIFIED,TRANSITION
951.8,952.55,951.7,952.55,0,0,0,1,0.8510917245273983,NY_PM,3,2.150666666666626,day_anchor_std,server_midnight,0,1,0,0,UNCLASSIFIED,TRANSITION_UNCLASSIFIED,TRANSITION
952.6,952.6,952.15,952.2,0,0,0,1,0.8510917245273983,NY_PM,3,2.150666666666626,day_anchor_std,server_midnight,0,1,0,0,UNCLASSIFIED,TRANSITION_UNCLASSIFIED,TRANSITION
952.25,952.35,952.25,952.35,0,0,0,1,0.8510917245273983,NY_PM,3,2.150666666666626,day_anchor_std,server_midnight,0,1,0,0,UNCLASSIFIED,TRANSITION_UNCLASSIFIED,TRANSITION
952.4,952.8,952.4,952.8,0,0,0,1,0.8510917245273983,NY_PM,3,2.150666666666626,day_anchor_std,server_midnight,0,1,0,0,UNCLASSIFIED,TRANSITION_UNCLASSIFIED,TRANSITION
955.85,955.95,955.85,955.85,0,0,0,1,0.9638552748173119,NY,4,0.16797900262466264,day_anchor_std,server_midnight,1,0,0,0,UNCLASSIFIED,TRANSITION_UNCLASSIFIED,TRANSITION
955.45,955.65,954.35,954.35,0,0,0,1,0.9638552748173119,NY,4,0.16797900262466264,day_anchor_std,server_midnight,1,0,0,0,UNCLASSIFIED,TRANSITION_UNCLASSIFIED,TRANSITION
953.95,954.85,953.45,954.15,0,0,0,1,0.7901160965124101,NY,5,0.07443762781187156,day_anchor_std,server_midnight,1,0,0,0,UNCLASSIFIED,TRANSITION_UNCLASSIFIED,TRANSITION
954.05,955.5,953.75,954.95,0,0,0,1,0.7901160965124101,NY,5,0.07443762781187156,day_anchor_std,server_midnight,1,0,0,0,UNCLASSIFIED,TRANSITION_UNCLASSIFIED,TRANSITION
955.15,955.55,953.95,954.45,0,0,0,1,0.7901160965124101,NY,5,0.07443762781187156,day_anchor_std,server_midnight,1,0,0,0,UNCLASSIFIED,TRANSITION_UNCLASSIFIED,TRANSITION
954.25,955.25,953.7,954.55,0,0,0,1,0.7901160965124101,NY,5,0.07443762781187156,day_anchor_std,server_midnight,1,0,0,0,UNCLASSIFIED,TRANSITION_UNCLASSIFIED,TRANSITION
956.05,956.05,954.75,955.35,0,0,0,1,0.8587816585875615,NY,1,0.14413364413362478,day_anchor_std,server_midnight,1,0,0,0,UNCLASSIFIED,TRANSITION_UNCLASSIFIED,TRANSITION
955.3,955.5,953.35,954.15,0,0,0,1,0.8587816585875615,NY,1,0.14413364413362478,day_anchor_std,server_midnight,1,0,0,0,UNCLASSIFIED,TRANSITION_UNCLASSIFIED,TRANSITION
954.1,954.35,952.85,953.65,0,0,0,1,0.8587816585875615,NY,1,0.14413364413362478,day_anchor_std,server_midnight,1,0,0,0,UNCLASSIFIED,TRANSITION_UNCLASSIFIED,TRANSITION
953.75,954.75,953.25,954.45,0,0,0,1,0.8587816585875615,NY,1,0.14413364413362478,day_anchor_std,server_midnight,1,0,0,0,UNCLASSIFIED,TRANSITION_UNCLASSIFIED,TRANSITION
951.35,951.55,950.35,951.3,0,0,0,2,0.7593713461371129,NY_PM,2,0.9669211195929003,day_anchor_std,server_midnight,0,0,0,1,UNCLASSIFIED,TREND_UNCLASSIFIED,TREND
951.35,951.9,951.25,951.6,0,0,0,2,0.7593713461371129,NY_PM,2,0.9669211195929003,day_anchor_std,server_midnight,0,0,0,1,UNCLASSIFIED,TREND_UNCLASSIFIED,TREND
951.7,951.7,951.05,951.25,0,0,0,2,0.7593713461371129,NY_PM,2,0.9669211195929003,day_anchor_std,server_midnight,0,0,0,1,UNCLASSIFIED,TREND_UNCLASSIFIED,TREND
950.95,951.05,950.7,951.05,0,0,0,2,0.7593713461371129,NY_PM,2,0.9669211195929003,day_anchor_std,server_midnight,0,0,0,1,UNCLASSIFIED,TREND_UNCLASSIFIED,TREND
951.25,951.25,951.25,951.25,0,0,0,1,0.8955513187898657,NY_PM,2,0.761934156378637,day_anchor_std,server_midnight,1,0,0,0,UNCLASSIFIED,TRANSITION_UNCLASSIFIED,TRANSITION
951.2,951.85,951.15,951.35,0,0,0,1,0.8955513187898657,NY_PM,2,0.761934156378637,day_anchor_std,server_midnight,1,0,0,0,UNCLASSIFIED,TRANSITION_UNCLASSIFIED,TRANSITION
951.55,951.65,951.55,951.65,0,0,0,1,0.8955513187898657,NY_PM,2,0.761934156378637,day_anchor_std,server_midnight,1,0,0,0,UNCLASSIFIED,TRANSITION_UNCLASSIFIED,TRANSITION
951.25,952.35,951.25,952.35,0,0,0,1,0.9972746071954618,NY_PM,3,0.5302403467297401,day_anchor_std,server_midnight,1,0,0,0,UNCLASSIFIED,TRANSITION_UNCLASSIFIED,TRANSITION
952.75,952.75,952.75,952.75,0,0,0,1,0.9972746071954618,NY_PM,3,0.5302403467297401,day_anchor_std,server_midnight,1,0,0,0,UNCLASSIFIED,TRANSITION_UNCLASSIFIED,TRANSITION
952.35,952.45,952.25,952.35,0,0,0,1,0.9972746071954618,NY_PM,3,0.5302403467297401,day_anchor_std,server_midnight,1,0,0,0,UNCLASSIFIED,TRANSITION_UNCLASSIFIED,TRANSITION
949.9,949.9,949.45,949.55,0,0,0,1,0.8596656462660566,NY,4,0.07080459770112917,day_anchor_std,server_midnight,1,0,0,0,UNCLASSIFIED,TRANSITION_UNCLASSIFIED,TRANSITION
949.5,949.55,948.45,949.45,0,0,0,1,0.8596656462660566,NY,4,0.07080459770112917,day_anchor_std,server_midnight,1,0,0,0,UNCLASSIFIED,TRANSITION_UNCLASSIFIED,TRANSITION
949.25,949.35,946.95,946.95,0,0,0,1,0.960136268712073,NY,5,0.14643019554346992,day_anchor_std,server_midnight,1,0,0,0,UNCLASSIFIED,TRANSITION_UNCLASSIFIED,TRANSITION
946.45,947.15,945.35,945.75,0,0,0,1,0.960136268712073,NY,5,0.14643019554346992,day_anchor_std,server_midnight,1,0,0,0,UNCLASSIFIED,TRANSITION_UNCLASSIFIED,TRANSITION
945.65,947.65,945.55,947.3,0,0,0,1,0.960136268712073,NY,5,0.14643019554346992,day_anchor_std,server_midnight,1,0,0,0,UNCLASSIFIED,TRANSITION_UNCLASSIFIED,TRANSITION
947.1,948.35,946.55,948.15,0,0,0,1,0.960136268712073,NY,5,0.14643019554346992,day_anchor_std,server_midnight,1,0,0,0,UNCLASSIFIED,TRANSITION_UNCLASSIFIED,TRANSITION
948.25,948.75,946.75,946.8,0,0,0,1,0.9658539669079274,NY,6,0.7084285932022969,day_anchor_std,server_midnight,1,0,0,0,UNCLASSIFIED,TRANSITION_UNCLASSIFIED,TRANSITION
946.9,946.9,945.55,946.65,0,0,0,1,0.9658539669079274,NY,6,0.7084285932022969,day_anchor_std,server_midnight,1,0,0,0,UNCLASSIFIED,TRANSITION_UNCLASSIFIED,TRANSITION
946.55,949.2,945.95,948.75,0,0,0,1,0.9658539669079274,NY,6,0.7084285932022969,day_anchor_std,server_midnight,1,0,0,0,UNCLASSIFIED,TRANSITION_UNCLASSIFIED,TRANSITION
948.65,950.45,947.85,950.45,0,0,0,1,0.9658539669079274,NY,6,0.7084285932022969,day_anchor_std,server_midnight,1,0,0,0,UNCLASSIFIED,TRANSITION_UNCLASSIFIED,TRANSITION
948.45,949.5,948.45,949.25,0,0,0,1,0.803761354309086,NY,1,0.31401869158875406,day_anchor_std,server_midnight,1,0,0,0,UNCLASSIFIED,TRANSITION_UNCLASSIFIED,TRANSITION
949.15,950.25,949.15,950.05,0,0,0,1,0.803761354309086,NY,1,0.31401869158875406,day_anchor_std,server_midnight,1,0,0,0,UNCLASSIFIED,TRANSITION_UNCLASSIFIED,TRANSITION
949.85,950.95,949.5,950.95,0,0,0,1,0.803761354309086,NY,1,0.31401869158875406,day_anchor_std,server_midnight,1,0,0,0,UNCLASSIFIED,TRANSITION_UNCLASSIFIED,TRANSITION
951.05,951.25,949.4,949.4,0,0,0,1,0.803761354309086,NY,1,0.31401869158875406,day_anchor_std,server_midnight,1,0,0,0,UNCLASSIFIED,TRANSITION_UNCLASSIFIED,TRANSITION
949.35,949.75,947.95,947.95,0,0,0,2,0.8378385833016141,NY_PM,1,0.4613589967920808,day_anchor_std,server_midnight,0,0,0,1,TREND_STRONG,TREND_STRONG,TREND
948.05,948.15,946.45,946.45,0,0,0,2,0.8378385833016141,NY_PM,1,0.4613589967920808,day_anchor_std,server_midnight,0,0,0,1,TREND_STRONG,TREND_STRONG,TREND
946.55,947.45,945.95,947.45,0,0,0,2,0.8378385833016141,NY_PM,1,0.4613589967920808,day_anchor_std,server_midnight,0,0,0,1,TREND_STRONG,TREND_STRONG,TREND
947.25,947.65,947.2,947.2,0,0,0,2,0.8378385833016141,NY_PM,1,0.4613589967920808,day_anchor_std,server_midnight,0,0,0,1,TREND_STRONG,TREND_STRONG,TREND
947.15,947.15,947.15,947.15,0,0,0,2,0.7399499038595966,NY_PM,2,0.4003673094582245,day_anchor_std,server_midnight,0,0,0,1,TREND_STRONG,TREND_STRONG,TREND
947.1,947.15,947.1,947.15,0,0,0,2,0.7399499038595966,NY_PM,2,0.4003673094582245,day_anchor_std,server_midnight,0,0,0,1,TREND_STRONG,TREND_STRONG,TREND
947.25,947.4,947.25,947.35,0,0,0,2,0.7399499038595966,NY_PM,2,0.4003673094582245,day_anchor_std,server_midnight,0,0,0,1,TREND_STRONG,TREND_STRONG,TREND
947.25,947.35,947.25,947.35,0,0,0,1,0.7005432519999493,NY_PM,1,0.5977680737506205,day_anchor_std,server_midnight,1,0,0,0,UNCLASSIFIED,TRANSITION_UNCLASSIFIED,TRANSITION
947.15,947.15,946.85,946.85,0,0,0,1,0.7005432519999493,NY_PM,1,0.5977680737506205,day_anchor_std,server_midnight,1,0,0,0,UNCLASSIFIED,TRANSITION_UNCLASSIFIED,TRANSITION
947.35,947.4,947.35,947.35,0,0,0,1,0.9566263371582789,NY_PM,2,0.7038198072680699,day_anchor_std,server_midnight,1,0,0,0,UNCLASSIFIED,TRANSITION_UNCLASSIFIED,TRANSITION
947.4,947.4,946.85,946.85,0,0,0,1,0.9566263371582789,NY_PM,2,0.7038198072680699,day_anchor_std,server_midnight,1,0,0,0,UNCLASSIFIED,TRANSITION_UNCLASSIFIED,TRANSITION
946.95,946.95,946.85,946.85,0,0,0,1,0.9566263371582789,NY_PM,2,0.7038198072680699,day_anchor_std,server_midnight,1,0,0,0,UNCLASSIFIED,TRANSITION_UNCLASSIFIED,TRANSITION
946.9,946.9,946.65,946.65,0,0,0,1,0.9566263371582789,NY_PM,2,0.7038198072680699,day_anchor_std,server_midnight,1,0,0,0,UNCLASSIFIED,TRANSITION_UNCLASSIFIED,TRANSITION
952.15,953.05,952.15,952.95,0,0,0,1,0.9744754086282675,NY,3,0.13182674199624858,day_anchor_std,server_midnight,1,0,0,0,UNCLASSIFIED,TRANSITION_UNCLASSIFIED,TRANSITION
953.05,953.95,952.85,953.55,0,0,0,1,0.9744754086282675,NY,3,0.13182674199624858,day_anchor_std,server_midnight,1,0,0,0,UNCLASSIFIED,TRANSITION_UNCLASSIFIED,TRANSITION
953.45,953.45,951.45,951.75,0,0,0,1,0.9836553596147151,NY,4,0.31304748732132587,day_anchor_std,server_midnight,1,0,0,0,UNCLASSIFIED,TRANSITION_UNCLASSIFIED,TRANSITION
951.55,952.55,951.25,951.75,0,0,0,1,0.9836553596147151,NY,4,0.31304748732132587,day_anchor_std,server_midnight,1,0,0,0,UNCLASSIFIED,TRANSITION_UNCLASSIFIED,TRANSITION
951.85,952.15,951.65,951.65,0,0,0,1,0.9836553596147151,NY,4,0.31304748732132587,day_anchor_std,server_midnight,1,0,0,0,UNCLASSIFIED,TRANSITION_UNCLASSIFIED,TRANSITION
951.55,952.0,951.45,952.0,0,0,0,1,0.9836553596147151,NY,4,0.31304748732132587,day_anchor_std,server_midnight,1,0,0,0,UNCLASSIFIED,TRANSITION_UNCLASSIFIED,TRANSITION
952.05,952.05,950.15,951.15,0,0,0,1,0.9983260688114067,NY,5,0.6728317220120539,day_anchor_std,server_midnight,1,0,0,0,UNCLASSIFIED,TRANSITION_UNCLASSIFIED,TRANSITION
951.35,951.5,949.25,949.4,0,0,0,1,0.9983260688114067,NY,5,0.6728317220120539,day_anchor_std,server_midnight,1,0,0,0,UNCLASSIFIED,TRANSITION_UNCLASSIFIED,TRANSITION
949.3,949.45,948.35,948.75,0,0,0,1,0.9983260688114067,NY,5,0.6728317220120539,day_anchor_std,server_midnight,1,0,0,0,UNCLASSIFIED,TRANSITION_UNCLASSIFIED,TRANSITION
948.8,950.8,948.7,950.25,0,0,0,1,0.9983260688114067,NY,5,0.6728317220120539,day_anchor_std,server_midnight,1,0,0,0,UNCLASSIFIED,TRANSITION_UNCLASSIFIED,TRANSITION
950.05,950.05,949.45,949.45,0,0,0,1,0.992348613630415,NY,6,1.3937084798749717,day_anchor_std,server_midnight,0,1,0,0,UNCLASSIFIED,TRANSITION_UNCLASSIFIED,TRANSITION
949.35,949.35,948.25,948.35,0,0,0,1,0.992348613630415,NY,6,1.3937084798749717,day_anchor_std,server_midnight,0,1,0,0,UNCLASSIFIED,TRANSITION_UNCLASSIFIED,TRANSITION
948.3,948.75,946.75,946.95,0,0,0,1,0.992348613630415,NY,6,1.3937084798749717,day_anchor_std,server_midnight,0,1,0,0,UNCLASSIFIED,TRANSITION_UNCLASSIFIED,TRANSITION
946.75,947.15,946.25,947.15,0,0,0,1,0.992348613630415,NY,6,1.3937084798749717,day_anchor_std,server_midnight,0,1,0,0,UNCLASSIFIED,TRANSITION_UNCLASSIFIED,TRANSITION
947.05,947.05,945.65,945.75,0,0,0,1,0.936964157520736,NY,7,1.9551096246748423,day_anchor_std,server_midnight,0,1,0,0,UNCLASSIFIED,TRANSITION_UNCLASSIFIED,TRANSITION
945.65,945.7,943.45,944.05,0,0,0,1,0.936964157520736,NY,7,1.9551096246748423,day_anchor_std,server_midnight,0,1,0,0,UNCLASSIFIED,TRANSITION_UNCLASSIFIED,TRANSITION
944.0,944.9,943.65,944.55,0,0,0,1,0.936964157520736,NY,7,1.9551096246748423,day_anchor_std,server_midnight,0,1,0,0,UNCLASSIFIED,TRANSITION_UNCLASSIFIED,TRANSITION
944.45,944.95,943.8,944.3,0,0,0,1,0.936964157520736,NY,7,1.9551096246748423,day_anchor_std,server_midnight,0,1,0,0,UNCLASSIFIED,TRANSITION_UNCLASSIFIED,TRANSITION
944.2,945.65,944.2,945.65,0,0,0,1,0.9499851629881007,NY_PM,8,1.6973001038421596,day_anchor_std,server_midnight,0,1,0,0,UNCLASSIFIED,TRANSITION_UNCLASSIFIED,TRANSITION
945.6,945.95,945.35,945.8,0,0,0,1,0.9499851629881007,NY_PM,8,1.6973001038421596,day_anchor_std,server_midnight,0,1,0,0,UNCLASSIFIED,TRANSITION_UNCLASSIFIED,TRANSITION
946.0,946.05,944.55,944.75,0,0,0,1,0.9499851629881007,NY_PM,8,1.6973001038421596,day_anchor_std,server_midnight,0,1,0,0,UNCLASSIFIED,TRANSITION_UNCLASSIFIED,TRANSITION
944.25,944.85,944.25,944.85,0,0,0,1,0.9499851629881007,NY_PM,8,1.6973001038421596,day_anchor_std,server_midnight,0,1,0,0,UNCLASSIFIED,TRANSITION_UNCLASSIFIED,TRANSITION
945.15,945.35,945.05,945.05,0,0,0,1,0.6626161042262084,NY_PM,9,1.7150127226463485,day_anchor_std,server_midnight,0,1,0,0,TRANSITION_NOISY,TRANSITION_NOISY,TRANSITION
944.85,944.85,944.75,944.85,0,0,0,1,0.6626161042262084,NY_PM,9,1.7150127226463485,day_anchor_std,server_midnight,0,1,0,0,TRANSITION_NOISY,TRANSITION_NOISY,TRANSITION
944.95,945.05,944.95,945.05,0,0,0,1,0.8733539906008276,NY_PM,10,1.3098410472183386,day_anchor_std,server_midnight,0,1,0,0,TRANSITION_NOISY,TRANSITION_NOISY,TRANSITION
945.15,945.15,945.05,945.05,0,0,0,1,0.8733539906008276,NY_PM,10,1.3098410472183386,day_anchor_std,server_midnight,0,1,0,0,TRANSITION_NOISY,TRANSITION_NOISY,TRANSITION
944.95,945.55,944.95,945.35,0,0,0,1,0.8733539906008276,NY_PM,10,1.3098410472183386,day_anchor_std,server_midnight,0,1,0,0,TRANSITION_NOISY,TRANSITION_NOISY,TRANSITION
945.55,946.1,945.55,946.1,0,0,0,1,0.8733539906008276,NY_PM,10,1.3098410472183386,day_anchor_std,server_midnight,0,1,0,0,TRANSITION_NOISY,TRANSITION_NOISY,TRANSITION
945.8,945.8,945.55,945.55,0,0,0,0,0.8062814803970043,NY_PM,1,1.7904855001629258,day_anchor_std,server_midnight,0,0,1,0,BALANCE_LEAKING,BALANCE_LEAKING,BALANCE
945.75,945.8,945.35,945.35,0,0,0,0,0.8062814803970043,NY_PM,1,1.7904855001629258,day_anchor_std,server_midnight,0,0,1,0,BALANCE_LEAKING,BALANCE_LEAKING,BALANCE
945.25,945.35,945.25,945.35,0,0,0,0,0.8062814803970043,NY_PM,1,1.7904855001629258,day_anchor_std,server_midnight,0,0,1,0,BALANCE_LEAKING,BALANCE_LEAKING,BALANCE
945.45,945.45,944.85,944.85,0,0,0,0,0.8062814803970043,NY_PM,1,1.7904855001629258,day_anchor_std,server_midnight,0,0,1,0,BALANCE_LEAKING,BALANCE_LEAKING,BALANCE
941.95,941.95,941.85,941.95,0,0,0,1,0.9945438420117666,NY,1,0.06802721088433882,day_anchor_std,server_midnight,1,0,0,0,UNCLASSIFIED,TRANSITION_UNCLASSIFIED,TRANSITION
942.05,943.15,941.95,942.25,0,0,0,1,0.9945438420117666,NY,1,0.06802721088433882,day_anchor_std,server_midnight,1,0,0,0,UNCLASSIFIED,TRANSITION_UNCLASSIFIED,TRANSITION
942.15,942.95,941.45,941.45,0,0,0,1,0.9976067169194472,NY,2,0.2663622526635757,day_anchor_std,server_midnight,1,0,0,0,UNCLASSIFIED,TRANSITION_UNCLASSIFIED,TRANSITION
941.25,941.35,940.6,940.75,0,0,0,1,0.9976067169194472,NY,2,0.2663622526635757,day_anchor_std,server_midnight,1,0,0,0,UNCLASSIFIED,TRANSITION_UNCLASSIFIED,TRANSITION
941.25,941.95,940.95,941.45,0,0,0,1,0.9976067169194472,NY,2,0.2663622526635757,day_anchor_std,server_midnight,1,0,0,0,UNCLASSIFIED,TRANSITION_UNCLASSIFIED,TRANSITION
941.25,941.75,941.15,941.45,0,0,0,1,0.9976067169194472,NY,2,0.2663622526635757,day_anchor_std,server_midnight,1,0,0,0,UNCLASSIFIED,TRANSITION_UNCLASSIFIED,TRANSITION
941.35,943.25,941.35,943.25,0,0,0,0,0.5304249465425636,NY,1,1.3350993377483609,day_anchor_std,server_midnight,0,0,1,0,BALANCE_STABLE,BALANCE_STABLE,BALANCE
943.35,943.75,942.05,942.05,0,0,0,0,0.5304249465425636,NY,1,1.3350993377483609,day_anchor_std,server_midnight,0,0,1,0,BALANCE_STABLE,BALANCE_STABLE,BALANCE
942.25,943.85,941.95,943.45,0,0,0,0,0.5304249465425636,NY,1,1.3350993377483609,day_anchor_std,server_midnight,0,0,1,0,BALANCE_STABLE,BALANCE_STABLE,BALANCE
943.85,946.55,943.85,946.5,0,0,0,0,0.5304249465425636,NY,1,1.3350993377483609,day_anchor_std,server_midnight,0,0,1,0,BALANCE_STABLE,BALANCE_STABLE,BALANCE
949.65,949.65,948.85,948.95,0,0,0,1,0.7367552597917979,NY_PM,1,0.11578947368420175,day_anchor_std,server_midnight,1,0,0,0,UNCLASSIFIED,TRANSITION_UNCLASSIFIED,TRANSITION
949.1,949.1,948.55,948.7,0,0,0,1,0.7367552597917979,NY_PM,1,0.11578947368420175,day_anchor_std,server_midnight,1,0,0,0,UNCLASSIFIED,TRANSITION_UNCLASSIFIED,TRANSITION
948.6,949.0,948.05,948.2,0,0,0,1,0.7367552597917979,NY_PM,1,0.11578947368420175,day_anchor_std,server_midnight,1,0,0,0,UNCLASSIFIED,TRANSITION_UNCLASSIFIED,TRANSITION
947.65,948.0,947.3,947.95,0,0,0,1,0.7367552597917979,NY_PM,1,0.11578947368420175,day_anchor_std,server_midnight,1,0,0,0,UNCLASSIFIED,TRANSITION_UNCLASSIFIED,TRANSITION
948.15,948.85,947.95,948.85,0,0,0,1,0.9958328212127293,NY_PM,2,0.16769547325104603,day_anchor_std,server_midnight,1,0,0,0,UNCLASSIFIED,TRANSITION_UNCLASSIFIED,TRANSITION
948.65,948.65,947.35,947.35,0,0,0,1,0.9958328212127293,NY_PM,2,0.16769547325104603,day_anchor_std,server_midnight,1,0,0,0,UNCLASSIFIED,TRANSITION_UNCLASSIFIED,TRANSITION
947.45,947.85,947.45,947.85,0,0,0,1,0.9958328212127293,NY_PM,2,0.16769547325104603,day_anchor_std,server_midnight,1,0,0,0,UNCLASSIFIED,TRANSITION_UNCLASSIFIED,TRANSITION
947.45,947.55,947.45,947.55,0,0,0,1,0.9611685286562704,NY,1,0.5128205128204554,day_anchor_std,server_midnight,1,0,0,0,TRANSITION_NOISY,TRANSITION_NOISY,TRANSITION
947.35,947.35,944.55,944.55,0,0,0,1,0.9611685286562704,NY,1,0.5128205128204554,day_anchor_std,server_midnight,1,0,0,0,TRANSITION_NOISY,TRANSITION_NOISY,TRANSITION
948.25,948.35,948.15,948.15,0,0,0,1,0.5817181702945566,NY_PM,1,0.18509615384617029,day_anchor_std,server_midnight,1,0,0,0,TRANSITION_NOISY,TRANSITION_NOISY,TRANSITION
948.1,948.1,947.35,947.35,0,0,0,1,0.5817181702945566,NY_PM,1,0.18509615384617029,day_anchor_std,server_midnight,1,0,0,0,TRANSITION_NOISY,TRANSITION_NOISY,TRANSITION
947.05,947.05,947.05,947.05,0,0,0,1,0.5817181702945566,NY_PM,1,0.18509615384617029,day_anchor_std,server_midnight,1,0,0,0,TRANSITION_NOISY,TRANSITION_NOISY,TRANSITION
946.85,946.85,946.15,946.35,0,0,0,1,0.5817181702945566,NY_PM,1,0.18509615384617029,day_anchor_std,server_midnight,1,0,0,0,TRANSITION_NOISY,TRANSITION_NOISY,TRANSITION
946.65,946.85,946.65,946.85,0,0,0,1,0.7821755037244372,NY_PM,2,0.24798711755232308,day_anchor_std,server_midnight,1,0,0,0,TRANSITION_NOISY,TRANSITION_NOISY,TRANSITION
946.65,946.65,946.65,946.65,0,0,0,1,0.7821755037244372,NY_PM,2,0.24798711755232308,day_anchor_std,server_midnight,1,0,0,0,TRANSITION_NOISY,TRANSITION_NOISY,TRANSITION
946.85,946.85,946.85,946.85,0,0,0,1,0.7821755037244372,NY_PM,2,0.24798711755232308,day_anchor_std,server_midnight,1,0,0,0,TRANSITION_NOISY,TRANSITION_NOISY,TRANSITION
946.95,946.95,945.15,945.25,0,0,0,1,0.7821755037244372,NY_PM,2,0.24798711755232308,day_anchor_std,server_midnight,1,0,0,0,TRANSITION_NOISY,TRANSITION_NOISY,TRANSITION
944.45,944.45,944.2,944.2,0,0,0,1,0.9925132409965343,NY,3,0.17712895377126667,day_anchor_std,server_midnight,1,0,0,0,TRANSITION_NOISY,TRANSITION_NOISY,TRANSITION
944.2,945.45,943.55,943.85,0,0,0,1,0.9925132409965343,NY,3,0.17712895377126667,day_anchor_std,server_midnight,1,0,0,0,TRANSITION_NOISY,TRANSITION_NOISY,TRANSITION
945.75,946.3,945.45,945.45,0,0,0,0,0.7644513078018069,NY,2,1.362650249193808,day_anchor_std,server_midnight,0,0,1,0,BALANCE_LEAKING,BALANCE_LEAKING,BALANCE
945.35,946.9,945.25,946.5,0,0,0,0,0.7644513078018069,NY,2,1.362650249193808,day_anchor_std,server_midnight,0,0,1,0,BALANCE_LEAKING,BALANCE_LEAKING,BALANCE
946.55,948.15,946.55,947.75,0,0,0,0,0.7644513078018069,NY,2,1.362650249193808,day_anchor_std,server_midnight,0,0,1,0,BALANCE_LEAKING,BALANCE_LEAKING,BALANCE
947.95,949.95,947.95,949.45,0,0,0,0,0.7644513078018069,NY,2,1.362650249193808,day_anchor_std,server_midnight,0,0,1,0,BALANCE_LEAKING,BALANCE_LEAKING,BALANCE
949.45,950.05,948.05,949.3,0,0,0,1,0.9993727129284701,NY,1,1.7674129353233423,day_anchor_std,server_midnight,0,1,0,0,UNCLASSIFIED,TRANSITION_UNCLASSIFIED,TRANSITION
949.4,950.15,948.75,950.15,0,0,0,1,0.9993727129284701,NY,1,1.7674129353233423,day_anchor_std,server_midnight,0,1,0,0,UNCLASSIFIED,TRANSITION_UNCLASSIFIED,TRANSITION
950.05,950.25,948.95,949.1,0,0,0,1,0.9993727129284701,NY,1,1.7674129353233423,day_anchor_std,server_midnight,0,1,0,0,UNCLASSIFIED,TRANSITION_UNCLASSIFIED,TRANSITION
949.15,951.85,949.15,951.65,0,0,0,1,0.9993727129284701,NY,1,1.7674129353233423,day_anchor_std,server_midnight,0,1,0,0,UNCLASSIFIED,TRANSITION_UNCLASSIFIED,TRANSITION
954.75,955.95,954.55,955.95,0,0,0,2,0.8914741669683786,NY_PM,2,2.193106880676879,day_anchor_std,server_midnight,0,0,0,1,TREND_STRONG,TREND_STRONG,TREND
956.15,958.25,956.15,956.75,0,0,0,2,0.8914741669683786,NY_PM,2,2.193106880676879,day_anchor_std,server_midnight,0,0,0,1,TREND_STRONG,TREND_STRONG,TREND
956.95,959.05,956.15,956.75,0,0,0,2,0.8914741669683786,NY_PM,2,2.193106880676879,day_anchor_std,server_midnight,0,0,0,1,TREND_STRONG,TREND_STRONG,TREND
956.55,957.8,955.35,955.35,0,0,0,2,0.8914741669683786,NY_PM,2,2.193106880676879,day_anchor_std,server_midnight,0,0,0,1,TREND_STRONG,TREND_STRONG,TREND
955.05,955.05,953.05,953.05,0,0,0,2,0.7511020502566252,NY_PM,3,1.290322580645152,day_anchor_std,server_midnight,0,0,0,1,UNCLASSIFIED,TREND_UNCLASSIFIED,TREND
952.85,952.85,952.85,952.85,0,0,0,2,0.7511020502566252,NY_PM,3,1.290322580645152,day_anchor_std,server_midnight,0,0,0,1,UNCLASSIFIED,TREND_UNCLASSIFIED,TREND
954.15,954.15,954.15,954.15,0,0,0,1,0.7216226042561438,NY_PM,1,1.6308243727598468,day_anchor_std,server_midnight,0,1,0,0,UNCLASSIFIED,TRANSITION_UNCLASSIFIED,TRANSITION
954.25,954.25,954.25,954.25,0,0,0,2,0.8484172774179177,NY_PM,1,1.5471819645732898,day_anchor_std,server_midnight,0,0,0,1,UNCLASSIFIED,TREND_UNCLASSIFIED,TREND
954.15,954.15,953.95,954.15,0,0,0,2,0.8484172774179177,NY_PM,1,1.5471819645732898,day_anchor_std,server_midnight,0,0,0,1,UNCLASSIFIED,TREND_UNCLASSIFIED,TREND
954.05,954.1,954.05,954.05,0,0,0,2,0.8484172774179177,NY_PM,1,1.5471819645732898,day_anchor_std,server_midnight,0,0,0,1,UNCLASSIFIED,TREND_UNCLASSIFIED,TREND
959.25,961.3,958.95,960.75,0,0,0,1,0.999408316824712,NY,1,0.5753681392235469,day_anchor_std,server_midnight,1,0,0,0,TRANSITION_NOISY,TRANSITION_NOISY,TRANSITION
960.55,962.45,959.55,962.4,0,0,0,1,0.999408316824712,NY,1,0.5753681392235469,day_anchor_std,server_midnight,1,0,0,0,TRANSITION_NOISY,TRANSITION_NOISY,TRANSITION
962.2,962.55,961.25,962.55,0,0,0,1,0.999408316824712,NY,1,0.5753681392235469,day_anchor_std,server_midnight,1,0,0,0,TRANSITION_NOISY,TRANSITION_NOISY,TRANSITION
962.6,962.8,961.05,961.55,0,0,0,1,0.999408316824712,NY,1,0.5753681392235469,day_anchor_std,server_midnight,1,0,0,0,TRANSITION_NOISY,TRANSITION_NOISY,TRANSITION
961.65,962.05,960.75,962.05,0,0,0,1,0.9663383380886699,NY_PM,2,0.4169530355097251,day_anchor_std,server_midnight,1,0,0,0,TRANSITION_NOISY,TRANSITION_NOISY,TRANSITION
961.95,962.3,960.95,961.3,0,0,0,1,0.9663383380886699,NY_PM,2,0.4169530355097251,day_anchor_std,server_midnight,1,0,0,0,TRANSITION_NOISY,TRANSITION_NOISY,TRANSITION
961.2,961.45,958.55,959.25,0,0,0,1,0.9663383380886699,NY_PM,2,0.4169530355097251,day_anchor_std,server_midnight,1,0,0,0,TRANSITION_NOISY,TRANSITION_NOISY,TRANSITION
958.95,958.95,956.85,957.85,0,0,0,1,0.9663383380886699,NY_PM,2,0.4169530355097251,day_anchor_std,server_midnight,1,0,0,0,TRANSITION_NOISY,TRANSITION_NOISY,TRANSITION
956.45,956.45,955.45,955.65,0,0,0,1,0.9953550006325051,NY,3,0.053080568720391214,day_anchor_std,server_midnight,1,0,0,0,UNCLASSIFIED,TRANSITION_UNCLASSIFIED,TRANSITION
955.25,956.25,955.25,955.55,0,0,0,1,0.9953550006325051,NY,3,0.053080568720391214,day_anchor_std,server_midnight,1,0,0,0,UNCLASSIFIED,TRANSITION_UNCLASSIFIED,TRANSITION
955.45,957.15,955.45,956.05,0,0,0,1,0.9987890579695589,NY,4,0.4508090614886649,day_anchor_std,server_midnight,1,0,0,0,UNCLASSIFIED,TRANSITION_UNCLASSIFIED,TRANSITION
956.15,956.15,954.55,955.15,0,0,0,1,0.9987890579695589,NY,4,0.4508090614886649,day_anchor_std,server_midnight,1,0,0,0,UNCLASSIFIED,TRANSITION_UNCLASSIFIED,TRANSITION
955.05,957.55,955.05,957.45,0,0,0,1,0.9987890579695589,NY,4,0.4508090614886649,day_anchor_std,server_midnight,1,0,0,0,UNCLASSIFIED,TRANSITION_UNCLASSIFIED,TRANSITION
957.35,958.0,956.65,957.95,0,0,0,1,0.9987890579695589,NY,4,0.4508090614886649,day_anchor_std,server_midnight,1,0,0,0,UNCLASSIFIED,TRANSITION_UNCLASSIFIED,TRANSITION
958.05,960.25,957.95,958.15,0,0,0,1,0.9967812455504671,NY,5,0.7080566622399308,day_anchor_std,server_midnight,1,0,0,0,UNCLASSIFIED,TRANSITION_UNCLASSIFIED,TRANSITION
958.05,959.3,957.95,959.3,0,0,0,1,0.9967812455504671,NY,5,0.7080566622399308,day_anchor_std,server_midnight,1,0,0,0,UNCLASSIFIED,TRANSITION_UNCLASSIFIED,TRANSITION
959.4,959.75,959.15,959.2,0,0,0,1,0.9967812455504671,NY,5,0.7080566622399308,day_anchor_std,server_midnight,1,0,0,0,UNCLASSIFIED,TRANSITION_UNCLASSIFIED,TRANSITION
959.3,960.45,958.95,959.45,0,0,0,1,0.9967812455504671,NY,5,0.7080566622399308,day_anchor_std,server_midnight,1,0,0,0,UNCLASSIFIED,TRANSITION_UNCLASSIFIED,TRANSITION
959.35,959.65,957.55,958.15,0,0,0,1,0.9948416800292996,NY,6,0.514872292272885,day_anchor_std,server_midnight,1,0,0,0,UNCLASSIFIED,TRANSITION_UNCLASSIFIED,TRANSITION
957.95,959.25,957.65,957.65,0,0,0,1,0.9948416800292996,NY,6,0.514872292272885,day_anchor_std,server_midnight,1,0,0,0,UNCLASSIFIED,TRANSITION_UNCLASSIFIED,TRANSITION
957.85,958.15,956.15,956.2,0,0,0,1,0.9948416800292996,NY,6,0.514872292272885,day_anchor_std,server_midnight,1,0,0,0,UNCLASSIFIED,TRANSITION_UNCLASSIFIED,TRANSITION
956.05,956.35,954.55,954.95,0,0,0,1,0.9948416800292996,NY,6,0.514872292272885,day_anchor_std,server_midnight,1,0,0,0,UNCLASSIFIED,TRANSITION_UNCLASSIFIED,TRANSITION
953.85,953.85,953.85,953.85,0,0,0,1,0.9613621006398312,NY_PM,1,0.6178841724251359,day_anchor_std,server_midnight,1,0,0,0,TRANSITION_NOISY,TRANSITION_NOISY,TRANSITION
954.35,954.35,954.35,954.35,0,0,0,1,0.9613621006398312,NY_PM,1,0.6178841724251359,day_anchor_std,server_midnight,1,0,0,0,TRANSITION_NOISY,TRANSITION_NOISY,TRANSITION
954.15,954.15,953.85,953.85,0,0,0,1,0.9613621006398312,NY_PM,1,0.6178841724251359,day_anchor_std,server_midnight,1,0,0,0,TRANSITION_NOISY,TRANSITION_NOISY,TRANSITION
953.75,953.75,953.75,953.75,0,0,0,1,0.9613621006398312,NY_PM,1,0.6178841724251359,day_anchor_std,server_midnight,1,0,0,0,TRANSITION_NOISY,TRANSITION_NOISY,TRANSITION
949.85,949.85,949.3,949.35,0,0,0,1,0.9685204890187429,NY,3,0.2575423105224549,day_anchor_std,server_midnight,1,0,0,0,TRANSITION_NOISY,TRANSITION_NOISY,TRANSITION
949.4,952.3,949.4,952.05,0,0,0,1,0.9685204890187429,NY,3,0.2575423105224549,day_anchor_std,server_midnight,1,0,0,0,TRANSITION_NOISY,TRANSITION_NOISY,TRANSITION
952.15,952.5,951.45,951.7,0,0,0,1,0.9507857576092711,NY,4,0.756967670011171,day_anchor_std,server_midnight,1,0,0,0,TRANSITION_NOISY,TRANSITION_NOISY,TRANSITION
951.75,953.05,951.65,952.05,0,0,0,1,0.9507857576092711,NY,4,0.756967670011171,day_anchor_std,server_midnight,1,0,0,0,TRANSITION_NOISY,TRANSITION_NOISY,TRANSITION
951.95,953.4,951.95,953.25,0,0,0,1,0.9507857576092711,NY,4,0.756967670011171,day_anchor_std,server_midnight,1,0,0,0,TRANSITION_NOISY,TRANSITION_NOISY,TRANSITION
953.2,954.5,953.05,954.4,0,0,0,1,0.9507857576092711,NY,4,0.756967670011171,day_anchor_std,server_midnight,1,0,0,0,TRANSITION_NOISY,TRANSITION_NOISY,TRANSITION
954.45,954.45,953.4,953.4,0,0,0,1,0.9427831064917916,NY,5,0.605149051490521,day_anchor_std,server_midnight,1,0,0,0,TRANSITION_NOISY,TRANSITION_NOISY,TRANSITION
953.35,953.95,952.9,952.9,0,0,0,1,0.9427831064917916,NY,5,0.605149051490521,day_anchor_std,server_midnight,1,0,0,0,TRANSITION_NOISY,TRANSITION_NOISY,TRANSITION
952.95,953.15,952.3,952.85,0,0,0,1,0.9427831064917916,NY,5,0.605149051490521,day_anchor_std,server_midnight,1,0,0,0,TRANSITION_NOISY,TRANSITION_NOISY,TRANSITION
952.45,953.95,952.35,953.95,0,0,0,1,0.9427831064917916,NY,5,0.605149051490521,day_anchor_std,server_midnight,1,0,0,0,TRANSITION_NOISY,TRANSITION_NOISY,TRANSITION
954.0,954.25,953.5,953.8,0,0,0,0,0.5557136448960388,NY,1,1.2385057471264465,day_anchor_std,server_midnight,0,0,1,0,BALANCE_LEAKING,BALANCE_LEAKING,BALANCE
953.75,954.55,953.5,954.3,0,0,0,0,0.5557136448960388,NY,1,1.2385057471264465,day_anchor_std,server_midnight,0,0,1,0,BALANCE_LEAKING,BALANCE_LEAKING,BALANCE
954.35,954.35,953.35,953.75,0,0,0,0,0.5557136448960388,NY,1,1.2385057471264465,day_anchor_std,server_midnight,0,0,1,0,BALANCE_LEAKING,BALANCE_LEAKING,BALANCE
953.85,957.3,953.85,956.3,0,0,0,0,0.5557136448960388,NY,1,1.2385057471264465,day_anchor_std,server_midnight,0,0,1,0,BALANCE_LEAKING,BALANCE_LEAKING,BALANCE
956.6,957.15,956.4,956.95,0,0,0,0,0.8312537880353479,NY,2,1.3485766758493976,day_anchor_std,server_midnight,0,0,1,0,BALANCE_LEAKING,BALANCE_LEAKING,BALANCE
957.0,957.2,956.35,957.05,0,0,0,0,0.8312537880353479,NY,2,1.3485766758493976,day_anchor_std,server_midnight,0,0,1,0,BALANCE_LEAKING,BALANCE_LEAKING,BALANCE
957.1,957.35,956.85,957.35,0,0,0,0,0.8312537880353479,NY,2,1.3485766758493976,day_anchor_std,server_midnight,0,0,1,0,BALANCE_LEAKING,BALANCE_LEAKING,BALANCE
957.3,957.45,956.55,956.55,0,0,0,0,0.8312537880353479,NY,2,1.3485766758493976,day_anchor_std,server_midnight,0,0,1,0,BALANCE_LEAKING,BALANCE_LEAKING,BALANCE
956.45,957.35,955.95,955.95,0,0,0,1,0.9853495008977742,NY_PM,1,0.7962188129552127,day_anchor_std,server_midnight,1,0,0,0,UNCLASSIFIED,TRANSITION_UNCLASSIFIED,TRANSITION
955.85,956.45,955.6,956.35,0,0,0,1,0.9853495008977742,NY_PM,1,0.7962188129552127,day_anchor_std,server_midnight,1,0,0,0,UNCLASSIFIED,TRANSITION_UNCLASSIFIED,TRANSITION
956.15,957.4,956.15,957.35,0,0,0,1,0.9853495008977742,NY_PM,1,0.7962188129552127,day_anchor_std,server_midnight,1,0,0,0,UNCLASSIFIED,TRANSITION_UNCLASSIFIED,TRANSITION
956.85,956.9,955.25,955.25,0,0,0,1,0.9853495008977742,NY_PM,1,0.7962188129552127,day_anchor_std,server_midnight,1,0,0,0,UNCLASSIFIED,TRANSITION_UNCLASSIFIED,TRANSITION
955.15,955.15,954.65,954.85,0,0,0,1,0.9917296913932377,NY_PM,2,0.3441814595661043,day_anchor_std,server_midnight,1,0,0,0,UNCLASSIFIED,TRANSITION_UNCLASSIFIED,TRANSITION
954.65,954.65,954.35,954.35,0,0,0,1,0.9917296913932377,NY_PM,2,0.3441814595661043,day_anchor_std,server_midnight,1,0,0,0,UNCLASSIFIED,TRANSITION_UNCLASSIFIED,TRANSITION
954.55,954.75,954.35,954.35,0,0,0,1,0.9917296913932377,NY_PM,2,0.3441814595661043,day_anchor_std,server_midnight,1,0,0,0,UNCLASSIFIED,TRANSITION_UNCLASSIFIED,TRANSITION
954.45,954.45,953.85,954.1,0,0,0,1,0.9917296913932377,NY_PM,2,0.3441814595661043,day_anchor_std,server_midnight,1,0,0,0,UNCLASSIFIED,TRANSITION_UNCLASSIFIED,TRANSITION
970.5,971.45,970.1,971.45,0,0,0,1,0.9660322986444447,NY,1,1.5192632386799507,day_anchor_std,server_midnight,0,1,0,0,UNCLASSIFIED,TRANSITION_UNCLASSIFIED,TRANSITION
971.45,971.95,968.45,969.05,0,0,0,1,0.9660322986444447,NY,1,1.5192632386799507,day_anchor_std,server_midnight,0,1,0,0,UNCLASSIFIED,TRANSITION_UNCLASSIFIED,TRANSITION
969.1,969.15,965.6,966.65,0,0,0,1,0.9660322986444447,NY,1,1.5192632386799507,day_anchor_std,server_midnight,0,1,0,0,UNCLASSIFIED,TRANSITION_UNCLASSIFIED,TRANSITION
966.75,967.05,963.55,963.55,0,0,0,1,0.9660322986444447,NY,1,1.5192632386799507,day_anchor_std,server_midnight,0,1,0,0,UNCLASSIFIED,TRANSITION_UNCLASSIFIED,TRANSITION
963.5,963.8,962.25,963.4,0,0,0,1,0.9955184049448269,NY_PM,2,1.8991173801864116,day_anchor_std,server_midnight,0,1,0,0,UNCLASSIFIED,TRANSITION_UNCLASSIFIED,TRANSITION
963.35,963.45,959.55,959.55,0,0,0,1,0.9955184049448269,NY_PM,2,1.8991173801864116,day_anchor_std,server_midnight,0,1,0,0,UNCLASSIFIED,TRANSITION_UNCLASSIFIED,TRANSITION
959.95,962.05,958.45,961.55,0,0,0,1,0.9955184049448269,NY_PM,2,1.8991173801864116,day_anchor_std,server_midnight,0,1,0,0,UNCLASSIFIED,TRANSITION_UNCLASSIFIED,TRANSITION
961.45,961.85,960.35,960.55,0,0,0,1,0.9955184049448269,NY_PM,2,1.8991173801864116,day_anchor_std,server_midnight,0,1,0,0,UNCLASSIFIED,TRANSITION_UNCLASSIFIED,TRANSITION
960.85,961.85,960.85,960.85,0,0,0,1,0.9927933319688369,NY_PM,3,1.5814307458142836,day_anchor_std,server_midnight,0,1,0,0,UNCLASSIFIED,TRANSITION_UNCLASSIFIED,TRANSITION
961.05,961.75,961.05,961.35,0,0,0,1,0.9927933319688369,NY_PM,3,1.5814307458142836,day_anchor_std,server_midnight,0,1,0,0,UNCLASSIFIED,TRANSITION_UNCLASSIFIED,TRANSITION
960.85,960.85,960.85,960.85,0,0,0,1,0.9927933319688369,NY_PM,3,1.5814307458142836,day_anchor_std,server_midnight,0,1,0,0,UNCLASSIFIED,TRANSITION_UNCLASSIFIED,TRANSITION
960.45,961.65,960.45,961.65,0,0,0,1,0.9927933319688369,NY_PM,3,1.5814307458142836,day_anchor_std,server_midnight,0,1,0,0,UNCLASSIFIED,TRANSITION_UNCLASSIFIED,TRANSITION
961.25,961.75,960.85,960.85,0,0,0,1,0.9972884207658987,NY_PM,4,1.9106471030849852,day_anchor_std,server_midnight,0,1,0,0,UNCLASSIFIED,TRANSITION_UNCLASSIFIED,TRANSITION
960.35,960.35,958.85,958.95,0,0,0,1,0.9972884207658987,NY_PM,4,1.9106471030849852,day_anchor_std,server_midnight,0,1,0,0,UNCLASSIFIED,TRANSITION_UNCLASSIFIED,TRANSITION
958.85,958.95,958.85,958.85,0,0,0,1,0.9972884207658987,NY_PM,4,1.9106471030849852,day_anchor_std,server_midnight,0,1,0,0,UNCLASSIFIED,TRANSITION_UNCLASSIFIED,TRANSITION
958.95,959.45,958.95,959.45,0,0,0,1,0.9972884207658987,NY_PM,4,1.9106471030849852,day_anchor_std,server_midnight,0,1,0,0,UNCLASSIFIED,TRANSITION_UNCLASSIFIED,TRANSITION
959.35,959.85,959.25,959.85,0,0,0,1,0.999402976491634,NY_PM,5,1.350440379403746,day_anchor_std,server_midnight,0,1,0,0,UNCLASSIFIED,TRANSITION_UNCLASSIFIED,TRANSITION
959.35,959.35,959.35,959.35,0,0,0,1,0.999402976491634,NY_PM,5,1.350440379403746,day_anchor_std,server_midnight,0,1,0,0,UNCLASSIFIED,TRANSITION_UNCLASSIFIED,TRANSITION
959.45,961.35,959.35,961.35,0,0,0,1,0.999402976491634,NY_PM,5,1.350440379403746,day_anchor_std,server_midnight,0,1,0,0,UNCLASSIFIED,TRANSITION_UNCLASSIFIED,TRANSITION
961.85,962.35,961.85,961.85,0,0,0,1,0.999402976491634,NY_PM,5,1.350440379403746,day_anchor_std,server_midnight,0,1,0,0,UNCLASSIFIED,TRANSITION_UNCLASSIFIED,TRANSITION
957.25,957.25,957.0,957.0,0,0,0,1,0.9992105607939584,NY,6,0.09286898839135999,day_anchor_std,server_midnight,1,0,0,0,UNCLASSIFIED,TRANSITION_UNCLASSIFIED,TRANSITION
956.95,957.35,955.95,955.95,0,0,0,1,0.9992105607939584,NY,6,0.09286898839135999,day_anchor_std,server_midnight,1,0,0,0,UNCLASSIFIED,TRANSITION_UNCLASSIFIED,TRANSITION
956.05,956.25,954.75,955.05,0,0,0,1,0.995516651040047,NY,7,0.42065727699528194,day_anchor_std,server_midnight,1,0,0,0,UNCLASSIFIED,TRANSITION_UNCLASSIFIED,TRANSITION
954.85,955.25,954.05,954.05,0,0,0,1,0.995516651040047,NY,7,0.42065727699528194,day_anchor_std,server_midnight,1,0,0,0,UNCLASSIFIED,TRANSITION_UNCLASSIFIED,TRANSITION
954.15,954.55,953.65,954.05,0,0,0,1,0.995516651040047,NY,7,0.42065727699528194,day_anchor_std,server_midnight,1,0,0,0,UNCLASSIFIED,TRANSITION_UNCLASSIFIED,TRANSITION
954.15,955.05,953.45,953.45,0,0,0,1,0.995516651040047,NY,7,0.42065727699528194,day_anchor_std,server_midnight,1,0,0,0,UNCLASSIFIED,TRANSITION_UNCLASSIFIED,TRANSITION
953.5,953.5,950.65,950.65,0,0,0,1,0.9946830349868365,NY,8,0.7645412601164946,day_anchor_std,server_midnight,1,0,0,0,UNCLASSIFIED,TRANSITION_UNCLASSIFIED,TRANSITION
950.55,950.85,949.65,950.5,0,0,0,1,0.9946830349868365,NY,8,0.7645412601164946,day_anchor_std,server_midnight,1,0,0,0,UNCLASSIFIED,TRANSITION_UNCLASSIFIED,TRANSITION
950.55,951.7,950.55,951.35,0,0,0,1,0.9946830349868365,NY,8,0.7645412601164946,day_anchor_std,server_midnight,1,0,0,0,UNCLASSIFIED,TRANSITION_UNCLASSIFIED,TRANSITION
951.55,951.55,950.55,950.55,0,0,0,1,0.9946830349868365,NY,8,0.7645412601164946,day_anchor_std,server_midnight,1,0,0,0,UNCLASSIFIED,TRANSITION_UNCLASSIFIED,TRANSITION
945.65,947.3,945.2,946.45,0,0,0,2,0.946998147525072,NY_PM,3,0.9123475609756062,day_anchor_std,server_midnight,0,0,0,1,TREND_STRONG,TREND_STRONG,TREND
946.35,948.55,946.15,948.0,0,0,0,2,0.946998147525072,NY_PM,3,0.9123475609756062,day_anchor_std,server_midnight,0,0,0,1,TREND_STRONG,TREND_STRONG,TREND
948.1,949.55,947.4,948.85,0,0,0,2,0.946998147525072,NY_PM,3,0.9123475609756062,day_anchor_std,server_midnight,0,0,0,1,TREND_STRONG,TREND_STRONG,TREND
948.45,948.55,948.05,948.2,0,0,0,2,0.946998147525072,NY_PM,3,0.9123475609756062,day_anchor_std,server_midnight,0,0,0,1,TREND_STRONG,TREND_STRONG,TREND
947.95,950.85,947.35,949.15,0,0,0,1,0.9927035327387438,NY_PM,3,0.5963440420162336,day_anchor_std,server_midnight,1,0,0,0,TRANSITION_NOISY,TRANSITION_NOISY,TRANSITION
948.65,948.85,948.45,948.65,0,0,0,1,0.9927035327387438,NY_PM,3,0.5963440420162336,day_anchor_std,server_midnight,1,0,0,0,TRANSITION_NOISY,TRANSITION_NOISY,TRANSITION
948.55,949.95,948.35,949.85,0,0,0,1,0.9927035327387438,NY_PM,3,0.5963440420162336,day_anchor_std,server_midnight,1,0,0,0,TRANSITION_NOISY,TRANSITION_NOISY,TRANSITION
950.05,950.05,949.25,949.35,0,0,0,1,0.9927035327387438,NY_PM,3,0.5963440420162336,day_anchor_std,server_midnight,1,0,0,0,TRANSITION_NOISY,TRANSITION_NOISY,TRANSITION
951.15,951.55,951.05,951.45,0,0,0,1,0.7838202946819512,NY,4,0.16867469879518804,day_anchor_std,server_midnight,1,0,0,0,UNCLASSIFIED,TRANSITION_UNCLASSIFIED,TRANSITION
951.15,953.25,951.15,953.05,0,0,0,1,0.7838202946819512,NY,4,0.16867469879518804,day_anchor_std,server_midnight,1,0,0,0,UNCLASSIFIED,TRANSITION_UNCLASSIFIED,TRANSITION
957.85,958.95,957.85,958.35,0,0,0,0,0.8588400306404105,NY,2,1.5483472350942395,day_anchor_std,server_midnight,0,0,1,0,UNCLASSIFIED,BALANCE_UNCLASSIFIED,BALANCE
958.45,961.15,958.45,959.65,0,0,0,0,0.8588400306404105,NY,2,1.5483472350942395,day_anchor_std,server_midnight,0,0,1,0,UNCLASSIFIED,BALANCE_UNCLASSIFIED,BALANCE
959.45,962.55,958.95,962.55,0,0,0,0,0.8588400306404105,NY,2,1.5483472350942395,day_anchor_std,server_midnight,0,0,1,0,UNCLASSIFIED,BALANCE_UNCLASSIFIED,BALANCE
962.05,962.05,960.45,961.5,0,0,0,0,0.8588400306404105,NY,2,1.5483472350942395,day_anchor_std,server_midnight,0,0,1,0,UNCLASSIFIED,BALANCE_UNCLASSIFIED,BALANCE
961.45,961.75,960.7,960.8,0,0,0,1,0.9629322310487712,NY,1,1.7065439672801679,day_anchor_std,server_midnight,0,1,0,0,UNCLASSIFIED,TRANSITION_UNCLASSIFIED,TRANSITION
960.9,961.35,959.85,960.85,0,0,0,1,0.9629322310487712,NY,1,1.7065439672801679,day_anchor_std,server_midnight,0,1,0,0,UNCLASSIFIED,TRANSITION_UNCLASSIFIED,TRANSITION
960.95,964.25,960.75,963.75,0,0,0,1,0.9629322310487712,NY,1,1.7065439672801679,day_anchor_std,server_midnight,0,1,0,0,UNCLASSIFIED,TRANSITION_UNCLASSIFIED,TRANSITION
963.55,965.85,963.55,963.65,0,0,0,1,0.9629322310487712,NY,1,1.7065439672801679,day_anchor_std,server_midnight,0,1,0,0,UNCLASSIFIED,TRANSITION_UNCLASSIFIED,TRANSITION
968.45,969.5,967.35,968.45,0,0,0,2,0.9945765409441862,NY_PM,2,2.3846520041893196,day_anchor_std,server_midnight,0,0,0,1,TREND_STRONG,TREND_STRONG,TREND
968.35,971.15,968.25,970.95,0,0,0,2,0.9945765409441862,NY_PM,2,2.3846520041893196,day_anchor_std,server_midnight,0,0,0,1,TREND_STRONG,TREND_STRONG,TREND
971.35,971.55,969.3,969.85,0,0,0,2,0.9945765409441862,NY_PM,2,2.3846520041893196,day_anchor_std,server_midnight,0,0,0,1,TREND_STRONG,TREND_STRONG,TREND
969.3,969.3,968.85,968.85,0,0,0,2,0.9945765409441862,NY_PM,2,2.3846520041893196,day_anchor_std,server_midnight,0,0,0,1,TREND_STRONG,TREND_STRONG,TREND
969.15,969.35,968.85,969.2,0,0,0,2,0.997840779951616,NY_PM,3,2.828995242093517,day_anchor_std,server_midnight,0,0,0,1,TREND_STRONG,TREND_STRONG,TREND
969.25,969.85,969.25,969.85,0,0,0,2,0.997840779951616,NY_PM,3,2.828995242093517,day_anchor_std,server_midnight,0,0,0,1,TREND_STRONG,TREND_STRONG,TREND
970.35,971.85,970.35,971.85,0,0,0,2,0.997840779951616,NY_PM,3,2.828995242093517,day_anchor_std,server_midnight,0,0,0,1,TREND_STRONG,TREND_STRONG,TREND
972.35,972.85,971.85,971.85,0,0,0,2,0.997840779951616,NY_PM,3,2.828995242093517,day_anchor_std,server_midnight,0,0,0,1,TREND_STRONG,TREND_STRONG,TREND
971.35,972.35,970.35,970.35,0,0,0,2,0.9981827385972684,NY_PM,4,2.106536502546718,day_anchor_std,server_midnight,0,0,0,1,UNCLASSIFIED,TREND_UNCLASSIFIED,TREND
969.85,970.35,969.85,970.35,0,0,0,2,0.9981827385972684,NY_PM,4,2.106536502546718,day_anchor_std,server_midnight,0,0,0,1,UNCLASSIFIED,TREND_UNCLASSIFIED,TREND
969.85,969.85,969.15,969.25,0,0,0,2,0.9981827385972684,NY_PM,4,2.106536502546718,day_anchor_std,server_midnight,0,0,0,1,UNCLASSIFIED,TREND_UNCLASSIFIED,TREND
981.55,982.95,977.65,977.85,0,0,0,2,0.9984731004608871,NY_PM,10,0.08416252072964837,day_anchor_std,server_midnight,0,0,0,1,UNCLASSIFIED,TREND_UNCLASSIFIED,TREND
978.05,980.55,978.05,980.15,0,0,0,2,0.9984731004608871,NY_PM,10,0.08416252072964837,day_anchor_std,server_midnight,0,0,0,1,UNCLASSIFIED,TREND_UNCLASSIFIED,TREND
980.2,980.55,978.4,978.85,0,0,0,2,0.9984731004608871,NY_PM,10,0.08416252072964837,day_anchor_std,server_midnight,0,0,0,1,UNCLASSIFIED,TREND_UNCLASSIFIED,TREND
978.55,979.35,978.15,978.65,0,0,0,2,0.9984731004608871,NY_PM,10,0.08416252072964837,day_anchor_std,server_midnight,0,0,0,1,UNCLASSIFIED,TREND_UNCLASSIFIED,TREND
978.75,978.85,978.35,978.85,0,0,0,1,0.99937881108797,NY_PM,1,0.05779153766774493,day_anchor_std,server_midnight,1,0,0,0,TRANSITION_NOISY,TRANSITION_NOISY,TRANSITION
978.95,979.85,978.95,979.85,0,0,0,1,0.99937881108797,NY_PM,1,0.05779153766774493,day_anchor_std,server_midnight,1,0,0,0,TRANSITION_NOISY,TRANSITION_NOISY,TRANSITION
979.35,979.65,979.15,979.35,0,0,0,1,0.99937881108797,NY_PM,1,0.05779153766774493,day_anchor_std,server_midnight,1,0,0,0,TRANSITION_NOISY,TRANSITION_NOISY,TRANSITION
979.65,979.65,979.35,979.35,0,0,0,1,0.99937881108797,NY_PM,1,0.05779153766774493,day_anchor_std,server_midnight,1,0,0,0,TRANSITION_NOISY,TRANSITION_NOISY,TRANSITION
979.55,979.55,979.55,979.55,0,0,0,1,0.9973955611111869,NY_PM,2,0.12648809523812288,day_anchor_std,server_midnight,1,0,0,0,UNCLASSIFIED,TRANSITION_UNCLASSIFIED,TRANSITION
979.65,979.65,979.65,979.65,0,0,0,1,0.9973955611111869,NY_PM,2,0.12648809523812288,day_anchor_std,server_midnight,1,0,0,0,UNCLASSIFIED,TRANSITION_UNCLASSIFIED,TRANSITION
979.55,979.55,979.35,979.55,0,0,0,1,0.9994087918527794,NY_PM,3,0.018076792388748056,day_anchor_std,server_midnight,1,0,0,0,UNCLASSIFIED,TRANSITION_UNCLASSIFIED,TRANSITION
979.15,979.15,979.15,979.15,0,0,0,1,0.9994087918527794,NY_PM,3,0.018076792388748056,day_anchor_std,server_midnight,1,0,0,0,UNCLASSIFIED,TRANSITION_UNCLASSIFIED,TRANSITION
979.25,979.25,979.15,979.15,0,0,0,1,0.9994087918527794,NY_PM,3,0.018076792388748056,day_anchor_std,server_midnight,1,0,0,0,UNCLASSIFIED,TRANSITION_UNCLASSIFIED,TRANSITION
979.35,979.4,979.15,979.2,0,0,0,1,0.9994087918527794,NY_PM,3,0.018076792388748056,day_anchor_std,server_midnight,1,0,0,0,UNCLASSIFIED,TRANSITION_UNCLASSIFIED,TRANSITION
986.85,987.35,986.55,987.35,0,0,0,1,0.9994701100747256,NY,4,0.0780516431924737,day_anchor_std,server_midnight,1,0,0,0,UNCLASSIFIED,TRANSITION_UNCLASSIFIED,TRANSITION
987.15,987.5,985.95,986.25,0,0,0,1,0.9994701100747256,NY,4,0.0780516431924737,day_anchor_std,server_midnight,1,0,0,0,UNCLASSIFIED,TRANSITION_UNCLASSIFIED,TRANSITION
985.75,986.95,985.5,986.65,0,0,0,1,0.9081453179692753,NY,5,0.7474926253687293,day_anchor_std,server_midnight,1,0,0,0,TRANSITION_NOISY,TRANSITION_NOISY,TRANSITION
986.45,986.45,984.85,985.15,0,0,0,1,0.9081453179692753,NY,5,0.7474926253687293,day_anchor_std,server_midnight,1,0,0,0,TRANSITION_NOISY,TRANSITION_NOISY,TRANSITION
985.05,985.05,981.95,982.55,0,0,0,1,0.9081453179692753,NY,5,0.7474926253687293,day_anchor_std,server_midnight,1,0,0,0,TRANSITION_NOISY,TRANSITION_NOISY,TRANSITION
982.65,982.95,981.15,982.05,0,0,0,1,0.9081453179692753,NY,5,0.7474926253687293,day_anchor_std,server_midnight,1,0,0,0,TRANSITION_NOISY,TRANSITION_NOISY,TRANSITION
982.35,982.35,980.55,981.65,0,0,0,1,0.96972696223207,NY,6,0.46499102333932407,day_anchor_std,server_midnight,1,0,0,0,TRANSITION_NOISY,TRANSITION_NOISY,TRANSITION
981.55,981.75,979.15,980.85,0,0,0,1,0.96972696223207,NY,6,0.46499102333932407,day_anchor_std,server_midnight,1,0,0,0,TRANSITION_NOISY,TRANSITION_NOISY,TRANSITION
980.95,981.55,980.55,980.55,0,0,0,1,0.96972696223207,NY,6,0.46499102333932407,day_anchor_std,server_midnight,1,0,0,0,TRANSITION_NOISY,TRANSITION_NOISY,TRANSITION
980.75,982.55,980.75,982.55,0,0,0,1,0.96972696223207,NY,6,0.46499102333932407,day_anchor_std,server_midnight,1,0,0,0,TRANSITION_NOISY,TRANSITION_NOISY,TRANSITION
982.65,983.95,982.55,983.95,0,0,0,1,0.47647655838020764,NY,7,0.1763812993321036,day_anchor_std,server_midnight,1,0,0,0,TRANSITION_NOISY,TRANSITION_NOISY,TRANSITION
984.25,984.65,983.25,984.65,0,0,0,1,0.47647655838020764,NY,7,0.1763812993321036,day_anchor_std,server_midnight,1,0,0,0,TRANSITION_NOISY,TRANSITION_NOISY,TRANSITION
984.75,985.75,984.45,984.75,0,0,0,1,0.47647655838020764,NY,7,0.1763812993321036,day_anchor_std,server_midnight,1,0,0,0,TRANSITION_NOISY,TRANSITION_NOISY,TRANSITION
984.55,984.85,983.25,983.45,0,0,0,1,0.47647655838020764,NY,7,0.1763812993321036,day_anchor_std,server_midnight,1,0,0,0,TRANSITION_NOISY,TRANSITION_NOISY,TRANSITION
984.35,984.65,981.95,983.75,0,0,0,1,0.9980298021282874,NY_PM,1,0.08270847534651311,day_anchor_std,server_midnight,1,0,0,0,UNCLASSIFIED,TRANSITION_UNCLASSIFIED,TRANSITION
983.65,984.05,982.25,982.25,0,0,0,1,0.9980298021282874,NY_PM,1,0.08270847534651311,day_anchor_std,server_midnight,1,0,0,0,UNCLASSIFIED,TRANSITION_UNCLASSIFIED,TRANSITION
982.05,983.8,982.05,983.75,0,0,0,1,0.9980298021282874,NY_PM,1,0.08270847534651311,day_anchor_std,server_midnight,1,0,0,0,UNCLASSIFIED,TRANSITION_UNCLASSIFIED,TRANSITION
983.5,984.55,983.35,983.65,0,0,0,1,0.9980298021282874,NY_PM,1,0.08270847534651311,day_anchor_std,server_midnight,1,0,0,0,UNCLASSIFIED,TRANSITION_UNCLASSIFIED,TRANSITION
983.75,984.35,983.75,984.35,0,0,0,1,0.9967528456397653,NY_PM,2,0.19815837937381497,day_anchor_std,server_midnight,1,0,0,0,UNCLASSIFIED,TRANSITION_UNCLASSIFIED,TRANSITION
984.55,984.65,984.35,984.35,0,0,0,1,0.9967528456397653,NY_PM,2,0.19815837937381497,day_anchor_std,server_midnight,1,0,0,0,UNCLASSIFIED,TRANSITION_UNCLASSIFIED,TRANSITION
984.45,984.45,984.35,984.45,0,0,0,1,0.9967528456397653,NY_PM,2,0.19815837937381497,day_anchor_std,server_midnight,1,0,0,0,UNCLASSIFIED,TRANSITION_UNCLASSIFIED,TRANSITION
984.45,984.55,984.45,984.55,0,0,0,1,0.9967528456397653,NY_PM,2,0.19815837937381497,day_anchor_std,server_midnight,1,0,0,0,UNCLASSIFIED,TRANSITION_UNCLASSIFIED,TRANSITION
985.05,985.35,984.85,984.95,0,0,0,1,0.9897220929258228,NY_PM,3,0.08923135464228699,day_anchor_std,server_midnight,1,0,0,0,UNCLASSIFIED,TRANSITION_UNCLASSIFIED,TRANSITION
984.35,984.35,984.35,984.35,0,0,0,1,0.9897220929258228,NY_PM,3,0.08923135464228699,day_anchor_std,server_midnight,1,0,0,0,UNCLASSIFIED,TRANSITION_UNCLASSIFIED,TRANSITION
984.15,985.15,984.15,985.15,0,0,0,1,0.9897220929258228,NY_PM,3,0.08923135464228699,day_anchor_std,server_midnight,1,0,0,0,UNCLASSIFIED,TRANSITION_UNCLASSIFIED,TRANSITION
984.85,984.85,984.15,984.15,0,0,0,1,0.9897220929258228,NY_PM,3,0.08923135464228699,day_anchor_std,server_midnight,1,0,0,0,UNCLASSIFIED,TRANSITION_UNCLASSIFIED,TRANSITION
984.1,984.75,984.1,984.75,0,0,0,2,0.4363411074219889,NY_PM,1,0.26804770872566686,day_anchor_std,server_midnight,0,0,0,1,UNCLASSIFIED,TREND_UNCLASSIFIED,TREND
984.65,984.65,984.65,984.65,0,0,0,2,0.4363411074219889,NY_PM,1,0.26804770872566686,day_anchor_std,server_midnight,0,0,0,1,UNCLASSIFIED,TREND_UNCLASSIFIED,TREND
984.35,984.35,983.95,983.95,0,0,0,2,0.4363411074219889,NY_PM,1,0.26804770872566686,day_anchor_std,server_midnight,0,0,0,1,UNCLASSIFIED,TREND_UNCLASSIFIED,TREND
983.85,984.65,983.85,984.65,0,0,0,2,0.4363411074219889,NY_PM,1,0.26804770872566686,day_anchor_std,server_midnight,0,0,0,1,UNCLASSIFIED,TREND_UNCLASSIFIED,TREND
981.85,982.45,980.75,980.75,0,0,0,1,0.991772136655393,NY,1,0.19444444444442385,day_anchor_std,server_midnight,1,0,0,0,UNCLASSIFIED,TRANSITION_UNCLASSIFIED,TRANSITION
980.55,981.05,979.15,980.75,0,0,0,1,0.997145126480016,NY,2,0.22693266832916964,day_anchor_std,server_midnight,1,0,0,0,UNCLASSIFIED,TRANSITION_UNCLASSIFIED,TRANSITION
980.85,982.35,980.45,982.05,0,0,0,1,0.997145126480016,NY,2,0.22693266832916964,day_anchor_std,server_midnight,1,0,0,0,UNCLASSIFIED,TRANSITION_UNCLASSIFIED,TRANSITION
982.25,983.75,982.15,983.45,0,0,0,1,0.997145126480016,NY,2,0.22693266832916964,day_anchor_std,server_midnight,1,0,0,0,UNCLASSIFIED,TRANSITION_UNCLASSIFIED,TRANSITION
983.25,983.25,981.95,982.15,0,0,0,1,0.997145126480016,NY,2,0.22693266832916964,day_anchor_std,server_midnight,1,0,0,0,UNCLASSIFIED,TRANSITION_UNCLASSIFIED,TRANSITION
981.95,982.95,981.55,982.9,0,0,0,1,0.9976144525715659,NY,3,0.4799799799800216,day_anchor_std,server_midnight,1,0,0,0,UNCLASSIFIED,TRANSITION_UNCLASSIFIED,TRANSITION
982.85,983.85,982.7,983.8,0,0,0,1,0.9976144525715659,NY,3,0.4799799799800216,day_anchor_std,server_midnight,1,0,0,0,UNCLASSIFIED,TRANSITION_UNCLASSIFIED,TRANSITION
981.6,982.1,978.05,979.35,0,0,0,1,0.9976144525715659,NY,3,0.4799799799800216,day_anchor_std,server_midnight,1,0,0,0,UNCLASSIFIED,TRANSITION_UNCLASSIFIED,TRANSITION
979.55,981.4,979.55,979.65,0,0,0,1,0.9976144525715659,NY,3,0.4799799799800216,day_anchor_std,server_midnight,1,0,0,0,UNCLASSIFIED,TRANSITION_UNCLASSIFIED,TRANSITION
979.75,979.75,976.35,978.55,0,0,0,1,0.9915437179571329,NY,4,0.24405343760182063,day_anchor_std,server_midnight,1,0,0,0,UNCLASSIFIED,TRANSITION_UNCLASSIFIED,TRANSITION
978.75,982.45,978.55,981.05,0,0,0,1,0.9915437179571329,NY,4,0.24405343760182063,day_anchor_std,server_midnight,1,0,0,0,UNCLASSIFIED,TRANSITION_UNCLASSIFIED,TRANSITION
981.15,983.05,981.15,981.45,0,0,0,1,0.9915437179571329,NY,4,0.24405343760182063,day_anchor_std,server_midnight,1,0,0,0,UNCLASSIFIED,TRANSITION_UNCLASSIFIED,TRANSITION
981.4,983.4,981.2,981.95,0,0,0,1,0.9915437179571329,NY,4,0.24405343760182063,day_anchor_std,server_midnight,1,0,0,0,UNCLASSIFIED,TRANSITION_UNCLASSIFIED,TRANSITION
981.85,984.7,981.85,983.55,0,0,0,1,0.9592417271344389,NY,5,0.031111111111111492,day_anchor_std,server_midnight,1,0,0,0,UNCLASSIFIED,TRANSITION_UNCLASSIFIED,TRANSITION
983.45,983.95,981.05,981.75,0,0,0,1,0.9592417271344389,NY,5,0.031111111111111492,day_anchor_std,server_midnight,1,0,0,0,UNCLASSIFIED,TRANSITION_UNCLASSIFIED,TRANSITION
981.95,982.25,980.65,981.05,0,0,0,1,0.9592417271344389,NY,5,0.031111111111111492,day_anchor_std,server_midnight,1,0,0,0,UNCLASSIFIED,TRANSITION_UNCLASSIFIED,TRANSITION
980.65,981.75,979.85,980.85,0,0,0,1,0.9592417271344389,NY,5,0.031111111111111492,day_anchor_std,server_midnight,1,0,0,0,UNCLASSIFIED,TRANSITION_UNCLASSIFIED,TRANSITION
980.85,981.25,978.45,979.95,0,0,0,1,0.9989302951316527,NY_PM,6,0.41533333333333755,day_anchor_std,server_midnight,1,0,0,0,UNCLASSIFIED,TRANSITION_UNCLASSIFIED,TRANSITION
980.05,980.55,979.95,980.15,0,0,0,1,0.9989302951316527,NY_PM,6,0.41533333333333755,day_anchor_std,server_midnight,1,0,0,0,UNCLASSIFIED,TRANSITION_UNCLASSIFIED,TRANSITION
980.25,980.35,979.25,980.05,0,0,0,1,0.9989302951316527,NY_PM,6,0.41533333333333755,day_anchor_std,server_midnight,1,0,0,0,UNCLASSIFIED,TRANSITION_UNCLASSIFIED,TRANSITION
979.8,979.95,979.35,979.35,0,0,0,1,0.9989302951316527,NY_PM,6,0.41533333333333755,day_anchor_std,server_midnight,1,0,0,0,UNCLASSIFIED,TRANSITION_UNCLASSIFIED,TRANSITION
977.75,977.85,977.75,977.85,0,0,0,2,0.7361214563818008,NY_PM,1,0.7151409810737691,day_anchor_std,server_midnight,0,0,0,1,TREND_STRONG,TREND_STRONG,TREND
978.35,978.35,978.35,978.35,0,0,0,2,0.7361214563818008,NY_PM,1,0.7151409810737691,day_anchor_std,server_midnight,0,0,0,1,TREND_STRONG,TREND_STRONG,TREND
978.55,978.55,978.55,978.55,0,0,0,2,0.718596366329928,NY_PM,2,0.8938877527834984,day_anchor_std,server_midnight,0,0,0,1,TREND_STRONG,TREND_STRONG,TREND
978.45,978.45,978.35,978.35,0,0,0,2,0.718596366329928,NY_PM,2,0.8938877527834984,day_anchor_std,server_midnight,0,0,0,1,TREND_STRONG,TREND_STRONG,TREND
978.15,978.35,978.05,978.35,0,0,0,2,0.718596366329928,NY_PM,2,0.8938877527834984,day_anchor_std,server_midnight,0,0,0,1,TREND_STRONG,TREND_STRONG,TREND
977.85,977.9,977.75,977.85,0,0,0,2,0.718596366329928,NY_PM,2,0.8938877527834984,day_anchor_std,server_midnight,0,0,0,1,TREND_STRONG,TREND_STRONG,TREND
974.25,974.35,972.95,973.25,0,0,0,1,0.9773963528852704,NY,1,0.723506539413204,day_anchor_std,server_midnight,1,0,0,0,TRANSITION_NOISY,TRANSITION_NOISY,TRANSITION
973.35,974.65,973.25,973.25,0,0,0,1,0.9773963528852704,NY,1,0.723506539413204,day_anchor_std,server_midnight,1,0,0,0,TRANSITION_NOISY,TRANSITION_NOISY,TRANSITION
973.45,973.45,972.65,973.15,0,0,0,1,0.9773963528852704,NY,1,0.723506539413204,day_anchor_std,server_midnight,1,0,0,0,TRANSITION_NOISY,TRANSITION_NOISY,TRANSITION
973.45,973.95,973.45,973.45,0,0,0,1,0.9773963528852704,NY,1,0.723506539413204,day_anchor_std,server_midnight,1,0,0,0,TRANSITION_NOISY,TRANSITION_NOISY,TRANSITION
973.55,975.85,973.55,975.65,0,0,0,1,0.953720263637235,NY_PM,2,0.4097602531337466,day_anchor_std,server_midnight,1,0,0,0,TRANSITION_NOISY,TRANSITION_NOISY,TRANSITION
975.55,975.55,974.35,974.45,0,0,0,1,0.953720263637235,NY_PM,2,0.4097602531337466,day_anchor_std,server_midnight,1,0,0,0,TRANSITION_NOISY,TRANSITION_NOISY,TRANSITION
974.35,975.55,974.35,975.45,0,0,0,1,0.953720263637235,NY_PM,2,0.4097602531337466,day_anchor_std,server_midnight,1,0,0,0,TRANSITION_NOISY,TRANSITION_NOISY,TRANSITION
975.15,975.15,974.45,974.45,0,0,0,1,0.953720263637235,NY_PM,2,0.4097602531337466,day_anchor_std,server_midnight,1,0,0,0,TRANSITION_NOISY,TRANSITION_NOISY,TRANSITION
974.55,974.55,974.45,974.45,0,0,0,1,0.9908518785301338,NY_PM,3,0.36181307661458056,day_anchor_std,server_midnight,1,0,0,0,TRANSITION_NOISY,TRANSITION_NOISY,TRANSITION
974.35,974.35,974.35,974.35,0,0,0,1,0.9908518785301338,NY_PM,3,0.36181307661458056,day_anchor_std,server_midnight,1,0,0,0,TRANSITION_NOISY,TRANSITION_NOISY,TRANSITION
974.45,974.85,974.45,974.85,0,0,0,1,0.9908518785301338,NY_PM,3,0.36181307661458056,day_anchor_std,server_midnight,1,0,0,0,TRANSITION_NOISY,TRANSITION_NOISY,TRANSITION
974.65,974.65,974.65,974.65,0,0,0,1,0.9908518785301338,NY_PM,3,0.36181307661458056,day_anchor_std,server_midnight,1,0,0,0,TRANSITION_NOISY,TRANSITION_NOISY,TRANSITION
974.45,974.45,974.35,974.35,0,0,0,1,0.9994593470112362,NY_PM,4,0.4336781609195972,day_anchor_std,server_midnight,1,0,0,0,TRANSITION_NOISY,TRANSITION_NOISY,TRANSITION
974.65,974.75,974.65,974.75,0,0,0,1,0.9994593470112362,NY_PM,4,0.4336781609195972,day_anchor_std,server_midnight,1,0,0,0,TRANSITION_NOISY,TRANSITION_NOISY,TRANSITION
974.85,974.85,974.85,974.85,0,0,0,1,0.9994593470112362,NY_PM,4,0.4336781609195972,day_anchor_std,server_midnight,1,0,0,0,TRANSITION_NOISY,TRANSITION_NOISY,TRANSITION
974.65,974.65,974.55,974.55,0,0,0,1,0.9994593470112362,NY_PM,4,0.4336781609195972,day_anchor_std,server_midnight,1,0,0,0,TRANSITION_NOISY,TRANSITION_NOISY,TRANSITION
974.85,974.85,974.85,974.85,0,0,0,1,0.9842640351383323,NY_PM,5,0.593453919035405,day_anchor_std,server_midnight,1,0,0,0,TRANSITION_NOISY,TRANSITION_NOISY,TRANSITION
974.35,974.35,974.05,974.05,0,0,0,1,0.9842640351383323,NY_PM,5,0.593453919035405,day_anchor_std,server_midnight,1,0,0,0,TRANSITION_NOISY,TRANSITION_NOISY,TRANSITION
973.95,974.35,973.95,974.35,0,0,0,1,0.9842640351383323,NY_PM,5,0.593453919035405,day_anchor_std,server_midnight,1,0,0,0,TRANSITION_NOISY,TRANSITION_NOISY,TRANSITION
969.45,969.95,969.45,969.65,0,0,0,1,0.9431836259151619,NY,6,0.4333886124931203,day_anchor_std,server_midnight,1,0,0,0,TRANSITION_NOISY,TRANSITION_NOISY,TRANSITION
969.55,972.25,969.55,972.25,0,0,0,1,0.9431836259151619,NY,6,0.4333886124931203,day_anchor_std,server_midnight,1,0,0,0,TRANSITION_NOISY,TRANSITION_NOISY,TRANSITION
972.05,972.05,970.45,971.85,0,0,0,1,0.9779619016395569,NY,7,0.2708678828081463,day_anchor_std,server_midnight,1,0,0,0,TRANSITION_NOISY,TRANSITION_NOISY,TRANSITION
971.95,972.35,970.45,971.4,0,0,0,1,0.9779619016395569,NY,7,0.2708678828081463,day_anchor_std,server_midnight,1,0,0,0,TRANSITION_NOISY,TRANSITION_NOISY,TRANSITION
971.35,971.55,970.25,970.65,0,0,0,1,0.9779619016395569,NY,7,0.2708678828081463,day_anchor_std,server_midnight,1,0,0,0,TRANSITION_NOISY,TRANSITION_NOISY,TRANSITION
970.55,970.95,969.55,970.45,0,0,0,1,0.9779619016395569,NY,7,0.2708678828081463,day_anchor_std,server_midnight,1,0,0,0,TRANSITION_NOISY,TRANSITION_NOISY,TRANSITION
970.55,970.65,969.2,969.2,0,0,0,1,0.9911398059268853,NY,8,0.2479871175523148,day_anchor_std,server_midnight,1,0,0,0,TRANSITION_NOISY,TRANSITION_NOISY,TRANSITION
969.3,970.15,969.2,969.95,0,0,0,1,0.9911398059268853,NY,8,0.2479871175523148,day_anchor_std,server_midnight,1,0,0,0,TRANSITION_NOISY,TRANSITION_NOISY,TRANSITION
970.15,971.85,970.05,970.45,0,0,0,1,0.9911398059268853,NY,8,0.2479871175523148,day_anchor_std,server_midnight,1,0,0,0,TRANSITION_NOISY,TRANSITION_NOISY,TRANSITION
970.55,970.95,969.55,970.35,0,0,0,1,0.9911398059268853,NY,8,0.2479871175523148,day_anchor_std,server_midnight,1,0,0,0,TRANSITION_NOISY,TRANSITION_NOISY,TRANSITION
974.05,975.65,973.65,974.15,0,0,0,0,0.6476835344418964,NY,2,2.3066179455948017,day_anchor_std,server_midnight,0,0,1,0,BALANCE_LEAKING,BALANCE_LEAKING,BALANCE
974.65,977.6,974.55,976.8,0,0,0,0,0.6476835344418964,NY,2,2.3066179455948017,day_anchor_std,server_midnight,0,0,1,0,BALANCE_LEAKING,BALANCE_LEAKING,BALANCE
976.9,979.55,976.9,978.05,0,0,0,0,0.6476835344418964,NY,2,2.3066179455948017,day_anchor_std,server_midnight,0,0,1,0,BALANCE_LEAKING,BALANCE_LEAKING,BALANCE
977.95,979.85,977.25,979.05,0,0,0,0,0.6476835344418964,NY,2,2.3066179455948017,day_anchor_std,server_midnight,0,0,1,0,BALANCE_LEAKING,BALANCE_LEAKING,BALANCE
978.55,980.05,978.35,978.45,0,0,0,1,0.7687277531064298,NY_PM,1,2.2117758784425514,day_anchor_std,server_midnight,0,1,0,0,UNCLASSIFIED,TRANSITION_UNCLASSIFIED,TRANSITION
978.55,981.05,978.35,979.95,0,0,0,1,0.7687277531064298,NY_PM,1,2.2117758784425514,day_anchor_std,server_midnight,0,1,0,0,UNCLASSIFIED,TRANSITION_UNCLASSIFIED,TRANSITION
980.45,981.55,979.65,980.95,0,0,0,1,0.7687277531064298,NY_PM,1,2.2117758784425514,day_anchor_std,server_midnight,0,1,0,0,UNCLASSIFIED,TRANSITION_UNCLASSIFIED,TRANSITION
980.45,980.5,979.5,979.5,0,0,0,1,0.7687277531064298,NY_PM,1,2.2117758784425514,day_anchor_std,server_midnight,0,1,0,0,UNCLASSIFIED,TRANSITION_UNCLASSIFIED,TRANSITION
979.45,979.95,979.45,979.65,0,0,0,1,0.8140031009017862,NY_PM,2,2.0059146599070785,day_anchor_std,server_midnight,0,1,0,0,UNCLASSIFIED,TRANSITION_UNCLASSIFIED,TRANSITION
979.6,979.6,978.85,978.85,0,0,0,1,0.8140031009017862,NY_PM,2,2.0059146599070785,day_anchor_std,server_midnight,0,1,0,0,UNCLASSIFIED,TRANSITION_UNCLASSIFIED,TRANSITION
978.8,979.15,978.75,979.15,0,0,0,1,0.8140031009017862,NY_PM,2,2.0059146599070785,day_anchor_std,server_midnight,0,1,0,0,UNCLASSIFIED,TRANSITION_UNCLASSIFIED,TRANSITION
979.2,979.25,979.1,979.2,0,0,0,1,0.8140031009017862,NY_PM,2,2.0059146599070785,day_anchor_std,server_midnight,0,1,0,0,UNCLASSIFIED,TRANSITION_UNCLASSIFIED,TRANSITION
979.15,979.15,979.05,979.05,0,0,0,1,0.8613899035258129,NY_PM,3,1.8036858974359307,day_anchor_std,server_midnight,0,1,0,0,UNCLASSIFIED,TRANSITION_UNCLASSIFIED,TRANSITION
979.0,979.0,978.9,978.9,0,0,0,1,0.8613899035258129,NY_PM,3,1.8036858974359307,day_anchor_std,server_midnight,0,1,0,0,UNCLASSIFIED,TRANSITION_UNCLASSIFIED,TRANSITION
978.75,978.75,978.55,978.55,0,0,0,1,0.8613899035258129,NY_PM,3,1.8036858974359307,day_anchor_std,server_midnight,0,1,0,0,UNCLASSIFIED,TRANSITION_UNCLASSIFIED,TRANSITION
978.5,978.65,978.35,978.6,0,0,0,1,0.8613899035258129,NY_PM,3,1.8036858974359307,day_anchor_std,server_midnight,0,1,0,0,UNCLASSIFIED,TRANSITION_UNCLASSIFIED,TRANSITION
979.65,979.95,979.65,979.95,0,0,0,1,0.6739947387913284,NY,4,0.04040404040400369,day_anchor_std,server_midnight,1,0,0,0,UNCLASSIFIED,TRANSITION_UNCLASSIFIED,TRANSITION
979.85,979.85,979.05,979.65,0,0,0,1,0.6739947387913284,NY,4,0.04040404040400369,day_anchor_std,server_midnight,1,0,0,0,UNCLASSIFIED,TRANSITION_UNCLASSIFIED,TRANSITION
979.75,979.8,977.75,977.85,0,0,0,1,0.7775316250800838,NY,5,0.032634032634002955,day_anchor_std,server_midnight,1,0,0,0,UNCLASSIFIED,TRANSITION_UNCLASSIFIED,TRANSITION
977.75,979.05,977.75,978.65,0,0,0,1,0.7775316250800838,NY,5,0.032634032634002955,day_anchor_std,server_midnight,1,0,0,0,UNCLASSIFIED,TRANSITION_UNCLASSIFIED,TRANSITION
978.55,979.05,978.25,978.35,0,0,0,1,0.7775316250800838,NY,5,0.032634032634002955,day_anchor_std,server_midnight,1,0,0,0,UNCLASSIFIED,TRANSITION_UNCLASSIFIED,TRANSITION
978.55,980.85,978.55,979.55,0,0,0,1,0.7775316250800838,NY,5,0.032634032634002955,day_anchor_std,server_midnight,1,0,0,0,UNCLASSIFIED,TRANSITION_UNCLASSIFIED,TRANSITION
976.35,977.15,975.75,977.05,0,0,0,1,0.990058126172644,NY,8,1.278930817610064,day_anchor_std,server_midnight,0,1,0,0,UNCLASSIFIED,TRANSITION_UNCLASSIFIED,TRANSITION
976.95,978.65,976.95,978.45,0,0,0,1,0.990058126172644,NY,8,1.278930817610064,day_anchor_std,server_midnight,0,1,0,0,UNCLASSIFIED,TRANSITION_UNCLASSIFIED,TRANSITION
978.35,978.35,976.55,976.55,0,0,0,1,0.990058126172644,NY,8,1.278930817610064,day_anchor_std,server_midnight,0,1,0,0,UNCLASSIFIED,TRANSITION_UNCLASSIFIED,TRANSITION
976.15,976.25,974.25,974.25,0,0,0,1,0.990058126172644,NY,8,1.278930817610064,day_anchor_std,server_midnight,0,1,0,0,UNCLASSIFIED,TRANSITION_UNCLASSIFIED,TRANSITION
974.45,974.55,973.5,973.5,0,0,0,1,0.9755468518708702,NY_PM,9,1.4078762306610288,day_anchor_std,server_midnight,0,1,0,0,UNCLASSIFIED,TRANSITION_UNCLASSIFIED,TRANSITION
973.3,974.75,972.9,973.95,0,0,0,1,0.9755468518708702,NY_PM,9,1.4078762306610288,day_anchor_std,server_midnight,0,1,0,0,UNCLASSIFIED,TRANSITION_UNCLASSIFIED,TRANSITION
974.4,974.85,973.65,973.95,0,0,0,1,0.9755468518708702,NY_PM,9,1.4078762306610288,day_anchor_std,server_midnight,0,1,0,0,UNCLASSIFIED,TRANSITION_UNCLASSIFIED,TRANSITION
973.45,974.15,973.05,973.35,0,0,0,1,0.9755468518708702,NY_PM,9,1.4078762306610288,day_anchor_std,server_midnight,0,1,0,0,UNCLASSIFIED,TRANSITION_UNCLASSIFIED,TRANSITION
973.75,973.75,973.15,973.15,0,0,0,1,0.857136910016252,NY_PM,10,1.4556263269638876,day_anchor_std,server_midnight,0,1,0,0,UNCLASSIFIED,TRANSITION_UNCLASSIFIED,TRANSITION
973.05,973.35,973.05,973.35,0,0,0,1,0.857136910016252,NY_PM,10,1.4556263269638876,day_anchor_std,server_midnight,0,1,0,0,UNCLASSIFIED,TRANSITION_UNCLASSIFIED,TRANSITION
973.25,973.35,973.15,973.35,0,0,0,1,0.857136910016252,NY_PM,10,1.4556263269638876,day_anchor_std,server_midnight,0,1,0,0,UNCLASSIFIED,TRANSITION_UNCLASSIFIED,TRANSITION
973.15,973.15,972.85,972.85,0,0,0,1,0.8705268031475989,NY_PM,11,1.7943925233644666,day_anchor_std,server_midnight,0,1,0,0,UNCLASSIFIED,TRANSITION_UNCLASSIFIED,TRANSITION
972.65,972.65,972.35,972.35,0,0,0,1,0.8705268031475989,NY_PM,11,1.7943925233644666,day_anchor_std,server_midnight,0,1,0,0,UNCLASSIFIED,TRANSITION_UNCLASSIFIED,TRANSITION
971.85,971.85,971.8,971.85,0,0,0,2,0.9923094547533455,NY_PM,1,1.997066373303969,day_anchor_std,server_midnight,0,0,0,1,TREND_STRONG,TREND_STRONG,TREND
973.95,975.45,973.1,974.65,0,0,0,1,0.9436221888784244,NY,1,0.6129943502825195,day_anchor_std,server_midnight,1,0,0,0,UNCLASSIFIED,TRANSITION_UNCLASSIFIED,TRANSITION
974.6,974.6,973.05,973.25,0,0,0,1,0.9436221888784244,NY,1,0.6129943502825195,day_anchor_std,server_midnight,1,0,0,0,UNCLASSIFIED,TRANSITION_UNCLASSIFIED,TRANSITION
973.3,975.3,973.25,975.3,0,0,0,1,0.9436221888784244,NY,1,0.6129943502825195,day_anchor_std,server_midnight,1,0,0,0,UNCLASSIFIED,TRANSITION_UNCLASSIFIED,TRANSITION
975.25,976.05,974.9,975.75,0,0,0,1,0.9436221888784244,NY,1,0.6129943502825195,day_anchor_std,server_midnight,1,0,0,0,UNCLASSIFIED,TRANSITION_UNCLASSIFIED,TRANSITION
975.9,977.35,975.8,976.75,0,0,0,1,0.9149809803248022,NY,2,0.10282485875707575,day_anchor_std,server_midnight,1,0,0,0,UNCLASSIFIED,TRANSITION_UNCLASSIFIED,TRANSITION
976.7,977.0,976.25,976.75,0,0,0,1,0.9149809803248022,NY,2,0.10282485875707575,day_anchor_std,server_midnight,1,0,0,0,UNCLASSIFIED,TRANSITION_UNCLASSIFIED,TRANSITION
976.25,976.45,974.55,975.05,0,0,0,1,0.9149809803248022,NY,2,0.10282485875707575,day_anchor_std,server_midnight,1,0,0,0,UNCLASSIFIED,TRANSITION_UNCLASSIFIED,TRANSITION
975.1,975.6,974.15,974.4,0,0,0,1,0.9149809803248022,NY,2,0.10282485875707575,day_anchor_std,server_midnight,1,0,0,0,UNCLASSIFIED,TRANSITION_UNCLASSIFIED,TRANSITION
971.05,971.35,971.05,971.1,0,0,0,2,0.9300997791112379,NY_PM,3,1.0740212394991215,day_anchor_std,server_midnight,0,0,0,1,TREND_FRAGILE,TREND_FRAGILE,TREND
971.05,971.55,970.6,971.45,0,0,0,2,0.9300997791112379,NY_PM,3,1.0740212394991215,day_anchor_std,server_midnight,0,0,0,1,TREND_FRAGILE,TREND_FRAGILE,TREND
971.15,972.55,971.0,971.35,0,0,0,2,0.9300997791112379,NY_PM,3,1.0740212394991215,day_anchor_std,server_midnight,0,0,0,1,TREND_FRAGILE,TREND_FRAGILE,TREND
970.8,971.85,970.75,971.35,0,0,0,2,0.9300997791112379,NY_PM,3,1.0740212394991215,day_anchor_std,server_midnight,0,0,0,1,TREND_FRAGILE,TREND_FRAGILE,TREND
971.05,971.05,970.85,970.9,0,0,0,1,0.9371470132831687,NY_PM,1,1.3608562691131596,day_anchor_std,server_midnight,0,1,0,0,TRANSITION_NOISY,TRANSITION_NOISY,TRANSITION
970.85,970.85,970.85,970.85,0,0,0,1,0.9371470132831687,NY_PM,1,1.3608562691131596,day_anchor_std,server_midnight,0,1,0,0,TRANSITION_NOISY,TRANSITION_NOISY,TRANSITION
970.75,970.75,970.65,970.65,0,0,0,1,0.9371470132831687,NY_PM,1,1.3608562691131596,day_anchor_std,server_midnight,0,1,0,0,TRANSITION_NOISY,TRANSITION_NOISY,TRANSITION
970.6,970.7,970.6,970.65,0,0,0,1,0.9371470132831687,NY_PM,1,1.3608562691131596,day_anchor_std,server_midnight,0,1,0,0,TRANSITION_NOISY,TRANSITION_NOISY,TRANSITION
970.7,970.7,970.65,970.65,0,0,0,1,0.9243476208264236,NY_PM,2,1.200112422709424,day_anchor_std,server_midnight,0,1,0,0,TRANSITION_NOISY,TRANSITION_NOISY,TRANSITION
970.7,971.05,970.7,971.05,0,0,0,1,0.9243476208264236,NY_PM,2,1.200112422709424,day_anchor_std,server_midnight,0,1,0,0,TRANSITION_NOISY,TRANSITION_NOISY,TRANSITION
971.1,971.35,971.1,971.35,0,0,0,1,0.9243476208264236,NY_PM,2,1.200112422709424,day_anchor_std,server_midnight,0,1,0,0,TRANSITION_NOISY,TRANSITION_NOISY,TRANSITION
971.3,971.35,971.15,971.15,0,0,0,1,0.9243476208264236,NY_PM,2,1.200112422709424,day_anchor_std,server_midnight,0,1,0,0,TRANSITION_NOISY,TRANSITION_NOISY,TRANSITION
970.15,971.85,969.55,971.35,0,0,0,1,0.999028843752368,NY_PM,2,0.2104186339313854,day_anchor_std,server_midnight,1,0,0,0,UNCLASSIFIED,TRANSITION_UNCLASSIFIED,TRANSITION
971.25,971.95,971.05,971.55,0,0,0,1,0.999028843752368,NY_PM,2,0.2104186339313854,day_anchor_std,server_midnight,1,0,0,0,UNCLASSIFIED,TRANSITION_UNCLASSIFIED,TRANSITION
971.45,971.95,971.45,971.95,0,0,0,1,0.999028843752368,NY_PM,2,0.2104186339313854,day_anchor_std,server_midnight,1,0,0,0,UNCLASSIFIED,TRANSITION_UNCLASSIFIED,TRANSITION
971.35,971.85,971.15,971.85,0,0,0,1,0.999028843752368,NY_PM,2,0.2104186339313854,day_anchor_std,server_midnight,1,0,0,0,UNCLASSIFIED,TRANSITION_UNCLASSIFIED,TRANSITION
972.15,972.85,972.15,972.85,0,0,0,1,0.994492085327733,NY_PM,3,0.19719719719719497,day_anchor_std,server_midnight,1,0,0,0,UNCLASSIFIED,TRANSITION_UNCLASSIFIED,TRANSITION
972.75,972.85,972.75,972.85,0,0,0,1,0.994492085327733,NY_PM,3,0.19719719719719497,day_anchor_std,server_midnight,1,0,0,0,UNCLASSIFIED,TRANSITION_UNCLASSIFIED,TRANSITION
972.45,972.85,972.35,972.35,0,0,0,1,0.994492085327733,NY_PM,3,0.19719719719719497,day_anchor_std,server_midnight,1,0,0,0,UNCLASSIFIED,TRANSITION_UNCLASSIFIED,TRANSITION
972.25,972.25,971.85,971.85,0,0,0,1,0.994492085327733,NY_PM,3,0.19719719719719497,day_anchor_std,server_midnight,1,0,0,0,UNCLASSIFIED,TRANSITION_UNCLASSIFIED,TRANSITION
972.35,972.65,972.35,972.55,0,0,0,1,0.998871621517608,NY_PM,4,0.0254854368931936,day_anchor_std,server_midnight,1,0,0,0,UNCLASSIFIED,TRANSITION_UNCLASSIFIED,TRANSITION
972.5,972.5,972.45,972.5,0,0,0,1,0.998871621517608,NY_PM,4,0.0254854368931936,day_anchor_std,server_midnight,1,0,0,0,UNCLASSIFIED,TRANSITION_UNCLASSIFIED,TRANSITION
972.55,972.55,972.35,972.35,0,0,0,1,0.998871621517608,NY_PM,4,0.0254854368931936,day_anchor_std,server_midnight,1,0,0,0,UNCLASSIFIED,TRANSITION_UNCLASSIFIED,TRANSITION
972.25,972.35,972.25,972.35,0,0,0,1,0.998871621517608,NY_PM,4,0.0254854368931936,day_anchor_std,server_midnight,1,0,0,0,UNCLASSIFIED,TRANSITION_UNCLASSIFIED,TRANSITION
972.15,972.35,972.15,972.35,0,0,0,1,0.999443823335243,NY_PM,5,0.009817045961700549,day_anchor_std,server_midnight,1,0,0,0,UNCLASSIFIED,TRANSITION_UNCLASSIFIED,TRANSITION
972.25,972.35,972.2,972.25,0,0,0,1,0.999443823335243,NY_PM,5,0.009817045961700549,day_anchor_std,server_midnight,1,0,0,0,UNCLASSIFIED,TRANSITION_UNCLASSIFIED,TRANSITION
972.2,972.3,972.2,972.25,0,0,0,1,0.999443823335243,NY_PM,5,0.009817045961700549,day_anchor_std,server_midnight,1,0,0,0,UNCLASSIFIED,TRANSITION_UNCLASSIFIED,TRANSITION
970.95,971.15,970.85,970.95,0,0,0,1,0.9994692600242628,NY,6,0.10727969348655289,day_anchor_std,server_midnight,1,0,0,0,UNCLASSIFIED,TRANSITION_UNCLASSIFIED,TRANSITION
971.05,972.75,970.75,971.45,0,0,0,1,0.9994692600242628,NY,6,0.10727969348655289,day_anchor_std,server_midnight,1,0,0,0,UNCLASSIFIED,TRANSITION_UNCLASSIFIED,TRANSITION
971.55,972.55,970.85,972.45,0,0,0,1,0.9971852293531566,NY,7,0.04345127250157137,day_anchor_std,server_midnight,1,0,0,0,UNCLASSIFIED,TRANSITION_UNCLASSIFIED,TRANSITION
972.55,973.55,972.35,972.65,0,0,0,1,0.9971852293531566,NY,7,0.04345127250157137,day_anchor_std,server_midnight,1,0,0,0,UNCLASSIFIED,TRANSITION_UNCLASSIFIED,TRANSITION
972.55,972.85,971.95,972.05,0,0,0,1,0.9971852293531566,NY,7,0.04345127250157137,day_anchor_std,server_midnight,1,0,0,0,UNCLASSIFIED,TRANSITION_UNCLASSIFIED,TRANSITION
971.95,971.95,971.15,971.75,0,0,0,1,0.9971852293531566,NY,7,0.04345127250157137,day_anchor_std,server_midnight,1,0,0,0,UNCLASSIFIED,TRANSITION_UNCLASSIFIED,TRANSITION
971.85,972.3,971.75,972.05,0,0,0,1,0.9979477637554268,NY,8,0.27262313860248955,day_anchor_std,server_midnight,1,0,0,0,UNCLASSIFIED,TRANSITION_UNCLASSIFIED,TRANSITION
972.2,973.25,972.05,973.15,0,0,0,1,0.9979477637554268,NY,8,0.27262313860248955,day_anchor_std,server_midnight,1,0,0,0,UNCLASSIFIED,TRANSITION_UNCLASSIFIED,TRANSITION
973.35,973.55,970.55,971.15,0,0,0,1,0.9979477637554268,NY,8,0.27262313860248955,day_anchor_std,server_midnight,1,0,0,0,UNCLASSIFIED,TRANSITION_UNCLASSIFIED,TRANSITION
971.05,971.75,971.05,971.25,0,0,0,1,0.9979477637554268,NY,8,0.27262313860248955,day_anchor_std,server_midnight,1,0,0,0,UNCLASSIFIED,TRANSITION_UNCLASSIFIED,TRANSITION
969.25,969.25,967.55,968.75,0,0,0,1,0.9956867321608861,NY,10,0.010606060606050911,day_anchor_std,server_midnight,1,0,0,0,UNCLASSIFIED,TRANSITION_UNCLASSIFIED,TRANSITION
968.85,969.85,968.8,969.05,0,0,0,1,0.9956867321608861,NY,10,0.010606060606050911,day_anchor_std,server_midnight,1,0,0,0,UNCLASSIFIED,TRANSITION_UNCLASSIFIED,TRANSITION
969.0,970.45,968.55,970.45,0,0,0,1,0.9956867321608861,NY,10,0.010606060606050911,day_anchor_std,server_midnight,1,0,0,0,UNCLASSIFIED,TRANSITION_UNCLASSIFIED,TRANSITION
970.55,971.65,970.45,971.35,0,0,0,1,0.9956867321608861,NY,10,0.010606060606050911,day_anchor_std,server_midnight,1,0,0,0,UNCLASSIFIED,TRANSITION_UNCLASSIFIED,TRANSITION
971.55,973.8,971.45,973.05,0,0,0,1,0.9707632486990164,NY_PM,11,0.47246099968159433,day_anchor_std,server_midnight,1,0,0,0,UNCLASSIFIED,TRANSITION_UNCLASSIFIED,TRANSITION
973.55,973.95,972.65,972.95,0,0,0,1,0.9707632486990164,NY_PM,11,0.47246099968159433,day_anchor_std,server_midnight,1,0,0,0,UNCLASSIFIED,TRANSITION_UNCLASSIFIED,TRANSITION
972.9,973.15,972.35,972.95,0,0,0,1,0.9707632486990164,NY_PM,11,0.47246099968159433,day_anchor_std,server_midnight,1,0,0,0,UNCLASSIFIED,TRANSITION_UNCLASSIFIED,TRANSITION
972.65,973.35,972.55,972.55,0,0,0,1,0.9707632486990164,NY_PM,11,0.47246099968159433,day_anchor_std,server_midnight,1,0,0,0,UNCLASSIFIED,TRANSITION_UNCLASSIFIED,TRANSITION
972.75,973.25,972.75,973.25,0,0,0,1,0.9454330779389392,NY_PM,12,0.6416666666666776,day_anchor_std,server_midnight,1,0,0,0,UNCLASSIFIED,TRANSITION_UNCLASSIFIED,TRANSITION
973.05,973.05,972.95,973.05,0,0,0,1,0.9454330779389392,NY_PM,12,0.6416666666666776,day_anchor_std,server_midnight,1,0,0,0,UNCLASSIFIED,TRANSITION_UNCLASSIFIED,TRANSITION
972.85,972.85,972.85,972.85,0,0,0,1,0.9454330779389392,NY_PM,12,0.6416666666666776,day_anchor_std,server_midnight,1,0,0,0,UNCLASSIFIED,TRANSITION_UNCLASSIFIED,TRANSITION
973.15,973.35,973.15,973.35,0,0,0,2,0.793027541391338,NY_PM,1,0.9071906354514988,day_anchor_std,server_midnight,0,0,0,1,TREND_STRONG,TREND_STRONG,TREND
972.95,973.25,972.85,972.85,0,0,0,1,0.8997522592021894,NY_PM,1,0.46922274387058094,day_anchor_std,server_midnight,1,0,0,0,UNCLASSIFIED,TRANSITION_UNCLASSIFIED,TRANSITION
973.05,973.05,972.85,972.85,0,0,0,1,0.8997522592021894,NY_PM,1,0.46922274387058094,day_anchor_std,server_midnight,1,0,0,0,UNCLASSIFIED,TRANSITION_UNCLASSIFIED,TRANSITION
972.35,972.35,972.15,972.35,0,0,0,1,0.8997522592021894,NY_PM,1,0.46922274387058094,day_anchor_std,server_midnight,1,0,0,0,UNCLASSIFIED,TRANSITION_UNCLASSIFIED,TRANSITION
972.25,972.35,972.25,972.35,0,0,0,1,0.8997522592021894,NY_PM,1,0.46922274387058094,day_anchor_std,server_midnight,1,0,0,0,UNCLASSIFIED,TRANSITION_UNCLASSIFIED,TRANSITION
985.05,985.2,983.95,983.95,0,0,0,2,0.9981015941458051,NY_PM,6,1.7367208672086227,day_anchor_std,server_midnight,0,0,0,1,UNCLASSIFIED,TREND_UNCLASSIFIED,TREND
983.75,985.35,983.65,985.15,0,0,0,2,0.9981015941458051,NY_PM,6,1.7367208672086227,day_anchor_std,server_midnight,0,0,0,1,UNCLASSIFIED,TREND_UNCLASSIFIED,TREND
985.1,985.25,984.15,985.2,0,0,0,2,0.9981015941458051,NY_PM,6,1.7367208672086227,day_anchor_std,server_midnight,0,0,0,1,UNCLASSIFIED,TREND_UNCLASSIFIED,TREND
984.85,985.75,984.8,985.1,0,0,0,2,0.9981015941458051,NY_PM,6,1.7367208672086227,day_anchor_std,server_midnight,0,0,0,1,UNCLASSIFIED,TREND_UNCLASSIFIED,TREND
985.3,986.15,985.3,985.75,0,0,0,2,0.9991266468057626,NY_PM,7,1.9356204997881976,day_anchor_std,server_midnight,0,0,0,1,UNCLASSIFIED,TREND_UNCLASSIFIED,TREND
985.65,985.75,985.35,985.75,0,0,0,2,0.9991266468057626,NY_PM,7,1.9356204997881976,day_anchor_std,server_midnight,0,0,0,1,UNCLASSIFIED,TREND_UNCLASSIFIED,TREND
985.35,985.85,985.35,985.85,0,0,0,2,0.9991266468057626,NY_PM,7,1.9356204997881976,day_anchor_std,server_midnight,0,0,0,1,UNCLASSIFIED,TREND_UNCLASSIFIED,TREND
985.55,986.15,985.55,985.85,0,0,0,2,0.9991266468057626,NY_PM,7,1.9356204997881976,day_anchor_std,server_midnight,0,0,0,1,UNCLASSIFIED,TREND_UNCLASSIFIED,TREND
985.55,985.55,984.85,984.85,0,0,0,2,0.9984175961871562,NY_PM,8,1.7253412593570971,day_anchor_std,server_midnight,0,0,0,1,UNCLASSIFIED,TREND_UNCLASSIFIED,TREND
985.15,985.15,984.95,984.95,0,0,0,2,0.9984175961871562,NY_PM,8,1.7253412593570971,day_anchor_std,server_midnight,0,0,0,1,UNCLASSIFIED,TREND_UNCLASSIFIED,TREND
984.85,985.35,984.35,985.15,0,0,0,2,0.9984175961871562,NY_PM,8,1.7253412593570971,day_anchor_std,server_midnight,0,0,0,1,UNCLASSIFIED,TREND_UNCLASSIFIED,TREND
985.65,985.65,985.15,985.35,0,0,0,2,0.9984175961871562,NY_PM,8,1.7253412593570971,day_anchor_std,server_midnight,0,0,0,1,UNCLASSIFIED,TREND_UNCLASSIFIED,TREND
977.2,978.45,976.65,976.65,0,0,0,1,0.9700170741772258,NY,2,0.7712260997459528,day_anchor_std,server_midnight,1,0,0,0,UNCLASSIFIED,TRANSITION_UNCLASSIFIED,TRANSITION
976.75,977.35,975.45,976.05,0,0,0,1,0.9700170741772258,NY,2,0.7712260997459528,day_anchor_std,server_midnight,1,0,0,0,UNCLASSIFIED,TRANSITION_UNCLASSIFIED,TRANSITION
976.25,978.35,975.85,977.95,0,0,0,1,0.9700170741772258,NY,2,0.7712260997459528,day_anchor_std,server_midnight,1,0,0,0,UNCLASSIFIED,TRANSITION_UNCLASSIFIED,TRANSITION
977.85,977.9,977.15,977.15,0,0,0,1,0.9700170741772258,NY,2,0.7712260997459528,day_anchor_std,server_midnight,1,0,0,0,UNCLASSIFIED,TRANSITION_UNCLASSIFIED,TRANSITION
975.65,976.45,974.95,976.25,0,0,0,1,0.8106300917458843,NY,4,1.3795365418894474,day_anchor_std,server_midnight,0,1,0,0,UNCLASSIFIED,TRANSITION_UNCLASSIFIED,TRANSITION
975.95,976.45,974.95,975.25,0,0,0,1,0.8106300917458843,NY,4,1.3795365418894474,day_anchor_std,server_midnight,0,1,0,0,UNCLASSIFIED,TRANSITION_UNCLASSIFIED,TRANSITION
975.2,975.55,974.95,975.35,0,0,0,1,0.8106300917458843,NY,4,1.3795365418894474,day_anchor_std,server_midnight,0,1,0,0,UNCLASSIFIED,TRANSITION_UNCLASSIFIED,TRANSITION
975.25,976.05,973.25,973.85,0,0,0,1,0.8106300917458843,NY,4,1.3795365418894474,day_anchor_std,server_midnight,0,1,0,0,UNCLASSIFIED,TRANSITION_UNCLASSIFIED,TRANSITION
973.95,975.55,973.75,975.35,0,0,0,1,0.9901212655752339,NY_PM,5,0.2730413462609584,day_anchor_std,server_midnight,1,0,0,0,UNCLASSIFIED,TRANSITION_UNCLASSIFIED,TRANSITION
975.45,976.05,975.15,975.75,0,0,0,1,0.9901212655752339,NY_PM,5,0.2730413462609584,day_anchor_std,server_midnight,1,0,0,0,UNCLASSIFIED,TRANSITION_UNCLASSIFIED,TRANSITION
975.55,976.75,975.45,976.4,0,0,0,1,0.9901212655752339,NY_PM,5,0.2730413462609584,day_anchor_std,server_midnight,1,0,0,0,UNCLASSIFIED,TRANSITION_UNCLASSIFIED,TRANSITION
976.05,978.05,976.0,977.35,0,0,0,1,0.9901212655752339,NY_PM,5,0.2730413462609584,day_anchor_std,server_midnight,1,0,0,0,UNCLASSIFIED,TRANSITION_UNCLASSIFIED,TRANSITION
977.25,977.35,976.85,977.05,0,0,0,1,0.9630851927970315,NY_PM,6,0.5136244867487604,day_anchor_std,server_midnight,1,0,0,0,UNCLASSIFIED,TRANSITION_UNCLASSIFIED,TRANSITION
976.95,976.95,976.85,976.85,0,0,0,1,0.9630851927970315,NY_PM,6,0.5136244867487604,day_anchor_std,server_midnight,1,0,0,0,UNCLASSIFIED,TRANSITION_UNCLASSIFIED,TRANSITION
976.65,976.65,976.55,976.55,0,0,0,1,0.9630851927970315,NY_PM,6,0.5136244867487604,day_anchor_std,server_midnight,1,0,0,0,UNCLASSIFIED,TRANSITION_UNCLASSIFIED,TRANSITION
976.35,976.65,976.35,976.65,0,0,0,2,0.7306772954298189,NY_PM,1,0.6189106252397052,day_anchor_std,server_midnight,0,0,0,1,UNCLASSIFIED,TREND_UNCLASSIFIED,TREND
976.25,976.25,975.95,975.95,0,0,0,2,0.7306772954298189,NY_PM,1,0.6189106252397052,day_anchor_std,server_midnight,0,0,0,1,UNCLASSIFIED,TREND_UNCLASSIFIED,TREND
975.85,976.35,975.85,976.15,0,0,0,2,0.7306772954298189,NY_PM,1,0.6189106252397052,day_anchor_std,server_midnight,0,0,0,1,UNCLASSIFIED,TREND_UNCLASSIFIED,TREND
976.05,976.15,976.05,976.15,0,0,0,2,0.7306772954298189,NY_PM,1,0.6189106252397052,day_anchor_std,server_midnight,0,0,0,1,UNCLASSIFIED,TREND_UNCLASSIFIED,TREND
975.85,975.85,975.35,975.35,0,0,0,2,0.9209936149251847,NY_PM,2,0.8932515337422975,day_anchor_std,server_midnight,0,0,0,1,TREND_STRONG,TREND_STRONG,TREND
974.85,974.85,974.85,974.85,0,0,0,2,0.9209936149251847,NY_PM,2,0.8932515337422975,day_anchor_std,server_midnight,0,0,0,1,TREND_STRONG,TREND_STRONG,TREND
975.15,975.25,975.15,975.25,0,0,0,2,0.9209936149251847,NY_PM,2,0.8932515337422975,day_anchor_std,server_midnight,0,0,0,1,TREND_STRONG,TREND_STRONG,TREND
975.35,975.95,975.35,975.35,0,0,0,2,0.9209936149251847,NY_PM,2,0.8932515337422975,day_anchor_std,server_midnight,0,0,0,1,TREND_STRONG,TREND_STRONG,TREND
974.55,976.35,973.7,976.15,0,0,0,1,0.9598051124416787,NY,1,0.7939466348068902,day_anchor_std,server_midnight,1,0,0,0,UNCLASSIFIED,TRANSITION_UNCLASSIFIED,TRANSITION
976.35,977.45,976.35,976.75,0,0,0,1,0.9598051124416787,NY,1,0.7939466348068902,day_anchor_std,server_midnight,1,0,0,0,UNCLASSIFIED,TRANSITION_UNCLASSIFIED,TRANSITION
976.95,977.45,976.95,977.35,0,0,0,1,0.9598051124416787,NY,1,0.7939466348068902,day_anchor_std,server_midnight,1,0,0,0,UNCLASSIFIED,TRANSITION_UNCLASSIFIED,TRANSITION
977.45,977.55,976.25,976.45,0,0,0,1,0.9598051124416787,NY,1,0.7939466348068902,day_anchor_std,server_midnight,1,0,0,0,UNCLASSIFIED,TRANSITION_UNCLASSIFIED,TRANSITION
976.95,976.95,976.85,976.85,0,0,0,1,0.9599513120530357,NY_PM,4,1.2430777422790402,day_anchor_std,server_midnight,0,1,0,0,UNCLASSIFIED,TRANSITION_UNCLASSIFIED,TRANSITION
976.95,976.95,976.95,976.95,0,0,0,1,0.9599513120530357,NY_PM,4,1.2430777422790402,day_anchor_std,server_midnight,0,1,0,0,UNCLASSIFIED,TRANSITION_UNCLASSIFIED,TRANSITION
977.35,977.55,977.35,977.55,0,0,0,1,0.9599513120530357,NY_PM,4,1.2430777422790402,day_anchor_std,server_midnight,0,1,0,0,UNCLASSIFIED,TRANSITION_UNCLASSIFIED,TRANSITION
977.35,977.35,977.35,977.35,0,0,0,1,0.9599513120530357,NY_PM,4,1.2430777422790402,day_anchor_std,server_midnight,0,1,0,0,UNCLASSIFIED,TRANSITION_UNCLASSIFIED,TRANSITION
977.25,977.45,976.85,977.35,0,0,0,1,0.7630142734330362,NY_PM,5,1.297193387158865,day_anchor_std,server_midnight,0,1,0,0,UNCLASSIFIED,TRANSITION_UNCLASSIFIED,TRANSITION
977.65,977.65,977.65,977.65,0,0,0,1,0.7630142734330362,NY_PM,5,1.297193387158865,day_anchor_std,server_midnight,0,1,0,0,UNCLASSIFIED,TRANSITION_UNCLASSIFIED,TRANSITION
977.55,977.65,977.45,977.45,0,0,0,1,0.7630142734330362,NY_PM,5,1.297193387158865,day_anchor_std,server_midnight,0,1,0,0,UNCLASSIFIED,TRANSITION_UNCLASSIFIED,TRANSITION
977.35,977.45,977.35,977.35,0,0,0,1,0.7630142734330362,NY_PM,5,1.297193387158865,day_anchor_std,server_midnight,0,1,0,0,UNCLASSIFIED,TRANSITION_UNCLASSIFIED,TRANSITION
974.85,975.05,974.85,974.95,0,0,0,1,0.9953185730876075,NY,6,0.19047619047618125,day_anchor_std,server_midnight,1,0,0,0,UNCLASSIFIED,TRANSITION_UNCLASSIFIED,TRANSITION
975.05,975.05,973.65,973.75,0,0,0,1,0.9953185730876075,NY,6,0.19047619047618125,day_anchor_std,server_midnight,1,0,0,0,UNCLASSIFIED,TRANSITION_UNCLASSIFIED,TRANSITION
973.55,975.05,973.45,973.85,0,0,0,1,0.9946004749237515,NY,7,0.2883895131086532,day_anchor_std,server_midnight,1,0,0,0,UNCLASSIFIED,TRANSITION_UNCLASSIFIED,TRANSITION
973.95,974.95,973.95,974.75,0,0,0,1,0.9946004749237515,NY,7,0.2883895131086532,day_anchor_std,server_midnight,1,0,0,0,UNCLASSIFIED,TRANSITION_UNCLASSIFIED,TRANSITION
974.55,975.05,973.85,974.15,0,0,0,1,0.9946004749237515,NY,7,0.2883895131086532,day_anchor_std,server_midnight,1,0,0,0,UNCLASSIFIED,TRANSITION_UNCLASSIFIED,TRANSITION
974.35,974.85,974.35,974.85,0,0,0,1,0.9946004749237515,NY,7,0.2883895131086532,day_anchor_std,server_midnight,1,0,0,0,UNCLASSIFIED,TRANSITION_UNCLASSIFIED,TRANSITION
974.95,974.95,974.35,974.35,0,0,0,1,0.9972663084220129,NY,8,0.2021952628537704,day_anchor_std,server_midnight,1,0,0,0,UNCLASSIFIED,TRANSITION_UNCLASSIFIED,TRANSITION
974.55,975.85,974.45,975.85,0,0,0,1,0.9972663084220129,NY,8,0.2021952628537704,day_anchor_std,server_midnight,1,0,0,0,UNCLASSIFIED,TRANSITION_UNCLASSIFIED,TRANSITION
975.8,975.8,972.9,974.35,0,0,0,1,0.9972663084220129,NY,8,0.2021952628537704,day_anchor_std,server_midnight,1,0,0,0,UNCLASSIFIED,TRANSITION_UNCLASSIFIED,TRANSITION
974.55,974.95,973.15,973.85,0,0,0,1,0.9972663084220129,NY,8,0.2021952628537704,day_anchor_std,server_midnight,1,0,0,0,UNCLASSIFIED,TRANSITION_UNCLASSIFIED,TRANSITION
973.75,974.5,973.6,974.25,0,0,0,1,0.9937907999299114,NY,9,0.09033498077978844,day_anchor_std,server_midnight,1,0,0,0,UNCLASSIFIED,TRANSITION_UNCLASSIFIED,TRANSITION
974.2,974.95,973.95,974.7,0,0,0,1,0.9937907999299114,NY,9,0.09033498077978844,day_anchor_std,server_midnight,1,0,0,0,UNCLASSIFIED,TRANSITION_UNCLASSIFIED,TRANSITION
974.6,974.6,972.65,973.55,0,0,0,1,0.9937907999299114,NY,9,0.09033498077978844,day_anchor_std,server_midnight,1,0,0,0,UNCLASSIFIED,TRANSITION_UNCLASSIFIED,TRANSITION
973.65,974.05,973.25,974.05,0,0,0,1,0.9937907999299114,NY,9,0.09033498077978844,day_anchor_std,server_midnight,1,0,0,0,UNCLASSIFIED,TRANSITION_UNCLASSIFIED,TRANSITION
974.55,977.65,974.55,977.05,0,0,0,1,0.995033600389945,NY,10,0.6509329299041746,day_anchor_std,server_midnight,1,0,0,0,UNCLASSIFIED,TRANSITION_UNCLASSIFIED,TRANSITION
977.15,977.55,976.45,977.15,0,0,0,1,0.995033600389945,NY,10,0.6509329299041746,day_anchor_std,server_midnight,1,0,0,0,UNCLASSIFIED,TRANSITION_UNCLASSIFIED,TRANSITION
977.25,978.05,976.75,976.8,0,0,0,1,0.995033600389945,NY,10,0.6509329299041746,day_anchor_std,server_midnight,1,0,0,0,UNCLASSIFIED,TRANSITION_UNCLASSIFIED,TRANSITION
976.9,977.05,975.65,976.05,0,0,0,1,0.995033600389945,NY,10,0.6509329299041746,day_anchor_std,server_midnight,1,0,0,0,UNCLASSIFIED,TRANSITION_UNCLASSIFIED,TRANSITION
976.95,977.35,976.85,976.85,0,0,0,1,0.9839108490168855,NY_PM,12,0.6687085247575995,day_anchor_std,server_midnight,1,0,0,0,UNCLASSIFIED,TRANSITION_UNCLASSIFIED,TRANSITION
977.85,977.85,976.55,976.85,0,0,0,1,0.9839108490168855,NY_PM,12,0.6687085247575995,day_anchor_std,server_midnight,1,0,0,0,UNCLASSIFIED,TRANSITION_UNCLASSIFIED,TRANSITION
976.35,976.35,976.15,976.25,0,0,0,1,0.9839108490168855,NY_PM,12,0.6687085247575995,day_anchor_std,server_midnight,1,0,0,0,UNCLASSIFIED,TRANSITION_UNCLASSIFIED,TRANSITION
976.35,976.45,976.35,976.45,0,0,0,1,0.9839108490168855,NY_PM,12,0.6687085247575995,day_anchor_std,server_midnight,1,0,0,0,UNCLASSIFIED,TRANSITION_UNCLASSIFIED,TRANSITION
976.45,976.45,975.65,975.65,0,0,0,1,0.9946504241069976,NY_PM,12,0.7222549983612185,day_anchor_std,server_midnight,1,0,0,0,UNCLASSIFIED,TRANSITION_UNCLASSIFIED,TRANSITION
975.85,975.95,975.85,975.95,0,0,0,1,0.9946504241069976,NY_PM,12,0.7222549983612185,day_anchor_std,server_midnight,1,0,0,0,UNCLASSIFIED,TRANSITION_UNCLASSIFIED,TRANSITION
976.15,976.15,976.15,976.15,0,0,0,1,0.9946504241069976,NY_PM,12,0.7222549983612185,day_anchor_std,server_midnight,1,0,0,0,UNCLASSIFIED,TRANSITION_UNCLASSIFIED,TRANSITION
975.85,976.65,975.65,976.55,0,0,0,1,0.9946504241069976,NY_PM,12,0.7222549983612185,day_anchor_std,server_midnight,1,0,0,0,UNCLASSIFIED,TRANSITION_UNCLASSIFIED,TRANSITION
974.75,974.95,974.75,974.85,0,0,0,1,0.9957690732066509,NY,12,0.05204460966538,day_anchor_std,server_midnight,1,0,0,0,UNCLASSIFIED,TRANSITION_UNCLASSIFIED,TRANSITION
974.95,974.95,974.05,974.35,0,0,0,1,0.9957690732066509,NY,12,0.05204460966538,day_anchor_std,server_midnight,1,0,0,0,UNCLASSIFIED,TRANSITION_UNCLASSIFIED,TRANSITION
974.3,974.95,974.3,974.55,0,0,0,1,0.9979705667899641,NY,12,0.3277880468269193,day_anchor_std,server_midnight,1,0,0,0,UNCLASSIFIED,TRANSITION_UNCLASSIFIED,TRANSITION
974.25,974.25,973.95,974.15,0,0,0,1,0.9979705667899641,NY,12,0.3277880468269193,day_anchor_std,server_midnight,1,0,0,0,UNCLASSIFIED,TRANSITION_UNCLASSIFIED,TRANSITION
974.05,975.25,973.95,975.05,0,0,0,1,0.9979705667899641,NY,12,0.3277880468269193,day_anchor_std,server_midnight,1,0,0,0,UNCLASSIFIED,TRANSITION_UNCLASSIFIED,TRANSITION
975.15,976.15,975.05,975.45,0,0,0,1,0.9979705667899641,NY,12,0.3277880468269193,day_anchor_std,server_midnight,1,0,0,0,UNCLASSIFIED,TRANSITION_UNCLASSIFIED,TRANSITION
975.15,975.75,974.95,974.95,0,0,0,1,0.9969027033434896,NY,12,0.7942186088528468,day_anchor_std,server_midnight,1,0,0,0,UNCLASSIFIED,TRANSITION_UNCLASSIFIED,TRANSITION
975.05,975.75,975.05,975.65,0,0,0,1,0.9969027033434896,NY,12,0.7942186088528468,day_anchor_std,server_midnight,1,0,0,0,UNCLASSIFIED,TRANSITION_UNCLASSIFIED,TRANSITION
975.75,979.05,975.45,979.05,0,0,0,1,0.9969027033434896,NY,12,0.7942186088528468,day_anchor_std,server_midnight,1,0,0,0,UNCLASSIFIED,TRANSITION_UNCLASSIFIED,TRANSITION
978.55,978.55,977.2,977.2,0,0,0,1,0.9969027033434896,NY,12,0.7942186088528468,day_anchor_std,server_midnight,1,0,0,0,UNCLASSIFIED,TRANSITION_UNCLASSIFIED,TRANSITION
978.45,978.95,977.95,978.05,0,0,0,1,0.9920874428866222,NY,1,0.01168289290680438,day_anchor_std,server_midnight,1,0,0,0,UNCLASSIFIED,TRANSITION_UNCLASSIFIED,TRANSITION
977.95,978.15,977.25,977.45,0,0,0,1,0.9920874428866222,NY,1,0.01168289290680438,day_anchor_std,server_midnight,1,0,0,0,UNCLASSIFIED,TRANSITION_UNCLASSIFIED,TRANSITION
977.65,977.85,976.55,976.55,0,0,0,1,0.9920874428866222,NY,1,0.01168289290680438,day_anchor_std,server_midnight,1,0,0,0,UNCLASSIFIED,TRANSITION_UNCLASSIFIED,TRANSITION
976.15,976.55,975.45,976.05,0,0,0,1,0.9920874428866222,NY,1,0.01168289290680438,day_anchor_std,server_midnight,1,0,0,0,UNCLASSIFIED,TRANSITION_UNCLASSIFIED,TRANSITION
976.15,977.25,976.05,977.15,0,0,0,1,0.9924259001286614,NY_PM,2,0.4879508329290336,day_anchor_std,server_midnight,1,0,0,0,UNCLASSIFIED,TRANSITION_UNCLASSIFIED,TRANSITION
977.25,977.25,976.25,976.55,0,0,0,1,0.9924259001286614,NY_PM,2,0.4879508329290336,day_anchor_std,server_midnight,1,0,0,0,UNCLASSIFIED,TRANSITION_UNCLASSIFIED,TRANSITION
976.75,977.05,976.35,977.05,0,0,0,1,0.9924259001286614,NY_PM,2,0.4879508329290336,day_anchor_std,server_midnight,1,0,0,0,UNCLASSIFIED,TRANSITION_UNCLASSIFIED,TRANSITION
976.45,978.15,976.45,977.45,0,0,0,1,0.9924259001286614,NY_PM,2,0.4879508329290336,day_anchor_std,server_midnight,1,0,0,0,UNCLASSIFIED,TRANSITION_UNCLASSIFIED,TRANSITION
976.05,976.05,972.95,974.45,0,0,0,1,0.9853872073431301,NY_PM,1,1.3893834487305858,day_anchor_std,server_midnight,0,1,0,0,UNCLASSIFIED,TRANSITION_UNCLASSIFIED,TRANSITION
974.55,975.25,973.45,973.85,0,0,0,1,0.9853872073431301,NY_PM,1,1.3893834487305858,day_anchor_std,server_midnight,0,1,0,0,UNCLASSIFIED,TRANSITION_UNCLASSIFIED,TRANSITION
973.75,973.75,971.95,972.95,0,0,0,1,0.9853872073431301,NY_PM,1,1.3893834487305858,day_anchor_std,server_midnight,0,1,0,0,UNCLASSIFIED,TRANSITION_UNCLASSIFIED,TRANSITION
972.85,973.35,972.75,973.35,0,0,0,1,0.9853872073431301,NY_PM,1,1.3893834487305858,day_anchor_std,server_midnight,0,1,0,0,UNCLASSIFIED,TRANSITION_UNCLASSIFIED,TRANSITION
973.35,973.35,972.35,973.35,0,0,0,1,0.5763779982561221,NY_PM,2,1.3109756097560485,day_anchor_std,server_midnight,0,1,0,0,TRANSITION_NOISY,TRANSITION_NOISY,TRANSITION
973.3,973.65,973.15,973.15,0,0,0,1,0.5763779982561221,NY_PM,2,1.3109756097560485,day_anchor_std,server_midnight,0,1,0,0,TRANSITION_NOISY,TRANSITION_NOISY,TRANSITION
973.2,973.4,973.2,973.4,0,0,0,1,0.5763779982561221,NY_PM,2,1.3109756097560485,day_anchor_std,server_midnight,0,1,0,0,TRANSITION_NOISY,TRANSITION_NOISY,TRANSITION
973.45,973.45,973.45,973.45,0,0,0,1,0.8867042544260209,NY_PM,3,1.468875502007978,day_anchor_std,server_midnight,0,1,0,0,TRANSITION_NOISY,TRANSITION_NOISY,TRANSITION
973.5,973.55,973.4,973.4,0,0,0,1,0.8867042544260209,NY_PM,3,1.468875502007978,day_anchor_std,server_midnight,0,1,0,0,TRANSITION_NOISY,TRANSITION_NOISY,TRANSITION
973.35,973.4,973.2,973.25,0,0,0,1,0.8867042544260209,NY_PM,3,1.468875502007978,day_anchor_std,server_midnight,0,1,0,0,TRANSITION_NOISY,TRANSITION_NOISY,TRANSITION
974.45,974.85,974.45,974.85,0,0,0,1,0.7259583388464421,NY,4,0.06800242865816294,day_anchor_std,server_midnight,1,0,0,0,UNCLASSIFIED,TRANSITION_UNCLASSIFIED,TRANSITION
977.75,977.75,976.95,977.35,0,0,0,1,0.9876909774845807,NY,1,1.8463884124261047,day_anchor_std,server_midnight,0,1,0,0,UNCLASSIFIED,TRANSITION_UNCLASSIFIED,TRANSITION
977.55,977.95,977.35,977.75,0,0,0,1,0.9876909774845807,NY,1,1.8463884124261047,day_anchor_std,server_midnight,0,1,0,0,UNCLASSIFIED,TRANSITION_UNCLASSIFIED,TRANSITION
977.95,980.85,977.95,980.85,0,0,0,1,0.9876909774845807,NY,1,1.8463884124261047,day_anchor_std,server_midnight,0,1,0,0,UNCLASSIFIED,TRANSITION_UNCLASSIFIED,TRANSITION
981.05,981.25,980.05,980.55,0,0,0,1,0.9876909774845807,NY,1,1.8463884124261047,day_anchor_std,server_midnight,0,1,0,0,UNCLASSIFIED,TRANSITION_UNCLASSIFIED,TRANSITION
971.45,971.55,970.55,971.15,0,0,0,1,0.8902799118890486,NY,1,0.5749333333333261,day_anchor_std,server_midnight,1,0,0,0,UNCLASSIFIED,TRANSITION_UNCLASSIFIED,TRANSITION
971.25,971.85,970.95,971.65,0,0,0,1,0.8902799118890486,NY,1,0.5749333333333261,day_anchor_std,server_midnight,1,0,0,0,UNCLASSIFIED,TRANSITION_UNCLASSIFIED,TRANSITION
971.55,971.95,971.05,971.35,0,0,0,1,0.8902799118890486,NY,1,0.5749333333333261,day_anchor_std,server_midnight,1,0,0,0,UNCLASSIFIED,TRANSITION_UNCLASSIFIED,TRANSITION
971.55,972.55,971.55,971.85,0,0,0,1,0.8902799118890486,NY,1,0.5749333333333261,day_anchor_std,server_midnight,1,0,0,0,UNCLASSIFIED,TRANSITION_UNCLASSIFIED,TRANSITION
971.95,973.35,971.95,972.75,0,0,0,1,0.7811409574324999,NY,2,0.13476702508958163,day_anchor_std,server_midnight,1,0,0,0,UNCLASSIFIED,TRANSITION_UNCLASSIFIED,TRANSITION
972.65,972.65,971.8,972.55,0,0,0,1,0.7811409574324999,NY,2,0.13476702508958163,day_anchor_std,server_midnight,1,0,0,0,UNCLASSIFIED,TRANSITION_UNCLASSIFIED,TRANSITION
972.6,972.95,972.05,972.75,0,0,0,1,0.7811409574324999,NY,2,0.13476702508958163,day_anchor_std,server_midnight,1,0,0,0,UNCLASSIFIED,TRANSITION_UNCLASSIFIED,TRANSITION
972.55,973.45,972.25,972.75,0,0,0,1,0.7811409574324999,NY,2,0.13476702508958163,day_anchor_std,server_midnight,1,0,0,0,UNCLASSIFIED,TRANSITION_UNCLASSIFIED,TRANSITION
972.55,973.55,972.15,972.85,0,0,0,2,0.888779902584928,NY_PM,1,0.29477422628110006,day_anchor_std,server_midnight,0,0,0,1,TREND_STRONG,TREND_STRONG,TREND
973.05,973.15,971.65,971.95,0,0,0,2,0.888779902584928,NY_PM,1,0.29477422628110006,day_anchor_std,server_midnight,0,0,0,1,TREND_STRONG,TREND_STRONG,TREND
972.05,973.4,971.95,972.75,0,0,0,2,0.888779902584928,NY_PM,1,0.29477422628110006,day_anchor_std,server_midnight,0,0,0,1,TREND_STRONG,TREND_STRONG,TREND
972.2,972.4,972.2,972.3,0,0,0,2,0.888779902584928,NY_PM,1,0.29477422628110006,day_anchor_std,server_midnight,0,0,0,1,TREND_STRONG,TREND_STRONG,TREND
972.1,972.1,972.0,972.0,0,0,0,2,0.9751880746580848,NY_PM,2,0.6590909090908839,day_anchor_std,server_midnight,0,0,0,1,TREND_STRONG,TREND_STRONG,TREND
972.05,972.05,971.55,971.55,0,0,0,2,0.9751880746580848,NY_PM,2,0.6590909090908839,day_anchor_std,server_midnight,0,0,0,1,TREND_STRONG,TREND_STRONG,TREND
971.45,971.55,971.45,971.55,0,0,0,2,0.9751880746580848,NY_PM,2,0.6590909090908839,day_anchor_std,server_midnight,0,0,0,1,TREND_STRONG,TREND_STRONG,TREND
971.45,971.45,971.35,971.45,0,0,0,2,0.9751880746580848,NY_PM,2,0.6590909090908839,day_anchor_std,server_midnight,0,0,0,1,TREND_STRONG,TREND_STRONG,TREND
971.35,971.45,971.35,971.45,0,0,0,2,0.9950268004297509,NY_PM,3,0.7774122807017564,day_anchor_std,server_midnight,0,0,0,1,TREND_STRONG,TREND_STRONG,TREND
971.35,971.35,971.35,971.35,0,0,0,2,0.9950268004297509,NY_PM,3,0.7774122807017564,day_anchor_std,server_midnight,0,0,0,1,TREND_STRONG,TREND_STRONG,TREND
971.45,971.45,971.35,971.35,0,0,0,2,0.9950268004297509,NY_PM,3,0.7774122807017564,day_anchor_std,server_midnight,0,0,0,1,TREND_STRONG,TREND_STRONG,TREND
971.45,971.45,971.35,971.35,0,0,0,2,0.9977114665635747,NY_PM,4,0.7954074074074906,day_anchor_std,server_midnight,0,0,0,1,TREND_STRONG,TREND_STRONG,TREND
971.45,971.45,970.85,971.35,0,0,0,2,0.9977114665635747,NY_PM,4,0.7954074074074906,day_anchor_std,server_midnight,0,0,0,1,TREND_STRONG,TREND_STRONG,TREND
971.45,971.45,971.25,971.35,0,0,0,2,0.9977114665635747,NY_PM,4,0.7954074074074906,day_anchor_std,server_midnight,0,0,0,1,TREND_STRONG,TREND_STRONG,TREND
974.35,974.35,973.35,973.6,0,0,0,1,0.9984818322016344,NY,2,0.5314566005545771,day_anchor_std,server_midnight,1,0,0,0,UNCLASSIFIED,TRANSITION_UNCLASSIFIED,TRANSITION
973.5,974.65,973.25,974.15,0,0,0,1,0.9984818322016344,NY,2,0.5314566005545771,day_anchor_std,server_midnight,1,0,0,0,UNCLASSIFIED,TRANSITION_UNCLASSIFIED,TRANSITION
974.25,975.45,973.85,975.05,0,0,0,1,0.9984818322016344,NY,2,0.5314566005545771,day_anchor_std,server_midnight,1,0,0,0,UNCLASSIFIED,TRANSITION_UNCLASSIFIED,TRANSITION
974.95,975.05,973.95,974.25,0,0,0,1,0.9984818322016344,NY,2,0.5314566005545771,day_anchor_std,server_midnight,1,0,0,0,UNCLASSIFIED,TRANSITION_UNCLASSIFIED,TRANSITION
974.35,974.45,974.05,974.05,0,0,0,1,0.9869016467076372,NY,3,0.4077881619938448,day_anchor_std,server_midnight,1,0,0,0,UNCLASSIFIED,TRANSITION_UNCLASSIFIED,TRANSITION
973.95,974.05,973.05,973.15,0,0,0,1,0.9869016467076372,NY,3,0.4077881619938448,day_anchor_std,server_midnight,1,0,0,0,UNCLASSIFIED,TRANSITION_UNCLASSIFIED,TRANSITION
973.35,974.05,972.75,973.2,0,0,0,1,0.9869016467076372,NY,3,0.4077881619938448,day_anchor_std,server_midnight,1,0,0,0,UNCLASSIFIED,TRANSITION_UNCLASSIFIED,TRANSITION
973.15,974.25,972.95,974.15,0,0,0,1,0.9869016467076372,NY,3,0.4077881619938448,day_anchor_std,server_midnight,1,0,0,0,UNCLASSIFIED,TRANSITION_UNCLASSIFIED,TRANSITION
973.65,974.05,972.95,973.25,0,0,0,1,0.9540417368305051,NY,4,0.6576856649396664,day_anchor_std,server_midnight,1,0,0,0,UNCLASSIFIED,TRANSITION_UNCLASSIFIED,TRANSITION
973.05,974.35,972.8,973.65,0,0,0,1,0.9540417368305051,NY,4,0.6576856649396664,day_anchor_std,server_midnight,1,0,0,0,UNCLASSIFIED,TRANSITION_UNCLASSIFIED,TRANSITION
973.75,974.2,973.55,974.05,0,0,0,1,0.9540417368305051,NY,4,0.6576856649396664,day_anchor_std,server_midnight,1,0,0,0,UNCLASSIFIED,TRANSITION_UNCLASSIFIED,TRANSITION
974.1,975.55,974.05,974.85,0,0,0,1,0.9540417368305051,NY,4,0.6576856649396664,day_anchor_std,server_midnight,1,0,0,0,UNCLASSIFIED,TRANSITION_UNCLASSIFIED,TRANSITION
974.95,975.25,974.55,975.25,0,0,0,2,0.7804546388582205,NY_PM,1,0.4222222222223839,day_anchor_std,server_midnight,0,0,0,1,TREND_STRONG,TREND_STRONG,TREND
975.15,975.5,974.45,975.0,0,0,0,2,0.7804546388582205,NY_PM,1,0.4222222222223839,day_anchor_std,server_midnight,0,0,0,1,TREND_STRONG,TREND_STRONG,TREND
974.95,975.85,974.65,975.65,0,0,0,2,0.7804546388582205,NY_PM,1,0.4222222222223839,day_anchor_std,server_midnight,0,0,0,1,TREND_STRONG,TREND_STRONG,TREND
975.05,975.55,974.35,974.35,0,0,0,2,0.7804546388582205,NY_PM,1,0.4222222222223839,day_anchor_std,server_midnight,0,0,0,1,TREND_STRONG,TREND_STRONG,TREND
974.25,974.35,973.75,973.85,0,0,0,2,0.8233184861036967,NY_PM,2,0.5174917491750142,day_anchor_std,server_midnight,0,0,0,1,TREND_STRONG,TREND_STRONG,TREND
974.05,974.95,974.05,974.95,0,0,0,2,0.8233184861036967,NY_PM,2,0.5174917491750142,day_anchor_std,server_midnight,0,0,0,1,TREND_STRONG,TREND_STRONG,TREND
975.05,975.05,974.25,974.25,0,0,0,2,0.8233184861036967,NY_PM,2,0.5174917491750142,day_anchor_std,server_midnight,0,0,0,1,TREND_STRONG,TREND_STRONG,TREND
973.95,974.55,973.95,974.55,0,0,0,2,0.8233184861036967,NY_PM,2,0.5174917491750142,day_anchor_std,server_midnight,0,0,0,1,TREND_STRONG,TREND_STRONG,TREND
974.35,974.35,974.35,974.35,0,0,0,1,0.8338517484026127,NY_PM,1,0.5559895833334827,day_anchor_std,server_midnight,1,0,0,0,UNCLASSIFIED,TRANSITION_UNCLASSIFIED,TRANSITION
974.65,974.85,973.85,973.85,0,0,0,1,0.8338517484026127,NY_PM,1,0.5559895833334827,day_anchor_std,server_midnight,1,0,0,0,UNCLASSIFIED,TRANSITION_UNCLASSIFIED,TRANSITION
974.35,974.55,974.35,974.55,0,0,0,1,0.8338517484026127,NY_PM,1,0.5559895833334827,day_anchor_std,server_midnight,1,0,0,0,UNCLASSIFIED,TRANSITION_UNCLASSIFIED,TRANSITION
974.35,974.35,973.45,973.45,0,0,0,1,0.8693794084530311,NY_PM,2,0.4199765376238222,day_anchor_std,server_midnight,1,0,0,0,UNCLASSIFIED,TRANSITION_UNCLASSIFIED,TRANSITION
973.85,974.25,973.85,973.85,0,0,0,1,0.8693794084530311,NY_PM,2,0.4199765376238222,day_anchor_std,server_midnight,1,0,0,0,UNCLASSIFIED,TRANSITION_UNCLASSIFIED,TRANSITION
973.9,974.35,972.85,972.85,0,0,0,1,0.8693794084530311,NY_PM,2,0.4199765376238222,day_anchor_std,server_midnight,1,0,0,0,UNCLASSIFIED,TRANSITION_UNCLASSIFIED,TRANSITION
973.35,974.45,972.85,974.35,0,0,0,1,0.8693794084530311,NY_PM,2,0.4199765376238222,day_anchor_std,server_midnight,1,0,0,0,UNCLASSIFIED,TRANSITION_UNCLASSIFIED,TRANSITION
972.15,972.45,972.05,972.05,0,0,0,1,0.9071138636654817,NY,3,0.1998572448251484,day_anchor_std,server_midnight,1,0,0,0,UNCLASSIFIED,TRANSITION_UNCLASSIFIED,TRANSITION
972.15,972.25,971.45,971.45,0,0,0,1,0.9071138636654817,NY,3,0.1998572448251484,day_anchor_std,server_midnight,1,0,0,0,UNCLASSIFIED,TRANSITION_UNCLASSIFIED,TRANSITION
971.55,973.55,971.55,972.95,0,0,0,1,0.9958063224497002,NY,4,0.5845718329794892,day_anchor_std,server_midnight,1,0,0,0,UNCLASSIFIED,TRANSITION_UNCLASSIFIED,TRANSITION
973.15,973.55,972.95,973.2,0,0,0,1,0.9958063224497002,NY,4,0.5845718329794892,day_anchor_std,server_midnight,1,0,0,0,UNCLASSIFIED,TRANSITION_UNCLASSIFIED,TRANSITION
973.25,973.45,973.05,973.15,0,0,0,1,0.9958063224497002,NY,4,0.5845718329794892,day_anchor_std,server_midnight,1,0,0,0,UNCLASSIFIED,TRANSITION_UNCLASSIFIED,TRANSITION
973.05,973.35,972.95,973.25,0,0,0,1,0.9958063224497002,NY,4,0.5845718329794892,day_anchor_std,server_midnight,1,0,0,0,UNCLASSIFIED,TRANSITION_UNCLASSIFIED,TRANSITION
973.15,973.75,972.95,973.75,0,0,0,1,0.998424104115257,NY,5,0.2603440260344115,day_anchor_std,server_midnight,1,0,0,0,UNCLASSIFIED,TRANSITION_UNCLASSIFIED,TRANSITION
973.65,973.75,972.95,973.55,0,0,0,1,0.998424104115257,NY,5,0.2603440260344115,day_anchor_std,server_midnight,1,0,0,0,UNCLASSIFIED,TRANSITION_UNCLASSIFIED,TRANSITION
973.25,973.25,972.45,973.25,0,0,0,1,0.998424104115257,NY,5,0.2603440260344115,day_anchor_std,server_midnight,1,0,0,0,UNCLASSIFIED,TRANSITION_UNCLASSIFIED,TRANSITION
973.35,973.55,972.5,972.85,0,0,0,1,0.998424104115257,NY,5,0.2603440260344115,day_anchor_std,server_midnight,1,0,0,0,UNCLASSIFIED,TRANSITION_UNCLASSIFIED,TRANSITION
972.85,972.85,971.35,971.35,0,0,0,1,0.9940813837914168,NY,6,0.5109489051094916,day_anchor_std,server_midnight,1,0,0,0,UNCLASSIFIED,TRANSITION_UNCLASSIFIED,TRANSITION
971.25,971.85,970.95,970.95,0,0,0,1,0.9940813837914168,NY,6,0.5109489051094916,day_anchor_std,server_midnight,1,0,0,0,UNCLASSIFIED,TRANSITION_UNCLASSIFIED,TRANSITION
971.25,971.45,969.55,969.55,0,0,0,1,0.9940813837914168,NY,6,0.5109489051094916,day_anchor_std,server_midnight,1,0,0,0,UNCLASSIFIED,TRANSITION_UNCLASSIFIED,TRANSITION
969.45,971.55,969.25,971.15,0,0,0,1,0.9940813837914168,NY,6,0.5109489051094916,day_anchor_std,server_midnight,1,0,0,0,UNCLASSIFIED,TRANSITION_UNCLASSIFIED,TRANSITION
969.2,969.85,969.2,969.55,0,0,0,1,0.644548931589868,NY_PM,1,0.6973180076628441,day_anchor_std,server_midnight,1,0,0,0,TRANSITION_NOISY,TRANSITION_NOISY,TRANSITION
969.6,970.15,969.6,969.9,0,0,0,1,0.644548931589868,NY_PM,1,0.6973180076628441,day_anchor_std,server_midnight,1,0,0,0,TRANSITION_NOISY,TRANSITION_NOISY,TRANSITION
969.85,969.95,969.55,969.95,0,0,0,1,0.644548931589868,NY_PM,1,0.6973180076628441,day_anchor_std,server_midnight,1,0,0,0,TRANSITION_NOISY,TRANSITION_NOISY,TRANSITION
969.65,970.35,969.35,970.25,0,0,0,1,0.644548931589868,NY_PM,1,0.6973180076628441,day_anchor_std,server_midnight,1,0,0,0,TRANSITION_NOISY,TRANSITION_NOISY,TRANSITION
970.15,970.35,970.15,970.15,0,0,0,1,0.8619374728156565,NY_PM,2,0.673089274245367,day_anchor_std,server_midnight,1,0,0,0,UNCLASSIFIED,TRANSITION_UNCLASSIFIED,TRANSITION
970.25,970.55,970.25,970.35,0,0,0,1,0.8619374728156565,NY_PM,2,0.673089274245367,day_anchor_std,server_midnight,1,0,0,0,UNCLASSIFIED,TRANSITION_UNCLASSIFIED,TRANSITION
970.05,970.05,969.85,969.85,0,0,0,2,0.5502963923905279,NY_PM,1,0.9394861392833262,day_anchor_std,server_midnight,0,0,0,1,TREND_STRONG,TREND_STRONG,TREND
969.55,969.55,969.55,969.55,0,0,0,2,0.5502963923905279,NY_PM,1,0.9394861392833262,day_anchor_std,server_midnight,0,0,0,1,TREND_STRONG,TREND_STRONG,TREND
969.85,969.85,969.55,969.55,0,0,0,2,0.5502963923905279,NY_PM,1,0.9394861392833262,day_anchor_std,server_midnight,0,0,0,1,TREND_STRONG,TREND_STRONG,TREND
969.45,969.85,969.45,969.85,0,0,0,2,0.5502963923905279,NY_PM,1,0.9394861392833262,day_anchor_std,server_midnight,0,0,0,1,TREND_STRONG,TREND_STRONG,TREND
969.65,969.85,969.65,969.85,0,0,0,2,0.58107664662487,NY_PM,2,0.9401588424942808,day_anchor_std,server_midnight,0,0,0,1,UNCLASSIFIED,TREND_UNCLASSIFIED,TREND
969.95,969.95,969.85,969.85,0,0,0,2,0.58107664662487,NY_PM,2,0.9401588424942808,day_anchor_std,server_midnight,0,0,0,1,UNCLASSIFIED,TREND_UNCLASSIFIED,TREND
969.95,969.95,969.95,969.95,0,0,0,2,0.58107664662487,NY_PM,2,0.9401588424942808,day_anchor_std,server_midnight,0,0,0,1,UNCLASSIFIED,TREND_UNCLASSIFIED,TREND
970.25,970.25,969.85,969.85,0,0,0,2,0.58107664662487,NY_PM,2,0.9401588424942808,day_anchor_std,server_midnight,0,0,0,1,UNCLASSIFIED,TREND_UNCLASSIFIED,TREND
969.35,969.75,969.15,969.75,0,0,0,1,0.9989340344637802,NY,1,0.5352635486265205,day_anchor_std,server_midnight,1,0,0,0,UNCLASSIFIED,TRANSITION_UNCLASSIFIED,TRANSITION
969.85,970.75,969.85,970.45,0,0,0,1,0.9989340344637802,NY,1,0.5352635486265205,day_anchor_std,server_midnight,1,0,0,0,UNCLASSIFIED,TRANSITION_UNCLASSIFIED,TRANSITION
970.55,971.35,970.55,970.75,0,0,0,1,0.9989340344637802,NY,1,0.5352635486265205,day_anchor_std,server_midnight,1,0,0,0,UNCLASSIFIED,TRANSITION_UNCLASSIFIED,TRANSITION
970.95,971.35,970.85,971.05,0,0,0,1,0.9989340344637802,NY,1,0.5352635486265205,day_anchor_std,server_midnight,1,0,0,0,UNCLASSIFIED,TRANSITION_UNCLASSIFIED,TRANSITION
967.55,969.95,967.55,968.75,0,0,0,1,0.94422899813802,NY,1,1.4416257501363612,day_anchor_std,server_midnight,0,1,0,0,UNCLASSIFIED,TRANSITION_UNCLASSIFIED,TRANSITION
968.85,970.25,968.75,970.0,0,0,0,1,0.94422899813802,NY,1,1.4416257501363612,day_anchor_std,server_midnight,0,1,0,0,UNCLASSIFIED,TRANSITION_UNCLASSIFIED,TRANSITION
969.95,970.65,969.95,970.35,0,0,0,1,0.94422899813802,NY,1,1.4416257501363612,day_anchor_std,server_midnight,0,1,0,0,UNCLASSIFIED,TRANSITION_UNCLASSIFIED,TRANSITION
970.45,973.5,970.45,973.15,0,0,0,1,0.94422899813802,NY,1,1.4416257501363612,day_anchor_std,server_midnight,0,1,0,0,UNCLASSIFIED,TRANSITION_UNCLASSIFIED,TRANSITION
972.75,975.2,972.75,975.2,0,0,0,1,0.9395077162393098,NY,2,1.7721703011422436,day_anchor_std,server_midnight,0,1,0,0,UNCLASSIFIED,TRANSITION_UNCLASSIFIED,TRANSITION
975.1,976.0,974.75,974.85,0,0,0,1,0.9395077162393098,NY,2,1.7721703011422436,day_anchor_std,server_midnight,0,1,0,0,UNCLASSIFIED,TRANSITION_UNCLASSIFIED,TRANSITION
974.9,975.45,974.75,975.25,0,0,0,1,0.9395077162393098,NY,2,1.7721703011422436,day_anchor_std,server_midnight,0,1,0,0,UNCLASSIFIED,TRANSITION_UNCLASSIFIED,TRANSITION
975.3,975.35,974.05,974.55,0,0,0,1,0.9395077162393098,NY,2,1.7721703011422436,day_anchor_std,server_midnight,0,1,0,0,UNCLASSIFIED,TRANSITION_UNCLASSIFIED,TRANSITION
974.5,975.05,974.4,974.95,0,0,0,1,0.9916403677463503,NY_PM,3,1.6952535059330769,day_anchor_std,server_midnight,0,1,0,0,UNCLASSIFIED,TRANSITION_UNCLASSIFIED,TRANSITION
974.9,974.9,973.45,973.5,0,0,0,1,0.9916403677463503,NY_PM,3,1.6952535059330769,day_anchor_std,server_midnight,0,1,0,0,UNCLASSIFIED,TRANSITION_UNCLASSIFIED,TRANSITION
973.4,974.65,973.35,974.65,0,0,0,1,0.9916403677463503,NY_PM,3,1.6952535059330769,day_anchor_std,server_midnight,0,1,0,0,UNCLASSIFIED,TRANSITION_UNCLASSIFIED,TRANSITION
974.05,974.55,973.85,974.55,0,0,0,1,0.9916403677463503,NY_PM,3,1.6952535059330769,day_anchor_std,server_midnight,0,1,0,0,UNCLASSIFIED,TRANSITION_UNCLASSIFIED,TRANSITION
974.35,975.35,974.35,974.85,0,0,0,1,0.9616747128945045,NY_PM,4,1.5604026845636996,day_anchor_std,server_midnight,0,1,0,0,UNCLASSIFIED,TRANSITION_UNCLASSIFIED,TRANSITION
975.35,975.35,974.35,974.65,0,0,0,1,0.9616747128945045,NY_PM,4,1.5604026845636996,day_anchor_std,server_midnight,0,1,0,0,UNCLASSIFIED,TRANSITION_UNCLASSIFIED,TRANSITION
974.45,974.55,974.35,974.55,0,0,0,1,0.9616747128945045,NY_PM,4,1.5604026845636996,day_anchor_std,server_midnight,0,1,0,0,UNCLASSIFIED,TRANSITION_UNCLASSIFIED,TRANSITION
974.35,974.75,974.35,974.35,0,0,0,1,0.9616747128945045,NY_PM,4,1.5604026845636996,day_anchor_std,server_midnight,0,1,0,0,UNCLASSIFIED,TRANSITION_UNCLASSIFIED,TRANSITION
974.55,974.65,974.35,974.45,0,0,0,1,0.9972898801341418,NY_PM,5,1.5986159169549965,day_anchor_std,server_midnight,0,1,0,0,TRANSITION_NOISY,TRANSITION_NOISY,TRANSITION
974.55,974.75,974.55,974.6,0,0,0,1,0.9972898801341418,NY_PM,5,1.5986159169549965,day_anchor_std,server_midnight,0,1,0,0,TRANSITION_NOISY,TRANSITION_NOISY,TRANSITION
974.65,974.65,974.45,974.5,0,0,0,1,0.9972898801341418,NY_PM,5,1.5986159169549965,day_anchor_std,server_midnight,0,1,0,0,TRANSITION_NOISY,TRANSITION_NOISY,TRANSITION
968.15,968.35,968.15,968.35,0,0,0,1,0.9361468855510382,NY_PM,1,0.5902881271733748,day_anchor_std,server_midnight,1,0,0,0,TRANSITION_NOISY,TRANSITION_NOISY,TRANSITION
968.85,968.85,968.35,968.35,0,0,0,1,0.9361468855510382,NY_PM,1,0.5902881271733748,day_anchor_std,server_midnight,1,0,0,0,TRANSITION_NOISY,TRANSITION_NOISY,TRANSITION
968.45,968.45,968.45,968.45,0,0,0,1,0.9361468855510382,NY_PM,1,0.5902881271733748,day_anchor_std,server_midnight,1,0,0,0,TRANSITION_NOISY,TRANSITION_NOISY,TRANSITION
968.55,968.55,968.55,968.55,0,0,0,1,0.9361468855510382,NY_PM,1,0.5902881271733748,day_anchor_std,server_midnight,1,0,0,0,TRANSITION_NOISY,TRANSITION_NOISY,TRANSITION
968.35,968.35,968.35,968.35,0,0,0,1,0.9997915061664003,NY_PM,2,0.7446526594737473,day_anchor_std,server_midnight,1,0,0,0,TRANSITION_NOISY,TRANSITION_NOISY,TRANSITION
968.45,968.45,968.35,968.35,0,0,0,1,0.9997915061664003,NY_PM,2,0.7446526594737473,day_anchor_std,server_midnight,1,0,0,0,TRANSITION_NOISY,TRANSITION_NOISY,TRANSITION
968.45,968.45,968.35,968.35,0,0,0,1,0.9997915061664003,NY_PM,2,0.7446526594737473,day_anchor_std,server_midnight,1,0,0,0,TRANSITION_NOISY,TRANSITION_NOISY,TRANSITION
970.35,970.35,970.15,970.15,0,0,0,1,0.8201748505412999,NY,3,0.26465028355381803,day_anchor_std,server_midnight,1,0,0,0,TRANSITION_NOISY,TRANSITION_NOISY,TRANSITION
969.95,971.45,969.95,971.45,0,0,0,1,0.8201748505412999,NY,3,0.26465028355381803,day_anchor_std,server_midnight,1,0,0,0,TRANSITION_NOISY,TRANSITION_NOISY,TRANSITION
971.25,971.35,970.05,970.05,0,0,0,1,0.9159131156308845,NY,4,0.06455862977602597,day_anchor_std,server_midnight,1,0,0,0,TRANSITION_NOISY,TRANSITION_NOISY,TRANSITION
970.35,971.95,970.35,971.75,0,0,0,1,0.9159131156308845,NY,4,0.06455862977602597,day_anchor_std,server_midnight,1,0,0,0,TRANSITION_NOISY,TRANSITION_NOISY,TRANSITION
971.55,972.15,971.25,971.45,0,0,0,1,0.9159131156308845,NY,4,0.06455862977602597,day_anchor_std,server_midnight,1,0,0,0,TRANSITION_NOISY,TRANSITION_NOISY,TRANSITION
971.35,971.35,970.65,970.85,0,0,0,1,0.9159131156308845,NY,4,0.06455862977602597,day_anchor_std,server_midnight,1,0,0,0,TRANSITION_NOISY,TRANSITION_NOISY,TRANSITION
971.05,971.95,971.05,971.65,0,0,0,1,0.9785099306816616,NY,5,0.7179487179487688,day_anchor_std,server_midnight,1,0,0,0,UNCLASSIFIED,TRANSITION_UNCLASSIFIED,TRANSITION
971.7,972.25,971.0,971.15,0,0,0,1,0.9785099306816616,NY,5,0.7179487179487688,day_anchor_std,server_midnight,1,0,0,0,UNCLASSIFIED,TRANSITION_UNCLASSIFIED,TRANSITION
971.1,971.1,969.55,969.55,0,0,0,1,0.9785099306816616,NY,5,0.7179487179487688,day_anchor_std,server_midnight,1,0,0,0,UNCLASSIFIED,TRANSITION_UNCLASSIFIED,TRANSITION
969.45,969.75,968.55,969.25,0,0,0,1,0.9785099306816616,NY,5,0.7179487179487688,day_anchor_std,server_midnight,1,0,0,0,UNCLASSIFIED,TRANSITION_UNCLASSIFIED,TRANSITION
971.45,972.95,971.35,972.25,0,0,0,1,0.9941158105743942,NY,1,1.8751004016064563,day_anchor_std,server_midnight,0,1,0,0,UNCLASSIFIED,TRANSITION_UNCLASSIFIED,TRANSITION
972.05,973.65,971.35,973.65,0,0,0,1,0.9941158105743942,NY,1,1.8751004016064563,day_anchor_std,server_midnight,0,1,0,0,UNCLASSIFIED,TRANSITION_UNCLASSIFIED,TRANSITION
973.75,975.25,973.65,974.05,0,0,0,1,0.9941158105743942,NY,1,1.8751004016064563,day_anchor_std,server_midnight,0,1,0,0,UNCLASSIFIED,TRANSITION_UNCLASSIFIED,TRANSITION
973.8,975.65,973.45,975.65,0,0,0,1,0.9941158105743942,NY,1,1.8751004016064563,day_anchor_std,server_midnight,0,1,0,0,UNCLASSIFIED,TRANSITION_UNCLASSIFIED,TRANSITION
975.75,975.75,974.55,975.05,0,0,0,1,0.9290508001904185,NY_PM,2,1.4342173686947912,day_anchor_std,server_midnight,0,1,0,0,TRANSITION_NOISY,TRANSITION_NOISY,TRANSITION
974.85,976.35,973.95,976.35,0,0,0,1,0.9290508001904185,NY_PM,2,1.4342173686947912,day_anchor_std,server_midnight,0,1,0,0,TRANSITION_NOISY,TRANSITION_NOISY,TRANSITION
976.75,976.75,974.65,974.75,0,0,0,1,0.9290508001904185,NY_PM,2,1.4342173686947912,day_anchor_std,server_midnight,0,1,0,0,TRANSITION_NOISY,TRANSITION_NOISY,TRANSITION
974.05,975.35,973.85,974.85,0,0,0,1,0.9290508001904185,NY_PM,2,1.4342173686947912,day_anchor_std,server_midnight,0,1,0,0,TRANSITION_NOISY,TRANSITION_NOISY,TRANSITION
974.95,974.95,974.85,974.85,0,0,0,1,0.9429520780531009,NY_PM,3,1.675213675213682,day_anchor_std,server_midnight,0,1,0,0,TRANSITION_NOISY,TRANSITION_NOISY,TRANSITION
974.75,975.35,974.75,975.35,0,0,0,1,0.9429520780531009,NY_PM,3,1.675213675213682,day_anchor_std,server_midnight,0,1,0,0,TRANSITION_NOISY,TRANSITION_NOISY,TRANSITION
977.35,977.45,977.35,977.45,0,0,0,1,0.9961354370496307,NY,6,0.07253886010361583,day_anchor_std,server_midnight,1,0,0,0,TRANSITION_NOISY,TRANSITION_NOISY,TRANSITION
977.25,978.1,977.25,977.45,0,0,0,1,0.9961354370496307,NY,6,0.07253886010361583,day_anchor_std,server_midnight,1,0,0,0,TRANSITION_NOISY,TRANSITION_NOISY,TRANSITION
977.4,977.55,975.55,975.65,0,0,0,1,0.9976135978348271,NY,7,0.16475095785436059,day_anchor_std,server_midnight,1,0,0,0,TRANSITION_NOISY,TRANSITION_NOISY,TRANSITION
975.55,976.45,975.5,976.35,0,0,0,1,0.9976135978348271,NY,7,0.16475095785436059,day_anchor_std,server_midnight,1,0,0,0,TRANSITION_NOISY,TRANSITION_NOISY,TRANSITION
976.3,976.9,976.3,976.35,0,0,0,1,0.9976135978348271,NY,7,0.16475095785436059,day_anchor_std,server_midnight,1,0,0,0,TRANSITION_NOISY,TRANSITION_NOISY,TRANSITION
976.3,977.0,976.3,976.85,0,0,0,1,0.9976135978348271,NY,7,0.16475095785436059,day_anchor_std,server_midnight,1,0,0,0,TRANSITION_NOISY,TRANSITION_NOISY,TRANSITION
973.65,974.0,972.85,973.65,0,0,0,1,0.8769011134697706,NY,9,0.22591055786073613,day_anchor_std,server_midnight,1,0,0,0,TRANSITION_NOISY,TRANSITION_NOISY,TRANSITION
973.6,974.3,973.35,974.15,0,0,0,1,0.8769011134697706,NY,9,0.22591055786073613,day_anchor_std,server_midnight,1,0,0,0,TRANSITION_NOISY,TRANSITION_NOISY,TRANSITION
974.2,974.9,974.2,974.9,0,0,0,1,0.8769011134697706,NY,9,0.22591055786073613,day_anchor_std,server_midnight,1,0,0,0,TRANSITION_NOISY,TRANSITION_NOISY,TRANSITION
974.95,976.05,974.95,975.55,0,0,0,1,0.8769011134697706,NY,9,0.22591055786073613,day_anchor_std,server_midnight,1,0,0,0,TRANSITION_NOISY,TRANSITION_NOISY,TRANSITION
975.5,975.95,975.25,975.85,0,0,0,1,0.9768790521378917,NY,10,0.28180645161293444,day_anchor_std,server_midnight,1,0,0,0,TRANSITION_NOISY,TRANSITION_NOISY,TRANSITION
975.8,976.25,974.85,976.25,0,0,0,1,0.9768790521378917,NY,10,0.28180645161293444,day_anchor_std,server_midnight,1,0,0,0,TRANSITION_NOISY,TRANSITION_NOISY,TRANSITION
976.2,977.45,976.15,976.85,0,0,0,1,0.9768790521378917,NY,10,0.28180645161293444,day_anchor_std,server_midnight,1,0,0,0,TRANSITION_NOISY,TRANSITION_NOISY,TRANSITION
976.75,977.65,976.65,976.85,0,0,0,1,0.9768790521378917,NY,10,0.28180645161293444,day_anchor_std,server_midnight,1,0,0,0,TRANSITION_NOISY,TRANSITION_NOISY,TRANSITION
976.95,977.25,975.75,975.9,0,0,0,1,0.999057198134747,NY_PM,11,0.25247236765560677,day_anchor_std,server_midnight,1,0,0,0,UNCLASSIFIED,TRANSITION_UNCLASSIFIED,TRANSITION
975.95,975.95,975.35,975.45,0,0,0,1,0.999057198134747,NY_PM,11,0.25247236765560677,day_anchor_std,server_midnight,1,0,0,0,UNCLASSIFIED,TRANSITION_UNCLASSIFIED,TRANSITION
975.4,975.4,974.85,975.05,0,0,0,1,0.999057198134747,NY_PM,11,0.25247236765560677,day_anchor_std,server_midnight,1,0,0,0,UNCLASSIFIED,TRANSITION_UNCLASSIFIED,TRANSITION
974.7,975.25,974.7,975.25,0,0,0,1,0.999057198134747,NY_PM,11,0.25247236765560677,day_anchor_std,server_midnight,1,0,0,0,UNCLASSIFIED,TRANSITION_UNCLASSIFIED,TRANSITION
975.2,975.4,975.15,975.4,0,0,0,1,0.996200630054603,NY_PM,12,0.44144144144142844,day_anchor_std,server_midnight,1,0,0,0,UNCLASSIFIED,TRANSITION_UNCLASSIFIED,TRANSITION
975.45,975.55,975.45,975.55,0,0,0,1,0.996200630054603,NY_PM,12,0.44144144144142844,day_anchor_std,server_midnight,1,0,0,0,UNCLASSIFIED,TRANSITION_UNCLASSIFIED,TRANSITION
975.5,975.5,975.05,975.05,0,0,0,1,0.996200630054603,NY_PM,12,0.44144144144142844,day_anchor_std,server_midnight,1,0,0,0,UNCLASSIFIED,TRANSITION_UNCLASSIFIED,TRANSITION
975.0,975.0,974.65,974.65,0,0,0,1,0.996200630054603,NY_PM,12,0.44144144144142844,day_anchor_std,server_midnight,1,0,0,0,UNCLASSIFIED,TRANSITION_UNCLASSIFIED,TRANSITION
974.7,974.7,974.55,974.55,0,0,0,1,0.9914690548626995,NY_PM,12,0.368055555555506,day_anchor_std,server_midnight,1,0,0,0,UNCLASSIFIED,TRANSITION_UNCLASSIFIED,TRANSITION
974.6,974.85,974.6,974.85,0,0,0,1,0.9914690548626995,NY_PM,12,0.368055555555506,day_anchor_std,server_midnight,1,0,0,0,UNCLASSIFIED,TRANSITION_UNCLASSIFIED,TRANSITION
974.8,974.8,974.75,974.75,0,0,0,1,0.997326055660749,NY_PM,12,0.7084217975938042,day_anchor_std,server_midnight,1,0,0,0,UNCLASSIFIED,TRANSITION_UNCLASSIFIED,TRANSITION
974.7,974.75,974.7,974.75,0,0,0,1,0.997326055660749,NY_PM,12,0.7084217975938042,day_anchor_std,server_midnight,1,0,0,0,UNCLASSIFIED,TRANSITION_UNCLASSIFIED,TRANSITION
974.7,974.7,974.05,974.05,0,0,0,1,0.997326055660749,NY_PM,12,0.7084217975938042,day_anchor_std,server_midnight,1,0,0,0,UNCLASSIFIED,TRANSITION_UNCLASSIFIED,TRANSITION
971.75,971.95,971.75,971.95,0,0,0,1,0.9923319211308221,NY,12,0.03174603174605704,day_anchor_std,server_midnight,1,0,0,0,UNCLASSIFIED,TRANSITION_UNCLASSIFIED,TRANSITION
971.95,972.15,971.95,972.05,0,0,0,1,0.9923319211308221,NY,12,0.03174603174605704,day_anchor_std,server_midnight,1,0,0,0,UNCLASSIFIED,TRANSITION_UNCLASSIFIED,TRANSITION
971.95,973.35,971.85,973.05,0,0,0,1,0.9970294950418365,NY,12,0.537825059101675,day_anchor_std,server_midnight,1,0,0,0,UNCLASSIFIED,TRANSITION_UNCLASSIFIED,TRANSITION
973.15,973.45,972.45,972.45,0,0,0,1,0.9970294950418365,NY,12,0.537825059101675,day_anchor_std,server_midnight,1,0,0,0,UNCLASSIFIED,TRANSITION_UNCLASSIFIED,TRANSITION
972.35,973.45,972.35,973.35,0,0,0,1,0.9970294950418365,NY,12,0.537825059101675,day_anchor_std,server_midnight,1,0,0,0,UNCLASSIFIED,TRANSITION_UNCLASSIFIED,TRANSITION
973.05,973.55,972.75,973.55,0,0,0,1,0.9970294950418365,NY,12,0.537825059101675,day_anchor_std,server_midnight,1,0,0,0,UNCLASSIFIED,TRANSITION_UNCLASSIFIED,TRANSITION
975.45,976.45,975.15,976.25,0,0,0,1,0.9983436187958514,NY,12,1.3100401606426324,day_anchor_std,server_midnight,0,1,0,0,UNCLASSIFIED,TRANSITION_UNCLASSIFIED,TRANSITION
976.15,976.75,975.75,976.05,0,0,0,1,0.9983436187958514,NY,12,1.3100401606426324,day_anchor_std,server_midnight,0,1,0,0,UNCLASSIFIED,TRANSITION_UNCLASSIFIED,TRANSITION
976.55,977.55,976.15,977.25,0,0,0,1,0.9983436187958514,NY,12,1.3100401606426324,day_anchor_std,server_midnight,0,1,0,0,UNCLASSIFIED,TRANSITION_UNCLASSIFIED,TRANSITION
976.95,978.05,976.5,976.95,0,0,0,1,0.9983436187958514,NY,12,1.3100401606426324,day_anchor_std,server_midnight,0,1,0,0,UNCLASSIFIED,TRANSITION_UNCLASSIFIED,TRANSITION
976.9,977.15,975.95,976.35,0,0,0,1,0.9961695586342064,NY_PM,12,1.2093269740329273,day_anchor_std,server_midnight,0,1,0,0,UNCLASSIFIED,TRANSITION_UNCLASSIFIED,TRANSITION
976.45,977.65,976.45,976.75,0,0,0,1,0.9961695586342064,NY_PM,12,1.2093269740329273,day_anchor_std,server_midnight,0,1,0,0,UNCLASSIFIED,TRANSITION_UNCLASSIFIED,TRANSITION
976.8,978.15,976.35,976.45,0,0,0,1,0.9961695586342064,NY_PM,12,1.2093269740329273,day_anchor_std,server_midnight,0,1,0,0,UNCLASSIFIED,TRANSITION_UNCLASSIFIED,TRANSITION
976.15,976.85,975.75,976.85,0,0,0,1,0.9961695586342064,NY_PM,12,1.2093269740329273,day_anchor_std,server_midnight,0,1,0,0,UNCLASSIFIED,TRANSITION_UNCLASSIFIED,TRANSITION
976.55,976.95,976.55,976.85,0,0,0,1,0.8476276807062136,NY_PM,12,1.3038906414301314,day_anchor_std,server_midnight,0,1,0,0,UNCLASSIFIED,TRANSITION_UNCLASSIFIED,TRANSITION
977.05,978.85,977.05,978.85,0,0,0,1,0.8476276807062136,NY_PM,12,1.3038906414301314,day_anchor_std,server_midnight,0,1,0,0,UNCLASSIFIED,TRANSITION_UNCLASSIFIED,TRANSITION
978.55,978.55,977.65,977.75,0,0,0,1,0.8476276807062136,NY_PM,12,1.3038906414301314,day_anchor_std,server_midnight,0,1,0,0,UNCLASSIFIED,TRANSITION_UNCLASSIFIED,TRANSITION
977.65,977.75,977.35,977.35,0,0,0,1,0.8476276807062136,NY_PM,12,1.3038906414301314,day_anchor_std,server_midnight,0,1,0,0,UNCLASSIFIED,TRANSITION_UNCLASSIFIED,TRANSITION
977.55,977.85,977.35,977.85,0,0,0,1,0.9567331908236166,NY_PM,12,1.637130801687837,day_anchor_std,server_midnight,0,1,0,0,UNCLASSIFIED,TRANSITION_UNCLASSIFIED,TRANSITION
978.05,978.25,978.05,978.05,0,0,0,1,0.9567331908236166,NY_PM,12,1.637130801687837,day_anchor_std,server_midnight,0,1,0,0,UNCLASSIFIED,TRANSITION_UNCLASSIFIED,TRANSITION
977.85,977.85,977.55,977.55,0,0,0,1,0.9567331908236166,NY_PM,12,1.637130801687837,day_anchor_std,server_midnight,0,1,0,0,UNCLASSIFIED,TRANSITION_UNCLASSIFIED,TRANSITION
977.75,977.85,977.55,977.85,0,0,0,1,0.9567331908236166,NY_PM,12,1.637130801687837,day_anchor_std,server_midnight,0,1,0,0,UNCLASSIFIED,TRANSITION_UNCLASSIFIED,TRANSITION
978.85,978.85,977.85,977.85,0,0,0,1,0.874629997941694,NY_PM,12,1.6653002517080768,day_anchor_std,server_midnight,0,1,0,0,UNCLASSIFIED,TRANSITION_UNCLASSIFIED,TRANSITION
977.55,977.55,977.55,977.55,0,0,0,1,0.874629997941694,NY_PM,12,1.6653002517080768,day_anchor_std,server_midnight,0,1,0,0,UNCLASSIFIED,TRANSITION_UNCLASSIFIED,TRANSITION
978.05,978.05,977.85,977.85,0,0,0,1,0.874629997941694,NY_PM,12,1.6653002517080768,day_anchor_std,server_midnight,0,1,0,0,UNCLASSIFIED,TRANSITION_UNCLASSIFIED,TRANSITION
977.75,977.85,977.75,977.85,0,0,0,1,0.874629997941694,NY_PM,12,1.6653002517080768,day_anchor_std,server_midnight,0,1,0,0,UNCLASSIFIED,TRANSITION_UNCLASSIFIED,TRANSITION
984.95,986.25,984.95,985.55,0,0,0,2,0.9918428131790707,NY_PM,6,1.5555555555555842,day_anchor_std,server_midnight,0,0,0,1,UNCLASSIFIED,TREND_UNCLASSIFIED,TREND
985.05,987.55,985.05,987.45,0,0,0,2,0.9918428131790707,NY_PM,6,1.5555555555555842,day_anchor_std,server_midnight,0,0,0,1,UNCLASSIFIED,TREND_UNCLASSIFIED,TREND
987.35,987.55,985.85,986.25,0,0,0,2,0.9918428131790707,NY_PM,6,1.5555555555555842,day_anchor_std,server_midnight,0,0,0,1,UNCLASSIFIED,TREND_UNCLASSIFIED,TREND
986.15,986.15,984.65,985.35,0,0,0,2,0.9918428131790707,NY_PM,6,1.5555555555555842,day_anchor_std,server_midnight,0,0,0,1,UNCLASSIFIED,TREND_UNCLASSIFIED,TREND
985.55,986.15,985.15,985.85,0,0,0,2,0.9535991481583123,NY_PM,7,1.3133242382901769,day_anchor_std,server_midnight,0,0,0,1,UNCLASSIFIED,TREND_UNCLASSIFIED,TREND
986.1,986.35,986.1,986.35,0,0,0,2,0.9535991481583123,NY_PM,7,1.3133242382901769,day_anchor_std,server_midnight,0,0,0,1,UNCLASSIFIED,TREND_UNCLASSIFIED,TREND
985.85,985.85,984.95,984.95,0,0,0,2,0.9535991481583123,NY_PM,7,1.3133242382901769,day_anchor_std,server_midnight,0,0,0,1,UNCLASSIFIED,TREND_UNCLASSIFIED,TREND
985.0,985.1,985.0,985.1,0,0,0,1,0.999099622313348,NY_PM,1,1.493065518890499,day_anchor_std,server_midnight,0,1,0,0,TRANSITION_NOISY,TRANSITION_NOISY,TRANSITION
985.15,985.15,985.15,985.15,0,0,0,1,0.999099622313348,NY_PM,1,1.493065518890499,day_anchor_std,server_midnight,0,1,0,0,TRANSITION_NOISY,TRANSITION_NOISY,TRANSITION
984.95,985.45,984.95,985.35,0,0,0,1,0.999099622313348,NY_PM,1,1.493065518890499,day_anchor_std,server_midnight,0,1,0,0,TRANSITION_NOISY,TRANSITION_NOISY,TRANSITION
985.15,985.45,985.15,985.45,0,0,0,1,0.999099622313348,NY_PM,1,1.493065518890499,day_anchor_std,server_midnight,0,1,0,0,TRANSITION_NOISY,TRANSITION_NOISY,TRANSITION
987.05,987.95,987.05,987.95,0,0,0,1,0.9977046447671148,NY,2,0.21566110397947003,day_anchor_std,server_midnight,1,0,0,0,UNCLASSIFIED,TRANSITION_UNCLASSIFIED,TRANSITION
988.35,991.85,988.2,990.35,0,0,0,1,0.9977046447671148,NY,2,0.21566110397947003,day_anchor_std,server_midnight,1,0,0,0,UNCLASSIFIED,TRANSITION_UNCLASSIFIED,TRANSITION
990.3,991.15,989.95,990.45,0,0,0,1,0.9989487812640577,NY,3,0.27519866164783685,day_anchor_std,server_midnight,1,0,0,0,TRANSITION_NOISY,TRANSITION_NOISY,TRANSITION
990.35,992.75,990.05,992.25,0,0,0,1,0.9989487812640577,NY,3,0.27519866164783685,day_anchor_std,server_midnight,1,0,0,0,TRANSITION_NOISY,TRANSITION_NOISY,TRANSITION
992.45,992.45,989.95,990.35,0,0,0,1,0.9989487812640577,NY,3,0.27519866164783685,day_anchor_std,server_midnight,1,0,0,0,TRANSITION_NOISY,TRANSITION_NOISY,TRANSITION
990.05,990.75,988.95,990.75,0,0,0,1,0.9989487812640577,NY,3,0.27519866164783685,day_anchor_std,server_midnight,1,0,0,0,TRANSITION_NOISY,TRANSITION_NOISY,TRANSITION
990.85,990.95,989.75,989.75,0,0,0,1,0.9816739011916502,NY,4,0.6653165924126115,day_anchor_std,server_midnight,1,0,0,0,TRANSITION_NOISY,TRANSITION_NOISY,TRANSITION
989.65,989.75,989.25,989.55,0,0,0,1,0.9816739011916502,NY,4,0.6653165924126115,day_anchor_std,server_midnight,1,0,0,0,TRANSITION_NOISY,TRANSITION_NOISY,TRANSITION
989.45,989.5,987.55,987.55,0,0,0,1,0.9816739011916502,NY,4,0.6653165924126115,day_anchor_std,server_midnight,1,0,0,0,TRANSITION_NOISY,TRANSITION_NOISY,TRANSITION
987.75,987.95,987.25,987.75,0,0,0,1,0.9816739011916502,NY,4,0.6653165924126115,day_anchor_std,server_midnight,1,0,0,0,TRANSITION_NOISY,TRANSITION_NOISY,TRANSITION
987.55,989.05,987.05,988.95,0,0,0,1,0.9986561440628487,NY,5,0.03361344537815901,day_anchor_std,server_midnight,1,0,0,0,TRANSITION_NOISY,TRANSITION_NOISY,TRANSITION
989.0,989.75,989.0,989.0,0,0,0,1,0.9986561440628487,NY,5,0.03361344537815901,day_anchor_std,server_midnight,1,0,0,0,TRANSITION_NOISY,TRANSITION_NOISY,TRANSITION
988.95,989.35,987.95,987.95,0,0,0,1,0.9986561440628487,NY,5,0.03361344537815901,day_anchor_std,server_midnight,1,0,0,0,TRANSITION_NOISY,TRANSITION_NOISY,TRANSITION
988.55,989.85,988.35,989.85,0,0,0,1,0.9986561440628487,NY,5,0.03361344537815901,day_anchor_std,server_midnight,1,0,0,0,TRANSITION_NOISY,TRANSITION_NOISY,TRANSITION
989.9,990.95,989.65,990.95,0,0,0,1,0.9986808692538244,NY,6,0.09710982658958092,day_anchor_std,server_midnight,1,0,0,0,TRANSITION_NOISY,TRANSITION_NOISY,TRANSITION
990.85,991.95,990.05,990.05,0,0,0,1,0.9986808692538244,NY,6,0.09710982658958092,day_anchor_std,server_midnight,1,0,0,0,TRANSITION_NOISY,TRANSITION_NOISY,TRANSITION
989.95,990.65,989.45,990.65,0,0,0,1,0.9986808692538244,NY,6,0.09710982658958092,day_anchor_std,server_midnight,1,0,0,0,TRANSITION_NOISY,TRANSITION_NOISY,TRANSITION
990.45,990.45,989.45,989.45,0,0,0,1,0.9986808692538244,NY,6,0.09710982658958092,day_anchor_std,server_midnight,1,0,0,0,TRANSITION_NOISY,TRANSITION_NOISY,TRANSITION
989.65,989.75,989.25,989.75,0,0,0,1,0.9958761680793293,NY_PM,7,0.17401129943501475,day_anchor_std,server_midnight,1,0,0,0,TRANSITION_NOISY,TRANSITION_NOISY,TRANSITION
989.55,991.55,989.55,991.45,0,0,0,1,0.9958761680793293,NY_PM,7,0.17401129943501475,day_anchor_std,server_midnight,1,0,0,0,TRANSITION_NOISY,TRANSITION_NOISY,TRANSITION
991.25,991.55,990.25,991.25,0,0,0,1,0.9958761680793293,NY_PM,7,0.17401129943501475,day_anchor_std,server_midnight,1,0,0,0,TRANSITION_NOISY,TRANSITION_NOISY,TRANSITION
990.55,990.85,990.15,990.35,0,0,0,1,0.9958761680793293,NY_PM,7,0.17401129943501475,day_anchor_std,server_midnight,1,0,0,0,TRANSITION_NOISY,TRANSITION_NOISY,TRANSITION
990.15,990.45,989.95,990.35,0,0,0,1,0.9987002474651921,NY_PM,8,0.3377994315875047,day_anchor_std,server_midnight,1,0,0,0,TRANSITION_NOISY,TRANSITION_NOISY,TRANSITION
990.15,990.35,989.85,989.85,0,0,0,1,0.9987002474651921,NY_PM,8,0.3377994315875047,day_anchor_std,server_midnight,1,0,0,0,TRANSITION_NOISY,TRANSITION_NOISY,TRANSITION
989.95,990.35,989.95,990.35,0,0,0,1,0.9987002474651921,NY_PM,8,0.3377994315875047,day_anchor_std,server_midnight,1,0,0,0,TRANSITION_NOISY,TRANSITION_NOISY,TRANSITION
990.85,990.85,990.75,990.85,0,0,0,1,0.9987002474651921,NY_PM,8,0.3377994315875047,day_anchor_std,server_midnight,1,0,0,0,TRANSITION_NOISY,TRANSITION_NOISY,TRANSITION
990.55,990.55,990.55,990.55,0,0,0,2,0.911515686067384,NY_PM,1,0.1708061002178765,day_anchor_std,server_midnight,0,0,0,1,UNCLASSIFIED,TREND_UNCLASSIFIED,TREND
990.25,990.55,990.05,990.35,0,0,0,2,0.911515686067384,NY_PM,1,0.1708061002178765,day_anchor_std,server_midnight,0,0,0,1,UNCLASSIFIED,TREND_UNCLASSIFIED,TREND
989.85,990.35,989.75,990.35,0,0,0,2,0.911515686067384,NY_PM,1,0.1708061002178765,day_anchor_std,server_midnight,0,0,0,1,UNCLASSIFIED,TREND_UNCLASSIFIED,TREND
990.15,990.15,989.65,989.65,0,0,0,1,0.9441370400909006,NY_PM,1,0.19453191383012175,day_anchor_std,server_midnight,1,0,0,0,UNCLASSIFIED,TRANSITION_UNCLASSIFIED,TRANSITION
989.35,989.35,988.85,989.15,0,0,0,1,0.9441370400909006,NY_PM,1,0.19453191383012175,day_anchor_std,server_midnight,1,0,0,0,UNCLASSIFIED,TRANSITION_UNCLASSIFIED,TRANSITION
989.45,989.45,989.25,989.35,0,0,0,1,0.9441370400909006,NY_PM,1,0.19453191383012175,day_anchor_std,server_midnight,1,0,0,0,UNCLASSIFIED,TRANSITION_UNCLASSIFIED,TRANSITION
989.95,992.45,989.75,991.75,0,0,0,1,0.8361076522031171,NY,2,0.12052730696796538,day_anchor_std,server_midnight,1,0,0,0,TRANSITION_NOISY,TRANSITION_NOISY,TRANSITION
991.55,991.95,991.45,991.95,0,0,0,1,0.8361076522031171,NY,2,0.12052730696796538,day_anchor_std,server_midnight,1,0,0,0,TRANSITION_NOISY,TRANSITION_NOISY,TRANSITION
991.75,992.35,991.25,992.35,0,0,0,1,0.8361076522031171,NY,2,0.12052730696796538,day_anchor_std,server_midnight,1,0,0,0,TRANSITION_NOISY,TRANSITION_NOISY,TRANSITION
992.45,992.95,991.95,991.95,0,0,0,1,0.8361076522031171,NY,2,0.12052730696796538,day_anchor_std,server_midnight,1,0,0,0,TRANSITION_NOISY,TRANSITION_NOISY,TRANSITION
989.25,989.25,987.15,987.25,0,0,0,0,0.8388468305172542,NY_PM,3,1.6084142394821697,day_anchor_std,server_midnight,0,0,1,0,UNCLASSIFIED,BALANCE_UNCLASSIFIED,BALANCE
987.35,988.15,987.35,988.05,0,0,0,0,0.8388468305172542,NY_PM,3,1.6084142394821697,day_anchor_std,server_midnight,0,0,1,0,UNCLASSIFIED,BALANCE_UNCLASSIFIED,BALANCE
987.95,988.85,987.05,987.15,0,0,0,0,0.8388468305172542,NY_PM,3,1.6084142394821697,day_anchor_std,server_midnight,0,0,1,0,UNCLASSIFIED,BALANCE_UNCLASSIFIED,BALANCE
986.85,986.95,986.65,986.75,0,0,0,0,0.8388468305172542,NY_PM,3,1.6084142394821697,day_anchor_std,server_midnight,0,0,1,0,UNCLASSIFIED,BALANCE_UNCLASSIFIED,BALANCE
986.85,987.05,986.85,987.05,0,0,0,0,0.871889294564349,NY_PM,4,1.227979274611383,day_anchor_std,server_midnight,0,0,1,0,UNCLASSIFIED,BALANCE_UNCLASSIFIED,BALANCE
987.25,987.85,987.25,987.85,0,0,0,0,0.871889294564349,NY_PM,4,1.227979274611383,day_anchor_std,server_midnight,0,0,1,0,UNCLASSIFIED,BALANCE_UNCLASSIFIED,BALANCE
987.95,987.95,987.35,987.55,0,0,0,0,0.871889294564349,NY_PM,4,1.227979274611383,day_anchor_std,server_midnight,0,0,1,0,UNCLASSIFIED,BALANCE_UNCLASSIFIED,BALANCE
987.75,987.85,987.75,987.85,0,0,0,0,0.871889294564349,NY_PM,4,1.227979274611383,day_anchor_std,server_midnight,0,0,1,0,UNCLASSIFIED,BALANCE_UNCLASSIFIED,BALANCE
988.05,988.05,988.05,988.05,0,0,0,0,0.9151571037305423,NY_PM,5,1.513733705772793,day_anchor_std,server_midnight,0,0,1,0,BALANCE_LEAKING,BALANCE_LEAKING,BALANCE
987.95,987.95,987.95,987.95,0,0,0,0,0.9151571037305423,NY_PM,5,1.513733705772793,day_anchor_std,server_midnight,0,0,1,0,BALANCE_LEAKING,BALANCE_LEAKING,BALANCE
987.55,987.55,987.55,987.55,0,0,0,0,0.9151571037305423,NY_PM,5,1.513733705772793,day_anchor_std,server_midnight,0,0,1,0,BALANCE_LEAKING,BALANCE_LEAKING,BALANCE
987.35,987.35,987.15,987.15,0,0,0,0,0.9151571037305423,NY_PM,5,1.513733705772793,day_anchor_std,server_midnight,0,0,1,0,BALANCE_LEAKING,BALANCE_LEAKING,BALANCE
986.85,986.85,986.85,986.85,0,0,0,1,0.8487127051672156,NY_PM,1,1.678567456345192,day_anchor_std,server_midnight,0,1,0,0,TRANSITION_NOISY,TRANSITION_NOISY,TRANSITION
986.95,986.95,986.85,986.85,0,0,0,1,0.8487127051672156,NY_PM,1,1.678567456345192,day_anchor_std,server_midnight,0,1,0,0,TRANSITION_NOISY,TRANSITION_NOISY,TRANSITION
987.25,987.25,984.15,984.95,0,0,0,1,0.9806108901906058,NY,2,0.26155358898721526,day_anchor_std,server_midnight,1,0,0,0,UNCLASSIFIED,TRANSITION_UNCLASSIFIED,TRANSITION
984.45,985.45,984.35,984.75,0,0,0,1,0.9806108901906058,NY,2,0.26155358898721526,day_anchor_std,server_midnight,1,0,0,0,UNCLASSIFIED,TRANSITION_UNCLASSIFIED,TRANSITION
984.8,988.05,984.8,987.45,0,0,0,1,0.898660819196477,NY,3,0.09360076408792216,day_anchor_std,server_midnight,1,0,0,0,TRANSITION_NOISY,TRANSITION_NOISY,TRANSITION
987.55,987.55,985.25,985.35,0,0,0,1,0.898660819196477,NY,3,0.09360076408792216,day_anchor_std,server_midnight,1,0,0,0,TRANSITION_NOISY,TRANSITION_NOISY,TRANSITION
985.55,986.75,985.45,986.45,0,0,0,1,0.898660819196477,NY,3,0.09360076408792216,day_anchor_std,server_midnight,1,0,0,0,TRANSITION_NOISY,TRANSITION_NOISY,TRANSITION
986.55,986.85,985.95,985.95,0,0,0,1,0.898660819196477,NY,3,0.09360076408792216,day_anchor_std,server_midnight,1,0,0,0,TRANSITION_NOISY,TRANSITION_NOISY,TRANSITION
988.6,988.6,987.35,987.45,0,0,0,1,0.8512150945812804,NY,5,0.2227956989247763,day_anchor_std,server_midnight,1,0,0,0,TRANSITION_NOISY,TRANSITION_NOISY,TRANSITION
987.35,988.15,986.95,987.75,0,0,0,1,0.8512150945812804,NY,5,0.2227956989247763,day_anchor_std,server_midnight,1,0,0,0,TRANSITION_NOISY,TRANSITION_NOISY,TRANSITION
987.35,987.75,987.35,987.45,0,0,0,1,0.8512150945812804,NY,5,0.2227956989247763,day_anchor_std,server_midnight,1,0,0,0,TRANSITION_NOISY,TRANSITION_NOISY,TRANSITION
987.85,988.15,986.95,986.95,0,0,0,1,0.8512150945812804,NY,5,0.2227956989247763,day_anchor_std,server_midnight,1,0,0,0,TRANSITION_NOISY,TRANSITION_NOISY,TRANSITION
990.05,990.05,989.35,989.35,0,0,0,1,0.9992436421005021,NY_PM,2,0.5507625272330917,day_anchor_std,server_midnight,1,0,0,0,UNCLASSIFIED,TRANSITION_UNCLASSIFIED,TRANSITION
989.05,989.05,987.85,988.15,0,0,0,1,0.9992436421005021,NY_PM,2,0.5507625272330917,day_anchor_std,server_midnight,1,0,0,0,UNCLASSIFIED,TRANSITION_UNCLASSIFIED,TRANSITION
988.25,988.25,988.25,988.25,0,0,0,1,0.9992436421005021,NY_PM,2,0.5507625272330917,day_anchor_std,server_midnight,1,0,0,0,UNCLASSIFIED,TRANSITION_UNCLASSIFIED,TRANSITION
988.85,988.85,988.85,988.85,0,0,0,1,0.9992436421005021,NY_PM,2,0.5507625272330917,day_anchor_std,server_midnight,1,0,0,0,UNCLASSIFIED,TRANSITION_UNCLASSIFIED,TRANSITION
990.05,993.9,990.05,993.35,0,0,0,2,0.9352474684230172,NY_PM,1,2.8049142702848635,day_anchor_std,server_midnight,0,0,0,1,TREND_STRONG,TREND_STRONG,TREND
993.55,994.0,993.25,993.55,0,0,0,2,0.9352474684230172,NY_PM,1,2.8049142702848635,day_anchor_std,server_midnight,0,0,0,1,TREND_STRONG,TREND_STRONG,TREND
993.65,994.85,993.55,994.35,0,0,0,2,0.9352474684230172,NY_PM,1,2.8049142702848635,day_anchor_std,server_midnight,0,0,0,1,TREND_STRONG,TREND_STRONG,TREND
994.85,996.35,994.85,996.35,0,0,0,2,0.9352474684230172,NY_PM,1,2.8049142702848635,day_anchor_std,server_midnight,0,0,0,1,TREND_STRONG,TREND_STRONG,TREND
994.55,994.95,993.75,994.85,0,0,0,1,0.9828381185397599,NY_PM,1,1.4800653594771234,day_anchor_std,server_midnight,0,1,0,0,UNCLASSIFIED,TRANSITION_UNCLASSIFIED,TRANSITION
994.75,994.85,990.65,990.75,0,0,0,1,0.9828381185397599,NY_PM,1,1.4800653594771234,day_anchor_std,server_midnight,0,1,0,0,UNCLASSIFIED,TRANSITION_UNCLASSIFIED,TRANSITION
990.65,992.55,990.65,991.25,0,0,0,1,0.9828381185397599,NY_PM,1,1.4800653594771234,day_anchor_std,server_midnight,0,1,0,0,UNCLASSIFIED,TRANSITION_UNCLASSIFIED,TRANSITION
990.55,991.45,990.45,991.45,0,0,0,1,0.9828381185397599,NY_PM,1,1.4800653594771234,day_anchor_std,server_midnight,0,1,0,0,UNCLASSIFIED,TRANSITION_UNCLASSIFIED,TRANSITION
991.5,991.65,991.15,991.15,0,0,0,1,0.9871419731459489,NY_PM,2,1.4871266735324713,day_anchor_std,server_midnight,0,1,0,0,UNCLASSIFIED,TRANSITION_UNCLASSIFIED,TRANSITION
991.2,992.0,991.2,991.45,0,0,0,1,0.9871419731459489,NY_PM,2,1.4871266735324713,day_anchor_std,server_midnight,0,1,0,0,UNCLASSIFIED,TRANSITION_UNCLASSIFIED,TRANSITION
991.4,991.4,991.25,991.25,0,0,0,1,0.9871419731459489,NY_PM,2,1.4871266735324713,day_anchor_std,server_midnight,0,1,0,0,UNCLASSIFIED,TRANSITION_UNCLASSIFIED,TRANSITION
991.3,991.45,991.3,991.45,0,0,0,0,0.7041925556887536,NY_PM,1,1.4262892376681786,day_anchor_std,server_midnight,0,0,1,0,BALANCE_LEAKING,BALANCE_LEAKING,BALANCE
991.5,991.55,991.45,991.45,0,0,0,0,0.7041925556887536,NY_PM,1,1.4262892376681786,day_anchor_std,server_midnight,0,0,1,0,BALANCE_LEAKING,BALANCE_LEAKING,BALANCE
991.5,991.55,991.5,991.55,0,0,0,0,0.7041925556887536,NY_PM,1,1.4262892376681786,day_anchor_std,server_midnight,0,0,1,0,BALANCE_LEAKING,BALANCE_LEAKING,BALANCE
991.5,991.5,991.45,991.45,0,0,0,0,0.6223197895205383,NY_PM,2,1.5780998389694607,day_anchor_std,server_midnight,0,0,1,0,BALANCE_LEAKING,BALANCE_LEAKING,BALANCE
991.4,991.4,990.95,990.95,0,0,0,0,0.6223197895205383,NY_PM,2,1.5780998389694607,day_anchor_std,server_midnight,0,0,1,0,BALANCE_LEAKING,BALANCE_LEAKING,BALANCE
990.9,990.9,990.85,990.85,0,0,0,0,0.6223197895205383,NY_PM,2,1.5780998389694607,day_anchor_std,server_midnight,0,0,1,0,BALANCE_LEAKING,BALANCE_LEAKING,BALANCE
990.8,990.9,990.75,990.9,0,0,0,0,0.6223197895205383,NY_PM,2,1.5780998389694607,day_anchor_std,server_midnight,0,0,1,0,BALANCE_LEAKING,BALANCE_LEAKING,BALANCE
991.35,992.55,991.35,992.45,0,0,0,1,0.9002851113537511,NY,1,0.5031047694543378,day_anchor_std,server_midnight,1,0,0,0,UNCLASSIFIED,TRANSITION_UNCLASSIFIED,TRANSITION
992.55,993.75,992.25,993.25,0,0,0,1,0.9002851113537511,NY,1,0.5031047694543378,day_anchor_std,server_midnight,1,0,0,0,UNCLASSIFIED,TRANSITION_UNCLASSIFIED,TRANSITION
993.05,993.05,991.45,991.45,0,0,0,1,0.9002851113537511,NY,1,0.5031047694543378,day_anchor_std,server_midnight,1,0,0,0,UNCLASSIFIED,TRANSITION_UNCLASSIFIED,TRANSITION
991.4,991.45,989.15,989.95,0,0,0,1,0.9002851113537511,NY,1,0.5031047694543378,day_anchor_std,server_midnight,1,0,0,0,UNCLASSIFIED,TRANSITION_UNCLASSIFIED,TRANSITION
990.25,991.25,990.25,990.95,0,0,0,1,0.8699258697768348,NY,2,0.002748331370274496,day_anchor_std,server_midnight,1,0,0,0,TRANSITION_NOISY,TRANSITION_NOISY,TRANSITION
991.05,991.05,989.15,989.55,0,0,0,1,0.8699258697768348,NY,2,0.002748331370274496,day_anchor_std,server_midnight,1,0,0,0,TRANSITION_NOISY,TRANSITION_NOISY,TRANSITION
989.85,990.65,989.75,990.55,0,0,0,1,0.8699258697768348,NY,2,0.002748331370274496,day_anchor_std,server_midnight,1,0,0,0,TRANSITION_NOISY,TRANSITION_NOISY,TRANSITION
990.65,991.55,990.15,991.45,0,0,0,1,0.8699258697768348,NY,2,0.002748331370274496,day_anchor_std,server_midnight,1,0,0,0,TRANSITION_NOISY,TRANSITION_NOISY,TRANSITION
991.25,991.35,990.15,990.35,0,0,0,1,0.9754442425118605,NY,3,0.16305953933074338,day_anchor_std,server_midnight,1,0,0,0,TRANSITION_NOISY,TRANSITION_NOISY,TRANSITION
990.4,990.65,989.05,990.25,0,0,0,1,0.9754442425118605,NY,3,0.16305953933074338,day_anchor_std,server_midnight,1,0,0,0,TRANSITION_NOISY,TRANSITION_NOISY,TRANSITION
990.35,991.35,989.95,990.25,0,0,0,1,0.9754442425118605,NY,3,0.16305953933074338,day_anchor_std,server_midnight,1,0,0,0,TRANSITION_NOISY,TRANSITION_NOISY,TRANSITION
990.15,991.05,989.65,990.95,0,0,0,1,0.9754442425118605,NY,3,0.16305953933074338,day_anchor_std,server_midnight,1,0,0,0,TRANSITION_NOISY,TRANSITION_NOISY,TRANSITION
988.95,989.15,988.95,988.95,0,0,0,2,0.9334913234302774,NY_PM,1,1.1278340569223702,day_anchor_std,server_midnight,0,0,0,1,TREND_STRONG,TREND_STRONG,TREND
988.85,988.85,988.75,988.75,0,0,0,2,0.9334913234302774,NY_PM,1,1.1278340569223702,day_anchor_std,server_midnight,0,0,0,1,TREND_STRONG,TREND_STRONG,TREND
988.6,988.6,988.3,988.3,0,0,0,2,0.9334913234302774,NY_PM,1,1.1278340569223702,day_anchor_std,server_midnight,0,0,0,1,TREND_STRONG,TREND_STRONG,TREND
988.4,988.4,988.3,988.3,0,0,0,2,0.9334913234302774,NY_PM,1,1.1278340569223702,day_anchor_std,server_midnight,0,0,0,1,TREND_STRONG,TREND_STRONG,TREND
988.35,988.35,988.3,988.3,0,0,0,2,0.9646293928794789,NY_PM,2,0.48899604352128284,day_anchor_std,server_midnight,0,0,0,1,UNCLASSIFIED,TREND_UNCLASSIFIED,TREND
988.7,988.85,988.7,988.85,0,0,0,2,0.9646293928794789,NY_PM,2,0.48899604352128284,day_anchor_std,server_midnight,0,0,0,1,UNCLASSIFIED,TREND_UNCLASSIFIED,TREND
989.15,989.65,989.15,989.65,0,0,0,2,0.9646293928794789,NY_PM,2,0.48899604352128284,day_anchor_std,server_midnight,0,0,0,1,UNCLASSIFIED,TREND_UNCLASSIFIED,TREND
989.35,989.85,989.35,989.85,0,0,0,2,0.9646293928794789,NY_PM,2,0.48899604352128284,day_anchor_std,server_midnight,0,0,0,1,UNCLASSIFIED,TREND_UNCLASSIFIED,TREND
991.85,991.85,991.65,991.65,0,0,0,1,0.9982370960837244,NY,1,0.19678714859443863,day_anchor_std,server_midnight,1,0,0,0,UNCLASSIFIED,TRANSITION_UNCLASSIFIED,TRANSITION
991.95,992.55,989.95,990.55,0,0,0,1,0.9982370960837244,NY,1,0.19678714859443863,day_anchor_std,server_midnight,1,0,0,0,UNCLASSIFIED,TRANSITION_UNCLASSIFIED,TRANSITION
990.65,992.15,990.35,992.15,0,0,0,1,0.9974479347744183,NY,2,0.28806584362133386,day_anchor_std,server_midnight,1,0,0,0,UNCLASSIFIED,TRANSITION_UNCLASSIFIED,TRANSITION
992.25,992.45,991.45,991.85,0,0,0,1,0.9974479347744183,NY,2,0.28806584362133386,day_anchor_std,server_midnight,1,0,0,0,UNCLASSIFIED,TRANSITION_UNCLASSIFIED,TRANSITION
992.15,993.25,991.75,992.55,0,0,0,1,0.9974479347744183,NY,2,0.28806584362133386,day_anchor_std,server_midnight,1,0,0,0,UNCLASSIFIED,TRANSITION_UNCLASSIFIED,TRANSITION
992.45,992.45,991.95,992.05,0,0,0,1,0.9974479347744183,NY,2,0.28806584362133386,day_anchor_std,server_midnight,1,0,0,0,UNCLASSIFIED,TRANSITION_UNCLASSIFIED,TRANSITION
991.25,992.05,991.15,991.95,0,0,0,1,0.9942118432724147,NY,1,0.5516199890170197,day_anchor_std,server_midnight,1,0,0,0,UNCLASSIFIED,TRANSITION_UNCLASSIFIED,TRANSITION
991.85,992.35,991.8,991.85,0,0,0,1,0.9942118432724147,NY,1,0.5516199890170197,day_anchor_std,server_midnight,1,0,0,0,UNCLASSIFIED,TRANSITION_UNCLASSIFIED,TRANSITION
991.95,992.05,991.75,992.05,0,0,0,1,0.9942118432724147,NY,1,0.5516199890170197,day_anchor_std,server_midnight,1,0,0,0,UNCLASSIFIED,TRANSITION_UNCLASSIFIED,TRANSITION
992.35,993.15,992.35,992.75,0,0,0,1,0.9942118432724147,NY,1,0.5516199890170197,day_anchor_std,server_midnight,1,0,0,0,UNCLASSIFIED,TRANSITION_UNCLASSIFIED,TRANSITION
993.45,993.45,992.2,992.75,0,0,0,1,0.9972924230417698,NY_PM,3,0.36156784587275065,day_anchor_std,server_midnight,1,0,0,0,UNCLASSIFIED,TRANSITION_UNCLASSIFIED,TRANSITION
992.85,993.35,992.55,992.55,0,0,0,1,0.9972924230417698,NY_PM,3,0.36156784587275065,day_anchor_std,server_midnight,1,0,0,0,UNCLASSIFIED,TRANSITION_UNCLASSIFIED,TRANSITION
992.35,992.35,991.15,991.75,0,0,0,1,0.9972924230417698,NY_PM,3,0.36156784587275065,day_anchor_std,server_midnight,1,0,0,0,UNCLASSIFIED,TRANSITION_UNCLASSIFIED,TRANSITION
991.4,991.45,990.85,990.85,0,0,0,1,0.9972924230417698,NY_PM,3,0.36156784587275065,day_anchor_std,server_midnight,1,0,0,0,UNCLASSIFIED,TRANSITION_UNCLASSIFIED,TRANSITION
988.6,988.6,987.35,988.35,0,0,0,1,0.9824102736707141,NY,1,0.2976680384088365,day_anchor_std,server_midnight,1,0,0,0,UNCLASSIFIED,TRANSITION_UNCLASSIFIED,TRANSITION
988.45,988.75,988.05,988.25,0,0,0,1,0.9824102736707141,NY,1,0.2976680384088365,day_anchor_std,server_midnight,1,0,0,0,UNCLASSIFIED,TRANSITION_UNCLASSIFIED,TRANSITION
988.2,989.85,988.2,989.55,0,0,0,1,0.9824102736707141,NY,1,0.2976680384088365,day_anchor_std,server_midnight,1,0,0,0,UNCLASSIFIED,TRANSITION_UNCLASSIFIED,TRANSITION
989.45,989.75,989.05,989.35,0,0,0,1,0.9824102736707141,NY,1,0.2976680384088365,day_anchor_std,server_midnight,1,0,0,0,UNCLASSIFIED,TRANSITION_UNCLASSIFIED,TRANSITION
988.55,988.55,988.15,988.35,0,0,0,1,0.611158148610751,NY,1,0.2213438735179002,day_anchor_std,server_midnight,1,0,0,0,TRANSITION_NOISY,TRANSITION_NOISY,TRANSITION
988.45,989.55,988.45,989.45,0,0,0,1,0.611158148610751,NY,1,0.2213438735179002,day_anchor_std,server_midnight,1,0,0,0,TRANSITION_NOISY,TRANSITION_NOISY,TRANSITION
989.2,989.55,989.2,989.45,0,0,0,0,0.836799982407098,NY,2,1.5338212463960812,day_anchor_std,server_midnight,0,0,1,0,BALANCE_LEAKING,BALANCE_LEAKING,BALANCE
989.45,990.65,989.45,990.65,0,0,0,0,0.836799982407098,NY,2,1.5338212463960812,day_anchor_std,server_midnight,0,0,1,0,BALANCE_LEAKING,BALANCE_LEAKING,BALANCE
990.45,990.75,989.85,989.85,0,0,0,0,0.836799982407098,NY,2,1.5338212463960812,day_anchor_std,server_midnight,0,0,1,0,BALANCE_LEAKING,BALANCE_LEAKING,BALANCE
989.75,992.75,989.75,992.55,0,0,0,0,0.836799982407098,NY,2,1.5338212463960812,day_anchor_std,server_midnight,0,0,1,0,BALANCE_LEAKING,BALANCE_LEAKING,BALANCE
992.35,992.55,991.85,992.05,0,0,0,1,0.47009958690336373,NY,1,0.32985452245417773,day_anchor_std,server_midnight,1,0,0,0,TRANSITION_NOISY,TRANSITION_NOISY,TRANSITION
992.25,992.25,991.65,991.65,0,0,0,1,0.47009958690336373,NY,1,0.32985452245417773,day_anchor_std,server_midnight,1,0,0,0,TRANSITION_NOISY,TRANSITION_NOISY,TRANSITION
992.05,992.05,991.55,991.65,0,0,0,1,0.47009958690336373,NY,1,0.32985452245417773,day_anchor_std,server_midnight,1,0,0,0,TRANSITION_NOISY,TRANSITION_NOISY,TRANSITION
991.55,991.55,989.95,990.6,0,0,0,1,0.47009958690336373,NY,1,0.32985452245417773,day_anchor_std,server_midnight,1,0,0,0,TRANSITION_NOISY,TRANSITION_NOISY,TRANSITION
990.25,991.25,990.25,991.25,0,0,0,1,0.9966675735090071,NY,1,0.5829239766082155,day_anchor_std,server_midnight,1,0,0,0,UNCLASSIFIED,TRANSITION_UNCLASSIFIED,TRANSITION
991.15,991.15,990.25,990.45,0,0,0,1,0.9966675735090071,NY,1,0.5829239766082155,day_anchor_std,server_midnight,1,0,0,0,UNCLASSIFIED,TRANSITION_UNCLASSIFIED,TRANSITION
990.55,990.55,990.05,990.05,0,0,0,1,0.9966675735090071,NY,1,0.5829239766082155,day_anchor_std,server_midnight,1,0,0,0,UNCLASSIFIED,TRANSITION_UNCLASSIFIED,TRANSITION
989.95,990.25,989.85,990.05,0,0,0,1,0.9966675735090071,NY,1,0.5829239766082155,day_anchor_std,server_midnight,1,0,0,0,UNCLASSIFIED,TRANSITION_UNCLASSIFIED,TRANSITION
993.15,994.05,992.95,993.75,0,0,0,1,0.9782838872432502,NY_PM,4,0.4931506849314952,day_anchor_std,server_midnight,1,0,0,0,UNCLASSIFIED,TRANSITION_UNCLASSIFIED,TRANSITION
993.95,993.95,993.75,993.85,0,0,0,1,0.9782838872432502,NY_PM,4,0.4931506849314952,day_anchor_std,server_midnight,1,0,0,0,UNCLASSIFIED,TRANSITION_UNCLASSIFIED,TRANSITION
993.95,995.25,993.95,994.7,0,0,0,1,0.9782838872432502,NY_PM,4,0.4931506849314952,day_anchor_std,server_midnight,1,0,0,0,UNCLASSIFIED,TRANSITION_UNCLASSIFIED,TRANSITION
994.25,994.25,992.55,992.55,0,0,0,1,0.9782838872432502,NY_PM,4,0.4931506849314952,day_anchor_std,server_midnight,1,0,0,0,UNCLASSIFIED,TRANSITION_UNCLASSIFIED,TRANSITION
992.6,993.65,992.55,993.15,0,0,0,1,0.6067374094013915,NY_PM,5,0.49362843729046296,day_anchor_std,server_midnight,1,0,0,0,TRANSITION_NOISY,TRANSITION_NOISY,TRANSITION
993.1,993.15,992.85,993.15,0,0,0,1,0.6067374094013915,NY_PM,5,0.49362843729046296,day_anchor_std,server_midnight,1,0,0,0,TRANSITION_NOISY,TRANSITION_NOISY,TRANSITION
993.1,993.1,992.85,992.85,0,0,0,1,0.6067374094013915,NY_PM,5,0.49362843729046296,day_anchor_std,server_midnight,1,0,0,0,TRANSITION_NOISY,TRANSITION_NOISY,TRANSITION
992.8,992.8,992.65,992.65,0,0,0,1,0.6067374094013915,NY_PM,5,0.49362843729046296,day_anchor_std,server_midnight,1,0,0,0,TRANSITION_NOISY,TRANSITION_NOISY,TRANSITION
992.6,992.6,992.5,992.5,0,0,0,1,0.9411071107958369,NY_PM,6,0.5672043010753018,day_anchor_std,server_midnight,1,0,0,0,UNCLASSIFIED,TRANSITION_UNCLASSIFIED,TRANSITION
992.45,992.75,992.35,992.75,0,0,0,1,0.9411071107958369,NY_PM,6,0.5672043010753018,day_anchor_std,server_midnight,1,0,0,0,UNCLASSIFIED,TRANSITION_UNCLASSIFIED,TRANSITION
992.7,992.75,992.7,992.75,0,0,0,1,0.9411071107958369,NY_PM,6,0.5672043010753018,day_anchor_std,server_midnight,1,0,0,0,UNCLASSIFIED,TRANSITION_UNCLASSIFIED,TRANSITION
