symbol,ts,time,decision,context_key,meta_baseline_id,setup_family,side_intent,open,high,low,close,ctx_vwap,ctx_vwap_sigma,ctx_vwap_hi,ctx_vwap_lo,ctx_session_bucket,trend_dir_h2,range_pos_h2
USDCLP.mg,2025-01-02 13:00:00,2025-01-02 13:00:00,BLOCK,STATE=TRANSITION|QL=NONE|LF=NONE,,blocked,NONE,997.4,998.85,997.4,997.45,997.9,,,,NY,FLAT,
USDCLP.mg,2025-01-02 14:00:00,2025-01-02 14:00:00,BLOCK,STATE=TRANSITION|QL=NONE|LF=NONE,,blocked,NONE,997.5,999.25,995.5,998.45,997.8166666666666,0.7660323462854534,999.3487313592376,996.2846019740956,NY,FLAT,
USDCLP.mg,2025-01-02 15:00:00,2025-01-02 15:00:00,BLOCK,STATE=TRANSITION|QL=NONE|LF=NONE,,blocked,NONE,998.55,998.95,996.25,997.15,997.6444444444444,0.6386795148067856,998.921803474058,996.367085414831,NY,FLAT,
USDCLP.mg,2025-01-02 16:00:00,2025-01-02 16:00:00,BLOCK,STATE=TRANSITION|QL=NONE|LF=NONE,,blocked,NONE,997.05,998.95,996.75,998.65,997.6833333333334,0.7472377115288416,999.1778087563912,996.1888579102756,NY,FLAT,
USDCLP.mg,2025-01-02 17:00:00,2025-01-02 17:00:00,BLOCK,STATE=TRANSITION|QL=NONE|LF=NONE,,blocked,NONE,998.55,1002.15,998.55,1001.95,998.12,1.7626251115737863,1001.6452502231476,994.5947497768524,NY,FLAT,
USDCLP.mg,2025-01-02 18:00:00,2025-01-02 18:00:00,BLOCK,STATE=TRANSITION|QL=NONE|LF=NONE,,blocked,NONE,1001.55,1007.45,1001.25,1003.95,998.8166666666668,2.3401725605537385,1003.4970117877742,994.1363215455592,NY_PM,FLAT,
USDCLP.mg,2025-01-02 19:00:00,2025-01-02 19:00:00,BLOCK,STATE=TRANSITION|QL=NONE|LF=NONE,,blocked,NONE,1003.85,1004.35,1003.85,1003.85,999.309523809524,2.4075359989910163,1004.124595807506,994.4944518115418,NY_PM,UP,
USDCLP.mg,2025-01-02 20:00:00,2025-01-02 20:00:00,BLOCK,STATE=BALANCE|QL=NONE|LF=NONE,,blocked,NONE,1003.8,1004.85,1003.8,1004.35,999.7,2.4147445642931884,1004.5294891285864,994.8705108714136,NY_PM,UP,
USDCLP.mg,2025-01-02 21:00:00,2025-01-02 21:00:00,BLOCK,STATE=BALANCE|QL=NONE|LF=NONE,,blocked,NONE,1004.85,1005.35,1003.15,1003.45,999.9703703703703,2.289892677620016,1004.5501557256104,995.3905850151305,NY_PM,UP,
USDCLP.mg,2025-01-03 13:00:00,2025-01-03 13:00:00,BLOCK,STATE=BALANCE|QL=NONE|LF=NONE,,blocked,NONE,1003.85,1005.75,1003.75,1004.65,1004.7166666666668,2.303862612930888,1009.3243918925284,1000.1089414408048,NY,UP,
USDCLP.mg,2025-01-03 14:00:00,2025-01-03 14:00:00,BLOCK,STATE=BALANCE|QL=NONE|LF=NONE,,blocked,NONE,1004.95,1011.45,1004.75,1011.25,1006.7666666666668,2.2894943209320284,1011.3456553085308,1002.1876780248026,NY,UP,
USDCLP.mg,2025-01-03 15:00:00,2025-01-03 15:00:00,BLOCK,STATE=TRANSITION|QL=NONE|LF=NONE,,blocked,NONE,1011.15,1011.95,1008.3,1008.55,1007.2055555555556,2.205234923529141,1011.616025402614,1002.7950857084974,NY,UP,0.7933130699088097
USDCLP.mg,2025-01-03 16:00:00,2025-01-03 16:00:00,BLOCK,STATE=TREND|QL=NONE|LF=NONE,,blocked,NONE,1008.65,1012.95,1008.65,1012.95,1007.875,2.2437149088079127,1012.362429817616,1003.387570182384,NY,UP,1.0
USDCLP.mg,2025-01-03 17:00:00,2025-01-03 17:00:00,BLOCK,STATE=TREND|QL=NONE|LF=NONE,,blocked,NONE,1012.85,1017.45,1012.75,1017.25,1008.8633333333332,2.661190930105942,1014.1857151935452,1003.5409514731216,NY,UP,0.990566037735847
USDCLP.mg,2025-01-03 18:00:00,2025-01-03 18:00:00,BLOCK,STATE=TREND|QL=NONE|LF=NONE,,blocked,NONE,1017.35,1019.55,1015.45,1018.35,1009.7,2.9547594733413187,1015.6095189466826,1003.7904810533172,NY_PM,UP,0.9473684210526344
USDCLP.mg,2025-01-03 19:00:00,2025-01-03 19:00:00,BLOCK,STATE=TREND|QL=NONE|LF=NONE,,blocked,NONE,1018.15,1018.35,1017.65,1017.85,1010.2738095238094,3.0443333525549368,1016.3624762289191,1004.1851428186995,NY_PM,UP,0.9190476190476224
USDCLP.mg,2025-01-03 20:00:00,2025-01-03 20:00:00,BLOCK,STATE=TREND|QL=NONE|LF=NONE,,blocked,NONE,1017.35,1018.15,1017.25,1017.85,1010.7041666666668,3.069968962340083,1016.8441045913468,1004.5642287419864,NY_PM,UP,0.9071038251366156
USDCLP.mg,2025-01-06 13:00:00,2025-01-06 13:00:00,ALLOW,STATE=TRANSITION|QL=TRANSITION_UNCLASSIFIED|LF=LOOK_FOR_transition_repricing_near_vwap,TRANSITION_PERSISTENCE,transition_persistence,SHORT,1007.95,1008.55,1005.65,1005.65,1006.6166666666668,3.184565241055984,1012.9857971487786,1000.2475361845547,NY,DOWN,0.1524390243902441
USDCLP.mg,2025-01-06 14:00:00,2025-01-06 14:00:00,ALLOW,STATE=TRANSITION|QL=TRANSITION_UNCLASSIFIED|LF=LOOK_FOR_transition_repricing_near_vwap,TRANSITION_PERSISTENCE,transition_persistence,SHORT,1005.45,1008.15,1004.55,1005.95,1006.4833333333332,3.233575286413718,1012.9504839061608,1000.016182760506,NY,DOWN,0.1707317073170775
USDCLP.mg,2025-01-06 15:00:00,2025-01-06 15:00:00,BLOCK,STATE=BALANCE|QL=NONE|LF=NONE,,blocked,NONE,1005.75,1007.85,1005.35,1007.85,1006.65,3.1833654161437224,1013.0167308322874,1000.2832691677124,NY,DOWN,0.2865853658536617
USDCLP.mg,2025-01-06 16:00:00,2025-01-06 16:00:00,BLOCK,STATE=TRANSITION|QL=NONE|LF=NONE,,blocked,NONE,1007.95,1014.95,1007.65,1011.55,1007.575,3.107026211958101,1013.789052423916,1001.3609475760836,NY,DOWN,0.4936708860759479
USDCLP.mg,2025-01-06 17:00:00,2025-01-06 17:00:00,BLOCK,STATE=TRANSITION|QL=TRANSITION_UNCLASSIFIED|LF=LOOK_FOR_transition_dislocated_from_vwap,TRANSITION_RESOLUTION,transition_resolution,SHORT,1011.05,1015.35,1010.35,1014.15,1008.33,3.0807001002499788,1014.4914002005,1002.1685997995,NY,DOWN,0.6400000000000016
USDCLP.mg,2025-01-06 18:00:00,2025-01-06 18:00:00,BLOCK,STATE=BALANCE|QL=NONE|LF=NONE,,blocked,NONE,1014.35,1015.05,1011.55,1011.65,1008.6944444444443,3.011176076799249,1014.7167965980428,1002.672092290846,NY_PM,DOWN,0.4733333333333348
USDCLP.mg,2025-01-06 19:00:00,2025-01-06 19:00:00,BLOCK,STATE=BALANCE|QL=NONE|LF=NONE,,blocked,NONE,1011.95,1011.95,1011.15,1011.25,1008.9357142857142,2.9527488068056043,1014.8412118993256,1003.0302166721028,NY_PM,UP,0.4466666666666697
USDCLP.mg,2025-01-06 20:00:00,2025-01-06 20:00:00,BLOCK,STATE=BALANCE|QL=NONE|LF=NONE,,blocked,NONE,1011.05,1011.15,1010.85,1010.85,1009.1,2.90755519715274,1014.9151103943054,1003.2848896056944,NY_PM,UP,0.4200000000000045
USDCLP.mg,2025-01-06 21:00:00,2025-01-06 21:00:00,ALLOW,STATE=TRANSITION|QL=TRANSITION_UNCLASSIFIED|LF=LOOK_FOR_transition_repricing_near_vwap,TRANSITION_PERSISTENCE,transition_persistence,LONG,1010.8,1010.8,1010.35,1010.35,1009.2092592592592,2.8788543842463343,1014.966968027752,1003.4515504907666,NY_PM,UP,0.3866666666666712
USDCLP.mg,2025-01-07 13:00:00,2025-01-07 13:00:00,ALLOW,STATE=TRANSITION|QL=TRANSITION_UNCLASSIFIED|LF=LOOK_FOR_transition_repricing_near_vwap,TRANSITION_PERSISTENCE,transition_persistence,SHORT,1009.65,1010.35,1007.45,1008.45,1008.75,2.901065519307664,1014.5521310386154,1002.9478689613846,NY,DOWN,0.2826086956521791
USDCLP.mg,2025-01-07 14:00:00,2025-01-07 14:00:00,ALLOW,STATE=TRANSITION|QL=TRANSITION_UNCLASSIFIED|LF=LOOK_FOR_transition_repricing_near_vwap,TRANSITION_PERSISTENCE,transition_persistence,SHORT,1008.55,1009.05,1006.05,1008.95,1008.6,2.892064716057833,1014.384129432116,1002.8158705678844,NY,DOWN,0.323529411764712
USDCLP.mg,2025-01-07 15:00:00,2025-01-07 15:00:00,BLOCK,STATE=TREND|QL=NONE|LF=NONE,,blocked,NONE,1008.75,1008.75,1002.75,1003.95,1007.627777777778,3.09513950066664,1013.8180567791112,1001.4374987764446,NY,DOWN,0.0952380952380986
USDCLP.mg,2025-01-07 16:00:00,2025-01-07 16:00:00,BLOCK,STATE=TRANSITION|QL=NONE|LF=NONE,,blocked,NONE,1004.05,1005.65,1001.85,1002.65,1006.9583333333334,3.3010059787541146,1013.5603452908416,1000.3563213758252,NY,DOWN,0.0592592592592558
USDCLP.mg,2025-01-07 17:00:00,2025-01-07 17:00:00,ALLOW,STATE=TRANSITION|QL=TRANSITION_UNCLASSIFIED|LF=LOOK_FOR_transition_repricing_near_vwap,TRANSITION_PERSISTENCE,transition_persistence,SHORT,1003.15,1007.35,1002.65,1005.05,1006.7166666666668,3.3301509955299333,1013.3769686577268,1000.0563646756068,NY,DOWN,0.237037037037032
USDCLP.mg,2025-01-07 18:00:00,2025-01-07 18:00:00,ALLOW,STATE=TRANSITION|QL=TRANSITION_UNCLASSIFIED|LF=LOOK_FOR_transition_repricing_near_vwap,TRANSITION_PERSISTENCE,transition_persistence,SHORT,1004.85,1006.55,1003.95,1004.95,1006.5500000000002,3.349691745719711,1013.2493834914396,999.8506165085608,NY_PM,DOWN,0.2296296296296313
USDCLP.mg,2025-01-07 19:00:00,2025-01-07 19:00:00,ALLOW,STATE=TRANSITION|QL=TRANSITION_UNCLASSIFIED|LF=LOOK_FOR_transition_repricing_near_vwap,TRANSITION_PERSISTENCE,transition_persistence,SHORT,1004.9,1004.9,1004.25,1004.35,1006.4023809523812,3.380137163485619,1013.1626552793524,999.6421066254098,NY_PM,DOWN,0.1851851851851851
USDCLP.mg,2025-01-07 20:00:00,2025-01-07 20:00:00,BLOCK,STATE=TRANSITION|QL=NONE|LF=NONE,,blocked,NONE,1004.05,1004.25,1003.85,1003.85,1006.2708333333336,3.4176152142608247,1013.1060637618552,999.4356029048118,NY_PM,DOWN,0.1515151515151523
USDCLP.mg,2025-01-07 21:00:00,2025-01-07 21:00:00,BLOCK,STATE=TRANSITION|QL=NONE|LF=NONE,,blocked,NONE,1004.15,1004.35,1003.85,1003.85,1006.1685185185188,3.444007800760517,1013.0565341200396,999.2805029169976,NY_PM,FLAT,0.1980198019801975
USDCLP.mg,2025-01-08 13:00:00,2025-01-08 13:00:00,BLOCK,STATE=BALANCE|QL=NONE|LF=NONE,,blocked,NONE,1011.45,1011.45,1008.45,1008.85,1009.5833333333334,3.4215254618725277,1016.4263842570784,1002.7402824095884,NY,UP,0.729166666666665
USDCLP.mg,2025-01-08 14:00:00,2025-01-08 14:00:00,BLOCK,STATE=BALANCE|QL=NONE|LF=NONE,,blocked,NONE,1009.05,1013.35,1008.85,1010.75,1010.2166666666668,3.379815136730164,1016.976296940127,1003.4570363932064,NY,UP,0.7739130434782588
USDCLP.mg,2025-01-08 15:00:00,2025-01-08 15:00:00,BLOCK,STATE=BALANCE|QL=NONE|LF=NONE,,blocked,NONE,1010.7,1011.55,1009.45,1009.95,1010.338888888889,3.351652991331907,1017.0421948715529,1003.6355829062252,NY,UP,0.7043478260869585
USDCLP.mg,2025-01-08 16:00:00,2025-01-08 16:00:00,BLOCK,STATE=BALANCE|QL=NONE|LF=NONE,,blocked,NONE,1009.65,1009.95,1007.55,1007.55,1010.125,3.3768113559987465,1016.8786227119977,1003.3713772880023,NY,UP,0.4956521739130375
USDCLP.mg,2025-01-08 17:00:00,2025-01-08 17:00:00,BLOCK,STATE=TRANSITION|QL=TRANSITION_UNCLASSIFIED|LF=LOOK_FOR_transition_dislocated_from_vwap,TRANSITION_RESOLUTION,transition_resolution,SHORT,1007.75,1008.0,1001.45,1002.65,1009.2633333333332,3.5757841114075632,1016.4149015561484,1002.111765110518,NY,DOWN,0.1008403361344482
USDCLP.mg,2025-01-08 18:00:00,2025-01-08 18:00:00,BLOCK,STATE=TRANSITION|QL=TRANSITION_UNCLASSIFIED|LF=LOOK_FOR_transition_dislocated_from_vwap,TRANSITION_RESOLUTION,transition_resolution,SHORT,1002.7,1004.15,1000.85,1000.85,1008.5555555555557,3.804620593243484,1016.1647967420424,1000.9463143690684,NY_PM,DOWN,0.0
USDCLP.mg,2025-01-08 19:00:00,2025-01-08 19:00:00,ALLOW,STATE=BALANCE|QL=BALANCE_LEAKING|LF=LOOK_FOR_balance_dislocated_from_vwap,BALANCE_DEGRADATION,allow_unmapped_baseline,NONE,1001.25,1001.85,1001.25,1001.65,1008.0880952380952,3.9360188189271312,1015.9601328759496,1000.2160576002408,NY_PM,DOWN,0.0639999999999963
USDCLP.mg,2025-01-08 20:00:00,2025-01-08 20:00:00,BLOCK,STATE=TRANSITION|QL=TRANSITION_UNCLASSIFIED|LF=LOOK_FOR_transition_dislocated_from_vwap,TRANSITION_RESOLUTION,transition_resolution,SHORT,1001.55,1001.65,1001.35,1001.35,1007.725,4.046858814706821,1015.8187176294136,999.6312823705864,NY_PM,DOWN,0.04
USDCLP.mg,2025-01-08 21:00:00,2025-01-08 21:00:00,BLOCK,STATE=TRANSITION|QL=TRANSITION_UNCLASSIFIED|LF=LOOK_FOR_transition_dislocated_from_vwap,TRANSITION_RESOLUTION,transition_resolution,SHORT,1001.25,1001.35,1001.25,1001.35,1007.4425925925926,4.132169863295935,1015.7069323191844,999.1782528660008,NY_PM,DOWN,0.04
USDCLP.mg,2025-01-09 13:00:00,2025-01-09 13:00:00,ALLOW,STATE=TRANSITION|QL=TRANSITION_UNCLASSIFIED|LF=LOOK_FOR_transition_repricing_near_vwap,TRANSITION_PERSISTENCE,transition_persistence,SHORT,998.25,998.45,997.25,997.95,997.8833333333332,4.085837260502111,1006.0550078543376,989.7116588123292,NY,DOWN,0.0434782608695679
USDCLP.mg,2025-01-09 14:00:00,2025-01-09 14:00:00,BLOCK,STATE=BALANCE|QL=NONE|LF=NONE,,blocked,NONE,998.25,1001.95,998.25,1001.25,999.0166666666668,4.047118478085267,1007.1109036228372,990.922429710496,NY,DOWN,0.2484472049689437
USDCLP.mg,2025-01-09 15:00:00,2025-01-09 15:00:00,BLOCK,STATE=TRANSITION|QL=NONE|LF=NONE,,blocked,NONE,1000.95,1000.95,998.15,999.05,999.15,4.0044295895348245,1007.1588591790696,991.1411408209304,NY,DOWN,0.1118012422360218
USDCLP.mg,2025-01-09 16:00:00,2025-01-09 16:00:00,BLOCK,STATE=TRANSITION|QL=NONE|LF=NONE,,blocked,NONE,999.15,1003.35,998.85,1003.25,999.6833333333332,3.983968544523116,1007.6512704223796,991.715396244287,NY,UP,0.3726708074534156
USDCLP.mg,2025-01-09 17:00:00,2025-01-09 17:00:00,ALLOW,STATE=BALANCE|QL=BALANCE_LEAKING|LF=LOOK_FOR_balance_dislocated_from_vwap,BALANCE_DEGRADATION,allow_unmapped_baseline,NONE,1003.15,1009.55,1002.25,1008.15,1000.7433333333332,4.056777483506848,1008.8568883003468,992.6297783663196,NY,UP,0.7622377622377631
USDCLP.mg,2025-01-09 18:00:00,2025-01-09 18:00:00,BLOCK,STATE=TRANSITION|QL=TRANSITION_UNCLASSIFIED|LF=LOOK_FOR_transition_dislocated_from_vwap,TRANSITION_RESOLUTION,transition_resolution,LONG,1007.95,1011.35,1006.7,1008.45,1001.5666666666666,4.105018610160504,1009.7767038869875,993.3566294463456,NY_PM,UP,0.7943262411347537
USDCLP.mg,2025-01-09 19:00:00,2025-01-09 19:00:00,ALLOW,STATE=TRANSITION|QL=TRANSITION_UNCLASSIFIED|LF=LOOK_FOR_transition_dislocated_from_vwap,TRANSITION_RESOLUTION,transition_resolution,LONG,1008.4,1010.05,1008.05,1008.75,1002.1690476190475,4.175404437165108,1010.5198564933778,993.8182387447172,NY_PM,UP,0.8156028368794314
USDCLP.mg,2025-01-09 20:00:00,2025-01-09 20:00:00,BLOCK,STATE=TRANSITION|QL=TRANSITION_UNCLASSIFIED|LF=LOOK_FOR_transition_dislocated_from_vwap,TRANSITION_RESOLUTION,transition_resolution,LONG,1008.35,1008.85,1007.35,1007.35,1002.5625,4.207040495373514,1010.9765809907468,994.1484190092528,NY_PM,UP,0.7163120567375891
USDCLP.mg,2025-01-09 21:00:00,2025-01-09 21:00:00,ALLOW,STATE=TRANSITION|QL=TRANSITION_UNCLASSIFIED|LF=LOOK_FOR_transition_repricing_near_vwap,TRANSITION_PERSISTENCE,transition_persistence,LONG,1006.95,1006.95,1004.35,1005.35,1002.7944444444444,4.204259396863079,1011.2029632381704,994.3859256507184,NY_PM,UP,0.5744680851063837
USDCLP.mg,2025-01-10 13:00:00,2025-01-10 13:00:00,ALLOW,STATE=TRANSITION|QL=TRANSITION_UNCLASSIFIED|LF=LOOK_FOR_transition_repricing_near_vwap,TRANSITION_PERSISTENCE,transition_persistence,LONG,1004.25,1004.25,1003.05,1004.15,1003.8166666666666,4.206080928147754,1012.228828522962,995.4045048103712,NY,UP,0.4893617021276571
USDCLP.mg,2025-01-10 14:00:00,2025-01-10 14:00:00,ALLOW,STATE=TRANSITION|QL=TRANSITION_UNCLASSIFIED|LF=LOOK_FOR_transition_repricing_near_vwap,TRANSITION_PERSISTENCE,transition_persistence,SHORT,1004.25,1007.15,1004.05,1005.65,1004.55,4.189410718006884,1012.9288214360138,996.171178563986,NY,DOWN,0.5957446808510612
USDCLP.mg,2025-01-10 15:00:00,2025-01-10 15:00:00,BLOCK,STATE=TRANSITION|QL=TRANSITION_UNCLASSIFIED|LF=LOOK_FOR_transition_dislocated_from_vwap,TRANSITION_RESOLUTION,transition_resolution,LONG,1005.75,1013.55,1003.55,1010.75,1006.0722222222222,4.181128513324671,1014.4344792488716,997.7099651955727,NY,UP,0.8282208588957078
USDCLP.mg,2025-01-10 16:00:00,2025-01-10 16:00:00,ALLOW,STATE=TRANSITION|QL=TRANSITION_UNCLASSIFIED|LF=LOOK_FOR_transition_repricing_near_vwap,TRANSITION_PERSISTENCE,transition_persistence,LONG,1010.55,1011.85,1006.15,1009.45,1006.725,4.159109334454481,1015.0432186689088,998.4067813310912,NY,UP,0.7337662337662393
USDCLP.mg,2025-01-10 17:00:00,2025-01-10 17:00:00,BLOCK,STATE=TRANSITION|QL=TRANSITION_UNCLASSIFIED|LF=LOOK_FOR_transition_dislocated_from_vwap,TRANSITION_RESOLUTION,transition_resolution,LONG,1009.25,1013.95,1009.25,1013.35,1007.4033333333332,4.185424920008129,1015.7741831733496,999.032483493317,NY,UP,0.9620253164556948
USDCLP.mg,2025-01-10 18:00:00,2025-01-10 18:00:00,BLOCK,STATE=TRANSITION|QL=NONE|LF=NONE,,blocked,NONE,1013.45,1013.45,1010.5,1012.05,1007.7833333333332,4.195785386655765,1016.1749041066448,999.3917625600218,NY_PM,UP,0.8741721854304577
USDCLP.mg,2025-01-10 19:00:00,2025-01-10 19:00:00,BLOCK,STATE=TRANSITION|QL=NONE|LF=NONE,,blocked,NONE,1012.1,1012.85,1011.85,1012.05,1008.054761904762,4.210492703228901,1016.4757473112196,999.633776498304,NY_PM,UP,0.8376068376068304
USDCLP.mg,2025-01-10 20:00:00,2025-01-10 20:00:00,BLOCK,STATE=BALANCE|QL=NONE|LF=NONE,,blocked,NONE,1012.1,1012.1,1011.9,1011.95,1008.2541666666666,4.1996450690688985,1016.6534568048044,999.8548765285288,NY_PM,UP,0.8165137614678915
USDCLP.mg,2025-01-13 13:00:00,2025-01-13 13:00:00,BLOCK,STATE=TRANSITION|QL=NONE|LF=NONE,,blocked,NONE,1014.75,1014.95,1013.45,1014.95,1014.4500000000002,4.200928356305208,1022.8518567126106,1006.0481432873896,NY,UP,1.0
USDCLP.mg,2025-01-13 14:00:00,2025-01-13 14:00:00,BLOCK,STATE=TRANSITION|QL=NONE|LF=NONE,,blocked,NONE,1015.15,1017.65,1014.15,1014.25,1014.7833333333334,4.170840723274117,1023.1250147798816,1006.4416518867852,NY,UP,0.7671232876712348
USDCLP.mg,2025-01-13 15:00:00,2025-01-13 15:00:00,BLOCK,STATE=TRANSITION|QL=NONE|LF=NONE,,blocked,NONE,1014.05,1014.25,1011.25,1011.95,1014.3944444444444,4.065365384562623,1022.5251752135696,1006.2637136753192,NY,DOWN,0.6095890410958957
USDCLP.mg,2025-01-13 16:00:00,2025-01-13 16:00:00,BLOCK,STATE=TRANSITION|QL=NONE|LF=NONE,,blocked,NONE,1012.05,1014.35,1012.05,1013.45,1014.325,3.9150769440583937,1022.1551538881168,1006.4948461118832,NY,UP,0.7123287671232927
USDCLP.mg,2025-01-13 17:00:00,2025-01-13 17:00:00,BLOCK,STATE=TRANSITION|QL=NONE|LF=NONE,,blocked,NONE,1013.35,1013.45,1010.45,1012.55,1014.17,3.800123781073736,1021.7702475621476,1006.5697524378526,NY,UP,0.6382978723404245
USDCLP.mg,2025-01-13 18:00:00,2025-01-13 18:00:00,ALLOW,STATE=BALANCE|QL=BALANCE_LEAKING|LF=LOOK_FOR_balance_dislocated_from_vwap,BALANCE_DEGRADATION,allow_unmapped_baseline,NONE,1012.15,1012.45,1008.35,1009.1,1013.7583333333332,3.746594591014269,1021.251522515362,1006.2651441513048,NY_PM,DOWN,0.3936170212765999
USDCLP.mg,2025-01-13 19:00:00,2025-01-13 19:00:00,ALLOW,STATE=BALANCE|QL=BALANCE_LEAKING|LF=LOOK_FOR_balance_dislocated_from_vwap,BALANCE_DEGRADATION,allow_unmapped_baseline,NONE,1009.0,1009.55,1008.85,1008.85,1013.452380952381,3.8062339382694086,1021.0648488289198,1005.839913075842,NY_PM,DOWN,0.2347826086956561
USDCLP.mg,2025-01-13 20:00:00,2025-01-13 20:00:00,BLOCK,STATE=TRANSITION|QL=TRANSITION_UNCLASSIFIED|LF=LOOK_FOR_transition_dislocated_from_vwap,TRANSITION_RESOLUTION,transition_resolution,SHORT,1008.75,1008.75,1006.35,1006.35,1013.0354166666668,3.928380620249565,1020.892177907166,1005.1786554261676,NY_PM,DOWN,0.0
USDCLP.mg,2025-01-13 21:00:00,2025-01-13 21:00:00,BLOCK,STATE=TRANSITION|QL=TRANSITION_UNCLASSIFIED|LF=LOOK_FOR_transition_dislocated_from_vwap,TRANSITION_RESOLUTION,transition_resolution,SHORT,1006.15,1008.05,1005.85,1007.75,1012.7444444444444,3.989903452680616,1020.7242513498056,1004.7646375390832,NY_PM,DOWN,0.161016949152541
USDCLP.mg,2025-01-14 13:00:00,2025-01-14 13:00:00,BLOCK,STATE=TREND|QL=NONE|LF=NONE,,blocked,NONE,1006.95,1006.95,1003.65,1005.05,1005.2166666666666,3.947778829528089,1013.1122243257228,997.3211090076104,NY,DOWN,0.0999999999999983
USDCLP.mg,2025-01-14 14:00:00,2025-01-14 14:00:00,ALLOW,STATE=TRANSITION|QL=TRANSITION_UNCLASSIFIED|LF=LOOK_FOR_transition_repricing_near_vwap,TRANSITION_PERSISTENCE,transition_persistence,SHORT,1005.35,1007.45,1005.25,1005.55,1005.3833333333332,3.85416894929177,1013.0916712319168,997.6749954347496,NY,DOWN,0.1357142857142841
USDCLP.mg,2025-01-14 15:00:00,2025-01-14 15:00:00,ALLOW,STATE=TRANSITION|QL=TRANSITION_UNCLASSIFIED|LF=LOOK_FOR_transition_repricing_near_vwap,TRANSITION_PERSISTENCE,transition_persistence,SHORT,1005.75,1008.15,1005.05,1005.95,1005.561111111111,3.827901252801469,1013.216913616714,997.905308605508,NY,DOWN,0.1642857142857191
USDCLP.mg,2025-01-14 16:00:00,2025-01-14 16:00:00,BLOCK,STATE=TREND|QL=NONE|LF=NONE,,blocked,NONE,1006.05,1006.65,1002.95,1003.05,1005.35,3.819702645322423,1012.9894052906448,997.7105947093552,NY,DOWN,0.0068027210884292
USDCLP.mg,2025-01-14 17:00:00,2025-01-14 17:00:00,BLOCK,STATE=TREND|QL=NONE|LF=NONE,,blocked,NONE,1002.95,1003.55,1000.55,1001.75,1004.9766666666668,3.828113176594001,1012.6328930198548,997.3204403134788,NY,DOWN,0.0869565217391333
USDCLP.mg,2025-01-14 18:00:00,2025-01-14 18:00:00,BLOCK,STATE=TREND|QL=NONE|LF=NONE,,blocked,NONE,1002.05,1004.35,1002.05,1004.35,1004.8722222222224,3.8210379122678937,1012.514298046758,997.2301463976864,NY_PM,DOWN,0.2753623188405832
USDCLP.mg,2025-01-14 19:00:00,2025-01-14 19:00:00,BLOCK,STATE=TREND|QL=NONE|LF=NONE,,blocked,NONE,1004.55,1004.85,1003.85,1003.85,1004.7738095238096,3.8213742855779422,1012.4165580949654,997.1310609526536,NY_PM,DOWN,0.2558139534883756
USDCLP.mg,2025-01-14 20:00:00,2025-01-14 20:00:00,BLOCK,STATE=TREND|QL=NONE|LF=NONE,,blocked,NONE,1003.35,1003.4,1002.85,1002.85,1004.6583333333332,3.8235683789298665,1012.305470091193,997.0111965754736,NY_PM,DOWN,0.193277310924374
USDCLP.mg,2025-01-14 21:00:00,2025-01-14 21:00:00,BLOCK,STATE=TREND|QL=NONE|LF=NONE,,blocked,NONE,1002.35,1002.95,1002.35,1002.85,1004.5685185185184,3.800940510880433,1012.1703995402794,996.9666374967576,NY_PM,DOWN,0.2555555555555631
USDCLP.mg,2025-01-15 13:00:00,2025-01-15 13:00:00,BLOCK,STATE=TREND|QL=NONE|LF=NONE,,blocked,NONE,1001.75,1003.35,1001.65,1001.65,1002.2166666666668,3.761484944973844,1009.7396365566144,994.693696776719,NY,DOWN,0.1341463414634166
USDCLP.mg,2025-01-15 14:00:00,2025-01-15 14:00:00,ALLOW,STATE=TRANSITION|QL=TRANSITION_UNCLASSIFIED|LF=LOOK_FOR_transition_repricing_near_vwap,TRANSITION_PERSISTENCE,transition_persistence,LONG,1001.45,1003.85,1001.05,1003.35,1002.4833333333332,3.761773488262838,1010.0068803098592,994.9597863568076,NY,UP,0.3684210526315868
USDCLP.mg,2025-01-15 15:00:00,2025-01-15 15:00:00,BLOCK,STATE=TREND|QL=NONE|LF=NONE,,blocked,NONE,1003.45,1003.45,998.3,998.45,1001.7222222222224,3.780088262678239,1009.2823987475788,994.1620456968658,NY,DOWN,0.0152284263959482
USDCLP.mg,2025-01-15 16:00:00,2025-01-15 16:00:00,BLOCK,STATE=TREND|QL=NONE|LF=NONE,,blocked,NONE,998.55,1000.95,996.05,998.75,1001.1791666666668,3.7837641311033656,1008.7466949288736,993.61163840446,NY,DOWN,0.2231404958677719
USDCLP.mg,2025-01-15 17:00:00,2025-01-15 17:00:00,ALLOW,STATE=TRANSITION|QL=TRANSITION_UNCLASSIFIED|LF=LOOK_FOR_transition_repricing_near_vwap,TRANSITION_PERSISTENCE,transition_persistence_flat,NONE,998.95,1002.85,998.95,1002.85,1001.1266666666668,3.784802217095461,1008.6962711008578,993.5570622324758,NY,FLAT,0.5619834710743847
USDCLP.mg,2025-01-15 18:00:00,2025-01-15 18:00:00,BLOCK,STATE=TRANSITION|QL=TRANSITION_UNCLASSIFIED|LF=LOOK_FOR_transition_dislocated_from_vwap,TRANSITION_RESOLUTION,transition_resolution,LONG,1002.65,1006.95,1002.65,1006.15,1001.4472222222224,3.840264529760221,1009.1277512817428,993.766693162702,NY_PM,UP,0.9266055045871504
USDCLP.mg,2025-01-15 19:00:00,2025-01-15 19:00:00,ALLOW,STATE=TRANSITION|QL=TRANSITION_UNCLASSIFIED|LF=LOOK_FOR_transition_dislocated_from_vwap,TRANSITION_RESOLUTION,transition_resolution,LONG,1005.85,1005.85,1004.95,1005.15,1001.6285714285716,3.875485278085327,1009.3795419847422,993.877600872401,NY_PM,UP,0.834862385321096
USDCLP.mg,2025-01-15 20:00:00,2025-01-15 20:00:00,BLOCK,STATE=TRANSITION|QL=NONE|LF=NONE,,blocked,NONE,1005.35,1005.45,1005.15,1005.45,1001.7770833333336,3.9116880575834143,1009.6004594485004,993.9537072181666,NY_PM,UP,0.8623853211009186
USDCLP.mg,2025-01-15 21:00:00,2025-01-15 21:00:00,ALLOW,STATE=BALANCE|QL=BALANCE_LEAKING|LF=LOOK_FOR_balance_dislocated_from_vwap,BALANCE_DEGRADATION,allow_unmapped_baseline,NONE,1005.35,1005.5,1005.35,1005.35,1001.8888888888893,3.9429591014507994,1009.7748070917908,994.0029706859876,NY_PM,UP,0.853211009174311
USDCLP.mg,2025-01-16 13:00:00,2025-01-16 13:00:00,ALLOW,STATE=TRANSITION|QL=TRANSITION_UNCLASSIFIED|LF=LOOK_FOR_transition_repricing_near_vwap,TRANSITION_PERSISTENCE,transition_persistence,LONG,1005.05,1008.95,1005.05,1008.25,1007.4166666666666,3.926758313194393,1015.2701832930554,999.5631500402778,NY,UP,0.945736434108524
USDCLP.mg,2025-01-16 14:00:00,2025-01-16 14:00:00,ALLOW,STATE=TRANSITION|QL=TRANSITION_UNCLASSIFIED|LF=LOOK_FOR_transition_repricing_near_vwap,TRANSITION_PERSISTENCE,transition_persistence,LONG,1008.3,1009.55,1006.45,1009.2,1007.675,3.810617008955532,1015.296234017911,1000.0537659820887,NY,UP,0.9740740740740808
USDCLP.mg,2025-01-16 15:00:00,2025-01-16 15:00:00,ALLOW,STATE=TRANSITION|QL=TRANSITION_UNCLASSIFIED|LF=LOOK_FOR_transition_repricing_near_vwap,TRANSITION_PERSISTENCE,transition_persistence,LONG,1009.25,1010.95,1008.65,1009.95,1008.0,3.64047228966774,1015.2809445793356,1000.7190554206644,NY,UP,0.9328859060402688
USDCLP.mg,2025-01-16 16:00:00,2025-01-16 16:00:00,BLOCK,STATE=TRANSITION|QL=NONE|LF=NONE,,blocked,NONE,1010.25,1013.25,1009.85,1010.65,1008.4125,3.51060412391958,1015.4337082478391,1001.3912917521608,NY,UP,0.8488372093023246
USDCLP.mg,2025-01-16 17:00:00,2025-01-16 17:00:00,BLOCK,STATE=TRANSITION|QL=NONE|LF=NONE,,blocked,NONE,1010.75,1012.15,1008.25,1009.2,1008.5633333333332,3.362859555791569,1015.2890524449164,1001.8376142217502,NY,UP,0.7645348837209335
USDCLP.mg,2025-01-16 18:00:00,2025-01-16 18:00:00,BLOCK,STATE=TREND|QL=NONE|LF=NONE,,blocked,NONE,1009.15,1013.65,1008.7,1013.45,1008.922222222222,3.255579164276879,1015.4333805507758,1002.4110638936684,NY_PM,UP,0.9886363636363676
USDCLP.mg,2025-01-16 19:00:00,2025-01-16 19:00:00,BLOCK,STATE=TREND|QL=NONE|LF=NONE,,blocked,NONE,1013.05,1013.95,1012.85,1013.35,1009.1880952380952,3.283991362582432,1015.75607796326,1002.6201125129304,NY_PM,UP,0.9599999999999984
USDCLP.mg,2025-01-16 20:00:00,2025-01-16 20:00:00,BLOCK,STATE=TREND|QL=NONE|LF=NONE,,blocked,NONE,1013.65,1013.85,1011.45,1011.85,1009.3249999999998,3.2864058585401303,1015.89781171708,1002.7521882829196,NY_PM,UP,0.8141592920353974
USDCLP.mg,2025-01-16 21:00:00,2025-01-16 21:00:00,BLOCK,STATE=TREND|QL=NONE|LF=NONE,,blocked,NONE,1011.65,1011.85,1010.95,1011.85,1009.4314814814812,3.287728448702608,1016.0069383788864,1002.856024584076,NY_PM,UP,0.7666666666666642
USDCLP.mg,2025-01-17 13:00:00,2025-01-17 13:00:00,BLOCK,STATE=TREND|QL=NONE|LF=NONE,,blocked,NONE,1013.45,1015.75,1013.45,1013.95,1014.3833333333332,3.275120545603797,1020.9335744245408,1007.8330922421258,NY,UP,0.8317757009345844
USDCLP.mg,2025-01-17 14:00:00,2025-01-17 14:00:00,BLOCK,STATE=TREND|QL=NONE|LF=NONE,,blocked,NONE,1013.85,1015.85,1012.45,1014.15,1014.2666666666668,3.145981285281936,1020.5586292372304,1007.9747040961028,NY,UP,0.8425925925925893
USDCLP.mg,2025-01-17 15:00:00,2025-01-17 15:00:00,BLOCK,STATE=TREND|QL=NONE|LF=NONE,,blocked,NONE,1013.95,1017.35,1013.95,1015.65,1014.5611111111112,3.024295901336917,1020.609702913785,1008.5125193084372,NY,UP,0.8617886178861759
USDCLP.mg,2025-01-17 16:00:00,2025-01-17 16:00:00,BLOCK,STATE=TRANSITION|QL=TRANSITION_UNCLASSIFIED|LF=LOOK_FOR_transition_dislocated_from_vwap,TRANSITION_RESOLUTION,transition_resolution,SHORT,1015.55,1016.25,1009.95,1010.35,1014.0583333333334,2.96924164371807,1019.9968166207696,1008.1198500458972,NY,DOWN,0.3577981651376133
USDCLP.mg,2025-01-17 17:00:00,2025-01-17 17:00:00,BLOCK,STATE=TRANSITION|QL=TRANSITION_UNCLASSIFIED|LF=LOOK_FOR_transition_dislocated_from_vwap,TRANSITION_RESOLUTION,transition_resolution,SHORT,1010.25,1010.95,1006.5,1008.05,1013.3733333333332,3.018488443087058,1019.4103102195074,1007.3363564471592,NY,DOWN,0.1428571428571383
USDCLP.mg,2025-01-17 18:00:00,2025-01-17 18:00:00,BLOCK,STATE=TRANSITION|QL=TRANSITION_UNCLASSIFIED|LF=LOOK_FOR_transition_dislocated_from_vwap,TRANSITION_RESOLUTION,transition_resolution,SHORT,1007.75,1008.25,1005.85,1006.35,1012.7861111111112,3.149153792967177,1019.0844186970456,1006.4878035251768,NY_PM,DOWN,0.0434782608695652
USDCLP.mg,2025-01-17 19:00:00,2025-01-17 19:00:00,ALLOW,STATE=TRANSITION|QL=TRANSITION_UNCLASSIFIED|LF=LOOK_FOR_transition_dislocated_from_vwap,TRANSITION_RESOLUTION,transition_resolution,SHORT,1006.25,1006.55,1005.85,1006.05,1012.352380952381,3.279087189177784,1018.9105553307368,1005.7942065740256,NY_PM,DOWN,0.0173913043478201
USDCLP.mg,2025-01-17 20:00:00,2025-01-17 20:00:00,ALLOW,STATE=BALANCE|QL=BALANCE_LEAKING|LF=LOOK_FOR_balance_dislocated_from_vwap,BALANCE_DEGRADATION,allow_unmapped_baseline,NONE,1005.95,1006.05,1005.85,1005.85,1012.01875,3.3900638135508587,1018.7988776271018,1005.2386223728984,NY_PM,DOWN,0.0
USDCLP.mg,2025-01-20 13:00:00,2025-01-20 13:00:00,ALLOW,STATE=TRANSITION|QL=TRANSITION_UNCLASSIFIED|LF=LOOK_FOR_transition_repricing_near_vwap,TRANSITION_PERSISTENCE,transition_persistence,SHORT,1005.35,1007.05,1004.95,1006.85,1006.2833333333332,3.320656574382705,1012.9246464820988,999.642020184568,NY,DOWN,0.1532258064516113
USDCLP.mg,2025-01-20 14:00:00,2025-01-20 14:00:00,BLOCK,STATE=TRANSITION|QL=NONE|LF=NONE,,blocked,NONE,1006.55,1006.55,1004.75,1004.95,1005.9333333333334,3.2954326355770034,1012.5241986044874,999.3424680621794,NY,DOWN,0.0158730158730194
USDCLP.mg,2025-01-20 15:00:00,2025-01-20 15:00:00,BLOCK,STATE=TRANSITION|QL=TRANSITION_UNCLASSIFIED|LF=LOOK_FOR_transition_dislocated_from_vwap,TRANSITION_RESOLUTION,transition_resolution,SHORT,1005.0,1007.65,999.95,1000.35,1004.838888888889,3.223424692144337,1011.2857382731776,998.3920395046002,NY,DOWN,0.0229885057471251
USDCLP.mg,2025-01-20 16:00:00,2025-01-20 16:00:00,BLOCK,STATE=TRANSITION|QL=NONE|LF=NONE,,blocked,NONE,1000.25,1001.25,997.7,999.55,1004.0375,3.198127015859292,1010.4337540317186,997.6412459682814,NY,DOWN,0.0941475826971965
USDCLP.mg,2025-01-20 17:00:00,2025-01-20 17:00:00,BLOCK,STATE=TRANSITION|QL=NONE|LF=NONE,,blocked,NONE,999.6,1003.45,998.75,1003.45,1003.8166666666668,3.127467562873945,1010.0716017924148,997.5617315409188,NY,DOWN,0.2926208651399494
USDCLP.mg,2025-01-20 18:00:00,2025-01-20 18:00:00,BLOCK,STATE=TRANSITION|QL=NONE|LF=NONE,,blocked,NONE,1003.25,1003.95,999.05,999.25,1003.4361111111112,3.097829017327471,1009.631769145766,997.2404530764562,NY_PM,DOWN,0.0788804071246797
USDCLP.mg,2025-01-20 19:00:00,2025-01-20 19:00:00,BLOCK,STATE=TRANSITION|QL=NONE|LF=NONE,,blocked,NONE,999.55,1000.65,999.55,1000.15,1003.2071428571428,3.1059154097811548,1009.4189736767051,996.9953120375804,NY_PM,DOWN,0.1320754716981098
USDCLP.mg,2025-01-20 20:00:00,2025-01-20 20:00:00,BLOCK,STATE=TREND|QL=NONE|LF=NONE,,blocked,NONE,1000.1,1001.85,1000.1,1001.35,1003.0854166666668,3.1071294330267865,1009.2996755327202,996.8711578006132,NY_PM,DOWN,0.2754716981132058
USDCLP.mg,2025-01-20 21:00:00,2025-01-20 21:00:00,BLOCK,STATE=TREND|QL=NONE|LF=NONE,,blocked,NONE,1001.15,1001.15,999.35,999.35,1002.9166666666666,3.121848769817796,1009.1603642063022,996.672969127031,NY_PM,DOWN,0.1563981042654013
USDCLP.mg,2025-01-21 13:00:00,2025-01-21 13:00:00,ALLOW,STATE=TRANSITION|QL=TRANSITION_UNCLASSIFIED|LF=LOOK_FOR_transition_repricing_near_vwap,TRANSITION_PERSISTENCE,transition_persistence,LONG,1004.05,1006.35,1004.05,1006.25,1005.55,3.1312232803504765,1011.812446560701,999.2875534392992,NY,UP,0.8592964824120616
USDCLP.mg,2025-01-21 14:00:00,2025-01-21 14:00:00,ALLOW,STATE=TRANSITION|QL=TRANSITION_UNCLASSIFIED|LF=LOOK_FOR_transition_repricing_near_vwap,TRANSITION_PERSISTENCE,transition_persistence,SHORT,1006.15,1006.35,1000.75,1002.55,1004.3833333333332,3.1322533134774044,1010.647839960288,998.1188267063784,NY,DOWN,0.4874371859296424
USDCLP.mg,2025-01-21 15:00:00,2025-01-21 15:00:00,BLOCK,STATE=TRANSITION|QL=TRANSITION_UNCLASSIFIED|LF=LOOK_FOR_transition_dislocated_from_vwap,TRANSITION_RESOLUTION,transition_resolution,SHORT,1002.65,1003.55,998.45,998.45,1003.2833333333332,3.13653325767152,1009.5563998486764,997.0102668179902,NY,DOWN,0.075376884422111
USDCLP.mg,2025-01-21 16:00:00,2025-01-21 16:00:00,ALLOW,STATE=TRANSITION|QL=TRANSITION_UNCLASSIFIED|LF=LOOK_FOR_transition_repricing_near_vwap,TRANSITION_PERSISTENCE,transition_persistence,LONG,998.35,1003.45,998.35,1002.85,1003.0916666666668,3.0944208795952823,1009.2805084258572,996.902824907476,NY,UP,0.5175879396984937
USDCLP.mg,2025-01-21 17:00:00,2025-01-21 17:00:00,BLOCK,STATE=BALANCE|QL=NONE|LF=NONE,,blocked,NONE,1002.95,1003.35,1001.25,1002.55,1002.9566666666668,2.9803188410311154,1008.917304348729,996.9960289846044,NY,UP,0.4874371859296424
USDCLP.mg,2025-01-21 18:00:00,2025-01-21 18:00:00,ALLOW,STATE=TRANSITION|QL=TRANSITION_UNCLASSIFIED|LF=LOOK_FOR_transition_repricing_near_vwap,TRANSITION_PERSISTENCE,transition_persistence,LONG,1002.45,1003.25,1001.05,1001.45,1002.8055555555557,2.919069327931385,1008.6436942114184,996.9674168996928,NY_PM,UP,0.4335260115606947
USDCLP.mg,2025-01-21 19:00:00,2025-01-21 19:00:00,ALLOW,STATE=TRANSITION|QL=TRANSITION_UNCLASSIFIED|LF=LOOK_FOR_transition_repricing_near_vwap,TRANSITION_PERSISTENCE,transition_persistence,SHORT,1001.35,1003.65,1001.05,1003.65,1002.802380952381,2.926407593296865,1008.6551961389748,996.9495657657872,NY_PM,DOWN,0.6624999999999943
USDCLP.mg,2025-01-21 20:00:00,2025-01-21 20:00:00,ALLOW,STATE=TRANSITION|QL=TRANSITION_UNCLASSIFIED|LF=LOOK_FOR_transition_repricing_near_vwap,TRANSITION_PERSISTENCE,transition_persistence,LONG,1003.7,1003.7,1002.85,1002.85,1002.7666666666668,2.9259360362082085,1008.6185387390832,996.9147945942502,NY_PM,UP,0.5625
USDCLP.mg,2025-01-21 21:00:00,2025-01-21 21:00:00,ALLOW,STATE=TRANSITION|QL=TRANSITION_UNCLASSIFIED|LF=LOOK_FOR_transition_repricing_near_vwap,TRANSITION_PERSISTENCE,transition_persistence,LONG,1002.8,1002.85,1001.7,1002.35,1002.7203703703703,2.92220521708058,1008.5647808045316,996.8759599362093,NY_PM,UP,0.5
USDCLP.mg,2025-01-22 13:00:00,2025-01-22 13:00:00,ALLOW,STATE=TRANSITION|QL=TRANSITION_UNCLASSIFIED|LF=LOOK_FOR_transition_repricing_near_vwap,TRANSITION_PERSISTENCE,transition_persistence,SHORT,999.05,999.75,998.9,999.25,999.3,2.9144146271381484,1005.1288292542764,993.4711707457236,NY,DOWN,0.1124999999999971
USDCLP.mg,2025-01-22 14:00:00,2025-01-22 14:00:00,ALLOW,STATE=TRANSITION|QL=TRANSITION_UNCLASSIFIED|LF=LOOK_FOR_transition_repricing_near_vwap,TRANSITION_PERSISTENCE,transition_persistence,SHORT,999.15,999.85,996.6,997.25,998.6,2.8926537794682967,1004.3853075589366,992.8146924410636,NY,DOWN,0.0666666666666643
USDCLP.mg,2025-01-22 15:00:00,2025-01-22 15:00:00,BLOCK,STATE=TRANSITION|QL=NONE|LF=NONE,,blocked,NONE,997.15,997.2,993.65,993.85,997.6611111111112,2.927571910599003,1003.5162549323092,991.8059672899132,NY,DOWN,0.0157480314960665
USDCLP.mg,2025-01-22 16:00:00,2025-01-22 16:00:00,BLOCK,STATE=TREND|QL=NONE|LF=NONE,,blocked,NONE,993.8,996.05,992.75,992.85,997.0333333333334,2.968982402355172,1002.9712981380436,991.0953685286232,NY,DOWN,0.0073529411764722
USDCLP.mg,2025-01-22 17:00:00,2025-01-22 17:00:00,BLOCK,STATE=TREND|QL=NONE|LF=NONE,,blocked,NONE,992.95,993.55,990.25,992.75,996.4833333333332,2.995339742391557,1002.4740128181164,990.4926538485504,NY,DOWN,0.1858736059479547
USDCLP.mg,2025-01-22 18:00:00,2025-01-22 18:00:00,BLOCK,STATE=TREND|QL=NONE|LF=NONE,,blocked,NONE,992.65,993.75,989.95,990.05,995.9500000000002,3.079017142383085,1002.1080342847664,989.791965715234,NY_PM,DOWN,0.0072727272727206
USDCLP.mg,2025-01-22 19:00:00,2025-01-22 19:00:00,BLOCK,STATE=TREND|QL=NONE|LF=NONE,,blocked,NONE,990.15,991.35,990.15,990.65,995.5976190476192,3.1320018416828592,1001.8616227309848,989.3336153642535,NY_PM,DOWN,0.0509090909090859
USDCLP.mg,2025-01-22 20:00:00,2025-01-22 20:00:00,BLOCK,STATE=TREND|QL=NONE|LF=NONE,,blocked,NONE,990.7,990.8,989.85,990.4,995.31875,3.1697597072684625,1001.658269414537,988.9792305854633,NY_PM,DOWN,0.0397111913357367
USDCLP.mg,2025-01-22 21:00:00,2025-01-22 21:00:00,BLOCK,STATE=TREND|QL=NONE|LF=NONE,,blocked,NONE,990.25,991.55,989.85,990.15,995.0925925925926,3.202014375527429,1001.4966213436476,988.6885638415378,NY_PM,DOWN,0.0216606498194912
USDCLP.mg,2025-01-23 13:00:00,2025-01-23 13:00:00,BLOCK,STATE=TREND|QL=NONE|LF=NONE,,blocked,NONE,990.15,991.5,989.35,990.55,990.4666666666666,3.200598982559831,996.8678646317862,984.0654687015468,NY,DOWN,0.083623693379786
USDCLP.mg,2025-01-23 14:00:00,2025-01-23 14:00:00,BLOCK,STATE=TREND|QL=NONE|LF=NONE,,blocked,NONE,990.65,994.65,989.95,993.15,991.425,3.200628564192601,997.8262571283852,985.0237428716148,NY,UP,0.2814814814814781
USDCLP.mg,2025-01-23 15:00:00,2025-01-23 15:00:00,BLOCK,STATE=TREND|QL=NONE|LF=NONE,,blocked,NONE,993.05,993.05,986.15,987.45,990.7555555555556,3.1053513508909094,996.9662582573372,984.5448528537736,NY,DOWN,0.0948905109489097
USDCLP.mg,2025-01-23 16:00:00,2025-01-23 16:00:00,BLOCK,STATE=TRANSITION|QL=NONE|LF=NONE,,blocked,NONE,987.45,989.75,986.65,988.15,990.4791666666666,3.032432989891688,996.54403264645,984.4143006868832,NY,DOWN,0.1459854014598535
USDCLP.mg,2025-01-23 17:00:00,2025-01-23 17:00:00,BLOCK,STATE=TRANSITION|QL=NONE|LF=NONE,,blocked,NONE,988.05,989.65,986.05,987.15,990.24,2.954248667277106,996.1484973345542,984.3315026654458,NY,DOWN,0.0986547085201806
USDCLP.mg,2025-01-23 18:00:00,2025-01-23 18:00:00,BLOCK,STATE=TRANSITION|QL=NONE|LF=NONE,,blocked,NONE,986.95,989.65,986.2,986.85,990.0638888888888,2.876581935137014,995.817052759163,984.3107250186148,NY_PM,DOWN,0.0800000000000068
USDCLP.mg,2025-01-23 19:00:00,2025-01-23 19:00:00,BLOCK,STATE=TRANSITION|QL=NONE|LF=NONE,,blocked,NONE,987.05,987.05,986.35,986.65,989.9285714285714,2.8641912424617915,995.656953913495,984.2001889436478,NY_PM,DOWN,0.0697674418604675
USDCLP.mg,2025-01-23 20:00:00,2025-01-23 20:00:00,BLOCK,STATE=TRANSITION|QL=NONE|LF=NONE,,blocked,NONE,986.85,987.15,986.85,987.15,989.8479166666666,2.8295797419338493,995.5070761505344,984.1887571827988,NY_PM,DOWN,0.1279069767441883
USDCLP.mg,2025-01-23 21:00:00,2025-01-23 21:00:00,BLOCK,STATE=TRANSITION|QL=NONE|LF=NONE,,blocked,NONE,987.05,987.05,986.35,986.35,989.7555555555556,2.786852805814813,995.3292611671852,984.1818499439258,NY_PM,DOWN,0.0348837209302404
USDCLP.mg,2025-01-24 13:00:00,2025-01-24 13:00:00,ALLOW,STATE=TRANSITION|QL=TRANSITION_UNCLASSIFIED|LF=LOOK_FOR_transition_repricing_near_vwap,TRANSITION_PERSISTENCE,transition_persistence,SHORT,982.65,982.95,981.25,981.45,981.8833333333332,2.7313817675636654,987.3460968684608,976.420569798206,NY,DOWN,0.0149253731343317
USDCLP.mg,2025-01-24 14:00:00,2025-01-24 14:00:00,BLOCK,STATE=TRANSITION|QL=NONE|LF=NONE,,blocked,NONE,981.75,983.95,980.85,983.95,982.4,2.7518916359142254,987.9037832718284,976.8962167281716,NY,DOWN,0.2246376811594226
USDCLP.mg,2025-01-24 15:00:00,2025-01-24 15:00:00,BLOCK,STATE=TRANSITION|QL=NONE|LF=NONE,,blocked,NONE,984.05,984.05,982.0,982.6,982.4333333333334,2.608941739913418,987.6512168131602,977.2154498535066,NY,DOWN,0.1268115942028989
USDCLP.mg,2025-01-24 16:00:00,2025-01-24 16:00:00,BLOCK,STATE=TRANSITION|QL=NONE|LF=NONE,,blocked,NONE,982.7,983.45,981.45,982.35,982.4291666666668,2.469695040135617,987.368556746938,977.4897765863956,NY,DOWN,0.1086956521739134
USDCLP.mg,2025-01-24 17:00:00,2025-01-24 17:00:00,BLOCK,STATE=TREND|QL=NONE|LF=NONE,,blocked,NONE,982.55,983.4,980.15,983.15,982.4333333333334,2.4133866275781246,987.2601065884896,977.6065600781772,NY,DOWN,0.2325581395348841
USDCLP.mg,2025-01-24 18:00:00,2025-01-24 18:00:00,BLOCK,STATE=TREND|QL=NONE|LF=NONE,,blocked,NONE,982.95,983.15,980.55,981.85,982.3638888888888,2.3351447268846464,987.0341783426584,977.6935994351196,NY_PM,DOWN,0.1770833333333376
USDCLP.mg,2025-01-24 19:00:00,2025-01-24 19:00:00,BLOCK,STATE=TRANSITION|QL=NONE|LF=NONE,,blocked,NONE,981.8,981.8,981.05,981.15,982.2809523809524,2.326556848076229,986.934066077105,977.6278386848,NY_PM,DOWN,0.1052631578947368
USDCLP.mg,2025-01-24 20:00:00,2025-01-24 20:00:00,BLOCK,STATE=TRANSITION|QL=NONE|LF=NONE,,blocked,NONE,981.2,981.55,981.2,981.55,982.2354166666668,2.3175605820784533,986.8705378308237,977.60029550251,NY_PM,DOWN,0.1473684210526291
USDCLP.mg,2025-01-27 13:00:00,2025-01-27 13:00:00,BLOCK,STATE=BALANCE|QL=NONE|LF=NONE,,blocked,NONE,985.15,988.05,985.15,986.15,986.45,2.285356761346141,991.0207135226922,981.8792864773076,NY,UP,0.7594936708860781
USDCLP.mg,2025-01-27 14:00:00,2025-01-27 14:00:00,BLOCK,STATE=BALANCE|QL=NONE|LF=NONE,,blocked,NONE,986.35,986.75,983.15,983.65,985.7,2.275539590546391,990.2510791810928,981.1489208189072,NY,UP,0.4430379746835455
USDCLP.mg,2025-01-27 15:00:00,2025-01-27 15:00:00,BLOCK,STATE=TRANSITION|QL=NONE|LF=NONE,,blocked,NONE,983.55,984.85,982.35,982.6,985.2444444444444,2.2316395011068204,989.707723446658,980.7811654422308,NY,DOWN,0.3101265822784876
USDCLP.mg,2025-01-27 16:00:00,2025-01-27 16:00:00,BLOCK,STATE=BALANCE|QL=NONE|LF=NONE,,blocked,NONE,982.55,986.45,982.55,984.35,985.1625,2.151355121591738,989.4652102431834,980.8597897568164,NY,UP,0.5316455696202604
USDCLP.mg,2025-01-27 17:00:00,2025-01-27 17:00:00,BLOCK,STATE=TRANSITION|QL=NONE|LF=NONE,,blocked,NONE,984.15,987.75,984.05,987.05,985.2933333333332,2.126873046623304,989.54707942658,981.0395872400868,NY,UP,0.873417721518987
USDCLP.mg,2025-01-27 18:00:00,2025-01-27 18:00:00,BLOCK,STATE=BALANCE|QL=NONE|LF=NONE,,blocked,NONE,986.95,987.05,985.75,986.9,985.372222222222,2.087846502347544,989.5479152269172,981.1965292175272,NY_PM,UP,0.8544303797468379
USDCLP.mg,2025-01-27 19:00:00,2025-01-27 19:00:00,BLOCK,STATE=TRANSITION|QL=NONE|LF=NONE,,blocked,NONE,986.85,986.95,986.65,986.85,985.4261904761904,2.110401409457368,989.6469932951052,981.2053876572757,NY_PM,UP,0.848101265822793
USDCLP.mg,2025-01-27 20:00:00,2025-01-27 20:00:00,ALLOW,STATE=TRANSITION|QL=TRANSITION_UNCLASSIFIED|LF=LOOK_FOR_transition_repricing_near_vwap,TRANSITION_PERSISTENCE,transition_persistence,LONG,986.95,987.15,986.85,987.15,985.4791666666666,2.161625756018775,989.8024181787042,981.155915154629,NY_PM,UP,0.8860759493670911
USDCLP.mg,2025-01-27 21:00:00,2025-01-27 21:00:00,ALLOW,STATE=TRANSITION|QL=TRANSITION_UNCLASSIFIED|LF=LOOK_FOR_transition_repricing_near_vwap,TRANSITION_PERSISTENCE,transition_persistence,LONG,986.85,986.85,985.95,986.35,985.4907407407406,2.150559663925522,989.7918600685916,981.1896214128896,NY_PM,UP,0.7733333333333424
USDCLP.mg,2025-01-28 13:00:00,2025-01-28 13:00:00,ALLOW,STATE=TRANSITION|QL=TRANSITION_UNCLASSIFIED|LF=LOOK_FOR_transition_repricing_near_vwap,TRANSITION_PERSISTENCE,transition_persistence,LONG,989.95,990.85,989.85,990.55,990.4166666666666,2.120506888353113,994.6576804433728,986.1756528899604,NY,UP,0.969387755102034
USDCLP.mg,2025-01-28 14:00:00,2025-01-28 14:00:00,ALLOW,STATE=TRANSITION|QL=TRANSITION_UNCLASSIFIED|LF=LOOK_FOR_transition_repricing_near_vwap,TRANSITION_PERSISTENCE,transition_persistence,LONG,990.25,992.35,990.05,991.25,990.7833333333332,2.132439242743588,995.0482118188204,986.518454847846,NY,UP,0.9013452914798183
USDCLP.mg,2025-01-28 15:00:00,2025-01-28 15:00:00,BLOCK,STATE=TRANSITION|QL=NONE|LF=NONE,,blocked,NONE,991.15,993.5,990.45,993.45,991.2777777777778,2.1544222977796084,995.586622373337,986.9689331822186,NY,UP,0.9955156950672688
USDCLP.mg,2025-01-28 16:00:00,2025-01-28 16:00:00,BLOCK,STATE=TRANSITION|QL=NONE|LF=NONE,,blocked,NONE,993.55,993.55,990.25,990.9,991.3166666666668,2.142965463388093,995.6025975934429,987.0307357398906,NY,UP,0.7633928571428578
USDCLP.mg,2025-01-28 17:00:00,2025-01-28 17:00:00,BLOCK,STATE=TRANSITION|QL=NONE|LF=NONE,,blocked,NONE,990.95,992.9,990.45,992.55,991.45,2.167334713950392,995.7846694279008,987.1153305720992,NY,UP,0.9107142857142853
USDCLP.mg,2025-01-28 18:00:00,2025-01-28 18:00:00,BLOCK,STATE=TREND|QL=NONE|LF=NONE,,blocked,NONE,992.75,993.95,992.05,993.15,991.5944444444444,2.1740856476344104,995.9426157397132,987.2462731491756,NY_PM,UP,0.9298245614035032
USDCLP.mg,2025-01-28 19:00:00,2025-01-28 19:00:00,BLOCK,STATE=TRANSITION|QL=NONE|LF=NONE,,blocked,NONE,993.25,993.25,992.85,992.85,991.6833333333332,2.182930432120712,996.0491941975748,987.317472469092,NY_PM,UP,0.8888888888888876
USDCLP.mg,2025-01-28 20:00:00,2025-01-28 20:00:00,BLOCK,STATE=TRANSITION|QL=NONE|LF=NONE,,blocked,NONE,992.75,993.35,992.75,993.35,991.7708333333331,2.212212038332784,996.1952574099988,987.3464092566676,NY_PM,UP,0.9268292682926804
USDCLP.mg,2025-01-28 21:00:00,2025-01-28 21:00:00,BLOCK,STATE=TRANSITION|QL=NONE|LF=NONE,,blocked,NONE,993.25,993.85,993.25,993.85,991.8574074074072,2.182306988296346,996.2220213839998,987.4927934308146,NY_PM,UP,0.9874999999999972
USDCLP.mg,2025-01-29 13:00:00,2025-01-29 13:00:00,BLOCK,STATE=TRANSITION|QL=NONE|LF=NONE,,blocked,NONE,992.95,992.95,989.55,989.55,990.6833333333334,2.180623337902296,995.044580009138,986.3220866575288,NY,DOWN,0.4499999999999886
USDCLP.mg,2025-01-29 14:00:00,2025-01-29 14:00:00,BLOCK,STATE=BALANCE|QL=NONE|LF=NONE,,blocked,NONE,989.25,990.65,987.75,987.85,990.1,2.18771338932972,994.4754267786597,985.7245732213408,NY,DOWN,0.2374999999999971
USDCLP.mg,2025-01-29 15:00:00,2025-01-29 15:00:00,ALLOW,STATE=TRANSITION|QL=TRANSITION_UNCLASSIFIED|LF=LOOK_FOR_transition_repricing_near_vwap,TRANSITION_PERSISTENCE,transition_persistence,SHORT,987.55,990.45,986.45,989.65,989.9611111111112,2.1886031396332872,994.3383173903778,985.5839048318446,NY,DOWN,0.4266666666666576
USDCLP.mg,2025-01-29 16:00:00,2025-01-29 16:00:00,ALLOW,STATE=TRANSITION|QL=TRANSITION_UNCLASSIFIED|LF=LOOK_FOR_transition_repricing_near_vwap,TRANSITION_PERSISTENCE,transition_persistence,SHORT,989.45,991.65,988.95,991.55,990.05,2.2012291624911646,994.4524583249824,985.6475416750176,NY,DOWN,0.6799999999999878
USDCLP.mg,2025-01-29 17:00:00,2025-01-29 17:00:00,ALLOW,STATE=TRANSITION|QL=TRANSITION_UNCLASSIFIED|LF=LOOK_FOR_transition_repricing_near_vwap,TRANSITION_PERSISTENCE,transition_persistence,SHORT,991.65,994.25,990.55,991.95,990.2166666666668,2.228489134458632,994.673644935584,985.7596883977496,NY,DOWN,0.7051282051282093
USDCLP.mg,2025-01-29 18:00:00,2025-01-29 18:00:00,ALLOW,STATE=TRANSITION|QL=TRANSITION_UNCLASSIFIED|LF=LOOK_FOR_transition_repricing_near_vwap,TRANSITION_PERSISTENCE,transition_persistence,SHORT,991.9,992.45,990.85,990.85,990.2666666666668,2.236902531662207,994.7404717299912,985.7928616033424,NY_PM,DOWN,0.5641025641025644
USDCLP.mg,2025-01-29 19:00:00,2025-01-29 19:00:00,ALLOW,STATE=TRANSITION|QL=TRANSITION_UNCLASSIFIED|LF=LOOK_FOR_transition_repricing_near_vwap,TRANSITION_PERSISTENCE,transition_persistence,LONG,991.05,991.35,989.85,990.85,990.302380952381,2.2428482344502645,994.7880774212816,985.8166844834803,NY_PM,UP,0.5641025641025644
USDCLP.mg,2025-01-29 20:00:00,2025-01-29 20:00:00,BLOCK,STATE=BALANCE|QL=NONE|LF=NONE,,blocked,NONE,990.75,991.05,990.75,991.05,990.3375,2.252170747531255,994.8418414950625,985.8331585049376,NY_PM,UP,0.5897435897435815
USDCLP.mg,2025-01-29 21:00:00,2025-01-29 21:00:00,ALLOW,STATE=TRANSITION|QL=TRANSITION_UNCLASSIFIED|LF=LOOK_FOR_transition_repricing_near_vwap,TRANSITION_PERSISTENCE,transition_persistence,LONG,991.25,991.85,989.85,990.35,990.3388888888888,2.21225249189356,994.763393872676,985.9143839051018,NY_PM,UP,0.5
USDCLP.mg,2025-01-30 13:00:00,2025-01-30 13:00:00,ALLOW,STATE=TRANSITION|QL=TRANSITION_UNCLASSIFIED|LF=LOOK_FOR_transition_repricing_near_vwap,TRANSITION_PERSISTENCE,transition_persistence,SHORT,989.25,990.55,989.25,989.85,989.8833333333332,2.156797000587458,994.1969273345082,985.5697393321584,NY,DOWN,0.4358974358974355
USDCLP.mg,2025-01-30 14:00:00,2025-01-30 14:00:00,ALLOW,STATE=TRANSITION|QL=TRANSITION_UNCLASSIFIED|LF=LOOK_FOR_transition_repricing_near_vwap,TRANSITION_PERSISTENCE,transition_persistence,SHORT,989.65,991.75,989.05,990.45,990.15,2.113599629727817,994.3771992594556,985.9228007405444,NY,DOWN,0.5128205128205158
USDCLP.mg,2025-01-30 15:00:00,2025-01-30 15:00:00,ALLOW,STATE=TRANSITION|QL=TRANSITION_UNCLASSIFIED|LF=LOOK_FOR_transition_repricing_near_vwap,TRANSITION_PERSISTENCE,transition_persistence,SHORT,990.25,990.25,988.45,988.45,989.95,1.973506382524431,993.8970127650488,986.0029872349512,NY,DOWN,0.2564102564102579
USDCLP.mg,2025-01-30 16:00:00,2025-01-30 16:00:00,BLOCK,STATE=BALANCE|QL=NONE|LF=NONE,,blocked,NONE,988.4,989.25,986.65,987.85,989.65,1.875456018261848,993.4009120365236,985.8990879634764,NY,DOWN,0.1794871794871776
USDCLP.mg,2025-01-30 17:00:00,2025-01-30 17:00:00,BLOCK,STATE=TRANSITION|QL=TRANSITION_UNCLASSIFIED|LF=LOOK_FOR_transition_dislocated_from_vwap,TRANSITION_RESOLUTION,transition_resolution,SHORT,987.65,987.75,985.45,986.15,989.2766666666666,1.8031613756657143,992.882989417998,985.6703439153353,NY,DOWN,0.0795454545454472
USDCLP.mg,2025-01-30 18:00:00,2025-01-30 18:00:00,BLOCK,STATE=TREND|QL=NONE|LF=NONE,,blocked,NONE,986.05,986.05,983.25,984.15,988.7944444444444,1.7881586350728076,992.37076171459,985.2181271742988,NY_PM,DOWN,0.0818181818181797
USDCLP.mg,2025-01-30 19:00:00,2025-01-30 19:00:00,BLOCK,STATE=TREND|QL=NONE|LF=NONE,,blocked,NONE,984.25,985.05,984.15,984.45,988.4642857142856,1.8597488492698897,992.1837834128254,984.744788015746,NY_PM,DOWN,0.1090909090909132
USDCLP.mg,2025-01-30 20:00:00,2025-01-30 20:00:00,BLOCK,STATE=TREND|QL=NONE|LF=NONE,,blocked,NONE,984.35,984.35,983.85,984.25,988.2083333333334,1.8977073235216355,992.0037479803766,984.41291868629,NY_PM,DOWN,0.1086956521739125
USDCLP.mg,2025-01-30 21:00:00,2025-01-30 21:00:00,BLOCK,STATE=TREND|QL=NONE|LF=NONE,,blocked,NONE,983.85,984.25,983.35,984.05,988.0018518518518,1.9188821650430443,991.839616181938,984.1640875217656,NY_PM,DOWN,0.0930232558139479
USDCLP.mg,2025-01-31 13:00:00,2025-01-31 13:00:00,BLOCK,STATE=TREND|QL=NONE|LF=NONE,,blocked,NONE,987.15,987.15,985.05,985.55,985.9166666666666,1.902196279487576,989.7210592256416,982.1122741076916,NY,DOWN,0.2674418604651102
USDCLP.mg,2025-01-31 14:00:00,2025-01-31 14:00:00,BLOCK,STATE=TREND|QL=NONE|LF=NONE,,blocked,NONE,985.75,987.55,984.45,986.95,986.1166666666666,1.875267059589879,989.8672007858464,982.3661325474868,NY,UP,0.430232558139539
USDCLP.mg,2025-01-31 15:00:00,2025-01-31 15:00:00,BLOCK,STATE=TREND|QL=NONE|LF=NONE,,blocked,NONE,987.05,987.35,984.25,984.45,985.8833333333332,1.8383273061247316,989.5599879455826,982.2066787210838,NY,UP,0.1411764705882406
USDCLP.mg,2025-01-31 16:00:00,2025-01-31 16:00:00,BLOCK,STATE=TREND|QL=NONE|LF=NONE,,blocked,NONE,984.35,985.55,981.35,981.95,985.3166666666666,1.841164689773255,988.9989960462132,981.63433728712,NY,DOWN,0.05769230769231
USDCLP.mg,2025-01-31 17:00:00,2025-01-31 17:00:00,BLOCK,STATE=TREND|QL=NONE|LF=NONE,,blocked,NONE,982.45,983.05,981.25,981.85,984.9633333333334,1.852555650567964,988.6684446344692,981.2582220321974,NY,DOWN,0.0666666666666691
USDCLP.mg,2025-01-31 18:00:00,2025-01-31 18:00:00,BLOCK,STATE=TREND|QL=NONE|LF=NONE,,blocked,NONE,981.65,982.55,980.55,981.25,984.6555555555556,1.852555650567968,988.3606668566916,980.9504442544196,NY_PM,DOWN,0.0804597701149473
USDCLP.mg,2025-01-31 19:00:00,2025-01-31 19:00:00,BLOCK,STATE=TREND|QL=NONE|LF=NONE,,blocked,NONE,980.85,981.25,979.05,979.15,984.2642857142856,1.967522791263126,988.199331296812,980.3292401317594,NY_PM,DOWN,0.0114942528735657
USDCLP.mg,2025-01-31 20:00:00,2025-01-31 20:00:00,BLOCK,STATE=TREND|QL=NONE|LF=NONE,,blocked,NONE,979.25,981.75,979.25,980.35,984.0208333333334,1.9936817389261872,988.0081968111856,980.033469855481,NY_PM,DOWN,0.1529411764705962
USDCLP.mg,2025-02-03 13:00:00,2025-02-03 13:00:00,ALLOW,STATE=TRANSITION|QL=TRANSITION_UNCLASSIFIED|LF=LOOK_FOR_transition_repricing_near_vwap,TRANSITION_PERSISTENCE,transition_persistence,LONG,989.85,989.85,988.15,988.15,988.7166666666668,1.9904234738383388,992.6975136143434,984.73581971899,NY,UP,0.8425925925925893
USDCLP.mg,2025-02-03 14:00:00,2025-02-03 14:00:00,ALLOW,STATE=TRANSITION|QL=TRANSITION_UNCLASSIFIED|LF=LOOK_FOR_transition_repricing_near_vwap,TRANSITION_PERSISTENCE,transition_persistence,LONG,988.25,989.55,986.15,988.95,988.5166666666668,1.994690929899208,992.5060485264652,984.5272848068682,NY,UP,0.9166666666666692
USDCLP.mg,2025-02-03 15:00:00,2025-02-03 15:00:00,BLOCK,STATE=TRANSITION|QL=NONE|LF=NONE,,blocked,NONE,988.85,988.9,986.75,987.05,988.2388888888888,1.986608583763151,992.2121060564152,984.2656717213628,NY,UP,0.740740740740736
USDCLP.mg,2025-02-03 16:00:00,2025-02-03 16:00:00,BLOCK,STATE=TRANSITION|QL=NONE|LF=NONE,,blocked,NONE,986.95,987.85,984.6,987.75,988.0291666666668,1.987259548682272,992.0036857640312,984.054647569302,NY,UP,0.8055555555555547
USDCLP.mg,2025-02-03 17:00:00,2025-02-03 17:00:00,BLOCK,STATE=TRANSITION|QL=NONE|LF=NONE,,blocked,NONE,987.95,989.35,983.45,983.85,987.5666666666668,2.0327765307136176,991.632219728094,983.5011136052397,NY,UP,0.444444444444448
USDCLP.mg,2025-02-03 18:00:00,2025-02-03 18:00:00,ALLOW,STATE=TRANSITION|QL=TRANSITION_UNCLASSIFIED|LF=LOOK_FOR_transition_repricing_near_vwap,TRANSITION_PERSISTENCE,transition_persistence,LONG,983.75,986.05,983.05,985.8,987.3444444444444,2.0361409440884466,991.4167263326216,983.2721625562676,NY_PM,UP,0.624999999999996
USDCLP.mg,2025-02-03 19:00:00,2025-02-03 19:00:00,BLOCK,STATE=BALANCE|QL=NONE|LF=NONE,,blocked,NONE,985.45,985.85,984.65,985.45,987.1690476190478,2.0398674750840557,991.248782569216,983.0893126688796,NY_PM,DOWN,0.5925925925925972
USDCLP.mg,2025-02-03 20:00:00,2025-02-03 20:00:00,BLOCK,STATE=TRANSITION|QL=NONE|LF=NONE,,blocked,NONE,985.4,988.0,985.4,987.75,987.1333333333334,2.0403512405511064,991.2140358144356,983.0526308522312,NY_PM,DOWN,0.8055555555555547
USDCLP.mg,2025-02-03 21:00:00,2025-02-03 21:00:00,BLOCK,STATE=TRANSITION|QL=NONE|LF=NONE,,blocked,NONE,987.65,988.05,986.85,986.85,987.0722222222224,2.0221129554468327,991.116448133116,983.0279963113288,NY_PM,DOWN,0.722222222222224
USDCLP.mg,2025-02-04 13:00:00,2025-02-04 13:00:00,BLOCK,STATE=BALANCE|QL=NONE|LF=NONE,,blocked,NONE,985.25,985.55,984.45,984.75,984.9166666666666,2.02317934851697,988.9630253637006,980.8703079696328,NY,DOWN,0.5277777777777787
USDCLP.mg,2025-02-04 14:00:00,2025-02-04 14:00:00,ALLOW,STATE=TRANSITION|QL=TRANSITION_UNCLASSIFIED|LF=LOOK_FOR_transition_repricing_near_vwap,TRANSITION_PERSISTENCE,transition_persistence,SHORT,984.85,986.35,981.7,982.25,984.175,2.0007943413348053,988.1765886826696,980.1734113173304,NY,DOWN,0.2830188679245277
USDCLP.mg,2025-02-04 15:00:00,2025-02-04 15:00:00,BLOCK,STATE=TRANSITION|QL=TRANSITION_UNCLASSIFIED|LF=LOOK_FOR_transition_dislocated_from_vwap,TRANSITION_RESOLUTION,transition_resolution,SHORT,982.15,982.25,979.05,979.15,983.2888888888888,2.0311109939019105,987.3511108766928,979.2266669010852,NY,DOWN,0.0092592592592613
USDCLP.mg,2025-02-04 16:00:00,2025-02-04 16:00:00,BLOCK,STATE=TREND|QL=NONE|LF=NONE,,blocked,NONE,979.05,979.05,972.75,973.25,981.8291666666668,2.281420457200797,986.3920075810682,977.2663257522652,NY,DOWN,0.0297619047619048
USDCLP.mg,2025-02-04 17:00:00,2025-02-04 17:00:00,BLOCK,STATE=TREND|QL=NONE|LF=NONE,,blocked,NONE,973.55,975.75,971.95,972.95,980.88,2.4471478558138893,985.7742957116276,975.985704288372,NY,DOWN,0.0574712643678161
USDCLP.mg,2025-02-04 18:00:00,2025-02-04 18:00:00,BLOCK,STATE=TREND|QL=NONE|LF=NONE,,blocked,NONE,972.75,972.75,969.95,970.85,980.0194444444444,2.6733006483920883,985.3660457412288,974.6728431476604,NY_PM,DOWN,0.0463917525773184
USDCLP.mg,2025-02-04 19:00:00,2025-02-04 19:00:00,BLOCK,STATE=TREND|QL=NONE|LF=NONE,,blocked,NONE,970.9,970.9,970.85,970.85,979.404761904762,2.846593229743532,985.0979483642492,973.711575445275,NY_PM,DOWN,0.0463917525773184
USDCLP.mg,2025-02-04 20:00:00,2025-02-04 20:00:00,BLOCK,STATE=TREND|QL=NONE|LF=NONE,,blocked,NONE,970.75,970.85,970.45,970.85,978.94375,2.9743152449079675,984.892380489816,972.9951195101842,NY_PM,DOWN,0.0497237569060763
USDCLP.mg,2025-02-04 21:00:00,2025-02-04 21:00:00,BLOCK,STATE=TREND|QL=NONE|LF=NONE,,blocked,NONE,971.05,971.55,971.05,971.35,978.6037037037038,3.017663237478143,984.63903017866,972.5683772287476,NY_PM,DOWN,0.0773480662983416
USDCLP.mg,2025-02-05 13:00:00,2025-02-05 13:00:00,BLOCK,STATE=TREND|QL=NONE|LF=NONE,,blocked,NONE,968.8,968.8,966.45,967.05,967.4333333333334,3.01801478564018,973.4693629046136,961.3973037620532,NY,DOWN,0.0277777777777736
USDCLP.mg,2025-02-05 14:00:00,2025-02-05 14:00:00,BLOCK,STATE=TREND|QL=NONE|LF=NONE,,blocked,NONE,967.35,969.35,967.15,967.65,967.625,2.9995491293329333,973.624098258666,961.625901741334,NY,DOWN,0.0555555555555526
USDCLP.mg,2025-02-05 15:00:00,2025-02-05 15:00:00,BLOCK,STATE=TREND|QL=NONE|LF=NONE,,blocked,NONE,967.55,970.95,967.45,969.65,968.088888888889,2.999682895154655,974.0882546791984,962.0895230985795,NY,DOWN,0.1608040201004992
USDCLP.mg,2025-02-05 16:00:00,2025-02-05 16:00:00,BLOCK,STATE=TRANSITION|QL=NONE|LF=NONE,,blocked,NONE,969.75,970.35,967.55,969.3,968.2916666666669,2.996374370935868,974.2844154085384,962.298917924795,NY,DOWN,0.1432160804020056
USDCLP.mg,2025-02-05 17:00:00,2025-02-05 17:00:00,BLOCK,STATE=TRANSITION|QL=NONE|LF=NONE,,blocked,NONE,969.2,969.35,965.95,968.35,968.3166666666668,2.966689594347368,974.2500458553616,962.383287477972,NY,DOWN,0.14723926380368
USDCLP.mg,2025-02-05 18:00:00,2025-02-05 18:00:00,BLOCK,STATE=TREND|QL=NONE|LF=NONE,,blocked,NONE,968.45,970.85,968.1,969.85,968.4166666666669,2.952292127699624,974.3212509220662,962.5120824112676,NY_PM,DOWN,0.2977099236641224
USDCLP.mg,2025-02-05 19:00:00,2025-02-05 19:00:00,BLOCK,STATE=TRANSITION|QL=NONE|LF=NONE,,blocked,NONE,970.05,970.95,970.05,970.95,968.5404761904764,3.0159794599973826,974.5724351104712,962.5085172704815,NY_PM,UP,0.5102040816326554
USDCLP.mg,2025-02-05 20:00:00,2025-02-05 20:00:00,BLOCK,STATE=TRANSITION|QL=NONE|LF=NONE,,blocked,NONE,970.85,971.85,970.85,971.55,968.6958333333336,3.091233870995456,974.8783010753244,962.5133655913428,NY_PM,UP,0.823529411764698
USDCLP.mg,2025-02-05 21:00:00,2025-02-05 21:00:00,BLOCK,STATE=TRANSITION|QL=NONE|LF=NONE,,blocked,NONE,971.35,971.35,970.65,970.75,968.7870370370372,3.130857024522728,975.0487510860828,962.5253229879918,NY_PM,UP,0.8135593220338937
USDCLP.mg,2025-02-06 13:00:00,2025-02-06 13:00:00,ALLOW,STATE=TRANSITION|QL=TRANSITION_UNCLASSIFIED|LF=LOOK_FOR_transition_repricing_near_vwap,TRANSITION_PERSISTENCE,transition_persistence,LONG,971.25,971.85,970.45,970.55,970.9500000000002,3.101285172135781,977.1525703442716,964.7474296557286,NY,UP,0.7796610169491401
USDCLP.mg,2025-02-06 14:00:00,2025-02-06 14:00:00,ALLOW,STATE=TRANSITION|QL=TRANSITION_UNCLASSIFIED|LF=LOOK_FOR_transition_repricing_near_vwap,TRANSITION_PERSISTENCE,transition_persistence,LONG,970.5,972.75,969.45,969.95,970.8333333333336,3.0614841161220627,976.9563015655776,964.7103651010892,NY,UP,0.588235294117651
USDCLP.mg,2025-02-06 15:00:00,2025-02-06 15:00:00,BLOCK,STATE=TRANSITION|QL=NONE|LF=NONE,,blocked,NONE,970.25,970.35,967.5,967.95,970.3555555555556,3.0411625010425163,976.4378805576408,964.2732305534709,NY,DOWN,0.2941176470588255
USDCLP.mg,2025-02-06 16:00:00,2025-02-06 16:00:00,BLOCK,STATE=TRANSITION|QL=TRANSITION_UNCLASSIFIED|LF=LOOK_FOR_transition_dislocated_from_vwap,TRANSITION_RESOLUTION,transition_resolution,SHORT,967.9,967.95,964.45,964.45,969.5708333333334,3.051505331099062,975.6738439955316,963.4678226711352,NY,DOWN,0.0
USDCLP.mg,2025-02-06 17:00:00,2025-02-06 17:00:00,BLOCK,STATE=TRANSITION|QL=TRANSITION_UNCLASSIFIED|LF=LOOK_FOR_transition_dislocated_from_vwap,TRANSITION_RESOLUTION,transition_resolution,SHORT,964.55,966.65,962.45,963.15,968.88,3.067551603568015,975.015103207136,962.744896792864,NY,DOWN,0.0679611650485373
USDCLP.mg,2025-02-06 18:00:00,2025-02-06 18:00:00,BLOCK,STATE=TREND|QL=NONE|LF=NONE,,blocked,NONE,963.05,963.35,961.15,963.15,968.3472222222224,3.0793514792130505,974.5059251806484,962.188519263796,NY_PM,DOWN,0.1724137931034479
USDCLP.mg,2025-02-06 19:00:00,2025-02-06 19:00:00,BLOCK,STATE=TREND|QL=NONE|LF=NONE,,blocked,NONE,962.95,963.45,962.15,962.55,967.9380952380952,3.091861290714679,974.1218178195248,961.754372656666,NY_PM,DOWN,0.1206896551724115
USDCLP.mg,2025-02-06 20:00:00,2025-02-06 20:00:00,BLOCK,STATE=TREND|QL=NONE|LF=NONE,,blocked,NONE,962.85,962.85,962.35,962.55,967.63125,3.0892236282442744,973.8096972564888,961.4528027435116,NY_PM,DOWN,0.1206896551724115
USDCLP.mg,2025-02-06 21:00:00,2025-02-06 21:00:00,BLOCK,STATE=TREND|QL=NONE|LF=NONE,,blocked,NONE,962.45,962.65,962.25,962.35,967.3851851851852,3.105843968190672,973.5968731215668,961.173497248804,NY_PM,DOWN,0.1034482758620726
USDCLP.mg,2025-02-07 13:00:00,2025-02-07 13:00:00,BLOCK,STATE=TREND|QL=NONE|LF=NONE,,blocked,NONE,958.05,958.75,956.75,956.75,957.4166666666666,3.115841888544649,963.648350443756,951.1849828895772,NY,DOWN,0.0
USDCLP.mg,2025-02-07 14:00:00,2025-02-07 14:00:00,BLOCK,STATE=TREND|QL=NONE|LF=NONE,,blocked,NONE,956.95,961.85,956.95,960.75,958.6,3.1850797579897634,964.9701595159794,952.2298404840204,NY,DOWN,0.25
USDCLP.mg,2025-02-07 15:00:00,2025-02-07 15:00:00,BLOCK,STATE=TREND|QL=NONE|LF=NONE,,blocked,NONE,960.85,961.55,956.75,960.95,959.0166666666664,3.228607890694831,965.4738824480562,952.5594508852768,NY,DOWN,0.2625000000000028
USDCLP.mg,2025-02-07 16:00:00,2025-02-07 16:00:00,BLOCK,STATE=TREND|QL=NONE|LF=NONE,,blocked,NONE,961.05,961.05,956.35,956.95,958.8583333333332,3.219906807018076,965.2981469473692,952.4185197192973,NY,DOWN,0.0365853658536599
USDCLP.mg,2025-02-07 17:00:00,2025-02-07 17:00:00,BLOCK,STATE=TRANSITION|QL=NONE|LF=NONE,,blocked,NONE,957.45,964.15,957.25,962.35,959.2766666666666,3.2980516128074058,965.8727698922814,952.6805634410518,NY,DOWN,0.4285714285714285
USDCLP.mg,2025-02-07 18:00:00,2025-02-07 18:00:00,ALLOW,STATE=TRANSITION|QL=TRANSITION_UNCLASSIFIED|LF=LOOK_FOR_transition_repricing_near_vwap,TRANSITION_PERSISTENCE,transition_persistence_flat,NONE,962.25,965.95,961.95,962.35,959.6555555555556,3.357224498749737,966.3700045530552,952.941106558056,NY_PM,FLAT,0.5172413793103439
USDCLP.mg,2025-02-07 19:00:00,2025-02-07 19:00:00,BLOCK,STATE=TRANSITION|QL=NONE|LF=NONE,,blocked,NONE,962.4,963.85,962.15,963.85,959.9976190476192,3.451178516878431,966.899976081376,953.0952620138622,NY_PM,UP,0.7281553398058285
USDCLP.mg,2025-02-07 20:00:00,2025-02-07 20:00:00,BLOCK,STATE=TRANSITION|QL=NONE|LF=NONE,,blocked,NONE,963.9,964.0,962.95,963.35,960.2333333333332,3.503198392995754,967.2397301193248,953.226936547342,NY_PM,UP,0.729166666666665
USDCLP.mg,2025-02-10 13:00:00,2025-02-10 13:00:00,ALLOW,STATE=TRANSITION|QL=TRANSITION_UNCLASSIFIED|LF=LOOK_FOR_transition_repricing_near_vwap,TRANSITION_PERSISTENCE,transition_persistence,LONG,963.05,964.55,962.95,964.55,964.0166666666668,3.519363788337198,971.0553942433412,956.9779390899924,NY,UP,0.8541666666666575
USDCLP.mg,2025-02-10 14:00:00,2025-02-10 14:00:00,ALLOW,STATE=TRANSITION|QL=TRANSITION_UNCLASSIFIED|LF=LOOK_FOR_transition_repricing_near_vwap,TRANSITION_PERSISTENCE,transition_persistence,LONG,965.05,966.05,961.75,962.95,963.8,3.5151444708509523,970.830288941702,956.7697110582982,NY,UP,0.6804123711340277
USDCLP.mg,2025-02-10 15:00:00,2025-02-10 15:00:00,BLOCK,STATE=TRANSITION|QL=NONE|LF=NONE,,blocked,NONE,963.25,963.3,957.65,958.0,960.9470588235296,3.513949509523297,967.974957842576,953.9191598044828,NY,DOWN,0.170103092783504
USDCLP.mg,2025-02-10 16:00:00,2025-02-10 16:00:00,ALLOW,STATE=TRANSITION|QL=TRANSITION_UNCLASSIFIED|LF=LOOK_FOR_transition_repricing_near_vwap,TRANSITION_PERSISTENCE,transition_persistence,SHORT,958.05,962.4,956.7,960.0,960.919705882353,3.508219129155185,967.9361441406634,953.9032676240428,NY,DOWN,0.3762886597938147
USDCLP.mg,2025-02-10 17:00:00,2025-02-10 17:00:00,BLOCK,STATE=BALANCE|QL=NONE|LF=NONE,,blocked,NONE,959.7,961.0,958.3,960.6,961.0130030959753,3.478847531190961,967.9706981583572,954.0553080335932,NY,DOWN,0.4381443298969103
USDCLP.mg,2025-02-10 18:00:00,2025-02-10 18:00:00,BLOCK,STATE=BALANCE|QL=NONE|LF=NONE,,blocked,NONE,960.5,962.5,960.1,961.15,961.1052521008404,3.47441893848092,968.0540899778024,954.1564142238784,NY_PM,DOWN,0.494845360824741
USDCLP.mg,2025-02-10 19:00:00,2025-02-10 19:00:00,BLOCK,STATE=BALANCE|QL=NONE|LF=NONE,,blocked,NONE,961.05,961.4,960.5,960.7,961.1161367249604,3.4753736721453867,968.0668840692512,954.1653893806696,NY_PM,DOWN,0.4484536082474282
USDCLP.mg,2025-02-10 20:00:00,2025-02-10 20:00:00,BLOCK,STATE=BALANCE|QL=NONE|LF=NONE,,blocked,NONE,960.5,960.9,960.5,960.7,961.1227621483376,3.46740309898986,968.0575683463172,954.187955950358,NY_PM,DOWN,0.4278074866310202
USDCLP.mg,2025-02-10 21:00:00,2025-02-10 21:00:00,BLOCK,STATE=BALANCE|QL=NONE|LF=NONE,,blocked,NONE,960.9,961.7,960.9,961.7,961.1817647058824,3.4797853665682053,968.1413354390188,954.222193972746,NY_PM,UP,0.5347593582887753
USDCLP.mg,2025-02-11 13:00:00,2025-02-11 13:00:00,BLOCK,STATE=BALANCE|QL=NONE|LF=NONE,,blocked,NONE,965.35,965.6,964.8,965.1,965.1666666666664,3.4815020075463616,972.1296706817592,958.2036626515738,NY,UP,0.89839572192514
USDCLP.mg,2025-02-11 14:00:00,2025-02-11 14:00:00,BLOCK,STATE=BALANCE|QL=NONE|LF=NONE,,blocked,NONE,965.0,965.0,961.2,961.6,963.260766961652,3.467485486840724,970.1957379353332,956.3257959879704,NY,UP,0.5240641711229973
USDCLP.mg,2025-02-11 15:00:00,2025-02-11 15:00:00,BLOCK,STATE=BALANCE|QL=NONE|LF=NONE,,blocked,NONE,961.8,963.1,961.4,962.2,963.1444444444444,3.4683929158110587,970.0812302760668,956.2076586128225,NY,UP,0.5882352941176527
USDCLP.mg,2025-02-11 16:00:00,2025-02-11 16:00:00,BLOCK,STATE=TRANSITION|QL=NONE|LF=NONE,,blocked,NONE,962.1,962.15,957.6,960.5,962.2407407407406,3.4684228142223885,969.1775863691854,955.303895112296,NY,DOWN,0.4064171122994643
USDCLP.mg,2025-02-11 17:00:00,2025-02-11 17:00:00,BLOCK,STATE=BALANCE|QL=NONE|LF=NONE,,blocked,NONE,960.6,961.4,959.0,960.8,961.9494152046784,3.455438488784157,968.8602921822468,955.03853822711,NY,FLAT,0.4606741573033617
USDCLP.mg,2025-02-11 18:00:00,2025-02-11 18:00:00,BLOCK,STATE=TRANSITION|QL=NONE|LF=NONE,,blocked,NONE,960.9,964.2,960.5,961.4,961.837783483098,3.453906132259001,968.745595747616,954.92997121858,NY_PM,DOWN,0.5280898876404432
USDCLP.mg,2025-02-11 19:00:00,2025-02-11 19:00:00,BLOCK,STATE=BALANCE|QL=NONE|LF=NONE,,blocked,NONE,961.2,961.4,960.85,961.4,961.7733805668016,3.452357578456152,968.678095723714,954.8686654098892,NY_PM,DOWN,0.4749999999999943
USDCLP.mg,2025-02-11 20:00:00,2025-02-11 20:00:00,BLOCK,STATE=BALANCE|QL=NONE|LF=NONE,,blocked,NONE,961.3,961.9,960.7,960.7,961.6907268170428,3.452757611931043,968.5962420409048,954.7852115931806,NY_PM,DOWN,0.3875000000000028
USDCLP.mg,2025-02-11 21:00:00,2025-02-11 21:00:00,BLOCK,STATE=BALANCE|QL=NONE|LF=NONE,,blocked,NONE,960.5,960.5,959.9,959.9,961.5930061640588,3.43217551762519,968.4573571993092,954.7286551288084,NY_PM,DOWN,0.2874999999999943
USDCLP.mg,2025-02-12 13:00:00,2025-02-12 13:00:00,BLOCK,STATE=BALANCE|QL=NONE|LF=NONE,,blocked,NONE,960.0,960.0,959.5,959.6,959.7,3.2799481296754216,966.2598962593509,953.1401037406492,NY,DOWN,0.25
USDCLP.mg,2025-02-12 14:00:00,2025-02-12 14:00:00,BLOCK,STATE=BALANCE|QL=NONE|LF=NONE,,blocked,NONE,959.5,961.0,958.55,959.0,959.52786259542,3.138714013898172,965.8052906232164,953.2504345676238,NY,DOWN,0.1749999999999971
USDCLP.mg,2025-02-12 15:00:00,2025-02-12 15:00:00,ALLOW,STATE=TRANSITION|QL=TRANSITION_UNCLASSIFIED|LF=LOOK_FOR_transition_repricing_near_vwap,TRANSITION_PERSISTENCE,transition_persistence,SHORT,959.1,962.6,957.5,958.2,959.464683544304,2.9180874897306217,965.3008585237652,953.6285085648428,NY,DOWN,0.0864197530864251
USDCLP.mg,2025-02-12 16:00:00,2025-02-12 16:00:00,BLOCK,STATE=TREND|QL=NONE|LF=NONE,,blocked,NONE,958.1,958.6,952.6,953.9,958.0048415885766,2.7456210370350016,963.4960836626466,952.5135995145066,NY,DOWN,0.1048387096774158
USDCLP.mg,2025-02-12 17:00:00,2025-02-12 17:00:00,BLOCK,STATE=TRANSITION|QL=NONE|LF=NONE,,blocked,NONE,954.0,955.55,953.6,954.3,957.5228541097968,2.5659692844798143,962.6547926787564,952.3909155408372,NY,DOWN,0.1465517241379248
USDCLP.mg,2025-02-12 18:00:00,2025-02-12 18:00:00,BLOCK,STATE=TREND|QL=NONE|LF=NONE,,blocked,NONE,954.8,955.6,951.4,951.6,956.9593498736504,2.481477690890911,961.9223052554322,951.9963944918684,NY_PM,DOWN,0.0156250000000034
USDCLP.mg,2025-02-12 19:00:00,2025-02-12 19:00:00,BLOCK,STATE=TREND|QL=NONE|LF=NONE,,blocked,NONE,951.7,951.7,950.9,951.15,956.5540488075428,2.565586043149306,961.6852208938416,951.4228767212444,NY_PM,DOWN,0.0187969924812029
USDCLP.mg,2025-02-12 20:00:00,2025-02-12 20:00:00,BLOCK,STATE=TRANSITION|QL=NONE|LF=NONE,,blocked,NONE,951.2,951.6,951.1,951.6,956.305653518948,2.6184977810305488,961.5426490810092,951.068657956887,NY_PM,DOWN,0.0526315789473715
USDCLP.mg,2025-02-12 21:00:00,2025-02-12 21:00:00,BLOCK,STATE=TRANSITION|QL=NONE|LF=NONE,,blocked,NONE,951.7,951.75,950.9,950.9,956.0942494349156,2.659350159259977,961.4129497534354,950.7755491163956,NY_PM,DOWN,0.0
USDCLP.mg,2025-02-13 13:00:00,2025-02-13 13:00:00,BLOCK,STATE=TRANSITION|QL=NONE|LF=NONE,,blocked,NONE,951.5,953.4,951.2,951.8,952.1333333333332,2.644346910860413,957.422027155054,946.8446395116124,NY,DOWN,0.0769230769230746
USDCLP.mg,2025-02-13 14:00:00,2025-02-13 14:00:00,BLOCK,STATE=TRANSITION|QL=NONE|LF=NONE,,blocked,NONE,951.9,952.6,948.1,949.3,950.7674796747968,2.639397389355877,956.0462744535084,945.4886848960851,NY,DOWN,0.0827586206896504
USDCLP.mg,2025-02-13 15:00:00,2025-02-13 15:00:00,BLOCK,STATE=TRANSITION|QL=NONE|LF=NONE,,blocked,NONE,949.4,953.2,949.4,949.7,950.570566037736,2.613197886077957,955.796961809892,945.34417026558,NY,DOWN,0.1103448275862084
USDCLP.mg,2025-02-13 16:00:00,2025-02-13 16:00:00,BLOCK,STATE=TREND|QL=NONE|LF=NONE,,blocked,NONE,949.6,951.8,949.15,950.7,950.6399711399712,2.5676007467869164,955.7751726335448,945.5047696463972,NY,DOWN,0.1793103448275878
USDCLP.mg,2025-02-13 17:00:00,2025-02-13 17:00:00,BLOCK,STATE=TREND|QL=NONE|LF=NONE,,blocked,NONE,950.6,951.21,945.5,946.0,949.7076388888888,2.5207046135931006,954.7490481160752,944.6662296617028,NY,DOWN,0.0292397660818713
USDCLP.mg,2025-02-13 18:00:00,2025-02-13 18:00:00,BLOCK,STATE=TREND|QL=NONE|LF=NONE,,blocked,NONE,945.8,946.6,943.45,943.7,948.8934512725016,2.5299797511746696,953.9534107748508,943.8334917701522,NY_PM,DOWN,0.0165016501650165
USDCLP.mg,2025-02-13 19:00:00,2025-02-13 19:00:00,BLOCK,STATE=TREND|QL=NONE|LF=NONE,,blocked,NONE,943.9,944.8,943.7,944.8,948.5216425120772,2.543372804826633,953.6083881217304,943.434896902424,NY_PM,DOWN,0.1111111111111038
USDCLP.mg,2025-02-13 20:00:00,2025-02-13 20:00:00,BLOCK,STATE=TREND|QL=NONE|LF=NONE,,blocked,NONE,944.7,944.9,944.7,944.9,948.2908461842626,2.553796962557385,953.3984401093774,943.1832522591478,NY_PM,DOWN,0.1193415637860028
USDCLP.mg,2025-02-13 21:00:00,2025-02-13 21:00:00,BLOCK,STATE=TREND|QL=NONE|LF=NONE,,blocked,NONE,944.8,944.8,943.9,943.9,948.0797523427042,2.576830362315307,953.2334130673348,942.9260916180737,NY_PM,DOWN,0.0452261306532597
USDCLP.mg,2025-02-14 13:00:00,2025-02-14 13:00:00,BLOCK,STATE=TREND|QL=NONE|LF=NONE,,blocked,NONE,944.2,944.6,943.3,944.6,944.1666666666666,2.5449264139833128,949.2565194946332,939.0768138387,NY,DOWN,0.1287128712871351
USDCLP.mg,2025-02-14 14:00:00,2025-02-14 14:00:00,BLOCK,STATE=TREND|QL=NONE|LF=NONE,,blocked,NONE,944.4,944.5,939.5,940.0,941.9508393285372,2.473905174952019,946.8986496784412,937.0030289786332,NY,DOWN,0.0359712230215827
USDCLP.mg,2025-02-14 15:00:00,2025-02-14 15:00:00,BLOCK,STATE=TREND|QL=NONE|LF=NONE,,blocked,NONE,940.1,941.5,935.3,937.35,940.5874213836478,2.4291196171079306,945.4456606178636,935.729182149432,NY,DOWN,0.1132596685082909
USDCLP.mg,2025-02-14 16:00:00,2025-02-14 16:00:00,BLOCK,STATE=TRANSITION|QL=NONE|LF=NONE,,blocked,NONE,937.3,941.0,935.6,938.6,940.0386292834892,2.3618173370843927,944.762263957658,935.3149946093204,NY,DOWN,0.1843575418994442
USDCLP.mg,2025-02-14 17:00:00,2025-02-14 17:00:00,BLOCK,STATE=TRANSITION|QL=NONE|LF=NONE,,blocked,NONE,938.7,939.35,935.7,938.0,939.7908902691512,2.301472983192804,944.3938362355368,935.1879443027656,NY,DOWN,0.1508379888268174
USDCLP.mg,2025-02-14 18:00:00,2025-02-14 18:00:00,ALLOW,STATE=TRANSITION|QL=TRANSITION_UNCLASSIFIED|LF=LOOK_FOR_transition_repricing_near_vwap,TRANSITION_PERSISTENCE,transition_persistence,SHORT,938.1,940.6,938.1,939.9,939.8266666666666,2.245333986990346,944.3173346406472,935.335998692686,NY_PM,DOWN,0.2787878787878801
USDCLP.mg,2025-02-14 19:00:00,2025-02-14 19:00:00,ALLOW,STATE=TRANSITION|QL=TRANSITION_UNCLASSIFIED|LF=LOOK_FOR_transition_repricing_near_vwap,TRANSITION_PERSISTENCE,transition_persistence,SHORT,939.85,941.9,939.7,941.6,939.961833952912,2.2800167432867604,944.5218674394854,935.4018004663384,NY_PM,DOWN,0.395977372721561
USDCLP.mg,2025-02-14 20:00:00,2025-02-14 20:00:00,ALLOW,STATE=TRANSITION|QL=TRANSITION_UNCLASSIFIED|LF=LOOK_FOR_transition_repricing_near_vwap,TRANSITION_PERSISTENCE,transition_persistence,LONG,941.9,941.9,940.9,940.9,940.0127966976264,2.2493966035087185,944.5115899046438,935.5140034906088,NY_PM,UP,0.495575221238937
USDCLP.mg,2025-02-17 13:00:00,2025-02-17 13:00:00,BLOCK,STATE=BALANCE|QL=NONE|LF=NONE,,blocked,NONE,944.95,944.95,942.75,944.3,944.0,2.2147828742334617,948.4295657484668,939.5704342515332,NY,UP,0.9326424870466232
USDCLP.mg,2025-02-17 14:00:00,2025-02-17 14:00:00,BLOCK,STATE=BALANCE|QL=NONE|LF=NONE,,blocked,NONE,944.3,945.5,941.8,945.5,944.202985074627,2.2406172358849177,948.6842195463968,939.7217506028572,NY,UP,1.0
USDCLP.mg,2025-02-17 15:00:00,2025-02-17 15:00:00,BLOCK,STATE=BALANCE|QL=NONE|LF=NONE,,blocked,NONE,945.6,946.6,943.5,945.1,944.3341666666668,2.174573190774193,948.6833130482152,939.9850202851184,NY,UP,0.8672566371681424
USDCLP.mg,2025-02-17 16:00:00,2025-02-17 16:00:00,BLOCK,STATE=BALANCE|QL=NONE|LF=NONE,,blocked,NONE,945.2,948.5,944.6,947.95,945.1292424242424,2.1792575862246766,949.4877575966918,940.7707272517932,NY,UP,0.9583333333333368
USDCLP.mg,2025-02-17 17:00:00,2025-02-17 17:00:00,BLOCK,STATE=TRANSITION|QL=TRANSITION_UNCLASSIFIED|LF=LOOK_FOR_transition_dislocated_from_vwap,TRANSITION_RESOLUTION,transition_resolution,LONG,947.9,950.2,947.9,949.9,945.8076041666668,2.190840541312503,950.1892852492916,941.4259230840416,NY,UP,0.979865771812076
USDCLP.mg,2025-02-17 18:00:00,2025-02-17 18:00:00,ALLOW,STATE=TRANSITION|QL=TRANSITION_UNCLASSIFIED|LF=LOOK_FOR_transition_repricing_near_vwap,TRANSITION_PERSISTENCE,transition_persistence,LONG,949.95,950.0,946.1,946.85,945.9208730158732,2.1238551311969287,950.168583278267,941.6731627534792,NY_PM,UP,0.7751677852348992
USDCLP.mg,2025-02-17 19:00:00,2025-02-17 19:00:00,BLOCK,STATE=TRANSITION|QL=NONE|LF=NONE,,blocked,NONE,946.9,948.25,946.9,947.9,946.0578846153846,2.153957760329244,950.3658001360432,941.749969094726,NY_PM,UP,0.8424657534246531
USDCLP.mg,2025-02-17 20:00:00,2025-02-17 20:00:00,ALLOW,STATE=TRANSITION|QL=TRANSITION_UNCLASSIFIED|LF=LOOK_FOR_transition_repricing_near_vwap,TRANSITION_PERSISTENCE,transition_persistence,LONG,947.7,947.75,947.6,947.6,946.1345698924732,2.1864951090041336,950.5075601104812,941.7615796744648,NY_PM,UP,0.8206896551724122
USDCLP.mg,2025-02-17 21:00:00,2025-02-17 21:00:00,ALLOW,STATE=TRANSITION|QL=TRANSITION_UNCLASSIFIED|LF=LOOK_FOR_transition_repricing_near_vwap,TRANSITION_PERSISTENCE,transition_persistence,LONG,947.4,947.4,946.85,947.0,946.162175925926,2.189002318303781,950.5401805625336,941.7841712893184,NY_PM,UP,0.7355371900826414
USDCLP.mg,2025-02-18 13:00:00,2025-02-18 13:00:00,ALLOW,STATE=TRANSITION|QL=TRANSITION_UNCLASSIFIED|LF=LOOK_FOR_transition_repricing_near_vwap,TRANSITION_PERSISTENCE,transition_persistence,SHORT,947.75,947.75,945.85,945.9,946.5,2.1899700065503427,950.8799400131008,942.1200599868992,NY,DOWN,0.5904761904761839
USDCLP.mg,2025-02-18 14:00:00,2025-02-18 14:00:00,ALLOW,STATE=TRANSITION|QL=TRANSITION_UNCLASSIFIED|LF=LOOK_FOR_transition_repricing_near_vwap,TRANSITION_PERSISTENCE,transition_persistence,LONG,945.95,952.3,945.9,950.4,949.1043888888888,2.213813113507492,953.5320151159038,944.6767626618738,NY,UP,0.833333333333335
USDCLP.mg,2025-02-18 15:00:00,2025-02-18 15:00:00,BLOCK,STATE=TRANSITION|QL=NONE|LF=NONE,,blocked,NONE,950.6,953.6,948.8,949.7,949.3898279952548,2.216801168543752,953.8234303323424,944.9562256581676,NY,UP,0.6694915254237327
USDCLP.mg,2025-02-18 16:00:00,2025-02-18 16:00:00,BLOCK,STATE=TRANSITION|QL=NONE|LF=NONE,,blocked,NONE,949.8,949.9,946.5,948.05,949.3188713592232,2.2151682443304157,953.749207847884,944.8885348705624,NY,FLAT,0.5296610169491495
USDCLP.mg,2025-02-18 17:00:00,2025-02-18 17:00:00,BLOCK,STATE=TRANSITION|QL=NONE|LF=NONE,,blocked,NONE,948.0,953.15,947.55,952.3,949.6239257213014,2.2758502645597263,954.1756262504208,945.072225192182,NY,UP,0.8712871287128648
USDCLP.mg,2025-02-18 18:00:00,2025-02-18 18:00:00,ALLOW,STATE=TRANSITION|QL=TRANSITION_UNCLASSIFIED|LF=LOOK_FOR_transition_repricing_near_vwap,TRANSITION_PERSISTENCE,transition_persistence,LONG,952.35,954.0,946.7,948.6,949.596599901088,2.2653262332430955,954.1272523675742,945.0659474346018,NY_PM,UP,0.425531914893618
USDCLP.mg,2025-02-18 19:00:00,2025-02-18 19:00:00,ALLOW,STATE=TRANSITION|QL=TRANSITION_UNCLASSIFIED|LF=LOOK_FOR_transition_repricing_near_vwap,TRANSITION_PERSISTENCE,transition_persistence,LONG,948.65,950.0,948.0,950.0,949.6541097308487,2.269643768758556,954.193397268366,945.1148221933316,NY_PM,UP,0.5092024539877287
USDCLP.mg,2025-02-18 20:00:00,2025-02-18 20:00:00,BLOCK,STATE=BALANCE|QL=NONE|LF=NONE,,blocked,NONE,949.95,949.95,949.4,949.7,949.6815259971509,2.272376475514241,954.2262789481794,945.1367730461224,NY_PM,DOWN,0.4723926380368139
USDCLP.mg,2025-02-18 21:00:00,2025-02-18 21:00:00,BLOCK,STATE=BALANCE|QL=NONE|LF=NONE,,blocked,NONE,949.75,950.2,949.75,950.1,949.7185801312088,2.2805858805754604,954.27975189236,945.157408370058,NY_PM,UP,0.5214723926380382
USDCLP.mg,2025-02-19 13:00:00,2025-02-19 13:00:00,BLOCK,STATE=BALANCE|QL=NONE|LF=NONE,,blocked,NONE,952.6,953.3,951.0,951.0,951.7666666666668,2.277929963535119,956.322526593737,947.2108067395964,NY,UP,0.6319018404907966
USDCLP.mg,2025-02-19 14:00:00,2025-02-19 14:00:00,ALLOW,STATE=TRANSITION|QL=TRANSITION_UNCLASSIFIED|LF=LOOK_FOR_transition_repricing_near_vwap,TRANSITION_PERSISTENCE,transition_persistence,SHORT,950.95,954.3,950.95,951.65,952.225986394558,2.2782947434154037,956.7825758813888,947.6693969077272,NY,DOWN,0.6863905325443789
USDCLP.mg,2025-02-19 15:00:00,2025-02-19 15:00:00,BLOCK,STATE=BALANCE|QL=NONE|LF=NONE,,blocked,NONE,951.75,952.35,950.1,950.1,951.8900584795324,2.280382360337608,956.4508232002077,947.329293758857,NY,UP,0.5029585798816608
USDCLP.mg,2025-02-19 16:00:00,2025-02-19 16:00:00,ALLOW,STATE=TRANSITION|QL=TRANSITION_UNCLASSIFIED|LF=LOOK_FOR_transition_repricing_near_vwap,TRANSITION_PERSISTENCE,transition_persistence,LONG,950.15,951.9,949.5,951.7,951.8721139430286,2.281607337429163,956.4353286178869,947.3088992681704,NY,UP,0.6904761904762005
USDCLP.mg,2025-02-19 17:00:00,2025-02-19 17:00:00,BLOCK,STATE=BALANCE|QL=NONE|LF=NONE,,blocked,NONE,951.9,953.0,950.0,952.3,951.9108580106302,2.2894486630818967,956.489755336794,947.3319606844664,NY,UP,0.7435897435897421
USDCLP.mg,2025-02-19 18:00:00,2025-02-19 18:00:00,BLOCK,STATE=BALANCE|QL=NONE|LF=NONE,,blocked,NONE,952.35,952.35,951.0,951.2,951.8635445362718,2.287014000351441,956.4375725369748,947.2895165355689,NY_PM,UP,0.6025641025641119
USDCLP.mg,2025-02-19 19:00:00,2025-02-19 19:00:00,ALLOW,STATE=TRANSITION|QL=TRANSITION_UNCLASSIFIED|LF=LOOK_FOR_transition_repricing_near_vwap,TRANSITION_PERSISTENCE,transition_persistence,SHORT,951.15,951.15,950.4,950.4,951.7883076923076,2.2850410917357777,956.3583898757792,947.2182255088362,NY_PM,DOWN,0.4868421052631547
USDCLP.mg,2025-02-19 20:00:00,2025-02-19 20:00:00,ALLOW,STATE=TRANSITION|QL=TRANSITION_UNCLASSIFIED|LF=LOOK_FOR_transition_repricing_near_vwap,TRANSITION_PERSISTENCE,transition_persistence,SHORT,950.3,950.3,949.65,949.65,951.6991727332892,2.2897201622942176,956.2786130578776,947.1197324087008,NY_PM,DOWN,0.3881578947368377
USDCLP.mg,2025-02-19 21:00:00,2025-02-19 21:00:00,ALLOW,STATE=TRANSITION|QL=TRANSITION_UNCLASSIFIED|LF=LOOK_FOR_transition_repricing_near_vwap,TRANSITION_PERSISTENCE,transition_persistence,LONG,949.7,950.45,949.6,950.35,951.6604723190088,2.2898540672709653,956.2401804535508,947.080764184467,NY_PM,UP,0.3730158730158793
USDCLP.mg,2025-02-20 13:00:00,2025-02-20 13:00:00,ALLOW,STATE=TRANSITION|QL=TRANSITION_UNCLASSIFIED|LF=LOOK_FOR_transition_repricing_near_vwap,TRANSITION_PERSISTENCE,transition_persistence,SHORT,946.85,947.4,945.45,945.95,946.2666666666668,2.2459231940133364,950.7585130546936,941.77482027864,NY,DOWN,0.0564971751412435
USDCLP.mg,2025-02-20 14:00:00,2025-02-20 14:00:00,ALLOW,STATE=TRANSITION|QL=TRANSITION_UNCLASSIFIED|LF=LOOK_FOR_transition_repricing_near_vwap,TRANSITION_PERSISTENCE,transition_persistence,SHORT,946.05,947.0,944.5,945.0,945.7357843137254,2.2204668093298325,950.176717932385,941.2948506950656,NY,DOWN,0.0510204081632655
USDCLP.mg,2025-02-20 15:00:00,2025-02-20 15:00:00,BLOCK,STATE=TRANSITION|QL=NONE|LF=NONE,,blocked,NONE,945.1,946.4,944.65,946.1,945.85890052356,2.1268331901307733,950.1125669038216,941.6052341432986,NY,DOWN,0.163265306122452
USDCLP.mg,2025-02-20 16:00:00,2025-02-20 16:00:00,BLOCK,STATE=TRANSITION|QL=NONE|LF=NONE,,blocked,NONE,946.05,946.3,943.35,944.0,945.5594047619046,2.020985333845974,949.6013754295966,941.5174340942126,NY,DOWN,0.0593607305936056
USDCLP.mg,2025-02-20 17:00:00,2025-02-20 17:00:00,BLOCK,STATE=TREND|QL=NONE|LF=NONE,,blocked,NONE,944.05,945.2,941.5,942.0,945.0638373121132,1.9662683034972124,948.9963739191076,941.1313007051187,NY,DOWN,0.0434782608695652
USDCLP.mg,2025-02-20 18:00:00,2025-02-20 18:00:00,BLOCK,STATE=TRANSITION|QL=NONE|LF=NONE,,blocked,NONE,941.9,943.55,941.5,942.8,944.8256680731364,1.863994350033336,948.5536567732032,941.0976793730696,NY_PM,DOWN,0.1130434782608656
USDCLP.mg,2025-02-20 19:00:00,2025-02-20 19:00:00,BLOCK,STATE=TRANSITION|QL=NONE|LF=NONE,,blocked,NONE,942.9,943.1,942.6,942.6,944.6570928196146,1.8758216093819515,948.4087360383784,940.9054496008508,NY_PM,DOWN,0.0956521739130454
USDCLP.mg,2025-02-20 20:00:00,2025-02-20 20:00:00,BLOCK,STATE=TRANSITION|QL=NONE|LF=NONE,,blocked,NONE,942.65,942.7,942.6,942.65,944.5398952095808,1.8808273940303388,948.3015499976414,940.77824042152,NY_PM,DOWN,0.1059907834101359
USDCLP.mg,2025-02-20 21:00:00,2025-02-20 21:00:00,BLOCK,STATE=TRANSITION|QL=NONE|LF=NONE,,blocked,NONE,942.7,942.8,942.5,942.7,944.4545315904138,1.8876392944421088,948.229810179298,940.6792530015296,NY_PM,DOWN,0.1243523316062226
USDCLP.mg,2025-02-21 13:00:00,2025-02-21 13:00:00,BLOCK,STATE=TRANSITION|QL=NONE|LF=NONE,,blocked,NONE,945.15,945.5,943.5,943.5,944.1666666666666,1.8851718340569616,947.9370103347806,940.3963229985528,NY,DOWN,0.2234636871508368
USDCLP.mg,2025-02-21 14:00:00,2025-02-21 14:00:00,BLOCK,STATE=TRANSITION|QL=NONE|LF=NONE,,blocked,NONE,943.4,944.7,941.8,942.3,943.3577192982456,1.833258208084929,947.0242357144152,939.6912028820756,NY,UP,0.0893854748603296
USDCLP.mg,2025-02-21 15:00:00,2025-02-21 15:00:00,BLOCK,STATE=TRANSITION|QL=NONE|LF=NONE,,blocked,NONE,942.6,943.9,942.2,942.55,943.3238299904488,1.708133485430655,946.74009696131,939.9075630195874,NY,DOWN,0.1779661016949082
USDCLP.mg,2025-02-21 16:00:00,2025-02-21 16:00:00,BLOCK,STATE=TRANSITION|QL=NONE|LF=NONE,,blocked,NONE,942.5,942.9,939.45,940.9,942.8046642899584,1.656371479045261,946.1174072480488,939.4919213318676,NY,DOWN,0.1920529801324424
USDCLP.mg,2025-02-21 17:00:00,2025-02-21 17:00:00,BLOCK,STATE=BALANCE|QL=NONE|LF=NONE,,blocked,NONE,940.6,943.2,939.7,942.6,942.7256791720567,1.6013811393921191,945.9284414508412,939.5229168932726,NY,FLAT,0.4532374100719436
USDCLP.mg,2025-02-21 18:00:00,2025-02-21 18:00:00,ALLOW,STATE=TRANSITION|QL=TRANSITION_UNCLASSIFIED|LF=LOOK_FOR_transition_repricing_near_vwap,TRANSITION_PERSISTENCE,transition_persistence,SHORT,942.65,944.4,941.05,941.2,942.5802538071064,1.512331487242538,945.6049167815916,939.5555908326214,NY_PM,DOWN,0.2554744525547479
USDCLP.mg,2025-02-21 19:00:00,2025-02-21 19:00:00,BLOCK,STATE=TRANSITION|QL=NONE|LF=NONE,,blocked,NONE,941.15,941.4,941.1,941.4,942.498148148148,1.512159439976052,945.5224670281002,939.473829268196,NY_PM,DOWN,0.322314049586768
USDCLP.mg,2025-02-21 20:00:00,2025-02-21 20:00:00,BLOCK,STATE=BALANCE|QL=NONE|LF=NONE,,blocked,NONE,941.45,942.7,941.45,942.65,942.5034421575584,1.4960215847141738,945.4954853269868,939.51139898813,NY_PM,UP,0.5289256198347034
USDCLP.mg,2025-02-24 13:00:00,2025-02-24 13:00:00,BLOCK,STATE=BALANCE|QL=NONE|LF=NONE,,blocked,NONE,945.7,945.7,944.0,944.0,944.5666666666664,1.4359897745674082,947.4386462158012,941.6946871175315,NY,UP,0.7279999999999928
USDCLP.mg,2025-02-24 14:00:00,2025-02-24 14:00:00,BLOCK,STATE=TRANSITION|QL=NONE|LF=NONE,,blocked,NONE,943.9,946.8,942.5,945.7,944.9729166666668,1.4323919363925526,947.8377005394518,942.1081327938816,NY,UP,0.8503401360544323
USDCLP.mg,2025-02-24 15:00:00,2025-02-24 15:00:00,ALLOW,STATE=TRANSITION|QL=TRANSITION_UNCLASSIFIED|LF=LOOK_FOR_transition_repricing_near_vwap,TRANSITION_PERSISTENCE,transition_persistence,LONG,945.6,947.4,944.9,946.6,945.2279569892472,1.4313242548753184,948.090605498998,942.3653084794964,NY,UP,0.8993710691823948
USDCLP.mg,2025-02-24 16:00:00,2025-02-24 16:00:00,BLOCK,STATE=TREND|QL=NONE|LF=NONE,,blocked,NONE,946.5,949.4,946.5,949.2,945.8166666666666,1.5160934255250385,948.8488535177166,942.7844798156166,NY,UP,0.979899497487444
USDCLP.mg,2025-02-24 17:00:00,2025-02-24 17:00:00,ALLOW,STATE=TRANSITION|QL=TRANSITION_UNCLASSIFIED|LF=LOOK_FOR_transition_repricing_near_vwap,TRANSITION_PERSISTENCE,transition_persistence,LONG,949.3,949.8,947.25,947.5,946.014620938628,1.512693619463578,949.0400081775553,942.989233699701,NY,UP,0.7777777777777802
USDCLP.mg,2025-02-24 18:00:00,2025-02-24 18:00:00,ALLOW,STATE=TRANSITION|QL=TRANSITION_UNCLASSIFIED|LF=LOOK_FOR_transition_repricing_near_vwap,TRANSITION_PERSISTENCE,transition_persistence,LONG,947.6,948.0,943.45,943.7,945.877185398655,1.5341789089187767,948.9455432164924,942.8088275808176,NY_PM,UP,0.4106280193236751
USDCLP.mg,2025-02-24 19:00:00,2025-02-24 19:00:00,ALLOW,STATE=TRANSITION|QL=TRANSITION_UNCLASSIFIED|LF=LOOK_FOR_transition_repricing_near_vwap,TRANSITION_PERSISTENCE,transition_persistence,SHORT,943.5,943.8,942.9,943.8,945.7914868105516,1.554485056575367,948.9004569237022,942.6825166974008,NY_PM,DOWN,0.4202898550724587
USDCLP.mg,2025-02-24 20:00:00,2025-02-24 20:00:00,BLOCK,STATE=TRANSITION|QL=NONE|LF=NONE,,blocked,NONE,943.9,943.9,943.2,943.2,945.7016769336072,1.5726448838054417,948.846966701218,942.5563871659964,NY_PM,DOWN,0.3465346534653497
USDCLP.mg,2025-02-24 21:00:00,2025-02-24 21:00:00,BLOCK,STATE=TRANSITION|QL=NONE|LF=NONE,,blocked,NONE,943.25,943.4,942.8,942.9,945.6218731298624,1.6026415001257657,948.8271561301136,942.4165901296108,NY_PM,DOWN,0.211428571428574
USDCLP.mg,2025-02-25 13:00:00,2025-02-25 13:00:00,ALLOW,STATE=TRANSITION|QL=TRANSITION_UNCLASSIFIED|LF=LOOK_FOR_transition_repricing_near_vwap,TRANSITION_PERSISTENCE,transition_persistence,SHORT,943.3,944.6,943.0,944.5,944.0333333333332,1.5411767947905612,947.1156869229144,940.9509797437522,NY,DOWN,0.3908045977011499
USDCLP.mg,2025-02-25 14:00:00,2025-02-25 14:00:00,ALLOW,STATE=TRANSITION|QL=TRANSITION_UNCLASSIFIED|LF=LOOK_FOR_transition_repricing_near_vwap,TRANSITION_PERSISTENCE,transition_persistence,SHORT,944.3,944.3,941.3,942.2,942.9328042328044,1.3992522500651006,945.7313087329346,940.1342997326742,NY,DOWN,0.1058823529411871
USDCLP.mg,2025-02-25 15:00:00,2025-02-25 15:00:00,BLOCK,STATE=TRANSITION|QL=TRANSITION_UNCLASSIFIED|LF=LOOK_FOR_transition_dislocated_from_vwap,TRANSITION_RESOLUTION,transition_resolution,SHORT,941.9,941.9,938.3,938.9,941.6926889714996,1.4211824859913882,944.5350539434822,938.8503239995168,NY,DOWN,0.0521739130434802
USDCLP.mg,2025-02-25 16:00:00,2025-02-25 16:00:00,ALLOW,STATE=TRANSITION|QL=TRANSITION_UNCLASSIFIED|LF=LOOK_FOR_transition_repricing_near_vwap,TRANSITION_PERSISTENCE,transition_persistence,SHORT,939.0,941.75,936.6,941.6,941.348509485095,1.3835782172694395,944.1156659196338,938.581353050556,NY,DOWN,0.3787878787878807
USDCLP.mg,2025-02-25 17:00:00,2025-02-25 17:00:00,ALLOW,STATE=TRANSITION|QL=TRANSITION_UNCLASSIFIED|LF=LOOK_FOR_transition_repricing_near_vwap,TRANSITION_PERSISTENCE,transition_persistence,SHORT,941.5,943.1,940.1,941.6,941.208996851102,1.3590722824010903,943.9271414159044,938.4908522863,NY,DOWN,0.3787878787878807
USDCLP.mg,2025-02-25 18:00:00,2025-02-25 18:00:00,ALLOW,STATE=TRANSITION|QL=TRANSITION_UNCLASSIFIED|LF=LOOK_FOR_transition_repricing_near_vwap,TRANSITION_PERSISTENCE,transition_persistence_flat,NONE,941.5,945.0,941.3,942.9,941.2821885521886,1.3803991456684994,944.0429868435256,938.5213902608516,NY_PM,FLAT,0.4772727272727263
USDCLP.mg,2025-02-25 19:00:00,2025-02-25 19:00:00,BLOCK,STATE=TREND|QL=NONE|LF=NONE,,blocked,NONE,941.9,942.5,941.4,941.4,941.2254775356472,1.384732758658006,943.9949430529632,938.4560120183312,NY_PM,DOWN,0.3636363636363621
USDCLP.mg,2025-02-25 20:00:00,2025-02-25 20:00:00,BLOCK,STATE=TREND|QL=NONE|LF=NONE,,blocked,NONE,941.5,941.5,940.6,941.35,941.184957437276,1.3624648840878173,943.9098872054518,938.4600276691004,NY_PM,DOWN,0.4166666666666675
USDCLP.mg,2025-02-25 21:00:00,2025-02-25 21:00:00,ALLOW,STATE=TRANSITION|QL=TRANSITION_UNCLASSIFIED|LF=LOOK_FOR_transition_repricing_near_vwap,TRANSITION_PERSISTENCE,transition_persistence,LONG,941.3,942.9,941.3,941.9,941.1823354442528,1.3692627840008973,943.9208610122544,938.4438098762508,NY_PM,UP,0.6309523809523773
USDCLP.mg,2025-02-26 13:00:00,2025-02-26 13:00:00,ALLOW,STATE=TRANSITION|QL=TRANSITION_UNCLASSIFIED|LF=LOOK_FOR_transition_repricing_near_vwap,TRANSITION_PERSISTENCE,transition_persistence,SHORT,940.5,940.6,939.1,939.7,939.8,1.367561081571235,942.5351221631424,937.0648778368576,NY,DOWN,0.3690476190476227
USDCLP.mg,2025-02-26 14:00:00,2025-02-26 14:00:00,ALLOW,STATE=TRANSITION|QL=TRANSITION_UNCLASSIFIED|LF=LOOK_FOR_transition_repricing_near_vwap,TRANSITION_PERSISTENCE,transition_persistence,SHORT,939.6,940.0,936.5,940.0,939.1858195211788,1.3009530842580064,941.7877256896948,936.5839133526628,NY,DOWN,0.4117647058823529
USDCLP.mg,2025-02-26 15:00:00,2025-02-26 15:00:00,ALLOW,STATE=TRANSITION|QL=TRANSITION_UNCLASSIFIED|LF=LOOK_FOR_transition_repricing_near_vwap,TRANSITION_PERSISTENCE,transition_persistence,SHORT,939.9,940.0,937.6,939.25,939.006799591002,1.305288189817936,941.617375970638,936.3962232113662,NY,DOWN,0.3235294117647059
USDCLP.mg,2025-02-26 16:00:00,2025-02-26 16:00:00,BLOCK,STATE=BALANCE|QL=NONE|LF=NONE,,blocked,NONE,939.15,944.0,939.15,942.3,939.7255448717948,1.3740511700125448,942.47364721182,936.9774425317698,NY,UP,0.6823529411764653
USDCLP.mg,2025-02-26 17:00:00,2025-02-26 17:00:00,ALLOW,STATE=BALANCE|QL=BALANCE_LEAKING|LF=LOOK_FOR_balance_dislocated_from_vwap,BALANCE_DEGRADATION,allow_unmapped_baseline,NONE,942.35,946.4,942.3,944.6,940.6550937766413,1.5120638861197122,943.6792215488806,937.6309660044016,NY,UP,0.8181818181818223
USDCLP.mg,2025-02-26 18:00:00,2025-02-26 18:00:00,ALLOW,STATE=TRANSITION|QL=TRANSITION_UNCLASSIFIED|LF=LOOK_FOR_transition_repricing_near_vwap,TRANSITION_PERSISTENCE,transition_persistence,LONG,944.4,944.5,941.3,942.55,940.9465996168584,1.5357057696644063,944.0180111561872,937.8751880775296,NY_PM,UP,0.6111111111111079
USDCLP.mg,2025-02-26 19:00:00,2025-02-26 19:00:00,BLOCK,STATE=BALANCE|QL=NONE|LF=NONE,,blocked,NONE,942.65,943.0,942.4,942.8,941.1378637059724,1.563327525138846,944.26451875625,938.0112086556948,NY_PM,UP,0.6363636363636332
USDCLP.mg,2025-02-26 20:00:00,2025-02-26 20:00:00,BLOCK,STATE=BALANCE|QL=NONE|LF=NONE,,blocked,NONE,942.6,942.7,941.9,941.9,941.2150829081633,1.5704437348459912,944.3559703778552,938.0741954384712,NY_PM,UP,0.5454545454545444
USDCLP.mg,2025-02-26 21:00:00,2025-02-26 21:00:00,BLOCK,STATE=BALANCE|QL=NONE|LF=NONE,,blocked,NONE,941.6,942.1,940.9,941.9,941.2701912568306,1.562938806227364,944.3960688692852,938.144313644376,NY_PM,UP,0.5454545454545444
USDCLP.mg,2025-02-27 13:00:00,2025-02-27 13:00:00,ALLOW,STATE=TRANSITION|QL=TRANSITION_UNCLASSIFIED|LF=LOOK_FOR_transition_repricing_near_vwap,TRANSITION_PERSISTENCE,transition_persistence,LONG,943.2,945.1,943.0,944.6,944.2333333333332,1.565818657260199,947.3649706478536,941.1016960188128,NY,UP,0.8181818181818223
USDCLP.mg,2025-02-27 14:00:00,2025-02-27 14:00:00,ALLOW,STATE=TRANSITION|QL=TRANSITION_UNCLASSIFIED|LF=LOOK_FOR_transition_repricing_near_vwap,TRANSITION_PERSISTENCE,transition_persistence,LONG,944.3,948.2,944.0,947.0,945.629706390328,1.580797966447279,948.7913023232228,942.4681104574336,NY,UP,0.8974358974358939
USDCLP.mg,2025-02-27 15:00:00,2025-02-27 15:00:00,BLOCK,STATE=TREND|QL=NONE|LF=NONE,,blocked,NONE,947.4,954.15,947.0,953.6,948.4037957211872,1.7594605446927607,951.9227168105726,944.8848746318016,NY,UP,0.968838526912184
USDCLP.mg,2025-02-27 16:00:00,2025-02-27 16:00:00,BLOCK,STATE=TREND|QL=NONE|LF=NONE,,blocked,NONE,953.55,954.55,951.6,953.6,949.1464424320828,1.867568039713529,952.8815785115098,945.4113063526556,NY,UP,0.9473684210526352
USDCLP.mg,2025-02-27 17:00:00,2025-02-27 17:00:00,BLOCK,STATE=TREND|QL=NONE|LF=NONE,,blocked,NONE,953.8,954.0,951.1,952.1,949.3474756977108,1.8862108152477075,953.1198973282064,945.5750540672155,NY,UP,0.8554572271386465
USDCLP.mg,2025-02-27 18:00:00,2025-02-27 18:00:00,BLOCK,STATE=TREND|QL=NONE|LF=NONE,,blocked,NONE,952.0,953.25,951.7,952.1,949.4623306233065,1.910889294659037,953.2841092126243,945.6405520339882,NY_PM,UP,0.8409090909090952
USDCLP.mg,2025-02-27 19:00:00,2025-02-27 19:00:00,BLOCK,STATE=TRANSITION|QL=NONE|LF=NONE,,blocked,NONE,952.3,952.7,952.1,952.4,949.5542909312236,1.9480610651290955,953.4504130614816,945.6581688009652,NY_PM,UP,0.8424908424908439
USDCLP.mg,2025-02-27 20:00:00,2025-02-27 20:00:00,BLOCK,STATE=TRANSITION|QL=NONE|LF=NONE,,blocked,NONE,952.6,952.6,951.8,951.8,949.588653216072,1.964156618736407,953.5169664535448,945.660339978599,NY_PM,UP,0.7985347985347983
USDCLP.mg,2025-02-27 21:00:00,2025-02-27 21:00:00,BLOCK,STATE=TRANSITION|QL=TRANSITION_UNCLASSIFIED|LF=LOOK_FOR_transition_dislocated_from_vwap,TRANSITION_RESOLUTION,transition_resolution,SHORT,952.2,952.8,951.7,952.8,949.657534862798,2.00647762921977,953.6704901212375,945.6445796043586,NY_PM,DOWN,0.8717948717948716
USDCLP.mg,2025-02-28 13:00:00,2025-02-28 13:00:00,ALLOW,STATE=TRANSITION|QL=TRANSITION_UNCLASSIFIED|LF=LOOK_FOR_transition_repricing_near_vwap,TRANSITION_PERSISTENCE,transition_persistence,LONG,956.1,956.1,954.0,954.6,954.9,1.9904774117532895,958.8809548235066,950.9190451764932,NY,UP,0.9013157894736844
USDCLP.mg,2025-02-28 14:00:00,2025-02-28 14:00:00,BLOCK,STATE=TRANSITION|QL=NONE|LF=NONE,,blocked,NONE,954.4,956.9,953.8,955.1,955.1663817663816,1.930503435455553,959.0273886372928,951.3053748954708,NY,UP,0.8875000000000028
USDCLP.mg,2025-02-28 15:00:00,2025-02-28 15:00:00,BLOCK,STATE=TRANSITION|QL=NONE|LF=NONE,,blocked,NONE,955.2,955.2,953.7,954.4,955.0931419457736,1.905554245985423,958.9042504377444,951.2820334538028,NY,UP,0.820143884892086
USDCLP.mg,2025-02-28 16:00:00,2025-02-28 16:00:00,BLOCK,STATE=TRANSITION|QL=NONE|LF=NONE,,blocked,NONE,954.45,955.0,949.5,951.1,953.9727355072464,1.9304650676833528,957.8336656426133,950.1118053718797,NY,DOWN,0.5503875968992276
USDCLP.mg,2025-02-28 17:00:00,2025-02-28 17:00:00,BLOCK,STATE=TREND|QL=NONE|LF=NONE,,blocked,NONE,951.2,955.8,950.2,955.8,954.0010752688172,1.9116685824841249,957.8244124337856,950.1777381038488,NY,UP,0.8888888888888863
USDCLP.mg,2025-02-28 18:00:00,2025-02-28 18:00:00,BLOCK,STATE=TRANSITION|QL=NONE|LF=NONE,,blocked,NONE,955.6,960.85,954.6,959.5,954.6073129251702,1.9835199832083008,958.5743528915868,950.6402729587536,NY_PM,UP,0.8810572687224651
USDCLP.mg,2025-02-28 19:00:00,2025-02-28 19:00:00,BLOCK,STATE=TREND|QL=NONE|LF=NONE,,blocked,NONE,959.9,960.7,959.1,960.4,955.0418540433924,2.085149412842076,959.2121528690768,950.8715552177084,NY_PM,UP,0.960352422907485
USDCLP.mg,2025-02-28 20:00:00,2025-02-28 20:00:00,BLOCK,STATE=TREND|QL=NONE|LF=NONE,,blocked,NONE,960.9,961.9,960.4,961.9,955.4733731739708,2.2189454801685846,959.911264134308,951.0354822136336,NY_PM,UP,1.0
USDCLP.mg,2025-03-03 13:00:00,2025-03-03 13:00:00,BLOCK,STATE=TRANSITION|QL=NONE|LF=NONE,,blocked,NONE,957.0,957.9,955.8,957.6,957.1,2.206917896432783,961.5138357928656,952.6861642071344,NY,UP,0.653225806451616
USDCLP.mg,2025-03-03 14:00:00,2025-03-03 14:00:00,ALLOW,STATE=TRANSITION|QL=TRANSITION_UNCLASSIFIED|LF=LOOK_FOR_transition_repricing_near_vwap,TRANSITION_PERSISTENCE,transition_persistence,LONG,957.4,957.7,953.0,953.0,955.1657074340528,2.2139848817747225,959.593677197602,950.7377376705032,NY,UP,0.2822580645161295
USDCLP.mg,2025-03-03 15:00:00,2025-03-03 15:00:00,BLOCK,STATE=TRANSITION|QL=NONE|LF=NONE,,blocked,NONE,953.2,954.2,949.6,950.7,954.0387387387387,2.2895387963567404,958.6178163314522,949.4596611460252,NY,DOWN,0.0967741935483909
USDCLP.mg,2025-03-03 16:00:00,2025-03-03 16:00:00,BLOCK,STATE=BALANCE|QL=NONE|LF=NONE,,blocked,NONE,950.75,953.7,949.6,953.1,953.8255208333331,2.278484202433547,958.3824892382004,949.268552428466,NY,DOWN,0.2903225806451636
USDCLP.mg,2025-03-03 17:00:00,2025-03-03 17:00:00,BLOCK,STATE=BALANCE|QL=NONE|LF=NONE,,blocked,NONE,953.2,953.6,951.8,952.2,953.6498168498168,2.2851324910927344,958.2200818320024,949.0795518676314,NY,DOWN,0.217741935483875
USDCLP.mg,2025-03-03 18:00:00,2025-03-03 18:00:00,BLOCK,STATE=BALANCE|QL=NONE|LF=NONE,,blocked,NONE,952.5,953.0,950.5,951.0,953.4629943502824,2.330554742745622,958.1241038357738,948.8018848647912,NY_PM,DOWN,0.1209677419354841
USDCLP.mg,2025-03-03 19:00:00,2025-03-03 19:00:00,BLOCK,STATE=BALANCE|QL=NONE|LF=NONE,,blocked,NONE,951.3,951.4,949.9,950.0,953.2836781609196,2.3935163829173254,958.070710926754,948.4966453950848,NY_PM,DOWN,0.0403225806451613
USDCLP.mg,2025-03-03 20:00:00,2025-03-03 20:00:00,BLOCK,STATE=BALANCE|QL=NONE|LF=NONE,,blocked,NONE,949.9,949.9,949.6,949.9,953.1554263565891,2.4589744003378837,958.0733751572648,948.2374775559134,NY_PM,DOWN,0.0243902439024354
USDCLP.mg,2025-03-03 21:00:00,2025-03-03 21:00:00,BLOCK,STATE=TRANSITION|QL=NONE|LF=NONE,,blocked,NONE,950.0,950.5,949.85,950.4,953.0845896147404,2.501227009510792,958.087043633762,948.0821355957188,NY_PM,DOWN,0.0650406504065006
USDCLP.mg,2025-03-04 13:00:00,2025-03-04 13:00:00,ALLOW,STATE=TRANSITION|QL=TRANSITION_UNCLASSIFIED|LF=LOOK_FOR_transition_repricing_near_vwap,TRANSITION_PERSISTENCE,transition_persistence,SHORT,951.7,951.7,949.3,949.7,950.2333333333332,2.472452188625757,955.1782377105848,945.2884289560816,NY,DOWN,0.0317460317460389
USDCLP.mg,2025-03-04 14:00:00,2025-03-04 14:00:00,ALLOW,STATE=TRANSITION|QL=TRANSITION_UNCLASSIFIED|LF=LOOK_FOR_transition_repricing_near_vwap,TRANSITION_PERSISTENCE,transition_persistence,SHORT,950.0,950.3,947.7,947.9,949.540220385675,2.486261628525005,954.512743642725,944.5676971286248,NY,DOWN,0.0140845070422487
USDCLP.mg,2025-03-04 15:00:00,2025-03-04 15:00:00,BLOCK,STATE=TREND|QL=NONE|LF=NONE,,blocked,NONE,947.8,949.5,946.6,948.0,949.2102685624014,2.4692865449201165,954.1488416522416,944.2716954725612,NY,DOWN,0.123893805309733
USDCLP.mg,2025-03-04 16:00:00,2025-03-04 16:00:00,BLOCK,STATE=TREND|QL=NONE|LF=NONE,,blocked,NONE,947.9,948.5,946.6,948.2,949.0743434343436,2.451760136110335,953.9778637065644,944.1708231621228,NY,DOWN,0.1441441441441459
USDCLP.mg,2025-03-04 17:00:00,2025-03-04 17:00:00,BLOCK,STATE=TREND|QL=NONE|LF=NONE,,blocked,NONE,948.0,950.8,947.3,948.75,949.0590571640683,2.416888790917377,953.8928347459032,944.2252795822336,NY,DOWN,0.2828947368421014
USDCLP.mg,2025-03-04 18:00:00,2025-03-04 18:00:00,BLOCK,STATE=TREND|QL=NONE|LF=NONE,,blocked,NONE,948.8,949.2,946.0,946.1,948.8232100938968,2.41692532442027,953.6570607427374,943.9893594450564,NY_PM,DOWN,0.0129870129870158
USDCLP.mg,2025-03-04 19:00:00,2025-03-04 19:00:00,BLOCK,STATE=TREND|QL=NONE|LF=NONE,,blocked,NONE,945.9,945.9,945.0,945.0,948.5478165938864,2.4842579989326072,953.5163325917516,943.5793005960212,NY_PM,DOWN,0.0
USDCLP.mg,2025-03-04 20:00:00,2025-03-04 20:00:00,BLOCK,STATE=TREND|QL=NONE|LF=NONE,,blocked,NONE,945.1,945.1,944.75,944.75,948.329135649297,2.5434315091391047,953.4159986675752,943.2422726310187,NY_PM,DOWN,0.0
USDCLP.mg,2025-03-04 21:00:00,2025-03-04 21:00:00,BLOCK,STATE=TREND|QL=NONE|LF=NONE,,blocked,NONE,944.8,944.8,944.65,944.65,948.158144144144,2.5635571096516587,953.2852583634474,943.0310299248408,NY_PM,DOWN,0.0
USDCLP.mg,2025-03-05 13:00:00,2025-03-05 13:00:00,BLOCK,STATE=TREND|QL=NONE|LF=NONE,,blocked,NONE,935.3,937.0,935.3,935.6,935.9666666666668,2.565591011657672,941.097848689982,930.8354846433514,NY,DOWN,0.0182926829268333
USDCLP.mg,2025-03-05 14:00:00,2025-03-05 14:00:00,BLOCK,STATE=TREND|QL=NONE|LF=NONE,,blocked,NONE,935.5,938.65,935.2,938.5,937.1097859327216,2.569807433943005,942.2494008006078,931.9701710648357,NY,DOWN,0.1999999999999972
USDCLP.mg,2025-03-05 15:00:00,2025-03-05 15:00:00,BLOCK,STATE=TREND|QL=NONE|LF=NONE,,blocked,NONE,938.55,938.7,936.15,937.4,937.1045779685264,2.56349696630506,942.2315719011366,931.9775840359164,NY,DOWN,0.1333333333333292
USDCLP.mg,2025-03-05 16:00:00,2025-03-05 16:00:00,BLOCK,STATE=TREND|QL=NONE|LF=NONE,,blocked,NONE,937.3,938.1,934.0,936.0,936.7834688346884,2.568359125687302,941.9201870860628,931.6467505833136,NY,DOWN,0.1190476190476193
USDCLP.mg,2025-03-05 17:00:00,2025-03-05 17:00:00,BLOCK,STATE=TREND|QL=NONE|LF=NONE,,blocked,NONE,935.95,937.5,934.6,935.95,936.628379265092,2.572191784078713,941.7727628332492,931.4839956969344,NY,DOWN,0.1160714285714315
USDCLP.mg,2025-03-05 18:00:00,2025-03-05 18:00:00,BLOCK,STATE=TREND|QL=NONE|LF=NONE,,blocked,NONE,936.0,936.0,931.4,931.7,936.0493817619785,2.6542003779862897,941.3577825179508,930.7409810060058,NY_PM,DOWN,0.0154639175257767
USDCLP.mg,2025-03-05 19:00:00,2025-03-05 19:00:00,BLOCK,STATE=TREND|QL=NONE|LF=NONE,,blocked,NONE,931.75,931.8,929.5,929.75,935.4482188295163,2.782349859648122,941.0129185488128,929.8835191102202,NY_PM,DOWN,0.0117370892018779
USDCLP.mg,2025-03-05 20:00:00,2025-03-05 20:00:00,BLOCK,STATE=TRANSITION|QL=NONE|LF=NONE,,blocked,NONE,929.8,930.05,929.7,930.0,935.0402522522522,2.873124283204695,940.7865008186616,929.2940036858428,NY_PM,DOWN,0.0253807106598984
USDCLP.mg,2025-03-05 21:00:00,2025-03-05 21:00:00,BLOCK,STATE=TRANSITION|QL=NONE|LF=NONE,,blocked,NONE,930.05,930.1,929.6,929.6,934.7214598997492,2.961773970574892,940.6450078408992,928.7979119585996,NY_PM,DOWN,0.0060975609756111
USDCLP.mg,2025-03-06 13:00:00,2025-03-06 13:00:00,ALLOW,STATE=TRANSITION|QL=TRANSITION_UNCLASSIFIED|LF=LOOK_FOR_transition_repricing_near_vwap,TRANSITION_PERSISTENCE,transition_persistence,SHORT,930.3,931.0,928.8,928.8,929.5333333333332,2.936960373194528,935.4072540797224,923.6594125869442,NY,DOWN,0.0
USDCLP.mg,2025-03-06 14:00:00,2025-03-06 14:00:00,BLOCK,STATE=TRANSITION|QL=NONE|LF=NONE,,blocked,NONE,929.1,929.1,927.3,928.45,929.0361458333332,2.8758310725226,934.7878079783784,923.284483688288,NY,DOWN,0.0657142857142909
USDCLP.mg,2025-03-06 15:00:00,2025-03-06 15:00:00,BLOCK,STATE=TRANSITION|QL=NONE|LF=NONE,,blocked,NONE,928.4,929.05,926.1,926.6,928.4063602599814,2.8705058001093877,934.1473718602002,922.6653486597626,NY,DOWN,0.0396825396825396
USDCLP.mg,2025-03-06 16:00:00,2025-03-06 16:00:00,BLOCK,STATE=TREND|QL=NONE|LF=NONE,,blocked,NONE,926.7,926.75,922.65,924.1,927.4765270506108,2.886629422020533,933.2497858946516,921.7032682065696,NY,DOWN,0.0903426791277283
USDCLP.mg,2025-03-06 17:00:00,2025-03-06 17:00:00,BLOCK,STATE=TREND|QL=NONE|LF=NONE,,blocked,NONE,923.7,927.45,922.3,927.15,927.2970986869972,2.8823118189581023,933.0617223249131,921.5324750490807,NY,DOWN,0.2957317073170729
USDCLP.mg,2025-03-06 18:00:00,2025-03-06 18:00:00,BLOCK,STATE=TREND|QL=NONE|LF=NONE,,blocked,NONE,927.05,928.2,925.15,928.2,927.269214119214,2.8849747453356094,933.0391636098852,921.4992646285428,NY_PM,DOWN,0.3734177215189915
USDCLP.mg,2025-03-06 19:00:00,2025-03-06 19:00:00,BLOCK,STATE=TREND|QL=NONE|LF=NONE,,blocked,NONE,928.4,929.4,928.4,929.1,927.3039917695472,2.90044258030866,933.1048769301646,921.50310660893,NY_PM,UP,0.4473684210526347
USDCLP.mg,2025-03-06 20:00:00,2025-03-06 20:00:00,BLOCK,STATE=TREND|QL=NONE|LF=NONE,,blocked,NONE,929.0,929.0,927.7,927.7,927.258467459762,2.8915842310513744,933.0416359218648,921.4752989976593,NY_PM,DOWN,0.3941605839416112
USDCLP.mg,2025-03-06 21:00:00,2025-03-06 21:00:00,ALLOW,STATE=TRANSITION|QL=TRANSITION_UNCLASSIFIED|LF=LOOK_FOR_transition_repricing_near_vwap,TRANSITION_PERSISTENCE,transition_persistence,LONG,928.2,928.4,927.4,927.4,927.211777236762,2.776208550250195,932.7641943372624,921.6593601362616,NY_PM,UP,0.5368421052631603
USDCLP.mg,2025-03-07 13:00:00,2025-03-07 13:00:00,ALLOW,STATE=TRANSITION|QL=TRANSITION_UNCLASSIFIED|LF=LOOK_FOR_transition_repricing_near_vwap,TRANSITION_PERSISTENCE,transition_persistence,LONG,926.7,927.3,926.0,926.5,926.6,2.681561677686319,931.9631233553728,921.2368766446276,NY,UP,0.4827586206896578
USDCLP.mg,2025-03-07 14:00:00,2025-03-07 14:00:00,BLOCK,STATE=TRANSITION|QL=NONE|LF=NONE,,blocked,NONE,926.2,930.9,926.15,930.4,928.4791946308724,2.6625487641303542,933.8042921591332,923.1540971026118,NY,UP,0.9310344827586184
USDCLP.mg,2025-03-07 15:00:00,2025-03-07 15:00:00,ALLOW,STATE=TRANSITION|QL=TRANSITION_UNCLASSIFIED|LF=LOOK_FOR_transition_repricing_near_vwap,TRANSITION_PERSISTENCE,transition_persistence,LONG,930.5,930.8,926.5,929.2,928.6122666666668,2.626194702474497,933.8646560716156,923.3598772617178,NY,UP,0.7931034482758684
USDCLP.mg,2025-03-07 16:00:00,2025-03-07 16:00:00,BLOCK,STATE=BALANCE|QL=NONE|LF=NONE,,blocked,NONE,929.4,929.9,927.2,928.1,928.5073765945648,2.576237096213077,933.6598507869908,923.3549024021386,NY,DOWN,0.674418604651169
USDCLP.mg,2025-03-07 17:00:00,2025-03-07 17:00:00,BLOCK,STATE=BALANCE|QL=NONE|LF=NONE,,blocked,NONE,927.8,929.2,925.4,926.4,928.2503022974608,2.544122440089239,933.3385471776392,923.1620574172824,NY,DOWN,0.476744186046513
USDCLP.mg,2025-03-07 18:00:00,2025-03-07 18:00:00,BLOCK,STATE=BALANCE|QL=NONE|LF=NONE,,blocked,NONE,926.2,927.9,924.7,925.8,928.0105729661284,2.4845331022170054,932.9796391705626,923.0415067616944,NY_PM,DOWN,0.4069767441860454
USDCLP.mg,2025-03-07 19:00:00,2025-03-07 19:00:00,ALLOW,STATE=TRANSITION|QL=TRANSITION_UNCLASSIFIED|LF=LOOK_FOR_transition_repricing_near_vwap,TRANSITION_PERSISTENCE,transition_persistence,LONG,925.9,928.7,925.9,928.1,927.9910346624966,2.4874185458396085,932.965871754176,923.0161975708174,NY_PM,UP,0.674418604651169
USDCLP.mg,2025-03-07 20:00:00,2025-03-07 20:00:00,BLOCK,STATE=BALANCE|QL=NONE|LF=NONE,,blocked,NONE,928.0,928.4,927.9,927.9,927.967353266888,2.487411499570446,932.9421762660288,922.9925302677472,NY_PM,DOWN,0.5161290322580592
USDCLP.mg,2025-03-10 13:00:00,2025-03-10 13:00:00,BLOCK,STATE=BALANCE|QL=NONE|LF=NONE,,blocked,NONE,932.3,932.5,930.5,930.5,931.1666666666666,2.487470305355701,936.141607277378,926.1917260559552,NY,UP,0.7435897435897421
USDCLP.mg,2025-03-10 14:00:00,2025-03-10 14:00:00,BLOCK,STATE=BALANCE|QL=NONE|LF=NONE,,blocked,NONE,930.3,930.4,927.7,928.4,929.8824427480916,2.4732728721910457,934.8289884924736,924.9358970037096,NY,UP,0.4743589743589684
USDCLP.mg,2025-03-10 15:00:00,2025-03-10 15:00:00,BLOCK,STATE=BALANCE|QL=NONE|LF=NONE,,blocked,NONE,928.2,930.1,927.3,929.5,929.8303921568628,2.443610433878245,934.7176130246194,924.9431712891064,NY,UP,0.6153846153846131
USDCLP.mg,2025-03-10 16:00:00,2025-03-10 16:00:00,BLOCK,STATE=TRANSITION|QL=NONE|LF=NONE,,blocked,NONE,929.4,929.8,926.6,926.6,929.4384541062803,2.3061145194925654,934.0506831452656,924.8262250672952,NY,UP,0.243589743589742
USDCLP.mg,2025-03-10 17:00:00,2025-03-10 17:00:00,ALLOW,STATE=TRANSITION|QL=TRANSITION_UNCLASSIFIED|LF=LOOK_FOR_transition_repricing_near_vwap,TRANSITION_PERSISTENCE,transition_persistence,LONG,926.4,930.1,926.3,929.0,929.3977876106196,2.111606977533804,933.6210015656872,925.174573655552,NY,UP,0.5512820512820487
USDCLP.mg,2025-03-10 18:00:00,2025-03-10 18:00:00,BLOCK,STATE=TRANSITION|QL=TRANSITION_UNCLASSIFIED|LF=LOOK_FOR_transition_dislocated_from_vwap,TRANSITION_RESOLUTION,transition_resolution,LONG,929.1,939.5,929.1,938.6,931.1932053175776,2.187375512676002,935.5679563429296,926.8184542922256,NY_PM,UP,0.9391891891891906
USDCLP.mg,2025-03-10 19:00:00,2025-03-10 19:00:00,BLOCK,STATE=TREND|QL=NONE|LF=NONE,,blocked,NONE,938.9,941.9,938.9,941.8,932.558536585366,2.631516437134874,937.8215694596356,927.2955037110962,NY_PM,UP,0.9941860465116266
USDCLP.mg,2025-03-10 20:00:00,2025-03-10 20:00:00,BLOCK,STATE=TREND|QL=NONE|LF=NONE,,blocked,NONE,941.9,943.9,941.9,943.9,933.6515527950312,3.07195984504344,939.795472485118,927.507633104944,NY_PM,UP,1.0
USDCLP.mg,2025-03-10 21:00:00,2025-03-10 21:00:00,BLOCK,STATE=TREND|QL=NONE|LF=NONE,,blocked,NONE,943.8,944.2,942.7,942.9,934.3419378698226,3.321301372645636,940.9845406151138,927.6993351245312,NY_PM,UP,0.9333333333333298
USDCLP.mg,2025-03-11 13:00:00,2025-03-11 13:00:00,BLOCK,STATE=TREND|QL=NONE|LF=NONE,,blocked,NONE,938.6,938.7,937.5,937.8,938.0,3.321579773905662,944.6431595478114,931.3568404521886,NY,UP,0.6502732240437121
USDCLP.mg,2025-03-11 14:00:00,2025-03-11 14:00:00,BLOCK,STATE=TREND|QL=NONE|LF=NONE,,blocked,NONE,938.0,940.0,936.2,939.9,938.5456692913384,3.329632149164515,945.2049335896676,931.8864049930096,NY,UP,0.7597765363128466
USDCLP.mg,2025-03-11 15:00:00,2025-03-11 15:00:00,ALLOW,STATE=TRANSITION|QL=TRANSITION_UNCLASSIFIED|LF=LOOK_FOR_transition_repricing_near_vwap,TRANSITION_PERSISTENCE,transition_persistence,SHORT,939.7,941.0,936.5,936.6,938.1925555555556,3.321358601324028,944.8352727582036,931.5498383529074,NY,DOWN,0.5754189944134087
USDCLP.mg,2025-03-11 16:00:00,2025-03-11 16:00:00,ALLOW,STATE=TRANSITION|QL=TRANSITION_UNCLASSIFIED|LF=LOOK_FOR_transition_repricing_near_vwap,TRANSITION_PERSISTENCE,transition_persistence,SHORT,936.7,938.6,935.4,936.4,937.975828047921,3.300551145898017,944.576930339717,931.374725756125,NY,DOWN,0.5642458100558643
USDCLP.mg,2025-03-11 17:00:00,2025-03-11 17:00:00,BLOCK,STATE=TRANSITION|QL=NONE|LF=NONE,,blocked,NONE,936.3,937.8,933.0,933.95,937.442234262126,3.304846475070185,944.0519272122664,930.8325413119856,NY,DOWN,0.4273743016759805
USDCLP.mg,2025-03-11 18:00:00,2025-03-11 18:00:00,BLOCK,STATE=TRANSITION|QL=NONE|LF=NONE,,blocked,NONE,933.85,934.9,933.0,933.9,937.1305453805456,3.313302237625388,943.7571498557965,930.5039409052948,NY_PM,DOWN,0.4245810055865913
USDCLP.mg,2025-03-11 19:00:00,2025-03-11 19:00:00,BLOCK,STATE=TRANSITION|QL=NONE|LF=NONE,,blocked,NONE,934.0,934.0,933.5,933.5,936.9043178763444,3.339518705120786,943.583355286586,930.2252804661028,NY_PM,DOWN,0.4022346368715089
USDCLP.mg,2025-03-11 20:00:00,2025-03-11 20:00:00,BLOCK,STATE=BALANCE|QL=NONE|LF=NONE,,blocked,NONE,933.3,933.9,932.8,932.8,936.700729613734,3.3703029754453757,943.4413355646248,929.9601236628432,NY_PM,DOWN,0.2450331125827765
USDCLP.mg,2025-03-11 21:00:00,2025-03-11 21:00:00,ALLOW,STATE=TRANSITION|QL=TRANSITION_UNCLASSIFIED|LF=LOOK_FOR_transition_repricing_near_vwap,TRANSITION_PERSISTENCE,transition_persistence,SHORT,932.6,933.9,932.4,933.9,936.5799576482312,3.3825268674142177,943.3450113830596,929.8149039134028,NY_PM,DOWN,0.1271186440677958
USDCLP.mg,2025-03-12 13:00:00,2025-03-12 13:00:00,ALLOW,STATE=TRANSITION|QL=TRANSITION_UNCLASSIFIED|LF=LOOK_FOR_transition_repricing_near_vwap,TRANSITION_PERSISTENCE,transition_persistence,SHORT,929.3,930.1,928.6,929.6,929.4333333333334,3.3839052688193174,936.201143870972,922.6655227956948,NY,DOWN,0.064102564102564
USDCLP.mg,2025-03-12 14:00:00,2025-03-12 14:00:00,ALLOW,STATE=TRANSITION|QL=TRANSITION_UNCLASSIFIED|LF=LOOK_FOR_transition_repricing_near_vwap,TRANSITION_PERSISTENCE,transition_persistence,SHORT,929.5,932.7,926.6,932.7,930.42,3.407595616613587,937.2351912332272,923.6048087667727,NY,DOWN,0.3465909090909099
USDCLP.mg,2025-03-12 15:00:00,2025-03-12 15:00:00,ALLOW,STATE=TRANSITION|QL=TRANSITION_UNCLASSIFIED|LF=LOOK_FOR_transition_repricing_near_vwap,TRANSITION_PERSISTENCE,transition_persistence,SHORT,932.9,933.8,930.1,932.0,930.589504373178,3.402974313525602,937.395453000229,923.7835557461268,NY,DOWN,0.374999999999999
USDCLP.mg,2025-03-12 16:00:00,2025-03-12 16:00:00,ALLOW,STATE=TRANSITION|QL=TRANSITION_UNCLASSIFIED|LF=LOOK_FOR_transition_repricing_near_vwap,TRANSITION_PERSISTENCE,transition_persistence,SHORT,931.8,931.8,929.0,929.5,930.397379032258,3.373911250541526,937.1452015333412,923.649556531175,NY,DOWN,0.2013888888888876
USDCLP.mg,2025-03-12 17:00:00,2025-03-12 17:00:00,ALLOW,STATE=TRANSITION|QL=TRANSITION_UNCLASSIFIED|LF=LOOK_FOR_transition_repricing_near_vwap,TRANSITION_PERSISTENCE,transition_persistence,SHORT,929.6,933.3,929.6,932.6,930.6133247089264,3.357833591650508,937.3289918922272,923.8976575256252,NY,DOWN,0.4166666666666673
USDCLP.mg,2025-03-12 18:00:00,2025-03-12 18:00:00,BLOCK,STATE=TRANSITION|QL=TRANSITION_UNCLASSIFIED|LF=LOOK_FOR_transition_dislocated_from_vwap,TRANSITION_RESOLUTION,transition_resolution,LONG,933.1,938.7,933.1,937.2,931.55073015873,3.4263243308373754,938.4033788204048,924.6980814970552,NY_PM,UP,0.8760330578512399
USDCLP.mg,2025-03-12 19:00:00,2025-03-12 19:00:00,ALLOW,STATE=TRANSITION|QL=TRANSITION_UNCLASSIFIED|LF=LOOK_FOR_transition_dislocated_from_vwap,TRANSITION_RESOLUTION,transition_resolution,LONG,936.9,936.9,936.3,936.3,932.0341622707862,3.480644638301195,938.9954515473886,925.0728729941836,NY_PM,UP,0.8016528925619764
USDCLP.mg,2025-03-12 20:00:00,2025-03-12 20:00:00,BLOCK,STATE=TRANSITION|QL=TRANSITION_UNCLASSIFIED|LF=LOOK_FOR_transition_dislocated_from_vwap,TRANSITION_RESOLUTION,transition_resolution,LONG,936.2,936.9,936.0,936.9,932.385162094763,3.533549123113997,939.452260340991,925.3180638485352,NY_PM,UP,0.8512396694214822
USDCLP.mg,2025-03-12 21:00:00,2025-03-12 21:00:00,BLOCK,STATE=TRANSITION|QL=TRANSITION_UNCLASSIFIED|LF=LOOK_FOR_transition_dislocated_from_vwap,TRANSITION_RESOLUTION,transition_resolution,LONG,937.2,938.1,937.1,937.9,932.6818713450292,3.607643603494828,939.8971585520188,925.4665841380396,NY_PM,UP,0.9338842975206556
USDCLP.mg,2025-03-13 13:00:00,2025-03-13 13:00:00,ALLOW,STATE=TRANSITION|QL=TRANSITION_UNCLASSIFIED|LF=LOOK_FOR_transition_repricing_near_vwap,TRANSITION_PERSISTENCE,transition_persistence,LONG,939.3,941.1,939.3,940.4,940.2666666666668,3.605014100760177,947.4766948681872,933.0566384651464,NY,UP,0.9517241379310314
USDCLP.mg,2025-03-13 14:00:00,2025-03-13 14:00:00,BLOCK,STATE=TREND|QL=NONE|LF=NONE,,blocked,NONE,940.5,942.0,938.7,941.6,940.6854483925551,3.604213514047139,947.8938754206496,933.4770213644608,NY,UP,0.9740259740259756
USDCLP.mg,2025-03-13 15:00:00,2025-03-13 15:00:00,ALLOW,STATE=TRANSITION|QL=TRANSITION_UNCLASSIFIED|LF=LOOK_FOR_transition_repricing_near_vwap,TRANSITION_PERSISTENCE,transition_persistence,LONG,941.7,943.55,941.5,942.2,941.0491252302024,3.5452727294332376,948.139670689069,933.958579771336,NY,UP,0.92035398230089
USDCLP.mg,2025-03-13 16:00:00,2025-03-13 16:00:00,BLOCK,STATE=TREND|QL=NONE|LF=NONE,,blocked,NONE,942.5,943.5,939.5,940.6,941.0180898165718,3.4390083073690616,947.89610643131,934.1400732018336,NY,UP,0.8259587020649001
USDCLP.mg,2025-03-13 17:00:00,2025-03-13 17:00:00,BLOCK,STATE=TRANSITION|QL=NONE|LF=NONE,,blocked,NONE,940.7,941.25,933.5,936.2,940.1554236499068,3.407011564478738,946.9694467788644,933.3414005209494,NY,DOWN,0.4948453608247469
USDCLP.mg,2025-03-13 18:00:00,2025-03-13 18:00:00,BLOCK,STATE=TRANSITION|QL=TRANSITION_UNCLASSIFIED|LF=LOOK_FOR_transition_dislocated_from_vwap,TRANSITION_RESOLUTION,transition_resolution,SHORT,936.0,936.2,932.9,934.4,939.4860036832412,3.405829615009205,946.2976629132596,932.6743444532228,NY_PM,DOWN,0.3711340206185562
USDCLP.mg,2025-03-13 19:00:00,2025-03-13 19:00:00,ALLOW,STATE=TRANSITION|QL=TRANSITION_UNCLASSIFIED|LF=LOOK_FOR_transition_dislocated_from_vwap,TRANSITION_RESOLUTION,transition_resolution,SHORT,934.9,935.2,934.8,935.1,939.0881931748931,3.459797650627906,946.0077884761492,932.1685978736374,NY_PM,DOWN,0.3942652329749123
USDCLP.mg,2025-03-13 20:00:00,2025-03-13 20:00:00,ALLOW,STATE=BALANCE|QL=BALANCE_LEAKING|LF=LOOK_FOR_balance_dislocated_from_vwap,BALANCE_DEGRADATION,allow_unmapped_baseline,NONE,934.9,935.1,934.9,935.1,938.8075863860744,3.505732536050378,945.8190514581752,931.7961213139736,NY_PM,DOWN,0.2065727699530563
USDCLP.mg,2025-03-13 21:00:00,2025-03-13 21:00:00,BLOCK,STATE=BALANCE|QL=NONE|LF=NONE,,blocked,NONE,935.2,936.2,935.0,936.1,938.6418365036232,3.516420012769204,945.6746765291616,931.6089964780848,NY_PM,DOWN,0.30046948356808
USDCLP.mg,2025-03-14 13:00:00,2025-03-14 13:00:00,BLOCK,STATE=TRANSITION|QL=NONE|LF=NONE,,blocked,NONE,932.2,932.3,931.0,931.4,931.5666666666666,3.476659687453296,938.5199860415732,924.61334729176,NY,DOWN,0.0318725099601576
USDCLP.mg,2025-03-14 14:00:00,2025-03-14 14:00:00,BLOCK,STATE=TRANSITION|QL=NONE|LF=NONE,,blocked,NONE,931.6,932.1,929.6,931.5,931.1703703703704,3.4758305223951504,938.1220314151608,924.21870932558,NY,DOWN,0.1362007168458771
USDCLP.mg,2025-03-14 15:00:00,2025-03-14 15:00:00,BLOCK,STATE=TRANSITION|QL=NONE|LF=NONE,,blocked,NONE,931.6,932.5,930.6,930.7,931.0533910533912,3.476514753137391,938.006420559666,924.1003615471164,NY,DOWN,0.0788530465949841
USDCLP.mg,2025-03-14 16:00:00,2025-03-14 16:00:00,BLOCK,STATE=TRANSITION|QL=NONE|LF=NONE,,blocked,NONE,930.9,935.4,930.7,933.7,931.7949050086356,3.4774641975891902,938.749833403814,924.8399766134572,NY,DOWN,0.2939068100358453
USDCLP.mg,2025-03-14 17:00:00,2025-03-14 17:00:00,BLOCK,STATE=TRANSITION|QL=NONE|LF=NONE,,blocked,NONE,933.6,933.7,931.1,932.5,931.9969192852742,3.4775013648231465,938.9519220149205,925.041916555628,NY,DOWN,0.2078853046594976
USDCLP.mg,2025-03-14 18:00:00,2025-03-14 18:00:00,BLOCK,STATE=TRANSITION|QL=NONE|LF=NONE,,blocked,NONE,932.6,933.4,930.3,931.9,932.0644157088124,3.478235121967056,939.0208859527464,925.1079454648784,NY_PM,DOWN,0.1654676258992775
USDCLP.mg,2025-03-14 19:00:00,2025-03-14 19:00:00,BLOCK,STATE=TREND|QL=NONE|LF=NONE,,blocked,NONE,931.7,932.0,928.65,928.65,931.852330591461,3.5141475178822086,938.8806256272256,924.8240355556966,NY_PM,DOWN,0.0
USDCLP.mg,2025-03-14 20:00:00,2025-03-14 20:00:00,BLOCK,STATE=TREND|QL=NONE|LF=NONE,,blocked,NONE,928.9,928.9,928.4,928.4,931.6799204771372,3.5420791086106007,938.7640786943584,924.595762259916,NY_PM,DOWN,0.0
USDCLP.mg,2025-03-17 13:00:00,2025-03-17 13:00:00,BLOCK,STATE=TREND|QL=NONE|LF=NONE,,blocked,NONE,926.0,926.8,925.8,926.2,926.2666666666668,3.54181454039638,933.3502957474597,919.183037585874,NY,DOWN,0.0384615384615468
USDCLP.mg,2025-03-17 14:00:00,2025-03-17 14:00:00,BLOCK,STATE=TREND|QL=NONE|LF=NONE,,blocked,NONE,926.1,927.7,924.1,924.1,925.484126984127,3.5478304088392973,932.5797878018057,918.3884661664484,NY,DOWN,0.0
USDCLP.mg,2025-03-17 15:00:00,2025-03-17 15:00:00,BLOCK,STATE=TREND|QL=NONE|LF=NONE,,blocked,NONE,924.05,924.15,922.1,923.1,924.9543859649124,3.5478777791567064,932.0501415232258,917.858630406599,NY,DOWN,0.0709219858156027
USDCLP.mg,2025-03-17 16:00:00,2025-03-17 16:00:00,BLOCK,STATE=TREND|QL=NONE|LF=NONE,,blocked,NONE,922.8,923.5,920.0,921.2,924.34,3.562976641926181,931.4659532838524,917.2140467161475,NY,DOWN,0.0779220779220809
USDCLP.mg,2025-03-17 17:00:00,2025-03-17 17:00:00,BLOCK,STATE=TREND|QL=NONE|LF=NONE,,blocked,NONE,921.0,922.2,919.55,921.35,923.9921296296296,3.5847299258836838,931.161589481397,916.8226697778624,NY,DOWN,0.1135646687697202
USDCLP.mg,2025-03-17 18:00:00,2025-03-17 18:00:00,BLOCK,STATE=TREND|QL=NONE|LF=NONE,,blocked,NONE,921.35,923.1,920.2,920.9,923.7485018726592,3.60872749354228,930.9659568597438,916.5310468855746,NY_PM,DOWN,0.0851735015772883
USDCLP.mg,2025-03-17 19:00:00,2025-03-17 19:00:00,BLOCK,STATE=TREND|QL=NONE|LF=NONE,,blocked,NONE,920.8,920.8,919.9,919.9,923.5295597484276,3.6446318232895822,930.8188233950068,916.2402961018486,NY_PM,DOWN,0.0220820189274461
USDCLP.mg,2025-03-17 20:00:00,2025-03-17 20:00:00,BLOCK,STATE=TREND|QL=NONE|LF=NONE,,blocked,NONE,920.15,920.15,919.45,919.45,923.3457994579946,3.680144259960786,930.7060879779162,915.985510938073,NY_PM,DOWN,0.0
USDCLP.mg,2025-03-17 21:00:00,2025-03-17 21:00:00,BLOCK,STATE=TREND|QL=NONE|LF=NONE,,blocked,NONE,919.2,919.4,918.2,919.1,923.1419047619048,3.7226373005666926,930.5871793630382,915.6966301607714,NY_PM,DOWN,0.0592105263157882
USDCLP.mg,2025-03-18 13:00:00,2025-03-18 13:00:00,BLOCK,STATE=TREND|QL=NONE|LF=NONE,,blocked,NONE,914.55,916.8,914.5,916.3,915.8666666666668,3.703062010627258,923.2727906879212,908.460542645412,NY,DOWN,0.1028571428571402
USDCLP.mg,2025-03-18 14:00:00,2025-03-18 14:00:00,BLOCK,STATE=TREND|QL=NONE|LF=NONE,,blocked,NONE,916.35,921.2,915.9,918.5,917.5428571428572,3.7056557842739135,924.9541687114048,910.1315455743091,NY,DOWN,0.2777777777777782
USDCLP.mg,2025-03-18 15:00:00,2025-03-18 15:00:00,BLOCK,STATE=TREND|QL=NONE|LF=NONE,,blocked,NONE,918.55,920.55,916.6,919.8,917.9567567567568,3.5576207404774425,925.0719982377116,910.8415152758018,NY,DOWN,0.4015151515151466
USDCLP.mg,2025-03-18 16:00:00,2025-03-18 16:00:00,BLOCK,STATE=TREND|QL=NONE|LF=NONE,,blocked,NONE,919.7,919.8,915.8,917.7,917.9094339622642,3.2885106452046675,924.4864552526736,911.3324126718549,NY,DOWN,0.242424242424245
USDCLP.mg,2025-03-18 17:00:00,2025-03-18 17:00:00,BLOCK,STATE=TREND|QL=NONE|LF=NONE,,blocked,NONE,917.6,920.1,913.8,914.0,917.4948628814212,2.9400874508278743,923.3750377830772,911.6146879797656,NY,DOWN,0.0193236714975888
USDCLP.mg,2025-03-18 18:00:00,2025-03-18 18:00:00,BLOCK,STATE=TRANSITION|QL=NONE|LF=NONE,,blocked,NONE,914.5,917.3,914.5,916.9,917.4542813455656,2.6244416880312875,922.7031647216284,912.2053979695032,NY_PM,DOWN,0.3195876288659802
USDCLP.mg,2025-03-18 19:00:00,2025-03-18 19:00:00,BLOCK,STATE=TRANSITION|QL=NONE|LF=NONE,,blocked,NONE,917.1,917.4,916.4,916.4,917.3989622880284,2.6230735083074954,922.6451093046433,912.1528152714134,NY_PM,FLAT,0.2795698924731187
USDCLP.mg,2025-03-18 20:00:00,2025-03-18 20:00:00,BLOCK,STATE=TRANSITION|QL=NONE|LF=NONE,,blocked,NONE,916.6,916.6,916.25,916.4,917.3599093264248,2.604135833754348,922.5681809939337,912.151637658916,NY_PM,DOWN,0.2795698924731187
USDCLP.mg,2025-03-18 21:00:00,2025-03-18 21:00:00,BLOCK,STATE=TRANSITION|QL=NONE|LF=NONE,,blocked,NONE,916.5,916.7,916.3,916.7,917.343685300207,2.6022486443689887,922.548182588945,912.139188011469,NY_PM,DOWN,0.3918918918918994
USDCLP.mg,2025-03-19 13:00:00,2025-03-19 13:00:00,BLOCK,STATE=TRANSITION|QL=NONE|LF=NONE,,blocked,NONE,917.2,917.35,916.0,916.5,916.6166666666668,2.6021811074565213,921.8210288815798,911.4123044517536,NY,DOWN,0.3648648648648665
USDCLP.mg,2025-03-19 14:00:00,2025-03-19 14:00:00,ALLOW,STATE=TRANSITION|QL=TRANSITION_UNCLASSIFIED|LF=LOOK_FOR_transition_repricing_near_vwap,TRANSITION_PERSISTENCE,transition_persistence,LONG,916.6,918.9,915.95,918.8,917.4845679012344,2.5904387285380155,922.6654453583104,912.3036904441584,NY,UP,0.6756756756756673
USDCLP.mg,2025-03-19 15:00:00,2025-03-19 15:00:00,ALLOW,STATE=TRANSITION|QL=TRANSITION_UNCLASSIFIED|LF=LOOK_FOR_transition_repricing_near_vwap,TRANSITION_PERSISTENCE,transition_persistence,SHORT,918.6,918.6,915.3,916.6,917.2039393939392,2.565196228657621,922.3343318512544,912.073546936624,NY,DOWN,0.3783783783783829
USDCLP.mg,2025-03-19 16:00:00,2025-03-19 16:00:00,BLOCK,STATE=BALANCE|QL=NONE|LF=NONE,,blocked,NONE,916.8,918.4,916.3,917.8,917.2570151921358,2.5401686051711225,922.337352402478,912.1766779817935,NY,UP,0.5405405405405339
USDCLP.mg,2025-03-19 17:00:00,2025-03-19 17:00:00,BLOCK,STATE=BALANCE|QL=NONE|LF=NONE,,blocked,NONE,917.6,918.1,916.4,917.5,917.2501267427124,2.4974995819196746,922.2451259065516,912.2551275788728,NY,UP,0.5481481481481549
USDCLP.mg,2025-03-19 18:00:00,2025-03-19 18:00:00,BLOCK,STATE=BALANCE|QL=NONE|LF=NONE,,blocked,NONE,917.3,919.95,915.75,918.9,917.4704775022956,2.492416995871754,922.4553114940392,912.4856435105522,NY_PM,UP,0.8095238095238043
USDCLP.mg,2025-03-19 19:00:00,2025-03-19 19:00:00,BLOCK,STATE=BALANCE|QL=NONE|LF=NONE,,blocked,NONE,918.95,919.4,918.9,919.15,917.6136429085672,2.506627993765146,922.6268988960976,912.6003869210368,NY_PM,UP,0.8492063492063436
USDCLP.mg,2025-03-19 20:00:00,2025-03-19 20:00:00,BLOCK,STATE=BALANCE|QL=NONE|LF=NONE,,blocked,NONE,918.9,918.9,916.1,916.1,917.5253700414446,2.480246201264432,922.4858624439736,912.5648776389156,NY_PM,DOWN,0.2935779816513779
USDCLP.mg,2025-03-19 21:00:00,2025-03-19 21:00:00,BLOCK,STATE=BALANCE|QL=NONE|LF=NONE,,blocked,NONE,915.9,916.4,915.7,915.9,917.4536701860231,2.469547901499839,922.3927659890228,912.5145743830236,NY_PM,DOWN,0.1290322580645184
USDCLP.mg,2025-03-20 13:00:00,2025-03-20 13:00:00,BLOCK,STATE=TRANSITION|QL=NONE|LF=NONE,,blocked,NONE,922.0,922.1,920.0,920.7,920.9333333333336,2.4693663705090616,925.8720660743516,915.9946005923154,NY,UP,0.7941176470588289
USDCLP.mg,2025-03-20 14:00:00,2025-03-20 14:00:00,BLOCK,STATE=TRANSITION|QL=NONE|LF=NONE,,blocked,NONE,920.9,925.8,920.9,924.1,922.8244548286604,2.456616112718711,927.737687054098,917.911222603223,NY,UP,0.8380952380952446
USDCLP.mg,2025-03-20 15:00:00,2025-03-20 15:00:00,BLOCK,STATE=TRANSITION|QL=TRANSITION_UNCLASSIFIED|LF=LOOK_FOR_transition_dislocated_from_vwap,TRANSITION_RESOLUTION,transition_resolution,LONG,924.2,928.55,924.2,928.2,924.0498268398268,2.3877207650136496,928.825268369854,919.2743853097996,NY,UP,0.9735849056603842
USDCLP.mg,2025-03-20 16:00:00,2025-03-20 16:00:00,BLOCK,STATE=TRANSITION|QL=NONE|LF=NONE,,blocked,NONE,928.15,928.15,925.4,926.8,924.37793764988,2.324927110286525,929.0277918704533,919.728083429307,NY,UP,0.8679245283018868
USDCLP.mg,2025-03-20 17:00:00,2025-03-20 17:00:00,BLOCK,STATE=TRANSITION|QL=NONE|LF=NONE,,blocked,NONE,926.6,929.0,925.8,927.5,924.6418615314076,2.261384005117153,929.164629541642,920.1190935211732,NY,UP,0.8905109489051098
USDCLP.mg,2025-03-20 18:00:00,2025-03-20 18:00:00,BLOCK,STATE=TRANSITION|QL=NONE|LF=NONE,,blocked,NONE,927.4,928.6,926.6,927.1,924.7798812175204,2.1421739391136545,929.0642290957476,920.495533339293,NY_PM,UP,0.8571428571428583
USDCLP.mg,2025-03-20 19:00:00,2025-03-20 19:00:00,BLOCK,STATE=TRANSITION|QL=NONE|LF=NONE,,blocked,NONE,926.9,927.0,926.8,926.9,924.8630807608356,2.173927257318798,929.2109352754732,920.515226246198,NY_PM,UP,0.8421052631578925
USDCLP.mg,2025-03-20 20:00:00,2025-03-20 20:00:00,BLOCK,STATE=TRANSITION|QL=NONE|LF=NONE,,blocked,NONE,927.2,927.8,927.2,927.4,924.9463172043012,2.207314618134463,929.36094644057,920.531687968032,NY_PM,UP,0.8796992481202986
USDCLP.mg,2025-03-20 21:00:00,2025-03-20 21:00:00,BLOCK,STATE=TRANSITION|QL=NONE|LF=NONE,,blocked,NONE,927.1,927.1,926.7,926.9,924.9891802504136,2.2223850374198144,929.4339503252532,920.5444101755738,NY_PM,DOWN,0.8421052631578925
USDCLP.mg,2025-03-21 13:00:00,2025-03-21 13:00:00,BLOCK,STATE=TRANSITION|QL=NONE|LF=NONE,,blocked,NONE,930.7,930.7,930.1,930.5,930.4333333333332,2.2243125939041883,934.8819585211417,925.9847081455248,NY,UP,0.9866666666666636
USDCLP.mg,2025-03-21 14:00:00,2025-03-21 14:00:00,ALLOW,STATE=TRANSITION|QL=TRANSITION_UNCLASSIFIED|LF=LOOK_FOR_transition_repricing_near_vwap,TRANSITION_PERSISTENCE,transition_persistence,LONG,930.8,934.6,930.8,932.6,932.2666666666668,2.174574703626881,936.6158160739204,927.9175172594128,NY,UP,0.8941798941798941
USDCLP.mg,2025-03-21 15:00:00,2025-03-21 15:00:00,BLOCK,STATE=TRANSITION|QL=NONE|LF=NONE,,blocked,NONE,932.8,933.5,931.8,932.1,932.2666666666668,2.0725887954444704,936.4118442575556,928.1214890757776,NY,UP,0.8287671232876715
USDCLP.mg,2025-03-21 16:00:00,2025-03-21 16:00:00,BLOCK,STATE=TRANSITION|QL=NONE|LF=NONE,,blocked,NONE,932.0,932.3,929.85,930.8,932.0995098039216,2.0121164250912518,936.123742654104,928.075276953739,NY,UP,0.7226277372262733
USDCLP.mg,2025-03-21 17:00:00,2025-03-21 17:00:00,BLOCK,STATE=TRANSITION|QL=NONE|LF=NONE,,blocked,NONE,930.6,934.15,930.0,932.3,932.1362962962965,1.954574155639547,936.0454446075754,928.2271479850172,NY,UP,0.7788461538461467
USDCLP.mg,2025-03-21 18:00:00,2025-03-21 18:00:00,BLOCK,STATE=TRANSITION|QL=NONE|LF=NONE,,blocked,NONE,932.25,932.7,926.9,928.3,931.7035714285714,1.978499700327765,935.6605708292268,927.746572027916,NY_PM,UP,0.3152173913043438
USDCLP.mg,2025-03-21 19:00:00,2025-03-21 19:00:00,ALLOW,STATE=BALANCE|QL=BALANCE_LEAKING|LF=LOOK_FOR_balance_dislocated_from_vwap,BALANCE_DEGRADATION,allow_unmapped_baseline,NONE,928.0,928.2,927.85,928.15,931.4047263681592,2.021788650678389,935.448303669516,927.3611490668025,NY_PM,DOWN,0.2670454545454551
USDCLP.mg,2025-03-21 20:00:00,2025-03-21 20:00:00,BLOCK,STATE=BALANCE|QL=NONE|LF=NONE,,blocked,NONE,928.2,928.5,927.3,927.4,931.1549145299144,2.0748599358553865,935.3046344016252,927.0051946582038,NY_PM,DOWN,0.0999999999999943
USDCLP.mg,2025-03-24 13:00:00,2025-03-24 13:00:00,BLOCK,STATE=BALANCE|QL=NONE|LF=NONE,,blocked,NONE,922.9,924.0,921.9,924.0,923.3,2.0811928926597907,927.4623857853196,919.1376142146804,NY,DOWN,0.1653543307086626
USDCLP.mg,2025-03-24 14:00:00,2025-03-24 14:00:00,BLOCK,STATE=BALANCE|QL=NONE|LF=NONE,,blocked,NONE,924.1,925.0,922.8,923.9,923.540410958904,2.0571678137040936,927.6547465863124,919.426075331496,NY,DOWN,0.1574803149606293
USDCLP.mg,2025-03-24 15:00:00,2025-03-24 15:00:00,ALLOW,STATE=TRANSITION|QL=TRANSITION_UNCLASSIFIED|LF=LOOK_FOR_transition_repricing_near_vwap,TRANSITION_PERSISTENCE,transition_persistence,SHORT,923.95,926.3,923.4,926.0,924.0711026615968,2.0805291899338947,928.2321610414648,919.9100442817293,NY,DOWN,0.322834645669292
USDCLP.mg,2025-03-24 16:00:00,2025-03-24 16:00:00,BLOCK,STATE=TRANSITION|QL=NONE|LF=NONE,,blocked,NONE,926.1,928.4,925.1,927.8,924.7463840399002,2.1379181679820864,929.0222203758644,920.470547703936,NY,DOWN,0.4645669291338548
USDCLP.mg,2025-03-24 17:00:00,2025-03-24 17:00:00,BLOCK,STATE=TRANSITION|QL=NONE|LF=NONE,,blocked,NONE,927.9,929.0,926.55,927.6,925.169235259778,2.133840456623311,929.4369161730248,920.9015543465316,NY,DOWN,0.4488188976377972
USDCLP.mg,2025-03-24 18:00:00,2025-03-24 18:00:00,BLOCK,STATE=TREND|QL=NONE|LF=NONE,,blocked,NONE,927.5,927.8,926.1,926.1,925.283355825461,2.0935391386980813,929.4704341028572,921.0962775480648,NY_PM,DOWN,0.3428571428571466
USDCLP.mg,2025-03-24 19:00:00,2025-03-24 19:00:00,ALLOW,STATE=TRANSITION|QL=TRANSITION_UNCLASSIFIED|LF=LOOK_FOR_transition_repricing_near_vwap,TRANSITION_PERSISTENCE,transition_persistence,LONG,926.0,927.1,926.0,927.1,925.4170874496888,2.1098889915728027,929.6368654328344,921.1973094665432,NY_PM,UP,0.424489795918371
USDCLP.mg,2025-03-24 20:00:00,2025-03-24 20:00:00,ALLOW,STATE=TRANSITION|QL=TRANSITION_UNCLASSIFIED|LF=LOOK_FOR_transition_repricing_near_vwap,TRANSITION_PERSISTENCE,transition_persistence,LONG,927.4,927.9,926.9,927.3,925.519241443108,2.119157632176177,929.7575567074604,921.2809261787556,NY_PM,UP,0.4408163265306103
USDCLP.mg,2025-03-24 21:00:00,2025-03-24 21:00:00,BLOCK,STATE=TREND|QL=NONE|LF=NONE,,blocked,NONE,927.2,927.2,926.7,926.9,925.5755129229948,2.112311570756248,929.8001360645076,921.3508897814824,NY_PM,UP,0.46296296296296
USDCLP.mg,2025-03-25 13:00:00,2025-03-25 13:00:00,ALLOW,STATE=TRANSITION|QL=TRANSITION_UNCLASSIFIED|LF=LOOK_FOR_transition_repricing_near_vwap,TRANSITION_PERSISTENCE,transition_persistence,SHORT,922.1,923.2,922.1,923.1,922.8,2.063744090949345,926.9274881818988,918.6725118181014,NY,DOWN,0.1690140845070481
USDCLP.mg,2025-03-25 14:00:00,2025-03-25 14:00:00,BLOCK,STATE=TREND|QL=NONE|LF=NONE,,blocked,NONE,923.0,923.1,920.45,920.5,921.675,2.0347833649817777,925.7445667299636,917.6054332700364,NY,DOWN,0.0058479532163689
USDCLP.mg,2025-03-25 15:00:00,2025-03-25 15:00:00,BLOCK,STATE=TREND|QL=NONE|LF=NONE,,blocked,NONE,920.4,920.4,916.7,917.7,920.3145695364238,2.028151121542204,924.3708717795082,916.2582672933396,NY,DOWN,0.0813008130081303
USDCLP.mg,2025-03-25 16:00:00,2025-03-25 16:00:00,ALLOW,STATE=TRANSITION|QL=TRANSITION_UNCLASSIFIED|LF=LOOK_FOR_transition_repricing_near_vwap,TRANSITION_PERSISTENCE,transition_persistence,SHORT,917.8,919.1,916.3,918.3,919.9428774928776,1.9724304925730145,923.8877384780236,915.9980165077316,NY,DOWN,0.1574803149606293
USDCLP.mg,2025-03-25 17:00:00,2025-03-25 17:00:00,ALLOW,STATE=TRANSITION|QL=TRANSITION_UNCLASSIFIED|LF=LOOK_FOR_transition_repricing_near_vwap,TRANSITION_PERSISTENCE,transition_persistence,SHORT,918.1,920.7,918.0,920.15,919.927287066246,1.884815750809533,923.6969185678652,916.157655564627,NY,DOWN,0.3031496062992133
USDCLP.mg,2025-03-25 18:00:00,2025-03-25 18:00:00,ALLOW,STATE=TRANSITION|QL=TRANSITION_UNCLASSIFIED|LF=LOOK_FOR_transition_repricing_near_vwap,TRANSITION_PERSISTENCE,transition_persistence,SHORT,919.95,920.9,919.3,920.6,919.9492916666668,1.782579448649161,923.514450563965,916.3841327693684,NY_PM,DOWN,0.3385826771653585
USDCLP.mg,2025-03-25 19:00:00,2025-03-25 19:00:00,BLOCK,STATE=TREND|QL=NONE|LF=NONE,,blocked,NONE,920.8,920.8,920.0,920.4,919.9522774327122,1.7826011115435323,923.5174796557992,916.3870752096252,NY_PM,DOWN,0.322834645669292
USDCLP.mg,2025-03-25 20:00:00,2025-03-25 20:00:00,BLOCK,STATE=TRANSITION|QL=NONE|LF=NONE,,blocked,NONE,920.2,920.8,920.2,920.4,919.9543875147232,1.7802727695177214,923.5149330537586,916.3938419756878,NY_PM,FLAT,0.3534482758620702
USDCLP.mg,2025-03-25 21:00:00,2025-03-25 21:00:00,ALLOW,STATE=TRANSITION|QL=TRANSITION_UNCLASSIFIED|LF=LOOK_FOR_transition_repricing_near_vwap,TRANSITION_PERSISTENCE,transition_persistence,LONG,920.1,920.4,919.9,919.9,919.9346430405752,1.766785767351765,923.4682145752788,916.4010715058718,NY_PM,UP,0.3103448275862082
USDCLP.mg,2025-03-26 13:00:00,2025-03-26 13:00:00,ALLOW,STATE=TRANSITION|QL=TRANSITION_UNCLASSIFIED|LF=LOOK_FOR_transition_repricing_near_vwap,TRANSITION_PERSISTENCE,transition_persistence,SHORT,917.2,917.3,916.3,917.3,916.9666666666666,1.7655009199383431,920.4976685065432,913.43566482679,NY,DOWN,0.0862068965517239
USDCLP.mg,2025-03-26 14:00:00,2025-03-26 14:00:00,ALLOW,STATE=TRANSITION|QL=TRANSITION_UNCLASSIFIED|LF=LOOK_FOR_transition_repricing_near_vwap,TRANSITION_PERSISTENCE,transition_persistence,SHORT,917.0,918.6,915.8,916.95,917.08731884058,1.6811311956294812,920.4495812318388,913.725056449321,NY,DOWN,0.1008771929824633
USDCLP.mg,2025-03-26 15:00:00,2025-03-26 15:00:00,BLOCK,STATE=TRANSITION|QL=TRANSITION_UNCLASSIFIED|LF=LOOK_FOR_transition_dislocated_from_vwap,TRANSITION_RESOLUTION,transition_resolution,LONG,917.0,922.2,916.85,921.5,918.5175347222224,1.7167894392969425,921.9511136008164,915.0839558436286,NY,UP,0.770270270270267
USDCLP.mg,2025-03-26 16:00:00,2025-03-26 16:00:00,BLOCK,STATE=BALANCE|QL=NONE|LF=NONE,,blocked,NONE,921.4,921.9,920.0,921.1,918.922488584475,1.7223457213598663,922.3671800271948,915.4777971417552,NY,UP,0.7260273972602765
USDCLP.mg,2025-03-26 17:00:00,2025-03-26 17:00:00,BLOCK,STATE=TRANSITION|QL=TRANSITION_UNCLASSIFIED|LF=LOOK_FOR_transition_dislocated_from_vwap,TRANSITION_RESOLUTION,transition_resolution,LONG,921.0,924.8,919.6,924.2,919.6055272108844,1.8051303618730752,923.2157879346306,915.9952664871385,NY,UP,0.9333333333333436
USDCLP.mg,2025-03-26 18:00:00,2025-03-26 18:00:00,BLOCK,STATE=TRANSITION|QL=NONE|LF=NONE,,blocked,NONE,924.0,926.5,923.5,924.8,920.3548327137548,1.876504626990924,924.1078419677366,916.6018234597728,NY_PM,UP,0.8411214953270992
USDCLP.mg,2025-03-26 19:00:00,2025-03-26 19:00:00,BLOCK,STATE=TREND|QL=NONE|LF=NONE,,blocked,NONE,924.85,926.9,924.85,926.9,920.962134502924,2.013934119234751,924.9900027413936,916.9342662644544,NY_PM,UP,1.0
USDCLP.mg,2025-03-26 20:00:00,2025-03-26 20:00:00,BLOCK,STATE=TRANSITION|QL=NONE|LF=NONE,,blocked,NONE,926.85,926.85,925.7,925.7,921.2854216867472,2.0765987136394086,925.438619114026,917.1322242594684,NY_PM,UP,0.8918918918918982
USDCLP.mg,2025-03-26 21:00:00,2025-03-26 21:00:00,BLOCK,STATE=TRANSITION|QL=NONE|LF=NONE,,blocked,NONE,925.8,926.0,925.8,925.9,921.5219603825136,2.1234471121455485,925.7688546068048,917.2750661582228,NY_PM,UP,0.90990990990991
USDCLP.mg,2025-03-27 13:00:00,2025-03-27 13:00:00,BLOCK,STATE=TRANSITION|QL=NONE|LF=NONE,,blocked,NONE,926.2,927.0,924.8,925.2,925.6666666666666,2.132365191641032,929.9313970499488,921.4019362833844,NY,UP,0.839285714285719
USDCLP.mg,2025-03-27 14:00:00,2025-03-27 14:00:00,BLOCK,STATE=TRANSITION|QL=NONE|LF=NONE,,blocked,NONE,925.3,925.9,922.9,924.6,924.9433962264152,2.137978258355783,929.2193527431266,920.6674397097036,NY,UP,0.7857142857142886
USDCLP.mg,2025-03-27 15:00:00,2025-03-27 15:00:00,BLOCK,STATE=TRANSITION|QL=TRANSITION_UNCLASSIFIED|LF=LOOK_FOR_transition_dislocated_from_vwap,TRANSITION_RESOLUTION,transition_resolution,LONG,924.5,930.4,924.3,930.2,926.5709706959708,2.170693130913136,930.9123569577972,922.2295844341444,NY,UP,0.9863013698630184
USDCLP.mg,2025-03-27 16:00:00,2025-03-27 16:00:00,BLOCK,STATE=TRANSITION|QL=TRANSITION_UNCLASSIFIED|LF=LOOK_FOR_transition_dislocated_from_vwap,TRANSITION_RESOLUTION,transition_resolution,LONG,930.1,934.0,930.1,933.5,927.8544229642648,2.2677613014972344,932.3899455672594,923.3189003612704,NY,UP,0.9725274725274726
USDCLP.mg,2025-03-27 17:00:00,2025-03-27 17:00:00,BLOCK,STATE=TRANSITION|QL=NONE|LF=NONE,,blocked,NONE,933.4,938.6,933.2,935.8,929.0801801801804,2.375338429055148,933.8308570382906,924.32950332207,NY,UP,0.8712643678160888
USDCLP.mg,2025-03-27 18:00:00,2025-03-27 18:00:00,BLOCK,STATE=TRANSITION|QL=NONE|LF=NONE,,blocked,NONE,936.0,936.0,932.8,934.6,929.7037901861252,2.3963322648931613,934.4964547159116,924.911125656339,NY_PM,UP,0.7894736842105263
USDCLP.mg,2025-03-27 19:00:00,2025-03-27 19:00:00,BLOCK,STATE=TREND|QL=NONE|LF=NONE,,blocked,NONE,934.5,934.5,932.7,933.4,930.0402067616652,2.4015913021578013,934.8433893659808,925.2370241573498,NY_PM,UP,0.7263157894736818
USDCLP.mg,2025-03-27 20:00:00,2025-03-27 20:00:00,BLOCK,STATE=TREND|QL=NONE|LF=NONE,,blocked,NONE,933.6,933.6,932.9,933.2,930.2668332143708,2.4108795636395888,935.08859234165,925.4450740870916,NY_PM,UP,0.6560509554140151
USDCLP.mg,2025-03-27 21:00:00,2025-03-27 21:00:00,BLOCK,STATE=TREND|QL=NONE|LF=NONE,,blocked,NONE,933.3,936.0,933.2,935.9,930.5512119328775,2.443905151992979,935.4390222368636,925.6634016288916,NY_PM,UP,0.828025477707004
USDCLP.mg,2025-03-28 13:00:00,2025-03-28 13:00:00,BLOCK,STATE=TREND|QL=NONE|LF=NONE,,blocked,NONE,939.5,940.6,938.5,939.2,939.4333333333334,2.451948220768822,944.337229774871,934.5294368917956,NY,UP,0.9209039548022614
USDCLP.mg,2025-03-28 14:00:00,2025-03-28 14:00:00,BLOCK,STATE=TREND|QL=NONE|LF=NONE,,blocked,NONE,939.1,943.2,938.8,942.5,940.9603921568628,2.443362913490273,945.8471179838432,936.073666329882,NY,UP,0.9655172413793082
USDCLP.mg,2025-03-28 15:00:00,2025-03-28 15:00:00,BLOCK,STATE=TREND|QL=NONE|LF=NONE,,blocked,NONE,942.8,945.5,941.6,945.3,941.8955849889624,2.456429808461336,946.8084446058853,936.9827253720398,NY,UP,0.991150442477874
USDCLP.mg,2025-03-28 16:00:00,2025-03-28 16:00:00,BLOCK,STATE=TREND|QL=NONE|LF=NONE,,blocked,NONE,945.5,949.55,945.5,949.55,943.625046728972,2.536387808380049,948.697822345732,938.552271112212,NY,UP,1.0
USDCLP.mg,2025-03-28 17:00:00,2025-03-28 17:00:00,BLOCK,STATE=TREND|QL=NONE|LF=NONE,,blocked,NONE,949.6,951.45,947.0,947.0,944.2393880208332,2.539102601942161,949.3175932247176,939.161182816949,NY,UP,0.8360957642725587
USDCLP.mg,2025-03-28 18:00:00,2025-03-28 18:00:00,BLOCK,STATE=TREND|QL=NONE|LF=NONE,,blocked,NONE,947.1,951.6,947.1,949.9,944.804378954379,2.588814383070175,949.9820077205194,939.6267501882386,NY_PM,UP,0.9209302325581374
USDCLP.mg,2025-03-28 19:00:00,2025-03-28 19:00:00,BLOCK,STATE=TREND|QL=NONE|LF=NONE,,blocked,NONE,949.4,950.4,948.9,950.1,945.1685980551052,2.622206715210413,950.4130114855262,939.9241846246844,NY_PM,UP,0.9206349206349206
USDCLP.mg,2025-03-28 20:00:00,2025-03-28 20:00:00,BLOCK,STATE=TREND|QL=NONE|LF=NONE,,blocked,NONE,950.4,951.6,950.35,950.4,945.4330038627586,2.655622306025311,950.7442484748092,940.121759250708,NY_PM,UP,0.936507936507934
USDCLP.mg,2025-03-31 13:00:00,2025-03-31 13:00:00,BLOCK,STATE=TREND|QL=NONE|LF=NONE,,blocked,NONE,953.9,955.2,952.5,952.5,953.4,2.6684966302524287,958.7369932605048,948.0630067394952,NY,UP,0.879999999999998
USDCLP.mg,2025-03-31 14:00:00,2025-03-31 14:00:00,BLOCK,STATE=TREND|QL=NONE|LF=NONE,,blocked,NONE,952.2,953.1,949.4,950.1,951.993023255814,2.6836128536113355,957.3602489630366,946.6257975485912,NY,UP,0.771300448430493
USDCLP.mg,2025-03-31 15:00:00,2025-03-31 15:00:00,BLOCK,STATE=TREND|QL=NONE|LF=NONE,,blocked,NONE,950.0,952.25,948.2,951.65,951.825,2.6880902346853657,957.2011804693708,946.4488195306292,NY,UP,0.8386363636363605
USDCLP.mg,2025-03-31 16:00:00,2025-03-31 16:00:00,BLOCK,STATE=TREND|QL=NONE|LF=NONE,,blocked,NONE,951.55,955.9,950.8,950.8,951.7498204022988,2.6138160143445908,956.977452430988,946.5221883736097,NY,UP,0.7068965517241362
USDCLP.mg,2025-03-31 17:00:00,2025-03-31 17:00:00,ALLOW,STATE=TRANSITION|QL=TRANSITION_UNCLASSIFIED|LF=LOOK_FOR_transition_repricing_near_vwap,TRANSITION_PERSISTENCE,transition_persistence,LONG,950.9,955.0,950.9,955.0,952.1114293085654,2.514846293186817,957.141121894939,947.081736722192,NY,UP,0.947368421052633
USDCLP.mg,2025-03-31 18:00:00,2025-03-31 18:00:00,ALLOW,STATE=TRANSITION|QL=TRANSITION_UNCLASSIFIED|LF=LOOK_FOR_transition_repricing_near_vwap,TRANSITION_PERSISTENCE,transition_persistence,LONG,955.2,956.6,951.0,951.0,952.0722826086956,2.4184514706150164,956.9091855499256,947.2353796674656,NY_PM,UP,0.6266666666666652
USDCLP.mg,2025-03-31 19:00:00,2025-03-31 19:00:00,ALLOW,STATE=TRANSITION|QL=TRANSITION_UNCLASSIFIED|LF=LOOK_FOR_transition_repricing_near_vwap,TRANSITION_PERSISTENCE,transition_persistence,SHORT,951.2,951.4,950.6,950.8,952.0352310231024,2.454188867958087,956.9436087590184,947.1268532871862,NY_PM,DOWN,0.4774774774774724
USDCLP.mg,2025-03-31 20:00:00,2025-03-31 20:00:00,BLOCK,STATE=BALANCE|QL=NONE|LF=NONE,,blocked,NONE,950.9,950.9,950.7,950.7,952.0044043624162,2.486812541175721,956.9780294447676,947.0307792800648,NY_PM,UP,0.3854166666666705
USDCLP.mg,2025-03-31 21:00:00,2025-03-31 21:00:00,BLOCK,STATE=BALANCE|QL=NONE|LF=NONE,,blocked,NONE,950.2,950.2,948.9,948.95,951.9044759825327,2.579204367788124,957.062884718109,946.7460672469564,NY_PM,DOWN,0.1947368421052655
USDCLP.mg,2025-04-01 13:00:00,2025-04-01 13:00:00,BLOCK,STATE=BALANCE|QL=NONE|LF=NONE,,blocked,NONE,950.9,950.9,948.0,948.0,948.9666666666668,2.6014700008145875,954.1696066682958,943.7637266650376,NY,DOWN,0.0
USDCLP.mg,2025-04-01 14:00:00,2025-04-01 14:00:00,BLOCK,STATE=BALANCE|QL=NONE|LF=NONE,,blocked,NONE,947.95,949.0,945.7,947.8,948.2895833333332,2.617604263094377,953.524791859522,943.0543748071444,NY,DOWN,0.1926605504587076
USDCLP.mg,2025-04-01 15:00:00,2025-04-01 15:00:00,BLOCK,STATE=BALANCE|QL=NONE|LF=NONE,,blocked,NONE,947.9,948.5,945.9,947.15,948.1224137931034,2.641318192269709,953.4050501776428,942.839777408564,NY,DOWN,0.1330275229357738
USDCLP.mg,2025-04-01 16:00:00,2025-04-01 16:00:00,BLOCK,STATE=TRANSITION|QL=NONE|LF=NONE,,blocked,NONE,947.1,947.8,943.1,944.8,947.548015873016,2.712269799021936,952.97255547106,942.123476274972,NY,DOWN,0.1259259259259208
USDCLP.mg,2025-04-01 17:00:00,2025-04-01 17:00:00,BLOCK,STATE=TRANSITION|QL=NONE|LF=NONE,,blocked,NONE,945.0,945.7,943.0,943.5,947.1348484848484,2.808220294453718,952.751289073756,941.5184078959412,NY,DOWN,0.0367647058823528
USDCLP.mg,2025-04-01 18:00:00,2025-04-01 18:00:00,BLOCK,STATE=TRANSITION|QL=NONE|LF=NONE,,blocked,NONE,943.6,945.55,942.6,945.3,946.9688725490196,2.84189686514088,952.6526662793016,941.285078818738,NY_PM,DOWN,0.1928571428571379
USDCLP.mg,2025-04-01 19:00:00,2025-04-01 19:00:00,ALLOW,STATE=TRANSITION|QL=TRANSITION_UNCLASSIFIED|LF=LOOK_FOR_transition_repricing_near_vwap,TRANSITION_PERSISTENCE,transition_persistence,SHORT,945.1,945.9,944.3,945.9,946.8882716049384,2.8574565899659703,952.6031847848702,941.1733584250064,NY_PM,DOWN,0.2357142857142824
USDCLP.mg,2025-04-01 20:00:00,2025-04-01 20:00:00,BLOCK,STATE=TREND|QL=NONE|LF=NONE,,blocked,NONE,945.8,946.4,945.8,946.1,946.8391843971632,2.8503168566631096,952.5398181104894,941.138550683837,NY_PM,DOWN,0.25
USDCLP.mg,2025-04-01 21:00:00,2025-04-01 21:00:00,BLOCK,STATE=TREND|QL=NONE|LF=NONE,,blocked,NONE,946.4,948.1,946.4,946.9,946.8344236760124,2.799207392149621,952.4328384603118,941.2360088917133,NY_PM,DOWN,0.488636363636361
USDCLP.mg,2025-04-02 13:00:00,2025-04-02 13:00:00,BLOCK,STATE=TREND|QL=NONE|LF=NONE,,blocked,NONE,944.4,945.5,944.0,944.2,944.5666666666664,2.7766993419003527,950.1200653504671,939.0132679828658,NY,DOWN,0.1927710843373531
USDCLP.mg,2025-04-02 14:00:00,2025-04-02 14:00:00,ALLOW,STATE=TRANSITION|QL=TRANSITION_UNCLASSIFIED|LF=LOOK_FOR_transition_repricing_near_vwap,TRANSITION_PERSISTENCE,transition_persistence,LONG,944.6,948.1,944.5,947.6,946.18431372549,2.7713451588074194,951.7270040431048,940.6416234078752,NY,UP,0.6024096385542201
USDCLP.mg,2025-04-02 15:00:00,2025-04-02 15:00:00,ALLOW,STATE=TRANSITION|QL=TRANSITION_UNCLASSIFIED|LF=LOOK_FOR_transition_repricing_near_vwap,TRANSITION_PERSISTENCE,transition_persistence,LONG,947.4,949.1,944.4,948.4,946.7605876393108,2.7691162598205845,952.298820158952,941.2223551196696,NY,UP,0.6987951807228899
USDCLP.mg,2025-04-02 16:00:00,2025-04-02 16:00:00,ALLOW,STATE=TRANSITION|QL=TRANSITION_UNCLASSIFIED|LF=LOOK_FOR_transition_repricing_near_vwap,TRANSITION_PERSISTENCE,transition_persistence,LONG,948.2,950.5,948.2,948.9,947.1448914431672,2.765523651249707,952.6759387456666,941.613844140668,NY,UP,0.7974683544303763
USDCLP.mg,2025-04-02 17:00:00,2025-04-02 17:00:00,BLOCK,STATE=TRANSITION|QL=TRANSITION_UNCLASSIFIED|LF=LOOK_FOR_transition_dislocated_from_vwap,TRANSITION_RESOLUTION,transition_resolution,LONG,949.0,954.65,949.0,954.05,948.158508158508,2.8301535693756272,953.8188152972592,942.4982010197568,NY,UP,0.950207468879666
USDCLP.mg,2025-04-02 18:00:00,2025-04-02 18:00:00,BLOCK,STATE=TREND|QL=NONE|LF=NONE,,blocked,NONE,954.0,957.4,953.6,955.2,949.0175477239354,2.892925600362574,954.8033989246604,943.2316965232104,NY_PM,UP,0.8513513513513555
USDCLP.mg,2025-04-02 19:00:00,2025-04-02 19:00:00,BLOCK,STATE=TREND|QL=NONE|LF=NONE,,blocked,NONE,955.0,955.6,953.9,954.9,949.5578867696034,2.930394395675711,955.4186755609549,943.697097978252,NY_PM,UP,0.8310810810810806
USDCLP.mg,2025-04-02 20:00:00,2025-04-02 20:00:00,BLOCK,STATE=TRANSITION|QL=NONE|LF=NONE,,blocked,NONE,954.4,955.4,954.4,954.4,949.9121844410098,2.940313254548396,955.7928109501066,944.031557931913,NY_PM,UP,0.7972972972972967
USDCLP.mg,2025-04-02 21:00:00,2025-04-02 21:00:00,BLOCK,STATE=TRANSITION|QL=NONE|LF=NONE,,blocked,NONE,954.9,954.9,953.25,953.9,950.1528805200628,2.947967608321253,956.0488157367056,944.2569453034204,NY_PM,UP,0.7388059701492533
USDCLP.mg,2025-04-03 13:00:00,2025-04-03 13:00:00,BLOCK,STATE=BALANCE|QL=NONE|LF=NONE,,blocked,NONE,950.8,950.8,947.6,948.2,948.8666666666668,2.970416390832358,954.8074994483316,942.925833885002,NY,DOWN,0.3134328358208994
USDCLP.mg,2025-04-03 14:00:00,2025-04-03 14:00:00,BLOCK,STATE=BALANCE|QL=NONE|LF=NONE,,blocked,NONE,947.8,949.0,945.2,945.4,947.4297063903282,2.9941163826145414,953.4179391555572,941.4414736250992,NY,DOWN,0.1044776119402969
USDCLP.mg,2025-04-03 15:00:00,2025-04-03 15:00:00,BLOCK,STATE=BALANCE|QL=NONE|LF=NONE,,blocked,NONE,945.1,946.0,942.1,944.1,946.6305949008498,3.027777377770261,952.6861496563904,940.5750401453092,NY,DOWN,0.1307189542483664
USDCLP.mg,2025-04-03 16:00:00,2025-04-03 16:00:00,BLOCK,STATE=BALANCE|QL=NONE|LF=NONE,,blocked,NONE,944.0,944.9,942.2,944.2,946.3403508771928,3.00701061797143,952.3543721131358,940.32632964125,NY,DOWN,0.1372549019607862
USDCLP.mg,2025-04-03 17:00:00,2025-04-03 17:00:00,BLOCK,STATE=BALANCE|QL=NONE|LF=NONE,,blocked,NONE,944.3,948.6,944.3,947.8,946.4790322580644,2.976181351592873,952.43139496125,940.5266695548788,NY,DOWN,0.3725490196078397
USDCLP.mg,2025-04-03 18:00:00,2025-04-03 18:00:00,BLOCK,STATE=BALANCE|QL=NONE|LF=NONE,,blocked,NONE,947.5,948.7,946.5,946.9,946.5030552291422,2.947342558868162,952.3977403468784,940.608370111406,NY_PM,DOWN,0.3137254901960764
USDCLP.mg,2025-04-03 19:00:00,2025-04-03 19:00:00,ALLOW,STATE=TRANSITION|QL=TRANSITION_UNCLASSIFIED|LF=LOOK_FOR_transition_repricing_near_vwap,TRANSITION_PERSISTENCE,transition_persistence,LONG,946.8,948.9,946.5,948.9,946.6295751633986,2.9393359357832143,952.508247034965,940.7509032918322,NY_PM,UP,0.4444444444444428
USDCLP.mg,2025-04-03 20:00:00,2025-04-03 20:00:00,ALLOW,STATE=TRANSITION|QL=TRANSITION_UNCLASSIFIED|LF=LOOK_FOR_transition_repricing_near_vwap,TRANSITION_PERSISTENCE,transition_persistence,LONG,948.7,949.1,948.7,949.0,946.7248668348752,2.931845841580625,952.5885585180364,940.861175151714,NY_PM,UP,0.4509803921568626
USDCLP.mg,2025-04-03 21:00:00,2025-04-03 21:00:00,BLOCK,STATE=TREND|QL=NONE|LF=NONE,,blocked,NONE,949.1,949.1,947.9,947.9,946.7508100147276,2.914352316973789,952.5795146486752,940.92210538078,NY_PM,UP,0.4296296296296262
USDCLP.mg,2025-04-04 13:00:00,2025-04-04 13:00:00,BLOCK,STATE=TREND|QL=NONE|LF=NONE,,blocked,NONE,971.4,971.4,969.0,969.9,970.1,2.8553274587722166,975.8106549175444,964.3893450824556,NY,UP,0.9488054607508531
USDCLP.mg,2025-04-04 14:00:00,2025-04-04 14:00:00,BLOCK,STATE=TREND|QL=NONE|LF=NONE,,blocked,NONE,969.8,975.1,969.8,973.3,972.0053672316384,2.7436204318501773,977.4926080953388,966.518126367938,NY,UP,0.9454545454545434
USDCLP.mg,2025-04-04 15:00:00,2025-04-04 15:00:00,BLOCK,STATE=TREND|QL=NONE|LF=NONE,,blocked,NONE,973.5,978.6,971.8,976.4,973.2228352490422,2.7059551635748558,978.634745576192,967.8109249218924,NY,UP,0.9397260273972592
USDCLP.mg,2025-04-04 16:00:00,2025-04-04 16:00:00,BLOCK,STATE=TREND|QL=NONE|LF=NONE,,blocked,NONE,976.6,982.2,976.1,980.8,974.7268221574344,2.778554881177625,980.2839319197898,969.1697123950792,NY,UP,0.965087281795509
USDCLP.mg,2025-04-04 17:00:00,2025-04-04 17:00:00,BLOCK,STATE=TREND|QL=NONE|LF=NONE,,blocked,NONE,980.6,981.1,975.55,976.8,975.0678762006404,2.767981815947219,980.6038398325348,969.531912568746,NY,UP,0.8653366583541126
USDCLP.mg,2025-04-04 18:00:00,2025-04-04 18:00:00,BLOCK,STATE=TREND|QL=NONE|LF=NONE,,blocked,NONE,976.75,981.6,976.3,979.4,975.447923681257,2.7312836904416105,980.9104910621402,969.9853563003736,NY_PM,UP,0.9299999999999984
USDCLP.mg,2025-04-04 19:00:00,2025-04-04 19:00:00,BLOCK,STATE=TREND|QL=NONE|LF=NONE,,blocked,NONE,979.7,981.7,978.7,980.4,975.7535325457492,2.7697118750001675,981.2929562957496,970.214108795749,NY_PM,UP,0.9525065963060668
USDCLP.mg,2025-04-04 20:00:00,2025-04-04 20:00:00,BLOCK,STATE=TREND|QL=NONE|LF=NONE,,blocked,NONE,979.4,979.4,977.9,977.9,975.8445956607496,2.7719849113794863,981.3885654835084,970.3006258379904,NY_PM,UP,0.8795518207282895
USDCLP.mg,2025-04-07 14:00:00,2025-04-07 14:00:00,BLOCK,STATE=TREND|QL=NONE|LF=NONE,,blocked,NONE,986.6,987.1,984.3,984.9,985.4333333333334,2.764129468848929,990.9615922710312,979.9050743956356,NY,UP,0.9458128078817724
USDCLP.mg,2025-04-07 15:00:00,2025-04-07 15:00:00,BLOCK,STATE=TREND|QL=NONE|LF=NONE,,blocked,NONE,985.0,992.6,984.6,988.7,987.8127192982456,2.676029115886762,993.1647775300193,982.4606610664722,NY,UP,0.9127516778523496
USDCLP.mg,2025-04-07 16:00:00,2025-04-07 16:00:00,BLOCK,STATE=TREND|QL=NONE|LF=NONE,,blocked,NONE,988.6,991.5,982.2,990.5,988.1520212060968,2.671198763332254,993.4944187327612,982.8096236794322,NY,UP,0.9530201342281874
USDCLP.mg,2025-04-07 17:00:00,2025-04-07 17:00:00,BLOCK,STATE=TREND|QL=NONE|LF=NONE,,blocked,NONE,990.3,994.6,988.5,993.7,988.8641388174808,2.6633446112314467,994.1908280399437,983.537449595018,NY,UP,0.9648437500000008
USDCLP.mg,2025-04-07 18:00:00,2025-04-07 18:00:00,BLOCK,STATE=TREND|QL=NONE|LF=NONE,,blocked,NONE,993.6,996.2,993.0,994.5,989.4132320354544,2.6680978190832474,994.7494276736207,984.0770363972878,NY_PM,UP,0.9356060606060592
USDCLP.mg,2025-04-07 19:00:00,2025-04-07 19:00:00,BLOCK,STATE=TREND|QL=NONE|LF=NONE,,blocked,NONE,994.8,994.8,986.2,987.7,989.2655371485944,2.630276290775774,994.526089730146,984.0049845670428,NY_PM,UP,0.6516393442622964
USDCLP.mg,2025-04-07 20:00:00,2025-04-07 20:00:00,ALLOW,STATE=TRANSITION|QL=TRANSITION_UNCLASSIFIED|LF=LOOK_FOR_transition_repricing_near_vwap,TRANSITION_PERSISTENCE,transition_persistence,LONG,987.9,988.5,987.2,987.2,989.1399251403618,2.6487164783726125,994.437358097107,983.8424921836166,NY_PM,UP,0.5641646489104135
USDCLP.mg,2025-04-07 21:00:00,2025-04-07 21:00:00,ALLOW,STATE=TRANSITION|QL=TRANSITION_UNCLASSIFIED|LF=LOOK_FOR_transition_repricing_near_vwap,TRANSITION_PERSISTENCE,transition_persistence_flat,NONE,987.3,989.3,987.3,988.6,989.1194355697552,2.6265786919070355,994.3725929535692,983.866278185941,NY_PM,FLAT,0.6319612590799036
USDCLP.mg,2025-04-08 14:00:00,2025-04-08 14:00:00,ALLOW,STATE=TRANSITION|QL=TRANSITION_UNCLASSIFIED|LF=LOOK_FOR_transition_repricing_near_vwap,TRANSITION_PERSISTENCE,transition_persistence,SHORT,983.4,983.9,981.2,983.8,982.9666666666666,2.622097938059231,988.2108625427852,977.722470790548,NY,DOWN,0.376884422110551
USDCLP.mg,2025-04-08 15:00:00,2025-04-08 15:00:00,ALLOW,STATE=TRANSITION|QL=TRANSITION_UNCLASSIFIED|LF=LOOK_FOR_transition_repricing_near_vwap,TRANSITION_PERSISTENCE,transition_persistence,SHORT,983.6,985.5,981.6,984.8,983.6358139534884,2.6084943906318254,988.852802734752,978.4188251722248,NY,DOWN,0.3770491803278662
USDCLP.mg,2025-04-08 16:00:00,2025-04-08 16:00:00,BLOCK,STATE=TRANSITION|QL=NONE|LF=NONE,,blocked,NONE,985.1,992.3,985.1,992.3,986.2229398663696,2.694341732032396,991.6116233304344,980.8342564023048,NY,DOWN,0.7868852459016352
USDCLP.mg,2025-04-08 17:00:00,2025-04-08 17:00:00,BLOCK,STATE=TREND|QL=NONE|LF=NONE,,blocked,NONE,992.0,999.6,992.0,998.1,988.824487004104,2.9186814989676804,994.6618500020392,982.9871240061686,NY,UP,0.9184782608695652
USDCLP.mg,2025-04-08 18:00:00,2025-04-08 18:00:00,BLOCK,STATE=TREND|QL=NONE|LF=NONE,,blocked,NONE,998.2,1001.1,996.5,1000.9,990.3766041461008,3.1786578371066314,996.733919820314,984.0192884718874,NY_PM,UP,0.9899497487437164
USDCLP.mg,2025-04-08 19:00:00,2025-04-08 19:00:00,ALLOW,STATE=TRANSITION|QL=TRANSITION_UNCLASSIFIED|LF=LOOK_FOR_transition_repricing_near_vwap,TRANSITION_PERSISTENCE,transition_persistence,LONG,1001.0,1002.5,995.2,995.2,990.9406177606178,3.177335611395216,997.2952889834082,984.5859465378272,NY_PM,UP,0.6572769953051657
USDCLP.mg,2025-04-08 20:00:00,2025-04-08 20:00:00,ALLOW,STATE=TRANSITION|QL=TRANSITION_UNCLASSIFIED|LF=LOOK_FOR_transition_repricing_near_vwap,TRANSITION_PERSISTENCE,transition_persistence,LONG,995.4,996.4,994.4,995.4,991.3148383005708,3.128342321890764,997.5715229443524,985.0581536567892,NY_PM,UP,0.6666666666666649
USDCLP.mg,2025-04-08 21:00:00,2025-04-08 21:00:00,BLOCK,STATE=TRANSITION|QL=TRANSITION_UNCLASSIFIED|LF=LOOK_FOR_transition_dislocated_from_vwap,TRANSITION_RESOLUTION,transition_resolution,LONG,995.5,998.6,995.5,998.5,991.7322754168908,3.18396826612502,998.1002119491408,985.3643388846408,NY_PM,UP,0.8122065727699527
USDCLP.mg,2025-04-09 14:00:00,2025-04-09 14:00:00,ALLOW,STATE=TRANSITION|QL=TRANSITION_UNCLASSIFIED|LF=LOOK_FOR_transition_repricing_near_vwap,TRANSITION_PERSISTENCE,transition_persistence,LONG,1006.0,1007.1,1004.7,1004.7,1005.5,3.1889530579731136,1011.8779061159462,999.1220938840538,NY,UP,0.9073359073359082
USDCLP.mg,2025-04-09 15:00:00,2025-04-09 15:00:00,ALLOW,STATE=TRANSITION|QL=TRANSITION_UNCLASSIFIED|LF=LOOK_FOR_transition_repricing_near_vwap,TRANSITION_PERSISTENCE,transition_persistence,LONG,1004.4,1004.4,998.3,1000.5,1002.6221256038648,3.2138368346438484,1009.0497992731524,996.194451934577,NY,UP,0.745173745173744
USDCLP.mg,2025-04-09 16:00:00,2025-04-09 16:00:00,BLOCK,STATE=TREND|QL=NONE|LF=NONE,,blocked,NONE,1000.7,1006.0,1000.5,1006.0,1003.1660426417056,3.1476053853815573,1009.4612534124687,996.8708318709424,NY,UP,0.9575289575289566
USDCLP.mg,2025-04-09 17:00:00,2025-04-09 17:00:00,ALLOW,STATE=TRANSITION|QL=TRANSITION_UNCLASSIFIED|LF=LOOK_FOR_transition_repricing_near_vwap,TRANSITION_PERSISTENCE,transition_persistence,LONG,1005.8,1007.3,1002.0,1004.1,1003.1872998932764,3.047090084462135,1009.2814800622008,997.0931197243522,NY,UP,0.8773946360153279
USDCLP.mg,2025-04-09 18:00:00,2025-04-09 18:00:00,ALLOW,STATE=TRANSITION|QL=TRANSITION_UNCLASSIFIED|LF=LOOK_FOR_transition_repricing_near_vwap,TRANSITION_PERSISTENCE,transition_persistence,LONG,1004.0,1004.3,995.7,998.0,1002.5021627466884,3.1423087016820186,1008.7867801500524,996.2175453433244,NY_PM,UP,0.6381322957198452
USDCLP.mg,2025-04-09 19:00:00,2025-04-09 19:00:00,ALLOW,STATE=TRANSITION|QL=TRANSITION_UNCLASSIFIED|LF=LOOK_FOR_transition_dislocated_from_vwap,TRANSITION_RESOLUTION,transition_resolution,SHORT,998.2,999.3,981.4,981.6,1000.1012208415086,4.25812221794137,1008.6174652773914,991.584976405626,NY_PM,DOWN,0.0077220077220094
USDCLP.mg,2025-04-09 20:00:00,2025-04-09 20:00:00,BLOCK,STATE=TRANSITION|QL=TRANSITION_UNCLASSIFIED|LF=LOOK_FOR_transition_dislocated_from_vwap,TRANSITION_RESOLUTION,transition_resolution,SHORT,981.4,981.7,978.9,979.4,998.22500456621,5.140428043760958,1008.505860653732,987.944148478688,NY_PM,DOWN,0.0176056338028169
USDCLP.mg,2025-04-09 21:00:00,2025-04-09 21:00:00,BLOCK,STATE=TREND|QL=NONE|LF=NONE,,blocked,NONE,979.9,980.9,979.4,979.4,996.8724658180104,5.782567786580331,1008.437601391171,985.3073302448496,NY_PM,DOWN,0.0176056338028169
USDCLP.mg,2025-04-09 22:00:00,2025-04-09 22:00:00,BLOCK,STATE=TREND|QL=NONE|LF=NONE,,blocked,NONE,978.9,980.4,978.9,979.4,995.8512067301062,6.28146386341976,1008.4141344569458,983.2882790032668,NY_PM,DOWN,0.0176056338028169
USDCLP.mg,2025-04-10 14:00:00,2025-04-10 14:00:00,ALLOW,STATE=TRANSITION|QL=TRANSITION_UNCLASSIFIED|LF=LOOK_FOR_transition_repricing_near_vwap,TRANSITION_PERSISTENCE,transition_persistence,SHORT,982.0,984.0,980.9,984.0,982.9666666666666,6.28068067329656,995.5280280132596,970.4053053200736,NY,DOWN,0.1795774647887333
USDCLP.mg,2025-04-10 15:00:00,2025-04-10 15:00:00,ALLOW,STATE=TRANSITION|QL=TRANSITION_UNCLASSIFIED|LF=LOOK_FOR_transition_repricing_near_vwap,TRANSITION_PERSISTENCE,transition_persistence,SHORT,984.3,988.2,983.0,986.8,984.86836461126,6.281812740831147,997.4319900929222,972.3047391295976,NY,DOWN,0.2781690140845064
USDCLP.mg,2025-04-10 16:00:00,2025-04-10 16:00:00,ALLOW,STATE=TRANSITION|QL=TRANSITION_UNCLASSIFIED|LF=LOOK_FOR_transition_repricing_near_vwap,TRANSITION_PERSISTENCE,transition_persistence,LONG,986.7,989.5,986.5,986.6,985.2268340718856,6.280606711411588,997.7880474947088,972.6656206490626,NY,UP,0.2711267605633821
USDCLP.mg,2025-04-10 17:00:00,2025-04-10 17:00:00,BLOCK,STATE=TRANSITION|QL=NONE|LF=NONE,,blocked,NONE,986.8,990.4,985.2,990.4,985.848623853211,6.260341115928933,998.369306085069,973.3279416213531,NY,UP,0.4049295774647891
USDCLP.mg,2025-04-10 18:00:00,2025-04-10 18:00:00,BLOCK,STATE=TRANSITION|QL=NONE|LF=NONE,,blocked,NONE,990.1,996.0,988.6,993.5,986.8622827496756,6.269008138310898,999.4002990262974,974.324266473054,NY_PM,UP,0.5140845070422547
USDCLP.mg,2025-04-10 19:00:00,2025-04-10 19:00:00,BLOCK,STATE=TREND|QL=NONE|LF=NONE,,blocked,NONE,993.6,993.9,986.5,987.8,987.124585693308,6.231146864296655,999.5868794219014,974.6622919647148,NY_PM,UP,0.3133802816901403
USDCLP.mg,2025-04-10 20:00:00,2025-04-10 20:00:00,BLOCK,STATE=TREND|QL=NONE|LF=NONE,,blocked,NONE,987.9,987.9,986.5,986.5,987.2330515935904,6.206266367067776,999.6455843277258,974.8205188594548,NY_PM,UP,0.299212598425198
USDCLP.mg,2025-04-10 21:00:00,2025-04-10 21:00:00,ALLOW,STATE=TRANSITION|QL=TRANSITION_UNCLASSIFIED|LF=LOOK_FOR_transition_repricing_near_vwap,TRANSITION_PERSISTENCE,transition_persistence,SHORT,986.7,987.4,986.4,986.4,987.3068881808528,6.189506900313413,999.6859019814796,974.927874380226,NY_PM,DOWN,0.3676470588235298
USDCLP.mg,2025-04-10 22:00:00,2025-04-10 22:00:00,ALLOW,STATE=TRANSITION|QL=TRANSITION_UNCLASSIFIED|LF=LOOK_FOR_transition_repricing_near_vwap,TRANSITION_PERSISTENCE,transition_persistence,LONG,986.2,987.9,986.2,987.4,987.4032920165268,6.188147233957402,999.7795864844416,975.026997548612,NY_PM,UP,0.4970760233918122
USDCLP.mg,2025-04-11 14:00:00,2025-04-11 14:00:00,ALLOW,STATE=TRANSITION|QL=TRANSITION_UNCLASSIFIED|LF=LOOK_FOR_transition_repricing_near_vwap,TRANSITION_PERSISTENCE,transition_persistence,SHORT,977.7,981.3,977.3,980.9,979.8333333333334,6.179914314471916,992.1931619622771,967.4735047043896,NY,DOWN,0.1925133689839579
USDCLP.mg,2025-04-11 15:00:00,2025-04-11 15:00:00,ALLOW,STATE=TRANSITION|QL=TRANSITION_UNCLASSIFIED|LF=LOOK_FOR_transition_repricing_near_vwap,TRANSITION_PERSISTENCE,transition_persistence,SHORT,981.0,983.8,978.0,978.0,979.7301075268816,6.173319304153272,992.0767461351882,967.3834689185752,NY,DOWN,0.0374331550802162
USDCLP.mg,2025-04-11 16:00:00,2025-04-11 16:00:00,ALLOW,STATE=TRANSITION|QL=TRANSITION_UNCLASSIFIED|LF=LOOK_FOR_transition_repricing_near_vwap,TRANSITION_PERSISTENCE,transition_persistence,SHORT,977.9,982.0,977.7,980.8,980.1388520971302,6.162763786302931,992.464379669736,967.8133245245244,NY,DOWN,0.187165775401069
USDCLP.mg,2025-04-11 17:00:00,2025-04-11 17:00:00,BLOCK,STATE=TRANSITION|QL=TRANSITION_UNCLASSIFIED|LF=LOOK_FOR_transition_dislocated_from_vwap,TRANSITION_RESOLUTION,transition_resolution,SHORT,980.6,980.8,972.0,972.5,978.8805471124618,6.235780809697753,991.3521087318574,966.4089854930664,NY,DOWN,0.0208333333333333
USDCLP.mg,2025-04-11 18:00:00,2025-04-11 18:00:00,BLOCK,STATE=TREND|QL=NONE|LF=NONE,,blocked,NONE,972.1,975.5,970.3,974.0,978.2042101197372,6.267784676905608,990.7397794735484,965.668640765926,NY_PM,DOWN,0.1439688715953322
USDCLP.mg,2025-04-11 19:00:00,2025-04-11 19:00:00,BLOCK,STATE=TREND|QL=NONE|LF=NONE,,blocked,NONE,973.6,973.6,969.9,971.1,977.5763732833956,6.330035335374583,990.2364439541446,964.9163026126464,NY_PM,DOWN,0.0459770114942545
USDCLP.mg,2025-04-11 20:00:00,2025-04-11 20:00:00,BLOCK,STATE=TREND|QL=NONE|LF=NONE,,blocked,NONE,971.0,971.9,970.9,971.4,977.1668499607224,6.373229013373193,989.9133079874688,964.420391933976,NY_PM,DOWN,0.057471264367816
USDCLP.mg,2025-04-11 21:00:00,2025-04-11 21:00:00,BLOCK,STATE=TRANSITION|QL=NONE|LF=NONE,,blocked,NONE,971.9,971.9,970.9,971.4,976.8709291835812,6.414223030712405,989.699375245006,964.0424831221565,NY_PM,DOWN,0.0625
USDCLP.mg,2025-04-14 14:00:00,2025-04-14 14:00:00,ALLOW,STATE=TRANSITION|QL=TRANSITION_UNCLASSIFIED|LF=LOOK_FOR_transition_repricing_near_vwap,TRANSITION_PERSISTENCE,transition_persistence,SHORT,962.8,964.1,962.2,964.1,963.4666666666668,6.415536384853294,976.2977394363731,950.63559389696,NY,DOWN,0.0739299610894934
USDCLP.mg,2025-04-14 15:00:00,2025-04-14 15:00:00,BLOCK,STATE=TRANSITION|QL=NONE|LF=NONE,,blocked,NONE,964.4,967.3,962.7,963.3,964.1156626506026,6.411970955278811,976.9396045611604,951.291720740045,NY,DOWN,0.04280155642023
USDCLP.mg,2025-04-14 16:00:00,2025-04-14 16:00:00,BLOCK,STATE=TRANSITION|QL=NONE|LF=NONE,,blocked,NONE,963.1,965.4,962.6,964.8,964.4072431633408,6.393107316145477,977.1934577956318,951.62102853105,NY,DOWN,0.101167315175094
USDCLP.mg,2025-04-14 17:00:00,2025-04-14 17:00:00,BLOCK,STATE=TRANSITION|QL=NONE|LF=NONE,,blocked,NONE,964.6,968.0,963.8,967.65,964.8844818785096,6.342002364488912,977.5684866074874,952.2004771495318,NY,DOWN,0.2523148148148127
USDCLP.mg,2025-04-14 18:00:00,2025-04-14 18:00:00,BLOCK,STATE=TRANSITION|QL=NONE|LF=NONE,,blocked,NONE,967.6,969.2,964.4,965.3,965.0456530214426,6.335139230542156,977.7159314825268,952.3753745603584,NY_PM,DOWN,0.1435185185185149
USDCLP.mg,2025-04-14 19:00:00,2025-04-14 19:00:00,BLOCK,STATE=TRANSITION|QL=NONE|LF=NONE,,blocked,NONE,965.2,968.8,964.8,967.4,965.2789971617788,6.314348645358544,977.907694452496,952.6502998710616,NY_PM,DOWN,0.2626262626262597
USDCLP.mg,2025-04-14 20:00:00,2025-04-14 20:00:00,BLOCK,STATE=TRANSITION|QL=NONE|LF=NONE,,blocked,NONE,966.8,968.8,966.1,968.1,965.4749007148532,6.287134346445355,978.049169407744,952.9006320219626,NY_PM,UP,0.3172043010752691
USDCLP.mg,2025-04-14 21:00:00,2025-04-14 21:00:00,BLOCK,STATE=TRANSITION|QL=NONE|LF=NONE,,blocked,NONE,968.2,968.3,966.9,966.9,965.5613278576318,6.281908545247105,978.125144948126,952.9975107671376,NY_PM,UP,0.3533834586466126
USDCLP.mg,2025-04-14 22:00:00,2025-04-14 22:00:00,BLOCK,STATE=TRANSITION|QL=NONE|LF=NONE,,blocked,NONE,967.4,967.4,967.1,967.2,965.6389055923032,6.289037442088652,978.2169804764804,953.0608307081258,NY_PM,UP,0.438596491228071
USDCLP.mg,2025-04-15 14:00:00,2025-04-15 14:00:00,BLOCK,STATE=TRANSITION|QL=NONE|LF=NONE,,blocked,NONE,964.0,965.6,963.2,964.8,964.5333333333334,6.28682845688379,977.106990247101,951.959676419566,NY,DOWN,0.2680412371133945
USDCLP.mg,2025-04-15 15:00:00,2025-04-15 15:00:00,BLOCK,STATE=TRANSITION|QL=NONE|LF=NONE,,blocked,NONE,965.1,966.3,962.3,963.2,964.081568627451,6.273275205239243,976.6281190379297,951.5350182169724,NY,DOWN,0.1030927835051553
USDCLP.mg,2025-04-15 16:00:00,2025-04-15 16:00:00,BLOCK,STATE=TRANSITION|QL=NONE|LF=NONE,,blocked,NONE,963.1,967.1,963.0,964.2,964.275615212528,6.224839069631695,976.7252933517916,951.8259370732648,NY,DOWN,0.2857142857142857
USDCLP.mg,2025-04-15 17:00:00,2025-04-15 17:00:00,BLOCK,STATE=BALANCE|QL=NONE|LF=NONE,,blocked,NONE,964.6,967.45,964.0,966.7,964.638497652582,6.182111886963561,977.0027214265092,952.274273878655,NY,DOWN,0.6376811594202947
USDCLP.mg,2025-04-15 18:00:00,2025-04-15 18:00:00,BLOCK,STATE=TRANSITION|QL=TRANSITION_UNCLASSIFIED|LF=LOOK_FOR_transition_dislocated_from_vwap,TRANSITION_RESOLUTION,transition_resolution,LONG,966.6,972.4,965.8,970.5,965.5075812274368,6.2337901644247165,977.9751615562864,953.0400008985874,NY_PM,UP,0.8118811881188146
USDCLP.mg,2025-04-15 19:00:00,2025-04-15 19:00:00,BLOCK,STATE=TRANSITION|QL=NONE|LF=NONE,,blocked,NONE,970.6,971.4,968.6,969.95,966.0160312805474,6.263647175118052,978.5433256307836,953.4887369303112,NY_PM,UP,0.7574257425742648
USDCLP.mg,2025-04-15 20:00:00,2025-04-15 20:00:00,ALLOW,STATE=BALANCE|QL=BALANCE_LEAKING|LF=LOOK_FOR_balance_dislocated_from_vwap,BALANCE_DEGRADATION,allow_unmapped_baseline,NONE,969.9,970.8,969.9,970.8,966.408559670782,6.301732488663593,979.0120246481092,953.8050946934546,NY_PM,UP,0.8415841584158397
USDCLP.mg,2025-04-15 21:00:00,2025-04-15 21:00:00,BLOCK,STATE=TRANSITION|QL=TRANSITION_UNCLASSIFIED|LF=LOOK_FOR_transition_dislocated_from_vwap,TRANSITION_RESOLUTION,transition_resolution,LONG,970.9,971.3,970.6,970.9,966.6985074626864,6.333135238116186,979.3647779389188,954.032236986454,NY_PM,UP,0.8514851485148518
USDCLP.mg,2025-04-15 22:00:00,2025-04-15 22:00:00,BLOCK,STATE=TRANSITION|QL=TRANSITION_UNCLASSIFIED|LF=LOOK_FOR_transition_dislocated_from_vwap,TRANSITION_RESOLUTION,transition_resolution,LONG,971.1,971.9,971.1,971.4,966.938836772983,6.366140941352543,979.671118655688,954.206554890278,NY_PM,UP,0.9009900990099012
USDCLP.mg,2025-04-16 14:00:00,2025-04-16 14:00:00,ALLOW,STATE=TRANSITION|QL=TRANSITION_UNCLASSIFIED|LF=LOOK_FOR_transition_repricing_near_vwap,TRANSITION_PERSISTENCE,transition_persistence,LONG,970.7,972.2,969.9,971.9,971.3333333333334,6.30140506430505,983.9361434619436,958.7305232047232,NY,UP,0.9504950495049506
USDCLP.mg,2025-04-16 15:00:00,2025-04-16 15:00:00,BLOCK,STATE=BALANCE|QL=NONE|LF=NONE,,blocked,NONE,971.7,973.6,969.7,969.7,971.0705882352942,6.1464748873005535,983.3635380098953,958.7776384606932,NY,DOWN,0.6548672566371723
USDCLP.mg,2025-04-16 16:00:00,2025-04-16 16:00:00,BLOCK,STATE=BALANCE|QL=NONE|LF=NONE,,blocked,NONE,969.3,969.8,966.5,967.05,970.1799342105262,5.942468921297993,982.064872053122,958.2949963679304,NY,DOWN,0.4203539823008824
USDCLP.mg,2025-04-16 17:00:00,2025-04-16 17:00:00,BLOCK,STATE=BALANCE|QL=NONE|LF=NONE,,blocked,NONE,967.25,969.0,966.1,967.5,969.8300501253132,5.899410336323816,981.6288707979608,958.0312294526656,NY,DOWN,0.4601769911504437
USDCLP.mg,2025-04-16 18:00:00,2025-04-16 18:00:00,BLOCK,STATE=TRANSITION|QL=NONE|LF=NONE,,blocked,NONE,967.3,969.8,966.0,966.7,969.5757627765064,5.859025153026837,981.2938130825602,957.8577124704528,NY_PM,DOWN,0.3490566037735884
USDCLP.mg,2025-04-16 19:00:00,2025-04-16 19:00:00,ALLOW,STATE=TRANSITION|QL=TRANSITION_UNCLASSIFIED|LF=LOOK_FOR_transition_repricing_near_vwap,TRANSITION_PERSISTENCE,transition_persistence,SHORT,966.3,969.7,966.3,969.7,969.6126038781164,5.750265775631063,981.1131354293784,958.112072326854,NY_PM,DOWN,0.5937500000000033
USDCLP.mg,2025-04-16 20:00:00,2025-04-16 20:00:00,ALLOW,STATE=TRANSITION|QL=TRANSITION_UNCLASSIFIED|LF=LOOK_FOR_transition_repricing_near_vwap,TRANSITION_PERSISTENCE,transition_persistence,SHORT,969.6,970.0,967.6,967.7,969.5296826625386,5.750392455844695,981.030467574228,958.0288977508492,NY_PM,DOWN,0.2435897435897531
USDCLP.mg,2025-04-16 21:00:00,2025-04-16 21:00:00,BLOCK,STATE=BALANCE|QL=NONE|LF=NONE,,blocked,NONE,967.9,968.4,967.7,968.4,969.5023428825228,5.749190899607985,981.0007246817388,958.0039610833068,NY_PM,DOWN,0.3157894736842065
USDCLP.mg,2025-04-16 22:00:00,2025-04-16 22:00:00,BLOCK,STATE=TRANSITION|QL=NONE|LF=NONE,,blocked,NONE,968.9,968.9,966.1,966.4,969.4002046783625,5.723342992943178,980.8468906642488,957.953518692476,NY_PM,DOWN,0.0526315789473652
USDCLP.mg,2025-04-17 14:00:00,2025-04-17 14:00:00,BLOCK,STATE=BALANCE|QL=NONE|LF=NONE,,blocked,NONE,968.1,969.2,967.1,968.5,968.2666666666668,5.718577049140855,979.7038207649484,956.8295125683852,NY,UP,0.3289473684210516
USDCLP.mg,2025-04-17 15:00:00,2025-04-17 15:00:00,BLOCK,STATE=BALANCE|QL=NONE|LF=NONE,,blocked,NONE,968.6,971.1,967.5,969.6,969.065829846583,5.707170321911122,980.4801704904052,957.6514892027608,NY,UP,0.4736842105263174
USDCLP.mg,2025-04-17 16:00:00,2025-04-17 16:00:00,BLOCK,STATE=BALANCE|QL=NONE|LF=NONE,,blocked,NONE,969.5,971.2,969.0,970.0,969.2290697674418,5.14480458638814,979.518678940218,958.9394605946655,NY,UP,0.5263157894736826
USDCLP.mg,2025-04-17 17:00:00,2025-04-17 17:00:00,BLOCK,STATE=TRANSITION|QL=NONE|LF=NONE,,blocked,NONE,969.8,969.8,966.5,966.6,968.8818035426732,4.455175490999038,977.7921545246712,959.9714525606752,NY,DOWN,0.0789473684210553
USDCLP.mg,2025-04-17 18:00:00,2025-04-17 18:00:00,BLOCK,STATE=TRANSITION|QL=NONE|LF=NONE,,blocked,NONE,966.5,967.7,965.2,966.0,968.5489326765188,3.743693524917679,976.036319726354,961.0615456266836,NY_PM,DOWN,0.1333333333333257
USDCLP.mg,2025-04-17 19:00:00,2025-04-17 19:00:00,BLOCK,STATE=TRANSITION|QL=NONE|LF=NONE,,blocked,NONE,966.2,966.5,965.0,965.8,968.3174476570288,2.95025784782394,974.2179633526766,962.4169319613808,NY_PM,DOWN,0.1290322580645078
USDCLP.mg,2025-04-21 14:00:00,2025-04-21 14:00:00,BLOCK,STATE=TREND|QL=NONE|LF=NONE,,blocked,NONE,960.4,961.0,958.3,958.3,959.2,2.9490249615725173,965.0980499231448,953.301950076855,NY,DOWN,0.0
USDCLP.mg,2025-04-21 15:00:00,2025-04-21 15:00:00,BLOCK,STATE=TREND|QL=NONE|LF=NONE,,blocked,NONE,958.4,959.3,957.5,958.0,958.9535185185184,2.937767622032082,964.8290537625828,953.0779832744544,NY,DOWN,0.0364963503649633
USDCLP.mg,2025-04-21 16:00:00,2025-04-21 16:00:00,BLOCK,STATE=TREND|QL=NONE|LF=NONE,,blocked,NONE,958.3,960.2,957.3,959.8,959.1595171773444,2.9320783628083267,965.0236739029611,953.2953604517278,NY,DOWN,0.1798561151079125
USDCLP.mg,2025-04-21 17:00:00,2025-04-21 17:00:00,ALLOW,STATE=TRANSITION|QL=TRANSITION_UNCLASSIFIED|LF=LOOK_FOR_transition_repricing_near_vwap,TRANSITION_PERSISTENCE,transition_persistence,SHORT,959.9,962.9,959.5,961.9,959.6720570012392,2.874423657984593,965.4209043172084,953.92320968527,NY,DOWN,0.3309352517985606
USDCLP.mg,2025-04-21 18:00:00,2025-04-21 18:00:00,BLOCK,STATE=TRANSITION|QL=NONE|LF=NONE,,blocked,NONE,962.0,963.8,961.8,963.0,960.0951185495118,2.7394762907475805,965.5740711310068,954.6161659680166,NY_PM,DOWN,0.4100719424460438
USDCLP.mg,2025-04-21 19:00:00,2025-04-21 19:00:00,ALLOW,STATE=TRANSITION|QL=TRANSITION_UNCLASSIFIED|LF=LOOK_FOR_transition_repricing_near_vwap,TRANSITION_PERSISTENCE,transition_persistence,SHORT,963.2,963.7,961.25,961.7,960.2625744047618,2.7467731802396664,965.7561207652412,954.7690280442824,NY_PM,DOWN,0.3165467625899325
USDCLP.mg,2025-04-21 20:00:00,2025-04-21 20:00:00,BLOCK,STATE=TREND|QL=NONE|LF=NONE,,blocked,NONE,961.8,962.0,961.4,961.4,960.3576124031008,2.7515178173224557,965.8606480377456,954.854576768456,NY_PM,UP,0.2949640287769781
USDCLP.mg,2025-04-21 21:00:00,2025-04-21 21:00:00,BLOCK,STATE=TREND|QL=NONE|LF=NONE,,blocked,NONE,961.7,961.7,960.4,960.9,960.4017278043592,2.751196884630081,965.9041215736196,954.8993340350992,NY_PM,UP,0.2589928057553956
USDCLP.mg,2025-04-21 22:00:00,2025-04-21 22:00:00,BLOCK,STATE=TRANSITION|QL=NONE|LF=NONE,,blocked,NONE,961.0,961.4,960.6,960.9,960.4348220516398,2.75253697451621,965.9398960006722,954.9297481026074,NY_PM,UP,0.2880000000000018
USDCLP.mg,2025-04-22 14:00:00,2025-04-22 14:00:00,ALLOW,STATE=TRANSITION|QL=TRANSITION_UNCLASSIFIED|LF=LOOK_FOR_transition_repricing_near_vwap,TRANSITION_PERSISTENCE,transition_persistence,SHORT,959.1,959.1,956.7,956.7,957.5,2.748352779119648,962.9967055582392,952.0032944417608,NY,DOWN,0.0
USDCLP.mg,2025-04-22 15:00:00,2025-04-22 15:00:00,ALLOW,STATE=TRANSITION|QL=TRANSITION_UNCLASSIFIED|LF=LOOK_FOR_transition_repricing_near_vwap,TRANSITION_PERSISTENCE,transition_persistence,SHORT,956.6,957.2,954.5,954.6,956.4070833333332,2.7492559719783336,961.90559527729,950.9085713893766,NY,DOWN,0.0083333333333352
USDCLP.mg,2025-04-22 16:00:00,2025-04-22 16:00:00,BLOCK,STATE=TRANSITION|QL=TRANSITION_UNCLASSIFIED|LF=LOOK_FOR_transition_dislocated_from_vwap,TRANSITION_RESOLUTION,transition_resolution,SHORT,954.7,955.2,950.6,951.35,954.880586080586,2.786462575622926,960.453511231832,949.3076609293404,NY,DOWN,0.0568181818181821
USDCLP.mg,2025-04-22 17:00:00,2025-04-22 17:00:00,BLOCK,STATE=TRANSITION|QL=TRANSITION_UNCLASSIFIED|LF=LOOK_FOR_transition_dislocated_from_vwap,TRANSITION_RESOLUTION,transition_resolution,SHORT,951.4,951.6,944.3,945.35,952.4230976926854,2.8189742953831223,958.0610462834516,946.7851491019192,NY,DOWN,0.0538461538461573
USDCLP.mg,2025-04-22 18:00:00,2025-04-22 18:00:00,BLOCK,STATE=TRANSITION|QL=TRANSITION_UNCLASSIFIED|LF=LOOK_FOR_transition_dislocated_from_vwap,TRANSITION_RESOLUTION,transition_resolution,SHORT,945.55,945.7,940.7,943.3,950.8318196614584,2.9496035969188297,956.731026855296,944.9326124676209,NY_PM,DOWN,0.112554112554109
USDCLP.mg,2025-04-22 19:00:00,2025-04-22 19:00:00,BLOCK,STATE=TRANSITION|QL=NONE|LF=NONE,,blocked,NONE,943.6,944.2,942.4,942.7,949.9921719016314,2.986194995132009,955.9645618918954,944.0197819113674,NY_PM,DOWN,0.0865800865800869
USDCLP.mg,2025-04-22 20:00:00,2025-04-22 20:00:00,BLOCK,STATE=TRANSITION|QL=TRANSITION_UNCLASSIFIED|LF=LOOK_FOR_transition_dislocated_from_vwap,TRANSITION_RESOLUTION,transition_resolution,SHORT,942.6,942.8,941.9,941.9,949.4368630882924,3.061037694264932,955.5589384768224,943.3147876997626,NY_PM,DOWN,0.0519480519480492
USDCLP.mg,2025-04-22 21:00:00,2025-04-22 21:00:00,BLOCK,STATE=TREND|QL=NONE|LF=NONE,,blocked,NONE,942.0,942.3,941.8,941.9,949.0676461065244,3.1270383283286103,955.3217227631816,942.813569449867,NY_PM,DOWN,0.0521739130434752
USDCLP.mg,2025-04-22 22:00:00,2025-04-22 22:00:00,BLOCK,STATE=TREND|QL=NONE|LF=NONE,,blocked,NONE,941.7,943.0,941.6,942.9,948.85223932335,3.2183164150128007,955.2888721533756,942.4156064933244,NY_PM,DOWN,0.1032863849765228
USDCLP.mg,2025-04-23 14:00:00,2025-04-23 14:00:00,BLOCK,STATE=TREND|QL=NONE|LF=NONE,,blocked,NONE,935.8,936.4,935.0,935.0,935.4666666666668,3.218152452291452,941.9029715712496,929.0303617620838,NY,DOWN,0.0
USDCLP.mg,2025-04-23 15:00:00,2025-04-23 15:00:00,BLOCK,STATE=TREND|QL=NONE|LF=NONE,,blocked,NONE,934.8,935.9,931.8,934.3,934.4351449275364,3.215815982379243,940.8667768922948,928.0035129627778,NY,DOWN,0.0844594594594593
USDCLP.mg,2025-04-23 16:00:00,2025-04-23 16:00:00,BLOCK,STATE=TREND|QL=NONE|LF=NONE,,blocked,NONE,934.2,936.7,933.8,936.4,934.6744355909694,3.197083587887485,941.0686027667444,928.2802684151944,NY,DOWN,0.1684981684981689
USDCLP.mg,2025-04-23 17:00:00,2025-04-23 17:00:00,BLOCK,STATE=TREND|QL=NONE|LF=NONE,,blocked,NONE,936.5,940.2,936.3,939.0,935.5241045090604,3.24662685408082,942.017358217222,929.0308508008986,NY,DOWN,0.2834645669291346
USDCLP.mg,2025-04-23 18:00:00,2025-04-23 18:00:00,BLOCK,STATE=TREND|QL=NONE|LF=NONE,,blocked,NONE,939.1,943.6,938.5,943.3,936.6058641975308,3.384344107782135,943.374552413095,929.8371759819664,NY_PM,UP,0.4914529914529895
USDCLP.mg,2025-04-23 19:00:00,2025-04-23 19:00:00,ALLOW,STATE=TRANSITION|QL=TRANSITION_UNCLASSIFIED|LF=LOOK_FOR_transition_dislocated_from_vwap,TRANSITION_RESOLUTION,transition_resolution,SHORT,943.2,943.3,941.2,941.8,937.12534696859,3.434258404688653,943.9938637779674,930.2568301592128,NY_PM,DOWN,0.5050505050505033
USDCLP.mg,2025-04-23 20:00:00,2025-04-23 20:00:00,BLOCK,STATE=TRANSITION|QL=TRANSITION_UNCLASSIFIED|LF=LOOK_FOR_transition_dislocated_from_vwap,TRANSITION_RESOLUTION,transition_resolution,LONG,941.7,941.8,941.6,941.7,937.4579211901888,3.4883434671222493,944.4346081244336,930.4812342559444,NY_PM,UP,0.71223021582734
USDCLP.mg,2025-04-23 21:00:00,2025-04-23 21:00:00,BLOCK,STATE=BALANCE|QL=NONE|LF=NONE,,blocked,NONE,941.5,942.9,941.5,942.9,937.7511385036807,3.564319819354305,944.8797781423896,930.6224988649724,NY_PM,UP,0.895161290322576
USDCLP.mg,2025-04-23 22:00:00,2025-04-23 22:00:00,BLOCK,STATE=BALANCE|QL=NONE|LF=NONE,,blocked,NONE,943.2,943.2,942.9,942.9,937.9685599284436,3.638876628242018,945.2463131849275,930.6908066719594,NY_PM,UP,0.9406779661016914
USDCLP.mg,2025-04-24 14:00:00,2025-04-24 14:00:00,BLOCK,STATE=TRANSITION|QL=NONE|LF=NONE,,blocked,NONE,940.7,940.7,936.7,936.8,938.0666666666666,3.640809812329508,945.3482862913256,930.7850470420076,NY,DOWN,0.4237288135593196
USDCLP.mg,2025-04-24 15:00:00,2025-04-24 15:00:00,ALLOW,STATE=TRANSITION|QL=TRANSITION_UNCLASSIFIED|LF=LOOK_FOR_transition_repricing_near_vwap,TRANSITION_PERSISTENCE,transition_persistence,SHORT,936.9,937.2,933.5,936.0,937.0070975918884,3.64263367456816,944.2923649410247,929.721830242752,NY,DOWN,0.3559322033898323
USDCLP.mg,2025-04-24 16:00:00,2025-04-24 16:00:00,BLOCK,STATE=BALANCE|QL=NONE|LF=NONE,,blocked,NONE,936.1,940.1,935.6,939.9,937.4825170068026,3.647491228314061,944.7774994634308,930.1875345501744,NY,DOWN,0.6864406779660996
USDCLP.mg,2025-04-24 17:00:00,2025-04-24 17:00:00,BLOCK,STATE=TRANSITION|QL=NONE|LF=NONE,,blocked,NONE,939.7,941.4,938.4,940.7,937.8152022315202,3.5981741041560653,945.0115504398324,930.618854023208,NY,DOWN,0.7542372881355965
USDCLP.mg,2025-04-24 18:00:00,2025-04-24 18:00:00,ALLOW,STATE=TRANSITION|QL=TRANSITION_UNCLASSIFIED|LF=LOOK_FOR_transition_repricing_near_vwap,TRANSITION_PERSISTENCE,transition_persistence,SHORT,940.6,940.6,935.0,937.15,937.7033368644068,3.5476424616812507,944.7986217877692,930.6080519410442,NY_PM,DOWN,0.3613861386138583
USDCLP.mg,2025-04-24 19:00:00,2025-04-24 19:00:00,ALLOW,STATE=TRANSITION|QL=TRANSITION_UNCLASSIFIED|LF=LOOK_FOR_transition_repricing_near_vwap,TRANSITION_PERSISTENCE,transition_persistence,SHORT,936.95,936.95,934.3,935.4,937.5217620267578,3.4899973259825523,944.5017566787228,930.5417673747928,NY_PM,DOWN,0.1881188118811854
USDCLP.mg,2025-04-24 20:00:00,2025-04-24 20:00:00,BLOCK,STATE=TRANSITION|QL=NONE|LF=NONE,,blocked,NONE,935.7,935.7,934.3,934.3,937.3396161182644,3.442689878885093,944.2249958760344,930.454236360494,NY_PM,DOWN,0.0792079207920745
USDCLP.mg,2025-04-24 21:00:00,2025-04-24 21:00:00,BLOCK,STATE=TREND|QL=NONE|LF=NONE,,blocked,NONE,934.4,935.4,933.9,934.1,937.1990461538464,3.3812902827024662,943.9616267192512,930.4364655884414,NY_PM,DOWN,0.0612244897959209
USDCLP.mg,2025-04-24 22:00:00,2025-04-24 22:00:00,BLOCK,STATE=TREND|QL=NONE|LF=NONE,,blocked,NONE,933.9,933.9,932.05,932.05,936.9499370050396,3.4258565217561374,943.801650048552,930.0982239615272,NY_PM,DOWN,0.0
USDCLP.mg,2025-04-25 14:00:00,2025-04-25 14:00:00,ALLOW,STATE=TRANSITION|QL=TRANSITION_UNCLASSIFIED|LF=LOOK_FOR_transition_repricing_near_vwap,TRANSITION_PERSISTENCE,transition_persistence,SHORT,937.2,937.3,935.8,937.0,936.7,3.428936976209122,943.5578739524184,929.8421260475818,NY,DOWN,0.4439461883408076
USDCLP.mg,2025-04-25 15:00:00,2025-04-25 15:00:00,ALLOW,STATE=TRANSITION|QL=TRANSITION_UNCLASSIFIED|LF=LOOK_FOR_transition_repricing_near_vwap,TRANSITION_PERSISTENCE,transition_persistence,LONG,937.1,941.0,937.1,938.6,938.1633762517883,3.417155614085395,944.9976874799592,931.3290650236175,NY,UP,0.5874439461883422
USDCLP.mg,2025-04-25 16:00:00,2025-04-25 16:00:00,ALLOW,STATE=TRANSITION|QL=TRANSITION_UNCLASSIFIED|LF=LOOK_FOR_transition_repricing_near_vwap,TRANSITION_PERSISTENCE,transition_persistence,LONG,938.55,938.55,935.3,936.0,937.8326291079812,3.413204093425266,944.6590372948318,931.0062209211306,NY,UP,0.4224598930481322
USDCLP.mg,2025-04-25 17:00:00,2025-04-25 17:00:00,BLOCK,STATE=TRANSITION|QL=NONE|LF=NONE,,blocked,NONE,935.9,936.05,932.7,933.9,937.2196553581044,3.4194257350361155,944.0585068281766,930.3808038880322,NY,DOWN,0.1978609625668468
USDCLP.mg,2025-04-25 18:00:00,2025-04-25 18:00:00,ALLOW,STATE=TRANSITION|QL=TRANSITION_UNCLASSIFIED|LF=LOOK_FOR_transition_repricing_near_vwap,TRANSITION_PERSISTENCE,transition_persistence,LONG,933.95,936.3,933.6,936.0,937.0644499178984,3.417508205562623,943.8994663290237,930.229433506773,NY_PM,UP,0.4224598930481322
USDCLP.mg,2025-04-25 19:00:00,2025-04-25 19:00:00,ALLOW,STATE=TRANSITION|QL=TRANSITION_UNCLASSIFIED|LF=LOOK_FOR_transition_repricing_near_vwap,TRANSITION_PERSISTENCE,transition_persistence,LONG,935.5,936.1,934.15,935.7,936.9496517412936,3.4148519752122133,943.779355691718,930.1199477908692,NY_PM,UP,0.3903743315508109
USDCLP.mg,2025-04-25 20:00:00,2025-04-25 20:00:00,BLOCK,STATE=TRANSITION|QL=NONE|LF=NONE,,blocked,NONE,935.6,935.6,935.2,935.2,936.8449916527546,3.416800295739685,943.678592244234,930.0113910612752,NY_PM,DOWN,0.3519553072625782
USDCLP.mg,2025-04-25 21:00:00,2025-04-25 21:00:00,BLOCK,STATE=TRANSITION|QL=NONE|LF=NONE,,blocked,NONE,934.9,934.9,933.9,933.9,936.709249940091,3.41437178522969,943.5379935105505,929.8805063696316,NY_PM,DOWN,0.2067039106145266
USDCLP.mg,2025-04-28 14:00:00,2025-04-28 14:00:00,ALLOW,STATE=TRANSITION|QL=TRANSITION_UNCLASSIFIED|LF=LOOK_FOR_transition_repricing_near_vwap,TRANSITION_PERSISTENCE,transition_persistence,SHORT,932.5,932.6,930.4,931.5,931.5,3.4131256597193818,938.3262513194388,924.6737486805612,NY,DOWN,0.1037735849056623
USDCLP.mg,2025-04-28 15:00:00,2025-04-28 15:00:00,BLOCK,STATE=BALANCE|QL=NONE|LF=NONE,,blocked,NONE,931.3,934.25,931.0,932.4,932.1490147783252,3.4111365110994023,938.971287800524,925.3267417561262,NY,DOWN,0.1886792452830184
USDCLP.mg,2025-04-28 16:00:00,2025-04-28 16:00:00,ALLOW,STATE=BALANCE|QL=BALANCE_LEAKING|LF=LOOK_FOR_balance_dislocated_from_vwap,BALANCE_DEGRADATION,allow_unmapped_baseline,NONE,932.8,937.7,932.5,937.6,933.6070562770562,3.471031086367634,940.5491184497916,926.664994104321,NY,UP,0.6792452830188708
USDCLP.mg,2025-04-28 17:00:00,2025-04-28 17:00:00,BLOCK,STATE=TRANSITION|QL=NONE|LF=NONE,,blocked,NONE,938.0,939.2,936.0,936.4,934.1611699000588,3.4883582163044515,941.1378863326676,927.18445346745,NY,UP,0.5660377358490554
USDCLP.mg,2025-04-28 18:00:00,2025-04-28 18:00:00,BLOCK,STATE=TRANSITION|QL=TRANSITION_UNCLASSIFIED|LF=LOOK_FOR_transition_dislocated_from_vwap,TRANSITION_RESOLUTION,transition_resolution,LONG,936.2,941.1,935.4,940.95,935.0465071151358,3.5965846475863867,942.2396764103086,927.853337819963,NY_PM,UP,0.9859813084112172
USDCLP.mg,2025-04-28 19:00:00,2025-04-28 19:00:00,ALLOW,STATE=TRANSITION|QL=TRANSITION_UNCLASSIFIED|LF=LOOK_FOR_transition_dislocated_from_vwap,TRANSITION_RESOLUTION,transition_resolution,LONG,940.9,943.9,940.2,943.9,935.9625638406536,3.7741042615018334,943.5107723636576,928.41435531765,NY_PM,UP,1.0
USDCLP.mg,2025-04-28 20:00:00,2025-04-28 20:00:00,BLOCK,STATE=TRANSITION|QL=TRANSITION_UNCLASSIFIED|LF=LOOK_FOR_transition_dislocated_from_vwap,TRANSITION_RESOLUTION,transition_resolution,LONG,944.0,944.15,943.4,943.7,936.563023909986,3.914465762594924,944.391955435176,928.734092384796,NY_PM,UP,0.9672727272727324
USDCLP.mg,2025-04-28 21:00:00,2025-04-28 21:00:00,BLOCK,STATE=TREND|QL=NONE|LF=NONE,,blocked,NONE,943.3,944.1,943.1,943.4,936.9708243469926,4.0191038770221565,945.0090321010368,928.9326165929484,NY_PM,UP,0.9454545454545454
USDCLP.mg,2025-04-28 22:00:00,2025-04-28 22:00:00,BLOCK,STATE=TREND|QL=NONE|LF=NONE,,blocked,NONE,943.5,944.4,943.5,944.4,937.3271655186808,4.139318798039176,945.6058031147592,929.0485279226024,NY_PM,UP,1.0
USDCLP.mg,2025-04-29 14:00:00,2025-04-29 14:00:00,ALLOW,STATE=TRANSITION|QL=TRANSITION_UNCLASSIFIED|LF=LOOK_FOR_transition_repricing_near_vwap,TRANSITION_PERSISTENCE,transition_persistence,LONG,941.8,941.8,938.6,938.7,939.7000000000002,4.131977588204045,947.9639551764084,931.436044823592,NY,UP,0.5928571428571477
USDCLP.mg,2025-04-29 15:00:00,2025-04-29 15:00:00,ALLOW,STATE=TRANSITION|QL=TRANSITION_UNCLASSIFIED|LF=LOOK_FOR_transition_repricing_near_vwap,TRANSITION_PERSISTENCE,transition_persistence,LONG,938.9,944.1,938.8,943.8,941.7632398753892,4.121851809014014,950.0069434934172,933.5195362573612,NY,UP,0.9571428571428556
USDCLP.mg,2025-04-29 16:00:00,2025-04-29 16:00:00,BLOCK,STATE=TREND|QL=NONE|LF=NONE,,blocked,NONE,943.3,949.55,942.9,949.1,943.9908934707904,4.178420970820482,952.3477354124312,935.6340515291494,NY,UP,0.9765013054830324
USDCLP.mg,2025-04-29 17:00:00,2025-04-29 17:00:00,BLOCK,STATE=TREND|QL=NONE|LF=NONE,,blocked,NONE,949.0,949.05,945.1,946.4,944.2988536155204,4.185573243980896,952.6700001034822,935.9277071275584,NY,UP,0.8301886792452838
USDCLP.mg,2025-04-29 18:00:00,2025-04-29 18:00:00,BLOCK,STATE=TRANSITION|QL=NONE|LF=NONE,,blocked,NONE,946.5,948.0,945.6,947.8,944.567429406037,4.207381066279189,952.9821915385954,936.1526672734786,NY_PM,UP,0.8973607038123165
USDCLP.mg,2025-04-29 19:00:00,2025-04-29 19:00:00,BLOCK,STATE=TRANSITION|QL=NONE|LF=NONE,,blocked,NONE,947.85,948.0,943.3,943.4,944.4176425269646,4.211077511073255,952.8397975491112,935.995487504818,NY_PM,DOWN,0.5653710247349832
USDCLP.mg,2025-04-29 20:00:00,2025-04-29 20:00:00,BLOCK,STATE=TRANSITION|QL=NONE|LF=NONE,,blocked,NONE,943.8,944.6,943.8,944.6,944.3886870618228,4.208491118353658,952.8056692985302,935.9717048251156,NY_PM,UP,0.650176678445234
USDCLP.mg,2025-04-29 21:00:00,2025-04-29 21:00:00,BLOCK,STATE=TRANSITION|QL=NONE|LF=NONE,,blocked,NONE,944.9,946.2,944.9,946.2,944.446811594203,4.203207006150641,952.8532256065045,936.0403975819016,NY_PM,UP,0.6940639269406457
USDCLP.mg,2025-04-29 22:00:00,2025-04-29 22:00:00,BLOCK,STATE=BALANCE|QL=NONE|LF=NONE,,blocked,NONE,945.8,946.1,944.85,944.9,944.4343833885996,4.166433047118572,952.7672494828366,936.1015172943625,NY_PM,DOWN,0.5753424657534241
USDCLP.mg,2025-04-30 14:00:00,2025-04-30 14:00:00,ALLOW,STATE=TRANSITION|QL=TRANSITION_UNCLASSIFIED|LF=LOOK_FOR_transition_repricing_near_vwap,TRANSITION_PERSISTENCE,transition_persistence,LONG,954.7,957.7,954.7,957.7,956.7000000000002,4.025170722018128,964.7503414440364,948.649658555964,NY,UP,1.0
USDCLP.mg,2025-04-30 15:00:00,2025-04-30 15:00:00,ALLOW,STATE=TRANSITION|QL=TRANSITION_UNCLASSIFIED|LF=LOOK_FOR_transition_repricing_near_vwap,TRANSITION_PERSISTENCE,transition_persistence,LONG,958.2,961.1,956.6,961.1,958.3102564102564,3.863343862297136,966.0369441348508,950.5835686856622,NY,UP,1.0
USDCLP.mg,2025-04-30 16:00:00,2025-04-30 16:00:00,BLOCK,STATE=TRANSITION|QL=NONE|LF=NONE,,blocked,NONE,961.1,961.5,955.5,956.2,957.9236111111112,3.703364261229933,965.330339633571,950.5168825886514,NY,UP,0.7685589519650673
USDCLP.mg,2025-04-30 17:00:00,2025-04-30 17:00:00,BLOCK,STATE=TRANSITION|QL=NONE|LF=NONE,,blocked,NONE,956.0,957.4,953.6,953.8,957.3684408602152,3.5591514502595434,964.4867437607342,950.250137959696,NY,UP,0.6607929515418489
USDCLP.mg,2025-04-30 18:00:00,2025-04-30 18:00:00,BLOCK,STATE=TRANSITION|QL=TRANSITION_UNCLASSIFIED|LF=LOOK_FOR_transition_dislocated_from_vwap,TRANSITION_RESOLUTION,transition_resolution,LONG,953.7,954.6,949.5,950.3,956.4506810897436,3.5144219806342254,963.479525051012,949.4218371284752,NY_PM,UP,0.3978494623655897
USDCLP.mg,2025-04-30 19:00:00,2025-04-30 19:00:00,ALLOW,STATE=TRANSITION|QL=TRANSITION_UNCLASSIFIED|LF=LOOK_FOR_transition_dislocated_from_vwap,TRANSITION_RESOLUTION,transition_resolution,LONG,950.5,951.4,946.7,947.1,955.4995210727968,3.6280495348261312,962.7556201424492,948.2434220031448,NY_PM,UP,0.208791208791212
USDCLP.mg,2025-04-30 20:00:00,2025-04-30 20:00:00,BLOCK,STATE=TRANSITION|QL=TRANSITION_UNCLASSIFIED|LF=LOOK_FOR_transition_dislocated_from_vwap,TRANSITION_RESOLUTION,transition_resolution,SHORT,947.2,947.2,946.6,946.6,954.835695329087,3.848510842838525,962.532717014764,947.13867364341,NY_PM,DOWN,0.1813186813186846
USDCLP.mg,2025-04-30 21:00:00,2025-04-30 21:00:00,BLOCK,STATE=TRANSITION|QL=TRANSITION_UNCLASSIFIED|LF=LOOK_FOR_transition_dislocated_from_vwap,TRANSITION_RESOLUTION,transition_resolution,SHORT,946.7,947.9,946.4,947.9,954.416553133515,3.982587971386938,962.3817290762888,946.4513771907413,NY_PM,DOWN,0.2527472527472533
USDCLP.mg,2025-04-30 22:00:00,2025-04-30 22:00:00,BLOCK,STATE=TRANSITION|QL=TRANSITION_UNCLASSIFIED|LF=LOOK_FOR_transition_dislocated_from_vwap,TRANSITION_RESOLUTION,transition_resolution,SHORT,947.8,947.8,946.4,946.9,954.061130952381,4.128831344224391,962.3187936408298,945.803468263932,NY_PM,DOWN,0.1751412429378539
USDCLP.mg,2025-05-02 14:00:00,2025-05-02 14:00:00,ALLOW,STATE=TRANSITION|QL=TRANSITION_UNCLASSIFIED|LF=LOOK_FOR_transition_repricing_near_vwap,TRANSITION_PERSISTENCE,transition_persistence,SHORT,938.6,939.1,938.3,939.0,938.8,4.105986115564719,947.0119722311294,930.5880277688703,NY,DOWN,0.0301724137931053
USDCLP.mg,2025-05-02 15:00:00,2025-05-02 15:00:00,ALLOW,STATE=TRANSITION|QL=TRANSITION_UNCLASSIFIED|LF=LOOK_FOR_transition_repricing_near_vwap,TRANSITION_PERSISTENCE,transition_persistence,SHORT,938.9,942.1,938.5,938.7,939.594117647059,4.007586870128874,947.6092913873168,931.5789439068012,NY,DOWN,0.0172413793103487
USDCLP.mg,2025-05-02 16:00:00,2025-05-02 16:00:00,ALLOW,STATE=TRANSITION|QL=TRANSITION_UNCLASSIFIED|LF=LOOK_FOR_transition_repricing_near_vwap,TRANSITION_PERSISTENCE,transition_persistence,SHORT,938.9,939.7,938.1,938.55,939.5890625,3.959920427371172,947.5089033547424,931.6692216452576,NY,DOWN,0.0192307692307663
USDCLP.mg,2025-05-02 17:00:00,2025-05-02 17:00:00,BLOCK,STATE=TREND|QL=NONE|LF=NONE,,blocked,NONE,938.5,941.2,938.4,941.2,939.8691489361702,3.9194531646450894,947.7080552654604,932.03024260688,NY,DOWN,0.1324786324786336
USDCLP.mg,2025-05-02 18:00:00,2025-05-02 18:00:00,BLOCK,STATE=TREND|QL=NONE|LF=NONE,,blocked,NONE,941.1,941.5,939.4,941.3,940.0217741935484,3.854865676106419,947.7315055457613,932.3120428413356,NY_PM,DOWN,0.1367521367521339
USDCLP.mg,2025-05-02 19:00:00,2025-05-02 19:00:00,BLOCK,STATE=TREND|QL=NONE|LF=NONE,,blocked,NONE,941.2,945.0,940.8,944.8,940.5305194805196,3.838674031470684,948.2078675434608,932.853171417578,NY_PM,DOWN,0.3471502590673548
USDCLP.mg,2025-05-02 20:00:00,2025-05-02 20:00:00,BLOCK,STATE=TREND|QL=NONE|LF=NONE,,blocked,NONE,944.6,945.4,944.4,945.4,940.9277173913044,3.886043386936599,948.6998041651776,933.1556306174313,NY_PM,UP,0.4424242424242396
USDCLP.mg,2025-05-02 21:00:00,2025-05-02 21:00:00,BLOCK,STATE=TRANSITION|QL=TRANSITION_UNCLASSIFIED|LF=LOOK_FOR_transition_dislocated_from_vwap,TRANSITION_RESOLUTION,transition_resolution,LONG,945.9,947.9,945.3,947.8,941.442523364486,3.981690804163968,949.405904972814,933.479141756158,NY_PM,UP,0.729323308270674
USDCLP.mg,2025-05-05 14:00:00,2025-05-05 14:00:00,ALLOW,STATE=TRANSITION|QL=TRANSITION_UNCLASSIFIED|LF=LOOK_FOR_transition_repricing_near_vwap,TRANSITION_PERSISTENCE,transition_persistence,LONG,940.0,940.8,939.0,940.8,940.2,3.969734603492274,948.1394692069844,932.2605307930154,NY,UP,0.2755102040816269
USDCLP.mg,2025-05-05 15:00:00,2025-05-05 15:00:00,ALLOW,STATE=TRANSITION|QL=TRANSITION_UNCLASSIFIED|LF=LOOK_FOR_transition_repricing_near_vwap,TRANSITION_PERSISTENCE,transition_persistence,SHORT,940.9,941.1,937.7,940.0,939.7074626865672,3.95095867546914,947.6093800375056,931.8055453356288,NY,DOWN,0.2254901960784284
USDCLP.mg,2025-05-05 16:00:00,2025-05-05 16:00:00,ALLOW,STATE=TRANSITION|QL=TRANSITION_UNCLASSIFIED|LF=LOOK_FOR_transition_repricing_near_vwap,TRANSITION_PERSISTENCE,transition_persistence,SHORT,940.4,941.5,939.5,940.6,939.827258566978,3.950542639314569,947.7283438456072,931.926173288349,NY,DOWN,0.2843137254901957
USDCLP.mg,2025-05-05 17:00:00,2025-05-05 17:00:00,ALLOW,STATE=TRANSITION|QL=TRANSITION_UNCLASSIFIED|LF=LOOK_FOR_transition_repricing_near_vwap,TRANSITION_PERSISTENCE,transition_persistence,SHORT,940.5,941.2,938.5,938.5,939.6214249363868,3.9411506577068702,947.5037262518006,931.739123620973,NY,DOWN,0.0784313725490156
USDCLP.mg,2025-05-05 18:00:00,2025-05-05 18:00:00,ALLOW,STATE=TRANSITION|QL=TRANSITION_UNCLASSIFIED|LF=LOOK_FOR_transition_repricing_near_vwap,TRANSITION_PERSISTENCE,transition_persistence,SHORT,938.6,940.7,937.3,940.7,939.6759637188208,3.9147140175581754,947.5053917539371,931.8465356837044,NY_PM,DOWN,0.3207547169811399
USDCLP.mg,2025-05-05 19:00:00,2025-05-05 19:00:00,ALLOW,STATE=TRANSITION|QL=TRANSITION_UNCLASSIFIED|LF=LOOK_FOR_transition_repricing_near_vwap,TRANSITION_PERSISTENCE,transition_persistence,SHORT,940.6,941.25,938.9,940.5,939.694529606252,3.884660299988652,947.4638502062292,931.9252090062746,NY_PM,DOWN,0.3018867924528338
USDCLP.mg,2025-05-05 20:00:00,2025-05-05 20:00:00,ALLOW,STATE=TRANSITION|QL=TRANSITION_UNCLASSIFIED|LF=LOOK_FOR_transition_repricing_near_vwap,TRANSITION_PERSISTENCE,transition_persistence,SHORT,940.6,940.9,940.0,940.3,939.6954590818362,3.8097399309750615,947.3149389437864,932.075979219886,NY_PM,DOWN,0.2830188679245277
USDCLP.mg,2025-05-05 21:00:00,2025-05-05 21:00:00,BLOCK,STATE=BALANCE|QL=NONE|LF=NONE,,blocked,NONE,940.2,940.7,940.0,940.7,939.7154830454256,3.8103348515889945,947.3361527486036,932.0948133422474,NY_PM,UP,0.3207547169811399
USDCLP.mg,2025-05-05 22:00:00,2025-05-05 22:00:00,BLOCK,STATE=BALANCE|QL=NONE|LF=NONE,,blocked,NONE,940.6,940.7,940.3,940.4,939.7177467411544,3.8104271186460457,947.3386009784466,932.0968925038624,NY_PM,DOWN,0.2924528301886808
USDCLP.mg,2025-05-06 14:00:00,2025-05-06 14:00:00,BLOCK,STATE=TRANSITION|QL=NONE|LF=NONE,,blocked,NONE,941.2,942.8,940.8,941.4,941.6666666666666,3.797345384592481,949.2613574358516,934.0719758974816,NY,UP,0.38679245283019
USDCLP.mg,2025-05-06 15:00:00,2025-05-06 15:00:00,BLOCK,STATE=TRANSITION|QL=NONE|LF=NONE,,blocked,NONE,941.2,943.4,941.0,941.3,941.807389937107,3.759908934511132,949.3272078061292,934.2875720680848,NY,UP,0.3773584905660369
USDCLP.mg,2025-05-06 16:00:00,2025-05-06 16:00:00,BLOCK,STATE=TRANSITION|QL=NONE|LF=NONE,,blocked,NONE,941.2,941.2,937.2,938.3,940.81210571185,3.778353702640977,948.3688131171318,933.255398306568,NY,DOWN,0.1774193548386969
USDCLP.mg,2025-05-06 17:00:00,2025-05-06 17:00:00,BLOCK,STATE=BALANCE|QL=NONE|LF=NONE,,blocked,NONE,938.1,939.5,936.0,939.0,940.3895906432748,3.7797658288274394,947.9491223009296,932.83005898562,NY,DOWN,0.4054054054054066
USDCLP.mg,2025-05-06 18:00:00,2025-05-06 18:00:00,BLOCK,STATE=BALANCE|QL=NONE|LF=NONE,,blocked,NONE,938.8,939.6,938.0,939.0,940.1690253671562,3.774727170853733,947.7184797088636,932.6195710254487,NY_PM,DOWN,0.4054054054054066
USDCLP.mg,2025-05-06 19:00:00,2025-05-06 19:00:00,BLOCK,STATE=BALANCE|QL=NONE|LF=NONE,,blocked,NONE,939.05,940.3,938.5,938.5,940.001400862069,3.7554059529730335,947.512212768015,932.4905889561228,NY_PM,DOWN,0.3378378378378389
USDCLP.mg,2025-05-06 20:00:00,2025-05-06 20:00:00,ALLOW,STATE=TRANSITION|QL=TRANSITION_UNCLASSIFIED|LF=LOOK_FOR_transition_repricing_near_vwap,TRANSITION_PERSISTENCE,transition_persistence,SHORT,938.4,938.9,938.2,938.8,939.9041553748872,3.762146021432456,947.428447417752,932.3798633320222,NY_PM,DOWN,0.3783783783783734
USDCLP.mg,2025-05-06 21:00:00,2025-05-06 21:00:00,ALLOW,STATE=TRANSITION|QL=TRANSITION_UNCLASSIFIED|LF=LOOK_FOR_transition_repricing_near_vwap,TRANSITION_PERSISTENCE,transition_persistence,SHORT,938.9,939.6,938.8,939.6,939.8710990150338,3.763748656449935,947.3985963279335,932.343601702134,NY_PM,DOWN,0.486486486486491
USDCLP.mg,2025-05-06 22:00:00,2025-05-06 22:00:00,ALLOW,STATE=TRANSITION|QL=TRANSITION_UNCLASSIFIED|LF=LOOK_FOR_transition_repricing_near_vwap,TRANSITION_PERSISTENCE,transition_persistence,LONG,939.5,939.6,939.4,939.5,939.84204778157,3.732637960261672,947.3073237020934,932.3767718610468,NY_PM,UP,0.4729729729729744
USDCLP.mg,2025-05-07 14:00:00,2025-05-07 14:00:00,ALLOW,STATE=TRANSITION|QL=TRANSITION_UNCLASSIFIED|LF=LOOK_FOR_transition_repricing_near_vwap,TRANSITION_PERSISTENCE,transition_persistence,LONG,941.3,942.8,941.1,942.8,942.2333333333332,3.723892521156861,949.681118375647,934.7855482910196,NY,UP,0.9189189189189156
USDCLP.mg,2025-05-07 15:00:00,2025-05-07 15:00:00,ALLOW,STATE=TRANSITION|QL=TRANSITION_UNCLASSIFIED|LF=LOOK_FOR_transition_repricing_near_vwap,TRANSITION_PERSISTENCE,transition_persistence,LONG,942.5,944.1,941.8,943.3,942.6601990049752,3.639461401218572,949.9391218074124,935.381276202538,NY,UP,0.9012345679012264
USDCLP.mg,2025-05-07 16:00:00,2025-05-07 16:00:00,ALLOW,STATE=TRANSITION|QL=TRANSITION_UNCLASSIFIED|LF=LOOK_FOR_transition_repricing_near_vwap,TRANSITION_PERSISTENCE,transition_persistence,LONG,943.0,945.0,943.0,943.85,942.9439265536724,3.47128827889959,949.8865031114716,936.0013499958732,NY,UP,0.8722222222222248
USDCLP.mg,2025-05-07 17:00:00,2025-05-07 17:00:00,BLOCK,STATE=TREND|QL=NONE|LF=NONE,,blocked,NONE,943.9,947.9,943.6,947.9,943.755522682446,3.373391526358504,950.5023057351628,937.0087396297288,NY,UP,1.0
USDCLP.mg,2025-05-07 18:00:00,2025-05-07 18:00:00,ALLOW,STATE=TRANSITION|QL=TRANSITION_UNCLASSIFIED|LF=LOOK_FOR_transition_repricing_near_vwap,TRANSITION_PERSISTENCE,transition_persistence,LONG,948.0,949.3,945.4,945.6,944.1790043290044,3.254643113460334,950.6882905559252,937.6697181020836,NY_PM,UP,0.7218045112781997
USDCLP.mg,2025-05-07 19:00:00,2025-05-07 19:00:00,BLOCK,STATE=TREND|QL=NONE|LF=NONE,,blocked,NONE,945.4,946.4,942.45,943.6,944.2965133260316,3.092712194497094,950.4819377150257,938.1110889370372,NY_PM,UP,0.5714285714285751
USDCLP.mg,2025-05-07 20:00:00,2025-05-07 20:00:00,BLOCK,STATE=TREND|QL=NONE|LF=NONE,,blocked,NONE,943.65,944.6,941.95,944.4,944.4201676963812,3.0901949610933253,950.600557618568,938.2397777741946,NY_PM,UP,0.5663716814159294
USDCLP.mg,2025-05-07 21:00:00,2025-05-07 21:00:00,BLOCK,STATE=TREND|QL=NONE|LF=NONE,,blocked,NONE,944.3,945.4,944.3,945.4,944.5578098053708,3.077843146065036,950.713496097501,938.4021235132408,NY_PM,UP,0.6486486486486478
USDCLP.mg,2025-05-07 22:00:00,2025-05-07 22:00:00,BLOCK,STATE=TREND|QL=NONE|LF=NONE,,blocked,NONE,945.9,946.4,945.9,946.15,944.6919156600976,2.9930305442545317,950.6779767486066,938.7058545715886,NY_PM,UP,0.7162162162162159
USDCLP.mg,2025-05-08 14:00:00,2025-05-08 14:00:00,BLOCK,STATE=TREND|QL=NONE|LF=NONE,,blocked,NONE,949.0,949.0,946.0,946.6,947.2,2.9748220757496537,953.1496441514992,941.2503558485006,NY,DOWN,0.7428571428571493
USDCLP.mg,2025-05-08 15:00:00,2025-05-08 15:00:00,BLOCK,STATE=TRANSITION|QL=TRANSITION_UNCLASSIFIED|LF=LOOK_FOR_transition_dislocated_from_vwap,TRANSITION_RESOLUTION,transition_resolution,SHORT,946.5,946.5,940.6,941.3,944.3397745571658,2.956643105872653,950.2530607689112,938.4264883454204,NY,DOWN,0.19191919191919
USDCLP.mg,2025-05-08 16:00:00,2025-05-08 16:00:00,ALLOW,STATE=TRANSITION|QL=TRANSITION_UNCLASSIFIED|LF=LOOK_FOR_transition_repricing_near_vwap,TRANSITION_PERSISTENCE,transition_persistence,SHORT,941.5,944.2,940.8,943.0,944.2763412489004,2.957994364445948,950.1923299777924,938.3603525200086,NY,DOWN,0.2758620689655168
USDCLP.mg,2025-05-08 17:00:00,2025-05-08 17:00:00,BLOCK,STATE=TRANSITION|QL=NONE|LF=NONE,,blocked,NONE,942.8,943.0,938.8,940.6,943.769728480647,2.9824499264048625,949.7346283334568,937.8048286278372,NY,DOWN,0.1714285714285779
USDCLP.mg,2025-05-08 18:00:00,2025-05-08 18:00:00,BLOCK,STATE=TRANSITION|QL=TRANSITION_UNCLASSIFIED|LF=LOOK_FOR_transition_dislocated_from_vwap,TRANSITION_RESOLUTION,transition_resolution,SHORT,940.5,941.2,935.5,935.5,942.806623655914,3.117385041187774,949.0413937382896,936.5718535735384,NY_PM,DOWN,0.0
USDCLP.mg,2025-05-08 19:00:00,2025-05-08 19:00:00,ALLOW,STATE=TRANSITION|QL=TRANSITION_UNCLASSIFIED|LF=LOOK_FOR_transition_dislocated_from_vwap,TRANSITION_RESOLUTION,transition_resolution,SHORT,935.6,937.45,934.95,935.25,942.1812264474136,3.236990061409102,948.6552065702316,935.7072463245952,NY_PM,DOWN,0.0209059233449446
USDCLP.mg,2025-05-08 20:00:00,2025-05-08 20:00:00,BLOCK,STATE=TREND|QL=NONE|LF=NONE,,blocked,NONE,935.3,935.4,934.9,934.9,941.744776544264,3.337056728412337,948.4188900010888,935.0706630874396,NY_PM,DOWN,0.0
USDCLP.mg,2025-05-08 21:00:00,2025-05-08 21:00:00,BLOCK,STATE=TREND|QL=NONE|LF=NONE,,blocked,NONE,935.0,935.0,934.4,934.9,941.4104699293888,3.383431985445671,948.1773339002802,934.6436059584976,NY_PM,DOWN,0.0342465753424657
USDCLP.mg,2025-05-08 22:00:00,2025-05-08 22:00:00,BLOCK,STATE=TRANSITION|QL=TRANSITION_UNCLASSIFIED|LF=LOOK_FOR_transition_dislocated_from_vwap,TRANSITION_RESOLUTION,transition_resolution,SHORT,935.0,935.0,934.4,934.4,941.1395873218464,3.474459232272082,948.0885057863906,934.1906688573024,NY_PM,DOWN,0.0
USDCLP.mg,2025-05-09 14:00:00,2025-05-09 14:00:00,ALLOW,STATE=TRANSITION|QL=TRANSITION_UNCLASSIFIED|LF=LOOK_FOR_transition_repricing_near_vwap,TRANSITION_PERSISTENCE,transition_persistence,SHORT,933.7,934.0,931.9,933.35,933.0833333333334,3.4641586699684668,940.0116506732704,926.1550159933964,NY,DOWN,0.0847953216374294
USDCLP.mg,2025-05-09 15:00:00,2025-05-09 15:00:00,BLOCK,STATE=TREND|QL=NONE|LF=NONE,,blocked,NONE,933.45,935.1,930.7,933.6,933.1249047619048,3.3952377309494763,939.9153802238036,926.3344293000058,NY,DOWN,0.1584699453551904
USDCLP.mg,2025-05-09 16:00:00,2025-05-09 16:00:00,ALLOW,STATE=TRANSITION|QL=TRANSITION_UNCLASSIFIED|LF=LOOK_FOR_transition_repricing_near_vwap,TRANSITION_PERSISTENCE,transition_persistence,SHORT,933.55,934.15,930.7,931.75,932.848777951118,3.224230115043228,939.2972381812044,926.4003177210316,NY,DOWN,0.0573770491803255
USDCLP.mg,2025-05-09 17:00:00,2025-05-09 17:00:00,ALLOW,STATE=TRANSITION|QL=TRANSITION_UNCLASSIFIED|LF=LOOK_FOR_transition_repricing_near_vwap,TRANSITION_PERSISTENCE,transition_persistence,SHORT,931.6,932.6,927.7,931.65,932.4224427753934,3.0443662600201136,938.5111752954336,926.3337102553533,NY,DOWN,0.2101063829787202
USDCLP.mg,2025-05-09 18:00:00,2025-05-09 18:00:00,BLOCK,STATE=TRANSITION|QL=NONE|LF=NONE,,blocked,NONE,931.7,936.6,931.55,936.4,932.6946988280184,2.9904623199971723,938.6756234680128,926.7137741880242,NY_PM,UP,0.5272727272727231
USDCLP.mg,2025-05-09 19:00:00,2025-05-09 19:00:00,ALLOW,STATE=TRANSITION|QL=TRANSITION_UNCLASSIFIED|LF=LOOK_FOR_transition_repricing_near_vwap,TRANSITION_PERSISTENCE,transition_persistence,LONG,936.5,937.2,934.5,935.3,932.8302619991192,2.861606613479231,938.5534752260778,927.1070487721609,NY_PM,UP,0.4967320261437863
USDCLP.mg,2025-05-09 20:00:00,2025-05-09 20:00:00,BLOCK,STATE=TRANSITION|QL=NONE|LF=NONE,,blocked,NONE,935.1,935.8,935.0,935.4,932.9274884579872,2.888137997808712,938.7037644536044,927.1512124623696,NY_PM,UP,0.5703703703703653
USDCLP.mg,2025-05-09 21:00:00,2025-05-09 21:00:00,BLOCK,STATE=BALANCE|QL=NONE|LF=NONE,,blocked,NONE,935.3,935.9,935.3,935.9,933.0208571882952,2.9210238793797463,938.8629049470547,927.1788094295358,NY_PM,UP,0.841025641025634
USDCLP.mg,2025-05-12 14:00:00,2025-05-12 14:00:00,BLOCK,STATE=BALANCE|QL=NONE|LF=NONE,,blocked,NONE,938.4,940.5,937.5,937.8,938.6,2.919834861896659,944.4396697237934,932.7603302762068,NY,UP,0.7890624999999957
USDCLP.mg,2025-05-12 15:00:00,2025-05-12 15:00:00,ALLOW,STATE=TRANSITION|QL=TRANSITION_UNCLASSIFIED|LF=LOOK_FOR_transition_repricing_near_vwap,TRANSITION_PERSISTENCE,transition_persistence,LONG,937.8,938.4,934.0,938.4,937.8199669966996,2.9136970804610405,943.6473611576216,931.9925728357777,NY,UP,0.8359374999999977
USDCLP.mg,2025-05-12 16:00:00,2025-05-12 16:00:00,ALLOW,STATE=TRANSITION|QL=TRANSITION_UNCLASSIFIED|LF=LOOK_FOR_transition_repricing_near_vwap,TRANSITION_PERSISTENCE,transition_persistence,LONG,938.1,942.0,937.6,939.2,938.0798724954462,2.9121229076498443,943.904118310746,932.2556266801464,NY,UP,0.8041958041958067
USDCLP.mg,2025-05-12 17:00:00,2025-05-12 17:00:00,BLOCK,STATE=TRANSITION|QL=NONE|LF=NONE,,blocked,NONE,939.4,941.2,938.8,940.4,938.3027044025156,2.859452731677213,944.02160986587,932.5837989391612,NY,UP,0.8881118881118861
USDCLP.mg,2025-05-12 18:00:00,2025-05-12 18:00:00,BLOCK,STATE=TRANSITION|QL=NONE|LF=NONE,,blocked,NONE,940.3,945.3,940.3,943.1,938.8928434197886,2.8507173617615704,944.5942781433116,933.1914086962656,NY_PM,UP,0.8750000000000032
USDCLP.mg,2025-05-12 19:00:00,2025-05-12 19:00:00,BLOCK,STATE=TRANSITION|QL=NONE|LF=NONE,,blocked,NONE,942.9,947.1,942.8,945.7,939.5377233877234,2.841571673681976,945.2208667350874,933.8545800403596,NY_PM,UP,0.9278350515463928
USDCLP.mg,2025-05-12 20:00:00,2025-05-12 20:00:00,BLOCK,STATE=TRANSITION|QL=NONE|LF=NONE,,blocked,NONE,945.9,945.9,945.8,945.9,939.9863339856493,2.9714090129151054,945.9291520114792,934.0435159598188,NY_PM,UP,0.9381443298969048
USDCLP.mg,2025-05-12 21:00:00,2025-05-12 21:00:00,BLOCK,STATE=TRANSITION|QL=NONE|LF=NONE,,blocked,NONE,946.0,946.0,945.9,945.9,940.3108768971334,3.080638516945367,946.4721539310242,934.1495998632428,NY_PM,UP,0.9228295819935666
USDCLP.mg,2025-05-12 22:00:00,2025-05-12 22:00:00,BLOCK,STATE=TRANSITION|QL=NONE|LF=NONE,,blocked,NONE,946.0,946.2,945.8,945.9,940.5565679012348,3.1724224922216635,946.901412885678,934.2117229167916,NY_PM,UP,0.9083969465648822
USDCLP.mg,2025-05-13 14:00:00,2025-05-13 14:00:00,BLOCK,STATE=TRANSITION|QL=NONE|LF=NONE,,blocked,NONE,941.7,942.0,938.8,938.8,939.8666666666668,3.172027239537005,946.2107211457406,933.5226121875928,NY,DOWN,0.3664122137404539
USDCLP.mg,2025-05-13 15:00:00,2025-05-13 15:00:00,BLOCK,STATE=TRANSITION|QL=NONE|LF=NONE,,blocked,NONE,938.5,942.4,938.1,942.2,940.5894645941278,3.1768646100169344,946.9431938141616,934.235735374094,NY,DOWN,0.6259541984732848
USDCLP.mg,2025-05-13 16:00:00,2025-05-13 16:00:00,ALLOW,STATE=TRANSITION|QL=TRANSITION_UNCLASSIFIED|LF=LOOK_FOR_transition_repricing_near_vwap,TRANSITION_PERSISTENCE,transition_persistence,SHORT,942.4,944.6,939.7,940.3,940.7983884648008,3.175805980055889,947.1500004249124,934.446776504689,NY,DOWN,0.4809160305343468
USDCLP.mg,2025-05-13 17:00:00,2025-05-13 17:00:00,ALLOW,STATE=TRANSITION|QL=TRANSITION_UNCLASSIFIED|LF=LOOK_FOR_transition_repricing_near_vwap,TRANSITION_PERSISTENCE,transition_persistence,SHORT,940.2,940.2,937.2,938.0,940.5066329398538,3.1944260748051687,946.8954850894642,934.1177807902436,NY,DOWN,0.3053435114503811
USDCLP.mg,2025-05-13 18:00:00,2025-05-13 18:00:00,ALLOW,STATE=TRANSITION|QL=TRANSITION_UNCLASSIFIED|LF=LOOK_FOR_transition_repricing_near_vwap,TRANSITION_PERSISTENCE,transition_persistence,SHORT,937.8,940.8,937.3,939.0,940.4461118116856,3.196884880680669,946.839881573047,934.0523420503245,NY_PM,DOWN,0.1818181818181776
USDCLP.mg,2025-05-13 19:00:00,2025-05-13 19:00:00,ALLOW,STATE=TRANSITION|QL=TRANSITION_UNCLASSIFIED|LF=LOOK_FOR_transition_repricing_near_vwap,TRANSITION_PERSISTENCE,transition_persistence,SHORT,938.9,940.6,938.55,939.7,940.4569654246392,3.19620733602468,946.8493800966884,934.06455075259,NY_PM,DOWN,0.2525252525252531
USDCLP.mg,2025-05-13 20:00:00,2025-05-13 20:00:00,BLOCK,STATE=BALANCE|QL=NONE|LF=NONE,,blocked,NONE,939.9,940.0,939.5,939.7,940.4641799385304,3.197430005143095,946.8590399488164,934.069319928244,NY_PM,UP,0.2525252525252531
USDCLP.mg,2025-05-13 21:00:00,2025-05-13 21:00:00,BLOCK,STATE=TRANSITION|QL=NONE|LF=NONE,,blocked,NONE,939.8,939.8,939.7,939.7,940.4693228044988,3.19826631552434,946.8658554355474,934.07279017345,NY_PM,DOWN,0.2525252525252531
USDCLP.mg,2025-05-13 22:00:00,2025-05-13 22:00:00,BLOCK,STATE=TRANSITION|QL=NONE|LF=NONE,,blocked,NONE,939.8,940.75,939.75,940.4,940.5024691358024,3.1799053742257164,946.862279884254,934.142658387351,NY_PM,FLAT,0.3555555555555479
USDCLP.mg,2025-05-14 14:00:00,2025-05-14 14:00:00,BLOCK,STATE=TRANSITION|QL=NONE|LF=NONE,,blocked,NONE,936.55,937.1,936.3,936.8,936.7333333333332,3.174446873878224,943.0822270810896,930.3844395855768,NY,DOWN,0.05050505050505
USDCLP.mg,2025-05-14 15:00:00,2025-05-14 15:00:00,BLOCK,STATE=TRANSITION|QL=NONE|LF=NONE,,blocked,NONE,937.0,938.4,933.7,936.3,936.2200803212852,3.1704804330354777,942.561041187356,929.879119455214,NY,DOWN,0.2079999999999927
USDCLP.mg,2025-05-14 16:00:00,2025-05-14 16:00:00,BLOCK,STATE=TRANSITION|QL=NONE|LF=NONE,,blocked,NONE,936.4,940.9,935.5,939.1,937.173784722222,3.17525374719444,943.524292216611,930.8232772278332,NY,DOWN,0.4954128440366962
USDCLP.mg,2025-05-14 17:00:00,2025-05-14 17:00:00,BLOCK,STATE=BALANCE|QL=NONE|LF=NONE,,blocked,NONE,939.0,940.8,937.6,940.5,937.6608628659476,3.1954117543645126,944.0516863746764,931.2700393572184,NY,UP,0.6238532110091715
USDCLP.mg,2025-05-14 18:00:00,2025-05-14 18:00:00,BLOCK,STATE=BALANCE|QL=NONE|LF=NONE,,blocked,NONE,940.1,943.7,940.0,943.45,938.4212071480672,3.269587254584657,944.9603816572364,931.8820326388976,NY_PM,UP,0.8944954128440386
USDCLP.mg,2025-05-14 19:00:00,2025-05-14 19:00:00,BLOCK,STATE=BALANCE|QL=NONE|LF=NONE,,blocked,NONE,943.4,943.65,940.9,941.9,938.7236217133164,3.295115260118969,945.3138522335544,932.1333911930784,NY_PM,UP,0.8199999999999932
USDCLP.mg,2025-05-14 20:00:00,2025-05-14 20:00:00,BLOCK,STATE=TRANSITION|QL=NONE|LF=NONE,,blocked,NONE,941.4,941.5,940.9,941.35,938.8813942751616,3.3093755124451367,945.5001453000516,932.2626432502713,NY_PM,UP,0.7649999999999977
USDCLP.mg,2025-05-14 21:00:00,2025-05-14 21:00:00,BLOCK,STATE=TRANSITION|QL=NONE|LF=NONE,,blocked,NONE,942.4,942.9,941.9,942.2,939.034172030427,3.3334966296563504,945.7011652897396,932.3671787711144,NY_PM,UP,0.85
USDCLP.mg,2025-05-14 22:00:00,2025-05-14 22:00:00,BLOCK,STATE=BALANCE|QL=NONE|LF=NONE,,blocked,NONE,942.1,942.1,940.9,941.55,939.1168439716312,3.3454455025155,945.807734976662,932.4259529666002,NY_PM,UP,0.7849999999999909
USDCLP.mg,2025-05-15 14:00:00,2025-05-15 14:00:00,BLOCK,STATE=BALANCE|QL=NONE|LF=NONE,,blocked,NONE,937.7,939.5,937.5,937.9,938.3,3.3032299859459084,944.906459971892,931.6935400281084,NY,DOWN,0.4199999999999931
USDCLP.mg,2025-05-15 15:00:00,2025-05-15 15:00:00,BLOCK,STATE=BALANCE|QL=NONE|LF=NONE,,blocked,NONE,938.0,941.2,937.8,939.2,939.1030303030304,3.299476393718765,945.701983090468,932.5040775155928,NY,DOWN,0.55
USDCLP.mg,2025-05-15 16:00:00,2025-05-15 16:00:00,BLOCK,STATE=BALANCE|QL=NONE|LF=NONE,,blocked,NONE,939.3,941.3,938.6,940.5,939.398599439776,3.2983344109549604,945.995268261686,932.801930617866,NY,DOWN,0.6799999999999955
USDCLP.mg,2025-05-15 17:00:00,2025-05-15 17:00:00,ALLOW,STATE=TRANSITION|QL=TRANSITION_UNCLASSIFIED|LF=LOOK_FOR_transition_repricing_near_vwap,TRANSITION_PERSISTENCE,transition_persistence,LONG,940.4,942.85,938.6,941.8,939.8823581560284,3.305595532586299,946.4935492212012,933.2711670908558,NY,UP,0.809999999999991
USDCLP.mg,2025-05-15 18:00:00,2025-05-15 18:00:00,ALLOW,STATE=TRANSITION|QL=TRANSITION_UNCLASSIFIED|LF=LOOK_FOR_transition_repricing_near_vwap,TRANSITION_PERSISTENCE,transition_persistence,SHORT,941.6,941.9,937.55,938.1,939.7611728395062,3.317109935141719,946.3953927097896,933.1269529692228,NY_PM,DOWN,0.3170731707317083
USDCLP.mg,2025-05-15 19:00:00,2025-05-15 19:00:00,ALLOW,STATE=TRANSITION|QL=TRANSITION_UNCLASSIFIED|LF=LOOK_FOR_transition_repricing_near_vwap,TRANSITION_PERSISTENCE,transition_persistence,SHORT,937.8,938.8,937.45,937.9,939.6770359848484,3.3258343962633665,946.3287047773752,933.0253671923218,NY_PM,DOWN,0.071999999999989
USDCLP.mg,2025-05-15 20:00:00,2025-05-15 20:00:00,ALLOW,STATE=TRANSITION|QL=TRANSITION_UNCLASSIFIED|LF=LOOK_FOR_transition_repricing_near_vwap,TRANSITION_PERSISTENCE,transition_persistence,LONG,937.4,938.4,937.4,938.4,939.6530337941628,3.330507769185218,946.3140493325332,932.9920182557923,NY_PM,UP,0.158730158730157
USDCLP.mg,2025-05-15 21:00:00,2025-05-15 21:00:00,ALLOW,STATE=TRANSITION|QL=TRANSITION_UNCLASSIFIED|LF=LOOK_FOR_transition_repricing_near_vwap,TRANSITION_PERSISTENCE,transition_persistence,SHORT,938.6,938.9,938.1,938.1,939.62076873385,3.3068797119261544,946.2345281577024,933.0070093099978,NY_PM,DOWN,0.1120000000000072
USDCLP.mg,2025-05-15 22:00:00,2025-05-15 22:00:00,BLOCK,STATE=TRANSITION|QL=NONE|LF=NONE,,blocked,NONE,937.9,937.9,937.45,937.5,939.5699275362318,3.3163165783904525,946.2025606930129,932.9372943794508,NY_PM,DOWN,0.0181818181818223
USDCLP.mg,2025-05-16 14:00:00,2025-05-16 14:00:00,ALLOW,STATE=TRANSITION|QL=TRANSITION_UNCLASSIFIED|LF=LOOK_FOR_transition_repricing_near_vwap,TRANSITION_PERSISTENCE,transition_persistence,LONG,941.2,943.05,941.1,942.8,942.3166666666666,3.2795083334255604,948.8756833335176,935.7576499998156,NY,UP,0.9557522123893804
USDCLP.mg,2025-05-16 15:00:00,2025-05-16 15:00:00,ALLOW,STATE=TRANSITION|QL=TRANSITION_UNCLASSIFIED|LF=LOOK_FOR_transition_repricing_near_vwap,TRANSITION_PERSISTENCE,transition_persistence,LONG,943.0,943.4,939.0,940.0,941.167391304348,3.097982136790099,947.363355577928,934.9714270307676,NY,UP,0.4333333333333371
USDCLP.mg,2025-05-16 16:00:00,2025-05-16 16:00:00,BLOCK,STATE=TRANSITION|QL=NONE|LF=NONE,,blocked,NONE,939.9,947.3,939.8,945.5,942.5879657603224,2.9278020018709894,948.4435697640644,936.7323617565804,NY,UP,0.8181818181818223
USDCLP.mg,2025-05-16 17:00:00,2025-05-16 17:00:00,ALLOW,STATE=TRANSITION|QL=TRANSITION_UNCLASSIFIED|LF=LOOK_FOR_transition_repricing_near_vwap,TRANSITION_PERSISTENCE,transition_persistence,LONG,945.3,947.0,943.0,943.8,942.8521956087826,2.721300097859464,948.2947958045016,937.4095954130636,NY,UP,0.6464646464646456
USDCLP.mg,2025-05-16 18:00:00,2025-05-16 18:00:00,ALLOW,STATE=TRANSITION|QL=TRANSITION_UNCLASSIFIED|LF=LOOK_FOR_transition_repricing_near_vwap,TRANSITION_PERSISTENCE,transition_persistence,LONG,943.9,947.3,943.9,945.5,943.1261053154496,2.5167821594560973,948.159669634362,938.0925409965374,NY_PM,UP,0.8181818181818223
USDCLP.mg,2025-05-16 19:00:00,2025-05-16 19:00:00,ALLOW,STATE=TRANSITION|QL=TRANSITION_UNCLASSIFIED|LF=LOOK_FOR_transition_repricing_near_vwap,TRANSITION_PERSISTENCE,transition_persistence,LONG,945.4,945.5,942.5,943.7,943.1679944510504,2.258781019469645,947.6855564899898,938.6504324121112,NY_PM,UP,0.6363636363636447
USDCLP.mg,2025-05-16 20:00:00,2025-05-16 20:00:00,BLOCK,STATE=BALANCE|QL=NONE|LF=NONE,,blocked,NONE,943.8,944.4,943.8,944.1,943.2182162875042,2.2557103686944155,947.729637024893,938.7067955501154,NY_PM,UP,0.6767676767676829
USDCLP.mg,2025-05-16 21:00:00,2025-05-16 21:00:00,BLOCK,STATE=TRANSITION|QL=NONE|LF=NONE,,blocked,NONE,944.0,944.0,942.9,942.9,943.1964013547844,2.2629262708848805,947.722253896554,938.6705488130144,NY_PM,UP,0.5555555555555568
USDCLP.mg,2025-05-19 14:00:00,2025-05-19 14:00:00,BLOCK,STATE=TRANSITION|QL=NONE|LF=NONE,,blocked,NONE,941.3,942.8,941.1,941.4,941.7666666666668,2.250631120853184,946.267928908373,937.2654044249604,NY,DOWN,0.404040404040405
USDCLP.mg,2025-05-19 15:00:00,2025-05-19 15:00:00,BLOCK,STATE=BALANCE|QL=NONE|LF=NONE,,blocked,NONE,941.5,941.6,935.6,936.6,939.1916666666668,2.296284872118905,943.7842364109046,934.5990969224288,NY,DOWN,0.0854700854700859
USDCLP.mg,2025-05-19 16:00:00,2025-05-19 16:00:00,BLOCK,STATE=BALANCE|QL=NONE|LF=NONE,,blocked,NONE,936.7,937.05,933.7,936.45,938.3705992509364,2.303609799227022,942.9778188493904,933.7633796524822,NY,DOWN,0.2022058823529425
USDCLP.mg,2025-05-19 17:00:00,2025-05-19 17:00:00,BLOCK,STATE=TRANSITION|QL=NONE|LF=NONE,,blocked,NONE,936.5,936.55,933.6,934.3,937.8595552297164,2.3807027629781645,942.6209607556726,933.09814970376,NY,DOWN,0.0510948905109441
USDCLP.mg,2025-05-19 18:00:00,2025-05-19 18:00:00,BLOCK,STATE=TRANSITION|QL=NONE|LF=NONE,,blocked,NONE,934.4,936.5,934.3,934.9,937.6636742836416,2.423210238690376,942.5100947610224,932.8172538062609,NY_PM,DOWN,0.0948905109489022
USDCLP.mg,2025-05-19 19:00:00,2025-05-19 19:00:00,BLOCK,STATE=TRANSITION|QL=NONE|LF=NONE,,blocked,NONE,935.1,936.25,935.0,935.8,937.6096164936562,2.430144914013623,942.4699063216834,932.7493266656288,NY_PM,DOWN,0.1605839416058352
USDCLP.mg,2025-05-19 20:00:00,2025-05-19 20:00:00,ALLOW,STATE=TRANSITION|QL=TRANSITION_UNCLASSIFIED|LF=LOOK_FOR_transition_repricing_near_vwap,TRANSITION_PERSISTENCE,transition_persistence,SHORT,935.9,937.1,935.9,937.1,937.6476788705432,2.427303613470423,942.502286097484,932.7930716436024,NY_PM,DOWN,0.2554744525547458
USDCLP.mg,2025-05-19 21:00:00,2025-05-19 21:00:00,ALLOW,STATE=TRANSITION|QL=TRANSITION_UNCLASSIFIED|LF=LOOK_FOR_transition_repricing_near_vwap,TRANSITION_PERSISTENCE,transition_persistence,LONG,937.05,937.1,936.9,936.95,937.6674028629856,2.435193969489856,942.5377908019652,932.797014924006,NY_PM,UP,0.2445255474452583
USDCLP.mg,2025-05-19 22:00:00,2025-05-19 22:00:00,ALLOW,STATE=TRANSITION|QL=TRANSITION_UNCLASSIFIED|LF=LOOK_FOR_transition_repricing_near_vwap,TRANSITION_PERSISTENCE,transition_persistence,LONG,937.05,937.45,936.9,937.4,937.7011605070524,2.43780278179252,942.5767660706374,932.8255549434672,NY_PM,UP,0.3193277310924338
USDCLP.mg,2025-05-20 14:00:00,2025-05-20 14:00:00,ALLOW,STATE=TRANSITION|QL=TRANSITION_UNCLASSIFIED|LF=LOOK_FOR_transition_repricing_near_vwap,TRANSITION_PERSISTENCE,transition_persistence,LONG,939.4,939.9,939.0,939.8,939.5666666666666,2.428899243000266,944.4244651526672,934.708868180666,NY,UP,0.5740740740740702
USDCLP.mg,2025-05-20 15:00:00,2025-05-20 15:00:00,ALLOW,STATE=TRANSITION|QL=TRANSITION_UNCLASSIFIED|LF=LOOK_FOR_transition_repricing_near_vwap,TRANSITION_PERSISTENCE,transition_persistence,LONG,939.6,941.6,938.3,939.7,939.8233511586452,2.373392291794253,944.5701357422338,935.0765665750567,NY,UP,0.586538461538465
USDCLP.mg,2025-05-20 16:00:00,2025-05-20 16:00:00,ALLOW,STATE=TRANSITION|QL=TRANSITION_UNCLASSIFIED|LF=LOOK_FOR_transition_repricing_near_vwap,TRANSITION_PERSISTENCE,transition_persistence,LONG,939.6,940.7,938.75,939.5,939.8125840537944,2.229918358599828,944.272420770994,935.3527473365948,NY,UP,0.6413043478260892
USDCLP.mg,2025-05-20 17:00:00,2025-05-20 17:00:00,ALLOW,STATE=BALANCE|QL=BALANCE_LEAKING|LF=LOOK_FOR_balance_dislocated_from_vwap,BALANCE_DEGRADATION,allow_unmapped_baseline,NONE,939.6,944.0,939.5,943.9,940.5239316239316,2.127488377193908,944.7789083783194,936.2689548695438,NY,UP,0.9903846153846132
USDCLP.mg,2025-05-20 18:00:00,2025-05-20 18:00:00,BLOCK,STATE=TRANSITION|QL=TRANSITION_UNCLASSIFIED|LF=LOOK_FOR_transition_dislocated_from_vwap,TRANSITION_RESOLUTION,transition_resolution,LONG,943.8,944.3,942.6,943.8,940.9099950024986,2.022461550089025,944.9549181026766,936.8650719023206,NY_PM,UP,0.9532710280373828
USDCLP.mg,2025-05-20 19:00:00,2025-05-20 19:00:00,BLOCK,STATE=TRANSITION|QL=NONE|LF=NONE,,blocked,NONE,943.7,945.55,943.4,943.9,941.2337363966142,1.9177623046409904,945.069261005896,937.3982117873322,NY_PM,UP,0.8619246861924698
USDCLP.mg,2025-05-20 20:00:00,2025-05-20 20:00:00,BLOCK,STATE=TRANSITION|QL=TRANSITION_UNCLASSIFIED|LF=LOOK_FOR_transition_dislocated_from_vwap,TRANSITION_RESOLUTION,transition_resolution,LONG,943.85,944.15,943.85,943.9,941.4525160418776,1.9346109067279171,945.3217378553336,937.583294228422,NY_PM,UP,0.8533333333333354
USDCLP.mg,2025-05-20 21:00:00,2025-05-20 21:00:00,BLOCK,STATE=TRANSITION|QL=NONE|LF=NONE,,blocked,NONE,943.85,943.9,943.5,943.5,941.5916594013368,1.9392655613550367,945.4701905240468,937.7131282786266,NY_PM,UP,0.8056872037914726
USDCLP.mg,2025-05-20 22:00:00,2025-05-20 22:00:00,BLOCK,STATE=TRANSITION|QL=NONE|LF=NONE,,blocked,NONE,943.4,943.6,942.9,943.15,941.682453455751,1.9431085011257356,945.5686704580024,937.7962364534995,NY_PM,UP,0.7512953367875665
USDCLP.mg,2025-05-22 14:00:00,2025-05-22 14:00:00,ALLOW,STATE=TRANSITION|QL=TRANSITION_UNCLASSIFIED|LF=LOOK_FOR_transition_repricing_near_vwap,TRANSITION_PERSISTENCE,transition_persistence,LONG,949.0,950.0,947.8,948.2,948.6666666666666,1.9035977724317543,952.47386221153,944.8594711218032,NY,UP,0.8625954198473319
USDCLP.mg,2025-05-22 15:00:00,2025-05-22 15:00:00,BLOCK,STATE=TREND|QL=NONE|LF=NONE,,blocked,NONE,948.3,948.3,945.1,945.3,947.3527896995708,1.9172237876720308,951.1872372749148,943.5183421242268,NY,UP,0.6412213740457987
USDCLP.mg,2025-05-22 16:00:00,2025-05-22 16:00:00,BLOCK,STATE=TREND|QL=NONE|LF=NONE,,blocked,NONE,945.5,947.25,943.7,947.2,947.1788522012578,1.911228807442062,951.001309816142,943.3563945863737,NY,UP,0.7606837606837655
USDCLP.mg,2025-05-22 17:00:00,2025-05-22 17:00:00,BLOCK,STATE=TRANSITION|QL=NONE|LF=NONE,,blocked,NONE,947.0,947.0,942.5,943.5,946.6056910569106,1.9672648779433768,950.5402208127972,942.671161301024,NY,DOWN,0.4444444444444466
USDCLP.mg,2025-05-22 18:00:00,2025-05-22 18:00:00,BLOCK,STATE=TRANSITION|QL=TRANSITION_UNCLASSIFIED|LF=LOOK_FOR_transition_dislocated_from_vwap,TRANSITION_RESOLUTION,transition_resolution,SHORT,943.3,943.3,941.0,942.7,946.1224979321752,2.0318509718190807,950.1861998758136,942.0587959885372,NY_PM,DOWN,0.3511111111111151
USDCLP.mg,2025-05-22 19:00:00,2025-05-22 19:00:00,ALLOW,STATE=TRANSITION|QL=TRANSITION_UNCLASSIFIED|LF=LOOK_FOR_transition_dislocated_from_vwap,TRANSITION_RESOLUTION,transition_resolution,SHORT,942.9,943.8,942.0,942.3,945.7988966900704,2.099939908046445,949.9987765061632,941.5990168739772,NY_PM,DOWN,0.2666666666666623
USDCLP.mg,2025-05-22 20:00:00,2025-05-22 20:00:00,BLOCK,STATE=TRANSITION|QL=TRANSITION_UNCLASSIFIED|LF=LOOK_FOR_transition_dislocated_from_vwap,TRANSITION_RESOLUTION,transition_resolution,SHORT,942.35,942.4,942.3,942.4,945.5847081930416,2.153640867155441,949.8919899273524,941.2774264587306,NY_PM,DOWN,0.155555555555553
USDCLP.mg,2025-05-22 21:00:00,2025-05-22 21:00:00,BLOCK,STATE=TRANSITION|QL=TRANSITION_UNCLASSIFIED|LF=LOOK_FOR_transition_dislocated_from_vwap,TRANSITION_RESOLUTION,transition_resolution,SHORT,942.3,942.4,942.2,942.2,945.420618805898,2.205163029168765,949.8309448642354,941.0102927475604,NY_PM,DOWN,0.1333333333333383
USDCLP.mg,2025-05-22 22:00:00,2025-05-22 22:00:00,BLOCK,STATE=TRANSITION|QL=TRANSITION_UNCLASSIFIED|LF=LOOK_FOR_transition_dislocated_from_vwap,TRANSITION_RESOLUTION,transition_resolution,SHORT,942.4,942.7,942.4,942.7,945.316730360934,2.2203933281231087,949.7575170171804,940.875943704688,NY_PM,DOWN,0.1888888888888939
USDCLP.mg,2025-05-23 14:00:00,2025-05-23 14:00:00,ALLOW,STATE=TRANSITION|QL=TRANSITION_UNCLASSIFIED|LF=LOOK_FOR_transition_repricing_near_vwap,TRANSITION_PERSISTENCE,transition_persistence,SHORT,941.2,941.7,940.5,940.8,941.0,2.181585762243281,945.3631715244866,936.6368284755134,NY,DOWN,0.0315789473684162
USDCLP.mg,2025-05-23 15:00:00,2025-05-23 15:00:00,ALLOW,STATE=TRANSITION|QL=TRANSITION_UNCLASSIFIED|LF=LOOK_FOR_transition_repricing_near_vwap,TRANSITION_PERSISTENCE,transition_persistence,SHORT,940.7,944.6,939.6,941.5,941.7790513833992,2.0528640911833245,945.8847795657658,937.6733232010324,NY,DOWN,0.1826923076923059
USDCLP.mg,2025-05-23 16:00:00,2025-05-23 16:00:00,ALLOW,STATE=TRANSITION|QL=TRANSITION_UNCLASSIFIED|LF=LOOK_FOR_transition_repricing_near_vwap,TRANSITION_PERSISTENCE,transition_persistence,SHORT,941.6,941.9,938.3,939.3,941.2938559322032,2.009377999972401,945.312611932148,937.2750999322584,NY,DOWN,0.0854700854700851
USDCLP.mg,2025-05-23 17:00:00,2025-05-23 17:00:00,BLOCK,STATE=TREND|QL=NONE|LF=NONE,,blocked,NONE,939.4,939.4,937.0,939.1,940.9577424023154,1.9807790640291365,944.9193005303736,936.9961842742572,NY,DOWN,0.1858407079646045
USDCLP.mg,2025-05-23 18:00:00,2025-05-23 18:00:00,BLOCK,STATE=TREND|QL=NONE|LF=NONE,,blocked,NONE,939.15,941.4,938.8,940.25,940.8756593406592,1.9135391577174157,944.702737656094,937.0485810252244,NY_PM,DOWN,0.3170731707317073
USDCLP.mg,2025-05-23 19:00:00,2025-05-23 19:00:00,BLOCK,STATE=TREND|QL=NONE|LF=NONE,,blocked,NONE,940.15,941.0,938.6,939.1,940.7510628875108,1.874291991965905,944.4996468714426,937.002478903579,NY_PM,DOWN,0.2100000000000022
USDCLP.mg,2025-05-23 20:00:00,2025-05-23 20:00:00,BLOCK,STATE=TREND|QL=NONE|LF=NONE,,blocked,NONE,939.2,939.2,939.0,939.1,940.6669510385756,1.87975072735662,944.4264524932888,936.9074495838624,NY_PM,DOWN,0.2763157894736864
USDCLP.mg,2025-05-23 21:00:00,2025-05-23 21:00:00,BLOCK,STATE=TREND|QL=NONE|LF=NONE,,blocked,NONE,939.2,939.2,938.9,938.9,940.5970325462666,1.883976044695401,944.3649846356574,936.829080456876,NY_PM,DOWN,0.2499999999999962
USDCLP.mg,2025-05-26 14:00:00,2025-05-26 14:00:00,BLOCK,STATE=TREND|QL=NONE|LF=NONE,,blocked,NONE,936.5,939.0,936.5,938.6,938.0333333333332,1.87561529221048,941.784563917754,934.2821027489124,NY,DOWN,0.2592592592592613
USDCLP.mg,2025-05-26 15:00:00,2025-05-26 15:00:00,BLOCK,STATE=TREND|QL=NONE|LF=NONE,,blocked,NONE,938.3,938.3,934.6,935.6,936.8476543209875,1.8416194369956416,940.5308931949788,933.1644154469964,NY,DOWN,0.1
USDCLP.mg,2025-05-26 16:00:00,2025-05-26 16:00:00,BLOCK,STATE=TRANSITION|QL=NONE|LF=NONE,,blocked,NONE,935.8,937.5,935.8,937.0,936.8556509298998,1.839583976101436,940.5348188821026,933.1764829776968,NY,DOWN,0.2399999999999977
USDCLP.mg,2025-05-26 17:00:00,2025-05-26 17:00:00,BLOCK,STATE=TRANSITION|QL=NONE|LF=NONE,,blocked,NONE,936.95,939.1,936.5,938.8,937.0464249748236,1.8626135108277533,940.7716519964792,933.3211979531682,NY,DOWN,0.4199999999999931
USDCLP.mg,2025-05-26 18:00:00,2025-05-26 18:00:00,BLOCK,STATE=BALANCE|QL=NONE|LF=NONE,,blocked,NONE,939.2,939.9,938.9,939.3,937.2490287490288,1.8961238216723604,941.0412763923734,933.456781105684,NY_PM,UP,0.4699999999999932
USDCLP.mg,2025-05-26 19:00:00,2025-05-26 19:00:00,BLOCK,STATE=BALANCE|QL=NONE|LF=NONE,,blocked,NONE,939.35,940.4,938.8,940.1,937.456862745098,1.94136568844147,941.339594121981,933.5741313682151,NY_PM,UP,0.7534246575342513
USDCLP.mg,2025-05-26 20:00:00,2025-05-26 20:00:00,BLOCK,STATE=BALANCE|QL=NONE|LF=NONE,,blocked,NONE,940.05,940.05,939.7,939.7,937.5786133333332,1.9590208528737951,941.4966550390808,933.6605716275856,NY_PM,UP,0.7500000000000083
USDCLP.mg,2025-05-26 21:00:00,2025-05-26 21:00:00,BLOCK,STATE=BALANCE|QL=NONE|LF=NONE,,blocked,NONE,939.4,939.85,939.2,939.5,937.6583218072844,1.979906281118812,941.618134369522,933.6985092450468,NY_PM,UP,0.7205882352941191
USDCLP.mg,2025-05-26 22:00:00,2025-05-26 22:00:00,BLOCK,STATE=BALANCE|QL=NONE|LF=NONE,,blocked,NONE,939.4,939.5,939.3,939.4,937.7150223304913,1.9956610629782088,941.7063444564476,933.7237002045348,NY_PM,UP,0.7499999999999956
USDCLP.mg,2025-05-27 14:00:00,2025-05-27 14:00:00,BLOCK,STATE=BALANCE|QL=NONE|LF=NONE,,blocked,NONE,940.6,940.8,938.5,938.5,939.2666666666668,1.9438200689261296,943.154306804519,935.3790265288144,NY,DOWN,0.6290322580645193
USDCLP.mg,2025-05-27 15:00:00,2025-05-27 15:00:00,BLOCK,STATE=BALANCE|QL=NONE|LF=NONE,,blocked,NONE,938.0,938.6,936.5,937.4,938.5189279731992,1.9381843663296443,942.3952967058586,934.64255924054,NY,DOWN,0.4516129032258041
USDCLP.mg,2025-05-27 16:00:00,2025-05-27 16:00:00,BLOCK,STATE=TRANSITION|QL=TRANSITION_UNCLASSIFIED|LF=LOOK_FOR_transition_dislocated_from_vwap,TRANSITION_RESOLUTION,transition_resolution,SHORT,937.5,938.0,935.2,936.0,937.9608156028368,1.909886434146687,941.7805884711304,934.1410427345436,NY,DOWN,0.225806451612902
USDCLP.mg,2025-05-27 17:00:00,2025-05-27 17:00:00,BLOCK,STATE=BALANCE|QL=NONE|LF=NONE,,blocked,NONE,935.95,939.4,935.85,939.0,938.0800482218204,1.9147485048946973,941.9095452316096,934.2505512120308,NY,DOWN,0.7096774193548429
USDCLP.mg,2025-05-27 18:00:00,2025-05-27 18:00:00,BLOCK,STATE=TRANSITION|QL=NONE|LF=NONE,,blocked,NONE,938.9,939.0,936.7,938.15,938.0727625570776,1.9067390836890965,941.886240724456,934.2592843896996,NY_PM,DOWN,0.5267857142857106
USDCLP.mg,2025-05-27 19:00:00,2025-05-27 19:00:00,BLOCK,STATE=BALANCE|QL=NONE|LF=NONE,,blocked,NONE,938.25,938.3,936.65,936.75,937.9772510106578,1.909645207611026,941.79654142588,934.1579605954356,NY_PM,DOWN,0.2767857142857106
USDCLP.mg,2025-05-27 20:00:00,2025-05-27 20:00:00,BLOCK,STATE=TRANSITION|QL=NONE|LF=NONE,,blocked,NONE,936.85,936.95,936.8,936.8,937.9156519065192,1.9116808005914243,941.739013507702,934.0922903053364,NY_PM,DOWN,0.2857142857142741
USDCLP.mg,2025-05-27 21:00:00,2025-05-27 21:00:00,ALLOW,STATE=TRANSITION|QL=TRANSITION_UNCLASSIFIED|LF=LOOK_FOR_transition_repricing_near_vwap,TRANSITION_PERSISTENCE,transition_persistence,SHORT,936.7,936.8,936.7,936.8,937.8713454929948,1.8896018327240331,941.650549158443,934.0921418275468,NY_PM,DOWN,0.2857142857142741
USDCLP.mg,2025-05-27 22:00:00,2025-05-27 22:00:00,ALLOW,STATE=TRANSITION|QL=TRANSITION_UNCLASSIFIED|LF=LOOK_FOR_transition_repricing_near_vwap,TRANSITION_PERSISTENCE,transition_persistence,LONG,936.85,936.95,936.85,936.9,937.8420491423274,1.8792446225431096,941.6005383874136,934.0835598972412,NY_PM,UP,0.3035714285714213
USDCLP.mg,2025-05-28 14:00:00,2025-05-28 14:00:00,ALLOW,STATE=TRANSITION|QL=TRANSITION_UNCLASSIFIED|LF=LOOK_FOR_transition_repricing_near_vwap,TRANSITION_PERSISTENCE,transition_persistence,SHORT,937.2,937.8,936.5,937.4,937.2333333333332,1.8263192848651333,940.8859719030636,933.580694763603,NY,DOWN,0.3928571428571371
USDCLP.mg,2025-05-28 15:00:00,2025-05-28 15:00:00,ALLOW,STATE=TRANSITION|QL=TRANSITION_UNCLASSIFIED|LF=LOOK_FOR_transition_repricing_near_vwap,TRANSITION_PERSISTENCE,transition_persistence,SHORT,937.5,938.5,936.7,937.6,937.4777153558052,1.7944416733738695,941.0665987025528,933.8888320090576,NY,DOWN,0.4285714285714315
USDCLP.mg,2025-05-28 16:00:00,2025-05-28 16:00:00,BLOCK,STATE=BALANCE|QL=NONE|LF=NONE,,blocked,NONE,937.5,940.4,937.4,939.7,938.1012383900928,1.8011147796515934,941.703467949396,934.4990088307898,NY,UP,0.8035714285714416
USDCLP.mg,2025-05-28 17:00:00,2025-05-28 17:00:00,BLOCK,STATE=TRANSITION|QL=TRANSITION_UNCLASSIFIED|LF=LOOK_FOR_transition_dislocated_from_vwap,TRANSITION_RESOLUTION,transition_resolution,LONG,939.6,942.5,939.0,942.05,938.8272536687632,1.8658974245214008,942.559048517806,935.0954588197204,NY,UP,0.9383561643835552
USDCLP.mg,2025-05-28 18:00:00,2025-05-28 18:00:00,BLOCK,STATE=TREND|QL=NONE|LF=NONE,,blocked,NONE,942.0,943.45,940.5,942.4,939.304648705758,1.920124619897084,943.144897945552,935.4643994659638,NY_PM,UP,0.8727272727272645
USDCLP.mg,2025-05-28 19:00:00,2025-05-28 19:00:00,BLOCK,STATE=TREND|QL=NONE|LF=NONE,,blocked,NONE,942.3,942.3,940.3,940.85,939.4933757961784,1.9307254867055577,943.3548267695894,935.6319248227672,NY_PM,UP,0.6578947368421033
USDCLP.mg,2025-05-28 20:00:00,2025-05-28 20:00:00,ALLOW,STATE=TRANSITION|QL=TRANSITION_UNCLASSIFIED|LF=LOOK_FOR_transition_repricing_near_vwap,TRANSITION_PERSISTENCE,transition_persistence,LONG,940.75,941.0,940.75,940.9,939.622932197373,1.9395726568573883,943.5020775110876,935.7437868836582,NY_PM,UP,0.6330935251798487
USDCLP.mg,2025-05-28 21:00:00,2025-05-28 21:00:00,ALLOW,STATE=TRANSITION|QL=TRANSITION_UNCLASSIFIED|LF=LOOK_FOR_transition_repricing_near_vwap,TRANSITION_PERSISTENCE,transition_persistence,LONG,941.0,941.0,940.5,940.5,939.6971942665446,1.9431612025713625,943.5835166716872,935.8108718614018,NY_PM,UP,0.5755395683453199
USDCLP.mg,2025-05-28 22:00:00,2025-05-28 22:00:00,BLOCK,STATE=TREND|QL=NONE|LF=NONE,,blocked,NONE,940.4,940.7,940.1,940.4,939.748997594226,1.9449735739928644,943.6389447422118,935.8590504462404,NY_PM,UP,0.5611510791366837
USDCLP.mg,2025-05-29 14:00:00,2025-05-29 14:00:00,ALLOW,STATE=TRANSITION|QL=TRANSITION_UNCLASSIFIED|LF=LOOK_FOR_transition_repricing_near_vwap,TRANSITION_PERSISTENCE,transition_persistence,SHORT,938.0,938.8,936.8,936.9,937.5,1.884450812166452,941.2689016243328,933.7310983756672,NY,DOWN,0.0575539568345287
USDCLP.mg,2025-05-29 15:00:00,2025-05-29 15:00:00,ALLOW,STATE=TRANSITION|QL=TRANSITION_UNCLASSIFIED|LF=LOOK_FOR_transition_repricing_near_vwap,TRANSITION_PERSISTENCE,transition_persistence,SHORT,937.0,939.0,936.6,938.6,937.93970856102,1.838560580636106,941.616829722292,934.2625873997476,NY,DOWN,0.3021582733812962
USDCLP.mg,2025-05-29 16:00:00,2025-05-29 16:00:00,ALLOW,STATE=TRANSITION|QL=TRANSITION_UNCLASSIFIED|LF=LOOK_FOR_transition_repricing_near_vwap,TRANSITION_PERSISTENCE,transition_persistence,SHORT,938.3,938.8,936.4,937.0,937.7330256410256,1.795607973711269,941.324241588448,934.141809693603,NY,DOWN,0.0851063829787258
USDCLP.mg,2025-05-29 17:00:00,2025-05-29 17:00:00,BLOCK,STATE=TRANSITION|QL=NONE|LF=NONE,,blocked,NONE,937.1,937.3,934.75,935.6,937.239741161616,1.7657609893467043,940.7712631403094,933.7082191829228,NY,DOWN,0.0977011494252894
USDCLP.mg,2025-05-29 18:00:00,2025-05-29 18:00:00,ALLOW,STATE=TRANSITION|QL=TRANSITION_UNCLASSIFIED|LF=LOOK_FOR_transition_repricing_near_vwap,TRANSITION_PERSISTENCE,transition_persistence,SHORT,935.4,937.5,935.2,937.5,937.1963064295486,1.7396736536713904,940.6756537368914,933.7169591222058,NY_PM,DOWN,0.3160919540229868
USDCLP.mg,2025-05-29 19:00:00,2025-05-29 19:00:00,ALLOW,STATE=TRANSITION|QL=TRANSITION_UNCLASSIFIED|LF=LOOK_FOR_transition_repricing_near_vwap,TRANSITION_PERSISTENCE,transition_persistence,SHORT,937.4,937.5,935.3,935.6,937.0341006423982,1.727650176456213,940.4894009953108,933.5788002894858,NY_PM,DOWN,0.0977011494252894
USDCLP.mg,2025-05-29 20:00:00,2025-05-29 20:00:00,ALLOW,STATE=TRANSITION|QL=TRANSITION_UNCLASSIFIED|LF=LOOK_FOR_transition_repricing_near_vwap,TRANSITION_PERSISTENCE,transition_persistence,SHORT,935.5,935.6,935.45,935.5,936.9238639695104,1.734098960827705,940.3920618911658,933.4556660478552,NY_PM,DOWN,0.0862068965517236
USDCLP.mg,2025-05-29 21:00:00,2025-05-29 21:00:00,BLOCK,STATE=TRANSITION|QL=NONE|LF=NONE,,blocked,NONE,935.4,935.4,934.95,935.0,936.8217786069652,1.7298630555970944,940.2815047181592,933.362052495771,NY_PM,DOWN,0.0331125827814571
USDCLP.mg,2025-05-29 22:00:00,2025-05-29 22:00:00,BLOCK,STATE=TRANSITION|QL=NONE|LF=NONE,,blocked,NONE,934.9,935.45,934.9,935.4,936.7640959170448,1.7344133864845643,940.232922690014,933.2952691440756,NY_PM,DOWN,0.1039999999999963
USDCLP.mg,2025-05-30 14:00:00,2025-05-30 14:00:00,ALLOW,STATE=TRANSITION|QL=TRANSITION_UNCLASSIFIED|LF=LOOK_FOR_transition_repricing_near_vwap,TRANSITION_PERSISTENCE,transition_persistence,LONG,936.3,937.0,935.6,937.0,936.5333333333332,1.6940654519138714,939.921464237161,933.1452024295056,NY,UP,0.36
USDCLP.mg,2025-05-30 15:00:00,2025-05-30 15:00:00,BLOCK,STATE=BALANCE|QL=NONE|LF=NONE,,blocked,NONE,936.9,940.2,935.0,940.2,938.1665144596652,1.6666329396353914,941.499780338936,934.8332485803944,NY,UP,0.9159663865546224
USDCLP.mg,2025-05-30 16:00:00,2025-05-30 16:00:00,BLOCK,STATE=TRANSITION|QL=TRANSITION_UNCLASSIFIED|LF=LOOK_FOR_transition_dislocated_from_vwap,TRANSITION_RESOLUTION,transition_resolution,LONG,939.9,945.1,939.5,945.0,939.8126016260162,1.7681355745761296,943.3488727751684,936.276330476864,NY,UP,0.9903381642512056
USDCLP.mg,2025-05-30 17:00:00,2025-05-30 17:00:00,BLOCK,STATE=TRANSITION|QL=TRANSITION_UNCLASSIFIED|LF=LOOK_FOR_transition_dislocated_from_vwap,TRANSITION_RESOLUTION,transition_resolution,LONG,945.1,945.15,942.0,943.8,940.2923034330008,1.7794391844266784,943.8511818018544,936.7334250641476,NY,UP,0.8701923076923053
USDCLP.mg,2025-05-30 18:00:00,2025-05-30 18:00:00,BLOCK,STATE=TRANSITION|QL=TRANSITION_UNCLASSIFIED|LF=LOOK_FOR_transition_dislocated_from_vwap,TRANSITION_RESOLUTION,transition_resolution,LONG,943.6,945.6,943.2,945.4,940.705247691016,1.83100840000708,944.36726449103,937.0432308910016,NY_PM,UP,0.9815668202764936
USDCLP.mg,2025-05-30 19:00:00,2025-05-30 19:00:00,BLOCK,STATE=TREND|QL=NONE|LF=NONE,,blocked,NONE,945.3,946.2,944.5,945.5,941.0028059499662,1.880234027535324,944.7632740050368,937.2423378948956,NY_PM,UP,0.938864628820957
USDCLP.mg,2025-05-30 20:00:00,2025-05-30 20:00:00,BLOCK,STATE=TREND|QL=NONE|LF=NONE,,blocked,NONE,945.6,945.6,944.4,944.4,941.1436049801924,1.9214780312110256,944.9865610426144,937.3006489177702,NY_PM,UP,0.8407079646017649
USDCLP.mg,2025-05-30 21:00:00,2025-05-30 21:00:00,BLOCK,STATE=TREND|QL=NONE|LF=NONE,,blocked,NONE,944.2,945.3,944.2,945.0,941.2729683698296,1.973226948457043,945.2194222667438,937.3265144729156,NY_PM,UP,0.8938053097345099
USDCLP.mg,2025-06-02 14:00:00,2025-06-02 14:00:00,ALLOW,STATE=TRANSITION|QL=TRANSITION_UNCLASSIFIED|LF=LOOK_FOR_transition_repricing_near_vwap,TRANSITION_PERSISTENCE,transition_persistence,SHORT,937.7,938.85,937.0,937.2,937.6833333333336,1.9451382721734989,941.5736098776804,933.7930567889864,NY,DOWN,0.2035398230088543
USDCLP.mg,2025-06-02 15:00:00,2025-06-02 15:00:00,ALLOW,STATE=TRANSITION|QL=TRANSITION_UNCLASSIFIED|LF=LOOK_FOR_transition_repricing_near_vwap,TRANSITION_PERSISTENCE,transition_persistence,SHORT,937.5,940.5,937.3,939.8,938.82131147541,1.914254098659316,942.6498196727288,934.9928032780912,NY,DOWN,0.4336283185840661
USDCLP.mg,2025-06-02 16:00:00,2025-06-02 16:00:00,ALLOW,STATE=TRANSITION|QL=TRANSITION_UNCLASSIFIED|LF=LOOK_FOR_transition_repricing_near_vwap,TRANSITION_PERSISTENCE,transition_persistence,SHORT,939.6,939.6,937.5,938.3,938.7227272727272,1.911776134926515,942.5462795425804,934.8991750028742,NY,DOWN,0.3008849557522086
USDCLP.mg,2025-06-02 17:00:00,2025-06-02 17:00:00,ALLOW,STATE=TRANSITION|QL=TRANSITION_UNCLASSIFIED|LF=LOOK_FOR_transition_repricing_near_vwap,TRANSITION_PERSISTENCE,transition_persistence,SHORT,938.25,940.4,937.8,940.3,938.89035639413,1.8863255006011892,942.6630073953324,935.1177053929276,NY,DOWN,0.4732142857142797
USDCLP.mg,2025-06-02 18:00:00,2025-06-02 18:00:00,ALLOW,STATE=TRANSITION|QL=TRANSITION_UNCLASSIFIED|LF=LOOK_FOR_transition_repricing_near_vwap,TRANSITION_PERSISTENCE,transition_persistence,SHORT,940.0,940.6,939.1,940.2,938.9790064102564,1.859454478124156,942.6979153665048,935.260097454008,NY_PM,DOWN,0.4642857142857164
USDCLP.mg,2025-06-02 19:00:00,2025-06-02 19:00:00,BLOCK,STATE=BALANCE|QL=NONE|LF=NONE,,blocked,NONE,940.1,940.4,939.4,939.9,939.014785992218,1.8259610848524328,942.6667081619228,935.3628638225132,NY_PM,DOWN,0.3152173913043438
USDCLP.mg,2025-06-02 20:00:00,2025-06-02 20:00:00,ALLOW,STATE=TRANSITION|QL=TRANSITION_UNCLASSIFIED|LF=LOOK_FOR_transition_repricing_near_vwap,TRANSITION_PERSISTENCE,transition_persistence,LONG,939.7,939.7,939.35,939.4,939.0124183006536,1.8265857734069049,942.6655898474676,935.3592467538398,NY_PM,UP,0.2608695652173875
USDCLP.mg,2025-06-02 21:00:00,2025-06-02 21:00:00,ALLOW,STATE=TRANSITION|QL=TRANSITION_UNCLASSIFIED|LF=LOOK_FOR_transition_repricing_near_vwap,TRANSITION_PERSISTENCE,transition_persistence,SHORT,939.3,939.3,938.7,938.8,938.9830985915492,1.8084943432510243,942.6000872780512,935.3661099050472,NY_PM,DOWN,0.1956521739130375
USDCLP.mg,2025-06-02 22:00:00,2025-06-02 22:00:00,ALLOW,STATE=TRANSITION|QL=TRANSITION_UNCLASSIFIED|LF=LOOK_FOR_transition_repricing_near_vwap,TRANSITION_PERSISTENCE,transition_persistence_flat,NONE,938.65,938.65,938.4,938.4,938.9447194719472,1.816269607214532,942.5772586863762,935.3121802575182,NY_PM,FLAT,0.152173913043475
USDCLP.mg,2025-06-03 14:00:00,2025-06-03 14:00:00,BLOCK,STATE=BALANCE|QL=NONE|LF=NONE,,blocked,NONE,941.7,944.1,941.1,943.95,943.05,1.81107988951662,946.6721597790332,939.4278402209668,NY,UP,0.808139534883724
USDCLP.mg,2025-06-03 15:00:00,2025-06-03 15:00:00,ALLOW,STATE=TRANSITION|QL=TRANSITION_UNCLASSIFIED|LF=LOOK_FOR_transition_repricing_near_vwap,TRANSITION_PERSISTENCE,transition_persistence,LONG,943.85,943.85,940.1,941.9,942.2767605633804,1.8087952694000908,945.8943511021804,938.65917002458,NY,UP,0.590361445783133
USDCLP.mg,2025-06-03 16:00:00,2025-06-03 16:00:00,ALLOW,STATE=TRANSITION|QL=TRANSITION_UNCLASSIFIED|LF=LOOK_FOR_transition_repricing_near_vwap,TRANSITION_PERSISTENCE,transition_persistence,LONG,942.0,942.8,940.6,941.1,942.0564,1.8026932872169763,945.661786574434,938.451013425566,NY,UP,0.5774647887323957
USDCLP.mg,2025-06-03 17:00:00,2025-06-03 17:00:00,BLOCK,STATE=TRANSITION|QL=NONE|LF=NONE,,blocked,NONE,941.0,942.6,940.6,942.1,942.0695530726258,1.7922607617022028,945.6540745960302,938.4850315492214,NY,UP,0.7058823529411794
USDCLP.mg,2025-06-03 18:00:00,2025-06-03 18:00:00,BLOCK,STATE=BALANCE|QL=NONE|LF=NONE,,blocked,NONE,942.0,942.3,939.6,940.1,941.8834763948498,1.8148306533253544,945.5131377015006,938.2538150881992,NY_PM,UP,0.393939393939396
USDCLP.mg,2025-06-03 19:00:00,2025-06-03 19:00:00,BLOCK,STATE=BALANCE|QL=NONE|LF=NONE,,blocked,NONE,939.8,940.7,938.75,939.4,941.6702090592336,1.8499007877699745,945.3700106347734,937.9704074836936,NY_PM,UP,0.2539682539682548
USDCLP.mg,2025-06-03 20:00:00,2025-06-03 20:00:00,BLOCK,STATE=BALANCE|QL=NONE|LF=NONE,,blocked,NONE,939.7,940.0,939.7,940.0,941.5561583577712,1.863935227168676,945.2840288121088,937.828287903434,NY_PM,DOWN,0.2807017543859667
USDCLP.mg,2025-06-03 21:00:00,2025-06-03 21:00:00,BLOCK,STATE=BALANCE|QL=NONE|LF=NONE,,blocked,NONE,939.9,940.4,939.9,940.4,941.491518987342,1.863468915261076,945.218456817864,937.7645811568198,NY_PM,DOWN,0.3508771929824533
USDCLP.mg,2025-06-03 22:00:00,2025-06-03 22:00:00,BLOCK,STATE=BALANCE|QL=NONE|LF=NONE,,blocked,NONE,940.6,940.6,940.3,940.4,941.4424276169268,1.84365492487922,945.1297374666852,937.7551177671684,NY_PM,DOWN,0.3508771929824533
USDCLP.mg,2025-06-04 14:00:00,2025-06-04 14:00:00,BLOCK,STATE=BALANCE|QL=NONE|LF=NONE,,blocked,NONE,936.6,937.3,936.2,937.1,936.8666666666668,1.842769791610067,940.5522062498868,933.1811270834464,NY,DOWN,0.1139240506329088
USDCLP.mg,2025-06-04 15:00:00,2025-06-04 15:00:00,BLOCK,STATE=BALANCE|QL=NONE|LF=NONE,,blocked,NONE,937.3,939.3,936.7,937.4,937.4830065359477,1.84357642503426,941.1701593860162,933.7958536858793,NY,DOWN,0.1518987341772069
USDCLP.mg,2025-06-04 16:00:00,2025-06-04 16:00:00,ALLOW,STATE=TRANSITION|QL=TRANSITION_UNCLASSIFIED|LF=LOOK_FOR_transition_repricing_near_vwap,TRANSITION_PERSISTENCE,transition_persistence,SHORT,937.1,937.4,936.1,936.3,937.3683156654886,1.8407600970719764,941.0498358596324,933.6867954713448,NY,DOWN,0.0249999999999914
USDCLP.mg,2025-06-04 17:00:00,2025-06-04 17:00:00,BLOCK,STATE=TREND|QL=NONE|LF=NONE,,blocked,NONE,936.15,937.0,935.5,936.1,937.2418886198546,1.8412201641880903,940.9243289482308,933.5594482914784,NY,DOWN,0.0718562874251522
USDCLP.mg,2025-06-04 18:00:00,2025-06-04 18:00:00,BLOCK,STATE=TREND|QL=NONE|LF=NONE,,blocked,NONE,936.2,936.7,935.0,936.3,937.1520564763658,1.837773520415585,940.827603517197,933.4765094355348,NY_PM,DOWN,0.1666666666666618
USDCLP.mg,2025-06-04 19:00:00,2025-06-04 19:00:00,BLOCK,STATE=TREND|QL=NONE|LF=NONE,,blocked,NONE,936.0,936.8,935.0,935.75,937.0615156017832,1.844245749830962,940.750007101445,933.3730241021212,NY_PM,DOWN,0.0986842105263155
USDCLP.mg,2025-06-04 20:00:00,2025-06-04 20:00:00,BLOCK,STATE=TREND|QL=NONE|LF=NONE,,blocked,NONE,935.85,936.2,935.8,936.0,937.0137816521378,1.855465701894751,940.7247130559272,933.3028502483484,NY_PM,DOWN,0.1369863013698638
USDCLP.mg,2025-06-04 21:00:00,2025-06-04 21:00:00,BLOCK,STATE=TRANSITION|QL=NONE|LF=NONE,,blocked,NONE,936.1,936.1,936.1,936.1,936.9839942836728,1.8642657577621795,940.712525799197,933.2554627681484,NY_PM,DOWN,0.1929824561403533
USDCLP.mg,2025-06-04 22:00:00,2025-06-04 22:00:00,BLOCK,STATE=TRANSITION|QL=NONE|LF=NONE,,blocked,NONE,936.5,937.3,936.4,937.3,937.0104107870806,1.856349264048619,940.7231093151778,933.2977122589832,NY_PM,UP,0.4107142857142759
USDCLP.mg,2025-06-05 14:00:00,2025-06-05 14:00:00,ALLOW,STATE=TRANSITION|QL=TRANSITION_UNCLASSIFIED|LF=LOOK_FOR_transition_repricing_near_vwap,TRANSITION_PERSISTENCE,transition_persistence,SHORT,932.6,932.6,929.6,930.6,930.9333333333334,1.8128195672703389,934.558972467874,927.3076941987928,NY,DOWN,0.0909090909090909
USDCLP.mg,2025-06-05 15:00:00,2025-06-05 15:00:00,BLOCK,STATE=TRANSITION|QL=NONE|LF=NONE,,blocked,NONE,930.4,931.0,927.8,930.3,930.240476190476,1.7678655462010178,933.776207282878,926.704745098074,NY,DOWN,0.1953124999999989
USDCLP.mg,2025-06-05 16:00:00,2025-06-05 16:00:00,BLOCK,STATE=TRANSITION|QL=NONE|LF=NONE,,blocked,NONE,930.4,931.0,928.6,929.0,929.962893081761,1.7686144605421092,933.5001220028452,926.4256641606768,NY,DOWN,0.1043478260869604
USDCLP.mg,2025-06-05 17:00:00,2025-06-05 17:00:00,BLOCK,STATE=TRANSITION|QL=NONE|LF=NONE,,blocked,NONE,929.1,932.4,929.0,931.0,930.1576388888888,1.7642831831025274,933.686205255094,926.6290725226838,NY,DOWN,0.2782608695652213
USDCLP.mg,2025-06-05 18:00:00,2025-06-05 18:00:00,BLOCK,STATE=TRANSITION|QL=NONE|LF=NONE,,blocked,NONE,931.1,932.8,930.7,931.1,930.271675013912,1.7644668884518584,933.8006087908155,926.7427412370082,NY_PM,DOWN,0.3437500000000063
USDCLP.mg,2025-06-05 19:00:00,2025-06-05 19:00:00,ALLOW,STATE=TRANSITION|QL=TRANSITION_UNCLASSIFIED|LF=LOOK_FOR_transition_repricing_near_vwap,TRANSITION_PERSISTENCE,transition_persistence,SHORT,931.0,931.05,929.2,929.4,930.2124456048738,1.7688546921635704,933.750154989201,926.6747362205466,NY_PM,DOWN,0.1684210526315813
USDCLP.mg,2025-06-05 20:00:00,2025-06-05 20:00:00,BLOCK,STATE=TRANSITION|QL=NONE|LF=NONE,,blocked,NONE,929.35,929.7,929.25,929.7,930.1923186852448,1.7679706108974578,933.7282599070396,926.65637746345,NY_PM,DOWN,0.2000000000000096
USDCLP.mg,2025-06-05 21:00:00,2025-06-05 21:00:00,BLOCK,STATE=TRANSITION|QL=NONE|LF=NONE,,blocked,NONE,929.65,930.0,929.65,930.0,930.1934848484848,1.7672254406423495,933.7279357297696,926.6590339672002,NY_PM,DOWN,0.2315789473684258
USDCLP.mg,2025-06-05 22:00:00,2025-06-05 22:00:00,BLOCK,STATE=TRANSITION|QL=NONE|LF=NONE,,blocked,NONE,929.9,930.0,929.6,929.6,930.1767692712446,1.765770924717322,933.7083111206792,926.64522742181,NY_PM,UP,0.1894736842105334
USDCLP.mg,2025-06-06 14:00:00,2025-06-06 14:00:00,ALLOW,STATE=TRANSITION|QL=TRANSITION_UNCLASSIFIED|LF=LOOK_FOR_transition_repricing_near_vwap,TRANSITION_PERSISTENCE,transition_persistence,LONG,930.5,932.45,930.25,931.8,931.5,1.7467998747420153,934.993599749484,928.006400250516,NY,UP,0.4210526315789473
USDCLP.mg,2025-06-06 15:00:00,2025-06-06 15:00:00,ALLOW,STATE=TRANSITION|QL=TRANSITION_UNCLASSIFIED|LF=LOOK_FOR_transition_repricing_near_vwap,TRANSITION_PERSISTENCE,transition_persistence,LONG,931.9,935.0,931.6,933.3,932.5937288135594,1.7482562148205858,936.0902412432006,929.0972163839184,NY,UP,0.5789473684210527
USDCLP.mg,2025-06-06 16:00:00,2025-06-06 16:00:00,BLOCK,STATE=TRANSITION|QL=NONE|LF=NONE,,blocked,NONE,933.25,935.9,932.15,935.75,933.2082084893884,1.762808301941376,936.7338250932712,929.6825918855056,NY,UP,0.9814814814814844
USDCLP.mg,2025-06-06 17:00:00,2025-06-06 17:00:00,ALLOW,STATE=TRANSITION|QL=TRANSITION_UNCLASSIFIED|LF=LOOK_FOR_transition_repricing_near_vwap,TRANSITION_PERSISTENCE,transition_persistence,LONG,935.7,935.7,933.4,933.95,933.2572013799052,1.746425245356093,936.7500518706172,929.764350889193,NY,UP,0.7592592592592684
USDCLP.mg,2025-06-06 18:00:00,2025-06-06 18:00:00,ALLOW,STATE=TRANSITION|QL=TRANSITION_UNCLASSIFIED|LF=LOOK_FOR_transition_repricing_near_vwap,TRANSITION_PERSISTENCE,transition_persistence,LONG,933.9,934.6,933.3,934.25,933.3066699604744,1.7207759090667722,936.748221778608,929.8651181423407,NY_PM,UP,0.7739726027397278
USDCLP.mg,2025-06-06 19:00:00,2025-06-06 19:00:00,ALLOW,STATE=TRANSITION|QL=TRANSITION_UNCLASSIFIED|LF=LOOK_FOR_transition_repricing_near_vwap,TRANSITION_PERSISTENCE,transition_persistence,LONG,934.2,934.4,933.7,934.0,933.321316280309,1.7027650076502003,936.7268462956094,929.9157862650086,NY_PM,UP,0.7246376811594227
USDCLP.mg,2025-06-06 20:00:00,2025-06-06 20:00:00,ALLOW,STATE=TRANSITION|QL=TRANSITION_UNCLASSIFIED|LF=LOOK_FOR_transition_repricing_near_vwap,TRANSITION_PERSISTENCE,transition_persistence,LONG,933.95,933.95,933.3,933.6,933.3098769574945,1.7028434877147238,936.7155639329238,929.9041899820648,NY_PM,UP,0.6567164179104511
USDCLP.mg,2025-06-06 21:00:00,2025-06-06 21:00:00,ALLOW,STATE=TRANSITION|QL=TRANSITION_UNCLASSIFIED|LF=LOOK_FOR_transition_repricing_near_vwap,TRANSITION_PERSISTENCE,transition_persistence,LONG,933.65,934.2,933.65,934.2,933.329246192404,1.6881478966161918,936.7055419856364,929.9529503991716,NY_PM,UP,0.7462686567164255
USDCLP.mg,2025-06-09 14:00:00,2025-06-09 14:00:00,ALLOW,STATE=TRANSITION|QL=TRANSITION_UNCLASSIFIED|LF=LOOK_FOR_transition_repricing_near_vwap,TRANSITION_PERSISTENCE,transition_persistence,SHORT,933.6,933.8,933.3,933.6,933.5666666666666,1.5401299702043856,936.6469266070752,930.486406726258,NY,DOWN,0.6541353383458703
USDCLP.mg,2025-06-09 15:00:00,2025-06-09 15:00:00,ALLOW,STATE=TRANSITION|QL=TRANSITION_UNCLASSIFIED|LF=LOOK_FOR_transition_repricing_near_vwap,TRANSITION_PERSISTENCE,transition_persistence,LONG,933.8,936.1,933.8,935.9,934.8117794486216,1.473451223969887,937.7586818965614,931.8648770006818,NY,UP,0.9692307692307622
USDCLP.mg,2025-06-09 16:00:00,2025-06-09 16:00:00,ALLOW,STATE=TRANSITION|QL=TRANSITION_UNCLASSIFIED|LF=LOOK_FOR_transition_repricing_near_vwap,TRANSITION_PERSISTENCE,transition_persistence,LONG,935.8,936.0,933.25,935.0,934.7981119791666,1.3257708842675104,937.4496537477016,932.1465702106316,NY,UP,0.8307692307692273
USDCLP.mg,2025-06-09 17:00:00,2025-06-09 17:00:00,BLOCK,STATE=TREND|QL=NONE|LF=NONE,,blocked,NONE,935.1,938.5,935.1,938.2,935.3991204925242,1.2305162693648664,937.8601530312538,932.9380879537944,NY,UP,0.9636363636363692
USDCLP.mg,2025-06-09 18:00:00,2025-06-09 18:00:00,BLOCK,STATE=TREND|QL=NONE|LF=NONE,,blocked,NONE,938.0,939.5,937.6,939.4,935.939923224568,1.2414162773609627,938.42275577929,933.457090669846,NY_PM,UP,0.9873417721518958
USDCLP.mg,2025-06-09 19:00:00,2025-06-09 19:00:00,ALLOW,STATE=TRANSITION|QL=TRANSITION_UNCLASSIFIED|LF=LOOK_FOR_transition_repricing_near_vwap,TRANSITION_PERSISTENCE,transition_persistence,LONG,939.45,939.5,935.65,935.85,935.9956259426848,1.1272958136346618,938.250217569954,933.7410343154154,NY_PM,UP,0.5034013605442224
USDCLP.mg,2025-06-09 20:00:00,2025-06-09 20:00:00,ALLOW,STATE=TRANSITION|QL=TRANSITION_UNCLASSIFIED|LF=LOOK_FOR_transition_repricing_near_vwap,TRANSITION_PERSISTENCE,transition_persistence,LONG,935.9,936.2,935.9,935.9,936.0346169772256,1.1250569181877608,938.2847308136012,933.7845031408502,NY_PM,UP,0.4239999999999964
USDCLP.mg,2025-06-09 21:00:00,2025-06-09 21:00:00,ALLOW,STATE=TRANSITION|QL=TRANSITION_UNCLASSIFIED|LF=LOOK_FOR_transition_repricing_near_vwap,TRANSITION_PERSISTENCE,transition_persistence,LONG,936.0,936.4,935.9,936.4,936.0869060190074,1.1177437816375202,938.3223935822824,933.8514184557324,NY_PM,UP,0.5039999999999963
USDCLP.mg,2025-06-09 22:00:00,2025-06-09 22:00:00,ALLOW,STATE=TRANSITION|QL=TRANSITION_UNCLASSIFIED|LF=LOOK_FOR_transition_repricing_near_vwap,TRANSITION_PERSISTENCE,transition_persistence,LONG,936.5,936.9,936.4,936.9,936.1472910927456,1.1202678593530826,938.3878268114518,933.9067553740394,NY_PM,UP,0.5839999999999964
USDCLP.mg,2025-06-10 14:00:00,2025-06-10 14:00:00,ALLOW,STATE=TRANSITION|QL=TRANSITION_UNCLASSIFIED|LF=LOOK_FOR_transition_repricing_near_vwap,TRANSITION_PERSISTENCE,transition_persistence,SHORT,935.7,935.9,935.1,935.75,935.5833333333334,1.1033480155454602,937.7900293644244,933.3766373022424,NY,DOWN,0.4
USDCLP.mg,2025-06-10 15:00:00,2025-06-10 15:00:00,ALLOW,STATE=TRANSITION|QL=TRANSITION_UNCLASSIFIED|LF=LOOK_FOR_transition_repricing_near_vwap,TRANSITION_PERSISTENCE,transition_persistence,SHORT,935.85,936.3,934.2,935.4,935.3623689727464,1.089980877079001,937.5423307269044,933.1824072185884,NY,DOWN,0.3439999999999963
USDCLP.mg,2025-06-10 16:00:00,2025-06-10 16:00:00,BLOCK,STATE=TRANSITION|QL=TRANSITION_UNCLASSIFIED|LF=LOOK_FOR_transition_dislocated_from_vwap,TRANSITION_RESOLUTION,transition_resolution,LONG,935.2,938.85,934.8,938.45,936.1941807909604,1.1289663424979886,938.4521134759564,933.9362481059644,NY,UP,0.8320000000000073
USDCLP.mg,2025-06-10 17:00:00,2025-06-10 17:00:00,BLOCK,STATE=TREND|QL=NONE|LF=NONE,,blocked,NONE,938.55,942.3,938.3,941.5,937.649606060606,1.2505246040109277,940.150655268628,935.1485568525842,NY,UP,0.911602209944756
USDCLP.mg,2025-06-10 18:00:00,2025-06-10 18:00:00,BLOCK,STATE=TRANSITION|QL=NONE|LF=NONE,,blocked,NONE,941.3,941.5,940.2,940.2,938.0456935817804,1.2827277922130411,940.6111491662066,935.4802379973544,NY_PM,UP,0.7679558011049813
USDCLP.mg,2025-06-10 19:00:00,2025-06-10 19:00:00,BLOCK,STATE=TRANSITION|QL=NONE|LF=NONE,,blocked,NONE,940.4,942.3,940.0,940.2,938.251210691824,1.303319014634751,940.8578487210932,935.6445726625544,NY_PM,UP,0.740740740740749
USDCLP.mg,2025-06-10 20:00:00,2025-06-10 20:00:00,BLOCK,STATE=TRANSITION|QL=NONE|LF=NONE,,blocked,NONE,939.9,940.4,939.9,940.4,938.3899493029148,1.3246999479833672,941.0393491988816,935.7405494069482,NY_PM,UP,0.7654320987654323
USDCLP.mg,2025-06-10 21:00:00,2025-06-10 21:00:00,BLOCK,STATE=BALANCE|QL=NONE|LF=NONE,,blocked,NONE,940.2,940.2,939.9,939.9,938.4565498938427,1.3327844139922809,941.1221187218274,935.7909810658584,NY_PM,UP,0.7037037037037032
USDCLP.mg,2025-06-10 22:00:00,2025-06-10 22:00:00,BLOCK,STATE=TRANSITION|QL=NONE|LF=NONE,,blocked,NONE,940.0,940.05,939.6,939.7,938.4952237442922,1.327485919082572,941.1501955824572,935.840251906127,NY_PM,UP,0.67901234567902
USDCLP.mg,2025-06-11 14:00:00,2025-06-11 14:00:00,ALLOW,STATE=TRANSITION|QL=TRANSITION_UNCLASSIFIED|LF=LOOK_FOR_transition_repricing_near_vwap,TRANSITION_PERSISTENCE,transition_persistence,SHORT,937.0,938.6,937.0,938.4,938.0,1.3269514038667234,940.6539028077334,935.3460971922666,NY,DOWN,0.5185185185185159
USDCLP.mg,2025-06-11 15:00:00,2025-06-11 15:00:00,BLOCK,STATE=BALANCE|QL=NONE|LF=NONE,,blocked,NONE,938.5,939.6,937.2,937.2,937.9514705882352,1.3014577450858418,940.554386078407,935.3485550980636,NY,DOWN,0.3703703703703745
USDCLP.mg,2025-06-11 16:00:00,2025-06-11 16:00:00,BLOCK,STATE=BALANCE|QL=NONE|LF=NONE,,blocked,NONE,937.1,937.2,936.0,936.0,937.6348936170214,1.2784147144354334,940.1917230458922,935.0780641881504,NY,DOWN,0.2222222222222191
USDCLP.mg,2025-06-11 17:00:00,2025-06-11 17:00:00,BLOCK,STATE=TRANSITION|QL=TRANSITION_UNCLASSIFIED|LF=LOOK_FOR_transition_dislocated_from_vwap,TRANSITION_RESOLUTION,transition_resolution,SHORT,936.1,936.2,933.8,933.9,937.081137724551,1.3466028104502898,939.7743433454516,934.3879321036504,NY,DOWN,0.0117647058823556
USDCLP.mg,2025-06-11 18:00:00,2025-06-11 18:00:00,BLOCK,STATE=TRANSITION|QL=TRANSITION_UNCLASSIFIED|LF=LOOK_FOR_transition_dislocated_from_vwap,TRANSITION_RESOLUTION,transition_resolution,SHORT,933.95,934.7,933.0,933.0,936.65103926097,1.446090960678526,939.5432211823272,933.758857339613,NY_PM,DOWN,0.0
USDCLP.mg,2025-06-11 19:00:00,2025-06-11 19:00:00,BLOCK,STATE=TREND|QL=NONE|LF=NONE,,blocked,NONE,932.8,934.3,932.4,932.7,936.3225140712946,1.5367993059604586,939.3961126832156,933.2489154593736,NY_PM,DOWN,0.0303030303030372
USDCLP.mg,2025-06-11 20:00:00,2025-06-11 20:00:00,BLOCK,STATE=TREND|QL=NONE|LF=NONE,,blocked,NONE,932.8,933.7,932.8,933.7,936.1504476040022,1.5822020605021772,939.3148517250066,932.9860434829978,NY_PM,DOWN,0.1313131313131385
USDCLP.mg,2025-06-11 21:00:00,2025-06-11 21:00:00,BLOCK,STATE=TRANSITION|QL=TRANSITION_UNCLASSIFIED|LF=LOOK_FOR_transition_dislocated_from_vwap,TRANSITION_RESOLUTION,transition_resolution,SHORT,933.6,933.7,933.6,933.7,936.025329695316,1.6204699758069798,939.26626964693,932.784389743702,NY_PM,DOWN,0.1313131313131385
USDCLP.mg,2025-06-11 22:00:00,2025-06-11 22:00:00,BLOCK,STATE=TRANSITION|QL=TRANSITION_UNCLASSIFIED|LF=LOOK_FOR_transition_dislocated_from_vwap,TRANSITION_RESOLUTION,transition_resolution,SHORT,933.6,934.0,933.4,933.9,935.938255302121,1.6405751907334067,939.2194056835878,932.6571049206542,NY_PM,DOWN,0.1875
USDCLP.mg,2025-06-12 14:00:00,2025-06-12 14:00:00,ALLOW,STATE=TRANSITION|QL=TRANSITION_UNCLASSIFIED|LF=LOOK_FOR_transition_repricing_near_vwap,TRANSITION_PERSISTENCE,transition_persistence,SHORT,927.9,929.0,927.7,929.0,928.5666666666666,1.631474507256827,931.8296156811804,925.303717652153,NY,DOWN,0.1039999999999963
USDCLP.mg,2025-06-12 15:00:00,2025-06-12 15:00:00,BLOCK,STATE=TRANSITION|QL=NONE|LF=NONE,,blocked,NONE,928.8,930.4,928.6,930.1,929.1932330827068,1.6289456261293336,932.4511243349656,925.935341830448,NY,DOWN,0.1943319838056676
USDCLP.mg,2025-06-12 16:00:00,2025-06-12 16:00:00,BLOCK,STATE=TRANSITION|QL=NONE|LF=NONE,,blocked,NONE,930.0,931.6,929.0,929.15,929.327755376344,1.6158854306600576,932.5595262376642,926.095984515024,NY,DOWN,0.1218487394957928
USDCLP.mg,2025-06-12 17:00:00,2025-06-12 17:00:00,BLOCK,STATE=TRANSITION|QL=NONE|LF=NONE,,blocked,NONE,929.2,931.6,928.1,931.1,929.6599131121644,1.6160757500253244,932.892064612215,926.4277616121136,NY,DOWN,0.2857142857142843
USDCLP.mg,2025-06-12 18:00:00,2025-06-12 18:00:00,BLOCK,STATE=TRANSITION|QL=NONE|LF=NONE,,blocked,NONE,931.3,931.4,929.0,929.2,929.6132270693512,1.6108066599479862,932.8348403892472,926.3916137494554,NY_PM,DOWN,0.1578947368421052
USDCLP.mg,2025-06-12 19:00:00,2025-06-12 19:00:00,BLOCK,STATE=TRANSITION|QL=NONE|LF=NONE,,blocked,NONE,929.3,930.6,929.2,929.7,929.6253030303031,1.610960950316059,932.8472249309352,926.4033811296712,NY_PM,DOWN,0.2352941176470588
USDCLP.mg,2025-06-12 20:00:00,2025-06-12 20:00:00,BLOCK,STATE=TRANSITION|QL=NONE|LF=NONE,,blocked,NONE,929.8,929.9,929.8,929.9,929.6452153954804,1.6088598680157524,932.862935131512,926.4274956594488,NY_PM,UP,0.3142857142857045
USDCLP.mg,2025-06-12 21:00:00,2025-06-12 21:00:00,BLOCK,STATE=TRANSITION|QL=NONE|LF=NONE,,blocked,NONE,929.95,929.95,929.4,929.4,929.6329904591532,1.610092166062688,932.8531747912788,926.412806127028,NY_PM,DOWN,0.2575757575757508
USDCLP.mg,2025-06-12 22:00:00,2025-06-12 22:00:00,BLOCK,STATE=TRANSITION|QL=NONE|LF=NONE,,blocked,NONE,929.45,929.8,929.45,929.7,929.6375257997938,1.600928866463118,932.83938353272,926.4356680668676,NY_PM,UP,0.3174603174603198
USDCLP.mg,2025-06-13 14:00:00,2025-06-13 14:00:00,ALLOW,STATE=TRANSITION|QL=TRANSITION_UNCLASSIFIED|LF=LOOK_FOR_transition_repricing_near_vwap,TRANSITION_PERSISTENCE,transition_persistence,LONG,939.0,939.9,938.1,939.9,939.3,1.5995054437918756,942.4990108875838,936.1009891124164,NY,UP,1.0
USDCLP.mg,2025-06-13 15:00:00,2025-06-13 15:00:00,BLOCK,STATE=TRANSITION|QL=NONE|LF=NONE,,blocked,NONE,940.1,940.9,937.3,937.5,938.7926624737944,1.612152787592351,942.0169680489792,935.5683568986096,NY,UP,0.7424242424242428
USDCLP.mg,2025-06-13 16:00:00,2025-06-13 16:00:00,BLOCK,STATE=TRANSITION|QL=NONE|LF=NONE,,blocked,NONE,937.4,938.55,936.2,937.9,938.5622779519332,1.610336945342992,941.7829518426192,935.3416040612472,NY,UP,0.7727272727272716
USDCLP.mg,2025-06-13 17:00:00,2025-06-13 17:00:00,BLOCK,STATE=TRANSITION|QL=NONE|LF=NONE,,blocked,NONE,937.8,938.9,935.7,937.3,938.3536320434488,1.617337109548015,941.5883062625448,935.1189578243528,NY,UP,0.7187499999999972
USDCLP.mg,2025-06-13 18:00:00,2025-06-13 18:00:00,BLOCK,STATE=TRANSITION|QL=NONE|LF=NONE,,blocked,NONE,937.1,937.4,935.0,935.6,938.045701357466,1.6595479028112974,941.3647971630888,934.7266055518436,NY_PM,UP,0.5859375000000021
USDCLP.mg,2025-06-13 19:00:00,2025-06-13 19:00:00,BLOCK,STATE=TREND|QL=NONE|LF=NONE,,blocked,NONE,935.7,937.7,935.7,936.8,937.9470259481038,1.6666767508431206,941.28037944979,934.6136724464176,NY_PM,UP,0.6796874999999971
USDCLP.mg,2025-06-13 20:00:00,2025-06-13 20:00:00,BLOCK,STATE=TREND|QL=NONE|LF=NONE,,blocked,NONE,937.0,940.2,936.9,939.9,938.0585567692818,1.6836560059819152,941.4258687812456,934.691244757318,NY_PM,FLAT,0.9159663865546216
USDCLP.mg,2025-06-13 21:00:00,2025-06-13 21:00:00,BLOCK,STATE=TREND|QL=NONE|LF=NONE,,blocked,NONE,940.2,940.9,940.15,940.35,938.1594288945436,1.7060258423351822,941.5714805792138,934.7473772098732,NY_PM,UP,0.9529914529914566
USDCLP.mg,2025-06-16 14:00:00,2025-06-16 14:00:00,ALLOW,STATE=TRANSITION|QL=TRANSITION_UNCLASSIFIED|LF=LOOK_FOR_transition_repricing_near_vwap,TRANSITION_PERSISTENCE,transition_persistence,SHORT,935.6,936.5,934.0,934.0,934.8333333333334,1.678497685392237,938.190328704118,931.4763379625488,NY,DOWN,0.4000000000000019
USDCLP.mg,2025-06-16 15:00:00,2025-06-16 15:00:00,ALLOW,STATE=TRANSITION|QL=TRANSITION_UNCLASSIFIED|LF=LOOK_FOR_transition_repricing_near_vwap,TRANSITION_PERSISTENCE,transition_persistence,SHORT,934.2,935.65,933.7,934.0,934.7628514056224,1.681408885678909,938.1256691769804,931.4000336342646,NY,DOWN,0.4000000000000019
USDCLP.mg,2025-06-16 16:00:00,2025-06-16 16:00:00,ALLOW,STATE=TRANSITION|QL=TRANSITION_UNCLASSIFIED|LF=LOOK_FOR_transition_repricing_near_vwap,TRANSITION_PERSISTENCE,transition_persistence,SHORT,933.8,934.2,932.6,933.85,934.578386336867,1.6812233769161922,937.9408330906994,931.2159395830346,NY,DOWN,0.384279475982533
USDCLP.mg,2025-06-16 17:00:00,2025-06-16 17:00:00,ALLOW,STATE=TRANSITION|QL=TRANSITION_UNCLASSIFIED|LF=LOOK_FOR_transition_repricing_near_vwap,TRANSITION_PERSISTENCE,transition_persistence_flat,NONE,933.95,937.0,933.95,936.75,934.8723263075722,1.6983766570699277,938.269079621712,931.4755729934324,NY,FLAT,0.5
USDCLP.mg,2025-06-16 18:00:00,2025-06-16 18:00:00,ALLOW,STATE=TRANSITION|QL=TRANSITION_UNCLASSIFIED|LF=LOOK_FOR_transition_repricing_near_vwap,TRANSITION_PERSISTENCE,transition_persistence,SHORT,936.8,936.8,933.0,934.05,934.7910391126678,1.7023462054834682,938.1957315236348,931.3863467017007,NY_PM,DOWN,0.1746987951807156
USDCLP.mg,2025-06-16 19:00:00,2025-06-16 19:00:00,ALLOW,STATE=TRANSITION|QL=TRANSITION_UNCLASSIFIED|LF=LOOK_FOR_transition_repricing_near_vwap,TRANSITION_PERSISTENCE,transition_persistence,SHORT,933.75,937.2,933.5,935.85,934.8772346368714,1.703367996422513,938.2839706297164,931.4704986440264,NY_PM,DOWN,0.3915662650602431
USDCLP.mg,2025-06-16 20:00:00,2025-06-16 20:00:00,ALLOW,STATE=TRANSITION|QL=TRANSITION_UNCLASSIFIED|LF=LOOK_FOR_transition_repricing_near_vwap,TRANSITION_PERSISTENCE,transition_persistence,LONG,935.9,935.95,935.65,935.7,934.9259775454896,1.7061102526658607,938.3381980508212,931.513757040158,NY_PM,UP,0.3734939759036192
USDCLP.mg,2025-06-16 21:00:00,2025-06-16 21:00:00,ALLOW,STATE=TRANSITION|QL=TRANSITION_UNCLASSIFIED|LF=LOOK_FOR_transition_repricing_near_vwap,TRANSITION_PERSISTENCE,transition_persistence,LONG,935.6,935.6,935.6,935.6,934.9558648111332,1.7020214618784897,938.3599077348902,931.5518218873764,NY_PM,UP,0.3614457831325321
USDCLP.mg,2025-06-16 22:00:00,2025-06-16 22:00:00,ALLOW,STATE=TRANSITION|QL=TRANSITION_UNCLASSIFIED|LF=LOOK_FOR_transition_repricing_near_vwap,TRANSITION_PERSISTENCE,transition_persistence,LONG,935.4,935.4,934.9,934.9,934.9488271068636,1.7020632591609277,938.3529536251856,931.5447005885418,NY_PM,UP,0.2771084337349358
USDCLP.mg,2025-06-17 14:00:00,2025-06-17 14:00:00,ALLOW,STATE=TRANSITION|QL=TRANSITION_UNCLASSIFIED|LF=LOOK_FOR_transition_repricing_near_vwap,TRANSITION_PERSISTENCE,transition_persistence,SHORT,934.6,935.6,934.1,935.5,935.0666666666666,1.6573955279524573,938.3814577225716,931.7518756107615,NY,DOWN,0.3493975903614449
USDCLP.mg,2025-06-17 15:00:00,2025-06-17 15:00:00,ALLOW,STATE=TRANSITION|QL=TRANSITION_UNCLASSIFIED|LF=LOOK_FOR_transition_repricing_near_vwap,TRANSITION_PERSISTENCE,transition_persistence,LONG,935.3,935.5,933.3,934.6,934.6641379310344,1.5822395386100332,937.8286170082544,931.4996588538144,NY,UP,0.240963855421688
USDCLP.mg,2025-06-17 16:00:00,2025-06-17 16:00:00,BLOCK,STATE=TRANSITION|QL=NONE|LF=NONE,,blocked,NONE,934.7,939.4,934.7,938.4,935.9597916666664,1.6201849838036209,939.2001616342736,932.7194216990594,NY,UP,0.8529411764705872
USDCLP.mg,2025-06-17 17:00:00,2025-06-17 17:00:00,BLOCK,STATE=TREND|QL=NONE|LF=NONE,,blocked,NONE,938.5,941.3,938.4,940.5,936.8107070707068,1.700891101413832,940.2124892735346,933.4089248678793,NY,UP,0.9080459770114988
USDCLP.mg,2025-06-17 18:00:00,2025-06-17 18:00:00,BLOCK,STATE=TREND|QL=NONE|LF=NONE,,blocked,NONE,940.6,944.15,940.4,943.95,937.8170326988774,1.9030175001401115,941.6230676991576,934.0109976985972,NY_PM,UP,0.9826839826839884
USDCLP.mg,2025-06-17 19:00:00,2025-06-17 19:00:00,BLOCK,STATE=TREND|QL=NONE|LF=NONE,,blocked,NONE,943.8,945.7,942.7,944.9,938.568809797168,2.089585888714318,942.7479815745966,934.3896380197392,NY_PM,UP,0.9370078740157428
USDCLP.mg,2025-06-17 20:00:00,2025-06-17 20:00:00,BLOCK,STATE=TREND|QL=NONE|LF=NONE,,blocked,NONE,944.95,945.0,944.4,944.4,939.0240793201132,2.2079773286726323,943.4400339774584,934.608124662768,NY_PM,UP,0.8976377952755855
USDCLP.mg,2025-06-17 21:00:00,2025-06-17 21:00:00,BLOCK,STATE=TREND|QL=NONE|LF=NONE,,blocked,NONE,944.35,944.9,944.35,944.4,939.3420743116812,2.301899386566754,943.9458730848146,934.7382755385476,NY_PM,UP,0.895161290322576
USDCLP.mg,2025-06-17 22:00:00,2025-06-17 22:00:00,BLOCK,STATE=TREND|QL=NONE|LF=NONE,,blocked,NONE,944.5,944.95,944.4,944.9,939.598583042973,2.387192043924725,944.3729671308224,934.8241989551236,NY_PM,UP,0.9354838709677368
USDCLP.mg,2025-06-18 14:00:00,2025-06-18 14:00:00,BLOCK,STATE=TREND|QL=NONE|LF=NONE,,blocked,NONE,942.7,943.5,942.0,942.0,942.5,2.3449046161663403,947.1898092323328,937.8101907676672,NY,UP,0.7016129032258049
USDCLP.mg,2025-06-18 15:00:00,2025-06-18 15:00:00,BLOCK,STATE=TREND|QL=NONE|LF=NONE,,blocked,NONE,941.9,945.3,940.5,944.9,943.3626593806922,2.337659295186405,948.0379779710652,938.6873407903194,NY,UP,0.9354838709677368
USDCLP.mg,2025-06-18 16:00:00,2025-06-18 16:00:00,BLOCK,STATE=TREND|QL=NONE|LF=NONE,,blocked,NONE,944.8,945.6,942.9,943.7,943.3149267399268,2.328218523446308,947.9713637868194,938.6584896930342,NY,DOWN,0.838709677419356
USDCLP.mg,2025-06-18 17:00:00,2025-06-18 17:00:00,BLOCK,STATE=TREND|QL=NONE|LF=NONE,,blocked,NONE,943.65,943.8,940.9,943.4,943.2656880733946,2.3178402148182635,947.9013685030312,938.630007643758,NY,DOWN,0.8145161290322539
USDCLP.mg,2025-06-18 18:00:00,2025-06-18 18:00:00,BLOCK,STATE=TREND|QL=NONE|LF=NONE,,blocked,NONE,943.3,944.1,941.8,943.5,943.2493112947658,2.3132633510386693,947.8758379968432,938.6227845926884,NY_PM,DOWN,0.7999999999999958
USDCLP.mg,2025-06-18 19:00:00,2025-06-18 19:00:00,BLOCK,STATE=TREND|QL=NONE|LF=NONE,,blocked,NONE,943.6,944.0,942.75,943.6,943.2461227489893,2.310348333583706,947.8668194161568,938.6254260818218,NY_PM,DOWN,0.7123287671232873
USDCLP.mg,2025-06-18 20:00:00,2025-06-18 20:00:00,ALLOW,STATE=TRANSITION|QL=TRANSITION_UNCLASSIFIED|LF=LOOK_FOR_transition_repricing_near_vwap,TRANSITION_PERSISTENCE,transition_persistence,LONG,943.5,943.8,942.35,943.8,943.2550857843136,2.310461311611947,947.8760084075376,938.6341631610896,NY_PM,UP,0.6415094339622516
USDCLP.mg,2025-06-18 21:00:00,2025-06-18 21:00:00,ALLOW,STATE=TRANSITION|QL=TRANSITION_UNCLASSIFIED|LF=LOOK_FOR_transition_repricing_near_vwap,TRANSITION_PERSISTENCE,transition_persistence,SHORT,943.7,943.9,943.6,943.6,943.2519831888626,2.3046428180385816,947.8612688249398,938.6426975527854,NY_PM,DOWN,0.5961538461538454
USDCLP.mg,2025-06-18 22:00:00,2025-06-18 22:00:00,ALLOW,STATE=TRANSITION|QL=TRANSITION_UNCLASSIFIED|LF=LOOK_FOR_transition_repricing_near_vwap,TRANSITION_PERSISTENCE,transition_persistence,SHORT,943.4,943.45,943.3,943.4,943.2413333333334,2.286086001514369,947.813505336362,938.6691613303046,NY_PM,DOWN,0.5686274509803851
USDCLP.mg,2025-06-19 14:00:00,2025-06-19 14:00:00,BLOCK,STATE=TREND|QL=NONE|LF=NONE,,blocked,NONE,948.0,949.9,948.0,949.9,949.2666666666668,2.225502719851238,953.7176721063692,944.8156612269642,NY,UP,1.0
USDCLP.mg,2025-06-19 15:00:00,2025-06-19 15:00:00,ALLOW,STATE=TRANSITION|QL=TRANSITION_UNCLASSIFIED|LF=LOOK_FOR_transition_repricing_near_vwap,TRANSITION_PERSISTENCE,transition_persistence,LONG,949.9,950.05,947.85,948.2,948.829239766082,2.1496655963186178,953.1285709587194,944.5299085734448,NY,UP,0.8062827225130976
USDCLP.mg,2025-06-19 16:00:00,2025-06-19 16:00:00,ALLOW,STATE=TRANSITION|QL=TRANSITION_UNCLASSIFIED|LF=LOOK_FOR_transition_repricing_near_vwap,TRANSITION_PERSISTENCE,transition_persistence,LONG,948.3,948.3,945.8,947.8,948.4171617161716,2.0703055142893847,952.5577727447504,944.2765506875928,NY,UP,0.7643979057591612
USDCLP.mg,2025-06-19 17:00:00,2025-06-19 17:00:00,BLOCK,STATE=TRANSITION|QL=NONE|LF=NONE,,blocked,NONE,948.3,948.3,946.2,946.3,948.103448275862,2.0525387140123987,952.2085257038868,943.9983708478374,NY,UP,0.6073298429319353
USDCLP.mg,2025-06-19 18:00:00,2025-06-19 18:00:00,BLOCK,STATE=TRANSITION|QL=TRANSITION_UNCLASSIFIED|LF=LOOK_FOR_transition_dislocated_from_vwap,TRANSITION_RESOLUTION,transition_resolution,LONG,946.0,946.1,943.7,944.0,947.5943562610228,2.097476279501492,951.789308820026,943.39940370202,NY_PM,UP,0.3387978142076536
USDCLP.mg,2025-06-19 19:00:00,2025-06-19 19:00:00,BLOCK,STATE=BALANCE|QL=NONE|LF=NONE,,blocked,NONE,944.1,945.7,943.7,943.9,947.271244635193,2.1400942321821605,951.5514330995574,942.9910561708288,NY_PM,UP,0.3278688524590172
USDCLP.mg,2025-06-19 20:00:00,2025-06-19 20:00:00,ALLOW,STATE=BALANCE|QL=BALANCE_LEAKING|LF=LOOK_FOR_balance_dislocated_from_vwap,BALANCE_DEGRADATION,allow_unmapped_baseline,NONE,944.1,944.1,941.9,941.9,946.8495788206978,2.279563288726103,951.40870539815,942.2904522432456,NY_PM,DOWN,0.0121212121212148
USDCLP.mg,2025-06-19 21:00:00,2025-06-19 21:00:00,BLOCK,STATE=TRANSITION|QL=TRANSITION_UNCLASSIFIED|LF=LOOK_FOR_transition_dislocated_from_vwap,TRANSITION_RESOLUTION,transition_resolution,SHORT,941.7,941.7,939.9,939.9,946.3607476635514,2.481484008346161,951.3237156802436,941.397779646859,NY_PM,DOWN,0.0
USDCLP.mg,2025-06-19 22:00:00,2025-06-19 22:00:00,BLOCK,STATE=TRANSITION|QL=NONE|LF=NONE,,blocked,NONE,940.1,940.9,940.1,940.9,946.0299543378997,2.598877039271656,951.2277084164429,940.8322002593562,NY_PM,DOWN,0.0985221674876849
USDCLP.mg,2025-06-23 14:00:00,2025-06-23 14:00:00,BLOCK,STATE=TRANSITION|QL=NONE|LF=NONE,,blocked,NONE,948.65,948.65,947.4,947.4,947.8166666666666,2.5947461404835277,953.0061589476336,942.6271743856996,NY,UP,0.7389162561576371
USDCLP.mg,2025-06-23 15:00:00,2025-06-23 15:00:00,BLOCK,STATE=TRANSITION|QL=NONE|LF=NONE,,blocked,NONE,947.35,951.9,946.4,951.4,949.6181964573268,2.602542854155378,954.8232821656376,944.413110749016,NY,UP,0.9583333333333334
USDCLP.mg,2025-06-23 16:00:00,2025-06-23 16:00:00,BLOCK,STATE=TRANSITION|QL=NONE|LF=NONE,,blocked,NONE,951.3,952.05,948.4,948.5,949.2779895366216,2.6065320812893,954.4910536992004,944.0649253740432,NY,UP,0.7078189300411555
USDCLP.mg,2025-06-23 17:00:00,2025-06-23 17:00:00,BLOCK,STATE=BALANCE|QL=NONE|LF=NONE,,blocked,NONE,948.6,950.0,947.2,949.2,949.256593673966,2.606860428275484,954.4703145305168,944.042872817415,NY,UP,0.7654320987654392
USDCLP.mg,2025-06-23 18:00:00,2025-06-23 18:00:00,ALLOW,STATE=TRANSITION|QL=TRANSITION_UNCLASSIFIED|LF=LOOK_FOR_transition_repricing_near_vwap,TRANSITION_PERSISTENCE,transition_persistence,LONG,949.3,953.3,949.0,951.6,949.5609668109668,2.618389815508691,954.797746441984,944.3241871799494,NY_PM,UP,0.8731343283582138
USDCLP.mg,2025-06-23 19:00:00,2025-06-23 19:00:00,ALLOW,STATE=TRANSITION|QL=TRANSITION_UNCLASSIFIED|LF=LOOK_FOR_transition_repricing_near_vwap,TRANSITION_PERSISTENCE,transition_persistence,LONG,951.5,951.5,946.65,947.1,949.4319862424762,2.644147010364183,954.7202802632046,944.143692221748,NY_PM,UP,0.5373134328358252
USDCLP.mg,2025-06-23 20:00:00,2025-06-23 20:00:00,BLOCK,STATE=BALANCE|QL=NONE|LF=NONE,,blocked,NONE,947.2,948.1,947.1,947.7,949.3810746552545,2.65724763425208,954.6955699237584,944.0665793867502,NY_PM,UP,0.5820895522388121
USDCLP.mg,2025-06-23 21:00:00,2025-06-23 21:00:00,ALLOW,STATE=TRANSITION|QL=TRANSITION_UNCLASSIFIED|LF=LOOK_FOR_transition_repricing_near_vwap,TRANSITION_PERSISTENCE,transition_persistence,SHORT,947.6,947.6,947.0,947.3,949.3255738370912,2.66755323914494,954.660680315381,943.9904673588012,NY_PM,DOWN,0.5522388059701485
USDCLP.mg,2025-06-23 22:00:00,2025-06-23 22:00:00,BLOCK,STATE=TRANSITION|QL=NONE|LF=NONE,,blocked,NONE,947.2,947.2,946.9,946.9,949.2672340425532,2.689191854226215,954.6456177510056,943.8888503341008,NY_PM,DOWN,0.5223880597014934
USDCLP.mg,2025-06-24 14:00:00,2025-06-24 14:00:00,ALLOW,STATE=TRANSITION|QL=TRANSITION_UNCLASSIFIED|LF=LOOK_FOR_transition_repricing_near_vwap,TRANSITION_PERSISTENCE,transition_persistence,SHORT,941.9,942.1,939.6,939.6,940.4333333333334,2.687386451860012,945.8081062370534,935.0585604296134,NY,DOWN,0.0
USDCLP.mg,2025-06-24 15:00:00,2025-06-24 15:00:00,ALLOW,STATE=TRANSITION|QL=TRANSITION_UNCLASSIFIED|LF=LOOK_FOR_transition_repricing_near_vwap,TRANSITION_PERSISTENCE,transition_persistence,SHORT,939.5,940.8,938.5,939.5,940.133789954338,2.663946114338217,945.4616821830144,934.8058977256616,NY,DOWN,0.0675675675675677
USDCLP.mg,2025-06-24 16:00:00,2025-06-24 16:00:00,ALLOW,STATE=TRANSITION|QL=TRANSITION_UNCLASSIFIED|LF=LOOK_FOR_transition_repricing_near_vwap,TRANSITION_PERSISTENCE,transition_persistence,SHORT,939.5,939.5,936.75,938.1,939.573380171741,2.667647345833953,944.9086748634088,934.2380854800732,NY,DOWN,0.0815709969788535
USDCLP.mg,2025-06-24 17:00:00,2025-06-24 17:00:00,BLOCK,STATE=TREND|QL=NONE|LF=NONE,,blocked,NONE,938.05,938.05,934.6,935.1,938.8177952755906,2.71195847741255,944.2417122304156,933.3938783207656,NY,DOWN,0.0267379679144386
USDCLP.mg,2025-06-24 18:00:00,2025-06-24 18:00:00,BLOCK,STATE=TRANSITION|QL=NONE|LF=NONE,,blocked,NONE,935.2,936.9,935.1,935.2,938.4432977461448,2.73349622112882,943.9102901884024,932.9763053038872,NY_PM,DOWN,0.0320855614973275
USDCLP.mg,2025-06-24 19:00:00,2025-06-24 19:00:00,BLOCK,STATE=TREND|QL=NONE|LF=NONE,,blocked,NONE,935.3,935.9,934.5,934.85,938.1873453853472,2.770788507519885,943.7289224003872,932.6457683703076,NY_PM,DOWN,0.018617021276597
USDCLP.mg,2025-06-24 20:00:00,2025-06-24 20:00:00,BLOCK,STATE=TREND|QL=NONE|LF=NONE,,blocked,NONE,934.3,934.75,933.9,933.9,937.9306063012972,2.824708588536156,943.5800234783696,932.281189124225,NY_PM,DOWN,0.0
USDCLP.mg,2025-06-24 21:00:00,2025-06-24 21:00:00,BLOCK,STATE=TRANSITION|QL=NONE|LF=NONE,,blocked,NONE,934.2,934.5,934.2,934.4,937.7703022040444,2.859907820621185,943.4901178452868,932.050486562802,NY_PM,DOWN,0.0284090909090908
USDCLP.mg,2025-06-24 22:00:00,2025-06-24 22:00:00,ALLOW,STATE=TRANSITION|QL=TRANSITION_UNCLASSIFIED|LF=LOOK_FOR_transition_repricing_near_vwap,TRANSITION_PERSISTENCE,transition_persistence,SHORT,934.6,937.4,934.6,935.9,937.7119004975124,2.852263404134788,943.4164273057818,932.0073736892429,NY_PM,DOWN,0.1408450704225347
USDCLP.mg,2025-06-25 14:00:00,2025-06-25 14:00:00,ALLOW,STATE=TRANSITION|QL=TRANSITION_UNCLASSIFIED|LF=LOOK_FOR_transition_repricing_near_vwap,TRANSITION_PERSISTENCE,transition_persistence,LONG,937.75,938.8,936.5,937.3,937.5333333333332,2.851542968702497,943.2364192707382,931.8302473959282,NY,UP,0.2481751824817493
USDCLP.mg,2025-06-25 15:00:00,2025-06-25 15:00:00,ALLOW,STATE=TRANSITION|QL=TRANSITION_UNCLASSIFIED|LF=LOOK_FOR_transition_repricing_near_vwap,TRANSITION_PERSISTENCE,transition_persistence,LONG,937.15,937.2,935.3,935.4,936.7066666666668,2.8492637466741133,942.405194160015,931.0081391733185,NY,UP,0.1127819548872174
USDCLP.mg,2025-06-25 16:00:00,2025-06-25 16:00:00,ALLOW,STATE=TRANSITION|QL=TRANSITION_UNCLASSIFIED|LF=LOOK_FOR_transition_repricing_near_vwap,TRANSITION_PERSISTENCE,transition_persistence,LONG,935.2,936.4,934.4,935.55,936.5037037037038,2.846083588332728,942.1958708803692,930.8115365270384,NY,UP,0.201219512195118
USDCLP.mg,2025-06-25 17:00:00,2025-06-25 17:00:00,ALLOW,STATE=TRANSITION|QL=TRANSITION_UNCLASSIFIED|LF=LOOK_FOR_transition_repricing_near_vwap,TRANSITION_PERSISTENCE,transition_persistence,LONG,935.5,938.0,935.15,936.2,936.4923076923076,2.8423931573701,942.177094007048,930.8075213775676,NY,UP,0.3333333333333443
USDCLP.mg,2025-06-25 18:00:00,2025-06-25 18:00:00,ALLOW,STATE=TRANSITION|QL=TRANSITION_UNCLASSIFIED|LF=LOOK_FOR_transition_repricing_near_vwap,TRANSITION_PERSISTENCE,transition_persistence,LONG,936.1,936.9,934.6,935.6,936.4392156862745,2.842696365481971,942.1246084172384,930.7538229553104,NY_PM,UP,0.3035714285714355
USDCLP.mg,2025-06-25 19:00:00,2025-06-25 19:00:00,ALLOW,STATE=TRANSITION|QL=TRANSITION_UNCLASSIFIED|LF=LOOK_FOR_transition_repricing_near_vwap,TRANSITION_PERSISTENCE,transition_persistence,LONG,935.55,937.3,935.25,936.3,936.4507936507936,2.840407431600384,942.1316085139944,930.7699787875928,NY_PM,UP,0.4897959183673446
USDCLP.mg,2025-06-25 20:00:00,2025-06-25 20:00:00,ALLOW,STATE=TRANSITION|QL=TRANSITION_UNCLASSIFIED|LF=LOOK_FOR_transition_repricing_near_vwap,TRANSITION_PERSISTENCE,transition_persistence,SHORT,936.2,936.2,935.9,936.0,936.4426666666666,2.839970725803186,942.122608118273,930.7627252150602,NY_PM,DOWN,0.4285714285714352
USDCLP.mg,2025-06-25 21:00:00,2025-06-25 21:00:00,ALLOW,STATE=TRANSITION|QL=TRANSITION_UNCLASSIFIED|LF=LOOK_FOR_transition_repricing_near_vwap,TRANSITION_PERSISTENCE,transition_persistence,LONG,936.1,936.5,936.05,936.5,936.4597701149424,2.8108132776351016,942.0813966702126,930.8381435596724,NY_PM,UP,0.5306122448979663
USDCLP.mg,2025-06-25 22:00:00,2025-06-25 22:00:00,ALLOW,STATE=TRANSITION|QL=TRANSITION_UNCLASSIFIED|LF=LOOK_FOR_transition_repricing_near_vwap,TRANSITION_PERSISTENCE,transition_persistence,LONG,936.7,937.5,936.65,936.7,936.480808080808,2.7482716434481387,941.9773513677044,930.9842647939116,NY_PM,UP,0.571428571428588
USDCLP.mg,2025-06-26 14:00:00,2025-06-26 14:00:00,ALLOW,STATE=TRANSITION|QL=TRANSITION_UNCLASSIFIED|LF=LOOK_FOR_transition_repricing_near_vwap,TRANSITION_PERSISTENCE,transition_persistence,SHORT,931.45,932.15,929.8,930.7,930.8833333333332,2.5752311430808,936.0337956194948,925.7328710471716,NY,DOWN,0.1000000000000101
USDCLP.mg,2025-06-26 15:00:00,2025-06-26 15:00:00,ALLOW,STATE=TRANSITION|QL=TRANSITION_UNCLASSIFIED|LF=LOOK_FOR_transition_repricing_near_vwap,TRANSITION_PERSISTENCE,transition_persistence,SHORT,930.75,931.1,928.8,930.0,930.4948160535116,2.369695989912908,935.2342080333372,925.7554240736856,NY,DOWN,0.1200000000000045
USDCLP.mg,2025-06-26 16:00:00,2025-06-26 16:00:00,BLOCK,STATE=TREND|QL=NONE|LF=NONE,,blocked,NONE,930.1,931.65,928.6,928.85,930.2244126984128,2.196756389130067,934.6179254766728,925.8308999201524,NY,DOWN,0.0245098039215687
USDCLP.mg,2025-06-26 17:00:00,2025-06-26 17:00:00,BLOCK,STATE=TREND|QL=NONE|LF=NONE,,blocked,NONE,928.8,932.2,928.8,930.4,930.2849146899708,2.026255451478359,934.3374255929276,926.2324037870142,NY,DOWN,0.1914893617021232
USDCLP.mg,2025-06-26 18:00:00,2025-06-26 18:00:00,BLOCK,STATE=TREND|QL=NONE|LF=NONE,,blocked,NONE,930.2,931.15,928.7,928.75,930.1734602290312,1.808812648347556,933.7910855257264,926.555834932336,NY_PM,DOWN,0.0159574468085082
USDCLP.mg,2025-06-26 19:00:00,2025-06-26 19:00:00,ALLOW,STATE=TRANSITION|QL=TRANSITION_UNCLASSIFIED|LF=LOOK_FOR_transition_repricing_near_vwap,TRANSITION_PERSISTENCE,transition_persistence,SHORT,928.8,932.1,928.8,931.85,930.3182680463168,1.846515978545136,934.0113000034072,926.6252360892264,NY_PM,DOWN,0.3457446808510647
USDCLP.mg,2025-06-26 20:00:00,2025-06-26 20:00:00,ALLOW,STATE=TRANSITION|QL=TRANSITION_UNCLASSIFIED|LF=LOOK_FOR_transition_repricing_near_vwap,TRANSITION_PERSISTENCE,transition_persistence,LONG,932.0,932.2,931.25,931.25,930.3801207284632,1.829202211882288,934.038525152228,926.7217163046988,NY_PM,UP,0.2977528089887623
USDCLP.mg,2025-06-26 21:00:00,2025-06-26 21:00:00,ALLOW,STATE=TRANSITION|QL=TRANSITION_UNCLASSIFIED|LF=LOOK_FOR_transition_repricing_near_vwap,TRANSITION_PERSISTENCE,transition_persistence,LONG,931.3,931.3,930.8,931.0,930.4119772528436,1.8328747831275836,934.0777268190986,926.7462276865884,NY_PM,UP,0.2696629213483127
USDCLP.mg,2025-06-26 22:00:00,2025-06-26 22:00:00,BLOCK,STATE=TRANSITION|QL=NONE|LF=NONE,,blocked,NONE,931.05,932.5,931.05,932.4,930.5074812777016,1.8741256270690076,934.2557325318396,926.7592300235634,NY_PM,UP,0.4269662921348274
USDCLP.mg,2025-06-27 14:00:00,2025-06-27 14:00:00,ALLOW,STATE=TRANSITION|QL=TRANSITION_UNCLASSIFIED|LF=LOOK_FOR_transition_repricing_near_vwap,TRANSITION_PERSISTENCE,transition_persistence,LONG,930.9,931.5,929.85,930.8,930.7166666666666,1.8718124225155857,934.4602915116976,926.9730418216354,NY,UP,0.247191011235948
USDCLP.mg,2025-06-27 15:00:00,2025-06-27 15:00:00,ALLOW,STATE=TRANSITION|QL=TRANSITION_UNCLASSIFIED|LF=LOOK_FOR_transition_repricing_near_vwap,TRANSITION_PERSISTENCE,transition_persistence,LONG,931.1,935.9,931.0,934.7,932.93779342723,1.9044962907138931,936.7467860086578,929.1288008458022,NY,UP,0.6853932584269706
USDCLP.mg,2025-06-27 16:00:00,2025-06-27 16:00:00,ALLOW,STATE=TRANSITION|QL=TRANSITION_UNCLASSIFIED|LF=LOOK_FOR_transition_repricing_near_vwap,TRANSITION_PERSISTENCE,transition_persistence,LONG,934.8,935.9,933.7,935.3,933.3207762557076,1.9398679354810828,937.2005121266698,929.4410403847456,NY,UP,0.9178082191780784
USDCLP.mg,2025-06-27 17:00:00,2025-06-27 17:00:00,BLOCK,STATE=TRANSITION|QL=NONE|LF=NONE,,blocked,NONE,935.5,936.4,933.6,936.3,933.6134992458522,2.001386228458625,937.6162717027694,929.6107267889348,NY,UP,0.9871794871794842
USDCLP.mg,2025-06-27 18:00:00,2025-06-27 18:00:00,BLOCK,STATE=TREND|QL=NONE|LF=NONE,,blocked,NONE,936.4,939.0,935.6,938.4,934.1548423423422,2.129019468319066,938.4128812789804,929.896803405704,NY_PM,UP,0.94230769230769
USDCLP.mg,2025-06-27 19:00:00,2025-06-27 19:00:00,BLOCK,STATE=TREND|QL=NONE|LF=NONE,,blocked,NONE,938.5,939.4,936.5,938.7,934.524483378257,2.237840982901731,939.0001653440604,930.0488014124536,NY_PM,UP,0.9345794392523424
USDCLP.mg,2025-06-27 20:00:00,2025-06-27 20:00:00,BLOCK,STATE=TRANSITION|QL=NONE|LF=NONE,,blocked,NONE,938.9,938.9,938.0,938.9,934.7810164424512,2.345431155718988,939.4718787538892,930.0901541310134,NY_PM,UP,0.9532710280373828
USDCLP.mg,2025-06-27 21:00:00,2025-06-27 21:00:00,BLOCK,STATE=TRANSITION|QL=NONE|LF=NONE,,blocked,NONE,939.1,939.8,939.1,939.8,935.0260716570696,2.472246354921209,939.970564366912,930.0815789472272,NY_PM,UP,1.0
USDCLP.mg,2025-06-30 14:00:00,2025-06-30 14:00:00,BLOCK,STATE=TRANSITION|QL=NONE|LF=NONE,,blocked,NONE,938.8,938.8,935.5,935.8,936.7,2.4668966414662523,941.6337932829324,931.7662067170676,NY,UP,0.597989949748741
USDCLP.mg,2025-06-30 15:00:00,2025-06-30 15:00:00,BLOCK,STATE=TRANSITION|QL=NONE|LF=NONE,,blocked,NONE,935.85,937.0,934.8,935.2,936.407901234568,2.43112310831051,941.270147451189,931.5456550179472,NY,DOWN,0.5376884422110613
USDCLP.mg,2025-06-30 16:00:00,2025-06-30 16:00:00,BLOCK,STATE=TRANSITION|QL=NONE|LF=NONE,,blocked,NONE,935.25,935.9,932.2,932.9,935.551213282248,2.416329830500086,940.383872943248,930.7185536212476,NY,DOWN,0.3065326633165804
USDCLP.mg,2025-06-30 17:00:00,2025-06-30 17:00:00,BLOCK,STATE=TRANSITION|QL=TRANSITION_UNCLASSIFIED|LF=LOOK_FOR_transition_dislocated_from_vwap,TRANSITION_RESOLUTION,transition_resolution,SHORT,933.1,933.1,931.0,931.6,934.9810508182602,2.367928355420067,939.7169075291004,930.24519410742,NY,DOWN,0.1758793969849258
USDCLP.mg,2025-06-30 18:00:00,2025-06-30 18:00:00,BLOCK,STATE=TRANSITION|QL=NONE|LF=NONE,,blocked,NONE,931.5,933.2,931.2,931.6,934.6909681611436,2.240274389900564,939.1715169409448,930.2104193813424,NY_PM,DOWN,0.0681818181818211
USDCLP.mg,2025-06-30 19:00:00,2025-06-30 19:00:00,ALLOW,STATE=TRANSITION|QL=TRANSITION_UNCLASSIFIED|LF=LOOK_FOR_transition_dislocated_from_vwap,TRANSITION_RESOLUTION,transition_resolution,SHORT,931.65,931.9,930.8,930.95,934.459415753782,2.182385802511994,938.824187358806,930.094644148758,NY_PM,DOWN,0.0166666666666767
USDCLP.mg,2025-06-30 20:00:00,2025-06-30 20:00:00,BLOCK,STATE=TRANSITION|QL=TRANSITION_UNCLASSIFIED|LF=LOOK_FOR_transition_dislocated_from_vwap,TRANSITION_RESOLUTION,transition_resolution,SHORT,930.65,931.1,930.65,930.9,934.2931590413942,2.222168663592388,938.7374963685792,929.8488217142094,NY_PM,DOWN,0.0273224043715847
USDCLP.mg,2025-06-30 21:00:00,2025-06-30 21:00:00,BLOCK,STATE=TREND|QL=NONE|LF=NONE,,blocked,NONE,930.7,930.9,930.7,930.9,934.1739244294798,2.23158067295486,938.6370857753896,929.71076308357,NY_PM,DOWN,0.0273224043715847
USDCLP.mg,2025-06-30 22:00:00,2025-06-30 22:00:00,BLOCK,STATE=TREND|QL=NONE|LF=NONE,,blocked,NONE,931.1,931.4,931.1,931.4,934.1048836447064,2.2513822771132976,938.6076481989332,929.60211909048,NY_PM,DOWN,0.0819672131147543
USDCLP.mg,2025-07-01 14:00:00,2025-07-01 14:00:00,BLOCK,STATE=TREND|QL=NONE|LF=NONE,,blocked,NONE,927.3,928.0,926.8,926.9,927.2333333333332,2.250278683203464,931.7338906997402,922.7327759669264,NY,DOWN,0.0076923076923094
USDCLP.mg,2025-07-01 15:00:00,2025-07-01 15:00:00,BLOCK,STATE=TREND|QL=NONE|LF=NONE,,blocked,NONE,926.8,927.8,924.6,924.6,925.9726950354608,2.2189695982928224,930.4106342320464,921.5347558388752,NY,DOWN,0.0
USDCLP.mg,2025-07-01 16:00:00,2025-07-01 16:00:00,BLOCK,STATE=TREND|QL=NONE|LF=NONE,,blocked,NONE,924.7,925.8,923.2,924.4,925.619845857418,2.207882325718156,930.0356105088543,921.2040812059817,NY,DOWN,0.076923076923073
USDCLP.mg,2025-07-01 17:00:00,2025-07-01 17:00:00,BLOCK,STATE=TREND|QL=NONE|LF=NONE,,blocked,NONE,924.35,926.5,924.0,925.7,925.6244104525176,2.205660502848247,930.035731458214,921.213089446821,NY,DOWN,0.1811594202898556
USDCLP.mg,2025-07-01 18:00:00,2025-07-01 18:00:00,BLOCK,STATE=TREND|QL=NONE|LF=NONE,,blocked,NONE,925.6,928.4,925.3,928.25,925.8753095238096,2.237150586451313,930.349610696712,921.4010083509067,NY_PM,DOWN,0.3976377952755891
USDCLP.mg,2025-07-01 19:00:00,2025-07-01 19:00:00,BLOCK,STATE=TREND|QL=NONE|LF=NONE,,blocked,NONE,928.05,928.8,927.25,927.45,925.9980235651844,2.239399618417305,930.4768228020188,921.5192243283498,NY_PM,DOWN,0.425
USDCLP.mg,2025-07-01 20:00:00,2025-07-01 20:00:00,ALLOW,STATE=TRANSITION|QL=TRANSITION_UNCLASSIFIED|LF=LOOK_FOR_transition_repricing_near_vwap,TRANSITION_PERSISTENCE,transition_persistence,LONG,927.3,927.7,926.9,927.6,926.0879190385832,2.256433024403782,930.6007850873908,921.5750529897756,NY_PM,UP,0.4399999999999977
USDCLP.mg,2025-07-01 21:00:00,2025-07-01 21:00:00,BLOCK,STATE=TRANSITION|QL=NONE|LF=NONE,,blocked,NONE,927.8,928.1,927.7,928.1,926.1759274302736,2.2807476128076813,930.7374226558888,921.6144322046582,NY_PM,UP,0.5632183908045995
USDCLP.mg,2025-07-01 22:00:00,2025-07-01 22:00:00,ALLOW,STATE=TRANSITION|QL=TRANSITION_UNCLASSIFIED|LF=LOOK_FOR_transition_repricing_near_vwap,TRANSITION_PERSISTENCE,transition_persistence,LONG,928.1,928.2,927.35,927.35,926.2103811553028,2.285254448288635,930.7808900518802,921.6398722587256,NY_PM,UP,0.5060975609756112
USDCLP.mg,2025-07-02 14:00:00,2025-07-02 14:00:00,ALLOW,STATE=TRANSITION|QL=TRANSITION_UNCLASSIFIED|LF=LOOK_FOR_transition_repricing_near_vwap,TRANSITION_PERSISTENCE,transition_persistence,LONG,929.2,930.2,928.8,929.4,929.4666666666668,2.2326408357560874,933.9319483381788,925.0013849951544,NY,UP,0.7560975609756078
USDCLP.mg,2025-07-02 15:00:00,2025-07-02 15:00:00,ALLOW,STATE=TRANSITION|QL=TRANSITION_UNCLASSIFIED|LF=LOOK_FOR_transition_repricing_near_vwap,TRANSITION_PERSISTENCE,transition_persistence_flat,NONE,929.6,929.8,927.5,928.3,928.8675177304964,2.1913767944585105,933.2502713194134,924.4847641415794,NY,FLAT,0.6219512195121892
USDCLP.mg,2025-07-02 16:00:00,2025-07-02 16:00:00,BLOCK,STATE=TRANSITION|QL=NONE|LF=NONE,,blocked,NONE,928.2,930.2,926.7,926.7,928.4389294403892,2.156156976736225,932.7512433938616,924.1266154869168,NY,DOWN,0.5
USDCLP.mg,2025-07-02 17:00:00,2025-07-02 17:00:00,BLOCK,STATE=TRANSITION|QL=TRANSITION_UNCLASSIFIED|LF=LOOK_FOR_transition_dislocated_from_vwap,TRANSITION_RESOLUTION,transition_resolution,SHORT,926.0,926.1,922.5,922.8,927.3428802588998,2.1759767578611195,931.694833774622,922.9909267431776,NY,DOWN,0.0389610389610328
USDCLP.mg,2025-07-02 18:00:00,2025-07-02 18:00:00,ALLOW,STATE=TRANSITION|QL=TRANSITION_UNCLASSIFIED|LF=LOOK_FOR_transition_repricing_near_vwap,TRANSITION_PERSISTENCE,transition_persistence,SHORT,922.9,926.9,922.9,925.85,927.0519393939396,2.1323778741016017,931.3166951421427,922.7871836457364,NY_PM,DOWN,0.4350649350649354
USDCLP.mg,2025-07-02 19:00:00,2025-07-02 19:00:00,ALLOW,STATE=TRANSITION|QL=TRANSITION_UNCLASSIFIED|LF=LOOK_FOR_transition_repricing_near_vwap,TRANSITION_PERSISTENCE,transition_persistence,SHORT,925.8,926.35,924.2,925.0,926.820881782946,2.132521780334781,931.0859253436156,922.5558382222764,NY_PM,DOWN,0.3246753246753228
USDCLP.mg,2025-07-02 20:00:00,2025-07-02 20:00:00,ALLOW,STATE=TRANSITION|QL=TRANSITION_UNCLASSIFIED|LF=LOOK_FOR_transition_repricing_near_vwap,TRANSITION_PERSISTENCE,transition_persistence,SHORT,925.1,928.9,925.1,926.3,926.7394269572236,2.1329005714385105,931.0052281001008,922.4736258143467,NY_PM,DOWN,0.4935064935064847
USDCLP.mg,2025-07-02 21:00:00,2025-07-02 21:00:00,BLOCK,STATE=BALANCE|QL=NONE|LF=NONE,,blocked,NONE,926.3,926.4,925.9,926.2,926.676521438451,2.1269068531322017,930.9303351447154,922.4227077321866,NY_PM,DOWN,0.4805194805194835
USDCLP.mg,2025-07-02 22:00:00,2025-07-02 22:00:00,BLOCK,STATE=BALANCE|QL=NONE|LF=NONE,,blocked,NONE,926.25,926.55,926.2,926.4,926.6377192982457,2.123654118535747,930.8850275353172,922.3904110611742,NY_PM,DOWN,0.5064935064935006
USDCLP.mg,2025-07-03 14:00:00,2025-07-03 14:00:00,BLOCK,STATE=BALANCE|QL=NONE|LF=NONE,,blocked,NONE,927.6,930.1,927.3,929.4,928.9333333333332,2.125076178347335,933.183485690028,924.6831809766386,NY,UP,0.8961038961038879
USDCLP.mg,2025-07-03 15:00:00,2025-07-03 15:00:00,BLOCK,STATE=BALANCE|QL=NONE|LF=NONE,,blocked,NONE,929.2,930.4,925.6,926.0,928.0269749518304,2.140090745716097,932.3071564432628,923.7467934603984,NY,FLAT,0.4430379746835455
USDCLP.mg,2025-07-03 16:00:00,2025-07-03 16:00:00,BLOCK,STATE=BALANCE|QL=NONE|LF=NONE,,blocked,NONE,925.8,927.5,924.7,925.7,927.4981094527363,2.1531515061933257,931.8044124651232,923.1918064403498,NY,UP,0.4050632911392474
USDCLP.mg,2025-07-03 17:00:00,2025-07-03 17:00:00,BLOCK,STATE=BALANCE|QL=NONE|LF=NONE,,blocked,NONE,925.8,928.4,925.8,927.8,927.5502140672784,2.153503293786524,931.8572206548514,923.2432074797052,NY,UP,0.6708860759493632
USDCLP.mg,2025-07-03 18:00:00,2025-07-03 18:00:00,ALLOW,STATE=TRANSITION|QL=TRANSITION_UNCLASSIFIED|LF=LOOK_FOR_transition_repricing_near_vwap,TRANSITION_PERSISTENCE,transition_persistence,LONG,927.9,929.5,927.3,928.1,927.6011479028698,2.1552761529379496,931.9117002087456,923.290595596994,NY_PM,UP,0.7088607594936758
USDCLP.mg,2025-07-03 19:00:00,2025-07-03 19:00:00,BLOCK,STATE=BALANCE|QL=NONE|LF=NONE,,blocked,NONE,928.2,929.4,928.1,928.4,927.6516753022452,2.158342364899552,931.9683600320444,923.334990572446,NY_PM,UP,0.746835443037974
USDCLP.mg,2025-07-03 20:00:00,2025-07-03 20:00:00,BLOCK,STATE=TREND|QL=NONE|LF=NONE,,blocked,NONE,928.7,929.6,928.7,929.6,927.7556312056738,2.1761686687440367,932.107968543162,923.4032938681858,NY_PM,UP,0.8933333333333394
USDCLP.mg,2025-07-03 21:00:00,2025-07-03 21:00:00,ALLOW,STATE=TRANSITION|QL=TRANSITION_UNCLASSIFIED|LF=LOOK_FOR_transition_repricing_near_vwap,TRANSITION_PERSISTENCE,transition_persistence,LONG,929.4,929.9,929.4,929.6,927.8280625752108,2.1909711391753404,932.2100048535614,923.44612029686,NY_PM,UP,0.8709677419354898
USDCLP.mg,2025-07-03 22:00:00,2025-07-03 22:00:00,ALLOW,STATE=TRANSITION|QL=TRANSITION_UNCLASSIFIED|LF=LOOK_FOR_transition_repricing_near_vwap,TRANSITION_PERSISTENCE,transition_persistence,LONG,929.7,929.7,929.4,929.4,927.8726436781608,2.1932655027995573,932.25917468376,923.4861126725618,NY_PM,UP,0.8245614035087698
USDCLP.mg,2025-07-04 14:00:00,2025-07-04 14:00:00,ALLOW,STATE=TRANSITION|QL=TRANSITION_UNCLASSIFIED|LF=LOOK_FOR_transition_repricing_near_vwap,TRANSITION_PERSISTENCE,transition_persistence,LONG,932.0,932.0,931.25,931.4,931.55,2.1933527355468936,935.936705471094,927.1632945289062,NY,UP,0.9178082191780784
USDCLP.mg,2025-07-04 15:00:00,2025-07-04 15:00:00,ALLOW,STATE=TRANSITION|QL=TRANSITION_UNCLASSIFIED|LF=LOOK_FOR_transition_repricing_near_vwap,TRANSITION_PERSISTENCE,transition_persistence,LONG,931.3,932.9,929.5,932.6,931.6424924924924,2.1873176107796155,936.0171277140516,927.2678572709332,NY,UP,0.9634146341463468
USDCLP.mg,2025-07-04 16:00:00,2025-07-04 16:00:00,BLOCK,STATE=TRANSITION|QL=NONE|LF=NONE,,blocked,NONE,932.5,932.6,929.5,930.0,931.1929271708684,2.1839142665382774,935.5607557039448,926.8250986377916,NY,UP,0.6463414634146339
USDCLP.mg,2025-07-04 17:00:00,2025-07-04 17:00:00,BLOCK,STATE=BALANCE|QL=NONE|LF=NONE,,blocked,NONE,930.1,932.7,930.1,931.9,931.2765753424658,2.182207648832427,935.6409906401308,926.9121600448008,NY,UP,0.8780487804878039
USDCLP.mg,2025-07-04 18:00:00,2025-07-04 18:00:00,BLOCK,STATE=TRANSITION|QL=NONE|LF=NONE,,blocked,NONE,931.95,934.5,931.95,934.0,931.6395748987854,2.206161319498032,936.0518975377817,927.2272522597892,NY_PM,UP,0.9489795918367344
USDCLP.mg,2025-07-04 19:00:00,2025-07-04 19:00:00,BLOCK,STATE=TRANSITION|QL=NONE|LF=NONE,,blocked,NONE,934.1,934.5,930.3,930.6,931.6175762439808,2.1946183068655123,936.0068128577116,927.2283396302496,NY_PM,UP,0.5517241379310395
USDCLP.mg,2025-07-04 20:00:00,2025-07-04 20:00:00,BLOCK,STATE=BALANCE|QL=NONE|LF=NONE,,blocked,NONE,930.65,930.65,929.4,929.8,931.5516622340424,2.2081681954865,935.9679986250156,927.1353258430696,NY_PM,DOWN,0.34722222222222
USDCLP.mg,2025-07-04 21:00:00,2025-07-04 21:00:00,BLOCK,STATE=BALANCE|QL=NONE|LF=NONE,,blocked,NONE,929.9,930.0,929.8,929.9,931.5099318955732,2.2029930692916637,935.9159180341566,927.10394575699,NY_PM,DOWN,0.2812499999999939
USDCLP.mg,2025-07-07 14:00:00,2025-07-07 14:00:00,BLOCK,STATE=TRANSITION|QL=NONE|LF=NONE,,blocked,NONE,936.25,938.5,936.25,937.3,937.35,2.182058487564044,941.714116975128,932.985883024872,NY,UP,0.877551020408158
USDCLP.mg,2025-07-07 15:00:00,2025-07-07 15:00:00,ALLOW,STATE=TRANSITION|QL=TRANSITION_UNCLASSIFIED|LF=LOOK_FOR_transition_repricing_near_vwap,TRANSITION_PERSISTENCE,transition_persistence,LONG,937.4,938.0,936.0,936.8,937.1476190476192,2.143007947237734,941.4336349420946,932.8616031531436,NY,UP,0.8131868131868086
USDCLP.mg,2025-07-07 16:00:00,2025-07-07 16:00:00,BLOCK,STATE=TREND|QL=NONE|LF=NONE,,blocked,NONE,936.85,939.8,936.85,939.75,937.7600877192984,2.0694808106535056,941.8990493406052,933.6211260979914,NY,UP,0.995192307692312
USDCLP.mg,2025-07-07 17:00:00,2025-07-07 17:00:00,BLOCK,STATE=TREND|QL=NONE|LF=NONE,,blocked,NONE,939.8,941.6,939.0,940.3,938.2415590008612,1.997063972630123,942.2356869461216,934.247431055601,NY,UP,0.8934426229508144
USDCLP.mg,2025-07-07 18:00:00,2025-07-07 18:00:00,BLOCK,STATE=TREND|QL=NONE|LF=NONE,,blocked,NONE,940.4,944.6,939.3,944.5,939.7602657004828,2.026879830481646,943.8140253614462,935.7065060395196,NY_PM,UP,0.9934210526315774
USDCLP.mg,2025-07-07 19:00:00,2025-07-07 19:00:00,ALLOW,STATE=TRANSITION|QL=TRANSITION_UNCLASSIFIED|LF=LOOK_FOR_transition_repricing_near_vwap,TRANSITION_PERSISTENCE,transition_persistence,LONG,944.45,945.25,941.3,942.2,940.1843235985228,1.9207286895111315,944.0257809775452,936.3428662195006,NY_PM,UP,0.8075709779179843
USDCLP.mg,2025-07-07 20:00:00,2025-07-07 20:00:00,BLOCK,STATE=TRANSITION|QL=NONE|LF=NONE,,blocked,NONE,942.1,942.8,942.1,942.8,940.4568544238682,1.956374836061149,944.3696040959906,936.544104751746,NY_PM,UP,0.8454258675078837
USDCLP.mg,2025-07-07 21:00:00,2025-07-07 21:00:00,BLOCK,STATE=TREND|QL=NONE|LF=NONE,,blocked,NONE,942.6,942.9,942.6,942.9,940.6324160933916,1.984635500443578,944.6016870942788,936.6631450925046,NY_PM,UP,0.8517350157728695
USDCLP.mg,2025-07-07 22:00:00,2025-07-07 22:00:00,BLOCK,STATE=TREND|QL=NONE|LF=NONE,,blocked,NONE,942.9,943.6,942.9,943.45,940.7812478093236,1.9942459921599325,944.7697397936432,936.7927558250036,NY_PM,UP,0.886435331230287
USDCLP.mg,2025-07-08 14:00:00,2025-07-08 14:00:00,BLOCK,STATE=TREND|QL=NONE|LF=NONE,,blocked,NONE,942.4,944.4,942.4,943.0,943.2666666666668,1.937968438696366,947.1426035440596,939.390729789274,NY,UP,0.8580441640378551
USDCLP.mg,2025-07-08 15:00:00,2025-07-08 15:00:00,BLOCK,STATE=TREND|QL=NONE|LF=NONE,,blocked,NONE,942.8,945.0,941.1,945.0,943.6307621671258,1.897451030643916,947.4256642284136,939.835860105838,NY,UP,0.9838187702265372
USDCLP.mg,2025-07-08 16:00:00,2025-07-08 16:00:00,BLOCK,STATE=TREND|QL=NONE|LF=NONE,,blocked,NONE,945.4,949.3,944.8,949.05,944.9332085828344,1.912977570563971,948.7591637239622,941.1072534417063,NY,UP,0.981203007518797
USDCLP.mg,2025-07-08 17:00:00,2025-07-08 17:00:00,BLOCK,STATE=TRANSITION|QL=NONE|LF=NONE,,blocked,NONE,949.15,949.15,946.0,947.4,945.2467112024666,1.8610737740921803,948.968858750651,941.5245636542822,NY,UP,0.8571428571428583
USDCLP.mg,2025-07-08 18:00:00,2025-07-08 18:00:00,ALLOW,STATE=BALANCE|QL=BALANCE_LEAKING|LF=LOOK_FOR_balance_dislocated_from_vwap,BALANCE_DEGRADATION,allow_unmapped_baseline,NONE,947.3,947.9,939.8,939.85,944.6231447009184,1.930620749281703,948.4843861994818,940.7619032023548,NY_PM,DOWN,0.240963855421688
USDCLP.mg,2025-07-08 19:00:00,2025-07-08 19:00:00,BLOCK,STATE=BALANCE|QL=NONE|LF=NONE,,blocked,NONE,940.15,943.8,939.9,941.9,944.4165499124342,1.9248717631765893,948.2662934387874,940.566806386081,NY_PM,DOWN,0.2815533980582514
USDCLP.mg,2025-07-08 20:00:00,2025-07-08 20:00:00,BLOCK,STATE=BALANCE|QL=NONE|LF=NONE,,blocked,NONE,941.4,941.5,941.2,941.3,944.247823651784,1.9765416351840712,948.2009069221522,940.294740381416,NY_PM,DOWN,0.2
USDCLP.mg,2025-07-08 21:00:00,2025-07-08 21:00:00,BLOCK,STATE=TRANSITION|QL=NONE|LF=NONE,,blocked,NONE,941.2,941.4,941.05,941.1,944.1199415681476,2.016983973045366,948.1539095142384,940.085973622057,NY_PM,DOWN,0.136842105263165
USDCLP.mg,2025-07-08 22:00:00,2025-07-08 22:00:00,BLOCK,STATE=BALANCE|QL=NONE|LF=NONE,,blocked,NONE,941.3,942.2,941.3,942.2,944.0736391545636,2.028393091239532,948.1304253370428,940.0168529720844,NY_PM,DOWN,0.252631578947378
USDCLP.mg,2025-07-09 14:00:00,2025-07-09 14:00:00,BLOCK,STATE=BALANCE|QL=NONE|LF=NONE,,blocked,NONE,944.5,945.1,943.8,944.0,944.3,2.029468783938963,948.358937567878,940.241062432122,NY,DOWN,0.4421052631578995
USDCLP.mg,2025-07-09 15:00:00,2025-07-09 15:00:00,BLOCK,STATE=TRANSITION|QL=NONE|LF=NONE,,blocked,NONE,944.3,947.3,942.2,947.0,945.3795539033456,2.0154927358723573,949.4105393750904,941.3485684316008,NY,UP,0.7578947368421101
USDCLP.mg,2025-07-09 16:00:00,2025-07-09 16:00:00,BLOCK,STATE=TRANSITION|QL=NONE|LF=NONE,,blocked,NONE,947.2,949.5,945.7,949.5,946.213596491228,2.0558993844108437,950.3253952600496,942.1017977224064,NY,UP,1.0
USDCLP.mg,2025-07-09 17:00:00,2025-07-09 17:00:00,BLOCK,STATE=TRANSITION|QL=NONE|LF=NONE,,blocked,NONE,949.6,950.3,947.4,947.4,946.3524528301888,2.050848077264221,950.4541489847172,942.2507566756602,NY,UP,0.723809523809526
USDCLP.mg,2025-07-09 18:00:00,2025-07-09 18:00:00,BLOCK,STATE=TRANSITION|QL=NONE|LF=NONE,,blocked,NONE,947.7,950.5,947.7,949.5,946.612854442344,2.07196604746222,950.7567865372685,942.4689223474196,NY_PM,UP,0.9065420560747668
USDCLP.mg,2025-07-09 19:00:00,2025-07-09 19:00:00,ALLOW,STATE=TRANSITION|QL=TRANSITION_UNCLASSIFIED|LF=LOOK_FOR_transition_repricing_near_vwap,TRANSITION_PERSISTENCE,transition_persistence,LONG,949.6,950.2,948.4,948.55,946.7065228362352,2.0808498034193788,950.868222443074,942.5448232293965,NY_PM,UP,0.8177570093457909
USDCLP.mg,2025-07-09 20:00:00,2025-07-09 20:00:00,BLOCK,STATE=BALANCE|QL=NONE|LF=NONE,,blocked,NONE,948.6,948.9,948.4,948.4,946.76078493266,2.0901112042620955,950.941007341184,942.5805625241358,NY_PM,UP,0.8037383177570081
USDCLP.mg,2025-07-09 21:00:00,2025-07-09 21:00:00,BLOCK,STATE=TRANSITION|QL=NONE|LF=NONE,,blocked,NONE,948.6,948.9,948.6,948.8,946.8185796787584,2.100858197671636,951.0202960741016,942.616863283415,NY_PM,UP,0.83962264150943
USDCLP.mg,2025-07-09 22:00:00,2025-07-09 22:00:00,BLOCK,STATE=TRANSITION|QL=TRANSITION_UNCLASSIFIED|LF=LOOK_FOR_transition_dislocated_from_vwap,TRANSITION_RESOLUTION,transition_resolution,LONG,948.9,950.65,948.9,950.65,946.9450631911532,2.133864590967234,951.2127923730876,942.6773340092188,NY_PM,UP,1.0
USDCLP.mg,2025-07-10 14:00:00,2025-07-10 14:00:00,ALLOW,STATE=TRANSITION|QL=TRANSITION_UNCLASSIFIED|LF=LOOK_FOR_transition_repricing_near_vwap,TRANSITION_PERSISTENCE,transition_persistence,LONG,951.5,952.9,951.4,951.6,951.9666666666668,2.0144999145828484,955.9956664958326,947.9376668375012,NY,UP,0.890295358649793
USDCLP.mg,2025-07-10 15:00:00,2025-07-10 15:00:00,BLOCK,STATE=TRANSITION|QL=NONE|LF=NONE,,blocked,NONE,951.8,952.4,947.5,949.5,950.326113671275,2.0087437050722854,954.3436010814196,946.3086262611304,NY,FLAT,0.7068965517241405
USDCLP.mg,2025-07-10 16:00:00,2025-07-10 16:00:00,BLOCK,STATE=TRANSITION|QL=NONE|LF=NONE,,blocked,NONE,949.6,951.5,949.4,949.9,950.2242194092828,1.9844664092437945,954.1931522277704,946.2552865907952,NY,UP,0.7196261682242973
USDCLP.mg,2025-07-10 17:00:00,2025-07-10 17:00:00,BLOCK,STATE=TRANSITION|QL=NONE|LF=NONE,,blocked,NONE,949.85,952.5,948.4,952.1,950.4826044703595,1.9852921204614375,954.4531887112825,946.5120202294366,NY,UP,0.9252336448598169
USDCLP.mg,2025-07-10 18:00:00,2025-07-10 18:00:00,BLOCK,STATE=BALANCE|QL=NONE|LF=NONE,,blocked,NONE,952.0,952.2,947.6,947.9,950.1700784715116,2.020487811338013,954.2110540941876,946.1291028488356,NY_PM,DOWN,0.305555555555549
USDCLP.mg,2025-07-10 19:00:00,2025-07-10 19:00:00,BLOCK,STATE=BALANCE|QL=NONE|LF=NONE,,blocked,NONE,947.8,951.5,946.1,949.65,950.0277733964248,2.0216771421671917,954.0711276807592,945.9844191120906,NY_PM,DOWN,0.5220588235294086
USDCLP.mg,2025-07-10 20:00:00,2025-07-10 20:00:00,BLOCK,STATE=BALANCE|QL=NONE|LF=NONE,,blocked,NONE,949.55,950.25,949.55,949.9,949.9541479580928,2.023360761121604,954.000869480336,945.9074264358496,NY_PM,DOWN,0.5588235294117617
USDCLP.mg,2025-07-10 21:00:00,2025-07-10 21:00:00,BLOCK,STATE=BALANCE|QL=NONE|LF=NONE,,blocked,NONE,949.8,949.8,949.6,949.6,949.887954954955,1.993385691137626,953.8747263372304,945.9011835726798,NY_PM,FLAT,0.5147058823529446
USDCLP.mg,2025-07-10 22:00:00,2025-07-10 22:00:00,BLOCK,STATE=BALANCE|QL=NONE|LF=NONE,,blocked,NONE,949.5,949.5,949.3,949.4,949.8306943795736,1.969665520676989,953.7700254209276,945.8913633382195,NY_PM,DOWN,0.4852941176470554
USDCLP.mg,2025-07-11 14:00:00,2025-07-11 14:00:00,BLOCK,STATE=TRANSITION|QL=NONE|LF=NONE,,blocked,NONE,953.5,953.6,952.8,953.5,953.3,1.969850265139327,957.2397005302788,949.3602994697214,NY,UP,0.9866666666666636
USDCLP.mg,2025-07-11 15:00:00,2025-07-11 15:00:00,ALLOW,STATE=TRANSITION|QL=TRANSITION_UNCLASSIFIED|LF=LOOK_FOR_transition_repricing_near_vwap,TRANSITION_PERSISTENCE,transition_persistence,LONG,953.4,955.5,952.9,954.0,953.9877192982458,1.9714734065837585,957.9306661114132,950.0447724850784,NY,UP,0.8404255319148932
USDCLP.mg,2025-07-11 16:00:00,2025-07-11 16:00:00,BLOCK,STATE=BALANCE|QL=NONE|LF=NONE,,blocked,NONE,954.1,955.2,953.0,953.5,953.9605263157896,1.9766826504004176,957.9138916165904,950.0071610149888,NY,UP,0.787234042553191
USDCLP.mg,2025-07-11 17:00:00,2025-07-11 17:00:00,BLOCK,STATE=TRANSITION|QL=TRANSITION_UNCLASSIFIED|LF=LOOK_FOR_transition_dislocated_from_vwap,TRANSITION_RESOLUTION,transition_resolution,LONG,953.5,958.35,953.45,958.35,954.8826815642458,2.0114139585490443,958.905509481344,950.8598536471476,NY,UP,1.0
USDCLP.mg,2025-07-11 18:00:00,2025-07-11 18:00:00,BLOCK,STATE=TRANSITION|QL=NONE|LF=NONE,,blocked,NONE,958.25,958.6,956.4,957.0,955.2158469945356,2.011562288710514,959.2389715719564,951.1927224171144,NY_PM,UP,0.8719999999999982
USDCLP.mg,2025-07-11 19:00:00,2025-07-11 19:00:00,BLOCK,STATE=TRANSITION|QL=NONE|LF=NONE,,blocked,NONE,956.95,958.3,955.95,955.95,955.3352211434736,2.0069384118627878,959.3490979671992,951.321344319748,NY_PM,UP,0.7880000000000018
USDCLP.mg,2025-07-11 20:00:00,2025-07-11 20:00:00,ALLOW,STATE=TRANSITION|QL=TRANSITION_UNCLASSIFIED|LF=LOOK_FOR_transition_repricing_near_vwap,TRANSITION_PERSISTENCE,transition_persistence,LONG,955.9,957.2,955.7,957.2,955.4855169340464,2.0107362310555583,959.5069893961576,951.4640444719352,NY_PM,UP,0.8880000000000018
USDCLP.mg,2025-07-11 21:00:00,2025-07-11 21:00:00,BLOCK,STATE=TREND|QL=NONE|LF=NONE,,blocked,NONE,957.3,957.6,957.3,957.6,955.6110478359908,2.019745657179215,959.6505391503492,951.5715565216324,NY_PM,UP,0.92
USDCLP.mg,2025-07-14 14:00:00,2025-07-14 14:00:00,BLOCK,STATE=TREND|QL=NONE|LF=NONE,,blocked,NONE,959.2,961.0,959.2,959.8,960.0,2.006383773183662,964.0127675463672,955.9872324536328,NY,UP,0.8974358974358939
USDCLP.mg,2025-07-14 15:00:00,2025-07-14 15:00:00,BLOCK,STATE=TREND|QL=NONE|LF=NONE,,blocked,NONE,959.75,964.1,958.7,963.4,961.8458015267177,2.01053221248914,965.8668659516958,957.8247371017392,NY,UP,0.9527027027027
USDCLP.mg,2025-07-14 16:00:00,2025-07-14 16:00:00,BLOCK,STATE=TREND|QL=NONE|LF=NONE,,blocked,NONE,963.3,966.9,963.2,966.8,963.0630952380952,2.0434522684594287,967.149999775014,958.9761907011764,NY,UP,0.9943181818181804
USDCLP.mg,2025-07-14 17:00:00,2025-07-14 17:00:00,BLOCK,STATE=TREND|QL=NONE|LF=NONE,,blocked,NONE,967.0,971.7,967.0,971.6,964.603500761035,2.2141869495389965,969.031874660113,960.175126861957,NY,UP,0.9947089947089937
USDCLP.mg,2025-07-14 18:00:00,2025-07-14 18:00:00,BLOCK,STATE=TREND|QL=NONE|LF=NONE,,blocked,NONE,971.1,973.0,967.95,968.0,965.1239373601792,2.200007102516888,969.5239515652128,960.7239231551451,NY_PM,UP,0.7512437810945276
USDCLP.mg,2025-07-14 19:00:00,2025-07-14 19:00:00,BLOCK,STATE=TREND|QL=NONE|LF=NONE,,blocked,NONE,967.8,967.8,966.1,966.1,965.2935455349248,2.169177127392656,969.63189978971,960.9551912801396,NY_PM,UP,0.6550000000000011
USDCLP.mg,2025-07-14 20:00:00,2025-07-14 20:00:00,BLOCK,STATE=TREND|QL=NONE|LF=NONE,,blocked,NONE,966.0,966.8,966.0,966.7,965.4390350877192,2.164289761327617,969.7676146103744,961.110455565064,NY_PM,UP,0.6777493606138123
USDCLP.mg,2025-07-14 21:00:00,2025-07-14 21:00:00,BLOCK,STATE=TREND|QL=NONE|LF=NONE,,blocked,NONE,966.6,966.6,966.3,966.6,965.5366355140188,2.1553485449840246,969.8473326039868,961.2259384240508,NY_PM,UP,0.6300578034682084
USDCLP.mg,2025-07-14 22:00:00,2025-07-14 22:00:00,BLOCK,STATE=TREND|QL=NONE|LF=NONE,,blocked,NONE,966.7,966.8,965.85,965.9,965.579098805646,2.153301429476428,969.8857016645989,961.2724959466932,NY_PM,DOWN,0.589595375722541
USDCLP.mg,2025-07-15 14:00:00,2025-07-15 14:00:00,ALLOW,STATE=TRANSITION|QL=TRANSITION_UNCLASSIFIED|LF=LOOK_FOR_transition_repricing_near_vwap,TRANSITION_PERSISTENCE,transition_persistence,SHORT,963.7,964.0,959.8,960.4,961.4,2.1662899178956683,965.7325798357912,957.0674201642088,NY,DOWN,0.2716763005780314
USDCLP.mg,2025-07-15 15:00:00,2025-07-15 15:00:00,BLOCK,STATE=TRANSITION|QL=NONE|LF=NONE,,blocked,NONE,960.45,963.2,959.9,962.0,961.8006259780908,2.0981981180036637,965.997022214098,957.6042297420834,NY,DOWN,0.2993630573248428
USDCLP.mg,2025-07-15 16:00:00,2025-07-15 16:00:00,BLOCK,STATE=TRANSITION|QL=NONE|LF=NONE,,blocked,NONE,962.0,965.5,961.8,964.95,962.5539682539684,2.103167315351369,966.760302884671,958.3476336232656,NY,DOWN,0.4370629370629385
USDCLP.mg,2025-07-15 17:00:00,2025-07-15 17:00:00,BLOCK,STATE=TRANSITION|QL=TRANSITION_UNCLASSIFIED|LF=LOOK_FOR_transition_dislocated_from_vwap,TRANSITION_RESOLUTION,transition_resolution,LONG,964.9,968.5,964.5,967.6,963.6597804391218,2.137917086835634,967.9356146127932,959.3839462654506,NY,UP,0.6223776223776227
USDCLP.mg,2025-07-15 18:00:00,2025-07-15 18:00:00,BLOCK,STATE=TRANSITION|QL=TRANSITION_UNCLASSIFIED|LF=LOOK_FOR_transition_dislocated_from_vwap,TRANSITION_RESOLUTION,transition_resolution,LONG,967.5,969.55,967.25,968.9,964.3555496264676,2.191292358682277,968.738134343832,959.972964909103,NY_PM,UP,0.6893939393939388
USDCLP.mg,2025-07-15 19:00:00,2025-07-15 19:00:00,BLOCK,STATE=BALANCE|QL=NONE|LF=NONE,,blocked,NONE,969.0,969.0,965.35,965.35,964.4769900497514,2.17708941722192,968.8311688841952,960.1228112153076,NY_PM,DOWN,0.4204545454545492
USDCLP.mg,2025-07-15 20:00:00,2025-07-15 20:00:00,ALLOW,STATE=TRANSITION|QL=TRANSITION_UNCLASSIFIED|LF=LOOK_FOR_transition_repricing_near_vwap,TRANSITION_PERSISTENCE,transition_persistence,LONG,965.4,965.8,965.4,965.8,964.581491525424,2.170880121764476,968.9232517689528,960.2397312818948,NY_PM,UP,0.454545454545453
USDCLP.mg,2025-07-15 21:00:00,2025-07-15 21:00:00,BLOCK,STATE=BALANCE|QL=NONE|LF=NONE,,blocked,NONE,965.9,965.9,965.8,965.9,964.658897171254,2.170434004250997,968.999765179756,960.318029162752,NY_PM,UP,0.625641025641028
USDCLP.mg,2025-07-15 22:00:00,2025-07-15 22:00:00,BLOCK,STATE=BALANCE|QL=NONE|LF=NONE,,blocked,NONE,965.85,965.95,965.85,965.9,964.7156151680744,2.1217362444344547,968.9590876569432,960.4721426792056,NY_PM,UP,0.625641025641028
USDCLP.mg,2025-07-17 14:00:00,2025-07-17 14:00:00,ALLOW,STATE=TRANSITION|QL=TRANSITION_UNCLASSIFIED|LF=LOOK_FOR_transition_repricing_near_vwap,TRANSITION_PERSISTENCE,transition_persistence,LONG,969.2,969.3,967.8,967.8,968.2999999999998,2.122291270974724,972.5445825419492,964.0554174580504,NY,UP,0.8205128205128205
USDCLP.mg,2025-07-17 15:00:00,2025-07-17 15:00:00,ALLOW,STATE=TRANSITION|QL=TRANSITION_UNCLASSIFIED|LF=LOOK_FOR_transition_repricing_near_vwap,TRANSITION_PERSISTENCE,transition_persistence,SHORT,967.7,970.9,966.1,968.1,968.3565656565656,1.96994150012648,972.2964486568188,964.4166826563128,NY,DOWN,0.7477477477477523
USDCLP.mg,2025-07-17 16:00:00,2025-07-17 16:00:00,ALLOW,STATE=TRANSITION|QL=TRANSITION_UNCLASSIFIED|LF=LOOK_FOR_transition_repricing_near_vwap,TRANSITION_PERSISTENCE,transition_persistence,LONG,968.2,968.2,965.75,966.85,968.0470297029703,1.9315348863248325,971.91009947562,964.1839599303208,NY,UP,0.63513513513514
USDCLP.mg,2025-07-17 17:00:00,2025-07-17 17:00:00,BLOCK,STATE=TREND|QL=NONE|LF=NONE,,blocked,NONE,966.95,968.2,965.6,967.7,968.0543286677035,1.858480052429324,971.7712887725622,964.3373685628447,NY,UP,0.7090909090909153
USDCLP.mg,2025-07-17 18:00:00,2025-07-17 18:00:00,ALLOW,STATE=TRANSITION|QL=TRANSITION_UNCLASSIFIED|LF=LOOK_FOR_transition_repricing_near_vwap,TRANSITION_PERSISTENCE,transition_persistence,SHORT,967.8,968.1,964.6,965.7,967.7866969009826,1.8217037500691675,971.430104401121,964.1432894008444,NY_PM,DOWN,0.4285714285714375
USDCLP.mg,2025-07-17 19:00:00,2025-07-17 19:00:00,ALLOW,STATE=TRANSITION|QL=TRANSITION_UNCLASSIFIED|LF=LOOK_FOR_transition_dislocated_from_vwap,TRANSITION_RESOLUTION,transition_resolution,SHORT,965.8,965.9,961.85,962.2,967.1890127862029,1.969589216473042,971.1281912191488,963.2498343532568,NY_PM,DOWN,0.0386740331491739
USDCLP.mg,2025-07-17 20:00:00,2025-07-17 20:00:00,BLOCK,STATE=TRANSITION|QL=TRANSITION_UNCLASSIFIED|LF=LOOK_FOR_transition_dislocated_from_vwap,TRANSITION_RESOLUTION,transition_resolution,SHORT,962.15,962.65,962.15,962.6,966.8248284313725,2.094541193397614,971.0139108181676,962.6357460445772,NY_PM,DOWN,0.0828729281767959
USDCLP.mg,2025-07-17 21:00:00,2025-07-17 21:00:00,BLOCK,STATE=TREND|QL=NONE|LF=NONE,,blocked,NONE,962.5,962.5,961.8,961.8,966.5271628100896,2.2356383610764867,970.9984395322426,962.0558860879366,NY_PM,DOWN,0.0
USDCLP.mg,2025-07-17 22:00:00,2025-07-17 22:00:00,BLOCK,STATE=TREND|QL=NONE|LF=NONE,,blocked,NONE,961.75,961.75,960.9,960.9,966.2288900979324,2.363809348875534,970.9565087956836,961.5012714001816,NY_PM,DOWN,0.0
USDCLP.mg,2025-07-18 14:00:00,2025-07-18 14:00:00,BLOCK,STATE=TREND|QL=NONE|LF=NONE,,blocked,NONE,959.7,960.1,958.9,959.9,959.6333333333332,2.363162999283712,964.3596593319008,954.907007334766,NY,DOWN,0.0833333333333333
USDCLP.mg,2025-07-18 15:00:00,2025-07-18 15:00:00,BLOCK,STATE=TREND|QL=NONE|LF=NONE,,blocked,NONE,959.8,959.8,957.4,959.1,959.0950354609928,2.340115682728391,963.7752668264496,954.4148040955362,NY,DOWN,0.1259259259259293
USDCLP.mg,2025-07-18 16:00:00,2025-07-18 16:00:00,ALLOW,STATE=TRANSITION|QL=TRANSITION_UNCLASSIFIED|LF=LOOK_FOR_transition_repricing_near_vwap,TRANSITION_PERSISTENCE,transition_persistence,SHORT,959.0,961.1,958.8,961.1,959.4133333333332,2.3383770996736515,964.0900875326806,954.736579133986,NY,DOWN,0.2740740740740774
USDCLP.mg,2025-07-18 17:00:00,2025-07-18 17:00:00,BLOCK,STATE=TRANSITION|QL=NONE|LF=NONE,,blocked,NONE,961.2,963.4,960.3,962.9,960.1782608695652,2.3541675368266874,964.8865959432184,955.4699257959116,NY,UP,0.4074074074074074
USDCLP.mg,2025-07-18 18:00:00,2025-07-18 18:00:00,BLOCK,STATE=TRANSITION|QL=TRANSITION_UNCLASSIFIED|LF=LOOK_FOR_transition_dislocated_from_vwap,TRANSITION_RESOLUTION,transition_resolution,LONG,962.8,963.9,962.3,963.9,960.6384353741496,2.37729633261836,965.3930280393862,955.8838427089128,NY_PM,UP,0.6018518518518481
USDCLP.mg,2025-07-18 19:00:00,2025-07-18 19:00:00,BLOCK,STATE=TRANSITION|QL=NONE|LF=NONE,,blocked,NONE,964.0,964.2,962.35,963.3,960.8656167979002,2.349401616803633,965.5644200315074,956.166813564293,NY_PM,UP,0.5462962962962907
USDCLP.mg,2025-07-18 20:00:00,2025-07-18 20:00:00,BLOCK,STATE=TRANSITION|QL=NONE|LF=NONE,,blocked,NONE,963.0,963.3,962.9,963.2,961.0021367521366,2.3577506649089743,965.7176380819544,956.2866354223188,NY_PM,UP,0.5420560747663592
USDCLP.mg,2025-07-18 21:00:00,2025-07-18 21:00:00,BLOCK,STATE=TRANSITION|QL=TRANSITION_UNCLASSIFIED|LF=LOOK_FOR_transition_dislocated_from_vwap,TRANSITION_RESOLUTION,transition_resolution,LONG,962.9,963.9,962.9,963.9,961.1324324324324,2.3692009435590022,965.8708343195505,956.3940305453144,NY_PM,UP,0.7647058823529411
USDCLP.mg,2025-07-21 14:00:00,2025-07-21 14:00:00,ALLOW,STATE=TRANSITION|QL=TRANSITION_UNCLASSIFIED|LF=LOOK_FOR_transition_repricing_near_vwap,TRANSITION_PERSISTENCE,transition_persistence,SHORT,959.6,959.95,958.75,958.9,959.2,2.369002738142507,963.938005476285,954.4619945237148,NY,DOWN,0.2205882352941154
USDCLP.mg,2025-07-21 15:00:00,2025-07-21 15:00:00,ALLOW,STATE=TRANSITION|QL=TRANSITION_UNCLASSIFIED|LF=LOOK_FOR_transition_repricing_near_vwap,TRANSITION_PERSISTENCE,transition_persistence,SHORT,959.0,960.65,959.0,960.55,959.7995884773662,2.364858251621943,964.5293049806102,955.0698719741224,NY,DOWN,0.4632352941176391
USDCLP.mg,2025-07-21 16:00:00,2025-07-21 16:00:00,ALLOW,STATE=TRANSITION|QL=TRANSITION_UNCLASSIFIED|LF=LOOK_FOR_transition_repricing_near_vwap,TRANSITION_PERSISTENCE,transition_persistence,SHORT,960.5,960.5,957.7,957.8,959.1882616487457,2.346072499407753,963.880406647561,954.49611664993,NY,DOWN,0.0588235294117607
USDCLP.mg,2025-07-21 17:00:00,2025-07-21 17:00:00,BLOCK,STATE=TRANSITION|QL=TRANSITION_UNCLASSIFIED|LF=LOOK_FOR_transition_dislocated_from_vwap,TRANSITION_RESOLUTION,transition_resolution,SHORT,957.9,958.0,954.9,955.8,958.4407789232532,2.387539710032482,963.215858343318,953.6656995031882,NY,DOWN,0.0967741935483839
USDCLP.mg,2025-07-21 18:00:00,2025-07-21 18:00:00,BLOCK,STATE=TRANSITION|QL=TRANSITION_UNCLASSIFIED|LF=LOOK_FOR_transition_dislocated_from_vwap,TRANSITION_RESOLUTION,transition_resolution,SHORT,955.9,955.9,951.6,953.5,957.594739057239,2.476617292644863,962.5479736425287,952.6415044719494,NY_PM,DOWN,0.1507936507936487
USDCLP.mg,2025-07-21 19:00:00,2025-07-21 19:00:00,BLOCK,STATE=TRANSITION|QL=NONE|LF=NONE,,blocked,NONE,953.3,954.4,953.0,953.9,957.1312707917498,2.530423541637825,962.1921178750256,952.070423708474,NY_PM,DOWN,0.1825396825396786
USDCLP.mg,2025-07-21 20:00:00,2025-07-21 20:00:00,BLOCK,STATE=TRANSITION|QL=NONE|LF=NONE,,blocked,NONE,954.3,954.4,954.0,954.2,956.8457370737073,2.565367869836473,961.9764728133802,951.7150013340344,NY_PM,DOWN,0.2063492063492077
USDCLP.mg,2025-07-21 21:00:00,2025-07-21 21:00:00,BLOCK,STATE=TRANSITION|QL=NONE|LF=NONE,,blocked,NONE,954.4,954.5,953.35,953.35,956.6026957337084,2.6170627381634204,961.8368212100352,951.3685702573814,NY_PM,DOWN,0.1388888888888886
USDCLP.mg,2025-07-21 22:00:00,2025-07-21 22:00:00,BLOCK,STATE=TRANSITION|QL=NONE|LF=NONE,,blocked,NONE,953.45,954.25,953.3,953.4,956.4243464052288,2.6597137773134394,961.7437739598556,951.1049188506018,NY_PM,DOWN,0.142857142857139
USDCLP.mg,2025-07-22 14:00:00,2025-07-22 14:00:00,BLOCK,STATE=TRANSITION|QL=NONE|LF=NONE,,blocked,NONE,954.6,955.5,954.1,954.45,954.6833333333334,2.6586176932819043,960.0005687198972,949.3660979467696,NY,DOWN,0.2317073170731734
USDCLP.mg,2025-07-22 15:00:00,2025-07-22 15:00:00,BLOCK,STATE=TRANSITION|QL=NONE|LF=NONE,,blocked,NONE,954.4,954.6,951.3,953.5,953.688523644752,2.6192628622686094,958.9270493692892,948.4499979202149,NY,FLAT,0.1746031746031779
USDCLP.mg,2025-07-22 16:00:00,2025-07-22 16:00:00,BLOCK,STATE=TRANSITION|QL=NONE|LF=NONE,,blocked,NONE,953.55,955.4,952.15,953.05,953.5018034825872,2.610927545154487,958.723658572896,948.279948392278,NY,DOWN,0.187165775401069
USDCLP.mg,2025-07-22 17:00:00,2025-07-22 17:00:00,BLOCK,STATE=TRANSITION|QL=NONE|LF=NONE,,blocked,NONE,953.1,954.35,951.6,952.3,953.3540229885056,2.6157372123969744,958.5854974132995,948.1225485637116,NY,DOWN,0.1069518716577537
USDCLP.mg,2025-07-22 18:00:00,2025-07-22 18:00:00,BLOCK,STATE=TREND|QL=NONE|LF=NONE,,blocked,NONE,952.4,954.5,951.3,951.6,953.2211650485436,2.617109352439051,958.4553837534218,947.9869463436656,NY_PM,DOWN,0.0326086956521811
USDCLP.mg,2025-07-22 19:00:00,2025-07-22 19:00:00,BLOCK,STATE=TREND|QL=NONE|LF=NONE,,blocked,NONE,951.6,953.0,949.3,950.4,952.9333855390236,2.627422890460466,958.1882313199444,947.6785397581026,NY_PM,DOWN,0.1264367816091973
USDCLP.mg,2025-07-22 20:00:00,2025-07-22 20:00:00,BLOCK,STATE=TREND|QL=NONE|LF=NONE,,blocked,NONE,950.5,951.4,950.4,951.1,952.7767060367452,2.6377164250393017,958.0521388868236,947.5012731866666,NY_PM,DOWN,0.2727272727272821
USDCLP.mg,2025-07-22 21:00:00,2025-07-22 21:00:00,BLOCK,STATE=TREND|QL=NONE|LF=NONE,,blocked,NONE,950.9,950.9,949.9,949.9,952.6079427818556,2.653508071123875,957.9149589241034,947.3009266396078,NY_PM,DOWN,0.09677419354839
USDCLP.mg,2025-07-22 22:00:00,2025-07-22 22:00:00,BLOCK,STATE=TREND|QL=NONE|LF=NONE,,blocked,NONE,949.7,950.1,949.4,949.8,952.4764122893952,2.617075046599513,957.7105623825944,947.2422621961964,NY_PM,DOWN,0.080645161290322
USDCLP.mg,2025-07-23 14:00:00,2025-07-23 14:00:00,BLOCK,STATE=TREND|QL=NONE|LF=NONE,,blocked,NONE,948.7,949.1,948.6,949.0,948.9,2.3990807743413587,953.6981615486826,944.1018384513172,NY,DOWN,0.0579710144927505
USDCLP.mg,2025-07-23 15:00:00,2025-07-23 15:00:00,BLOCK,STATE=TREND|QL=NONE|LF=NONE,,blocked,NONE,948.7,950.5,948.4,949.5,949.395145631068,2.353298695668768,954.1017430224056,944.6885482397304,NY,DOWN,0.1549295774647914
USDCLP.mg,2025-07-23 16:00:00,2025-07-23 16:00:00,BLOCK,STATE=TREND|QL=NONE|LF=NONE,,blocked,NONE,949.65,950.3,947.6,949.2,949.257512953368,2.346967187379996,953.951447328128,944.563578578608,NY,DOWN,0.2025316455696237
USDCLP.mg,2025-07-23 17:00:00,2025-07-23 17:00:00,BLOCK,STATE=TREND|QL=NONE|LF=NONE,,blocked,NONE,949.1,949.2,947.5,947.5,949.0166077738515,2.337818802148397,953.6922453781484,944.3409701695548,NY,DOWN,0.0
USDCLP.mg,2025-07-23 18:00:00,2025-07-23 18:00:00,BLOCK,STATE=TREND|QL=NONE|LF=NONE,,blocked,NONE,947.2,949.0,946.1,948.65,948.8718498659516,2.3269416245255834,953.5257331150028,944.2179666169004,NY_PM,DOWN,0.2741935483870932
USDCLP.mg,2025-07-23 19:00:00,2025-07-23 19:00:00,BLOCK,STATE=TREND|QL=NONE|LF=NONE,,blocked,NONE,948.7,949.5,948.0,948.4,948.76717062635,2.323661985033048,953.414494596416,944.1198466562838,NY_PM,DOWN,0.2738095238095191
USDCLP.mg,2025-07-23 20:00:00,2025-07-23 20:00:00,BLOCK,STATE=TREND|QL=NONE|LF=NONE,,blocked,NONE,948.4,948.9,948.4,948.9,948.7236889692584,2.325205920123682,953.374100809506,944.0732771290112,NY_PM,FLAT,0.3333333333333288
USDCLP.mg,2025-07-23 21:00:00,2025-07-23 21:00:00,BLOCK,STATE=TREND|QL=NONE|LF=NONE,,blocked,NONE,949.0,949.0,948.5,948.6,948.6783825816484,2.32371141004782,953.325805401744,944.0309597615528,NY_PM,DOWN,0.3623188405797113
USDCLP.mg,2025-07-23 22:00:00,2025-07-23 22:00:00,ALLOW,STATE=TRANSITION|QL=TRANSITION_UNCLASSIFIED|LF=LOOK_FOR_transition_repricing_near_vwap,TRANSITION_PERSISTENCE,transition_persistence,SHORT,948.4,948.4,948.1,948.4,948.6360163710776,2.2849821564846025,953.205980684047,944.0660520581084,NY_PM,DOWN,0.4339622641509385
USDCLP.mg,2025-07-24 14:00:00,2025-07-24 14:00:00,ALLOW,STATE=TRANSITION|QL=TRANSITION_UNCLASSIFIED|LF=LOOK_FOR_transition_repricing_near_vwap,TRANSITION_PERSISTENCE,transition_persistence,LONG,952.3,953.1,951.9,953.1,952.7,2.194225984756454,957.0884519695128,948.3115480304872,NY,UP,1.0
USDCLP.mg,2025-07-24 15:00:00,2025-07-24 15:00:00,ALLOW,STATE=TRANSITION|QL=TRANSITION_UNCLASSIFIED|LF=LOOK_FOR_transition_repricing_near_vwap,TRANSITION_PERSISTENCE,transition_persistence,LONG,952.9,952.9,950.8,952.1,952.140562248996,2.0634001008271645,956.2673624506502,948.0137620473416,NY,UP,0.8571428571428571
USDCLP.mg,2025-07-24 16:00:00,2025-07-24 16:00:00,ALLOW,STATE=TRANSITION|QL=TRANSITION_UNCLASSIFIED|LF=LOOK_FOR_transition_repricing_near_vwap,TRANSITION_PERSISTENCE,transition_persistence,LONG,952.0,952.6,949.8,950.7,951.7227678571428,2.0499620059158965,955.8226918689747,947.6228438453112,NY,UP,0.6571428571428604
USDCLP.mg,2025-07-24 17:00:00,2025-07-24 17:00:00,BLOCK,STATE=TRANSITION|QL=NONE|LF=NONE,,blocked,NONE,950.5,952.2,950.5,951.8,951.6747552807832,2.033669425500285,955.7420941317836,947.6074164297823,NY,UP,0.8142857142857045
USDCLP.mg,2025-07-24 18:00:00,2025-07-24 18:00:00,BLOCK,STATE=BALANCE|QL=NONE|LF=NONE,,blocked,NONE,952.0,952.0,948.6,949.45,951.3709810874705,2.017045729723355,955.4050725469172,947.3368896280238,NY_PM,UP,0.4785714285714318
USDCLP.mg,2025-07-24 19:00:00,2025-07-24 19:00:00,BLOCK,STATE=BALANCE|QL=NONE|LF=NONE,,blocked,NONE,949.65,950.3,949.15,949.75,951.2019457735248,1.9959730897653511,955.1938919530554,947.209999593994,NY_PM,UP,0.5214285714285681
USDCLP.mg,2025-07-24 20:00:00,2025-07-24 20:00:00,BLOCK,STATE=TRANSITION|QL=NONE|LF=NONE,,blocked,NONE,949.45,951.0,949.35,950.4,951.1216505894962,1.995208257864049,955.1120671052242,947.1312340737682,NY_PM,DOWN,0.6142857142857078
USDCLP.mg,2025-07-24 21:00:00,2025-07-24 21:00:00,BLOCK,STATE=BALANCE|QL=NONE|LF=NONE,,blocked,NONE,950.0,950.0,949.8,949.8,951.0359205359204,1.9930633028220397,955.0220471415646,947.0497939302765,NY_PM,DOWN,0.3529411764705777
USDCLP.mg,2025-07-24 22:00:00,2025-07-24 22:00:00,BLOCK,STATE=BALANCE|QL=NONE|LF=NONE,,blocked,NONE,949.7,949.9,949.4,949.9,950.9750101502232,1.992854391994021,954.9607189342112,946.9893013662352,NY_PM,DOWN,0.3599999999999909
USDCLP.mg,2025-07-25 14:00:00,2025-07-25 14:00:00,BLOCK,STATE=TRANSITION|QL=NONE|LF=NONE,,blocked,NONE,953.0,953.8,952.6,953.5,953.3,1.9978713636537928,957.2957427273076,949.3042572726924,NY,UP,0.947368421052639
USDCLP.mg,2025-07-25 15:00:00,2025-07-25 15:00:00,BLOCK,STATE=TRANSITION|QL=NONE|LF=NONE,,blocked,NONE,954.1,955.45,953.45,954.9,954.191425120773,2.004698376956193,958.2008218746854,950.1820283668608,NY,UP,0.9251700680272018
USDCLP.mg,2025-07-25 16:00:00,2025-07-25 16:00:00,BLOCK,STATE=TRANSITION|QL=NONE|LF=NONE,,blocked,NONE,955.0,959.0,954.6,957.8,955.254375804376,1.9740565657252804,959.2024889358264,951.3062626729252,NY,UP,0.88461538461538
USDCLP.mg,2025-07-25 17:00:00,2025-07-25 17:00:00,BLOCK,STATE=TRANSITION|QL=NONE|LF=NONE,,blocked,NONE,957.7,958.75,956.0,957.4,955.5979385964912,1.9412767041956336,959.4804920048824,951.7153851881,NY,UP,0.8461538461538436
USDCLP.mg,2025-07-25 18:00:00,2025-07-25 18:00:00,BLOCK,STATE=TRANSITION|QL=NONE|LF=NONE,,blocked,NONE,957.4,960.3,956.2,959.25,956.0291417165668,1.924218980234808,959.8775796770364,952.1807037560972,NY_PM,UP,0.9102564102564136
USDCLP.mg,2025-07-25 19:00:00,2025-07-25 19:00:00,BLOCK,STATE=TRANSITION|QL=NONE|LF=NONE,,blocked,NONE,959.25,962.7,959.1,961.95,956.623285101822,1.9647897242363976,960.552864550295,952.6937056533492,NY_PM,UP,0.946808510638298
USDCLP.mg,2025-07-25 20:00:00,2025-07-25 20:00:00,BLOCK,STATE=TRANSITION|QL=NONE|LF=NONE,,blocked,NONE,962.0,962.2,961.95,962.2,957.0374831763122,2.1081963728120168,961.2538759219362,952.8210904306882,NY_PM,UP,0.9645390070921986
USDCLP.mg,2025-07-25 21:00:00,2025-07-25 21:00:00,BLOCK,STATE=TRANSITION|QL=NONE|LF=NONE,,blocked,NONE,962.15,963.05,962.15,962.9,957.3846836419754,2.255822958370158,961.8963295587156,952.873037725235,NY_PM,UP,0.9892086330935268
USDCLP.mg,2025-07-28 14:00:00,2025-07-28 14:00:00,ALLOW,STATE=TRANSITION|QL=TRANSITION_UNCLASSIFIED|LF=LOOK_FOR_transition_repricing_near_vwap,TRANSITION_PERSISTENCE,transition_persistence,LONG,964.9,967.6,964.8,966.9,966.4333333333334,2.2432268969652838,970.919787127264,961.9468795394027,NY,UP,0.9616438356164358
USDCLP.mg,2025-07-28 15:00:00,2025-07-28 15:00:00,BLOCK,STATE=TRANSITION|QL=NONE|LF=NONE,,blocked,NONE,966.8,969.0,965.4,968.6,967.240625,2.216697747911871,971.6740204958238,962.8072295041762,NY,UP,0.9795918367346952
USDCLP.mg,2025-07-28 16:00:00,2025-07-28 16:00:00,BLOCK,STATE=TRANSITION|QL=NONE|LF=NONE,,blocked,NONE,968.5,971.4,968.5,970.8,968.310612244898,2.195381509846592,972.7013752645912,963.9198492252048,NY,UP,0.9727272727272716
USDCLP.mg,2025-07-28 17:00:00,2025-07-28 17:00:00,BLOCK,STATE=TREND|QL=NONE|LF=NONE,,blocked,NONE,970.7,972.4,970.3,971.5,968.7856175972928,2.202366514891208,973.1903506270752,964.3808845675104,NY,UP,0.9545454545454556
USDCLP.mg,2025-07-28 18:00:00,2025-07-28 18:00:00,BLOCK,STATE=TREND|QL=NONE|LF=NONE,,blocked,NONE,971.45,971.95,968.5,970.0,968.8627378759976,2.184714966801764,973.2321678096012,964.493307942394,NY_PM,UP,0.8733509234828504
USDCLP.mg,2025-07-28 19:00:00,2025-07-28 19:00:00,BLOCK,STATE=TRANSITION|QL=NONE|LF=NONE,,blocked,NONE,970.1,970.3,968.8,969.15,968.845640655106,2.1454180826846967,973.1364768204752,964.5548044897366,NY_PM,UP,0.8174157303370782
USDCLP.mg,2025-07-28 20:00:00,2025-07-28 20:00:00,ALLOW,STATE=TRANSITION|QL=TRANSITION_UNCLASSIFIED|LF=LOOK_FOR_transition_repricing_near_vwap,TRANSITION_PERSISTENCE,transition_persistence,LONG,969.05,969.9,968.9,969.5,968.85527150218,2.148507890087552,973.152287282355,964.5582557220048,NY_PM,UP,0.8231707317073182
USDCLP.mg,2025-07-28 21:00:00,2025-07-28 21:00:00,ALLOW,STATE=TRANSITION|QL=TRANSITION_UNCLASSIFIED|LF=LOOK_FOR_transition_repricing_near_vwap,TRANSITION_PERSISTENCE,transition_persistence,SHORT,969.6,969.6,967.7,967.7,968.7717003367004,2.148164583630278,973.0680295039608,964.4753711694398,NY_PM,DOWN,0.7098765432098796
USDCLP.mg,2025-07-28 22:00:00,2025-07-28 22:00:00,ALLOW,STATE=TRANSITION|QL=TRANSITION_UNCLASSIFIED|LF=LOOK_FOR_transition_repricing_near_vwap,TRANSITION_PERSISTENCE,transition_persistence,SHORT,967.9,967.9,967.3,967.4,968.6969124963416,2.147170846641597,972.9912541896248,964.4025708030586,NY_PM,DOWN,0.6240601503759385
USDCLP.mg,2025-07-29 14:00:00,2025-07-29 14:00:00,ALLOW,STATE=TRANSITION|QL=TRANSITION_UNCLASSIFIED|LF=LOOK_FOR_transition_repricing_near_vwap,TRANSITION_PERSISTENCE,transition_persistence,SHORT,969.5,970.3,968.5,969.65,969.4833333333332,2.118473823208196,973.7202809797498,965.2463856869168,NY,DOWN,0.7368421052631562
USDCLP.mg,2025-07-29 15:00:00,2025-07-29 15:00:00,ALLOW,STATE=TRANSITION|QL=TRANSITION_UNCLASSIFIED|LF=LOOK_FOR_transition_repricing_near_vwap,TRANSITION_PERSISTENCE,transition_persistence,SHORT,969.6,970.3,968.7,969.5,969.4449925261584,2.040249576965637,973.5254916800898,965.3644933722272,NY,DOWN,0.7170731707317095
USDCLP.mg,2025-07-29 16:00:00,2025-07-29 16:00:00,ALLOW,STATE=TRANSITION|QL=TRANSITION_UNCLASSIFIED|LF=LOOK_FOR_transition_repricing_near_vwap,TRANSITION_PERSISTENCE,transition_persistence,LONG,969.5,972.05,967.5,971.6,969.8874802527646,2.002762811437166,973.8930058756388,965.8819546298904,NY,UP,0.8947368421052695
USDCLP.mg,2025-07-29 17:00:00,2025-07-29 17:00:00,BLOCK,STATE=TRANSITION|QL=NONE|LF=NONE,,blocked,NONE,971.55,971.9,969.6,969.75,969.8467032967033,1.9650600475995592,973.7768233919024,965.9165832015042,NY,UP,0.6214285714285747
USDCLP.mg,2025-07-29 18:00:00,2025-07-29 18:00:00,BLOCK,STATE=BALANCE|QL=NONE|LF=NONE,,blocked,NONE,969.8,970.6,968.7,970.0,969.8475352112677,1.9048567399519576,973.6572486911716,966.0378217313636,NY_PM,UP,0.5294117647058889
USDCLP.mg,2025-07-29 19:00:00,2025-07-29 19:00:00,BLOCK,STATE=BALANCE|QL=NONE|LF=NONE,,blocked,NONE,970.1,971.65,970.0,970.4,969.8748984692284,1.8490764645699405,973.5730513983682,966.1767455400884,NY_PM,UP,0.6078431372549037
USDCLP.mg,2025-07-29 20:00:00,2025-07-29 20:00:00,BLOCK,STATE=BALANCE|QL=NONE|LF=NONE,,blocked,NONE,970.45,970.6,970.4,970.6,969.9042641705668,1.8489810003389977,973.6022261712448,966.2063021698888,NY_PM,UP,0.6947368421052775
USDCLP.mg,2025-07-29 21:00:00,2025-07-29 21:00:00,BLOCK,STATE=BALANCE|QL=NONE|LF=NONE,,blocked,NONE,970.5,970.5,970.5,970.5,969.9204074816298,1.8484557220916504,973.6173189258132,966.2234960374464,NY_PM,UP,0.6736842105263253
USDCLP.mg,2025-07-29 22:00:00,2025-07-29 22:00:00,BLOCK,STATE=BALANCE|QL=NONE|LF=NONE,,blocked,NONE,970.7,970.8,970.6,970.7,969.9408683800624,1.8468023876581317,973.6344731553786,966.247263604746,NY_PM,DOWN,0.7157894736842296
USDCLP.mg,2025-07-30 14:00:00,2025-07-30 14:00:00,ALLOW,STATE=TRANSITION|QL=TRANSITION_UNCLASSIFIED|LF=LOOK_FOR_transition_repricing_near_vwap,TRANSITION_PERSISTENCE,transition_persistence,LONG,976.3,977.8,976.3,977.6,977.2333333333332,1.8366125705504983,980.9065584744342,973.5601081922324,NY,UP,0.9809523809523876
USDCLP.mg,2025-07-30 15:00:00,2025-07-30 15:00:00,BLOCK,STATE=TRANSITION|QL=NONE|LF=NONE,,blocked,NONE,977.5,980.9,977.5,978.25,978.226803482587,1.8157883547674296,981.858380192122,974.595226773052,NY,UP,0.8051470588235314
USDCLP.mg,2025-07-30 16:00:00,2025-07-30 16:00:00,BLOCK,STATE=TRANSITION|QL=NONE|LF=NONE,,blocked,NONE,978.3,978.6,975.2,977.1,977.9871721049263,1.776935631175783,981.541043367278,974.4333008425748,NY,UP,0.7164179104477642
USDCLP.mg,2025-07-30 17:00:00,2025-07-30 17:00:00,BLOCK,STATE=TRANSITION|QL=NONE|LF=NONE,,blocked,NONE,976.9,979.4,976.8,978.0,978.0036419753086,1.7529368811410309,981.5095157375906,974.4977682130266,NY,UP,0.7835820895522402
USDCLP.mg,2025-07-30 18:00:00,2025-07-30 18:00:00,BLOCK,STATE=TRANSITION|QL=NONE|LF=NONE,,blocked,NONE,977.8,977.95,975.5,977.8,977.9939187139825,1.6966220816994777,981.3871628773812,974.6006745505832,NY_PM,UP,0.7686567164179083
USDCLP.mg,2025-07-30 19:00:00,2025-07-30 19:00:00,BLOCK,STATE=TREND|QL=NONE|LF=NONE,,blocked,NONE,977.9,979.0,977.7,978.6,978.0437680115274,1.634846676188775,981.3134613639048,974.7740746591498,NY_PM,UP,0.8114754098360683
USDCLP.mg,2025-07-30 20:00:00,2025-07-30 20:00:00,BLOCK,STATE=TREND|QL=NONE|LF=NONE,,blocked,NONE,978.3,981.3,975.0,978.4,978.0764360962036,1.6339465178335986,981.3443291318708,974.8085430605364,NY_PM,UP,0.76984126984127
USDCLP.mg,2025-07-30 21:00:00,2025-07-30 21:00:00,BLOCK,STATE=TREND|QL=NONE|LF=NONE,,blocked,NONE,978.5,981.6,977.9,981.4,978.2611987114276,1.673448085202761,981.6080948818332,974.914302541022,NY_PM,UP,0.9827586206896513
USDCLP.mg,2025-07-30 22:00:00,2025-07-30 22:00:00,BLOCK,STATE=TREND|QL=NONE|LF=NONE,,blocked,NONE,981.2,981.4,979.4,979.9,978.3345232815964,1.676228628951154,981.6869805394988,974.9820660236942,NY_PM,UP,0.8482142857142823
USDCLP.mg,2025-07-31 14:00:00,2025-07-31 14:00:00,BLOCK,STATE=TREND|QL=NONE|LF=NONE,,blocked,NONE,976.4,977.5,976.15,977.45,977.0333333333334,1.6477672691921712,980.3288678717178,973.7377987949492,NY,DOWN,0.626126126126129
USDCLP.mg,2025-07-31 15:00:00,2025-07-31 15:00:00,BLOCK,STATE=TREND|QL=NONE|LF=NONE,,blocked,NONE,977.6,982.7,977.3,981.1,979.6583333333332,1.6462212032512948,982.9507757398358,976.3658909268306,NY,UP,0.8677685950413206
USDCLP.mg,2025-07-31 16:00:00,2025-07-31 16:00:00,BLOCK,STATE=TRANSITION|QL=NONE|LF=NONE,,blocked,NONE,981.2,981.7,978.3,978.6,979.3772095959596,1.652662480429933,982.6825345568192,976.0718846350997,NY,FLAT,0.4675324675324677
USDCLP.mg,2025-07-31 17:00:00,2025-07-31 17:00:00,BLOCK,STATE=TRANSITION|QL=TRANSITION_UNCLASSIFIED|LF=LOOK_FOR_transition_dislocated_from_vwap,TRANSITION_RESOLUTION,transition_resolution,SHORT,978.8,979.0,972.0,972.0,978.0202845528456,1.905260945149077,981.8308064431436,974.2097626625474,NY,DOWN,0.0
USDCLP.mg,2025-07-31 18:00:00,2025-07-31 18:00:00,BLOCK,STATE=TRANSITION|QL=NONE|LF=NONE,,blocked,NONE,971.9,973.3,968.6,970.5,976.947092326139,2.1470030219647422,981.2410983700684,972.6530862822096,NY_PM,DOWN,0.1347517730496435
USDCLP.mg,2025-07-31 19:00:00,2025-07-31 19:00:00,BLOCK,STATE=TRANSITION|QL=NONE|LF=NONE,,blocked,NONE,970.6,973.0,968.9,971.6,976.3965574548909,2.2697597754714294,980.9360770058336,971.857037903948,NY_PM,DOWN,0.2127659574468081
USDCLP.mg,2025-07-31 20:00:00,2025-07-31 20:00:00,BLOCK,STATE=TRANSITION|QL=NONE|LF=NONE,,blocked,NONE,971.5,971.9,971.4,971.9,976.0528105345912,2.35737863392912,980.7675678024494,971.338053266733,NY_PM,DOWN,0.2340425531914857
USDCLP.mg,2025-07-31 21:00:00,2025-07-31 21:00:00,BLOCK,STATE=TRANSITION|QL=NONE|LF=NONE,,blocked,NONE,971.7,972.0,971.6,972.0,975.814939637827,2.4266069424516816,980.6681535227304,970.9617257529236,NY_PM,DOWN,0.2411347517730476
USDCLP.mg,2025-07-31 22:00:00,2025-07-31 22:00:00,BLOCK,STATE=TRANSITION|QL=NONE|LF=NONE,,blocked,NONE,972.4,972.5,972.15,972.2,975.6465350877194,2.4749398490534045,980.596414785826,970.6966553896126,NY_PM,DOWN,0.2553191489361714
USDCLP.mg,2025-08-01 14:00:00,2025-08-01 14:00:00,ALLOW,STATE=TRANSITION|QL=TRANSITION_UNCLASSIFIED|LF=LOOK_FOR_transition_repricing_near_vwap,TRANSITION_PERSISTENCE,transition_persistence,SHORT,967.6,967.6,965.2,965.5,966.1,2.4771272983196555,971.0542545966392,961.1457454033608,NY,DOWN,0.0171428571428545
USDCLP.mg,2025-08-01 15:00:00,2025-08-01 15:00:00,BLOCK,STATE=TRANSITION|QL=NONE|LF=NONE,,blocked,NONE,965.6,966.1,963.4,966.1,965.7887029288704,2.459622165905101,970.7079472606804,960.86945859706,NY,DOWN,0.1398963730569966
USDCLP.mg,2025-08-01 16:00:00,2025-08-01 16:00:00,BLOCK,STATE=TRANSITION|QL=NONE|LF=NONE,,blocked,NONE,966.1,968.4,965.2,967.45,966.0747911921032,2.4541600261095984,970.9831112443223,961.166471139884,NY,DOWN,0.209844559585495
USDCLP.mg,2025-08-01 17:00:00,2025-08-01 17:00:00,BLOCK,STATE=TRANSITION|QL=NONE|LF=NONE,,blocked,NONE,967.35,969.2,966.4,966.95,966.235531400966,2.4512868245432258,971.1381050500526,961.3329577518796,NY,DOWN,0.1839378238341997
USDCLP.mg,2025-08-01 18:00:00,2025-08-01 18:00:00,BLOCK,STATE=TREND|QL=NONE|LF=NONE,,blocked,NONE,966.9,968.4,965.1,967.9,966.4018654114366,2.447928187593884,971.2977217866244,961.5060090362488,NY_PM,DOWN,0.2459016393442613
USDCLP.mg,2025-08-01 19:00:00,2025-08-01 19:00:00,BLOCK,STATE=TREND|QL=NONE|LF=NONE,,blocked,NONE,967.7,969.8,967.6,968.7,966.5973677032188,2.452589891693484,971.5025474866056,961.6921879198318,NY_PM,DOWN,0.3397435897435936
USDCLP.mg,2025-08-01 20:00:00,2025-08-01 20:00:00,ALLOW,STATE=TRANSITION|QL=TRANSITION_UNCLASSIFIED|LF=LOOK_FOR_transition_repricing_near_vwap,TRANSITION_PERSISTENCE,transition_persistence,LONG,968.8,969.1,968.3,968.4,966.7050963261648,2.459583821326784,971.6242639688184,961.7859286835112,NY_PM,UP,0.5050505050505062
USDCLP.mg,2025-08-01 21:00:00,2025-08-01 21:00:00,ALLOW,STATE=TRANSITION|QL=TRANSITION_UNCLASSIFIED|LF=LOOK_FOR_transition_repricing_near_vwap,TRANSITION_PERSISTENCE,transition_persistence,LONG,968.3,968.7,968.2,968.7,966.7953154694032,2.4684535159188385,971.7322225012408,961.8584084375656,NY_PM,UP,0.5520833333333391
USDCLP.mg,2025-08-04 14:00:00,2025-08-04 14:00:00,BLOCK,STATE=TREND|QL=NONE|LF=NONE,,blocked,NONE,964.85,964.9,963.0,963.0,963.6333333333332,2.45356797790119,968.5404692891356,958.726197377531,NY,DOWN,0.0
USDCLP.mg,2025-08-04 15:00:00,2025-08-04 15:00:00,BLOCK,STATE=TREND|QL=NONE|LF=NONE,,blocked,NONE,963.1,963.1,960.9,961.8,962.7381609195402,2.451295433525268,967.6407517865908,957.8355700524896,NY,DOWN,0.0775862068965496
USDCLP.mg,2025-08-04 16:00:00,2025-08-04 16:00:00,ALLOW,STATE=TRANSITION|QL=TRANSITION_UNCLASSIFIED|LF=LOOK_FOR_transition_repricing_near_vwap,TRANSITION_PERSISTENCE,transition_persistence,SHORT,961.7,966.1,961.4,965.4,963.55698005698,2.425454365630316,968.4078887882408,958.7060713257192,NY,DOWN,0.3879310344827578
USDCLP.mg,2025-08-04 17:00:00,2025-08-04 17:00:00,BLOCK,STATE=TRANSITION|QL=NONE|LF=NONE,,blocked,NONE,965.3,966.1,962.9,963.5,963.535906642729,2.31360354541998,968.1631137335688,958.908699551889,NY,DOWN,0.2921348314606775
USDCLP.mg,2025-08-04 18:00:00,2025-08-04 18:00:00,BLOCK,STATE=BALANCE|QL=NONE|LF=NONE,,blocked,NONE,963.6,965.5,962.8,965.1,963.6702053298384,2.206988398026046,968.0841821258904,959.2562285337864,NY_PM,DOWN,0.4719101123595569
USDCLP.mg,2025-08-04 19:00:00,2025-08-04 19:00:00,BLOCK,STATE=BALANCE|QL=NONE|LF=NONE,,blocked,NONE,965.2,965.3,964.2,964.4,963.6977984176128,2.0662433751196305,967.830285167852,959.5653116673734,NY_PM,DOWN,0.3932584269662931
USDCLP.mg,2025-08-04 20:00:00,2025-08-04 20:00:00,BLOCK,STATE=BALANCE|QL=NONE|LF=NONE,,blocked,NONE,964.3,965.1,964.3,965.0,963.750780141844,2.072810170888859,967.8964004836218,959.6051598000664,NY_PM,UP,0.4606741573033745
USDCLP.mg,2025-08-04 21:00:00,2025-08-04 21:00:00,BLOCK,STATE=BALANCE|QL=NONE|LF=NONE,,blocked,NONE,965.2,965.4,965.2,965.4,963.8078445570842,2.076150462923912,967.960145482932,959.6555436312364,NY_PM,UP,0.5056179775280912
USDCLP.mg,2025-08-04 22:00:00,2025-08-04 22:00:00,BLOCK,STATE=BALANCE|QL=NONE|LF=NONE,,blocked,NONE,965.45,965.9,965.45,965.7,963.863074984247,2.0623137893551204,967.9877025629572,959.7384474055368,NY_PM,UP,0.5393258426966383
USDCLP.mg,2025-08-05 14:00:00,2025-08-05 14:00:00,ALLOW,STATE=TRANSITION|QL=TRANSITION_UNCLASSIFIED|LF=LOOK_FOR_transition_repricing_near_vwap,TRANSITION_PERSISTENCE,transition_persistence,LONG,967.7,967.8,964.6,965.25,965.8833333333334,2.0266381568824605,969.9366096470984,961.8300570195684,NY,UP,0.5304878048780486
USDCLP.mg,2025-08-05 15:00:00,2025-08-05 15:00:00,ALLOW,STATE=TRANSITION|QL=TRANSITION_UNCLASSIFIED|LF=LOOK_FOR_transition_repricing_near_vwap,TRANSITION_PERSISTENCE,transition_persistence,SHORT,965.25,966.4,963.75,964.4,965.411111111111,2.023496759537684,969.4581046301864,961.3641175920357,NY,DOWN,0.4487179487179448
USDCLP.mg,2025-08-05 16:00:00,2025-08-05 16:00:00,ALLOW,STATE=TRANSITION|QL=TRANSITION_UNCLASSIFIED|LF=LOOK_FOR_transition_repricing_near_vwap,TRANSITION_PERSISTENCE,transition_persistence,LONG,964.3,966.1,963.4,965.5,965.4888888888888,2.022715305093949,969.5343194990768,961.443458278701,NY,UP,0.6666666666666722
USDCLP.mg,2025-08-05 17:00:00,2025-08-05 17:00:00,BLOCK,STATE=BALANCE|QL=NONE|LF=NONE,,blocked,NONE,965.6,967.1,964.2,966.55,965.6379336349924,2.0251012559516424,969.6881361468955,961.587731123089,NY,UP,0.8188405797101443
USDCLP.mg,2025-08-05 18:00:00,2025-08-05 18:00:00,ALLOW,STATE=TRANSITION|QL=TRANSITION_UNCLASSIFIED|LF=LOOK_FOR_transition_repricing_near_vwap,TRANSITION_PERSISTENCE,transition_persistence,LONG,966.6,968.5,966.2,966.7,965.7831655480984,2.02523555521892,969.8336366585364,961.7326944376608,NY_PM,UP,0.7464788732394438
USDCLP.mg,2025-08-05 19:00:00,2025-08-05 19:00:00,ALLOW,STATE=TRANSITION|QL=TRANSITION_UNCLASSIFIED|LF=LOOK_FOR_transition_repricing_near_vwap,TRANSITION_PERSISTENCE,transition_persistence,LONG,966.8,967.2,965.0,965.9,965.814,2.0174860166198454,969.8489720332396,961.7790279667604,NY_PM,UP,0.5438596491228067
USDCLP.mg,2025-08-05 20:00:00,2025-08-05 20:00:00,ALLOW,STATE=TRANSITION|QL=TRANSITION_UNCLASSIFIED|LF=LOOK_FOR_transition_repricing_near_vwap,TRANSITION_PERSISTENCE,transition_persistence,LONG,965.8,965.9,965.7,965.7,965.8229719764012,2.017306304484121,969.8575845853694,961.7883593674328,NY_PM,UP,0.5087719298245733
USDCLP.mg,2025-08-05 21:00:00,2025-08-05 21:00:00,ALLOW,STATE=TRANSITION|QL=TRANSITION_UNCLASSIFIED|LF=LOOK_FOR_transition_repricing_near_vwap,TRANSITION_PERSISTENCE,transition_persistence,LONG,965.8,965.8,965.4,965.4,965.8147763074984,2.017937361553194,969.8506510306048,961.778901584392,NY_PM,UP,0.3921568627450963
USDCLP.mg,2025-08-05 22:00:00,2025-08-05 22:00:00,ALLOW,STATE=TRANSITION|QL=TRANSITION_UNCLASSIFIED|LF=LOOK_FOR_transition_repricing_near_vwap,TRANSITION_PERSISTENCE,transition_persistence,LONG,965.5,966.0,965.5,965.9,965.8298404840484,2.0019360949717053,969.833712673992,961.8259682941052,NY_PM,UP,0.4901960784313703
USDCLP.mg,2025-08-06 14:00:00,2025-08-06 14:00:00,BLOCK,STATE=TREND|QL=NONE|LF=NONE,,blocked,NONE,978.3,978.7,977.0,978.1,977.9333333333334,2.002250130291227,981.9378335939158,973.928833072751,NY,UP,0.9607843137254888
USDCLP.mg,2025-08-06 15:00:00,2025-08-06 15:00:00,BLOCK,STATE=TREND|QL=NONE|LF=NONE,,blocked,NONE,977.9,978.2,974.9,975.2,976.5106957424716,2.009471975072375,980.5296396926162,972.4917517923268,NY,UP,0.7712418300653605
USDCLP.mg,2025-08-06 16:00:00,2025-08-06 16:00:00,ALLOW,STATE=TRANSITION|QL=TRANSITION_UNCLASSIFIED|LF=LOOK_FOR_transition_repricing_near_vwap,TRANSITION_PERSISTENCE,transition_persistence,LONG,975.3,976.1,972.8,975.2,976.0759663865546,2.010223123996209,980.0964126345468,972.0555201385622,NY,UP,0.7712418300653605
USDCLP.mg,2025-08-06 17:00:00,2025-08-06 17:00:00,BLOCK,STATE=TREND|QL=NONE|LF=NONE,,blocked,NONE,975.25,977.7,974.0,977.4,976.1467816091954,2.0164704414635493,980.1797224921224,972.1138407262684,NY,UP,0.915032679738558
USDCLP.mg,2025-08-06 18:00:00,2025-08-06 18:00:00,BLOCK,STATE=TREND|QL=NONE|LF=NONE,,blocked,NONE,977.3,978.6,976.8,977.6,976.1995924308588,2.0256480623532167,980.2508885555652,972.1482963061522,NY_PM,UP,0.9281045751633976
USDCLP.mg,2025-08-06 19:00:00,2025-08-06 19:00:00,BLOCK,STATE=TREND|QL=NONE|LF=NONE,,blocked,NONE,977.7,978.3,975.1,975.4,976.0899295774648,2.0233376057506254,980.136604788966,972.0432543659635,NY_PM,UP,0.7724137931034436
USDCLP.mg,2025-08-06 20:00:00,2025-08-06 20:00:00,BLOCK,STATE=TREND|QL=NONE|LF=NONE,,blocked,NONE,975.0,975.4,974.7,975.3,976.010442477876,2.023588089885605,980.0576186576473,971.9632662981048,NY_PM,DOWN,0.7518248175182424
USDCLP.mg,2025-08-06 21:00:00,2025-08-06 21:00:00,BLOCK,STATE=TREND|QL=NONE|LF=NONE,,blocked,NONE,975.25,975.3,974.5,974.5,975.9159221658208,2.0311554684615203,979.9782331027436,971.8536112288976,NY_PM,DOWN,0.6934306569343043
USDCLP.mg,2025-08-06 22:00:00,2025-08-06 22:00:00,BLOCK,STATE=TREND|QL=NONE|LF=NONE,,blocked,NONE,974.9,975.4,973.85,973.9,975.8200593912396,2.0436216964020253,979.9073027840436,971.7328159984356,NY_PM,DOWN,0.639097744360899
USDCLP.mg,2025-08-07 14:00:00,2025-08-07 14:00:00,ALLOW,STATE=TRANSITION|QL=TRANSITION_UNCLASSIFIED|LF=LOOK_FOR_transition_repricing_near_vwap,TRANSITION_PERSISTENCE,transition_persistence,SHORT,974.7,975.1,974.5,974.7,974.7666666666668,2.043511855281576,978.85369037723,970.6796429561036,NY,DOWN,0.6992481203007535
USDCLP.mg,2025-08-07 15:00:00,2025-08-07 15:00:00,ALLOW,STATE=TRANSITION|QL=TRANSITION_UNCLASSIFIED|LF=LOOK_FOR_transition_repricing_near_vwap,TRANSITION_PERSISTENCE,transition_persistence,SHORT,974.5,974.5,972.55,973.5,973.9044150110376,2.0436942323472485,977.991803475732,969.8170265463432,NY,DOWN,0.606060606060604
USDCLP.mg,2025-08-07 16:00:00,2025-08-07 16:00:00,ALLOW,STATE=TRANSITION|QL=TRANSITION_UNCLASSIFIED|LF=LOOK_FOR_transition_repricing_near_vwap,TRANSITION_PERSISTENCE,transition_persistence,SHORT,973.6,975.1,972.1,972.3,973.39875,2.044358442849891,977.4874668857,969.3100331143004,NY,DOWN,0.0303030303030198
USDCLP.mg,2025-08-07 17:00:00,2025-08-07 17:00:00,BLOCK,STATE=TREND|QL=NONE|LF=NONE,,blocked,NONE,972.4,973.1,968.5,969.3,972.409682735888,2.082091453010543,976.573865641909,968.2454998298668,NY,DOWN,0.0792079207920745
USDCLP.mg,2025-08-07 18:00:00,2025-08-07 18:00:00,BLOCK,STATE=TREND|QL=NONE|LF=NONE,,blocked,NONE,969.2,970.3,967.7,968.6,971.8479496192152,2.061609572645083,975.9711687645053,967.724730473925,NY_PM,DOWN,0.0825688073394476
USDCLP.mg,2025-08-07 19:00:00,2025-08-07 19:00:00,BLOCK,STATE=TREND|QL=NONE|LF=NONE,,blocked,NONE,968.5,971.2,968.5,969.25,971.5867643717338,2.057844062740685,975.7024524972152,967.4710762462524,NY_PM,DOWN,0.1422018348623814
USDCLP.mg,2025-08-07 20:00:00,2025-08-07 20:00:00,BLOCK,STATE=TRANSITION|QL=NONE|LF=NONE,,blocked,NONE,969.15,969.2,968.7,968.7,971.3876855976245,2.0756970576209426,975.5390797128664,967.2362914823824,NY_PM,DOWN,0.0917431192660552
USDCLP.mg,2025-08-07 21:00:00,2025-08-07 21:00:00,BLOCK,STATE=TRANSITION|QL=NONE|LF=NONE,,blocked,NONE,968.75,968.75,968.5,968.5,971.2399294117648,2.0766495115771386,975.393228434919,967.0866303886104,NY_PM,DOWN,0.0754716981132039
USDCLP.mg,2025-08-07 22:00:00,2025-08-07 22:00:00,BLOCK,STATE=TREND|QL=NONE|LF=NONE,,blocked,NONE,968.9,968.9,968.55,968.6,971.1362605270308,2.0933742023293385,975.3230089316894,966.949512122372,NY_PM,DOWN,0.1168831168831149
USDCLP.mg,2025-08-08 14:00:00,2025-08-08 14:00:00,BLOCK,STATE=TREND|QL=NONE|LF=NONE,,blocked,NONE,965.75,968.4,965.5,968.2,967.3666666666668,1.958108878634618,971.282884423936,963.4504489093976,NY,DOWN,0.2727272727272779
USDCLP.mg,2025-08-08 15:00:00,2025-08-08 15:00:00,BLOCK,STATE=TREND|QL=NONE|LF=NONE,,blocked,NONE,968.5,969.15,965.3,966.1,967.0222222222222,1.7659085161517185,970.5540392545256,963.4904051899188,NY,DOWN,0.0792079207920857
USDCLP.mg,2025-08-08 16:00:00,2025-08-08 16:00:00,BLOCK,STATE=TREND|QL=NONE|LF=NONE,,blocked,NONE,965.9,966.7,962.9,963.2,965.845342066958,1.6822045660260418,969.20975119901,962.4809329349058,NY,DOWN,0.0245901639344317
USDCLP.mg,2025-08-08 17:00:00,2025-08-08 17:00:00,BLOCK,STATE=TREND|QL=NONE|LF=NONE,,blocked,NONE,963.25,964.8,962.6,964.3,965.6582427536232,1.599798093382247,968.8578389403876,962.4586465668588,NY,DOWN,0.1359999999999945
USDCLP.mg,2025-08-08 18:00:00,2025-08-08 18:00:00,BLOCK,STATE=TREND|QL=NONE|LF=NONE,,blocked,NONE,964.2,966.4,964.05,966.05,965.7336620644312,1.5223415152250084,968.7783450948814,962.6889790339812,NY_PM,DOWN,0.2759999999999945
USDCLP.mg,2025-08-08 19:00:00,2025-08-08 19:00:00,BLOCK,STATE=TREND|QL=NONE|LF=NONE,,blocked,NONE,966.0,968.0,965.55,966.3,965.79455624355,1.455374489951179,968.7053052234525,962.8838072636476,NY_PM,DOWN,0.3523809523809459
USDCLP.mg,2025-08-08 20:00:00,2025-08-08 20:00:00,ALLOW,STATE=TRANSITION|QL=TRANSITION_UNCLASSIFIED|LF=LOOK_FOR_transition_repricing_near_vwap,TRANSITION_PERSISTENCE,transition_persistence,SHORT,966.4,966.65,965.7,966.1,965.8220806794054,1.4556820578862693,968.733444795178,962.9107165636328,NY_PM,DOWN,0.4069767441860454
USDCLP.mg,2025-08-08 21:00:00,2025-08-08 21:00:00,ALLOW,STATE=TRANSITION|QL=TRANSITION_UNCLASSIFIED|LF=LOOK_FOR_transition_repricing_near_vwap,TRANSITION_PERSISTENCE,transition_persistence,SHORT,966.2,966.3,965.4,965.4,965.8062229437228,1.4543036741867277,968.7148302920964,962.8976155953494,NY_PM,DOWN,0.325581395348831
USDCLP.mg,2025-08-11 14:00:00,2025-08-11 14:00:00,ALLOW,STATE=TRANSITION|QL=TRANSITION_UNCLASSIFIED|LF=LOOK_FOR_transition_repricing_near_vwap,TRANSITION_PERSISTENCE,transition_persistence,LONG,970.0,970.5,970.0,970.1,970.2,1.4367263078841883,973.0734526157684,967.3265473842316,NY,UP,0.9493670886075976
USDCLP.mg,2025-08-11 15:00:00,2025-08-11 15:00:00,ALLOW,STATE=TRANSITION|QL=TRANSITION_UNCLASSIFIED|LF=LOOK_FOR_transition_repricing_near_vwap,TRANSITION_PERSISTENCE,transition_persistence,LONG,969.9,970.45,969.0,969.0,969.566911764706,1.4311148415804014,972.4291414478666,966.7046820815452,NY,UP,0.8101265822784804
USDCLP.mg,2025-08-11 16:00:00,2025-08-11 16:00:00,ALLOW,STATE=TRANSITION|QL=TRANSITION_UNCLASSIFIED|LF=LOOK_FOR_transition_repricing_near_vwap,TRANSITION_PERSISTENCE,transition_persistence,LONG,969.2,971.0,969.1,969.4,969.6914383561644,1.4087901224676118,972.5090186010996,966.8738581112292,NY,UP,0.8095238095238063
USDCLP.mg,2025-08-11 17:00:00,2025-08-11 17:00:00,ALLOW,STATE=TRANSITION|QL=TRANSITION_UNCLASSIFIED|LF=LOOK_FOR_transition_repricing_near_vwap,TRANSITION_PERSISTENCE,transition_persistence,LONG,969.3,969.9,968.0,968.0,969.4486666666668,1.3752068096423742,972.1990802859514,966.698253047382,NY,UP,0.6428571428571419
USDCLP.mg,2025-08-11 18:00:00,2025-08-11 18:00:00,BLOCK,STATE=TREND|QL=NONE|LF=NONE,,blocked,NONE,968.0,971.4,968.0,971.0,969.6265899122808,1.3661554731411616,972.358900858563,966.8942789659984,NY_PM,UP,0.9545454545454568
USDCLP.mg,2025-08-11 19:00:00,2025-08-11 19:00:00,ALLOW,STATE=TRANSITION|QL=TRANSITION_UNCLASSIFIED|LF=LOOK_FOR_transition_repricing_near_vwap,TRANSITION_PERSISTENCE,transition_persistence,LONG,971.1,971.65,969.15,969.75,969.667044976881,1.328293219603632,972.3236314160882,967.0104585376738,NY_PM,UP,0.790055248618786
USDCLP.mg,2025-08-11 20:00:00,2025-08-11 20:00:00,ALLOW,STATE=TRANSITION|QL=TRANSITION_UNCLASSIFIED|LF=LOOK_FOR_transition_repricing_near_vwap,TRANSITION_PERSISTENCE,transition_persistence,SHORT,969.7,969.75,969.4,969.4,969.6701261077028,1.327964213877758,972.3260545354584,967.0141976799472,NY_PM,DOWN,0.751381215469612
USDCLP.mg,2025-08-11 21:00:00,2025-08-11 21:00:00,ALLOW,STATE=TRANSITION|QL=TRANSITION_UNCLASSIFIED|LF=LOOK_FOR_transition_repricing_near_vwap,TRANSITION_PERSISTENCE,transition_persistence,LONG,969.5,969.6,969.4,969.4,969.6722269991402,1.3256830658609613,972.3235931308622,967.0208608674184,NY_PM,UP,0.7039473684210535
USDCLP.mg,2025-08-11 22:00:00,2025-08-11 22:00:00,ALLOW,STATE=TRANSITION|QL=TRANSITION_UNCLASSIFIED|LF=LOOK_FOR_transition_repricing_near_vwap,TRANSITION_PERSISTENCE,transition_persistence,SHORT,968.9,969.0,968.9,968.9,969.6508778437192,1.287278017363192,972.2254338784454,967.0763218089928,NY_PM,DOWN,0.56
USDCLP.mg,2025-08-12 14:00:00,2025-08-12 14:00:00,BLOCK,STATE=BALANCE|QL=NONE|LF=NONE,,blocked,NONE,966.75,966.75,965.6,966.3,966.2166666666666,1.2881288460771965,968.792924358821,963.6404089745122,NY,DOWN,0.1439999999999963
USDCLP.mg,2025-08-12 15:00:00,2025-08-12 15:00:00,ALLOW,STATE=TRANSITION|QL=TRANSITION_UNCLASSIFIED|LF=LOOK_FOR_transition_repricing_near_vwap,TRANSITION_PERSISTENCE,transition_persistence,SHORT,966.2,968.2,963.0,963.6,965.2340306834031,1.2708369328908324,967.7757045491848,962.6923568176214,NY,DOWN,0.0693641618497137
USDCLP.mg,2025-08-12 16:00:00,2025-08-12 16:00:00,BLOCK,STATE=TRANSITION|QL=NONE|LF=NONE,,blocked,NONE,963.55,964.4,962.5,963.8,965.0406204906208,1.263426759002733,967.5674740086262,962.5137669726151,NY,DOWN,0.1420765027322358
USDCLP.mg,2025-08-12 17:00:00,2025-08-12 17:00:00,BLOCK,STATE=TRANSITION|QL=TRANSITION_UNCLASSIFIED|LF=LOOK_FOR_transition_dislocated_from_vwap,TRANSITION_RESOLUTION,transition_resolution,SHORT,963.75,964.1,959.6,960.2,964.2493025493028,1.3318902996213884,966.9130831485454,961.58552195006,NY,DOWN,0.049792531120334
USDCLP.mg,2025-08-12 18:00:00,2025-08-12 18:00:00,BLOCK,STATE=TRANSITION|QL=TRANSITION_UNCLASSIFIED|LF=LOOK_FOR_transition_dislocated_from_vwap,TRANSITION_RESOLUTION,transition_resolution,SHORT,960.0,960.4,955.75,956.7,963.2411435786436,1.535831251316176,966.312806081276,960.1694810760114,NY_PM,DOWN,0.0597484276729589
USDCLP.mg,2025-08-12 19:00:00,2025-08-12 19:00:00,BLOCK,STATE=TREND|QL=NONE|LF=NONE,,blocked,NONE,956.8,957.3,954.2,955.5,962.4529148629148,1.7204872288060795,965.893889320527,959.0119404053028,NY_PM,DOWN,0.0744985673352412
USDCLP.mg,2025-08-12 20:00:00,2025-08-12 20:00:00,BLOCK,STATE=TREND|QL=NONE|LF=NONE,,blocked,NONE,955.4,955.4,954.9,955.1,961.9052068302068,1.90712720129558,965.719461232798,958.0909524276158,NY_PM,DOWN,0.0515759312320905
USDCLP.mg,2025-08-12 21:00:00,2025-08-12 21:00:00,BLOCK,STATE=TRANSITION|QL=TRANSITION_UNCLASSIFIED|LF=LOOK_FOR_transition_dislocated_from_vwap,TRANSITION_RESOLUTION,transition_resolution,SHORT,955.05,955.05,955.05,955.05,961.5116058544628,2.0525598252503934,965.6167255049636,957.406486203962,NY_PM,DOWN,0.0487106017191926
USDCLP.mg,2025-08-12 22:00:00,2025-08-12 22:00:00,BLOCK,STATE=TRANSITION|QL=TRANSITION_UNCLASSIFIED|LF=LOOK_FOR_transition_dislocated_from_vwap,TRANSITION_RESOLUTION,transition_resolution,SHORT,954.95,954.95,954.4,954.4,961.1893217893218,2.191142352797277,965.5716064949164,956.8070370837272,NY_PM,DOWN,0.0128617363344007
USDCLP.mg,2025-08-13 14:00:00,2025-08-13 14:00:00,ALLOW,STATE=TRANSITION|QL=TRANSITION_UNCLASSIFIED|LF=LOOK_FOR_transition_repricing_near_vwap,TRANSITION_PERSISTENCE,transition_persistence,SHORT,953.6,953.7,952.2,952.6,952.8333333333336,2.173047321218702,957.1794279757707,948.487238690896,NY,DOWN,0.0229885057471251
USDCLP.mg,2025-08-13 15:00:00,2025-08-13 15:00:00,ALLOW,STATE=TRANSITION|QL=TRANSITION_UNCLASSIFIED|LF=LOOK_FOR_transition_repricing_near_vwap,TRANSITION_PERSISTENCE,transition_persistence,SHORT,952.5,952.5,949.6,950.5,951.6115303983228,2.1484450739813448,955.9084205462856,947.3146402503602,NY,DOWN,0.0463917525773184
USDCLP.mg,2025-08-13 16:00:00,2025-08-13 16:00:00,ALLOW,STATE=TRANSITION|QL=TRANSITION_UNCLASSIFIED|LF=LOOK_FOR_transition_repricing_near_vwap,TRANSITION_PERSISTENCE,transition_persistence,SHORT,950.4,952.8,950.0,952.4,951.7384976525822,2.1580984713641893,956.0546945953106,947.4223007098536,NY,DOWN,0.1505376344085995
USDCLP.mg,2025-08-13 17:00:00,2025-08-13 17:00:00,ALLOW,STATE=TRANSITION|QL=TRANSITION_UNCLASSIFIED|LF=LOOK_FOR_transition_repricing_near_vwap,TRANSITION_PERSISTENCE,transition_persistence,SHORT,952.6,953.9,951.0,953.85,952.03507871321,2.1983496244885044,956.4317779621872,947.638379464233,NY,DOWN,0.2284946236559137
USDCLP.mg,2025-08-13 18:00:00,2025-08-13 18:00:00,ALLOW,STATE=TRANSITION|QL=TRANSITION_UNCLASSIFIED|LF=LOOK_FOR_transition_repricing_near_vwap,TRANSITION_PERSISTENCE,transition_persistence,SHORT,953.65,954.3,951.6,952.8,952.0934057971014,2.213767584831263,956.520940966764,947.6658706274388,NY_PM,DOWN,0.2162162162162122
USDCLP.mg,2025-08-13 19:00:00,2025-08-13 19:00:00,ALLOW,STATE=TRANSITION|QL=TRANSITION_UNCLASSIFIED|LF=LOOK_FOR_transition_repricing_near_vwap,TRANSITION_PERSISTENCE,transition_persistence,SHORT,952.9,953.65,952.45,953.1,952.1479469951474,2.2286071365565308,956.6051612682604,947.6907327220345,NY_PM,DOWN,0.2413793103448276
USDCLP.mg,2025-08-13 20:00:00,2025-08-13 20:00:00,ALLOW,STATE=TRANSITION|QL=TRANSITION_UNCLASSIFIED|LF=LOOK_FOR_transition_repricing_near_vwap,TRANSITION_PERSISTENCE,transition_persistence,LONG,953.0,953.2,953.0,953.2,952.1884580291972,2.243198547433918,956.674855124065,947.7020609343292,NY_PM,UP,0.3333333333333368
USDCLP.mg,2025-08-13 21:00:00,2025-08-13 21:00:00,ALLOW,STATE=TRANSITION|QL=TRANSITION_UNCLASSIFIED|LF=LOOK_FOR_transition_repricing_near_vwap,TRANSITION_PERSISTENCE,transition_persistence,LONG,953.1,953.1,953.1,953.1,952.2110982807288,2.264344987680724,956.7397882560904,947.6824083053674,NY_PM,UP,0.4545454545454586
USDCLP.mg,2025-08-13 22:00:00,2025-08-13 22:00:00,ALLOW,STATE=TRANSITION|QL=TRANSITION_UNCLASSIFIED|LF=LOOK_FOR_transition_repricing_near_vwap,TRANSITION_PERSISTENCE,transition_persistence,SHORT,953.2,953.2,951.9,951.9,952.1735574789172,2.267978749796432,956.70951497851,947.6375999793242,NY_PM,DOWN,0.3965517241379263
USDCLP.mg,2025-08-14 14:00:00,2025-08-14 14:00:00,ALLOW,STATE=TRANSITION|QL=TRANSITION_UNCLASSIFIED|LF=LOOK_FOR_transition_repricing_near_vwap,TRANSITION_PERSISTENCE,transition_persistence,LONG,957.0,957.9,956.6,957.6,957.3666666666668,2.249623021715521,961.8659127100976,952.8674206232356,NY,UP,0.9638554216867524
USDCLP.mg,2025-08-14 15:00:00,2025-08-14 15:00:00,ALLOW,STATE=TRANSITION|QL=TRANSITION_UNCLASSIFIED|LF=LOOK_FOR_transition_repricing_near_vwap,TRANSITION_PERSISTENCE,transition_persistence,LONG,957.65,959.0,957.2,958.6,957.8524875621893,2.2357237401831123,962.3239350425554,953.3810400818228,NY,UP,0.9574468085106406
USDCLP.mg,2025-08-14 16:00:00,2025-08-14 16:00:00,ALLOW,STATE=TRANSITION|QL=TRANSITION_UNCLASSIFIED|LF=LOOK_FOR_transition_repricing_near_vwap,TRANSITION_PERSISTENCE,transition_persistence,LONG,958.9,959.8,958.45,958.45,958.0902452619844,2.2462047860475574,962.5826548340794,953.5978356898892,NY,UP,0.8676470588235374
USDCLP.mg,2025-08-14 17:00:00,2025-08-14 17:00:00,BLOCK,STATE=TRANSITION|QL=TRANSITION_UNCLASSIFIED|LF=LOOK_FOR_transition_dislocated_from_vwap,TRANSITION_RESOLUTION,transition_resolution,LONG,958.55,964.35,958.55,964.2,959.7161131611316,2.387397070380485,964.4909073018924,954.9413190203708,NY,UP,0.9898305084745778
USDCLP.mg,2025-08-14 18:00:00,2025-08-14 18:00:00,BLOCK,STATE=TRANSITION|QL=TRANSITION_UNCLASSIFIED|LF=LOOK_FOR_transition_dislocated_from_vwap,TRANSITION_RESOLUTION,transition_resolution,LONG,964.1,965.4,963.3,964.9,960.515966029724,2.511736691610916,965.5394394129456,955.492492646502,NY_PM,UP,0.9675324675324676
USDCLP.mg,2025-08-14 19:00:00,2025-08-14 19:00:00,BLOCK,STATE=TREND|QL=NONE|LF=NONE,,blocked,NONE,964.8,965.8,963.9,964.9,960.969195849546,2.6040710724635585,966.1773379944732,955.7610537046188,NY_PM,UP,0.9391891891891906
USDCLP.mg,2025-08-14 20:00:00,2025-08-14 20:00:00,BLOCK,STATE=TREND|QL=NONE|LF=NONE,,blocked,NONE,964.95,965.9,964.95,965.75,961.3096643063208,2.709860174965261,966.7293846562512,955.88994395639,NY_PM,UP,0.989510489510491
USDCLP.mg,2025-08-14 21:00:00,2025-08-14 21:00:00,BLOCK,STATE=TREND|QL=NONE|LF=NONE,,blocked,NONE,965.7,965.9,965.65,965.8,961.543516072215,2.803147825859388,967.1498117239338,955.937220420496,NY_PM,UP,0.9928571428571412
USDCLP.mg,2025-08-14 22:00:00,2025-08-14 22:00:00,BLOCK,STATE=TREND|QL=NONE|LF=NONE,,blocked,NONE,965.5,965.5,964.2,964.4,961.6481407702526,2.8454074862606973,967.338955742774,955.9573257977312,NY_PM,UP,0.8928571428571429
USDCLP.mg,2025-08-18 14:00:00,2025-08-18 14:00:00,BLOCK,STATE=TREND|QL=NONE|LF=NONE,,blocked,NONE,967.1,967.3,966.75,966.8,966.95,2.823977992367636,972.5979559847352,961.3020440152646,NY,UP,0.9675324675324676
USDCLP.mg,2025-08-18 15:00:00,2025-08-18 15:00:00,BLOCK,STATE=TREND|QL=NONE|LF=NONE,,blocked,NONE,966.85,968.75,965.0,968.4,967.3288706739528,2.8071648414266583,972.943200356806,961.7145409910994,NY,UP,0.979228486646883
USDCLP.mg,2025-08-18 16:00:00,2025-08-18 16:00:00,BLOCK,STATE=TRANSITION|QL=NONE|LF=NONE,,blocked,NONE,968.3,968.4,966.1,966.3,967.027745383868,2.794970700358196,972.6176867845844,961.4378039831516,NY,UP,0.7983539094650165
USDCLP.mg,2025-08-18 17:00:00,2025-08-18 17:00:00,ALLOW,STATE=TRANSITION|QL=TRANSITION_UNCLASSIFIED|LF=LOOK_FOR_transition_repricing_near_vwap,TRANSITION_PERSISTENCE,transition_persistence,LONG,966.1,966.2,964.8,966.2,966.8863817097416,2.776922864991805,972.4402274397254,961.332535979758,NY,UP,0.7792207792207823
USDCLP.mg,2025-08-18 18:00:00,2025-08-18 18:00:00,ALLOW,STATE=TRANSITION|QL=TRANSITION_UNCLASSIFIED|LF=LOOK_FOR_transition_repricing_near_vwap,TRANSITION_PERSISTENCE,transition_persistence,LONG,966.15,966.7,964.3,966.7,966.813247863248,2.75722274243504,972.327693348118,961.298802378378,NY_PM,UP,0.8009708737864113
USDCLP.mg,2025-08-18 19:00:00,2025-08-18 19:00:00,BLOCK,STATE=TRANSITION|QL=NONE|LF=NONE,,blocked,NONE,966.8,966.8,963.1,964.1,966.5222964763065,2.755453297904206,972.0332030721148,961.011389880498,NY_PM,DOWN,0.5441176470588278
USDCLP.mg,2025-08-18 20:00:00,2025-08-18 20:00:00,BLOCK,STATE=TRANSITION|QL=NONE|LF=NONE,,blocked,NONE,964.05,964.1,963.6,963.6,966.2989318413022,2.768928464909562,971.8367887711212,960.7610749114832,NY_PM,DOWN,0.0884955752212393
USDCLP.mg,2025-08-18 21:00:00,2025-08-18 21:00:00,ALLOW,STATE=BALANCE|QL=BALANCE_LEAKING|LF=LOOK_FOR_balance_dislocated_from_vwap,BALANCE_DEGRADATION,allow_unmapped_baseline,NONE,963.5,963.6,963.2,963.5,966.133435403908,2.785388220070748,971.7042118440496,960.5626589637666,NY_PM,DOWN,0.0707964601769874
USDCLP.mg,2025-08-18 22:00:00,2025-08-18 22:00:00,BLOCK,STATE=BALANCE|QL=NONE|LF=NONE,,blocked,NONE,963.4,963.4,963.35,963.35,966.0024430800718,2.785500744793426,971.5734445696586,960.431441590485,NY_PM,DOWN,0.0442477876106196
USDCLP.mg,2025-08-19 14:00:00,2025-08-19 14:00:00,BLOCK,STATE=BALANCE|QL=NONE|LF=NONE,,blocked,NONE,963.45,965.0,963.2,964.6,964.2666666666668,2.7849650959880563,969.8365968586428,958.6967364746906,NY,DOWN,0.2654867256637179
USDCLP.mg,2025-08-19 15:00:00,2025-08-19 15:00:00,BLOCK,STATE=TRANSITION|QL=NONE|LF=NONE,,blocked,NONE,964.7,966.1,961.8,961.85,963.48058419244,2.7876079615868266,969.0558001156136,957.9053682692662,NY,DOWN,0.0071942446043263
USDCLP.mg,2025-08-19 16:00:00,2025-08-19 16:00:00,BLOCK,STATE=TRANSITION|QL=NONE|LF=NONE,,blocked,NONE,961.8,962.05,959.8,961.95,963.0612290008844,2.7851860884655064,968.6316011778152,957.4908568239532,NY,DOWN,0.2402234636871597
USDCLP.mg,2025-08-19 17:00:00,2025-08-19 17:00:00,BLOCK,STATE=TRANSITION|QL=NONE|LF=NONE,,blocked,NONE,962.05,965.8,962.0,965.4,963.2917559523812,2.807871459278737,968.9074988709384,957.6760130338236,NY,UP,0.6256983240223457
USDCLP.mg,2025-08-19 18:00:00,2025-08-19 18:00:00,BLOCK,STATE=TRANSITION|QL=NONE|LF=NONE,,blocked,NONE,965.2,965.3,962.95,962.95,963.2075818752804,2.8080373958515463,968.8236566669837,957.5915070835772,NY_PM,DOWN,0.3662790697674514
USDCLP.mg,2025-08-19 19:00:00,2025-08-19 19:00:00,BLOCK,STATE=BALANCE|QL=NONE|LF=NONE,,blocked,NONE,962.85,963.5,962.15,962.7,963.1402087832976,2.807500025195118,968.7552088336876,957.5252087329072,NY_PM,DOWN,0.4142857142857273
USDCLP.mg,2025-08-19 20:00:00,2025-08-19 20:00:00,BLOCK,STATE=BALANCE|QL=NONE|LF=NONE,,blocked,NONE,962.75,963.5,962.75,963.5,963.139074241058,2.81005202060748,968.7591782822732,957.5189701998432,NY_PM,DOWN,0.528571428571435
USDCLP.mg,2025-08-19 21:00:00,2025-08-19 21:00:00,BLOCK,STATE=BALANCE|QL=NONE|LF=NONE,,blocked,NONE,963.6,963.6,962.9,962.9,963.1099329205368,2.810182695019139,968.730298310575,957.4895675304984,NY_PM,UP,0.4428571428571461
USDCLP.mg,2025-08-19 22:00:00,2025-08-19 22:00:00,BLOCK,STATE=BALANCE|QL=NONE|LF=NONE,,blocked,NONE,962.9,963.6,962.9,963.4,963.108700564972,2.8085970520353767,968.7258946690426,957.4915064609012,NY_PM,UP,0.5714285714285688
USDCLP.mg,2025-08-20 14:00:00,2025-08-20 14:00:00,BLOCK,STATE=BALANCE|QL=NONE|LF=NONE,,blocked,NONE,960.4,961.0,959.1,959.2,959.7666666666668,2.7964669042027666,965.3596004750724,954.1737328582612,NY,DOWN,0.0142857142857175
USDCLP.mg,2025-08-20 15:00:00,2025-08-20 15:00:00,BLOCK,STATE=BALANCE|QL=NONE|LF=NONE,,blocked,NONE,959.1,962.6,958.9,962.2,960.8871635610764,2.8068612191048965,966.5008859992864,955.2734411228666,NY,DOWN,0.4583333333333399
USDCLP.mg,2025-08-20 16:00:00,2025-08-20 16:00:00,BLOCK,STATE=TRANSITION|QL=NONE|LF=NONE,,blocked,NONE,962.3,967.2,962.3,966.85,963.0560502283104,2.8703045027490752,968.7966592338088,957.3154412228124,NY,UP,0.9578313253012024
USDCLP.mg,2025-08-20 17:00:00,2025-08-20 17:00:00,BLOCK,STATE=BALANCE|QL=NONE|LF=NONE,,blocked,NONE,967.05,967.8,964.0,966.0,963.5121445221446,2.8986002878187747,969.3093450977822,957.714943946507,NY,UP,0.7977528089887687
USDCLP.mg,2025-08-20 18:00:00,2025-08-20 18:00:00,BLOCK,STATE=TRANSITION|QL=NONE|LF=NONE,,blocked,NONE,965.8,967.3,965.6,966.35,963.7461021505376,2.9269594212750234,969.6000209930876,957.8921833079876,NY_PM,UP,0.8370786516854005
USDCLP.mg,2025-08-20 19:00:00,2025-08-20 19:00:00,BLOCK,STATE=TRANSITION|QL=NONE|LF=NONE,,blocked,NONE,966.25,966.5,965.0,965.35,963.8051615445232,2.9375984349264086,969.680358414376,957.9299646746704,NY_PM,UP,0.7247191011236025
USDCLP.mg,2025-08-20 20:00:00,2025-08-20 20:00:00,BLOCK,STATE=TRANSITION|QL=NONE|LF=NONE,,blocked,NONE,965.55,966.6,965.35,966.6,963.917712376024,2.958460702936514,969.8346337818972,958.000790970151,NY_PM,UP,0.86516853932585
USDCLP.mg,2025-08-20 22:00:00,2025-08-20 22:00:00,BLOCK,STATE=TRANSITION|QL=NONE|LF=NONE,,blocked,NONE,966.5,966.5,966.05,966.06,963.9687090875846,2.970455304716252,969.9096196970172,958.027798478152,NY_PM,UP,0.8044943820224704
USDCLP.mg,2025-08-21 14:00:00,2025-08-21 14:00:00,BLOCK,STATE=TRANSITION|QL=NONE|LF=NONE,,blocked,NONE,966.0,966.4,965.9,966.1,966.1333333333332,2.914266437510989,971.9618662083552,960.3048004583112,NY,DOWN,0.808988764044951
USDCLP.mg,2025-08-21 15:00:00,2025-08-21 15:00:00,ALLOW,STATE=TRANSITION|QL=TRANSITION_UNCLASSIFIED|LF=LOOK_FOR_transition_repricing_near_vwap,TRANSITION_PERSISTENCE,transition_persistence,LONG,966.2,967.05,964.15,967.0,966.075462962963,2.7585423757002645,971.5925477143636,960.5583782115624,NY,UP,0.9101123595505668
USDCLP.mg,2025-08-21 16:00:00,2025-08-21 16:00:00,BLOCK,STATE=TRANSITION|QL=NONE|LF=NONE,,blocked,NONE,966.8,966.9,964.5,965.3,965.7245709123758,2.5622611306163425,970.8490931736084,960.6000486511432,NY,DOWN,0.7191011235955049
USDCLP.mg,2025-08-21 17:00:00,2025-08-21 17:00:00,BLOCK,STATE=TRANSITION|QL=TRANSITION_UNCLASSIFIED|LF=LOOK_FOR_transition_dislocated_from_vwap,TRANSITION_RESOLUTION,transition_resolution,LONG,965.25,974.5,965.25,971.7,967.72627826942,2.400978098681107,972.528234466782,962.9243220720576,NY,UP,0.8205128205128237
USDCLP.mg,2025-08-21 18:00:00,2025-08-21 18:00:00,BLOCK,STATE=TRANSITION|QL=NONE|LF=NONE,,blocked,NONE,972.0,972.5,969.4,970.1,968.307666328943,2.1858713047961302,972.6794089385352,963.9359237193509,NY_PM,UP,0.7179487179487198
USDCLP.mg,2025-08-21 19:00:00,2025-08-21 19:00:00,BLOCK,STATE=TRANSITION|QL=NONE|LF=NONE,,blocked,NONE,969.9,970.65,969.4,970.15,968.61579218107,1.9045253604229648,972.424842901916,964.8067414602242,NY_PM,UP,0.6434426229508191
USDCLP.mg,2025-08-21 20:00:00,2025-08-21 20:00:00,BLOCK,STATE=TRANSITION|QL=NONE|LF=NONE,,blocked,NONE,970.05,970.3,969.9,970.3,968.8149013499484,1.9002048380090488,972.6153110259664,965.01449167393,NY_PM,UP,0.5999999999999956
USDCLP.mg,2025-08-21 21:00:00,2025-08-21 21:00:00,BLOCK,STATE=TRANSITION|QL=NONE|LF=NONE,,blocked,NONE,970.3,970.4,970.2,970.2,968.9443399512368,1.8790094730040323,972.7023588972448,965.1863210052286,NY_PM,UP,0.5845410628019376
USDCLP.mg,2025-08-21 22:00:00,2025-08-21 22:00:00,BLOCK,STATE=TRANSITION|QL=NONE|LF=NONE,,blocked,NONE,970.15,970.3,970.15,970.3,969.0424276503225,1.8791959164460976,972.8008194832148,965.2840358174302,NY_PM,UP,0.5942028985507212
USDCLP.mg,2025-08-22 15:00:00,2025-08-22 15:00:00,BLOCK,STATE=TRANSITION|QL=NONE|LF=NONE,,blocked,NONE,969.05,970.0,968.0,969.5,969.1666666666666,1.8767446708371385,972.9201560083408,965.4131773249924,NY,DOWN,0.5169082125603875
USDCLP.mg,2025-08-22 16:00:00,2025-08-22 16:00:00,BLOCK,STATE=TRANSITION|QL=NONE|LF=NONE,,blocked,NONE,969.0,969.0,962.2,962.2,965.9629815745396,1.9895439479216568,969.9420694703828,961.9838936786962,NY,DOWN,0.0
USDCLP.mg,2025-08-22 17:00:00,2025-08-22 17:00:00,BLOCK,STATE=TRANSITION|QL=NONE|LF=NONE,,blocked,NONE,962.1,965.1,961.45,963.9,965.6048309178744,2.021111869862552,969.6470546575996,961.5626071781492,NY,DOWN,0.187739463601528
USDCLP.mg,2025-08-22 18:00:00,2025-08-22 18:00:00,BLOCK,STATE=TRANSITION|QL=TRANSITION_UNCLASSIFIED|LF=LOOK_FOR_transition_dislocated_from_vwap,TRANSITION_RESOLUTION,transition_resolution,SHORT,963.8,964.1,960.95,961.15,965.137542430414,2.1293919570382247,969.3963263444906,960.8787585163376,NY_PM,DOWN,0.014760147601471
USDCLP.mg,2025-08-22 19:00:00,2025-08-22 19:00:00,BLOCK,STATE=TREND|QL=NONE|LF=NONE,,blocked,NONE,960.6,961.0,958.4,958.4,964.479539508111,2.3327416342422014,969.1450227765954,959.8140562396266,NY_PM,DOWN,0.0
USDCLP.mg,2025-08-22 20:00:00,2025-08-22 20:00:00,BLOCK,STATE=TREND|QL=NONE|LF=NONE,,blocked,NONE,958.2,958.6,958.15,958.6,964.0638143891016,2.479852923483411,969.0235202360684,959.1041085421348,NY_PM,DOWN,0.0275229357798192
USDCLP.mg,2025-08-22 21:00:00,2025-08-22 21:00:00,BLOCK,STATE=TREND|QL=NONE|LF=NONE,,blocked,NONE,958.8,959.0,958.4,958.4,963.768281306064,2.6115564347812192,968.9913941756264,958.5451684365016,NY_PM,DOWN,0.0174216027874564
USDCLP.mg,2025-08-25 14:00:00,2025-08-25 14:00:00,BLOCK,STATE=TREND|QL=NONE|LF=NONE,,blocked,NONE,961.2,961.6,959.5,959.6,960.2333333333332,2.614128220737308,965.461589774808,955.0050768918586,NY,DOWN,0.1160000000000036
USDCLP.mg,2025-08-25 15:00:00,2025-08-25 15:00:00,BLOCK,STATE=TREND|QL=NONE|LF=NONE,,blocked,NONE,959.8,961.7,959.7,960.9,960.5898876404494,2.614107409905432,965.8181024602604,955.3616728206384,NY,DOWN,0.2244897959183673
USDCLP.mg,2025-08-25 16:00:00,2025-08-25 16:00:00,BLOCK,STATE=TREND|QL=NONE|LF=NONE,,blocked,NONE,961.0,961.3,959.15,961.05,960.6099697885196,2.543002353024788,965.6959744945692,955.52396508247,NY,FLAT,0.2367346938775491
USDCLP.mg,2025-08-25 17:00:00,2025-08-25 17:00:00,BLOCK,STATE=TREND|QL=NONE|LF=NONE,,blocked,NONE,960.75,963.9,960.75,961.3,960.9655923344948,2.470474652217412,965.9065416389296,956.02464303006,NY,UP,0.2592592592592578
USDCLP.mg,2025-08-25 18:00:00,2025-08-25 18:00:00,BLOCK,STATE=TRANSITION|QL=NONE|LF=NONE,,blocked,NONE,961.2,963.7,961.1,963.55,961.3452955367914,2.4278119760305783,966.2009194888524,956.4896715847302,NY_PM,UP,0.4556962025316428
USDCLP.mg,2025-08-25 19:00:00,2025-08-25 19:00:00,BLOCK,STATE=TRANSITION|QL=NONE|LF=NONE,,blocked,NONE,963.5,964.75,963.35,963.9,961.6404520295202,2.3667812711443985,966.3740145718092,956.9068894872314,NY_PM,UP,0.5299539170506902
USDCLP.mg,2025-08-25 20:00:00,2025-08-25 20:00:00,BLOCK,STATE=TRANSITION|QL=NONE|LF=NONE,,blocked,NONE,964.2,964.2,964.2,964.2,961.8422330097088,2.3123669688480226,966.4669669474048,957.2174990720126,NY_PM,UP,0.8705035971223063
USDCLP.mg,2025-08-25 21:00:00,2025-08-25 21:00:00,BLOCK,STATE=TRANSITION|QL=NONE|LF=NONE,,blocked,NONE,964.1,964.4,963.9,964.3,961.9847867001256,2.3025765831447247,966.589939866415,957.379633533836,NY_PM,UP,0.9318181818181752
USDCLP.mg,2025-08-25 22:00:00,2025-08-25 22:00:00,BLOCK,STATE=TRANSITION|QL=NONE|LF=NONE,,blocked,NONE,964.1,964.2,963.6,963.7,962.0604380746348,2.314171456611033,966.688780987857,957.4320951614128,NY_PM,UP,0.8409090909090984
USDCLP.mg,2025-08-26 14:00:00,2025-08-26 14:00:00,BLOCK,STATE=BALANCE|QL=NONE|LF=NONE,,blocked,NONE,961.9,962.3,961.3,961.9,961.8333333333336,2.309302094513417,966.4519375223604,957.2147291443066,NY,UP,0.5681818181818162
USDCLP.mg,2025-08-26 15:00:00,2025-08-26 15:00:00,BLOCK,STATE=BALANCE|QL=NONE|LF=NONE,,blocked,NONE,962.1,963.55,961.6,962.45,962.337130801688,2.306882219197866,966.9508952400836,957.723366363292,NY,DOWN,0.6377952755905596
USDCLP.mg,2025-08-26 16:00:00,2025-08-26 16:00:00,BLOCK,STATE=TRANSITION|QL=NONE|LF=NONE,,blocked,NONE,962.55,964.6,962.4,964.2,962.8070336391438,2.3125035827824814,967.4320408047088,958.1820264735788,NY,UP,0.9017857142857229
USDCLP.mg,2025-08-26 17:00:00,2025-08-26 17:00:00,BLOCK,STATE=TREND|QL=NONE|LF=NONE,,blocked,NONE,964.15,966.4,963.5,965.6,963.316692913386,2.333409657639235,967.9835122286644,958.6498735981075,NY,UP,0.8896551724137993
USDCLP.mg,2025-08-26 18:00:00,2025-08-26 18:00:00,BLOCK,STATE=TREND|QL=NONE|LF=NONE,,blocked,NONE,965.7,967.75,965.2,966.6,963.7700439648282,2.3350283809970143,968.4401007268224,959.0999872028342,NY_PM,UP,0.8662790697674448
USDCLP.mg,2025-08-26 19:00:00,2025-08-26 19:00:00,BLOCK,STATE=TREND|QL=NONE|LF=NONE,,blocked,NONE,966.55,966.95,965.8,965.9,964.0037754114232,2.308027913566049,968.6198312385552,959.3877195842912,NY_PM,UP,0.7357142857142824
USDCLP.mg,2025-08-26 20:00:00,2025-08-26 20:00:00,BLOCK,STATE=TRANSITION|QL=NONE|LF=NONE,,blocked,NONE,966.0,966.0,965.8,965.9,964.1619994588746,2.2767214255122425,968.715442309899,959.60855660785,NY_PM,UP,0.7218045112781911
USDCLP.mg,2025-08-26 21:00:00,2025-08-26 21:00:00,BLOCK,STATE=BALANCE|QL=NONE|LF=NONE,,blocked,NONE,966.0,966.0,965.2,965.5,964.2576752853485,2.236409757464936,968.7304948002782,959.7848557704184,NY_PM,UP,0.6511627906976769
USDCLP.mg,2025-08-26 22:00:00,2025-08-26 22:00:00,BLOCK,STATE=TRANSITION|QL=NONE|LF=NONE,,blocked,NONE,965.5,966.2,965.5,965.9,964.3462678936604,2.2414489758913403,968.8291658454432,959.863369941878,NY_PM,UP,0.7131782945736419
USDCLP.mg,2025-08-27 14:00:00,2025-08-27 14:00:00,ALLOW,STATE=TRANSITION|QL=TRANSITION_UNCLASSIFIED|LF=LOOK_FOR_transition_repricing_near_vwap,TRANSITION_PERSISTENCE,transition_persistence,LONG,967.75,969.6,967.75,969.4,968.9166666666664,2.220224874564366,973.3571164157952,964.4762169175378,NY,UP,0.975903614457826
USDCLP.mg,2025-08-27 15:00:00,2025-08-27 15:00:00,BLOCK,STATE=TRANSITION|QL=NONE|LF=NONE,,blocked,NONE,969.5,969.9,968.0,968.1,968.6585470085472,2.213175396911004,973.0848978023693,964.232196214725,NY,UP,0.7906976744186105
USDCLP.mg,2025-08-27 16:00:00,2025-08-27 16:00:00,ALLOW,STATE=TRANSITION|QL=TRANSITION_UNCLASSIFIED|LF=LOOK_FOR_transition_repricing_near_vwap,TRANSITION_PERSISTENCE,transition_persistence,LONG,968.0,970.4,968.0,970.1,969.0116438356164,2.203255478148914,973.4181547919142,964.6051328793186,NY,UP,0.967032967032972
USDCLP.mg,2025-08-27 17:00:00,2025-08-27 17:00:00,BLOCK,STATE=TRANSITION|QL=NONE|LF=NONE,,blocked,NONE,970.05,970.05,967.8,969.8,969.1213450292396,2.2003527704676915,973.5220505701752,964.7206394883044,NY,UP,0.9318181818181788
USDCLP.mg,2025-08-27 18:00:00,2025-08-27 18:00:00,BLOCK,STATE=TRANSITION|QL=NONE|LF=NONE,,blocked,NONE,969.9,970.0,965.6,966.3,968.6543570219966,2.234398926634472,973.1231548752656,964.1855591687277,NY_PM,UP,0.4874999999999971
USDCLP.mg,2025-08-27 19:00:00,2025-08-27 19:00:00,ALLOW,STATE=TRANSITION|QL=TRANSITION_UNCLASSIFIED|LF=LOOK_FOR_transition_repricing_near_vwap,TRANSITION_PERSISTENCE,transition_persistence,LONG,966.25,969.05,965.4,968.75,968.552286282306,2.23474945806034,973.0217851984268,964.0827873661856,NY_PM,UP,0.7608695652173938
USDCLP.mg,2025-08-27 20:00:00,2025-08-27 20:00:00,ALLOW,STATE=TRANSITION|QL=TRANSITION_UNCLASSIFIED|LF=LOOK_FOR_transition_repricing_near_vwap,TRANSITION_PERSISTENCE,transition_persistence,SHORT,968.65,968.95,967.7,967.7,968.4242374727668,2.2393231061578884,972.9028836850828,963.9455912604512,NY_PM,DOWN,0.480769230769237
USDCLP.mg,2025-08-27 21:00:00,2025-08-27 21:00:00,ALLOW,STATE=TRANSITION|QL=TRANSITION_UNCLASSIFIED|LF=LOOK_FOR_transition_repricing_near_vwap,TRANSITION_PERSISTENCE,transition_persistence,SHORT,967.65,967.7,967.65,967.7,968.3349052242256,2.244930228126454,972.8247656804784,963.8450447679728,NY_PM,DOWN,0.480769230769237
USDCLP.mg,2025-08-27 22:00:00,2025-08-27 22:00:00,ALLOW,STATE=TRANSITION|QL=TRANSITION_UNCLASSIFIED|LF=LOOK_FOR_transition_repricing_near_vwap,TRANSITION_PERSISTENCE,transition_persistence,SHORT,967.9,968.3,967.85,967.9,968.2777911646588,2.243284446247669,972.764360057154,963.7912222721632,NY_PM,DOWN,0.519230769230763
USDCLP.mg,2025-08-28 14:00:00,2025-08-28 14:00:00,ALLOW,STATE=TRANSITION|QL=TRANSITION_UNCLASSIFIED|LF=LOOK_FOR_transition_repricing_near_vwap,TRANSITION_PERSISTENCE,transition_persistence,SHORT,964.8,965.7,964.55,965.7,965.3166666666666,2.2401571958122197,969.7969810582912,960.836352275042,NY,DOWN,0.1965811965812113
USDCLP.mg,2025-08-28 15:00:00,2025-08-28 15:00:00,ALLOW,STATE=TRANSITION|QL=TRANSITION_UNCLASSIFIED|LF=LOOK_FOR_transition_repricing_near_vwap,TRANSITION_PERSISTENCE,transition_persistence,LONG,965.65,968.1,965.6,966.95,966.3295262267344,2.188395078349215,970.7063163834327,961.952736070036,NY,UP,0.4102564102564242
USDCLP.mg,2025-08-28 16:00:00,2025-08-28 16:00:00,BLOCK,STATE=BALANCE|QL=NONE|LF=NONE,,blocked,NONE,967.0,967.8,965.8,966.65,966.3766851338876,2.1677078033824464,970.7121007406524,962.0412695271228,NY,DOWN,0.3589743589743615
USDCLP.mg,2025-08-28 17:00:00,2025-08-28 17:00:00,BLOCK,STATE=BALANCE|QL=NONE|LF=NONE,,blocked,NONE,966.45,968.6,966.35,968.4,966.6286666666668,2.153280650766768,970.9352279682004,962.3221053651332,NY,UP,0.6581196581196594
USDCLP.mg,2025-08-28 18:00:00,2025-08-28 18:00:00,BLOCK,STATE=BALANCE|QL=NONE|LF=NONE,,blocked,NONE,968.3,969.4,966.9,967.45,966.7585808580858,2.146947387588793,971.0524756332634,962.4646860829082,NY_PM,DOWN,0.4957264957265093
USDCLP.mg,2025-08-28 19:00:00,2025-08-28 19:00:00,ALLOW,STATE=TRANSITION|QL=TRANSITION_UNCLASSIFIED|LF=LOOK_FOR_transition_repricing_near_vwap,TRANSITION_PERSISTENCE,transition_persistence,SHORT,967.4,967.4,965.7,966.15,966.7465879265092,2.1235092150520045,970.9936063566132,962.4995694964052,NY_PM,DOWN,0.290909090909095
USDCLP.mg,2025-08-28 20:00:00,2025-08-28 20:00:00,BLOCK,STATE=BALANCE|QL=NONE|LF=NONE,,blocked,NONE,966.1,966.5,965.9,966.1,966.7358387799565,2.110552987231095,970.9569447544186,962.5147328054944,NY_PM,UP,0.2844036697247807
USDCLP.mg,2025-08-28 21:00:00,2025-08-28 21:00:00,BLOCK,STATE=BALANCE|QL=NONE|LF=NONE,,blocked,NONE,966.15,966.9,966.15,966.9,966.7669459962756,2.1102964662114734,970.9875389286988,962.5463530638528,NY_PM,FLAT,0.4845360824742292
USDCLP.mg,2025-08-28 22:00:00,2025-08-28 22:00:00,BLOCK,STATE=BALANCE|QL=NONE|LF=NONE,,blocked,NONE,966.85,966.95,966.7,966.7,966.7817073170733,2.1081494269321768,970.9980061709376,962.5654084632088,NY_PM,FLAT,0.4432989690721816
USDCLP.mg,2025-08-29 14:00:00,2025-08-29 14:00:00,ALLOW,STATE=TRANSITION|QL=TRANSITION_UNCLASSIFIED|LF=LOOK_FOR_transition_repricing_near_vwap,TRANSITION_PERSISTENCE,transition_persistence,SHORT,967.7,968.5,967.3,968.1,967.9666666666668,2.106301382025209,972.1792694307172,963.7540639026164,NY,DOWN,0.7319587628866085
USDCLP.mg,2025-08-29 15:00:00,2025-08-29 15:00:00,BLOCK,STATE=TRANSITION|QL=NONE|LF=NONE,,blocked,NONE,968.05,968.4,964.65,964.65,966.3336787564768,2.050775849574922,970.4352304556268,962.232127057327,NY,DOWN,0.0206185567010355
USDCLP.mg,2025-08-29 16:00:00,2025-08-29 16:00:00,BLOCK,STATE=TRANSITION|QL=TRANSITION_UNCLASSIFIED|LF=LOOK_FOR_transition_dislocated_from_vwap,TRANSITION_RESOLUTION,transition_resolution,SHORT,964.55,965.3,962.8,962.9,965.6208812260536,2.073465245315153,969.767811716684,961.4739507354232,NY,DOWN,0.0151515151515185
USDCLP.mg,2025-08-29 17:00:00,2025-08-29 17:00:00,BLOCK,STATE=TRANSITION|QL=NONE|LF=NONE,,blocked,NONE,962.8,964.25,962.55,963.2,965.3525182239894,2.0832707794317296,969.5190597828528,961.1859766651258,NY,DOWN,0.094890510948918
USDCLP.mg,2025-08-29 18:00:00,2025-08-29 18:00:00,ALLOW,STATE=TRANSITION|QL=TRANSITION_UNCLASSIFIED|LF=LOOK_FOR_transition_repricing_near_vwap,TRANSITION_PERSISTENCE,transition_persistence,SHORT,963.2,965.9,962.4,965.6,965.3872593718338,2.0715612856480936,969.53038194313,961.2441368005376,NY_PM,DOWN,0.4571428571428636
USDCLP.mg,2025-08-29 19:00:00,2025-08-29 19:00:00,ALLOW,STATE=TRANSITION|QL=TRANSITION_UNCLASSIFIED|LF=LOOK_FOR_transition_repricing_near_vwap,TRANSITION_PERSISTENCE,transition_persistence,SHORT,965.8,966.4,965.2,966.15,965.4437064370644,2.065669500988837,969.575045439042,961.3123674350868,NY_PM,DOWN,0.5357142857142857
USDCLP.mg,2025-08-29 20:00:00,2025-08-29 20:00:00,ALLOW,STATE=TRANSITION|QL=TRANSITION_UNCLASSIFIED|LF=LOOK_FOR_transition_repricing_near_vwap,TRANSITION_PERSISTENCE,transition_persistence,SHORT,966.2,966.65,966.1,966.1,965.4794077134986,2.059006589885262,969.5974208932691,961.361394533728,NY_PM,DOWN,0.528571428571435
USDCLP.mg,2025-08-29 21:00:00,2025-08-29 21:00:00,ALLOW,STATE=TRANSITION|QL=TRANSITION_UNCLASSIFIED|LF=LOOK_FOR_transition_repricing_near_vwap,TRANSITION_PERSISTENCE,transition_persistence,LONG,966.0,966.35,966.0,966.3,965.5144553279904,2.0620488555914696,969.6385530391734,961.3903576168076,NY_PM,UP,0.6393442622950759
USDCLP.mg,2025-09-01 14:00:00,2025-09-01 14:00:00,ALLOW,STATE=TRANSITION|QL=TRANSITION_UNCLASSIFIED|LF=LOOK_FOR_transition_repricing_near_vwap,TRANSITION_PERSISTENCE,transition_persistence,LONG,963.65,963.7,963.5,963.7,963.6333333333332,1.99378809521563,967.6209095237646,959.645757142902,NY,UP,0.213114754098371
USDCLP.mg,2025-09-01 15:00:00,2025-09-01 15:00:00,ALLOW,STATE=TRANSITION|QL=TRANSITION_UNCLASSIFIED|LF=LOOK_FOR_transition_repricing_near_vwap,TRANSITION_PERSISTENCE,transition_persistence,LONG,963.8,965.9,963.8,964.8,964.555238095238,1.9795520278453145,968.5143421509288,960.5961340395472,NY,UP,0.3934426229508145
USDCLP.mg,2025-09-01 16:00:00,2025-09-01 16:00:00,BLOCK,STATE=TRANSITION|QL=TRANSITION_UNCLASSIFIED|LF=LOOK_FOR_transition_dislocated_from_vwap,TRANSITION_RESOLUTION,transition_resolution,LONG,964.85,968.25,964.4,968.25,965.9845128205128,1.919071447299021,969.8226557151108,962.1463699259148,NY,UP,0.9590163934426232
USDCLP.mg,2025-09-01 17:00:00,2025-09-01 17:00:00,BLOCK,STATE=TRANSITION|QL=NONE|LF=NONE,,blocked,NONE,968.2,970.0,967.5,968.8,966.655041322314,1.718353219266864,970.091747760848,963.2183348837804,NY,UP,0.8421052631578893
USDCLP.mg,2025-09-01 18:00:00,2025-09-01 18:00:00,ALLOW,STATE=TRANSITION|QL=TRANSITION_UNCLASSIFIED|LF=LOOK_FOR_transition_repricing_near_vwap,TRANSITION_PERSISTENCE,transition_persistence,LONG,968.9,970.4,968.1,968.2,966.8801883239172,1.509967070207863,969.900122464333,963.8602541835016,NY_PM,UP,0.7250000000000085
USDCLP.mg,2025-09-01 19:00:00,2025-09-01 19:00:00,ALLOW,STATE=TRANSITION|QL=TRANSITION_UNCLASSIFIED|LF=LOOK_FOR_transition_repricing_near_vwap,TRANSITION_PERSISTENCE,transition_persistence,LONG,968.4,969.15,967.7,968.4,967.0131330472104,1.2630015002875596,969.5391360477856,964.4871300466356,NY_PM,UP,0.75
USDCLP.mg,2025-09-01 20:00:00,2025-09-01 20:00:00,BLOCK,STATE=TREND|QL=NONE|LF=NONE,,blocked,NONE,968.3,968.3,967.85,968.3,967.0880968858132,1.2543313526791846,969.5967595911716,964.579434180455,NY_PM,UP,0.7374999999999972
USDCLP.mg,2025-09-01 21:00:00,2025-09-01 21:00:00,BLOCK,STATE=BALANCE|QL=NONE|LF=NONE,,blocked,NONE,968.25,968.25,967.9,967.9,967.117082125604,1.2539025026382282,969.6248871308806,964.6092771203276,NY_PM,UP,0.6875
USDCLP.mg,2025-09-01 22:00:00,2025-09-01 22:00:00,BLOCK,STATE=TRANSITION|QL=NONE|LF=NONE,,blocked,NONE,968.0,968.0,967.8,967.9,967.1379717373236,1.2538544302047834,969.6456805977332,964.630262876914,NY_PM,DOWN,0.6376811594202887
USDCLP.mg,2025-09-02 14:00:00,2025-09-02 14:00:00,ALLOW,STATE=TRANSITION|QL=TRANSITION_UNCLASSIFIED|LF=LOOK_FOR_transition_repricing_near_vwap,TRANSITION_PERSISTENCE,transition_persistence,LONG,975.15,976.8,975.15,976.8,976.25,1.253245903898284,978.7564918077966,973.7435081922034,NY,UP,1.0
USDCLP.mg,2025-09-02 15:00:00,2025-09-02 15:00:00,BLOCK,STATE=TRANSITION|QL=NONE|LF=NONE,,blocked,NONE,976.9,977.3,972.75,972.8,974.782804232804,1.2845570687747965,977.3519183703536,972.2136900952544,NY,UP,0.6739130434782598
USDCLP.mg,2025-09-02 16:00:00,2025-09-02 16:00:00,BLOCK,STATE=TRANSITION|QL=NONE|LF=NONE,,blocked,NONE,972.6,974.6,971.4,974.6,974.6247826086956,1.262363671564495,977.1495099518246,972.1000552655664,NY,UP,0.8043478260869609
USDCLP.mg,2025-09-02 17:00:00,2025-09-02 17:00:00,BLOCK,STATE=TRANSITION|QL=NONE|LF=NONE,,blocked,NONE,974.6,975.9,972.6,975.0,974.6048571428572,1.2332242574530083,977.0713056577632,972.1384086279512,NY,UP,0.829629629629633
USDCLP.mg,2025-09-02 18:00:00,2025-09-02 18:00:00,BLOCK,STATE=TRANSITION|QL=NONE|LF=NONE,,blocked,NONE,975.1,975.1,972.8,973.55,974.4717021276596,1.2181289506398785,976.9079600289394,972.03544422638,NY_PM,UP,0.7093023255813948
USDCLP.mg,2025-09-02 19:00:00,2025-09-02 19:00:00,BLOCK,STATE=TRANSITION|QL=NONE|LF=NONE,,blocked,NONE,973.35,974.15,972.5,974.15,974.4333898305084,1.2080027772935888,976.8493953850956,972.0173842759214,NY_PM,UP,0.6785714285714294
USDCLP.mg,2025-09-02 20:00:00,2025-09-02 20:00:00,BLOCK,STATE=TRANSITION|QL=NONE|LF=NONE,,blocked,NONE,974.1,974.15,973.85,973.9,974.393943661972,1.213237244079608,976.8204181501312,971.9674691738128,NY_PM,DOWN,0.6458333333333324
USDCLP.mg,2025-09-02 21:00:00,2025-09-02 21:00:00,BLOCK,STATE=BALANCE|QL=NONE|LF=NONE,,blocked,NONE,973.7,973.7,972.9,972.9,974.3177108433736,1.2380033953871727,976.793717634148,971.8417040525992,NY_PM,FLAT,0.5416666666666647
USDCLP.mg,2025-09-02 22:00:00,2025-09-02 22:00:00,BLOCK,STATE=BALANCE|QL=NONE|LF=NONE,,blocked,NONE,973.4,973.4,972.9,972.9,974.2607368421052,1.2497668319589514,976.7602705060232,971.7612031781874,NY_PM,DOWN,0.5368421052631603
USDCLP.mg,2025-09-03 14:00:00,2025-09-03 14:00:00,BLOCK,STATE=TRANSITION|QL=NONE|LF=NONE,,blocked,NONE,970.45,971.5,969.8,970.3,970.5333333333332,1.216395264536364,972.966123862406,968.1005428042606,NY,DOWN,0.2631578947368421
USDCLP.mg,2025-09-03 15:00:00,2025-09-03 15:00:00,BLOCK,STATE=TRANSITION|QL=NONE|LF=NONE,,blocked,NONE,970.2,972.2,970.0,970.0,970.632581453634,1.160826701470907,972.954234856576,968.3109280506924,NY,DOWN,0.2315789473684258
USDCLP.mg,2025-09-03 16:00:00,2025-09-03 16:00:00,BLOCK,STATE=TRANSITION|QL=NONE|LF=NONE,,blocked,NONE,970.0,970.3,968.1,970.0,970.3307274701413,1.1340654862956647,972.5988584427324,968.06259649755,NY,DOWN,0.2065217391304338
USDCLP.mg,2025-09-03 17:00:00,2025-09-03 17:00:00,ALLOW,STATE=TRANSITION|QL=TRANSITION_UNCLASSIFIED|LF=LOOK_FOR_transition_repricing_near_vwap,TRANSITION_PERSISTENCE,transition_persistence,SHORT,970.3,970.35,967.7,968.05,969.9343584656084,1.1419764288936558,972.2183113233956,967.6504056078212,NY,DOWN,0.0364583333333242
USDCLP.mg,2025-09-03 18:00:00,2025-09-03 18:00:00,BLOCK,STATE=TRANSITION|QL=NONE|LF=NONE,,blocked,NONE,968.1,969.9,966.6,966.7,969.5312648597242,1.196449363967944,971.92416358766,967.1383661317884,NY_PM,DOWN,0.0107526881720455
USDCLP.mg,2025-09-03 19:00:00,2025-09-03 19:00:00,BLOCK,STATE=TRANSITION|QL=NONE|LF=NONE,,blocked,NONE,966.8,968.7,966.7,968.05,969.4037490720118,1.18658124666989,971.7769115653516,967.030586578672,NY_PM,DOWN,0.155913978494617
USDCLP.mg,2025-09-03 20:00:00,2025-09-03 20:00:00,BLOCK,STATE=TRANSITION|QL=NONE|LF=NONE,,blocked,NONE,968.05,968.25,967.95,968.2,969.3311111111112,1.191582724849074,971.7142765608093,966.947945661413,NY_PM,DOWN,0.1882352941176497
USDCLP.mg,2025-09-03 21:00:00,2025-09-03 21:00:00,BLOCK,STATE=TRANSITION|QL=NONE|LF=NONE,,blocked,NONE,968.35,968.35,968.3,968.3,969.2857069143448,1.196024910929681,971.677756736204,966.8936570924852,NY_PM,DOWN,0.2251655629138996
USDCLP.mg,2025-09-03 22:00:00,2025-09-03 22:00:00,BLOCK,STATE=TRANSITION|QL=NONE|LF=NONE,,blocked,NONE,968.2,968.4,968.2,968.4,969.2567271099172,1.1859144661242065,971.6285560421657,966.8848981776688,NY_PM,DOWN,0.2384105960264854
USDCLP.mg,2025-09-04 14:00:00,2025-09-04 14:00:00,BLOCK,STATE=BALANCE|QL=NONE|LF=NONE,,blocked,NONE,971.0,971.0,969.6,970.0,970.2,1.1790131567619675,972.558026313524,967.841973686476,NY,UP,0.478873239436615
USDCLP.mg,2025-09-04 15:00:00,2025-09-04 15:00:00,BLOCK,STATE=TRANSITION|QL=NONE|LF=NONE,,blocked,NONE,969.8,970.3,967.5,968.6,969.33768115942,1.1409669921863448,971.6196151437928,967.0557471750474,NY,UP,0.2941176470588255
USDCLP.mg,2025-09-04 16:00:00,2025-09-04 16:00:00,BLOCK,STATE=TRANSITION|QL=NONE|LF=NONE,,blocked,NONE,968.8,971.0,968.6,970.45,969.504882154882,1.1510313740851348,971.8069449030522,967.2028194067118,NY,UP,0.6875000000000012
USDCLP.mg,2025-09-04 17:00:00,2025-09-04 17:00:00,BLOCK,STATE=TRANSITION|QL=NONE|LF=NONE,,blocked,NONE,970.5,972.45,970.5,972.1,970.0266729205754,1.1911943834941776,972.4090616875636,967.644284153587,NY,UP,0.9401709401709364
USDCLP.mg,2025-09-04 18:00:00,2025-09-04 18:00:00,BLOCK,STATE=TREND|QL=NONE|LF=NONE,,blocked,NONE,972.3,973.8,971.8,972.0,970.3560684872128,1.2145102444104852,972.7850889760338,967.927047998392,NY_PM,UP,0.750000000000004
USDCLP.mg,2025-09-04 19:00:00,2025-09-04 19:00:00,ALLOW,STATE=TRANSITION|QL=TRANSITION_UNCLASSIFIED|LF=LOOK_FOR_transition_repricing_near_vwap,TRANSITION_PERSISTENCE,transition_persistence,LONG,971.9,972.9,971.1,971.1,970.4603150912106,1.217865418221588,972.896045927654,968.0245842547674,NY_PM,UP,0.6250000000000059
USDCLP.mg,2025-09-04 20:00:00,2025-09-04 20:00:00,ALLOW,STATE=TRANSITION|QL=TRANSITION_UNCLASSIFIED|LF=LOOK_FOR_transition_repricing_near_vwap,TRANSITION_PERSISTENCE,transition_persistence,LONG,971.3,971.4,970.9,971.4,970.5439296266452,1.223164385685687,972.9902583980164,968.0976008552738,NY_PM,UP,0.6666666666666666
USDCLP.mg,2025-09-04 21:00:00,2025-09-04 21:00:00,ALLOW,STATE=TRANSITION|QL=TRANSITION_UNCLASSIFIED|LF=LOOK_FOR_transition_repricing_near_vwap,TRANSITION_PERSISTENCE,transition_persistence,LONG,971.6,971.7,971.6,971.6,970.6114759647934,1.2283531382658162,973.068182241325,968.1547696882618,NY_PM,UP,0.6901408450704282
USDCLP.mg,2025-09-04 22:00:00,2025-09-04 22:00:00,BLOCK,STATE=TREND|QL=NONE|LF=NONE,,blocked,NONE,971.5,971.85,971.35,971.4,970.6512259194396,1.2326497195387405,973.116525358517,968.185926480362,NY_PM,UP,0.61904761904762
USDCLP.mg,2025-09-05 14:00:00,2025-09-05 14:00:00,ALLOW,STATE=TRANSITION|QL=TRANSITION_UNCLASSIFIED|LF=LOOK_FOR_transition_repricing_near_vwap,TRANSITION_PERSISTENCE,transition_persistence,SHORT,966.3,967.1,965.9,966.2,966.4,1.2051073602155624,968.8102147204312,963.9897852795688,NY,DOWN,0.0379746835443125
USDCLP.mg,2025-09-05 15:00:00,2025-09-05 15:00:00,BLOCK,STATE=TREND|QL=NONE|LF=NONE,,blocked,NONE,966.1,966.2,962.3,963.2,964.7703703703704,1.2183776955659562,967.2071257615024,962.3336149792386,NY,DOWN,0.0782608695652253
USDCLP.mg,2025-09-05 16:00:00,2025-09-05 16:00:00,BLOCK,STATE=TREND|QL=NONE|LF=NONE,,blocked,NONE,963.1,966.1,962.7,964.5,964.7099605522684,1.216476033040736,967.1429126183498,962.2770084861868,NY,DOWN,0.1913043478260909
USDCLP.mg,2025-09-05 17:00:00,2025-09-05 17:00:00,BLOCK,STATE=TREND|QL=NONE|LF=NONE,,blocked,NONE,964.2,964.45,962.3,962.7,964.4889110225764,1.237474091230128,966.9638592050368,962.0139628401162,NY,DOWN,0.03478260869566
USDCLP.mg,2025-09-05 18:00:00,2025-09-05 18:00:00,BLOCK,STATE=TREND|QL=NONE|LF=NONE,,blocked,NONE,962.6,964.2,961.8,963.95,964.4382882882884,1.237907953195538,966.9141041946792,961.9624723818972,NY_PM,DOWN,0.1791666666666742
USDCLP.mg,2025-09-05 19:00:00,2025-09-05 19:00:00,BLOCK,STATE=TRANSITION|QL=NONE|LF=NONE,,blocked,NONE,963.9,964.1,962.1,963.7,964.3912048192772,1.2403059217345802,966.8718166627464,961.910592975808,NY_PM,DOWN,0.1583333333333409
USDCLP.mg,2025-09-05 20:00:00,2025-09-05 20:00:00,BLOCK,STATE=TRANSITION|QL=NONE|LF=NONE,,blocked,NONE,963.5,964.4,963.5,964.4,964.3981556002684,1.239824275414351,966.877804151097,961.9185070494397,NY_PM,DOWN,0.2166666666666685
USDCLP.mg,2025-09-05 21:00:00,2025-09-05 21:00:00,BLOCK,STATE=TRANSITION|QL=NONE|LF=NONE,,blocked,NONE,964.7,964.9,964.5,964.9,964.4267415083478,1.223006244820554,966.872753997989,961.9807290187068,NY_PM,UP,0.2792792792792807
USDCLP.mg,2025-09-08 14:00:00,2025-09-08 14:00:00,ALLOW,STATE=TRANSITION|QL=TRANSITION_UNCLASSIFIED|LF=LOOK_FOR_transition_repricing_near_vwap,TRANSITION_PERSISTENCE,transition_persistence_flat,NONE,962.9,965.9,962.8,964.6,964.4333333333332,1.164113278074376,966.761559889482,962.1051067771846,NY,FLAT,0.2786069651741342
USDCLP.mg,2025-09-08 15:00:00,2025-09-08 15:00:00,BLOCK,STATE=TRANSITION|QL=NONE|LF=NONE,,blocked,NONE,964.55,965.05,963.6,964.65,964.4441230486684,1.1245135721305912,966.6931501929296,962.1950959044073,NY,UP,0.2835820895522391
USDCLP.mg,2025-09-08 16:00:00,2025-09-08 16:00:00,ALLOW,STATE=BALANCE|QL=BALANCE_LEAKING|LF=LOOK_FOR_balance_dislocated_from_vwap,BALANCE_DEGRADATION,allow_unmapped_baseline,NONE,964.7,968.0,964.7,967.8,965.1341415830544,1.186175873688394,967.5064933304312,962.7617898356776,NY,UP,0.5970149253731303
USDCLP.mg,2025-09-08 17:00:00,2025-09-08 17:00:00,BLOCK,STATE=TRANSITION|QL=TRANSITION_UNCLASSIFIED|LF=LOOK_FOR_transition_dislocated_from_vwap,TRANSITION_RESOLUTION,transition_resolution,LONG,967.9,969.5,967.2,969.5,965.7357543017208,1.2950272710365909,968.325808843794,963.1456997596476,NY,UP,1.0
USDCLP.mg,2025-09-08 18:00:00,2025-09-08 18:00:00,ALLOW,STATE=BALANCE|QL=BALANCE_LEAKING|LF=LOOK_FOR_balance_dislocated_from_vwap,BALANCE_DEGRADATION,allow_unmapped_baseline,NONE,969.45,970.9,968.2,969.75,966.1936329588016,1.3826118674036765,968.9588566936088,963.428409223994,NY_PM,UP,0.8736263736263764
USDCLP.mg,2025-09-08 19:00:00,2025-09-08 19:00:00,BLOCK,STATE=TRANSITION|QL=NONE|LF=NONE,,blocked,NONE,969.45,969.65,969.3,969.35,966.462304937324,1.4330422047990523,969.3283893469222,963.596220527726,NY_PM,UP,0.829670329670335
USDCLP.mg,2025-09-08 20:00:00,2025-09-08 20:00:00,BLOCK,STATE=TRANSITION|QL=TRANSITION_UNCLASSIFIED|LF=LOOK_FOR_transition_dislocated_from_vwap,TRANSITION_RESOLUTION,transition_resolution,LONG,969.4,969.9,969.3,969.9,966.6768855656696,1.495106324966963,969.6670982156036,963.6866729157358,NY_PM,UP,0.8901098901098904
USDCLP.mg,2025-09-08 21:00:00,2025-09-08 21:00:00,BLOCK,STATE=TRANSITION|QL=NONE|LF=NONE,,blocked,NONE,969.6,969.6,969.4,969.4,966.8124929498026,1.5307168940769569,969.8739267379564,963.7510591616488,NY_PM,UP,0.8351648351648355
USDCLP.mg,2025-09-09 13:00:00,2025-09-09 13:00:00,BLOCK,STATE=TRANSITION|QL=NONE|LF=NONE,,blocked,NONE,968.1,968.3,967.6,968.3,968.0666666666666,1.5045646231502248,971.075795912967,965.0575374203662,NY,UP,0.7045454545454505
USDCLP.mg,2025-09-09 14:00:00,2025-09-09 14:00:00,ALLOW,STATE=TRANSITION|QL=TRANSITION_UNCLASSIFIED|LF=LOOK_FOR_transition_repricing_near_vwap,TRANSITION_PERSISTENCE,transition_persistence,SHORT,968.0,969.0,967.6,968.0,968.1726190476188,1.4812064828239275,971.1350320132668,965.210206081971,NY,DOWN,0.6419753086419792
USDCLP.mg,2025-09-09 15:00:00,2025-09-09 15:00:00,BLOCK,STATE=TRANSITION|QL=NONE|LF=NONE,,blocked,NONE,967.9,967.9,963.9,964.0,966.6312280701752,1.5263508105189902,969.6839296912132,963.5785264491374,NY,DOWN,0.1481481481481533
USDCLP.mg,2025-09-09 16:00:00,2025-09-09 16:00:00,BLOCK,STATE=BALANCE|QL=NONE|LF=NONE,,blocked,NONE,963.7,966.0,963.0,965.15,966.2529835390944,1.5256802902901934,969.304344119675,963.201622958514,NY,DOWN,0.2901234567901254
USDCLP.mg,2025-09-09 17:00:00,2025-09-09 17:00:00,BLOCK,STATE=TRANSITION|QL=NONE|LF=NONE,,blocked,NONE,965.25,967.9,965.25,967.8,966.3545123726344,1.5295169275326346,969.4135462276998,963.2954785175692,NY,DOWN,0.6075949367088568
USDCLP.mg,2025-09-09 18:00:00,2025-09-09 18:00:00,ALLOW,STATE=TRANSITION|QL=TRANSITION_UNCLASSIFIED|LF=LOOK_FOR_transition_repricing_near_vwap,TRANSITION_PERSISTENCE,transition_persistence,SHORT,967.7,968.65,967.2,967.2,966.3648085585584,1.5300099343495068,969.4248284272576,963.3047886898596,NY_PM,DOWN,0.5316455696202604
USDCLP.mg,2025-09-09 19:00:00,2025-09-09 19:00:00,ALLOW,STATE=TRANSITION|QL=TRANSITION_UNCLASSIFIED|LF=LOOK_FOR_transition_repricing_near_vwap,TRANSITION_PERSISTENCE,transition_persistence,SHORT,967.1,967.1,966.0,966.8,966.346694214876,1.527916059383577,969.4025263336432,963.2908620961088,NY_PM,DOWN,0.4810126582278437
USDCLP.mg,2025-09-09 20:00:00,2025-09-09 20:00:00,ALLOW,STATE=TRANSITION|QL=TRANSITION_UNCLASSIFIED|LF=LOOK_FOR_transition_repricing_near_vwap,TRANSITION_PERSISTENCE,transition_persistence,SHORT,967.2,967.4,967.2,967.4,966.3653875968992,1.532382377897802,969.4301523526948,963.3006228411036,NY_PM,DOWN,0.5569620253164544
USDCLP.mg,2025-09-09 21:00:00,2025-09-09 21:00:00,ALLOW,STATE=TRANSITION|QL=TRANSITION_UNCLASSIFIED|LF=LOOK_FOR_transition_repricing_near_vwap,TRANSITION_PERSISTENCE,transition_persistence,LONG,967.3,967.4,966.9,967.1,966.3655600268276,1.5047203942801424,969.375000815388,963.3561192382674,NY_PM,UP,0.5942028985507299
USDCLP.mg,2025-09-10 13:00:00,2025-09-10 13:00:00,ALLOW,STATE=TRANSITION|QL=TRANSITION_UNCLASSIFIED|LF=LOOK_FOR_transition_repricing_near_vwap,TRANSITION_PERSISTENCE,transition_persistence,SHORT,963.4,964.2,963.4,963.8,963.7999999999998,1.5046622021989788,966.8093244043978,960.790675595602,NY,DOWN,0.115942028985501
USDCLP.mg,2025-09-10 14:00:00,2025-09-10 14:00:00,ALLOW,STATE=TRANSITION|QL=TRANSITION_UNCLASSIFIED|LF=LOOK_FOR_transition_repricing_near_vwap,TRANSITION_PERSISTENCE,transition_persistence,SHORT,964.0,965.1,962.7,963.9,963.8842767295598,1.5044139018166771,966.8931045331932,960.8754489259264,NY,DOWN,0.1739130434782515
USDCLP.mg,2025-09-10 15:00:00,2025-09-10 15:00:00,BLOCK,STATE=TRANSITION|QL=NONE|LF=NONE,,blocked,NONE,964.0,964.0,961.2,961.65,963.319795221843,1.5189738187499806,966.357742859343,960.281847584343,NY,DOWN,0.0576923076922992
USDCLP.mg,2025-09-10 16:00:00,2025-09-10 16:00:00,BLOCK,STATE=TRANSITION|QL=NONE|LF=NONE,,blocked,NONE,961.35,961.8,960.1,960.8,962.8930715935336,1.5504638245289937,965.9939992425916,959.7921439444756,NY,DOWN,0.0786516853932509
USDCLP.mg,2025-09-10 17:00:00,2025-09-10 17:00:00,ALLOW,STATE=TRANSITION|QL=TRANSITION_UNCLASSIFIED|LF=LOOK_FOR_transition_repricing_near_vwap,TRANSITION_PERSISTENCE,transition_persistence,SHORT,960.6,963.2,960.6,963.1,962.8621873182084,1.5481734086806056,965.9585341355696,959.765840500847,NY,DOWN,0.350877192982458
USDCLP.mg,2025-09-10 18:00:00,2025-09-10 18:00:00,ALLOW,STATE=TRANSITION|QL=TRANSITION_UNCLASSIFIED|LF=LOOK_FOR_transition_repricing_near_vwap,TRANSITION_PERSISTENCE,transition_persistence,SHORT,963.05,963.3,961.55,961.55,962.7419822346892,1.5439304444934543,965.829843123676,959.6541213457022,NY_PM,DOWN,0.1695906432748467
USDCLP.mg,2025-09-10 19:00:00,2025-09-10 19:00:00,ALLOW,STATE=TRANSITION|QL=TRANSITION_UNCLASSIFIED|LF=LOOK_FOR_transition_repricing_near_vwap,TRANSITION_PERSISTENCE,transition_persistence,SHORT,961.45,961.45,960.9,961.4,962.6530285267684,1.5418941073041632,965.7368167413766,959.56924031216,NY_PM,DOWN,0.1520467836257265
USDCLP.mg,2025-09-10 20:00:00,2025-09-10 20:00:00,BLOCK,STATE=TREND|QL=NONE|LF=NONE,,blocked,NONE,961.7,961.8,961.7,961.7,962.6032561262168,1.547957261973694,965.6991706501642,959.5073416022694,NY_PM,DOWN,0.1871345029239802
USDCLP.mg,2025-09-10 21:00:00,2025-09-10 21:00:00,BLOCK,STATE=TREND|QL=NONE|LF=NONE,,blocked,NONE,962.0,962.3,962.0,962.15,962.5843189173283,1.5462688829285631,965.6768566831856,959.4917811514712,NY_PM,UP,0.2808219178082147
USDCLP.mg,2025-09-11 13:00:00,2025-09-11 13:00:00,ALLOW,STATE=TRANSITION|QL=TRANSITION_UNCLASSIFIED|LF=LOOK_FOR_transition_repricing_near_vwap,TRANSITION_PERSISTENCE,transition_persistence,LONG,963.55,964.0,962.5,963.7,963.4,1.5451381663133794,966.4902763326268,960.3097236673732,NY,UP,0.493150684931513
USDCLP.mg,2025-09-11 14:00:00,2025-09-11 14:00:00,BLOCK,STATE=TRANSITION|QL=NONE|LF=NONE,,blocked,NONE,963.7,964.6,959.0,959.1,961.2497409326425,1.5526250092806608,964.3549909512038,958.1444909140812,NY,DOWN,0.0119047619047646
USDCLP.mg,2025-09-11 15:00:00,2025-09-11 15:00:00,BLOCK,STATE=TREND|QL=NONE|LF=NONE,,blocked,NONE,959.2,959.7,954.6,954.8,959.708991825613,1.65752405587561,963.0240399373644,956.3939437138616,NY,DOWN,0.0190476190476125
USDCLP.mg,2025-09-11 16:00:00,2025-09-11 16:00:00,BLOCK,STATE=TRANSITION|QL=TRANSITION_UNCLASSIFIED|LF=LOOK_FOR_transition_dislocated_from_vwap,TRANSITION_RESOLUTION,transition_resolution,SHORT,954.9,955.0,952.2,953.7,958.7841035120148,1.8011045005506578,962.386312513116,955.1818945109134,NY,DOWN,0.116279069767442
USDCLP.mg,2025-09-11 17:00:00,2025-09-11 17:00:00,BLOCK,STATE=TREND|QL=NONE|LF=NONE,,blocked,NONE,953.6,954.2,950.4,952.3,958.0497902097902,1.9710012788656244,961.9917927675216,954.107787652059,NY,DOWN,0.1338028169014064
USDCLP.mg,2025-09-11 18:00:00,2025-09-11 18:00:00,BLOCK,STATE=TREND|QL=NONE|LF=NONE,,blocked,NONE,952.5,953.5,951.0,952.6,957.6224971878514,2.0877780091522413,961.798053206156,953.4469411695468,NY_PM,DOWN,0.1549295774647914
USDCLP.mg,2025-09-11 19:00:00,2025-09-11 19:00:00,BLOCK,STATE=TRANSITION|QL=NONE|LF=NONE,,blocked,NONE,952.4,952.4,951.4,952.4,957.324176857949,2.1918178030675475,961.707812464084,952.940541251814,NY_PM,DOWN,0.1408450704225347
USDCLP.mg,2025-09-11 20:00:00,2025-09-11 20:00:00,BLOCK,STATE=TRANSITION|QL=TRANSITION_UNCLASSIFIED|LF=LOOK_FOR_transition_dislocated_from_vwap,TRANSITION_RESOLUTION,transition_resolution,SHORT,952.4,952.7,951.8,951.9,957.0863379143086,2.300287434898608,961.686912784106,952.4857630445114,NY_PM,DOWN,0.105633802816901
USDCLP.mg,2025-09-11 21:00:00,2025-09-11 21:00:00,BLOCK,STATE=TRANSITION|QL=NONE|LF=NONE,,blocked,NONE,951.6,951.6,949.95,950.4,956.8270021261516,2.455394903146049,961.7377919324437,951.9162123198596,NY_PM,DOWN,0.0307167235494834
USDCLP.mg,2025-09-12 13:00:00,2025-09-12 13:00:00,BLOCK,STATE=TRANSITION|QL=NONE|LF=NONE,,blocked,NONE,951.3,951.6,950.5,951.4,951.1666666666666,2.449121440433616,956.0649095475338,946.2684237857994,NY,DOWN,0.0989761092150125
USDCLP.mg,2025-09-12 14:00:00,2025-09-12 14:00:00,BLOCK,STATE=TRANSITION|QL=NONE|LF=NONE,,blocked,NONE,951.5,954.0,951.4,953.7,952.375238095238,2.435463481447246,957.2461650581324,947.5043111323436,NY,UP,0.2559726962457342
USDCLP.mg,2025-09-12 15:00:00,2025-09-12 15:00:00,BLOCK,STATE=TRANSITION|QL=NONE|LF=NONE,,blocked,NONE,953.75,955.65,953.55,955.0,953.0770208901,2.440771697286761,957.9585642846736,948.1954774955263,NY,UP,0.3447098976109189
USDCLP.mg,2025-09-12 16:00:00,2025-09-12 16:00:00,BLOCK,STATE=TRANSITION|QL=NONE|LF=NONE,,blocked,NONE,954.9,955.5,952.6,955.4,953.3818756875688,2.4614471246633345,958.3047699368954,948.458981438242,NY,UP,0.372013651877129
USDCLP.mg,2025-09-12 17:00:00,2025-09-12 17:00:00,BLOCK,STATE=TRANSITION|QL=NONE|LF=NONE,,blocked,NONE,955.5,956.25,953.7,956.1,953.6368441814597,2.489301936301072,958.6154480540616,948.6582403088574,NY,UP,0.6307692307692284
USDCLP.mg,2025-09-12 18:00:00,2025-09-12 18:00:00,ALLOW,STATE=TRANSITION|QL=TRANSITION_UNCLASSIFIED|LF=LOOK_FOR_transition_repricing_near_vwap,TRANSITION_PERSISTENCE,transition_persistence,LONG,956.2,956.9,954.2,954.2,953.6875153751536,2.4846850179613877,958.6568854110764,948.7181453392308,NY_PM,UP,0.6115107913669124
USDCLP.mg,2025-09-12 19:00:00,2025-09-12 19:00:00,ALLOW,STATE=TRANSITION|QL=TRANSITION_UNCLASSIFIED|LF=LOOK_FOR_transition_repricing_near_vwap,TRANSITION_PERSISTENCE,transition_persistence,LONG,953.9,954.4,953.5,953.7,953.689770723104,2.4796873430451,958.6491454091944,948.730396037014,NY_PM,UP,0.5395683453237463
USDCLP.mg,2025-09-12 20:00:00,2025-09-12 20:00:00,BLOCK,STATE=BALANCE|QL=NONE|LF=NONE,,blocked,NONE,953.7,953.9,953.7,953.9,953.7015364916774,2.481150092343269,958.663836676364,948.7392363069908,NY_PM,UP,0.568345323741003
USDCLP.mg,2025-09-15 13:00:00,2025-09-15 13:00:00,ALLOW,STATE=TRANSITION|QL=TRANSITION_UNCLASSIFIED|LF=LOOK_FOR_transition_repricing_near_vwap,TRANSITION_PERSISTENCE,transition_persistence,SHORT,952.45,952.5,952.0,952.1,952.2,2.4762236650317013,957.1524473300632,947.2475526699366,NY,DOWN,0.3093525179856112
USDCLP.mg,2025-09-15 14:00:00,2025-09-15 14:00:00,ALLOW,STATE=TRANSITION|QL=TRANSITION_UNCLASSIFIED|LF=LOOK_FOR_transition_repricing_near_vwap,TRANSITION_PERSISTENCE,transition_persistence,SHORT,952.05,952.7,950.1,950.1,951.2041407867496,2.4779516604190333,956.1600441075876,946.2482374659114,NY,DOWN,0.0215827338129465
USDCLP.mg,2025-09-15 15:00:00,2025-09-15 15:00:00,ALLOW,STATE=TRANSITION|QL=TRANSITION_UNCLASSIFIED|LF=LOOK_FOR_transition_repricing_near_vwap,TRANSITION_PERSISTENCE,transition_persistence,SHORT,950.0,951.35,949.8,950.5,951.1129438717068,2.470373499992903,956.0536908716928,946.1721968717212,NY,DOWN,0.0985915492957807
USDCLP.mg,2025-09-15 16:00:00,2025-09-15 16:00:00,BLOCK,STATE=TREND|QL=NONE|LF=NONE,,blocked,NONE,950.7,951.8,950.5,950.9,951.119239904988,2.4704878706275157,956.0602156462433,946.1782641637332,NY,DOWN,0.1549295774647914
USDCLP.mg,2025-09-15 17:00:00,2025-09-15 17:00:00,BLOCK,STATE=TRANSITION|QL=NONE|LF=NONE,,blocked,NONE,950.7,951.1,948.55,948.9,950.8669691470054,2.480099515426291,955.827168177858,945.9067701161528,NY,DOWN,0.0419161676646732
USDCLP.mg,2025-09-15 18:00:00,2025-09-15 18:00:00,ALLOW,STATE=TRANSITION|QL=TRANSITION_UNCLASSIFIED|LF=LOOK_FOR_transition_repricing_near_vwap,TRANSITION_PERSISTENCE,transition_persistence,SHORT,949.0,952.0,948.6,951.0,950.8446402349484,2.480737514522361,955.8061152639932,945.8831652059038,NY_PM,DOWN,0.2934131736526992
USDCLP.mg,2025-09-15 19:00:00,2025-09-15 19:00:00,BLOCK,STATE=TRANSITION|QL=NONE|LF=NONE,,blocked,NONE,950.95,951.2,950.6,951.2,950.8401561857788,2.4799511669354444,955.8000585196496,945.880253851908,NY_PM,DOWN,0.3173652694610879
USDCLP.mg,2025-09-15 20:00:00,2025-09-15 20:00:00,BLOCK,STATE=TRANSITION|QL=NONE|LF=NONE,,blocked,NONE,951.1,951.1,950.7,950.7,950.8138859369463,2.47889713970528,955.771680216357,945.856091657536,NY_PM,UP,0.2574850299401299
USDCLP.mg,2025-09-15 21:00:00,2025-09-15 21:00:00,BLOCK,STATE=TRANSITION|QL=NONE|LF=NONE,,blocked,NONE,950.6,950.8,950.3,950.4,950.7818549642078,2.4771994278149307,955.7362538198375,945.827456108578,NY_PM,FLAT,0.221556886227547
USDCLP.mg,2025-09-16 13:00:00,2025-09-16 13:00:00,BLOCK,STATE=TRANSITION|QL=NONE|LF=NONE,,blocked,NONE,948.2,949.2,948.0,948.5,948.5666666666666,2.4369930603461647,953.4406527873588,943.6926805459744,NY,DOWN,0.0781250000000002
USDCLP.mg,2025-09-16 14:00:00,2025-09-16 14:00:00,BLOCK,STATE=TRANSITION|QL=NONE|LF=NONE,,blocked,NONE,948.4,948.8,947.0,948.0,948.2378378378378,2.358563823933992,952.9549654857058,943.5207101899698,NY,DOWN,0.1449275362318845
USDCLP.mg,2025-09-16 15:00:00,2025-09-16 15:00:00,BLOCK,STATE=TRANSITION|QL=NONE|LF=NONE,,blocked,NONE,948.1,949.0,947.5,949.0,948.318181818182,2.2897274725984955,952.8976367633788,943.7387268729848,NY,DOWN,0.3508771929824533
USDCLP.mg,2025-09-16 16:00:00,2025-09-16 16:00:00,BLOCK,STATE=TRANSITION|QL=NONE|LF=NONE,,blocked,NONE,949.0,949.4,946.9,947.0,948.1354609929076,2.23334047952639,952.6021419519604,943.668780033855,NY,DOWN,0.0172413793103485
USDCLP.mg,2025-09-16 17:00:00,2025-09-16 17:00:00,BLOCK,STATE=BALANCE|QL=NONE|LF=NONE,,blocked,NONE,947.05,949.3,947.05,948.2,948.143226788432,2.1631173534035266,952.4694614952392,943.816992081625,NY,DOWN,0.254901960784326
USDCLP.mg,2025-09-16 18:00:00,2025-09-16 18:00:00,BLOCK,STATE=TRANSITION|QL=NONE|LF=NONE,,blocked,NONE,948.2,949.2,947.9,947.9,948.1279707495428,2.1096356449992983,952.3472420395416,943.9086994595444,NY_PM,DOWN,0.1960784313725481
USDCLP.mg,2025-09-16 19:00:00,2025-09-16 19:00:00,BLOCK,STATE=TRANSITION|QL=NONE|LF=NONE,,blocked,NONE,947.8,947.9,947.1,947.3,948.0845528455284,2.1040010376665137,952.2925549208612,943.8765507701952,NY_PM,DOWN,0.0784313725490148
USDCLP.mg,2025-09-16 20:00:00,2025-09-16 20:00:00,BLOCK,STATE=TRANSITION|QL=NONE|LF=NONE,,blocked,NONE,947.4,947.5,947.4,947.4,948.05825708061,2.1018959312809384,952.2620489431716,943.854465218048,NY_PM,DOWN,0.098039215686274
USDCLP.mg,2025-09-16 21:00:00,2025-09-16 21:00:00,BLOCK,STATE=TRANSITION|QL=NONE|LF=NONE,,blocked,NONE,947.3,947.5,947.3,947.4,948.0385202135772,2.086597165390576,952.2117145443584,943.865325882796,NY_PM,DOWN,0.11627906976744
USDCLP.mg,2025-09-17 13:00:00,2025-09-17 13:00:00,BLOCK,STATE=BALANCE|QL=NONE|LF=NONE,,blocked,NONE,949.4,949.5,949.0,949.0,949.1666666666666,2.0882716384681768,953.343209943603,944.9901233897302,NY,UP,0.5
USDCLP.mg,2025-09-17 14:00:00,2025-09-17 14:00:00,BLOCK,STATE=BALANCE|QL=NONE|LF=NONE,,blocked,NONE,949.4,951.2,949.4,949.85,949.8881782945738,2.0660141054702983,954.0202065055144,945.7561500836332,NY,UP,0.6860465116279066
USDCLP.mg,2025-09-17 15:00:00,2025-09-17 15:00:00,BLOCK,STATE=BALANCE|QL=NONE|LF=NONE,,blocked,NONE,949.8,950.5,948.4,950.4,949.9568759342304,2.0602698977195315,954.0774157296694,945.8363361387912,NY,UP,0.8139534883720801
USDCLP.mg,2025-09-17 16:00:00,2025-09-17 16:00:00,ALLOW,STATE=TRANSITION|QL=TRANSITION_UNCLASSIFIED|LF=LOOK_FOR_transition_repricing_near_vwap,TRANSITION_PERSISTENCE,transition_persistence,LONG,950.5,951.6,950.4,950.8,950.0747685185186,2.06412470433624,954.203017927191,945.946519109846,NY,UP,0.8297872340425403
USDCLP.mg,2025-09-22 13:00:00,2025-09-22 13:00:00,ALLOW,STATE=TRANSITION|QL=TRANSITION_UNCLASSIFIED|LF=LOOK_FOR_transition_repricing_near_vwap,TRANSITION_PERSISTENCE,transition_persistence,LONG,954.1,954.65,953.0,953.2,953.6166666666668,2.047355241924527,957.711377150516,949.5219561828176,NY,UP,0.8129032258064605
USDCLP.mg,2025-09-22 14:00:00,2025-09-22 14:00:00,ALLOW,STATE=TRANSITION|QL=TRANSITION_UNCLASSIFIED|LF=LOOK_FOR_transition_repricing_near_vwap,TRANSITION_PERSISTENCE,transition_persistence,LONG,953.15,954.65,951.4,951.55,952.7026041666668,2.034537872949033,956.7716799125648,948.6335284207686,NY,UP,0.5999999999999971
USDCLP.mg,2025-09-22 15:00:00,2025-09-22 15:00:00,BLOCK,STATE=TREND|QL=NONE|LF=NONE,,blocked,NONE,951.65,955.0,950.45,954.05,952.9149717514124,2.051131348864771,957.017234449142,948.812709053683,NY,UP,0.880503144654083
USDCLP.mg,2025-09-22 16:00:00,2025-09-22 16:00:00,BLOCK,STATE=TREND|QL=NONE|LF=NONE,,blocked,NONE,954.0,956.4,954.0,956.15,953.3602713178296,2.1125748060177987,957.5854209298652,949.135121705794,NY,UP,0.9731182795698924
USDCLP.mg,2025-09-22 17:00:00,2025-09-22 17:00:00,BLOCK,STATE=TREND|QL=NONE|LF=NONE,,blocked,NONE,956.1,956.7,956.1,956.5,953.6445427728612,2.1719209132266126,957.9883845993144,949.300700946408,NY,UP,0.979166666666662
USDCLP.mg,2025-09-22 18:00:00,2025-09-22 18:00:00,BLOCK,STATE=TREND|QL=NONE|LF=NONE,,blocked,NONE,956.4,956.5,954.3,954.85,953.7130952380952,2.1788344815236926,958.0707642011424,949.355426275048,NY_PM,UP,0.8031914893617016
USDCLP.mg,2025-09-22 19:00:00,2025-09-22 19:00:00,BLOCK,STATE=TRANSITION|QL=NONE|LF=NONE,,blocked,NONE,954.9,955.4,954.9,955.3,953.7837325349302,2.197176729914698,958.1780859947596,949.3893790751008,NY_PM,UP,0.8510638297872258
USDCLP.mg,2025-09-22 20:00:00,2025-09-22 20:00:00,BLOCK,STATE=TRANSITION|QL=NONE|LF=NONE,,blocked,NONE,955.1,955.3,955.0,955.3,953.83470790378,2.2158175922506693,958.2663430882816,949.4030727192788,NY_PM,UP,0.8313253012048097
USDCLP.mg,2025-09-22 21:00:00,2025-09-22 21:00:00,BLOCK,STATE=TRANSITION|QL=NONE|LF=NONE,,blocked,NONE,955.6,956.45,955.6,955.9,953.8976621417798,2.2437451296595907,958.385152401099,949.4101718824606,NY_PM,UP,0.903614457831318
USDCLP.mg,2025-09-23 13:00:00,2025-09-23 13:00:00,BLOCK,STATE=TRANSITION|QL=NONE|LF=NONE,,blocked,NONE,954.35,954.9,954.0,954.9,954.6,2.2461128648612467,959.0922257297226,950.1077742702776,NY,DOWN,0.7831325301204755
USDCLP.mg,2025-09-23 14:00:00,2025-09-23 14:00:00,BLOCK,STATE=TRANSITION|QL=NONE|LF=NONE,,blocked,NONE,954.8,957.4,954.8,956.4,955.719341563786,2.252365663733176,960.2240728912524,951.2146102363196,NY,FLAT,0.8571428571428571
USDCLP.mg,2025-09-23 15:00:00,2025-09-23 15:00:00,BLOCK,STATE=TRANSITION|QL=NONE|LF=NONE,,blocked,NONE,956.3,956.3,952.5,952.6,955.0107382550336,2.265700049518361,959.5421383540704,950.4793381559969,NY,DOWN,0.3093525179856112
USDCLP.mg,2025-09-23 16:00:00,2025-09-23 16:00:00,BLOCK,STATE=TRANSITION|QL=NONE|LF=NONE,,blocked,NONE,952.5,953.1,949.8,950.8,954.0309895833334,2.286462416101149,958.6039144155357,949.4580647511312,NY,DOWN,0.1315789473684206
USDCLP.mg,2025-09-23 17:00:00,2025-09-23 17:00:00,BLOCK,STATE=TRANSITION|QL=TRANSITION_UNCLASSIFIED|LF=LOOK_FOR_transition_dislocated_from_vwap,TRANSITION_RESOLUTION,transition_resolution,SHORT,951.0,951.9,948.3,948.4,953.1806737588652,2.2815476851467644,957.7437691291587,948.6175783885716,NY,DOWN,0.0109890109890134
USDCLP.mg,2025-09-23 18:00:00,2025-09-23 18:00:00,BLOCK,STATE=TREND|QL=NONE|LF=NONE,,blocked,NONE,948.45,950.2,947.35,947.9,952.624865591398,2.267523184203803,957.1599119598056,948.0898192229904,NY_PM,DOWN,0.0547263681591997
USDCLP.mg,2025-09-23 19:00:00,2025-09-23 19:00:00,BLOCK,STATE=TREND|QL=NONE|LF=NONE,,blocked,NONE,948.0,948.0,947.9,947.9,952.285606060606,2.2111859151989277,956.707977891004,947.8632342302084,NY_PM,DOWN,0.0547263681591997
USDCLP.mg,2025-09-23 20:00:00,2025-09-23 20:00:00,BLOCK,STATE=TREND|QL=NONE|LF=NONE,,blocked,NONE,948.2,948.9,948.2,948.4,952.0841485507246,2.1631807434593955,956.4105100376436,947.7577870638058,NY_PM,DOWN,0.1044776119402944
USDCLP.mg,2025-09-23 21:00:00,2025-09-23 21:00:00,BLOCK,STATE=TRANSITION|QL=NONE|LF=NONE,,blocked,NONE,948.6,948.6,948.3,948.4,951.9391744548288,2.1136167624361923,956.1664079797011,947.7119409299564,NY_PM,DOWN,0.1044776119402944
USDCLP.mg,2025-09-24 13:00:00,2025-09-24 13:00:00,BLOCK,STATE=TRANSITION|QL=NONE|LF=NONE,,blocked,NONE,951.4,952.4,951.4,952.25,952.0166666666668,2.002774149889291,956.0222149664452,948.0111183668882,NY,UP,0.4875621890547263
USDCLP.mg,2025-09-24 14:00:00,2025-09-24 14:00:00,BLOCK,STATE=TRANSITION|QL=NONE|LF=NONE,,blocked,NONE,952.2,952.25,949.85,951.1,951.3491666666666,1.801251500121131,954.9516696669089,947.7466636664244,NY,UP,0.3731343283582106
USDCLP.mg,2025-09-24 15:00:00,2025-09-24 15:00:00,BLOCK,STATE=TRANSITION|QL=NONE|LF=NONE,,blocked,NONE,951.3,954.0,950.7,953.3,951.9336956521736,1.8143565544145253,955.5624087610028,948.3049825433446,NY,UP,0.5920398009950207
USDCLP.mg,2025-09-24 16:00:00,2025-09-24 16:00:00,BLOCK,STATE=TRANSITION|QL=NONE|LF=NONE,,blocked,NONE,953.4,955.2,952.5,953.1,952.2164351851852,1.8077837350668529,955.8320026553188,948.6008677150515,NY,UP,0.5721393034825897
USDCLP.mg,2025-09-24 17:00:00,2025-09-24 17:00:00,BLOCK,STATE=BALANCE|QL=NONE|LF=NONE,,blocked,NONE,955.25,955.35,953.15,953.8,952.4243197278912,1.796148603428104,956.0166169347474,948.832022521035,NY,UP,0.7206703910614504
USDCLP.mg,2025-09-24 18:00:00,2025-09-24 18:00:00,ALLOW,STATE=TRANSITION|QL=TRANSITION_UNCLASSIFIED|LF=LOOK_FOR_transition_repricing_near_vwap,TRANSITION_PERSISTENCE,transition_persistence,LONG,953.6,954.0,951.95,952.35,952.4436827956988,1.766715671658656,955.9771141390162,948.9102514523815,NY_PM,UP,0.625
USDCLP.mg,2025-09-24 19:00:00,2025-09-24 19:00:00,ALLOW,STATE=TRANSITION|QL=TRANSITION_UNCLASSIFIED|LF=LOOK_FOR_transition_repricing_near_vwap,TRANSITION_PERSISTENCE,transition_persistence,SHORT,952.25,952.3,951.4,951.4,952.4014444444445,1.724550812347344,955.850546069139,948.9523428197496,NY_PM,DOWN,0.5062499999999943
USDCLP.mg,2025-09-24 20:00:00,2025-09-24 20:00:00,ALLOW,STATE=TRANSITION|QL=TRANSITION_UNCLASSIFIED|LF=LOOK_FOR_transition_repricing_near_vwap,TRANSITION_PERSISTENCE,transition_persistence,LONG,951.5,951.9,951.5,951.9,952.396306818182,1.720212394238777,955.8367316066594,948.9558820297044,NY_PM,UP,0.5687499999999943
USDCLP.mg,2025-09-24 21:00:00,2025-09-24 21:00:00,ALLOW,STATE=TRANSITION|QL=TRANSITION_UNCLASSIFIED|LF=LOOK_FOR_transition_repricing_near_vwap,TRANSITION_PERSISTENCE,transition_persistence,SHORT,951.7,952.1,951.6,952.1,952.4010726072607,1.7193899139948876,955.8398524352506,948.9622927792713,NY_PM,DOWN,0.5637583892617476
USDCLP.mg,2025-09-25 13:00:00,2025-09-25 13:00:00,ALLOW,STATE=TRANSITION|QL=TRANSITION_UNCLASSIFIED|LF=LOOK_FOR_transition_repricing_near_vwap,TRANSITION_PERSISTENCE,transition_persistence,SHORT,951.3,953.25,951.3,952.0,952.1833333333336,1.7176553647740918,955.6186440628816,948.7480226037852,NY,DOWN,0.5314685314685268
USDCLP.mg,2025-09-25 14:00:00,2025-09-25 14:00:00,ALLOW,STATE=TRANSITION|QL=TRANSITION_UNCLASSIFIED|LF=LOOK_FOR_transition_repricing_near_vwap,TRANSITION_PERSISTENCE,transition_persistence,LONG,951.9,955.3,951.3,954.3,953.37702020202,1.7271107547990228,956.831241711618,949.922798692422,NY,UP,0.8510638297872258
USDCLP.mg,2025-09-25 15:00:00,2025-09-25 15:00:00,BLOCK,STATE=TRANSITION|QL=TRANSITION_UNCLASSIFIED|LF=LOOK_FOR_transition_dislocated_from_vwap,TRANSITION_RESOLUTION,transition_resolution,LONG,954.5,957.9,953.1,957.45,954.4902709359604,1.7859193060688523,958.0621095480982,950.9184323238228,NY,UP,0.9440993788819956
USDCLP.mg,2025-09-25 16:00:00,2025-09-25 16:00:00,BLOCK,STATE=TRANSITION|QL=NONE|LF=NONE,,blocked,NONE,957.4,959.0,956.2,957.7,955.0017100977198,1.833957608431273,958.6696253145824,951.3337948808572,NY,UP,0.8579234972677642
USDCLP.mg,2025-09-25 17:00:00,2025-09-25 17:00:00,BLOCK,STATE=TRANSITION|QL=TRANSITION_UNCLASSIFIED|LF=LOOK_FOR_transition_dislocated_from_vwap,TRANSITION_RESOLUTION,transition_resolution,LONG,957.8,959.9,957.35,958.6,955.4061435523112,1.8961057882289312,959.1983551287692,951.6139319758536,NY,UP,0.858695652173917
USDCLP.mg,2025-09-25 18:00:00,2025-09-25 18:00:00,BLOCK,STATE=TRANSITION|QL=TRANSITION_UNCLASSIFIED|LF=LOOK_FOR_transition_dislocated_from_vwap,TRANSITION_RESOLUTION,transition_resolution,LONG,958.4,958.9,957.6,958.7,955.6539644012944,1.9299046024227011,959.5137736061396,951.7941551964489,NY_PM,UP,0.8604651162790781
USDCLP.mg,2025-09-25 19:00:00,2025-09-25 19:00:00,ALLOW,STATE=TRANSITION|QL=TRANSITION_UNCLASSIFIED|LF=LOOK_FOR_transition_dislocated_from_vwap,TRANSITION_RESOLUTION,transition_resolution,LONG,958.4,959.7,958.4,959.7,955.8745153473344,2.005877094033917,959.886269535402,951.8627611592664,NY_PM,UP,0.9767441860465196
USDCLP.mg,2025-09-25 20:00:00,2025-09-25 20:00:00,BLOCK,STATE=TREND|QL=NONE|LF=NONE,,blocked,NONE,959.7,960.4,959.7,960.4,956.0891539880128,2.094939486656243,960.2790329613252,951.8992750147004,NY_PM,UP,1.0
USDCLP.mg,2025-09-25 21:00:00,2025-09-25 21:00:00,BLOCK,STATE=TREND|QL=NONE|LF=NONE,,blocked,NONE,960.3,960.3,959.1,959.2,956.1995062474808,2.134077705789144,960.467661659059,951.9313508359024,NY_PM,UP,0.8681318681318759
USDCLP.mg,2025-09-26 13:00:00,2025-09-26 13:00:00,BLOCK,STATE=TREND|QL=NONE|LF=NONE,,blocked,NONE,958.25,958.7,958.1,958.7,958.5,2.132579713831253,962.7651594276624,954.2348405723376,NY,UP,0.8131868131868212
USDCLP.mg,2025-09-26 14:00:00,2025-09-26 14:00:00,ALLOW,STATE=TRANSITION|QL=TRANSITION_UNCLASSIFIED|LF=LOOK_FOR_transition_repricing_near_vwap,TRANSITION_PERSISTENCE,transition_persistence,SHORT,958.6,960.0,956.1,956.7,957.7363636363636,2.1393046150107087,962.014972866385,953.4577544063422,NY,DOWN,0.593406593406602
USDCLP.mg,2025-09-26 15:00:00,2025-09-26 15:00:00,BLOCK,STATE=TREND|QL=NONE|LF=NONE,,blocked,NONE,956.7,960.2,956.5,960.1,958.2245901639344,2.152028497568694,962.528647159072,953.920533168797,NY,UP,0.967032967032972
USDCLP.mg,2025-09-26 16:00:00,2025-09-26 16:00:00,ALLOW,STATE=TRANSITION|QL=TRANSITION_UNCLASSIFIED|LF=LOOK_FOR_transition_repricing_near_vwap,TRANSITION_PERSISTENCE,transition_persistence,SHORT,960.0,960.6,958.0,959.3,958.4188112745096,2.153110875149375,962.7250330248085,954.112589524211,NY,DOWN,0.8602150537634345
USDCLP.mg,2025-09-26 17:00:00,2025-09-26 17:00:00,BLOCK,STATE=TREND|QL=NONE|LF=NONE,,blocked,NONE,959.4,960.5,958.2,960.2,958.586036611324,2.153133960195382,962.8923045317148,954.2797686909332,NY,DOWN,0.9466666666666697
USDCLP.mg,2025-09-26 18:00:00,2025-09-26 18:00:00,BLOCK,STATE=TREND|QL=NONE|LF=NONE,,blocked,NONE,960.3,961.5,960.2,960.6,958.7763861709068,2.164103025127356,963.1045922211614,954.448180120652,NY_PM,UP,0.8333333333333368
USDCLP.mg,2025-09-26 19:00:00,2025-09-26 19:00:00,ALLOW,STATE=TRANSITION|QL=TRANSITION_UNCLASSIFIED|LF=LOOK_FOR_transition_repricing_near_vwap,TRANSITION_PERSISTENCE,transition_persistence,LONG,960.5,960.5,959.7,960.4,958.881945545863,2.16947048357729,963.2208865130176,954.5430045787084,NY_PM,UP,0.7962962962962912
USDCLP.mg,2025-09-26 20:00:00,2025-09-26 20:00:00,ALLOW,STATE=TRANSITION|QL=TRANSITION_UNCLASSIFIED|LF=LOOK_FOR_transition_repricing_near_vwap,TRANSITION_PERSISTENCE,transition_persistence,LONG,960.4,960.4,959.4,959.9,958.9273111111112,2.1651746027070997,963.2576603165252,954.5969619056968,NY_PM,UP,0.7037037037036983
USDCLP.mg,2025-09-29 13:00:00,2025-09-29 13:00:00,ALLOW,STATE=TRANSITION|QL=TRANSITION_UNCLASSIFIED|LF=LOOK_FOR_transition_repricing_near_vwap,TRANSITION_PERSISTENCE,transition_persistence,SHORT,957.7,958.0,957.4,957.4,957.6,2.161694832614034,961.9233896652282,953.276610334772,NY,DOWN,0.2407407407407333
USDCLP.mg,2025-09-29 14:00:00,2025-09-29 14:00:00,ALLOW,STATE=TRANSITION|QL=TRANSITION_UNCLASSIFIED|LF=LOOK_FOR_transition_repricing_near_vwap,TRANSITION_PERSISTENCE,transition_persistence,SHORT,957.5,959.5,956.95,957.0,957.7859234234234,2.1632127855368157,962.112348994497,953.4594978523496,NY,DOWN,0.1666666666666631
USDCLP.mg,2025-09-29 15:00:00,2025-09-29 15:00:00,ALLOW,STATE=TRANSITION|QL=TRANSITION_UNCLASSIFIED|LF=LOOK_FOR_transition_repricing_near_vwap,TRANSITION_PERSISTENCE,transition_persistence,SHORT,956.9,958.3,956.1,958.15,957.8463030303028,2.1618204385553037,962.1699439074134,953.5226621531922,NY,DOWN,0.3796296296296228
USDCLP.mg,2025-09-29 16:00:00,2025-09-29 16:00:00,BLOCK,STATE=TRANSITION|QL=NONE|LF=NONE,,blocked,NONE,958.2,961.8,958.0,960.8,958.3898009950248,2.1796514284771304,962.749103851979,954.0304981380704,NY,UP,0.8245614035087698
USDCLP.mg,2025-09-29 17:00:00,2025-09-29 17:00:00,BLOCK,STATE=TRANSITION|QL=TRANSITION_UNCLASSIFIED|LF=LOOK_FOR_transition_dislocated_from_vwap,TRANSITION_RESOLUTION,transition_resolution,LONG,960.7,964.1,960.5,963.8,959.0964713295526,2.2616731813801008,963.6198176923128,954.5731249667924,NY,UP,0.9624999999999916
USDCLP.mg,2025-09-29 18:00:00,2025-09-29 18:00:00,BLOCK,STATE=TREND|QL=NONE|LF=NONE,,blocked,NONE,963.9,966.2,963.9,964.5,959.7102134146342,2.340822407869172,964.3918582303723,955.0285685988958,NY_PM,UP,0.8316831683168275
USDCLP.mg,2025-09-29 19:00:00,2025-09-29 19:00:00,BLOCK,STATE=TREND|QL=NONE|LF=NONE,,blocked,NONE,964.9,965.25,964.3,964.4,960.1194550872711,2.3927716312738885,964.9049983498188,955.3339118247234,NY_PM,UP,0.8217821782178154
USDCLP.mg,2025-09-29 20:00:00,2025-09-29 20:00:00,BLOCK,STATE=TREND|QL=NONE|LF=NONE,,blocked,NONE,964.5,965.9,964.5,965.6,960.4702930402932,2.457764815799857,965.3858226718928,955.5547634086934,NY_PM,UP,0.9405940594059384
USDCLP.mg,2025-09-29 21:00:00,2025-09-29 21:00:00,BLOCK,STATE=TREND|QL=NONE|LF=NONE,,blocked,NONE,965.4,966.1,965.2,966.1,960.7556091288974,2.5394436228626565,965.8344963746227,955.676721883172,NY_PM,UP,0.990099009900988
USDCLP.mg,2025-09-30 13:00:00,2025-09-30 13:00:00,ALLOW,STATE=TRANSITION|QL=TRANSITION_UNCLASSIFIED|LF=LOOK_FOR_transition_repricing_near_vwap,TRANSITION_PERSISTENCE,transition_persistence,LONG,964.9,965.0,963.8,964.8,964.5333333333332,2.5262845876864444,969.5859025087062,959.4807641579604,NY,UP,0.8613861386138527
USDCLP.mg,2025-09-30 14:00:00,2025-09-30 14:00:00,BLOCK,STATE=TREND|QL=NONE|LF=NONE,,blocked,NONE,964.7,965.2,963.4,963.55,964.1388480392156,2.5175862710688515,969.1740205813534,959.103675497078,NY,DOWN,0.7376237623762292
USDCLP.mg,2025-09-30 15:00:00,2025-09-30 15:00:00,ALLOW,STATE=TRANSITION|QL=TRANSITION_UNCLASSIFIED|LF=LOOK_FOR_transition_repricing_near_vwap,TRANSITION_PERSISTENCE,transition_persistence,SHORT,963.25,963.25,960.9,962.7,963.5147163120567,2.52715791844019,968.5690321489373,958.4604004751764,NY,DOWN,0.6534653465346543
USDCLP.mg,2025-09-30 16:00:00,2025-09-30 16:00:00,BLOCK,STATE=BALANCE|QL=NONE|LF=NONE,,blocked,NONE,962.8,963.2,961.0,961.25,963.0553427419356,2.5500973846103205,968.155537511156,957.9551479727148,NY,DOWN,0.5099009900990065
USDCLP.mg,2025-09-30 17:00:00,2025-09-30 17:00:00,BLOCK,STATE=TRANSITION|QL=NONE|LF=NONE,,blocked,NONE,961.45,963.5,959.5,962.6,962.8678638497652,2.551002576436471,967.9698690026382,957.7658586968925,NY,DOWN,0.6435643564356421
USDCLP.mg,2025-09-30 18:00:00,2025-09-30 18:00:00,BLOCK,STATE=BALANCE|QL=NONE|LF=NONE,,blocked,NONE,962.5,962.5,960.9,961.0,962.6437049062048,2.5635398692828337,967.7707846447704,957.5166251676392,NY_PM,DOWN,0.3658536585365833
USDCLP.mg,2025-09-30 19:00:00,2025-09-30 19:00:00,BLOCK,STATE=BALANCE|QL=NONE|LF=NONE,,blocked,NONE,961.3,961.9,960.9,961.8,962.5539982425308,2.5701616801686,967.694321602868,957.4136748821936,NY_PM,DOWN,0.3432835820895431
USDCLP.mg,2025-09-30 20:00:00,2025-09-30 20:00:00,BLOCK,STATE=BALANCE|QL=NONE|LF=NONE,,blocked,NONE,961.8,962.15,961.7,961.9,962.4979659763312,2.575218109556378,967.648402195444,957.3475297572186,NY_PM,DOWN,0.3582089552238747
USDCLP.mg,2025-09-30 21:00:00,2025-09-30 21:00:00,BLOCK,STATE=BALANCE|QL=NONE|LF=NONE,,blocked,NONE,961.7,961.7,960.8,960.9,962.4116964665816,2.557363642752881,967.5264237520872,957.2969691810758,NY_PM,DOWN,0.2121212121212079
USDCLP.mg,2025-10-01 13:00:00,2025-10-01 13:00:00,ALLOW,STATE=TRANSITION|QL=TRANSITION_UNCLASSIFIED|LF=LOOK_FOR_transition_repricing_near_vwap,TRANSITION_PERSISTENCE,transition_persistence,SHORT,958.8,959.9,958.1,958.1,958.7,2.5046059014334072,963.7092118028668,953.6907881971332,NY,DOWN,0.0
USDCLP.mg,2025-10-01 14:00:00,2025-10-01 14:00:00,BLOCK,STATE=TRANSITION|QL=NONE|LF=NONE,,blocked,NONE,958.05,958.6,955.6,957.8,958.0175627240144,2.384905559523756,962.7873738430618,953.2477516049668,NY,DOWN,0.209523809523803
USDCLP.mg,2025-10-01 15:00:00,2025-10-01 15:00:00,BLOCK,STATE=TRANSITION|QL=NONE|LF=NONE,,blocked,NONE,958.0,960.1,957.8,959.3,958.1509316770184,2.253855011349774,962.658641699718,953.643221654319,NY,DOWN,0.3854166666666586
USDCLP.mg,2025-10-01 16:00:00,2025-10-01 16:00:00,BLOCK,STATE=TRANSITION|QL=NONE|LF=NONE,,blocked,NONE,959.2,960.0,956.7,958.35,958.0982389937108,2.1277257791861155,962.3536905520828,953.8427874353384,NY,DOWN,0.2864583333333326
USDCLP.mg,2025-10-01 17:00:00,2025-10-01 17:00:00,BLOCK,STATE=TRANSITION|QL=NONE|LF=NONE,,blocked,NONE,958.45,960.6,958.05,960.55,958.3444151275286,2.0295759697211486,962.4035670669708,954.2852631880864,NY,DOWN,0.6265822784810058
USDCLP.mg,2025-10-01 18:00:00,2025-10-01 18:00:00,ALLOW,STATE=TRANSITION|QL=TRANSITION_UNCLASSIFIED|LF=LOOK_FOR_transition_repricing_near_vwap,TRANSITION_PERSISTENCE,transition_persistence,SHORT,960.85,962.2,960.0,960.15,958.56923597025,1.921282163136784,962.4118002965236,954.7266716439766,NY_PM,DOWN,0.5759493670886034
USDCLP.mg,2025-10-01 19:00:00,2025-10-01 19:00:00,ALLOW,STATE=TRANSITION|QL=TRANSITION_UNCLASSIFIED|LF=LOOK_FOR_transition_repricing_near_vwap,TRANSITION_PERSISTENCE,transition_persistence,LONG,959.95,959.95,959.3,959.3,958.6563975837452,1.9182946525139788,962.4929868887732,954.8198082787172,NY_PM,UP,0.4683544303797395
USDCLP.mg,2025-10-01 20:00:00,2025-10-01 20:00:00,ALLOW,STATE=TRANSITION|QL=TRANSITION_UNCLASSIFIED|LF=LOOK_FOR_transition_repricing_near_vwap,TRANSITION_PERSISTENCE,transition_persistence,LONG,959.0,959.0,959.0,959.0,958.7001849283404,1.9118140292856645,962.5238129869116,954.876556869769,NY_PM,UP,0.4927536231884041
USDCLP.mg,2025-10-02 13:00:00,2025-10-02 13:00:00,ALLOW,STATE=TRANSITION|QL=TRANSITION_UNCLASSIFIED|LF=LOOK_FOR_transition_repricing_near_vwap,TRANSITION_PERSISTENCE,transition_persistence,SHORT,956.6,958.0,956.6,958.0,957.5333333333332,1.9138591129975688,961.3610515593284,953.7056151073382,NY,DOWN,0.3636363636363589
USDCLP.mg,2025-10-02 14:00:00,2025-10-02 14:00:00,ALLOW,STATE=TRANSITION|QL=TRANSITION_UNCLASSIFIED|LF=LOOK_FOR_transition_repricing_near_vwap,TRANSITION_PERSISTENCE,transition_persistence,LONG,957.8,959.5,956.6,959.4,958.4043956043956,1.9136415514162173,962.231678707228,954.5771125015632,NY,UP,0.5757575757575669
USDCLP.mg,2025-10-02 15:00:00,2025-10-02 15:00:00,BLOCK,STATE=TRANSITION|QL=NONE|LF=NONE,,blocked,NONE,959.2,962.6,958.6,961.5,959.2712909441234,1.9197348502294125,963.1107606445822,955.4318212436646,NY,UP,0.8428571428571396
USDCLP.mg,2025-10-02 16:00:00,2025-10-02 16:00:00,BLOCK,STATE=TRANSITION|QL=TRANSITION_UNCLASSIFIED|LF=LOOK_FOR_transition_dislocated_from_vwap,TRANSITION_RESOLUTION,transition_resolution,LONG,961.4,964.5,961.3,963.9,960.041568627451,1.9490465817317184,963.9396617909144,956.1434754639876,NY,UP,0.9325842696629186
USDCLP.mg,2025-10-02 17:00:00,2025-10-02 17:00:00,BLOCK,STATE=TRANSITION|QL=TRANSITION_UNCLASSIFIED|LF=LOOK_FOR_transition_dislocated_from_vwap,TRANSITION_RESOLUTION,transition_resolution,LONG,963.9,965.0,963.0,964.2,960.5018793273988,1.9530992129441012,964.4080777532868,956.5956809015104,NY,UP,0.9148936170212812
USDCLP.mg,2025-10-02 18:00:00,2025-10-02 18:00:00,ALLOW,STATE=TRANSITION|QL=TRANSITION_UNCLASSIFIED|LF=LOOK_FOR_transition_repricing_near_vwap,TRANSITION_PERSISTENCE,transition_persistence,LONG,964.1,964.1,961.95,961.95,960.6352426412092,1.9355768821299573,964.5063964054692,956.7640888769494,NY_PM,UP,0.6369047619047663
USDCLP.mg,2025-10-02 19:00:00,2025-10-02 19:00:00,ALLOW,STATE=TRANSITION|QL=TRANSITION_UNCLASSIFIED|LF=LOOK_FOR_transition_repricing_near_vwap,TRANSITION_PERSISTENCE,transition_persistence,LONG,961.75,961.9,961.4,961.5,960.7003992015968,1.9226419803030617,964.545683162203,956.8551152409908,NY_PM,UP,0.5833333333333323
USDCLP.mg,2025-10-02 20:00:00,2025-10-02 20:00:00,ALLOW,STATE=TRANSITION|QL=TRANSITION_UNCLASSIFIED|LF=LOOK_FOR_transition_repricing_near_vwap,TRANSITION_PERSISTENCE,transition_persistence,LONG,961.4,961.4,961.2,961.2,960.7331618067468,1.914093778431729,964.56134936361,956.9049742498833,NY_PM,UP,0.5476190476190518
USDCLP.mg,2025-10-02 21:00:00,2025-10-02 21:00:00,ALLOW,STATE=TRANSITION|QL=TRANSITION_UNCLASSIFIED|LF=LOOK_FOR_transition_repricing_near_vwap,TRANSITION_PERSISTENCE,transition_persistence,SHORT,961.2,961.4,961.1,961.1,960.7537343358396,1.918661551772254,964.591057439384,956.9164112322952,NY_PM,DOWN,0.5357142857142871
USDCLP.mg,2025-10-03 13:00:00,2025-10-03 13:00:00,ALLOW,STATE=TRANSITION|QL=TRANSITION_UNCLASSIFIED|LF=LOOK_FOR_transition_repricing_near_vwap,TRANSITION_PERSISTENCE,transition_persistence,SHORT,960.1,960.2,958.2,959.1,959.1666666666666,1.915304350678796,962.9972753680242,955.336057965309,NY,DOWN,0.2976190476190484
USDCLP.mg,2025-10-03 14:00:00,2025-10-03 14:00:00,ALLOW,STATE=TRANSITION|QL=TRANSITION_UNCLASSIFIED|LF=LOOK_FOR_transition_repricing_near_vwap,TRANSITION_PERSISTENCE,transition_persistence,SHORT,959.1,961.1,958.7,961.1,959.882109227872,1.9048518748062264,963.6918129774843,956.0724054782596,NY,DOWN,0.5357142857142871
USDCLP.mg,2025-10-03 15:00:00,2025-10-03 15:00:00,BLOCK,STATE=TRANSITION|QL=TRANSITION_UNCLASSIFIED|LF=LOOK_FOR_transition_dislocated_from_vwap,TRANSITION_RESOLUTION,transition_resolution,LONG,961.4,964.05,961.1,963.8,960.7899891774892,1.9012610849505176,964.5925113473902,956.987467007588,NY,UP,0.8571428571428513
USDCLP.mg,2025-10-03 16:00:00,2025-10-03 16:00:00,BLOCK,STATE=TRANSITION|QL=TRANSITION_UNCLASSIFIED|LF=LOOK_FOR_transition_dislocated_from_vwap,TRANSITION_RESOLUTION,transition_resolution,LONG,964.0,964.95,962.2,964.3,961.4546351084812,1.8976628135937628,965.2499607356688,957.6593094812938,NY,UP,0.9166666666666612
USDCLP.mg,2025-10-03 17:00:00,2025-10-03 17:00:00,BLOCK,STATE=TRANSITION|QL=NONE|LF=NONE,,blocked,NONE,964.4,964.6,963.3,963.7,961.6882200188855,1.8649633644092527,965.4181467477042,957.9582932900672,NY,UP,0.8088235294117702
USDCLP.mg,2025-10-03 18:00:00,2025-10-03 18:00:00,BLOCK,STATE=TRANSITION|QL=NONE|LF=NONE,,blocked,NONE,963.9,964.3,963.6,963.8,961.8264088397788,1.8150060482532493,965.4564209362852,958.1963967432724,NY_PM,UP,0.823529411764698
USDCLP.mg,2025-10-03 19:00:00,2025-10-03 19:00:00,ALLOW,STATE=TRANSITION|QL=TRANSITION_UNCLASSIFIED|LF=LOOK_FOR_transition_dislocated_from_vwap,TRANSITION_RESOLUTION,transition_resolution,LONG,963.7,964.9,963.7,964.9,961.9808725845412,1.8133869944723893,965.607646573486,958.3540985955964,NY_PM,UP,0.9852941176470554
USDCLP.mg,2025-10-03 20:00:00,2025-10-03 20:00:00,BLOCK,STATE=TRANSITION|QL=TRANSITION_UNCLASSIFIED|LF=LOOK_FOR_transition_dislocated_from_vwap,TRANSITION_RESOLUTION,transition_resolution,LONG,964.9,964.9,964.6,964.8,962.0830647224354,1.8202621527956424,965.7235890280268,958.4425404168442,NY_PM,UP,0.9777777777777644
USDCLP.mg,2025-10-06 13:00:00,2025-10-06 13:00:00,ALLOW,STATE=TRANSITION|QL=TRANSITION_UNCLASSIFIED|LF=LOOK_FOR_transition_repricing_near_vwap,TRANSITION_PERSISTENCE,transition_persistence,LONG,967.6,967.7,966.7,966.7,967.0333333333334,1.804966918842635,970.6432671710188,963.423399495648,NY,UP,0.8947368421052632
USDCLP.mg,2025-10-06 14:00:00,2025-10-06 14:00:00,ALLOW,STATE=TRANSITION|QL=TRANSITION_UNCLASSIFIED|LF=LOOK_FOR_transition_repricing_near_vwap,TRANSITION_PERSISTENCE,transition_persistence,LONG,966.6,967.5,964.6,964.8,965.90253164557,1.8329757876690844,969.568483220908,962.2365800702318,NY,UP,0.6947368421052535
USDCLP.mg,2025-10-06 15:00:00,2025-10-06 15:00:00,BLOCK,STATE=TRANSITION|QL=TRANSITION_UNCLASSIFIED|LF=LOOK_FOR_transition_dislocated_from_vwap,TRANSITION_RESOLUTION,transition_resolution,SHORT,964.7,965.4,961.8,962.4,964.6714285714286,1.897091490161976,968.4656115517524,960.8772455911046,NY,DOWN,0.4421052631578875
USDCLP.mg,2025-10-06 16:00:00,2025-10-06 16:00:00,BLOCK,STATE=TRANSITION|QL=NONE|LF=NONE,,blocked,NONE,962.5,963.8,961.0,961.9,964.1798429319372,1.955908398919053,968.0916597297752,960.268026134099,NY,DOWN,0.3894736842105191
USDCLP.mg,2025-10-06 17:00:00,2025-10-06 17:00:00,BLOCK,STATE=BALANCE|QL=NONE|LF=NONE,,blocked,NONE,961.85,962.9,961.0,962.6,964.05521023766,1.984338428300213,968.0238870942604,960.0865333810596,NY,DOWN,0.4333333333333308
USDCLP.mg,2025-10-06 18:00:00,2025-10-06 18:00:00,BLOCK,STATE=BALANCE|QL=NONE|LF=NONE,,blocked,NONE,962.6,963.8,961.25,961.9,963.9342696629216,2.0281004657886688,967.9904705944988,959.878068731344,NY_PM,DOWN,0.1343283582089509
USDCLP.mg,2025-10-06 19:00:00,2025-10-06 19:00:00,BLOCK,STATE=TRANSITION|QL=NONE|LF=NONE,,blocked,NONE,962.1,962.1,962.1,962.1,963.8713797035348,2.0633949133435707,967.998169530222,959.7445898768476,NY_PM,DOWN,0.1641791044776142
USDCLP.mg,2025-10-06 20:00:00,2025-10-06 20:00:00,BLOCK,STATE=BALANCE|QL=NONE|LF=NONE,,blocked,NONE,961.9,961.9,961.8,961.9,963.817850287908,2.095499823243152,968.0088499343942,959.6268506414216,NY_PM,DOWN,0.1343283582089509
USDCLP.mg,2025-10-06 21:00:00,2025-10-06 21:00:00,BLOCK,STATE=TRANSITION|QL=NONE|LF=NONE,,blocked,NONE,962.0,962.4,961.8,961.9,963.7789560894782,2.1182597944633645,968.015475678405,959.5424365005516,NY_PM,DOWN,0.1343283582089509
USDCLP.mg,2025-10-07 13:00:00,2025-10-07 13:00:00,BLOCK,STATE=BALANCE|QL=NONE|LF=NONE,,blocked,NONE,963.2,963.2,962.2,962.4,962.6,2.121893512786856,966.8437870255738,958.3562129744264,NY,UP,0.2089552238805922
USDCLP.mg,2025-10-07 14:00:00,2025-10-07 14:00:00,BLOCK,STATE=BALANCE|QL=NONE|LF=NONE,,blocked,NONE,962.3,964.8,962.0,962.4,963.0050925925926,2.1179321597137064,967.24095691202,958.7692282731653,NY,DOWN,0.2089552238805922
USDCLP.mg,2025-10-07 15:00:00,2025-10-07 15:00:00,BLOCK,STATE=BALANCE|QL=NONE|LF=NONE,,blocked,NONE,962.35,962.75,960.8,962.6,962.8772058823528,2.043329997516714,966.9638658773864,958.7905458873196,NY,UP,0.2608695652173977
USDCLP.mg,2025-10-07 16:00:00,2025-10-07 16:00:00,BLOCK,STATE=TREND|QL=NONE|LF=NONE,,blocked,NONE,962.55,963.0,960.6,960.6,962.5965,1.986402950111526,966.5693059002232,958.6236940997768,NY,DOWN,0.0
USDCLP.mg,2025-10-07 17:00:00,2025-10-07 17:00:00,BLOCK,STATE=TREND|QL=NONE|LF=NONE,,blocked,NONE,960.7,961.0,958.5,959.9,962.1672661870504,1.9475760142294232,966.0624182155092,958.2721141585916,NY,DOWN,0.202898550724635
USDCLP.mg,2025-10-07 18:00:00,2025-10-07 18:00:00,BLOCK,STATE=TREND|QL=NONE|LF=NONE,,blocked,NONE,959.95,959.95,957.75,957.9,961.7252808988763,1.912337964778317,965.5499568284332,957.9006049693198,NY_PM,DOWN,0.0212765957446777
USDCLP.mg,2025-10-07 19:00:00,2025-10-07 19:00:00,BLOCK,STATE=TREND|QL=NONE|LF=NONE,,blocked,NONE,958.4,959.4,958.2,959.4,961.5320276497696,1.7894757149862786,965.1109790797422,957.953076219797,NY_PM,DOWN,0.2340425531914876
USDCLP.mg,2025-10-07 20:00:00,2025-10-07 20:00:00,BLOCK,STATE=TREND|QL=NONE|LF=NONE,,blocked,NONE,959.6,959.8,958.9,958.9,961.372265625,1.824015152464746,965.0202959299296,957.7242353200704,NY_PM,DOWN,0.1631205673758843
USDCLP.mg,2025-10-08 13:00:00,2025-10-08 13:00:00,BLOCK,STATE=TREND|QL=NONE|LF=NONE,,blocked,NONE,956.6,957.1,956.6,956.7,956.8,1.822178973102252,960.4443579462046,953.1556420537956,NY,DOWN,0.0121951219512223
USDCLP.mg,2025-10-08 14:00:00,2025-10-08 14:00:00,BLOCK,STATE=TREND|QL=NONE|LF=NONE,,blocked,NONE,956.65,957.0,951.3,951.5,953.5884615384616,1.8425346427971403,957.273530824056,949.9033922528672,NY,DOWN,0.0148148148148181
USDCLP.mg,2025-10-08 15:00:00,2025-10-08 15:00:00,BLOCK,STATE=TREND|QL=NONE|LF=NONE,,blocked,NONE,951.6,951.6,949.35,949.8,952.8682425978988,1.8757326868062212,956.6197079715112,949.1167772242864,NY,DOWN,0.0291262135922287
USDCLP.mg,2025-10-08 16:00:00,2025-10-08 16:00:00,BLOCK,STATE=TREND|QL=NONE|LF=NONE,,blocked,NONE,950.1,950.4,948.4,949.9,952.5225129198968,1.9104305298518724,956.3433739796004,948.701651860193,NY,DOWN,0.0914634146341464
USDCLP.mg,2025-10-08 17:00:00,2025-10-08 17:00:00,BLOCK,STATE=TREND|QL=NONE|LF=NONE,,blocked,NONE,950.1,952.1,949.3,950.5,952.3947535383114,1.91489029435304,956.2245341270176,948.5649729496054,NY,DOWN,0.1280487804878064
USDCLP.mg,2025-10-08 18:00:00,2025-10-08 18:00:00,BLOCK,STATE=TRANSITION|QL=NONE|LF=NONE,,blocked,NONE,950.7,950.7,950.0,950.1,952.291,1.9354746614421705,956.1619493228844,948.4200506771156,NY_PM,DOWN,0.1164383561643865
USDCLP.mg,2025-10-08 20:00:00,2025-10-08 20:00:00,BLOCK,STATE=TRANSITION|QL=NONE|LF=NONE,,blocked,NONE,950.7,950.7,950.5,950.5,952.2432153392332,1.9477957407737772,956.1388068207806,948.3476238576856,NY_PM,DOWN,0.1438356164383575
USDCLP.mg,2025-10-08 21:00:00,2025-10-08 21:00:00,BLOCK,STATE=TRANSITION|QL=NONE|LF=NONE,,blocked,NONE,950.4,950.6,950.4,950.5,952.208910472973,1.950789291052494,956.110489055078,948.307331890868,NY_PM,DOWN,0.1666666666666681
USDCLP.mg,2025-10-09 13:00:00,2025-10-09 13:00:00,ALLOW,STATE=TRANSITION|QL=TRANSITION_UNCLASSIFIED|LF=LOOK_FOR_transition_repricing_near_vwap,TRANSITION_PERSISTENCE,transition_persistence,SHORT,945.9,947.1,945.8,947.1,946.6666666666666,1.9515324903275173,950.5697316473216,942.7636016860116,NY,DOWN,0.0918727915194388
USDCLP.mg,2025-10-09 14:00:00,2025-10-09 14:00:00,BLOCK,STATE=TRANSITION|QL=NONE|LF=NONE,,blocked,NONE,947.4,947.4,945.2,947.0,946.5706666666666,1.9531633668675088,950.4769934004016,942.6643399329316,NY,DOWN,0.1232876712328743
USDCLP.mg,2025-10-09 15:00:00,2025-10-09 15:00:00,BLOCK,STATE=TRANSITION|QL=NONE|LF=NONE,,blocked,NONE,947.1,949.5,946.4,948.7,947.0946448087432,1.960308781054296,951.015262370852,943.1740272466346,NY,DOWN,0.2397260273972617
USDCLP.mg,2025-10-09 16:00:00,2025-10-09 16:00:00,ALLOW,STATE=TRANSITION|QL=TRANSITION_UNCLASSIFIED|LF=LOOK_FOR_transition_repricing_near_vwap,TRANSITION_PERSISTENCE,transition_persistence,SHORT,948.8,949.8,947.85,948.7,947.3404707668944,1.9708244748767696,951.282119716648,943.3988218171409,NY,DOWN,0.2941176470588241
USDCLP.mg,2025-10-09 17:00:00,2025-10-09 17:00:00,BLOCK,STATE=TRANSITION|QL=NONE|LF=NONE,,blocked,NONE,948.8,949.2,948.8,949.2,947.5102966841188,1.9598408633551865,951.4299784108292,943.5906149574084,NY,DOWN,0.3389830508474589
USDCLP.mg,2025-10-09 18:00:00,2025-10-09 18:00:00,BLOCK,STATE=TRANSITION|QL=NONE|LF=NONE,,blocked,NONE,949.9,950.0,949.5,949.5,947.6473361621876,1.9649923876526545,951.5773209374928,943.7173513868822,NY_PM,DOWN,0.6231884057970969
USDCLP.mg,2025-10-09 19:00:00,2025-10-09 19:00:00,BLOCK,STATE=TREND|QL=NONE|LF=NONE,,blocked,NONE,949.45,950.2,949.4,950.2,947.7885057471264,1.994376164557468,951.7772580762412,943.7997534180114,NY_PM,UP,0.7246376811594227
USDCLP.mg,2025-10-09 21:00:00,2025-10-09 21:00:00,BLOCK,STATE=BALANCE|QL=NONE|LF=NONE,,blocked,NONE,950.0,950.0,949.9,950.0,947.8817094017094,2.017648264238363,951.917005930186,943.8464128732328,NY_PM,UP,0.6956521739130391
USDCLP.mg,2025-10-10 13:00:00,2025-10-10 13:00:00,BLOCK,STATE=TRANSITION|QL=NONE|LF=NONE,,blocked,NONE,950.6,950.6,949.2,949.2,949.6666666666666,2.017270330430541,953.7012073275278,945.6321260058056,NY,UP,0.7272727272727273
USDCLP.mg,2025-10-10 14:00:00,2025-10-10 14:00:00,ALLOW,STATE=TRANSITION|QL=TRANSITION_UNCLASSIFIED|LF=LOOK_FOR_transition_repricing_near_vwap,TRANSITION_PERSISTENCE,transition_persistence,LONG,949.1,950.6,948.1,949.85,949.5314692982456,2.0123791398654136,953.5562275779764,945.5067110185148,NY,UP,0.8454545454545414
USDCLP.mg,2025-10-10 15:00:00,2025-10-10 15:00:00,BLOCK,STATE=TRANSITION|QL=TRANSITION_UNCLASSIFIED|LF=LOOK_FOR_transition_dislocated_from_vwap,TRANSITION_RESOLUTION,transition_resolution,LONG,950.05,953.2,949.95,953.2,950.464648212226,2.025386997156504,954.515422206539,946.4138742179132,NY,UP,1.0
USDCLP.mg,2025-10-10 16:00:00,2025-10-10 16:00:00,BLOCK,STATE=TRANSITION|QL=TRANSITION_UNCLASSIFIED|LF=LOOK_FOR_transition_dislocated_from_vwap,TRANSITION_RESOLUTION,transition_resolution,LONG,953.3,955.0,952.65,955.0,951.1835289514868,2.023741365999837,955.2310116834864,947.1360462194872,NY,UP,1.0
USDCLP.mg,2025-10-10 17:00:00,2025-10-10 17:00:00,BLOCK,STATE=TREND|QL=NONE|LF=NONE,,blocked,NONE,954.8,960.3,954.8,959.6,952.431623188406,2.206306767107018,956.84423672262,948.0190096541918,NY,UP,0.9536423841059644
USDCLP.mg,2025-10-10 18:00:00,2025-10-10 18:00:00,BLOCK,STATE=TRANSITION|QL=NONE|LF=NONE,,blocked,NONE,959.4,959.6,958.0,958.4,953.0836786372008,2.323832681484072,957.731344000169,948.4360132742328,NY_PM,UP,0.863309352517987
USDCLP.mg,2025-10-10 19:00:00,2025-10-10 19:00:00,BLOCK,STATE=TRANSITION|QL=NONE|LF=NONE,,blocked,NONE,958.7,959.7,958.7,959.4,953.5700458190148,2.45983473161372,958.4897152822424,948.6503763557874,NY_PM,UP,0.9277108433734954
USDCLP.mg,2025-10-10 20:00:00,2025-10-10 20:00:00,BLOCK,STATE=TRANSITION|QL=NONE|LF=NONE,,blocked,NONE,959.3,959.5,959.15,959.5,953.9194553163732,2.5749226254192443,959.0693005672116,948.7696100655348,NY_PM,UP,0.9344262295082
USDCLP.mg,2025-10-13 13:00:00,2025-10-13 13:00:00,BLOCK,STATE=TRANSITION|QL=NONE|LF=NONE,,blocked,NONE,956.6,957.5,956.5,957.1,957.0333333333334,2.575120830056743,962.1835749934468,951.88309167322,NY,UP,0.737704918032791
USDCLP.mg,2025-10-13 14:00:00,2025-10-13 14:00:00,BLOCK,STATE=TRANSITION|QL=NONE|LF=NONE,,blocked,NONE,956.9,957.3,955.6,957.2,956.821975308642,2.574620752682006,961.971216814006,951.672733803278,NY,UP,0.7459016393442683
USDCLP.mg,2025-10-13 15:00:00,2025-10-13 15:00:00,BLOCK,STATE=TRANSITION|QL=NONE|LF=NONE,,blocked,NONE,957.1,959.05,956.7,957.9,957.2179936305732,2.571844188364225,962.3616820073016,952.0743052538448,NY,DOWN,0.803278688524591
USDCLP.mg,2025-10-13 16:00:00,2025-10-13 16:00:00,BLOCK,STATE=TRANSITION|QL=NONE|LF=NONE,,blocked,NONE,957.8,958.4,955.7,958.35,957.3837684069612,2.543841346971592,962.4714511009043,952.296085713018,NY,FLAT,0.8401639344262342
USDCLP.mg,2025-10-13 17:00:00,2025-10-13 17:00:00,BLOCK,STATE=TRANSITION|QL=NONE|LF=NONE,,blocked,NONE,958.4,958.4,956.5,957.3,957.3656647116323,2.5164032231455447,962.3984711579236,952.3328582653414,NY,DOWN,0.7540983606557363
USDCLP.mg,2025-10-13 18:00:00,2025-10-13 18:00:00,BLOCK,STATE=TRANSITION|QL=NONE|LF=NONE,,blocked,NONE,957.25,958.1,956.9,957.7,957.383583525789,2.502770016671393,962.3891235591318,952.3780434924464,NY_PM,DOWN,0.7487922705314075
USDCLP.mg,2025-10-13 19:00:00,2025-10-13 19:00:00,BLOCK,STATE=TRANSITION|QL=NONE|LF=NONE,,blocked,NONE,957.6,957.6,957.4,957.5,957.3835396825395,2.4890227333203465,962.3615851491804,952.405494215899,NY_PM,UP,0.63398692810458
USDCLP.mg,2025-10-13 20:00:00,2025-10-13 20:00:00,BLOCK,STATE=BALANCE|QL=NONE|LF=NONE,,blocked,NONE,957.7,958.2,957.7,958.1,957.4133306320908,2.457632465008546,962.328595562108,952.4980657020736,NY_PM,UP,0.6000000000000124
USDCLP.mg,2025-10-13 21:00:00,2025-10-13 21:00:00,BLOCK,STATE=BALANCE|QL=NONE|LF=NONE,,blocked,NONE,958.0,958.2,958.0,958.0,957.4310648801128,2.429143661722372,962.2893522035577,952.572777556668,NY_PM,FLAT,0.5853658536585278
USDCLP.mg,2025-10-14 13:00:00,2025-10-14 13:00:00,ALLOW,STATE=TRANSITION|QL=TRANSITION_UNCLASSIFIED|LF=LOOK_FOR_transition_repricing_near_vwap,TRANSITION_PERSISTENCE,transition_persistence,LONG,961.5,962.05,961.4,962.0,961.8166666666668,2.428650061243382,966.6739667891536,956.95936654418,NY,UP,0.9922480620155107
USDCLP.mg,2025-10-14 14:00:00,2025-10-14 14:00:00,ALLOW,STATE=TRANSITION|QL=TRANSITION_UNCLASSIFIED|LF=LOOK_FOR_transition_repricing_near_vwap,TRANSITION_PERSISTENCE,transition_persistence,LONG,961.9,964.1,961.85,963.6,962.7537267080746,2.4255122553786825,967.604751218832,957.9027021973172,NY,UP,0.9411764705882352
USDCLP.mg,2025-10-14 15:00:00,2025-10-14 15:00:00,BLOCK,STATE=TRANSITION|QL=NONE|LF=NONE,,blocked,NONE,963.7,966.05,963.05,965.0,963.412950819672,2.4104138094756715,968.2337784386236,958.5921232007208,NY,UP,0.8995215311004822
USDCLP.mg,2025-10-14 16:00:00,2025-10-14 16:00:00,BLOCK,STATE=TRANSITION|QL=NONE|LF=NONE,,blocked,NONE,965.1,965.9,963.2,964.1,963.5531180400892,2.385036663278108,968.3231913666452,958.7830447135328,NY,UP,0.8133971291866082
USDCLP.mg,2025-10-14 17:00:00,2025-10-14 17:00:00,BLOCK,STATE=TRANSITION|QL=NONE|LF=NONE,,blocked,NONE,964.0,965.3,961.5,961.6,963.422849915683,2.390855284030314,968.2045604837436,958.6411393476224,NY,UP,0.5700483091787468
USDCLP.mg,2025-10-14 18:00:00,2025-10-14 18:00:00,BLOCK,STATE=TRANSITION|QL=TRANSITION_UNCLASSIFIED|LF=LOOK_FOR_transition_dislocated_from_vwap,TRANSITION_RESOLUTION,transition_resolution,LONG,961.55,962.2,960.0,960.3,963.1676390773406,2.409645359978448,967.9869297972976,958.3483483573837,NY_PM,UP,0.4444444444444396
USDCLP.mg,2025-10-14 19:00:00,2025-10-14 19:00:00,BLOCK,STATE=TRANSITION|QL=NONE|LF=NONE,,blocked,NONE,960.7,961.2,960.5,960.7,963.017650397276,2.419947893205715,967.8575461836872,958.1777546108646,NY_PM,DOWN,0.4397905759162372
USDCLP.mg,2025-10-14 20:00:00,2025-10-14 20:00:00,BLOCK,STATE=TRANSITION|QL=TRANSITION_UNCLASSIFIED|LF=LOOK_FOR_transition_dislocated_from_vwap,TRANSITION_RESOLUTION,transition_resolution,SHORT,960.5,960.5,960.0,960.3,962.8910731707318,2.4337013383585298,967.7584758474488,958.0236704940148,NY_PM,DOWN,0.3715846994535503
USDCLP.mg,2025-10-14 21:00:00,2025-10-14 21:00:00,BLOCK,STATE=TRANSITION|QL=NONE|LF=NONE,,blocked,NONE,961.0,961.2,960.7,961.0,962.8244225834046,2.432777248313717,967.689977080032,957.9588680867772,NY_PM,DOWN,0.4161849710982696
USDCLP.mg,2025-10-15 13:00:00,2025-10-15 13:00:00,BLOCK,STATE=BALANCE|QL=NONE|LF=NONE,,blocked,NONE,958.6,959.75,958.6,959.7,959.35,2.4323170646639567,964.214634129328,954.485365870672,NY,DOWN,0.2395209580838349
USDCLP.mg,2025-10-15 14:00:00,2025-10-15 14:00:00,BLOCK,STATE=BALANCE|QL=NONE|LF=NONE,,blocked,NONE,959.6,960.4,959.0,960.0,959.595531400966,2.4298539300078383,964.4552392609818,954.7358235409504,NY,DOWN,0.2484472049689455
USDCLP.mg,2025-10-15 15:00:00,2025-10-15 15:00:00,ALLOW,STATE=TRANSITION|QL=TRANSITION_UNCLASSIFIED|LF=LOOK_FOR_transition_repricing_near_vwap,TRANSITION_PERSISTENCE,transition_persistence,SHORT,959.9,960.4,958.2,958.3,959.2941509433962,2.434840273649662,964.1638314906957,954.4244703960968,NY,DOWN,0.0127388535031732
USDCLP.mg,2025-10-15 16:00:00,2025-10-15 16:00:00,ALLOW,STATE=TRANSITION|QL=TRANSITION_UNCLASSIFIED|LF=LOOK_FOR_transition_repricing_near_vwap,TRANSITION_PERSISTENCE,transition_persistence,SHORT,958.2,958.8,957.35,958.6,959.1025943396228,2.416608711677785,963.9358117629782,954.2693769162672,NY,DOWN,0.1436781609195413
USDCLP.mg,2025-10-15 17:00:00,2025-10-15 17:00:00,ALLOW,STATE=TRANSITION|QL=TRANSITION_UNCLASSIFIED|LF=LOOK_FOR_transition_repricing_near_vwap,TRANSITION_PERSISTENCE,transition_persistence,SHORT,958.5,959.9,958.0,959.0,959.0518867924528,2.3903165836699127,963.8325199597926,954.271253625113,NY,DOWN,0.1896551724137919
USDCLP.mg,2025-10-15 18:00:00,2025-10-15 18:00:00,ALLOW,STATE=TRANSITION|QL=TRANSITION_UNCLASSIFIED|LF=LOOK_FOR_transition_repricing_near_vwap,TRANSITION_PERSISTENCE,transition_persistence,SHORT,958.9,960.3,958.8,959.5,959.0586253369272,2.316507124846864,963.6916395866208,954.4256110872336,NY_PM,DOWN,0.2514619883040922
USDCLP.mg,2025-10-15 19:00:00,2025-10-15 19:00:00,BLOCK,STATE=TRANSITION|QL=NONE|LF=NONE,,blocked,NONE,959.6,961.0,959.6,960.75,959.171809100999,2.2948450499969306,963.7614992009928,954.5821190010053,NY_PM,UP,0.4276729559748435
USDCLP.mg,2025-10-15 20:00:00,2025-10-15 20:00:00,ALLOW,STATE=TRANSITION|QL=TRANSITION_UNCLASSIFIED|LF=LOOK_FOR_transition_repricing_near_vwap,TRANSITION_PERSISTENCE,transition_persistence,LONG,960.5,960.5,960.4,960.5,959.2385377358491,2.259288638830119,963.7571150135094,954.7199604581888,NY_PM,UP,0.6494845360824665
USDCLP.mg,2025-10-15 21:00:00,2025-10-15 21:00:00,ALLOW,STATE=TRANSITION|QL=TRANSITION_UNCLASSIFIED|LF=LOOK_FOR_transition_repricing_near_vwap,TRANSITION_PERSISTENCE,transition_persistence,LONG,960.4,960.5,959.9,960.0,959.2661197703036,2.257888083501385,963.7818959373064,954.7503436033008,NY_PM,UP,0.6883116883116783
USDCLP.mg,2025-10-16 13:00:00,2025-10-16 13:00:00,ALLOW,STATE=TRANSITION|QL=TRANSITION_UNCLASSIFIED|LF=LOOK_FOR_transition_repricing_near_vwap,TRANSITION_PERSISTENCE,transition_persistence,LONG,959.1,959.9,958.8,958.95,959.2166666666666,2.229603621805968,963.6758739102784,954.7574594230548,NY,UP,0.415584415584419
USDCLP.mg,2025-10-16 14:00:00,2025-10-16 14:00:00,ALLOW,STATE=TRANSITION|QL=TRANSITION_UNCLASSIFIED|LF=LOOK_FOR_transition_repricing_near_vwap,TRANSITION_PERSISTENCE,transition_persistence,SHORT,958.9,958.95,956.85,957.6,958.3963276836158,2.1769389874455234,962.7502056585068,954.0424497087248,NY,DOWN,0.1724137931034473
USDCLP.mg,2025-10-16 15:00:00,2025-10-16 15:00:00,BLOCK,STATE=TRANSITION|QL=NONE|LF=NONE,,blocked,NONE,957.5,958.0,956.15,956.3,957.9669753086418,2.1521880062974734,962.2713513212368,953.6625992960468,NY,DOWN,0.0309278350515415
USDCLP.mg,2025-10-16 16:00:00,2025-10-16 16:00:00,BLOCK,STATE=TRANSITION|QL=TRANSITION_UNCLASSIFIED|LF=LOOK_FOR_transition_dislocated_from_vwap,TRANSITION_RESOLUTION,transition_resolution,SHORT,956.2,956.3,953.7,954.5,957.3028368794326,2.1774578504653053,961.6577525803632,952.947921178502,NY,DOWN,0.1095890410958848
USDCLP.mg,2025-10-16 17:00:00,2025-10-16 17:00:00,BLOCK,STATE=TRANSITION|QL=TRANSITION_UNCLASSIFIED|LF=LOOK_FOR_transition_dislocated_from_vwap,TRANSITION_RESOLUTION,transition_resolution,SHORT,954.4,956.0,954.2,954.6,956.8268535825543,2.1783994063047123,961.1836523951638,952.4700547699448,NY,DOWN,0.1232876712328743
USDCLP.mg,2025-10-16 18:00:00,2025-10-16 18:00:00,ALLOW,STATE=TRANSITION|QL=TRANSITION_UNCLASSIFIED|LF=LOOK_FOR_transition_repricing_near_vwap,TRANSITION_PERSISTENCE,transition_persistence,SHORT,954.4,956.3,952.0,955.5,956.5413855150696,2.1652584654707803,960.8719024460112,952.210868584128,NY_PM,DOWN,0.3888888888888889
USDCLP.mg,2025-10-16 19:00:00,2025-10-16 19:00:00,BLOCK,STATE=TRANSITION|QL=NONE|LF=NONE,,blocked,NONE,955.2,955.3,954.0,954.5,956.3076029567052,2.167456882409488,960.6425167215244,951.9726891918864,NY_PM,DOWN,0.2777777777777778
USDCLP.mg,2025-10-16 20:00:00,2025-10-16 20:00:00,ALLOW,STATE=TRANSITION|QL=TRANSITION_UNCLASSIFIED|LF=LOOK_FOR_transition_repricing_near_vwap,TRANSITION_PERSISTENCE,transition_persistence,SHORT,954.9,955.65,954.9,955.65,956.2258456201214,2.1737807507553217,960.573407121632,951.8782841186108,NY_PM,DOWN,0.405555555555553
USDCLP.mg,2025-10-16 21:00:00,2025-10-16 21:00:00,ALLOW,STATE=TRANSITION|QL=TRANSITION_UNCLASSIFIED|LF=LOOK_FOR_transition_repricing_near_vwap,TRANSITION_PERSISTENCE,transition_persistence,SHORT,955.55,955.7,955.3,955.6,956.1663478047584,2.179789550642985,960.5259269060444,951.8067687034724,NY_PM,DOWN,0.4000000000000025
USDCLP.mg,2025-10-17 13:00:00,2025-10-17 13:00:00,ALLOW,STATE=TRANSITION|QL=TRANSITION_UNCLASSIFIED|LF=LOOK_FOR_transition_repricing_near_vwap,TRANSITION_PERSISTENCE,transition_persistence,LONG,955.4,956.2,954.8,955.5,955.5,2.1759760707685527,959.8519521415373,951.1480478584627,NY,UP,0.4117647058823529
USDCLP.mg,2025-10-17 14:00:00,2025-10-17 14:00:00,BLOCK,STATE=TRANSITION|QL=NONE|LF=NONE,,blocked,NONE,955.45,959.4,955.1,959.3,957.262962962963,2.183324332553838,961.6296116280708,952.8963142978552,NY,UP,0.8588235294117593
USDCLP.mg,2025-10-17 15:00:00,2025-10-17 15:00:00,BLOCK,STATE=TRANSITION|QL=TRANSITION_UNCLASSIFIED|LF=LOOK_FOR_transition_dislocated_from_vwap,TRANSITION_RESOLUTION,transition_resolution,LONG,959.2,961.7,958.4,961.1,958.2660714285714,2.2014706949765,962.6690128185244,953.8631300386184,NY,UP,0.9381443298969052
USDCLP.mg,2025-10-17 16:00:00,2025-10-17 16:00:00,BLOCK,STATE=TREND|QL=NONE|LF=NONE,,blocked,NONE,961.2,962.8,960.25,961.4,958.7753787878788,2.213327881491433,963.2020345508616,954.348723024896,NY,UP,0.8703703703703719
USDCLP.mg,2025-10-17 17:00:00,2025-10-17 17:00:00,BLOCK,STATE=TREND|QL=NONE|LF=NONE,,blocked,NONE,961.6,962.1,959.8,960.05,958.8930555555554,2.1992658646307794,963.291587284817,954.494523826294,NY,UP,0.7453703703703694
USDCLP.mg,2025-10-17 18:00:00,2025-10-17 18:00:00,ALLOW,STATE=TRANSITION|QL=TRANSITION_UNCLASSIFIED|LF=LOOK_FOR_transition_repricing_near_vwap,TRANSITION_PERSISTENCE,transition_persistence,LONG,960.0,960.4,957.7,958.5,958.8524122807016,2.19127871155056,963.2349697038028,954.4698548576004,NY_PM,UP,0.6018518518518544
USDCLP.mg,2025-10-17 19:00:00,2025-10-17 19:00:00,ALLOW,STATE=TRANSITION|QL=TRANSITION_UNCLASSIFIED|LF=LOOK_FOR_transition_repricing_near_vwap,TRANSITION_PERSISTENCE,transition_persistence,LONG,958.0,958.0,957.5,957.5,958.7679347826086,2.2014769525925,963.1708886877936,954.3649808774236,NY_PM,UP,0.5092592592592614
USDCLP.mg,2025-10-17 20:00:00,2025-10-17 20:00:00,ALLOW,STATE=TRANSITION|QL=TRANSITION_UNCLASSIFIED|LF=LOOK_FOR_transition_repricing_near_vwap,TRANSITION_PERSISTENCE,transition_persistence,SHORT,957.5,958.2,957.0,957.0,958.6837962962962,2.222850825678892,963.129497947654,954.2380946449384,NY_PM,DOWN,0.4629629629629649
USDCLP.mg,2025-10-20 13:00:00,2025-10-20 13:00:00,ALLOW,STATE=TRANSITION|QL=TRANSITION_UNCLASSIFIED|LF=LOOK_FOR_transition_repricing_near_vwap,TRANSITION_PERSISTENCE,transition_persistence,SHORT,959.0,959.0,955.75,955.75,956.8333333333334,2.208437465698848,961.2502082647312,952.4164584019356,NY,DOWN,0.1988636363636373
USDCLP.mg,2025-10-20 14:00:00,2025-10-20 14:00:00,BLOCK,STATE=TREND|QL=NONE|LF=NONE,,blocked,NONE,955.55,956.1,953.1,953.6,955.5862745098038,2.1762934572737165,959.9388614243512,951.2336875952564,NY,DOWN,0.0515463917525776
USDCLP.mg,2025-10-20 15:00:00,2025-10-20 15:00:00,BLOCK,STATE=TREND|QL=NONE|LF=NONE,,blocked,NONE,953.5,953.55,952.25,953.45,955.2856749311294,1.954361829968029,959.1943985910656,951.3769512711932,NY,DOWN,0.1137440758293886
USDCLP.mg,2025-10-20 16:00:00,2025-10-20 16:00:00,BLOCK,STATE=TREND|QL=NONE|LF=NONE,,blocked,NONE,953.4,953.5,951.0,952.1,954.8591280653948,1.8434946164906143,958.546117298376,951.1721388324136,NY,DOWN,0.0932203389830531
USDCLP.mg,2025-10-20 17:00:00,2025-10-20 17:00:00,BLOCK,STATE=TREND|QL=NONE|LF=NONE,,blocked,NONE,952.0,952.6,951.0,952.5,954.6831978319782,1.6582707825350125,957.9997393970482,951.3666562669082,NY,DOWN,0.1271186440677971
USDCLP.mg,2025-10-20 18:00:00,2025-10-20 18:00:00,BLOCK,STATE=TREND|QL=NONE|LF=NONE,,blocked,NONE,952.6,952.8,950.5,951.1,954.4502431118314,1.4910986620097446,957.4324404358508,951.468045787812,NY_PM,DOWN,0.04878048780488
USDCLP.mg,2025-10-20 19:00:00,2025-10-20 19:00:00,BLOCK,STATE=TRANSITION|QL=NONE|LF=NONE,,blocked,NONE,951.15,951.3,950.75,950.75,954.2761230907456,1.552544414755653,957.381211920257,951.1710342612344,NY_PM,DOWN,0.0203252032520325
USDCLP.mg,2025-10-20 20:00:00,2025-10-20 20:00:00,BLOCK,STATE=TRANSITION|QL=NONE|LF=NONE,,blocked,NONE,950.9,951.05,950.85,951.0,954.1642252979624,1.5924183291976637,957.3490619563576,950.979388639567,NY_PM,DOWN,0.0431034482758619
USDCLP.mg,2025-10-20 21:00:00,2025-10-20 21:00:00,BLOCK,STATE=TRANSITION|QL=NONE|LF=NONE,,blocked,NONE,950.8,950.8,950.0,950.5,954.0385248655914,1.6364273620652183,957.3113795897218,950.765670141461,NY_PM,DOWN,0.0480769230769231
USDCLP.mg,2025-10-21 13:00:00,2025-10-21 13:00:00,BLOCK,STATE=TRANSITION|QL=NONE|LF=NONE,,blocked,NONE,952.25,953.6,951.6,953.1,952.7666666666668,1.6261206014057623,956.0189078694784,949.5144254638552,NY,UP,0.344444444444447
USDCLP.mg,2025-10-21 14:00:00,2025-10-21 14:00:00,BLOCK,STATE=TRANSITION|QL=NONE|LF=NONE,,blocked,NONE,953.3,954.1,951.1,951.2,952.2676767676768,1.6248424691238263,955.5173617059244,949.017991829429,NY,DOWN,0.1333333333333383
USDCLP.mg,2025-10-21 15:00:00,2025-10-21 15:00:00,BLOCK,STATE=TRANSITION|QL=NONE|LF=NONE,,blocked,NONE,951.4,952.95,951.1,952.6,952.4419788664746,1.6230169291019847,955.6880127246786,949.1959450082708,NY,UP,0.2888888888888914
USDCLP.mg,2025-10-21 16:00:00,2025-10-21 16:00:00,BLOCK,STATE=TRANSITION|QL=NONE|LF=NONE,,blocked,NONE,952.65,952.65,948.7,948.85,951.7546177370032,1.648736401363798,955.0520905397308,948.4571449342756,NY,DOWN,0.0202702702702672
USDCLP.mg,2025-10-21 17:00:00,2025-10-21 17:00:00,BLOCK,STATE=BALANCE|QL=NONE|LF=NONE,,blocked,NONE,948.75,952.7,948.2,952.65,951.7267384477344,1.6532532965138964,955.0332450407624,948.4202318547068,NY,UP,0.7542372881355845
USDCLP.mg,2025-10-21 18:00:00,2025-10-21 18:00:00,BLOCK,STATE=BALANCE|QL=NONE|LF=NONE,,blocked,NONE,952.55,953.0,951.6,953.0,951.7351399220688,1.6673428095632812,955.0698255411957,948.4004543029424,NY_PM,UP,0.8135593220338937
USDCLP.mg,2025-10-21 19:00:00,2025-10-21 19:00:00,BLOCK,STATE=BALANCE|QL=NONE|LF=NONE,,blocked,NONE,953.0,953.0,952.6,953.0,951.7406204272756,1.6861215602129505,955.1128635477014,948.3683773068497,NY_PM,FLAT,0.8135593220338937
USDCLP.mg,2025-10-21 20:00:00,2025-10-21 20:00:00,BLOCK,STATE=BALANCE|QL=NONE|LF=NONE,,blocked,NONE,952.9,953.15,952.9,953.1,951.7494141111944,1.6970434401058927,955.143500991406,948.3553272309824,NY_PM,UP,0.8305084745762705
USDCLP.mg,2025-10-21 21:00:00,2025-10-21 21:00:00,BLOCK,STATE=TRANSITION|QL=NONE|LF=NONE,,blocked,NONE,953.2,953.2,953.0,953.0,951.7516395222584,1.6884164926349636,955.1284725075284,948.3748065369886,NY_PM,UP,0.8135593220338937
USDCLP.mg,2025-10-22 13:00:00,2025-10-22 13:00:00,BLOCK,STATE=BALANCE|QL=NONE|LF=NONE,,blocked,NONE,952.9,953.75,952.6,953.2,953.1833333333332,1.682088957416477,956.5475112481662,949.8191554185004,NY,UP,0.8474576271186474
USDCLP.mg,2025-10-22 14:00:00,2025-10-22 14:00:00,BLOCK,STATE=TRANSITION|QL=NONE|LF=NONE,,blocked,NONE,953.1,953.1,949.6,950.0,951.532774049217,1.6786656370491109,954.8901053233152,948.1754427751188,NY,DOWN,0.3050847457627053
USDCLP.mg,2025-10-22 15:00:00,2025-10-22 15:00:00,BLOCK,STATE=TRANSITION|QL=NONE|LF=NONE,,blocked,NONE,950.2,951.0,949.1,949.3,951.1703980099502,1.6582241263998607,954.48684626275,947.8539497571504,NY,DOWN,0.186440677966087
USDCLP.mg,2025-10-22 16:00:00,2025-10-22 16:00:00,ALLOW,STATE=TRANSITION|QL=TRANSITION_UNCLASSIFIED|LF=LOOK_FOR_transition_repricing_near_vwap,TRANSITION_PERSISTENCE,transition_persistence,SHORT,949.2,952.4,948.95,951.5,951.2453936348408,1.64634191471215,954.538077464265,947.9527098054164,NY,DOWN,0.5593220338982995
USDCLP.mg,2025-10-22 17:00:00,2025-10-22 17:00:00,BLOCK,STATE=TRANSITION|QL=NONE|LF=NONE,,blocked,NONE,951.6,951.9,948.2,948.3,950.922716273442,1.6471163368204358,954.216948947083,947.6284835998013,NY,DOWN,0.0180180180180017
USDCLP.mg,2025-10-22 18:00:00,2025-10-22 18:00:00,ALLOW,STATE=TRANSITION|QL=TRANSITION_UNCLASSIFIED|LF=LOOK_FOR_transition_repricing_near_vwap,TRANSITION_PERSISTENCE,transition_persistence,SHORT,948.4,950.65,948.25,950.0,950.8628423040605,1.6385059632254737,954.1398542305112,947.5858303776092,NY_PM,DOWN,0.3243243243243188
USDCLP.mg,2025-10-22 19:00:00,2025-10-22 19:00:00,BLOCK,STATE=BALANCE|QL=NONE|LF=NONE,,blocked,NONE,950.3,950.3,950.0,950.3,950.8425280681378,1.6326495444049696,954.1078271569476,947.577228979328,NY_PM,DOWN,0.3783783783783651
USDCLP.mg,2025-10-22 20:00:00,2025-10-22 20:00:00,BLOCK,STATE=BALANCE|QL=NONE|LF=NONE,,blocked,NONE,950.2,950.2,949.9,950.0,950.813156167979,1.6259557553053912,954.0650676785896,947.5612446573682,NY_PM,FLAT,0.3243243243243188
USDCLP.mg,2025-10-22 21:00:00,2025-10-22 21:00:00,BLOCK,STATE=BALANCE|QL=NONE|LF=NONE,,blocked,NONE,950.1,950.35,949.9,950.0,950.791559920296,1.62534671094151,954.0422533421788,947.5408664984128,NY_PM,UP,0.3243243243243188
USDCLP.mg,2025-10-23 13:00:00,2025-10-23 13:00:00,BLOCK,STATE=BALANCE|QL=NONE|LF=NONE,,blocked,NONE,950.6,950.9,949.2,949.3,949.8,1.625351598354324,953.0507031967086,946.5492968032912,NY,DOWN,0.1981981981981834
USDCLP.mg,2025-10-23 14:00:00,2025-10-23 14:00:00,ALLOW,STATE=TRANSITION|QL=TRANSITION_UNCLASSIFIED|LF=LOOK_FOR_transition_repricing_near_vwap,TRANSITION_PERSISTENCE,transition_persistence,SHORT,949.2,949.3,946.6,947.4,948.6670212765956,1.6252905011382452,951.9176022788722,945.4164402743193,NY,DOWN,0.1118881118881058
USDCLP.mg,2025-10-23 15:00:00,2025-10-23 15:00:00,BLOCK,STATE=TRANSITION|QL=NONE|LF=NONE,,blocked,NONE,947.35,947.35,945.0,945.95,947.950341880342,1.6277247985683705,951.2057914774786,944.6948922832051,NY,DOWN,0.1085714285714337
USDCLP.mg,2025-10-23 16:00:00,2025-10-23 16:00:00,BLOCK,STATE=TRANSITION|QL=TRANSITION_UNCLASSIFIED|LF=LOOK_FOR_transition_dislocated_from_vwap,TRANSITION_RESOLUTION,transition_resolution,SHORT,945.9,945.9,942.1,943.2,947.0801238738738,1.6529826861358168,950.3860892461456,943.7741585016022,NY,DOWN,0.100000000000002
USDCLP.mg,2025-10-23 17:00:00,2025-10-23 17:00:00,BLOCK,STATE=TRANSITION|QL=TRANSITION_UNCLASSIFIED|LF=LOOK_FOR_transition_dislocated_from_vwap,TRANSITION_RESOLUTION,transition_resolution,SHORT,943.3,944.45,942.95,943.7,946.6880267000416,1.6523097848065542,949.9926462696548,943.3834071304286,NY,DOWN,0.1553398058252456
USDCLP.mg,2025-10-23 18:00:00,2025-10-23 18:00:00,BLOCK,STATE=TREND|QL=NONE|LF=NONE,,blocked,NONE,943.8,944.8,943.7,944.1,946.4847249834328,1.6475124746552157,949.7797499327432,943.1897000341224,NY_PM,DOWN,0.1941747572815542
USDCLP.mg,2025-10-23 19:00:00,2025-10-23 19:00:00,BLOCK,STATE=TRANSITION|QL=NONE|LF=NONE,,blocked,NONE,944.0,944.5,944.0,944.15,946.3536548502336,1.6531371055318318,949.6599290612972,943.04738063917,NY_PM,DOWN,0.209183673469384
USDCLP.mg,2025-10-23 21:00:00,2025-10-23 21:00:00,BLOCK,STATE=TRANSITION|QL=TRANSITION_UNCLASSIFIED|LF=LOOK_FOR_transition_dislocated_from_vwap,TRANSITION_RESOLUTION,transition_resolution,SHORT,943.95,944.5,943.9,944.0,946.2535093896714,1.6619397325323726,949.577388854736,942.9296299246068,NY_PM,DOWN,0.2159090909090894
USDCLP.mg,2025-10-24 13:00:00,2025-10-24 13:00:00,ALLOW,STATE=TRANSITION|QL=TRANSITION_UNCLASSIFIED|LF=LOOK_FOR_transition_repricing_near_vwap,TRANSITION_PERSISTENCE,transition_persistence,SHORT,945.2,946.1,945.1,945.5,945.5666666666666,1.6651992805449425,948.8970652277565,942.2362681055768,NY,DOWN,0.3863636363636358
USDCLP.mg,2025-10-24 14:00:00,2025-10-24 14:00:00,BLOCK,STATE=TRANSITION|QL=NONE|LF=NONE,,blocked,NONE,945.6,945.75,941.5,943.3,943.9307692307692,1.6458760641325163,947.2225213590342,940.6390171025042,NY,FLAT,0.1914893617021232
USDCLP.mg,2025-10-24 15:00:00,2025-10-24 15:00:00,BLOCK,STATE=TRANSITION|QL=NONE|LF=NONE,,blocked,NONE,943.4,945.3,942.6,945.1,944.0737198067632,1.6595577422976944,947.3928352913588,940.754604322168,NY,UP,0.3829787234042586
USDCLP.mg,2025-10-24 16:00:00,2025-10-24 16:00:00,BLOCK,STATE=TRANSITION|QL=NONE|LF=NONE,,blocked,NONE,945.0,945.6,942.8,944.3,944.0323843416368,1.6677210299827692,947.3678264016024,940.6969422816712,NY,UP,0.2978723404255278
USDCLP.mg,2025-10-24 17:00:00,2025-10-24 17:00:00,BLOCK,STATE=TRANSITION|QL=TRANSITION_UNCLASSIFIED|LF=LOOK_FOR_transition_dislocated_from_vwap,TRANSITION_RESOLUTION,transition_resolution,SHORT,944.4,945.1,939.5,940.0,943.3880833333332,1.7002797480769298,946.788642829487,939.9875238371792,NY,DOWN,0.0510204081632655
USDCLP.mg,2025-10-24 18:00:00,2025-10-24 18:00:00,BLOCK,STATE=TRANSITION|QL=NONE|LF=NONE,,blocked,NONE,940.1,941.6,940.0,940.9,943.1080282594731,1.7093036213119694,946.5266355020972,939.6894210168492,NY_PM,DOWN,0.1783439490445825
USDCLP.mg,2025-10-24 19:00:00,2025-10-24 19:00:00,BLOCK,STATE=TRANSITION|QL=NONE|LF=NONE,,blocked,NONE,941.0,941.3,941.0,941.3,942.9573145245558,1.711314922866775,946.3799443702894,939.5346846788224,NY_PM,DOWN,0.2727272727272649
USDCLP.mg,2025-10-24 20:00:00,2025-10-24 20:00:00,BLOCK,STATE=TRANSITION|QL=NONE|LF=NONE,,blocked,NONE,941.3,941.4,940.5,940.7,942.822545134302,1.7131316093342968,946.2488083529706,939.3962819156334,NY_PM,DOWN,0.181818181818188
USDCLP.mg,2025-10-27 13:00:00,2025-10-27 13:00:00,BLOCK,STATE=TRANSITION|QL=NONE|LF=NONE,,blocked,NONE,939.2,939.6,938.5,938.6,938.9,1.6593174528653674,942.2186349057308,935.5813650942692,NY,DOWN,0.013157894736845
USDCLP.mg,2025-10-27 14:00:00,2025-10-27 14:00:00,ALLOW,STATE=TRANSITION|QL=TRANSITION_UNCLASSIFIED|LF=LOOK_FOR_transition_repricing_near_vwap,TRANSITION_PERSISTENCE,transition_persistence,SHORT,938.55,938.55,936.5,936.6,937.9526315789471,1.5617057373144534,941.0760430535762,934.8292201043184,NY,DOWN,0.010416666666669
USDCLP.mg,2025-10-27 15:00:00,2025-10-27 15:00:00,BLOCK,STATE=TRANSITION|QL=NONE|LF=NONE,,blocked,NONE,936.5,937.9,935.5,936.6,937.6219589257504,1.4643690517712211,940.5506970292928,934.693220822208,NY,DOWN,0.1037735849056623
USDCLP.mg,2025-10-27 16:00:00,2025-10-27 16:00:00,BLOCK,STATE=TRANSITION|QL=NONE|LF=NONE,,blocked,NONE,936.5,936.9,935.5,935.7,937.4050865800866,1.4252095733359051,940.2555057267584,934.5546674334148,NY,DOWN,0.0188679245283061
USDCLP.mg,2025-10-27 17:00:00,2025-10-27 17:00:00,BLOCK,STATE=TRANSITION|QL=NONE|LF=NONE,,blocked,NONE,935.8,939.9,935.8,939.6,937.6775993883792,1.489979578334724,940.6575585450488,934.6976402317098,NY,DOWN,0.4000000000000022
USDCLP.mg,2025-10-27 18:00:00,2025-10-27 18:00:00,BLOCK,STATE=TRANSITION|QL=TRANSITION_UNCLASSIFIED|LF=LOOK_FOR_transition_dislocated_from_vwap,TRANSITION_RESOLUTION,transition_resolution,LONG,939.7,941.6,939.1,941.5,938.1502564102564,1.6243656396881467,941.3989876896328,934.90152513088,NY_PM,UP,0.5940594059405927
USDCLP.mg,2025-10-27 19:00:00,2025-10-27 19:00:00,BLOCK,STATE=BALANCE|QL=NONE|LF=NONE,,blocked,NONE,941.2,941.2,940.5,940.8,938.383651226158,1.6978489514065465,941.7793491289711,934.9879533233448,NY_PM,UP,0.5247524752475191
USDCLP.mg,2025-10-27 20:00:00,2025-10-27 20:00:00,BLOCK,STATE=TRANSITION|QL=NONE|LF=NONE,,blocked,NONE,941.1,941.1,941.0,941.0,938.5495281238202,1.7685735128232043,942.0866751494666,935.0123810981738,NY_PM,UP,0.5729166666666653
USDCLP.mg,2025-10-27 21:00:00,2025-10-27 21:00:00,BLOCK,STATE=TRANSITION|QL=NONE|LF=NONE,,blocked,NONE,940.9,941.0,940.4,940.5,938.6434431524548,1.8070669759788491,942.2575771044123,935.029309200497,NY_PM,UP,0.8196721311475379
USDCLP.mg,2025-10-28 13:00:00,2025-10-28 13:00:00,ALLOW,STATE=TRANSITION|QL=TRANSITION_UNCLASSIFIED|LF=LOOK_FOR_transition_repricing_near_vwap,TRANSITION_PERSISTENCE,transition_persistence,LONG,939.5,941.6,939.5,941.1,940.7333333333332,1.8107299263700176,944.3547931860732,937.1118734805932,NY,UP,0.9180327868852464
USDCLP.mg,2025-10-28 14:00:00,2025-10-28 14:00:00,ALLOW,STATE=TRANSITION|QL=TRANSITION_UNCLASSIFIED|LF=LOOK_FOR_transition_repricing_near_vwap,TRANSITION_PERSISTENCE,transition_persistence,LONG,941.2,943.1,939.6,940.15,940.8890921409212,1.7899054816386373,944.4689031041986,937.309281177644,NY,UP,0.6118421052631531
USDCLP.mg,2025-10-28 15:00:00,2025-10-28 15:00:00,BLOCK,STATE=BALANCE|QL=NONE|LF=NONE,,blocked,NONE,940.1,941.1,938.65,939.85,940.7256776556776,1.77909408375499,944.2838658231876,937.1674894881676,NY,DOWN,0.5723684210526329
USDCLP.mg,2025-10-28 16:00:00,2025-10-28 16:00:00,BLOCK,STATE=TRANSITION|QL=NONE|LF=NONE,,blocked,NONE,939.8,943.5,939.8,943.5,941.090060240964,1.796557803425535,944.6831758478148,937.4969446341128,NY,UP,1.0
USDCLP.mg,2025-10-28 17:00:00,2025-10-28 17:00:00,BLOCK,STATE=TRANSITION|QL=NONE|LF=NONE,,blocked,NONE,943.3,943.35,941.7,942.65,941.2121420389462,1.7729662353064548,944.7580745095592,937.6662095683332,NY,UP,0.8937499999999972
USDCLP.mg,2025-10-28 18:00:00,2025-10-28 18:00:00,BLOCK,STATE=TRANSITION|QL=NONE|LF=NONE,,blocked,NONE,942.55,943.9,941.35,943.7,941.3804220579176,1.7793745243417831,944.9391711066012,937.821673009234,NY_PM,UP,0.9761904761904844
USDCLP.mg,2025-10-28 19:00:00,2025-10-28 19:00:00,BLOCK,STATE=TRANSITION|QL=NONE|LF=NONE,,blocked,NONE,943.5,943.8,943.4,943.5,941.4834237025564,1.7571053967290868,944.9976344960144,937.969212909098,NY_PM,UP,0.9506172839506204
USDCLP.mg,2025-10-28 20:00:00,2025-10-28 20:00:00,BLOCK,STATE=TRANSITION|QL=NONE|LF=NONE,,blocked,NONE,943.4,943.5,943.0,943.0,941.5345,1.7734166480579172,945.0813332961158,937.9876667038842,NY_PM,UP,0.828571428571433
USDCLP.mg,2025-10-28 21:00:00,2025-10-28 21:00:00,BLOCK,STATE=TRANSITION|QL=NONE|LF=NONE,,blocked,NONE,942.5,942.6,942.4,942.5,941.5527013848256,1.7793222107075013,945.1113458062404,937.9940569634103,NY_PM,UP,0.7333333333333376
USDCLP.mg,2025-10-29 13:00:00,2025-10-29 13:00:00,BLOCK,STATE=BALANCE|QL=NONE|LF=NONE,,blocked,NONE,941.5,942.45,940.3,940.3,941.0166666666668,1.7790757032566118,944.57481807318,937.4585152601536,NY,DOWN,0.3142857142857099
USDCLP.mg,2025-10-29 14:00:00,2025-10-29 14:00:00,BLOCK,STATE=BALANCE|QL=NONE|LF=NONE,,blocked,NONE,940.3,942.9,940.25,941.0,941.3122916666669,1.739326939465102,944.790945545597,937.8336377877364,NY,DOWN,0.4476190476190519
USDCLP.mg,2025-10-29 15:00:00,2025-10-29 15:00:00,BLOCK,STATE=BALANCE|QL=NONE|LF=NONE,,blocked,NONE,940.95,942.0,939.6,941.5,941.3219977553312,1.7321515477011031,944.7863008507334,937.8576946599288,NY,DOWN,0.5428571428571471
USDCLP.mg,2025-10-29 16:00:00,2025-10-29 16:00:00,BLOCK,STATE=TRANSITION|QL=TRANSITION_UNCLASSIFIED|LF=LOOK_FOR_transition_dislocated_from_vwap,TRANSITION_RESOLUTION,transition_resolution,SHORT,941.3,941.4,938.2,938.35,940.8468125960064,1.7455139489673417,944.337840493941,937.3557846980716,NY,DOWN,0.0263157894736805
USDCLP.mg,2025-10-29 17:00:00,2025-10-29 17:00:00,ALLOW,STATE=TRANSITION|QL=TRANSITION_UNCLASSIFIED|LF=LOOK_FOR_transition_repricing_near_vwap,TRANSITION_PERSISTENCE,transition_persistence,SHORT,938.45,940.9,938.1,940.7,940.769983277592,1.730545595448012,944.231074468488,937.308892086696,NY,DOWN,0.4482758620689729
USDCLP.mg,2025-10-29 18:00:00,2025-10-29 18:00:00,ALLOW,STATE=TRANSITION|QL=TRANSITION_UNCLASSIFIED|LF=LOOK_FOR_transition_repricing_near_vwap,TRANSITION_PERSISTENCE,transition_persistence,SHORT,940.6,940.9,939.0,939.0,940.6042650918636,1.7207530022106938,944.045771096285,937.1627590874422,NY_PM,DOWN,0.1551724137931007
USDCLP.mg,2025-10-29 19:00:00,2025-10-29 19:00:00,ALLOW,STATE=TRANSITION|QL=TRANSITION_UNCLASSIFIED|LF=LOOK_FOR_transition_repricing_near_vwap,TRANSITION_PERSISTENCE,transition_persistence,SHORT,938.8,939.95,938.8,939.2,940.509053275738,1.7076045376631688,943.9242623510644,937.0938442004116,NY_PM,DOWN,0.1896551724137985
USDCLP.mg,2025-10-29 20:00:00,2025-10-29 20:00:00,ALLOW,STATE=TRANSITION|QL=TRANSITION_UNCLASSIFIED|LF=LOOK_FOR_transition_repricing_near_vwap,TRANSITION_PERSISTENCE,transition_persistence,LONG,939.3,942.9,939.0,941.5,940.5578440366972,1.7181672697724444,943.994178576242,937.1215094971524,NY_PM,UP,0.5862068965517249
USDCLP.mg,2025-10-29 21:00:00,2025-10-29 21:00:00,BLOCK,STATE=TRANSITION|QL=NONE|LF=NONE,,blocked,NONE,941.6,943.0,941.4,943.0,940.6636230728336,1.756003833904147,944.175630740642,937.1516154050252,NY_PM,UP,0.8596491228070239
USDCLP.mg,2025-10-30 13:00:00,2025-10-30 13:00:00,ALLOW,STATE=TRANSITION|QL=TRANSITION_UNCLASSIFIED|LF=LOOK_FOR_transition_repricing_near_vwap,TRANSITION_PERSISTENCE,transition_persistence,LONG,944.7,945.35,944.0,944.0,944.45,1.7430381068161538,947.9360762136322,940.9639237863676,NY,UP,0.8137931034482727
USDCLP.mg,2025-10-30 14:00:00,2025-10-30 14:00:00,ALLOW,STATE=TRANSITION|QL=TRANSITION_UNCLASSIFIED|LF=LOOK_FOR_transition_repricing_near_vwap,TRANSITION_PERSISTENCE,transition_persistence,LONG,943.8,945.2,943.2,945.1,944.5231343283582,1.7459635172542158,948.0150613628666,941.0312072938498,NY,UP,0.9655172413793104
USDCLP.mg,2025-10-30 15:00:00,2025-10-30 15:00:00,ALLOW,STATE=TRANSITION|QL=TRANSITION_UNCLASSIFIED|LF=LOOK_FOR_transition_repricing_near_vwap,TRANSITION_PERSISTENCE,transition_persistence,LONG,945.2,945.25,942.5,942.9,944.0236596736598,1.7189249651386294,947.4615096039372,940.5858097433826,NY,UP,0.6620689655172352
USDCLP.mg,2025-10-30 16:00:00,2025-10-30 16:00:00,ALLOW,STATE=TRANSITION|QL=TRANSITION_UNCLASSIFIED|LF=LOOK_FOR_transition_repricing_near_vwap,TRANSITION_PERSISTENCE,transition_persistence,LONG,943.0,943.75,941.1,942.85,943.6584918957012,1.7185963728443157,947.09568464139,940.2212991500128,NY,UP,0.6551724137931034
USDCLP.mg,2025-10-30 17:00:00,2025-10-30 17:00:00,ALLOW,STATE=TRANSITION|QL=TRANSITION_UNCLASSIFIED|LF=LOOK_FOR_transition_repricing_near_vwap,TRANSITION_PERSISTENCE,transition_persistence_flat,NONE,942.95,943.4,941.3,941.5,943.3727525252526,1.7322593701262403,946.8372712655053,939.908233785,NY,FLAT,0.4689655172413762
USDCLP.mg,2025-10-30 18:00:00,2025-10-30 18:00:00,ALLOW,STATE=TRANSITION|QL=TRANSITION_UNCLASSIFIED|LF=LOOK_FOR_transition_repricing_near_vwap,TRANSITION_PERSISTENCE,transition_persistence,SHORT,941.6,944.0,941.5,942.1,943.257339630067,1.734809051760898,946.7269577335888,939.7877215265452,NY_PM,DOWN,0.5517241379310345
USDCLP.mg,2025-10-30 19:00:00,2025-10-30 19:00:00,BLOCK,STATE=BALANCE|QL=NONE|LF=NONE,,blocked,NONE,942.3,942.6,941.65,941.7,943.159558349452,1.740766725939335,946.6410918013308,939.6780248975732,NY_PM,DOWN,0.4965517241379342
USDCLP.mg,2025-10-30 20:00:00,2025-10-30 20:00:00,BLOCK,STATE=TRANSITION|QL=NONE|LF=NONE,,blocked,NONE,941.6,941.8,941.5,941.8,943.0968331968332,1.74559581590322,946.5880248286396,939.6056415650268,NY_PM,DOWN,0.4580152671755677
USDCLP.mg,2025-10-30 21:00:00,2025-10-30 21:00:00,BLOCK,STATE=BALANCE|QL=NONE|LF=NONE,,blocked,NONE,942.4,942.6,942.0,942.0,943.0596235795456,1.7437116004202162,946.547046780386,939.572200378705,NY_PM,DOWN,0.4885496183206125
USDCLP.mg,2025-11-03 13:00:00,2025-11-03 13:00:00,BLOCK,STATE=BALANCE|QL=NONE|LF=NONE,,blocked,NONE,941.7,941.9,941.1,941.7,941.5666666666666,1.729412438801326,945.0254915442692,938.107841789064,NY,DOWN,0.4251968503937064
USDCLP.mg,2025-11-03 14:00:00,2025-11-03 14:00:00,BLOCK,STATE=BALANCE|QL=NONE|LF=NONE,,blocked,NONE,941.6,942.35,940.35,940.55,941.1773148148148,1.6530948420596216,944.483504498934,937.8711251306956,NY,DOWN,0.0399999999999863
USDCLP.mg,2025-11-03 15:00:00,2025-11-03 15:00:00,BLOCK,STATE=BALANCE|QL=NONE|LF=NONE,,blocked,NONE,940.65,941.9,940.4,941.5,941.2963362068964,1.6072547660203391,944.5108457389372,938.0818266748558,NY,DOWN,0.2299999999999954
USDCLP.mg,2025-11-03 16:00:00,2025-11-03 16:00:00,ALLOW,STATE=TRANSITION|QL=TRANSITION_UNCLASSIFIED|LF=LOOK_FOR_transition_repricing_near_vwap,TRANSITION_PERSISTENCE,transition_persistence,SHORT,941.45,941.9,939.5,940.4,941.0889037433157,1.5781207081456532,944.2451451596067,937.9326623270242,NY,DOWN,0.1565217391304308
USDCLP.mg,2025-11-03 17:00:00,2025-11-03 17:00:00,BLOCK,STATE=TRANSITION|QL=TRANSITION_UNCLASSIFIED|LF=LOOK_FOR_transition_dislocated_from_vwap,TRANSITION_RESOLUTION,transition_resolution,SHORT,940.1,940.2,938.4,938.5,940.7204457364342,1.5785620407894878,943.8775698180132,937.5633216548551,NY,DOWN,0.0145985401459886
USDCLP.mg,2025-11-03 18:00:00,2025-11-03 18:00:00,BLOCK,STATE=TREND|QL=NONE|LF=NONE,,blocked,NONE,938.4,938.75,937.2,938.6,940.4318895643364,1.56834971312542,943.5685889905872,937.2951901380856,NY_PM,DOWN,0.2058823529411745
USDCLP.mg,2025-11-03 19:00:00,2025-11-03 19:00:00,BLOCK,STATE=TRANSITION|QL=NONE|LF=NONE,,blocked,NONE,938.5,938.5,937.3,937.9,940.2043541666668,1.5969770206253815,943.3983082079176,937.010400125416,NY_PM,DOWN,0.1029411764705788
USDCLP.mg,2025-11-03 20:00:00,2025-11-03 20:00:00,BLOCK,STATE=TRANSITION|QL=NONE|LF=NONE,,blocked,NONE,938.0,938.1,938.0,938.0,940.0504423213024,1.617001197221272,943.2844447157448,936.8164399268596,NY_PM,DOWN,0.1176470588235235
USDCLP.mg,2025-11-03 21:00:00,2025-11-03 21:00:00,BLOCK,STATE=TRANSITION|QL=NONE|LF=NONE,,blocked,NONE,938.5,939.1,937.9,938.0,939.9368542435424,1.6237746316507111,943.184403506844,936.6893049802412,NY_PM,DOWN,0.1481481481481403
USDCLP.mg,2025-11-04 13:00:00,2025-11-04 13:00:00,BLOCK,STATE=TRANSITION|QL=NONE|LF=NONE,,blocked,NONE,942.8,943.35,942.5,943.1,942.9833333333332,1.6228313254227482,946.2289959841788,939.7376706824878,NY,UP,0.9593495934959348
USDCLP.mg,2025-11-04 14:00:00,2025-11-04 14:00:00,BLOCK,STATE=TRANSITION|QL=NONE|LF=NONE,,blocked,NONE,943.2,944.4,942.9,943.1,943.2320175438596,1.5607909158422075,946.353599375544,940.1104357121752,NY,UP,0.8194444444444491
USDCLP.mg,2025-11-04 15:00:00,2025-11-04 15:00:00,BLOCK,STATE=TRANSITION|QL=NONE|LF=NONE,,blocked,NONE,943.0,944.6,942.55,943.9,943.4272946859904,1.537726241103386,946.5027471681972,940.3518422037836,NY,UP,0.9054054054053988
USDCLP.mg,2025-11-04 16:00:00,2025-11-04 16:00:00,BLOCK,STATE=TRANSITION|QL=NONE|LF=NONE,,blocked,NONE,944.0,946.3,943.85,945.6,943.8950636942676,1.5456438371810786,946.98635136863,940.8037760199056,NY,UP,0.9230769230769298
USDCLP.mg,2025-11-04 17:00:00,2025-11-04 17:00:00,BLOCK,STATE=TRANSITION|QL=NONE|LF=NONE,,blocked,NONE,945.3,946.1,944.3,945.05,944.0784639746636,1.5256605129924916,947.1297850006486,941.0271429486786,NY,UP,0.8626373626373612
USDCLP.mg,2025-11-04 18:00:00,2025-11-04 18:00:00,BLOCK,STATE=TRANSITION|QL=NONE|LF=NONE,,blocked,NONE,945.15,947.2,945.0,947.0,944.3800505050508,1.5714289186464772,947.5229083423436,941.2371926677578,NY_PM,UP,0.9799999999999954
USDCLP.mg,2025-11-04 19:00:00,2025-11-04 19:00:00,BLOCK,STATE=TRANSITION|QL=NONE|LF=NONE,,blocked,NONE,946.6,946.6,946.0,946.0,944.5238320209976,1.5726649336145455,947.6691618882264,941.3785021537684,NY_PM,UP,0.8799999999999955
USDCLP.mg,2025-11-04 20:00:00,2025-11-04 20:00:00,BLOCK,STATE=TRANSITION|QL=NONE|LF=NONE,,blocked,NONE,946.1,946.1,946.0,946.0,944.6261455525608,1.575634055846681,947.777413664254,941.4748774408672,NY_PM,UP,0.8799999999999955
USDCLP.mg,2025-11-04 21:00:00,2025-11-04 21:00:00,BLOCK,STATE=TRANSITION|QL=NONE|LF=NONE,,blocked,NONE,945.9,946.2,945.9,946.0,944.7026698076168,1.5624259857157103,947.8275217790484,941.5778178361854,NY_PM,UP,0.8787878787878753
USDCLP.mg,2025-11-05 13:00:00,2025-11-05 13:00:00,BLOCK,STATE=TRANSITION|QL=NONE|LF=NONE,,blocked,NONE,944.9,945.9,944.8,945.9,945.5333333333332,1.5420593047400242,948.6174519428132,942.4492147238532,NY,UP,0.8602150537634345
USDCLP.mg,2025-11-05 14:00:00,2025-11-05 14:00:00,BLOCK,STATE=TRANSITION|QL=NONE|LF=NONE,,blocked,NONE,945.8,946.8,945.3,946.1,945.7651960784312,1.4710289671628722,948.707254012757,942.8231381441057,NY,UP,0.8817204301075253
USDCLP.mg,2025-11-05 15:00:00,2025-11-05 15:00:00,BLOCK,STATE=TRANSITION|QL=NONE|LF=NONE,,blocked,NONE,945.9,946.2,944.9,945.2,945.68199513382,1.433426191267285,948.5488475163544,942.8151427512852,NY,DOWN,0.5744680851063871
USDCLP.mg,2025-11-05 16:00:00,2025-11-05 16:00:00,BLOCK,STATE=BALANCE|QL=NONE|LF=NONE,,blocked,NONE,945.3,946.6,944.8,945.9,945.7390909090908,1.3899469036535277,948.518984716398,942.9591971017836,NY,FLAT,0.7204301075268725
USDCLP.mg,2025-11-05 17:00:00,2025-11-05 17:00:00,BLOCK,STATE=BALANCE|QL=NONE|LF=NONE,,blocked,NONE,946.1,946.7,944.8,945.2,945.6897360703812,1.3642971767628893,948.4183304239068,942.9611417168552,NY,DOWN,0.569892473118288
USDCLP.mg,2025-11-05 18:00:00,2025-11-05 18:00:00,BLOCK,STATE=TRANSITION|QL=NONE|LF=NONE,,blocked,NONE,945.0,945.1,943.75,944.0,945.4698051948052,1.3767526806854782,948.223310556176,942.7162998334342,NY_PM,DOWN,0.072463768115941
USDCLP.mg,2025-11-05 19:00:00,2025-11-05 19:00:00,BLOCK,STATE=TRANSITION|QL=NONE|LF=NONE,,blocked,NONE,944.1,944.1,943.9,943.9,945.3342481417952,1.386663553261805,948.1075752483188,942.5609210352716,NY_PM,DOWN,0.043478260869558
USDCLP.mg,2025-11-05 20:00:00,2025-11-05 20:00:00,BLOCK,STATE=TRANSITION|QL=NONE|LF=NONE,,blocked,NONE,944.0,944.0,944.0,944.0,945.251017992424,1.3917982000070133,948.034614392438,942.46742159241,NY_PM,DOWN,0.072463768115941
USDCLP.mg,2025-11-05 21:00:00,2025-11-05 21:00:00,BLOCK,STATE=TRANSITION|QL=TRANSITION_UNCLASSIFIED|LF=LOOK_FOR_transition_dislocated_from_vwap,TRANSITION_RESOLUTION,transition_resolution,SHORT,944.0,944.3,943.4,943.5,945.1506464646465,1.3582823259322236,947.8672111165108,942.434081812782,NY_PM,DOWN,0.0294117647058892
USDCLP.mg,2025-11-06 13:00:00,2025-11-06 13:00:00,ALLOW,STATE=TRANSITION|QL=TRANSITION_UNCLASSIFIED|LF=LOOK_FOR_transition_repricing_near_vwap,TRANSITION_PERSISTENCE,transition_persistence,SHORT,941.4,941.4,941.0,941.0,941.1333333333334,1.3372254030769628,943.8077841394874,938.4588825271796,NY,DOWN,0.0
USDCLP.mg,2025-11-06 14:00:00,2025-11-06 14:00:00,BLOCK,STATE=TRANSITION|QL=NONE|LF=NONE,,blocked,NONE,941.1,941.8,938.35,938.35,939.7370967741934,1.2939966457972143,942.325090065788,937.149103482599,NY,DOWN,0.0
USDCLP.mg,2025-11-06 15:00:00,2025-11-06 15:00:00,BLOCK,STATE=TRANSITION|QL=NONE|LF=NONE,,blocked,NONE,938.3,939.45,937.4,939.4,939.6175555555556,1.2493770664099546,942.1163096883756,937.1188014227356,NY,DOWN,0.212765957446809
USDCLP.mg,2025-11-06 16:00:00,2025-11-06 16:00:00,BLOCK,STATE=TRANSITION|QL=NONE|LF=NONE,,blocked,NONE,939.45,940.7,938.95,940.65,939.7404761904762,1.2351247356206383,942.2107256617174,937.270226719235,NY,DOWN,0.3457446808510647
USDCLP.mg,2025-11-06 17:00:00,2025-11-06 17:00:00,BLOCK,STATE=TRANSITION|QL=NONE|LF=NONE,,blocked,NONE,940.75,943.0,940.45,942.85,940.1029652351738,1.29911562182165,942.7011964788172,937.5047339915304,NY,DOWN,0.5860215053763447
USDCLP.mg,2025-11-06 18:00:00,2025-11-06 18:00:00,BLOCK,STATE=TRANSITION|QL=NONE|LF=NONE,,blocked,NONE,942.8,943.0,942.0,942.4,940.2794685990336,1.343636662736476,942.9667419245068,937.5921952735608,NY_PM,DOWN,0.5376344086021466
USDCLP.mg,2025-11-06 19:00:00,2025-11-06 19:00:00,BLOCK,STATE=TRANSITION|QL=NONE|LF=NONE,,blocked,NONE,942.5,942.5,942.2,942.3,940.388247011952,1.379084338157366,943.1464156882668,937.6300783356372,NY_PM,UP,0.5268817204301012
USDCLP.mg,2025-11-06 20:00:00,2025-11-06 20:00:00,BLOCK,STATE=TRANSITION|QL=NONE|LF=NONE,,blocked,NONE,942.5,943.0,942.4,943.0,940.4993785310734,1.4316102504338286,943.362599031941,937.6361580302056,NY_PM,UP,0.727272727272726
USDCLP.mg,2025-11-06 21:00:00,2025-11-06 21:00:00,BLOCK,STATE=TRANSITION|QL=NONE|LF=NONE,,blocked,NONE,942.8,943.0,941.9,941.9,940.53407079646,1.4088921407652744,943.3518550779906,937.7162865149296,NY_PM,UP,0.6521739130434804
USDCLP.mg,2025-11-07 13:00:00,2025-11-07 13:00:00,BLOCK,STATE=BALANCE|QL=NONE|LF=NONE,,blocked,NONE,944.1,944.1,943.0,943.1,943.4,1.4091092722123415,946.2182185444246,940.5817814555752,NY,UP,0.8260869565217485
USDCLP.mg,2025-11-07 14:00:00,2025-11-07 14:00:00,ALLOW,STATE=TRANSITION|QL=TRANSITION_UNCLASSIFIED|LF=LOOK_FOR_transition_repricing_near_vwap,TRANSITION_PERSISTENCE,transition_persistence,LONG,942.8,946.2,942.8,945.0,944.3840220385674,1.3963750141225395,947.1767720668124,941.5912720103224,NY,UP,0.8636363636363595
USDCLP.mg,2025-11-07 15:00:00,2025-11-07 15:00:00,BLOCK,STATE=TRANSITION|QL=NONE|LF=NONE,,blocked,NONE,945.0,945.6,943.9,943.9,944.3418381344306,1.3861166110035523,947.1140713564378,941.5696049124236,NY,UP,0.7386363636363579
USDCLP.mg,2025-11-07 16:00:00,2025-11-07 16:00:00,BLOCK,STATE=TRANSITION|QL=NONE|LF=NONE,,blocked,NONE,944.1,947.8,943.75,946.6,944.8219227313566,1.4033887350759566,947.6287002015084,942.0151452612048,NY,UP,0.8846153846153909
USDCLP.mg,2025-11-07 17:00:00,2025-11-07 17:00:00,BLOCK,STATE=TRANSITION|QL=NONE|LF=NONE,,blocked,NONE,946.7,948.8,945.8,948.0,945.2609218436872,1.4184016746873558,948.097725193062,942.4241184943126,NY,UP,0.9298245614035128
USDCLP.mg,2025-11-07 18:00:00,2025-11-07 18:00:00,BLOCK,STATE=TRANSITION|QL=NONE|LF=NONE,,blocked,NONE,947.9,947.9,946.2,947.0,945.4526315789471,1.4345273083549237,948.3216861956572,942.5835769622374,NY_PM,UP,0.8172588832487339
USDCLP.mg,2025-11-07 19:00:00,2025-11-07 19:00:00,BLOCK,STATE=TRANSITION|QL=NONE|LF=NONE,,blocked,NONE,946.5,946.5,944.5,944.6,945.4437086092714,1.437022372427205,948.3177533541258,942.5696638644172,NY_PM,UP,0.4970059880239548
USDCLP.mg,2025-11-07 20:00:00,2025-11-07 20:00:00,BLOCK,STATE=BALANCE|QL=NONE|LF=NONE,,blocked,NONE,944.6,945.8,944.6,945.8,945.4953567383916,1.4288911038603755,948.3531389461124,942.6375745306708,NY_PM,UP,0.5652173913043463
USDCLP.mg,2025-11-10 13:00:00,2025-11-10 13:00:00,BLOCK,STATE=BALANCE|QL=NONE|LF=NONE,,blocked,NONE,942.3,943.55,942.3,942.6,942.8166666666666,1.4244634302458905,945.6655935271584,939.9677398061748,NY,DOWN,0.1014492753623257
USDCLP.mg,2025-11-10 14:00:00,2025-11-10 14:00:00,BLOCK,STATE=BALANCE|QL=NONE|LF=NONE,,blocked,NONE,942.5,942.6,940.55,941.6,942.1421383647798,1.4006814630130704,944.943501290806,939.3407754387536,NY,DOWN,0.1272727272727355
USDCLP.mg,2025-11-10 15:00:00,2025-11-10 15:00:00,BLOCK,STATE=TRANSITION|QL=NONE|LF=NONE,,blocked,NONE,941.65,942.0,940.9,941.25,941.9451773049644,1.394108453683728,944.733394212332,939.1569603975972,NY,DOWN,0.0848484848484903
USDCLP.mg,2025-11-10 16:00:00,2025-11-10 16:00:00,BLOCK,STATE=TRANSITION|QL=NONE|LF=NONE,,blocked,NONE,941.3,941.3,939.7,940.3,941.6711625794732,1.3922069734701303,944.4555765264134,938.8867486325328,NY,DOWN,0.0659340659340566
USDCLP.mg,2025-11-10 17:00:00,2025-11-10 17:00:00,BLOCK,STATE=TRANSITION|QL=NONE|LF=NONE,,blocked,NONE,940.1,941.1,940.0,940.05,941.520073480294,1.3958481432766756,944.3117697668472,938.7283771937406,NY,DOWN,0.0384615384615288
USDCLP.mg,2025-11-10 18:00:00,2025-11-10 18:00:00,BLOCK,STATE=TRANSITION|QL=NONE|LF=NONE,,blocked,NONE,940.0,940.05,938.75,939.5,941.3276016904384,1.4124396769491858,944.1524810443368,938.50272233654,NY_PM,DOWN,0.0746268656716421
USDCLP.mg,2025-11-10 19:00:00,2025-11-10 19:00:00,BLOCK,STATE=TRANSITION|QL=NONE|LF=NONE,,blocked,NONE,939.0,939.0,938.5,938.5,941.1296417649628,1.4617088806746836,944.0530595263124,938.2062240036136,NY_PM,DOWN,0.0
USDCLP.mg,2025-11-10 20:00:00,2025-11-10 20:00:00,BLOCK,STATE=TRANSITION|QL=NONE|LF=NONE,,blocked,NONE,938.5,938.5,938.35,938.35,940.9753258845438,1.5053077926856664,943.9859414699152,937.9647102991726,NY_PM,DOWN,0.0
USDCLP.mg,2025-11-10 21:00:00,2025-11-10 21:00:00,BLOCK,STATE=TRANSITION|QL=NONE|LF=NONE,,blocked,NONE,938.4,938.6,938.35,938.35,940.8606783511848,1.5440481518840234,943.9487746549528,937.7725820474168,NY_PM,DOWN,0.0
USDCLP.mg,2025-11-11 13:00:00,2025-11-11 13:00:00,ALLOW,STATE=TRANSITION|QL=TRANSITION_UNCLASSIFIED|LF=LOOK_FOR_transition_repricing_near_vwap,TRANSITION_PERSISTENCE,transition_persistence,SHORT,937.5,937.55,935.8,935.9,936.4166666666664,1.542931935345224,939.502530537357,933.330802795976,NY,DOWN,0.0093457943925254
USDCLP.mg,2025-11-11 14:00:00,2025-11-11 14:00:00,BLOCK,STATE=TREND|QL=NONE|LF=NONE,,blocked,NONE,935.85,939.25,935.85,938.85,937.7408388520972,1.521734305175254,940.7843074624476,934.6973702417466,NY,DOWN,0.3050000000000068
USDCLP.mg,2025-11-11 15:00:00,2025-11-11 15:00:00,BLOCK,STATE=TREND|QL=NONE|LF=NONE,,blocked,NONE,938.8,938.8,935.5,935.5,937.274970760234,1.5203904762203104,940.3157517126748,934.2341898077934,NY,DOWN,0.0
USDCLP.mg,2025-11-11 16:00:00,2025-11-11 16:00:00,BLOCK,STATE=TREND|QL=NONE|LF=NONE,,blocked,NONE,935.4,937.0,934.0,934.6,936.7620788530468,1.5161995635001553,939.794477980047,933.7296797260464,NY,DOWN,0.0697674418604675
USDCLP.mg,2025-11-11 17:00:00,2025-11-11 17:00:00,BLOCK,STATE=TREND|QL=NONE|LF=NONE,,blocked,NONE,934.55,937.45,934.4,934.9,936.5427331349208,1.5062321330373878,939.5551974009954,933.530268868846,NY,DOWN,0.1124999999999971
USDCLP.mg,2025-11-11 18:00:00,2025-11-11 18:00:00,BLOCK,STATE=TRANSITION|QL=NONE|LF=NONE,,blocked,NONE,935.2,936.1,934.8,936.1,936.5208949563898,1.4821758157705482,939.485246587931,933.5565433248488,NY_PM,DOWN,0.2876712328767172
USDCLP.mg,2025-11-11 19:00:00,2025-11-11 19:00:00,BLOCK,STATE=TRANSITION|QL=NONE|LF=NONE,,blocked,NONE,936.2,936.2,935.4,935.5,936.4692602823818,1.488346685388365,939.4459536531584,933.4925669116052,NY_PM,DOWN,0.2112676056338021
USDCLP.mg,2025-11-11 20:00:00,2025-11-11 20:00:00,BLOCK,STATE=TRANSITION|QL=TRANSITION_UNCLASSIFIED|LF=LOOK_FOR_transition_dislocated_from_vwap,TRANSITION_RESOLUTION,transition_resolution,SHORT,935.0,935.0,933.8,934.0,936.343439030678,1.5240637896594722,939.391566609997,933.2953114513592,NY_PM,DOWN,0.0320000000000072
USDCLP.mg,2025-11-11 21:00:00,2025-11-11 21:00:00,BLOCK,STATE=TRANSITION|QL=TRANSITION_UNCLASSIFIED|LF=LOOK_FOR_transition_dislocated_from_vwap,TRANSITION_RESOLUTION,transition_resolution,SHORT,934.1,934.2,933.55,934.0,936.2408444444444,1.552472414432549,939.3457892733096,933.1358996155792,NY_PM,DOWN,0.0789473684210599
USDCLP.mg,2025-11-12 13:00:00,2025-11-12 13:00:00,ALLOW,STATE=TRANSITION|QL=TRANSITION_UNCLASSIFIED|LF=LOOK_FOR_transition_repricing_near_vwap,TRANSITION_PERSISTENCE,transition_persistence,SHORT,931.4,933.8,931.4,933.2,932.7999999999998,1.531964564453295,935.8639291289064,929.7360708710931,NY,DOWN,0.2292993630573328
USDCLP.mg,2025-11-12 14:00:00,2025-11-12 14:00:00,ALLOW,STATE=TRANSITION|QL=TRANSITION_UNCLASSIFIED|LF=LOOK_FOR_transition_repricing_near_vwap,TRANSITION_PERSISTENCE,transition_persistence,SHORT,933.25,934.45,932.0,933.7,933.047888888889,1.5278603941043225,936.1036096770976,929.9921681006804,NY,DOWN,0.2929936305732562
USDCLP.mg,2025-11-12 15:00:00,2025-11-12 15:00:00,BLOCK,STATE=TREND|QL=NONE|LF=NONE,,blocked,NONE,933.6,933.6,931.8,932.1,932.891632928475,1.476748896592459,935.84513072166,929.93813513529,NY,DOWN,0.0891719745222985
USDCLP.mg,2025-11-12 16:00:00,2025-11-12 16:00:00,ALLOW,STATE=TRANSITION|QL=TRANSITION_UNCLASSIFIED|LF=LOOK_FOR_transition_repricing_near_vwap,TRANSITION_PERSISTENCE,transition_persistence,SHORT,932.0,932.6,931.0,931.1,932.6919089147286,1.4684312800927837,935.6287714749142,929.7550463545432,NY,DOWN,0.0121212121212148
USDCLP.mg,2025-11-12 17:00:00,2025-11-12 17:00:00,BLOCK,STATE=TREND|QL=NONE|LF=NONE,,blocked,NONE,931.2,931.2,929.5,929.5,932.3527588813304,1.49249516454294,935.3377492104162,929.3677685522445,NY,DOWN,0.0
USDCLP.mg,2025-11-12 18:00:00,2025-11-12 18:00:00,BLOCK,STATE=TREND|QL=NONE|LF=NONE,,blocked,NONE,929.5,930.6,929.2,930.45,932.1749690210656,1.4848256836716969,935.1446203884092,929.2053176537222,NY_PM,DOWN,0.1515151515151515
USDCLP.mg,2025-11-12 19:00:00,2025-11-12 19:00:00,BLOCK,STATE=TREND|QL=NONE|LF=NONE,,blocked,NONE,930.45,930.5,929.5,929.9,932.0234908136482,1.4992795253944076,935.022049864437,929.0249317628594,NY_PM,DOWN,0.0848484848484765
USDCLP.mg,2025-11-12 20:00:00,2025-11-12 20:00:00,BLOCK,STATE=TRANSITION|QL=NONE|LF=NONE,,blocked,NONE,929.7,929.9,929.5,929.5,931.894489981785,1.5186072086781566,934.9317043991412,928.8572755644288,NY_PM,DOWN,0.0428571428571363
USDCLP.mg,2025-11-12 21:00:00,2025-11-12 21:00:00,BLOCK,STATE=TRANSITION|QL=NONE|LF=NONE,,blocked,NONE,929.8,929.8,929.5,929.5,931.7956775231202,1.5388765944394571,934.873430711999,928.7179243342412,NY_PM,DOWN,0.0428571428571363
USDCLP.mg,2025-11-13 13:00:00,2025-11-13 13:00:00,ALLOW,STATE=TRANSITION|QL=TRANSITION_UNCLASSIFIED|LF=LOOK_FOR_transition_repricing_near_vwap,TRANSITION_PERSISTENCE,transition_persistence,SHORT,927.2,927.8,927.1,927.6,927.5,1.5383103519210437,930.576620703842,924.423379296158,NY,DOWN,0.0632911392405065
USDCLP.mg,2025-11-13 14:00:00,2025-11-13 14:00:00,ALLOW,STATE=TRANSITION|QL=TRANSITION_UNCLASSIFIED|LF=LOOK_FOR_transition_repricing_near_vwap,TRANSITION_PERSISTENCE,transition_persistence,SHORT,927.5,927.5,924.4,925.6,926.2086868686868,1.5382740444477778,929.2852349575824,923.1321387797911,NY,DOWN,0.1194029850746305
USDCLP.mg,2025-11-13 15:00:00,2025-11-13 15:00:00,BLOCK,STATE=TRANSITION|QL=NONE|LF=NONE,,blocked,NONE,925.7,926.65,925.2,925.35,926.0282630522088,1.5329243820468477,929.0941118163024,922.962414288115,NY,DOWN,0.0945273631840834
USDCLP.mg,2025-11-13 16:00:00,2025-11-13 16:00:00,BLOCK,STATE=TRANSITION|QL=NONE|LF=NONE,,blocked,NONE,925.15,926.3,924.6,925.6,925.99624085163,1.527829789685332,929.0519004310006,922.9405812722594,NY,DOWN,0.1194029850746305
USDCLP.mg,2025-11-13 17:00:00,2025-11-13 17:00:00,BLOCK,STATE=TRANSITION|QL=TRANSITION_UNCLASSIFIED|LF=LOOK_FOR_transition_dislocated_from_vwap,TRANSITION_RESOLUTION,transition_resolution,SHORT,925.4,925.45,922.7,923.0,925.6188308457712,1.5529183146893897,928.72466747515,922.5129942163924,NY,DOWN,0.0275229357798124
USDCLP.mg,2025-11-13 18:00:00,2025-11-13 18:00:00,BLOCK,STATE=TRANSITION|QL=NONE|LF=NONE,,blocked,NONE,923.0,927.8,923.0,927.0,925.6620381406436,1.5676921081972373,928.7974223570384,922.5266539242492,NY_PM,DOWN,0.4343434343434307
USDCLP.mg,2025-11-13 19:00:00,2025-11-13 19:00:00,BLOCK,STATE=BALANCE|QL=NONE|LF=NONE,,blocked,NONE,926.7,927.6,926.5,927.6,925.724289021164,1.6027513746623503,928.9297917704888,922.5187862718392,NY_PM,FLAT,0.5764705882352914
USDCLP.mg,2025-11-13 20:00:00,2025-11-13 20:00:00,BLOCK,STATE=TRANSITION|QL=NONE|LF=NONE,,blocked,NONE,927.8,927.8,927.35,927.8,925.7782356273012,1.6348737651362046,929.0479831575736,922.5084880970288,NY_PM,UP,0.6455696202531549
USDCLP.mg,2025-11-13 21:00:00,2025-11-13 21:00:00,BLOCK,STATE=TRANSITION|QL=NONE|LF=NONE,,blocked,NONE,927.85,930.25,927.85,929.0,925.9713967310548,1.705054871148023,929.381506473351,922.5612869887588,NY_PM,UP,0.8076923076923066
USDCLP.mg,2025-11-14 13:00:00,2025-11-14 13:00:00,ALLOW,STATE=TRANSITION|QL=TRANSITION_UNCLASSIFIED|LF=LOOK_FOR_transition_repricing_near_vwap,TRANSITION_PERSISTENCE,transition_persistence,LONG,929.2,930.4,929.0,929.6,929.6666666666666,1.6961244728668632,933.0589156124004,926.2744177209328,NY,UP,0.8961038961039011
USDCLP.mg,2025-11-14 14:00:00,2025-11-14 14:00:00,BLOCK,STATE=TREND|QL=NONE|LF=NONE,,blocked,NONE,929.6,931.4,928.6,931.4,930.2757575757576,1.6505539017740578,933.5768653793056,926.9746497722094,NY,UP,1.0
USDCLP.mg,2025-11-14 15:00:00,2025-11-14 15:00:00,BLOCK,STATE=TREND|QL=NONE|LF=NONE,,blocked,NONE,931.3,935.5,931.3,934.8,931.565483234714,1.6920356159092438,934.9495544665324,928.1814120028956,NY,UP,0.9453124999999962
USDCLP.mg,2025-11-14 16:00:00,2025-11-14 16:00:00,ALLOW,STATE=TRANSITION|QL=TRANSITION_UNCLASSIFIED|LF=LOOK_FOR_transition_repricing_near_vwap,TRANSITION_PERSISTENCE,transition_persistence,LONG,935.1,935.7,931.6,932.6,931.8216441875402,1.668395805729,935.1584357989982,928.4848525760822,NY,UP,0.7615384615384598
USDCLP.mg,2025-11-14 17:00:00,2025-11-14 17:00:00,ALLOW,STATE=TRANSITION|QL=TRANSITION_UNCLASSIFIED|LF=LOOK_FOR_transition_repricing_near_vwap,TRANSITION_PERSISTENCE,transition_persistence,LONG,932.65,934.65,929.4,930.0,931.692706992707,1.6252972825088154,934.9433015577248,928.4421124276894,NY,UP,0.561538461538458
USDCLP.mg,2025-11-14 18:00:00,2025-11-14 18:00:00,BLOCK,STATE=TRANSITION|QL=NONE|LF=NONE,,blocked,NONE,929.9,931.0,928.0,928.3,931.4369404186796,1.646258684766525,934.7294577882126,928.1444230491466,NY_PM,DOWN,0.4307692307692238
USDCLP.mg,2025-11-14 19:00:00,2025-11-14 19:00:00,BLOCK,STATE=TRANSITION|QL=NONE|LF=NONE,,blocked,NONE,928.5,929.0,928.0,928.5,931.296545501418,1.6758855053176116,934.6483165120532,927.9447744907826,NY_PM,DOWN,0.4461538461538427
USDCLP.mg,2025-11-14 20:00:00,2025-11-14 20:00:00,BLOCK,STATE=TRANSITION|QL=TRANSITION_UNCLASSIFIED|LF=LOOK_FOR_transition_dislocated_from_vwap,TRANSITION_RESOLUTION,transition_resolution,SHORT,928.7,928.7,927.5,927.6,931.1252310337416,1.7160442490423908,934.5573195318264,927.6931425356568,NY_PM,DOWN,0.3622047244094493
USDCLP.mg,2025-11-17 13:00:00,2025-11-17 13:00:00,BLOCK,STATE=TREND|QL=NONE|LF=NONE,,blocked,NONE,913.55,914.4,910.6,912.05,912.35,1.7165802860825965,915.7831605721652,908.9168394278348,NY,DOWN,0.057768924302786
USDCLP.mg,2025-11-17 14:00:00,2025-11-17 14:00:00,BLOCK,STATE=TREND|QL=NONE|LF=NONE,,blocked,NONE,912.15,917.6,912.15,917.5,914.1332307692307,1.7767934618934478,917.6868176930176,910.5796438454438,NY,DOWN,0.2749003984063733
USDCLP.mg,2025-11-17 15:00:00,2025-11-17 15:00:00,BLOCK,STATE=TREND|QL=NONE|LF=NONE,,blocked,NONE,917.6,921.2,917.55,919.5,915.277315689981,1.8456922930786697,918.9687002761384,911.5859311038236,NY,DOWN,0.3545816733067717
USDCLP.mg,2025-11-17 16:00:00,2025-11-17 16:00:00,BLOCK,STATE=TRANSITION|QL=NONE|LF=NONE,,blocked,NONE,919.55,921.85,918.3,920.8,916.0751600512164,1.9723999546339528,920.0199599604842,912.1303601419484,NY,DOWN,0.4063745019920288
USDCLP.mg,2025-11-17 17:00:00,2025-11-17 17:00:00,BLOCK,STATE=TRANSITION|QL=TRANSITION_UNCLASSIFIED|LF=LOOK_FOR_transition_dislocated_from_vwap,TRANSITION_RESOLUTION,transition_resolution,SHORT,920.75,924.15,919.9,922.0,916.768344627299,2.135132109320538,921.03860884594,912.498080408658,NY,DOWN,0.4541832669322696
USDCLP.mg,2025-11-17 18:00:00,2025-11-17 18:00:00,BLOCK,STATE=TRANSITION|QL=TRANSITION_UNCLASSIFIED|LF=LOOK_FOR_transition_dislocated_from_vwap,TRANSITION_RESOLUTION,transition_resolution,SHORT,921.7,923.7,921.7,923.5,917.2877042801556,2.3316411920536537,921.9509866642628,912.6244218960484,NY_PM,DOWN,0.5139442231075684
USDCLP.mg,2025-11-17 19:00:00,2025-11-17 19:00:00,ALLOW,STATE=TRANSITION|QL=TRANSITION_UNCLASSIFIED|LF=LOOK_FOR_transition_dislocated_from_vwap,TRANSITION_RESOLUTION,transition_resolution,LONG,923.8,923.8,922.6,922.85,917.6012361743656,2.4612227337335804,922.5236816418328,912.6787907068984,NY_PM,UP,0.4880478087649398
USDCLP.mg,2025-11-17 20:00:00,2025-11-17 20:00:00,BLOCK,STATE=TRANSITION|QL=TRANSITION_UNCLASSIFIED|LF=LOOK_FOR_transition_dislocated_from_vwap,TRANSITION_RESOLUTION,transition_resolution,LONG,922.8,922.8,922.6,922.7,917.819396310788,2.5637805368096416,922.9469573844074,912.6918352371688,NY_PM,UP,0.503118503118505
USDCLP.mg,2025-11-17 21:00:00,2025-11-17 21:00:00,BLOCK,STATE=TRANSITION|QL=TRANSITION_UNCLASSIFIED|LF=LOOK_FOR_transition_dislocated_from_vwap,TRANSITION_RESOLUTION,transition_resolution,LONG,922.9,923.6,922.9,923.55,918.0186673199412,2.6829735304686824,923.3846143808786,912.6527202590038,NY_PM,UP,0.6348039215686249
USDCLP.mg,2025-11-18 13:00:00,2025-11-18 13:00:00,ALLOW,STATE=TRANSITION|QL=TRANSITION_UNCLASSIFIED|LF=LOOK_FOR_transition_repricing_near_vwap,TRANSITION_PERSISTENCE,transition_persistence,LONG,924.6,925.2,923.8,924.8,924.6,2.675542643838539,929.9510852876772,919.248914712323,NY,UP,0.7717391304347798
USDCLP.mg,2025-11-18 14:00:00,2025-11-18 14:00:00,BLOCK,STATE=BALANCE|QL=NONE|LF=NONE,,blocked,NONE,924.85,929.6,924.7,929.2,927.0307692307694,2.682809716694053,932.3963886641576,921.6651497973812,NY,UP,0.9789473684210538
USDCLP.mg,2025-11-18 15:00:00,2025-11-18 15:00:00,BLOCK,STATE=TRANSITION|QL=NONE|LF=NONE,,blocked,NONE,929.15,929.3,925.6,926.55,926.8582217973232,2.6688235887957097,932.1958689749146,921.5205746197316,NY,UP,0.8394736842105227
USDCLP.mg,2025-11-18 16:00:00,2025-11-18 16:00:00,BLOCK,STATE=TRANSITION|QL=NONE|LF=NONE,,blocked,NONE,926.35,930.15,926.05,929.5,927.168197498922,2.6554066792785704,932.4790108574792,921.857384140365,NY,UP,0.96388888888889
USDCLP.mg,2025-11-18 17:00:00,2025-11-18 17:00:00,BLOCK,STATE=TRANSITION|QL=TRANSITION_UNCLASSIFIED|LF=LOOK_FOR_transition_dislocated_from_vwap,TRANSITION_RESOLUTION,transition_resolution,LONG,929.0,934.0,928.75,932.9,927.9172531769308,2.7046044076874898,933.3264619923056,922.5080443615556,NY,UP,0.9331306990881448
USDCLP.mg,2025-11-18 18:00:00,2025-11-18 18:00:00,BLOCK,STATE=TRANSITION|QL=TRANSITION_UNCLASSIFIED|LF=LOOK_FOR_transition_dislocated_from_vwap,TRANSITION_RESOLUTION,transition_resolution,LONG,932.95,935.9,932.95,934.5,928.6012175962296,2.7799766883410824,934.1611709729116,923.0412642195472,NY_PM,UP,0.9204545454545467
USDCLP.mg,2025-11-18 19:00:00,2025-11-18 19:00:00,BLOCK,STATE=TRANSITION|QL=NONE|LF=NONE,,blocked,NONE,934.6,934.6,933.0,933.0,928.9785620485884,2.8174764004440926,934.6135148494766,923.3436092477002,NY_PM,UP,0.8187500000000014
USDCLP.mg,2025-11-18 20:00:00,2025-11-18 20:00:00,BLOCK,STATE=TRANSITION|QL=NONE|LF=NONE,,blocked,NONE,932.7,932.8,932.0,932.0,929.20249106975,2.832988211606794,934.8684674929636,923.5365146465364,NY_PM,UP,0.7253521126760566
USDCLP.mg,2025-11-18 21:00:00,2025-11-18 21:00:00,ALLOW,STATE=TRANSITION|QL=TRANSITION_UNCLASSIFIED|LF=LOOK_FOR_transition_repricing_near_vwap,TRANSITION_PERSISTENCE,transition_persistence,LONG,931.9,931.9,931.0,931.0,929.3298813643104,2.8134339104196555,934.9567491851498,923.7030135434712,NY_PM,UP,0.6315789473684215
USDCLP.mg,2025-11-19 13:00:00,2025-11-19 13:00:00,ALLOW,STATE=TRANSITION|QL=TRANSITION_UNCLASSIFIED|LF=LOOK_FOR_transition_repricing_near_vwap,TRANSITION_PERSISTENCE,transition_persistence_flat,NONE,931.35,931.4,929.6,929.6,930.2,2.788807017973413,935.7776140359468,924.6223859640533,NY,FLAT,0.526315789473686
USDCLP.mg,2025-11-19 14:00:00,2025-11-19 14:00:00,ALLOW,STATE=TRANSITION|QL=TRANSITION_UNCLASSIFIED|LF=LOOK_FOR_transition_repricing_near_vwap,TRANSITION_PERSISTENCE,transition_persistence,LONG,929.65,934.05,929.2,934.05,932.0611111111112,2.7711658533130774,937.6034428177372,926.518779404485,NY,UP,0.857692307692306
USDCLP.mg,2025-11-19 15:00:00,2025-11-19 15:00:00,ALLOW,STATE=TRANSITION|QL=TRANSITION_UNCLASSIFIED|LF=LOOK_FOR_transition_repricing_near_vwap,TRANSITION_PERSISTENCE,transition_persistence,SHORT,934.1,934.2,931.6,931.8,931.9121212121212,2.768570746582328,937.4492627052858,926.3749797189564,NY,DOWN,0.6611570247933872
USDCLP.mg,2025-11-19 16:00:00,2025-11-19 16:00:00,BLOCK,STATE=TRANSITION|QL=NONE|LF=NONE,,blocked,NONE,931.75,933.3,929.0,929.2,931.5645833333332,2.794474256701312,937.153531846736,925.9756348199304,NY,DOWN,0.4017857142857167
USDCLP.mg,2025-11-19 17:00:00,2025-11-19 17:00:00,ALLOW,STATE=TRANSITION|QL=TRANSITION_UNCLASSIFIED|LF=LOOK_FOR_transition_repricing_near_vwap,TRANSITION_PERSISTENCE,transition_persistence,SHORT,929.1,929.1,927.2,929.05,931.2277777777776,2.790707165264912,936.8091921083076,925.6463634472478,NY,DOWN,0.3349514563106744
USDCLP.mg,2025-11-19 18:00:00,2025-11-19 18:00:00,ALLOW,STATE=TRANSITION|QL=TRANSITION_UNCLASSIFIED|LF=LOOK_FOR_transition_repricing_near_vwap,TRANSITION_PERSISTENCE,transition_persistence,LONG,928.85,932.6,928.45,931.4,931.171153846154,2.756482347251485,936.6841185406568,925.6581891516508,NY_PM,UP,0.5431472081218285
USDCLP.mg,2025-11-19 19:00:00,2025-11-19 19:00:00,ALLOW,STATE=TRANSITION|QL=TRANSITION_UNCLASSIFIED|LF=LOOK_FOR_transition_repricing_near_vwap,TRANSITION_PERSISTENCE,transition_persistence,LONG,931.6,931.6,931.0,931.4,931.1327956989248,2.7570398975391943,936.6468754940032,925.6187159038464,NY_PM,UP,0.4827586206896511
USDCLP.mg,2025-11-19 20:00:00,2025-11-19 20:00:00,ALLOW,STATE=TRANSITION|QL=TRANSITION_UNCLASSIFIED|LF=LOOK_FOR_transition_repricing_near_vwap,TRANSITION_PERSISTENCE,transition_persistence,SHORT,931.3,932.8,931.1,931.1,931.0912037037036,2.7597173529242034,936.610638409552,925.5717689978552,NY_PM,DOWN,0.4482758620689664
USDCLP.mg,2025-11-19 21:00:00,2025-11-19 21:00:00,BLOCK,STATE=BALANCE|QL=NONE|LF=NONE,,blocked,NONE,931.3,931.65,931.2,931.5,931.0760162601626,2.749968675096055,936.5759536103548,925.5760789099704,NY_PM,DOWN,0.5810810810810767
USDCLP.mg,2025-11-20 13:00:00,2025-11-20 13:00:00,ALLOW,STATE=TRANSITION|QL=TRANSITION_UNCLASSIFIED|LF=LOOK_FOR_transition_repricing_near_vwap,TRANSITION_PERSISTENCE,transition_persistence,LONG,932.15,933.7,932.15,933.5,933.1166666666668,2.727376072984294,938.5714188126352,927.661914520698,NY,UP,0.8999999999999935
USDCLP.mg,2025-11-20 14:00:00,2025-11-20 14:00:00,ALLOW,STATE=TRANSITION|QL=TRANSITION_UNCLASSIFIED|LF=LOOK_FOR_transition_repricing_near_vwap,TRANSITION_PERSISTENCE,transition_persistence,LONG,933.55,934.1,932.3,933.3,933.1690156599552,2.674596943396776,938.5182095467488,927.8198217731618,NY,UP,0.8714285714285585
USDCLP.mg,2025-11-20 15:00:00,2025-11-20 15:00:00,BLOCK,STATE=TRANSITION|QL=TRANSITION_UNCLASSIFIED|LF=LOOK_FOR_transition_dislocated_from_vwap,TRANSITION_RESOLUTION,transition_resolution,SHORT,933.25,933.25,927.8,928.0,931.2847605893188,2.715925709441488,936.7166120082017,925.8529091704356,NY,DOWN,0.1142857142857077
USDCLP.mg,2025-11-20 16:00:00,2025-11-20 16:00:00,BLOCK,STATE=TRANSITION|QL=NONE|LF=NONE,,blocked,NONE,928.3,928.9,926.3,927.55,930.5557101449276,2.739257334059068,936.0342248130456,925.0771954768094,NY,DOWN,0.158227848101264
USDCLP.mg,2025-11-20 17:00:00,2025-11-20 17:00:00,BLOCK,STATE=TRANSITION|QL=TRANSITION_UNCLASSIFIED|LF=LOOK_FOR_transition_dislocated_from_vwap,TRANSITION_RESOLUTION,transition_resolution,SHORT,927.6,928.3,926.2,926.55,930.121679357022,2.7735325059421263,935.6687443689062,924.5746143451378,NY,DOWN,0.0437499999999886
USDCLP.mg,2025-11-20 18:00:00,2025-11-20 18:00:00,ALLOW,STATE=TRANSITION|QL=TRANSITION_UNCLASSIFIED|LF=LOOK_FOR_transition_repricing_near_vwap,TRANSITION_PERSISTENCE,transition_persistence,SHORT,926.65,929.0,926.65,929.0,930.0461371961372,2.7493279037886498,935.5447930037144,924.54748138856,NY_PM,DOWN,0.3544303797468307
USDCLP.mg,2025-11-20 19:00:00,2025-11-20 19:00:00,ALLOW,STATE=TRANSITION|QL=TRANSITION_UNCLASSIFIED|LF=LOOK_FOR_transition_repricing_near_vwap,TRANSITION_PERSISTENCE,transition_persistence,SHORT,928.9,929.45,928.75,929.3,930.0146485447556,2.756947771834115,935.528544088424,924.5007530010874,NY_PM,DOWN,0.3924050632911288
USDCLP.mg,2025-11-20 20:00:00,2025-11-20 20:00:00,ALLOW,STATE=TRANSITION|QL=TRANSITION_UNCLASSIFIED|LF=LOOK_FOR_transition_repricing_near_vwap,TRANSITION_PERSISTENCE,transition_persistence,SHORT,929.2,929.3,928.5,928.7,929.962707311376,2.766012907896448,935.4947331271688,924.430681495583,NY_PM,DOWN,0.3164556962025325
USDCLP.mg,2025-11-20 21:00:00,2025-11-20 21:00:00,ALLOW,STATE=TRANSITION|QL=TRANSITION_UNCLASSIFIED|LF=LOOK_FOR_transition_repricing_near_vwap,TRANSITION_PERSISTENCE,transition_persistence,LONG,928.5,929.05,928.5,929.05,929.9394105691058,2.768683401466644,935.4767773720392,924.4020437661724,NY_PM,UP,0.3607594936708756
USDCLP.mg,2025-11-21 13:00:00,2025-11-21 13:00:00,ALLOW,STATE=TRANSITION|QL=TRANSITION_UNCLASSIFIED|LF=LOOK_FOR_transition_repricing_near_vwap,TRANSITION_PERSISTENCE,transition_persistence,LONG,931.55,935.1,931.4,934.7,933.7333333333332,2.762070471238605,939.2574742758104,928.209192390856,NY,UP,0.9550561797752832
USDCLP.mg,2025-11-21 14:00:00,2025-11-21 14:00:00,ALLOW,STATE=TRANSITION|QL=TRANSITION_UNCLASSIFIED|LF=LOOK_FOR_transition_repricing_near_vwap,TRANSITION_PERSISTENCE,transition_persistence,LONG,934.4,936.65,934.1,934.55,934.1088541666666,2.714733395757163,939.5383209581807,928.6793873751524,NY,UP,0.7990430622009534
USDCLP.mg,2025-11-21 15:00:00,2025-11-21 15:00:00,BLOCK,STATE=TRANSITION|QL=NONE|LF=NONE,,blocked,NONE,934.5,937.6,934.3,936.7,934.6102453102452,2.718623607431878,940.047492525109,929.1729980953814,NY,UP,0.9210526315789492
USDCLP.mg,2025-11-21 16:00:00,2025-11-21 16:00:00,BLOCK,STATE=TREND|QL=NONE|LF=NONE,,blocked,NONE,936.7,938.45,936.6,936.8,934.9000499001996,2.718779184127024,940.3376082684536,929.4624915319456,NY,UP,0.8653061224489722
USDCLP.mg,2025-11-21 17:00:00,2025-11-21 17:00:00,BLOCK,STATE=TREND|QL=NONE|LF=NONE,,blocked,NONE,937.0,941.1,937.0,940.1,935.520709382151,2.7614835391603925,941.0436764604718,929.9977423038304,NY,UP,0.9328859060402684
USDCLP.mg,2025-11-21 18:00:00,2025-11-21 18:00:00,BLOCK,STATE=TREND|QL=NONE|LF=NONE,,blocked,NONE,940.2,942.3,939.1,939.3,935.9300308641976,2.766805758286639,941.4636423807708,930.3964193476244,NY_PM,UP,0.8136645962732909
USDCLP.mg,2025-11-21 19:00:00,2025-11-21 19:00:00,BLOCK,STATE=TREND|QL=NONE|LF=NONE,,blocked,NONE,939.2,939.2,938.5,938.5,936.1655002592016,2.767140334209225,941.69978092762,930.6312195907832,NY_PM,UP,0.7639751552795045
USDCLP.mg,2025-11-21 20:00:00,2025-11-21 20:00:00,BLOCK,STATE=TREND|QL=NONE|LF=NONE,,blocked,NONE,938.8,939.0,938.7,939.0,936.3589588918676,2.775277156803857,941.9095132054754,930.80840457826,NY_PM,UP,0.7891373801916959
USDCLP.mg,2025-11-24 13:00:00,2025-11-24 13:00:00,BLOCK,STATE=TREND|QL=NONE|LF=NONE,,blocked,NONE,936.9,938.15,936.65,937.9,937.5666666666666,2.76151320597588,943.0896930786184,932.0436402547148,NY,UP,0.6811594202898557
USDCLP.mg,2025-11-24 14:00:00,2025-11-24 14:00:00,BLOCK,STATE=TREND|QL=NONE|LF=NONE,,blocked,NONE,938.0,938.2,935.65,936.6,937.001282051282,2.76944384298829,942.5401697372586,931.4623943653056,NY,DOWN,0.586956521739134
USDCLP.mg,2025-11-24 15:00:00,2025-11-24 15:00:00,BLOCK,STATE=TRANSITION|QL=NONE|LF=NONE,,blocked,NONE,936.65,937.9,935.8,937.6,937.0652046783624,2.7415796755296844,942.548364029422,931.5820453273031,NY,DOWN,0.6594202898550763
USDCLP.mg,2025-11-24 16:00:00,2025-11-24 16:00:00,BLOCK,STATE=TRANSITION|QL=TRANSITION_UNCLASSIFIED|LF=LOOK_FOR_transition_dislocated_from_vwap,TRANSITION_RESOLUTION,transition_resolution,LONG,937.8,941.7,937.8,941.1,937.979696969697,2.684951647631379,943.3496002649596,932.6097936744344,NY,UP,0.8899082568807399
USDCLP.mg,2025-11-24 17:00:00,2025-11-24 17:00:00,ALLOW,STATE=TRANSITION|QL=TRANSITION_UNCLASSIFIED|LF=LOOK_FOR_transition_repricing_near_vwap,TRANSITION_PERSISTENCE,transition_persistence,LONG,941.4,943.1,939.6,939.6,938.3831574318382,2.620499714824699,943.6241568614876,933.1421580021888,NY,UP,0.6111111111111112
USDCLP.mg,2025-11-24 18:00:00,2025-11-24 18:00:00,BLOCK,STATE=BALANCE|QL=NONE|LF=NONE,,blocked,NONE,939.55,941.2,938.45,939.15,938.5805728088336,2.5277665662851136,943.636105941404,933.5250396762636,NY_PM,FLAT,0.551136363636362
USDCLP.mg,2025-11-24 19:00:00,2025-11-24 19:00:00,BLOCK,STATE=BALANCE|QL=NONE|LF=NONE,,blocked,NONE,939.25,939.3,938.1,938.5,938.669647927314,2.5260234489854128,943.721694825285,933.6176010293432,NY_PM,UP,0.3825503355704705
USDCLP.mg,2025-11-24 20:00:00,2025-11-24 20:00:00,BLOCK,STATE=BALANCE|QL=NONE|LF=NONE,,blocked,NONE,938.4,938.9,938.3,938.9,938.7519778099372,2.51645208182308,943.7848819735837,933.7190736462912,NY_PM,UP,0.4362416107382523
USDCLP.mg,2025-11-24 21:00:00,2025-11-24 21:00:00,BLOCK,STATE=BALANCE|QL=NONE|LF=NONE,,blocked,NONE,939.0,940.4,939.0,939.7,938.8476519916144,2.48306531685591,943.813782625326,933.8815213579024,NY_PM,UP,0.5436241610738314
USDCLP.mg,2025-11-25 13:00:00,2025-11-25 13:00:00,ALLOW,STATE=TRANSITION|QL=TRANSITION_UNCLASSIFIED|LF=LOOK_FOR_transition_repricing_near_vwap,TRANSITION_PERSISTENCE,transition_persistence,SHORT,938.4,938.5,937.3,937.45,937.75,2.4425832868237616,942.6351665736476,932.8648334263524,NY,DOWN,0.2416107382550412
USDCLP.mg,2025-11-25 14:00:00,2025-11-25 14:00:00,ALLOW,STATE=TRANSITION|QL=TRANSITION_UNCLASSIFIED|LF=LOOK_FOR_transition_repricing_near_vwap,TRANSITION_PERSISTENCE,transition_persistence,SHORT,937.4,937.8,935.2,935.3,936.6703074433656,2.3976695014521394,941.46564644627,931.8749684404614,NY,DOWN,0.0126582278480897
USDCLP.mg,2025-11-25 15:00:00,2025-11-25 15:00:00,ALLOW,STATE=TRANSITION|QL=TRANSITION_UNCLASSIFIED|LF=LOOK_FOR_transition_repricing_near_vwap,TRANSITION_PERSISTENCE,transition_persistence,SHORT,935.25,937.4,934.4,937.05,936.6606446140796,2.280767726655637,941.2221800673908,932.0991091607684,NY,DOWN,0.3045977011494211
USDCLP.mg,2025-11-25 16:00:00,2025-11-25 16:00:00,ALLOW,STATE=TRANSITION|QL=TRANSITION_UNCLASSIFIED|LF=LOOK_FOR_transition_repricing_near_vwap,TRANSITION_PERSISTENCE,transition_persistence_flat,NONE,937.0,940.1,936.4,938.4,936.9865200225606,2.1958624474298785,941.3782449174204,932.5947951277008,NY,FLAT,0.4597701149425263
USDCLP.mg,2025-11-25 17:00:00,2025-11-25 17:00:00,ALLOW,STATE=TRANSITION|QL=TRANSITION_UNCLASSIFIED|LF=LOOK_FOR_transition_repricing_near_vwap,TRANSITION_PERSISTENCE,transition_persistence,SHORT,938.3,939.05,935.4,935.75,936.92560720268,2.136041749013608,941.1976907007072,932.6535237046528,NY,DOWN,0.1551724137931052
USDCLP.mg,2025-11-25 18:00:00,2025-11-25 18:00:00,ALLOW,STATE=TRANSITION|QL=TRANSITION_UNCLASSIFIED|LF=LOOK_FOR_transition_repricing_near_vwap,TRANSITION_PERSISTENCE,transition_persistence,SHORT,935.75,936.3,934.5,935.2,936.852097902098,2.047179105700574,940.946456113499,932.7577396906968,NY_PM,DOWN,0.0919540229885131
USDCLP.mg,2025-11-25 19:00:00,2025-11-25 19:00:00,BLOCK,STATE=TRANSITION|QL=NONE|LF=NONE,,blocked,NONE,935.0,935.2,934.8,934.85,936.7837479270316,2.0776986549417407,940.939145236915,932.628350617148,NY_PM,DOWN,0.0517241379310394
USDCLP.mg,2025-11-25 20:00:00,2025-11-25 20:00:00,BLOCK,STATE=TRANSITION|QL=NONE|LF=NONE,,blocked,NONE,934.95,935.15,934.9,934.9,936.737680132294,2.09148422010446,940.9206485725028,932.554711692085,NY_PM,DOWN,0.0735294117647051
USDCLP.mg,2025-11-25 21:00:00,2025-11-25 21:00:00,BLOCK,STATE=TRANSITION|QL=NONE|LF=NONE,,blocked,NONE,935.0,935.1,934.7,934.7,936.6948432343236,2.117844439224702,940.9305321127728,932.459154355874,NY_PM,DOWN,0.0500000000000113
USDCLP.mg,2025-11-26 13:00:00,2025-11-26 13:00:00,ALLOW,STATE=TRANSITION|QL=TRANSITION_UNCLASSIFIED|LF=LOOK_FOR_transition_repricing_near_vwap,TRANSITION_PERSISTENCE,transition_persistence,SHORT,933.8,933.8,931.05,931.7,932.1833333333332,2.103991585641174,936.3913165046156,927.975350162051,NY,DOWN,0.0695187165775496
USDCLP.mg,2025-11-26 14:00:00,2025-11-26 14:00:00,ALLOW,STATE=TRANSITION|QL=TRANSITION_UNCLASSIFIED|LF=LOOK_FOR_transition_repricing_near_vwap,TRANSITION_PERSISTENCE,transition_persistence,SHORT,931.65,932.85,930.75,931.65,932.0892959770114,1.99942435355373,936.0881446841188,928.090447269904,NY,DOWN,0.093264248704661
USDCLP.mg,2025-11-26 15:00:00,2025-11-26 15:00:00,ALLOW,STATE=TRANSITION|QL=TRANSITION_UNCLASSIFIED|LF=LOOK_FOR_transition_repricing_near_vwap,TRANSITION_PERSISTENCE,transition_persistence,SHORT,931.6,933.1,930.4,933.1,932.2428400954652,1.8301759834207811,935.9031920623067,928.5824881286238,NY,DOWN,0.2783505154639209
USDCLP.mg,2025-11-26 16:00:00,2025-11-26 16:00:00,BLOCK,STATE=TRANSITION|QL=NONE|LF=NONE,,blocked,NONE,933.05,933.1,930.85,932.5,932.239906490649,1.7442505811255613,935.7284076529002,928.7514053283978,NY,DOWN,0.216494845360826
USDCLP.mg,2025-11-26 17:00:00,2025-11-26 17:00:00,BLOCK,STATE=TRANSITION|QL=TRANSITION_UNCLASSIFIED|LF=LOOK_FOR_transition_dislocated_from_vwap,TRANSITION_RESOLUTION,transition_resolution,SHORT,932.3,932.3,927.6,927.6,931.6331021437578,1.7956090603309556,935.2243202644196,928.041884023096,NY,DOWN,0.0
USDCLP.mg,2025-11-26 18:00:00,2025-11-26 18:00:00,BLOCK,STATE=TRANSITION|QL=TRANSITION_UNCLASSIFIED|LF=LOOK_FOR_transition_dislocated_from_vwap,TRANSITION_RESOLUTION,transition_resolution,SHORT,927.7,928.0,925.05,926.4,931.0193537414964,1.891530366105333,934.8024144737072,927.236293009286,NY_PM,DOWN,0.0897009966777419
USDCLP.mg,2025-11-26 19:00:00,2025-11-26 19:00:00,BLOCK,STATE=TRANSITION|QL=NONE|LF=NONE,,blocked,NONE,926.4,926.75,926.2,926.4,930.6022993430448,1.9753838004359192,934.5530669439166,926.651531742173,NY_PM,DOWN,0.096428571428573
USDCLP.mg,2025-11-26 20:00:00,2025-11-26 20:00:00,BLOCK,STATE=TRANSITION|QL=TRANSITION_UNCLASSIFIED|LF=LOOK_FOR_transition_dislocated_from_vwap,TRANSITION_RESOLUTION,transition_resolution,SHORT,926.5,926.5,926.0,926.1,930.2866322008862,2.0261090045557077,934.3388502099976,926.2344141917748,NY_PM,DOWN,0.0933333333333394
USDCLP.mg,2025-11-26 21:00:00,2025-11-26 21:00:00,BLOCK,STATE=TRANSITION|QL=NONE|LF=NONE,,blocked,NONE,926.1,927.0,926.1,926.9,930.0799372701708,2.064676640019638,934.20929055021,925.9505839901316,NY_PM,DOWN,0.1822660098522173
USDCLP.mg,2025-11-27 13:00:00,2025-11-27 13:00:00,ALLOW,STATE=TRANSITION|QL=TRANSITION_UNCLASSIFIED|LF=LOOK_FOR_transition_repricing_near_vwap,TRANSITION_PERSISTENCE,transition_persistence,SHORT,927.6,927.7,925.0,926.5,926.4,2.0465647275423,930.4931294550846,922.3068705449152,NY,DOWN,0.1477832512315274
USDCLP.mg,2025-11-27 14:00:00,2025-11-27 14:00:00,ALLOW,STATE=TRANSITION|QL=TRANSITION_UNCLASSIFIED|LF=LOOK_FOR_transition_repricing_near_vwap,TRANSITION_PERSISTENCE,transition_persistence,SHORT,926.6,928.65,926.4,926.8,926.7256070640176,2.0306293562143622,930.7868657764463,922.6643483515888,NY,DOWN,0.1782178217821733
USDCLP.mg,2025-11-27 15:00:00,2025-11-27 15:00:00,BLOCK,STATE=TRANSITION|QL=TRANSITION_UNCLASSIFIED|LF=LOOK_FOR_transition_dislocated_from_vwap,TRANSITION_RESOLUTION,transition_resolution,LONG,926.6,931.5,926.6,931.0,927.9965079365078,2.083232121246998,932.1629721790018,923.8300436940136,NY,UP,0.6818181818181853
USDCLP.mg,2025-11-27 16:00:00,2025-11-27 16:00:00,BLOCK,STATE=BALANCE|QL=NONE|LF=NONE,,blocked,NONE,930.9,931.0,927.75,929.8,928.2601948503828,2.0976150243249783,932.4554248990328,924.0649648017328,NY,UP,0.5925925925925853
USDCLP.mg,2025-11-27 17:00:00,2025-11-27 17:00:00,BLOCK,STATE=BALANCE|QL=NONE|LF=NONE,,blocked,NONE,929.6,930.0,926.5,928.75,928.3015360983102,2.099606051367797,932.5007482010458,924.1023239955746,NY,UP,0.4629629629629617
USDCLP.mg,2025-11-27 18:00:00,2025-11-27 18:00:00,BLOCK,STATE=BALANCE|QL=NONE|LF=NONE,,blocked,NONE,928.95,929.9,927.55,927.8,928.2594167679224,2.09768379479906,932.4547843575205,924.064049178324,NY_PM,UP,0.3456790123456724
USDCLP.mg,2025-11-27 19:00:00,2025-11-27 19:00:00,BLOCK,STATE=BALANCE|QL=NONE|LF=NONE,,blocked,NONE,927.9,928.9,927.9,928.9,928.295242881072,2.0992819221607624,932.4938067253936,924.0966790367504,NY_PM,UP,0.534246575342466
USDCLP.mg,2025-11-27 20:00:00,2025-11-27 20:00:00,BLOCK,STATE=BALANCE|QL=NONE|LF=NONE,,blocked,NONE,928.8,929.0,928.5,928.7,928.3106826620964,2.100545904693024,932.5117744714826,924.1095908527104,NY_PM,UP,0.5692307692307762
USDCLP.mg,2025-11-27 21:00:00,2025-11-27 21:00:00,BLOCK,STATE=BALANCE|QL=NONE|LF=NONE,,blocked,NONE,928.0,928.7,928.0,928.5,928.3135922330096,2.054748741285293,932.4230897155802,924.2040947504393,NY_PM,DOWN,0.5384615384615384
USDCLP.mg,2025-11-28 13:00:00,2025-11-28 13:00:00,BLOCK,STATE=BALANCE|QL=NONE|LF=NONE,,blocked,NONE,929.6,929.6,927.75,927.75,928.3666666666668,2.014883014221169,932.396432695109,924.3369006382244,NY,DOWN,0.4230769230769231
USDCLP.mg,2025-11-28 14:00:00,2025-11-28 14:00:00,BLOCK,STATE=BALANCE|QL=NONE|LF=NONE,,blocked,NONE,927.8,930.1,927.7,929.6,929.0055555555556,1.9546199380683975,932.9147954316924,925.0963156794188,NY,UP,0.7076923076923112
USDCLP.mg,2025-11-28 15:00:00,2025-11-28 15:00:00,BLOCK,STATE=BALANCE|QL=NONE|LF=NONE,,blocked,NONE,929.5,929.6,927.9,928.45,928.8796849087892,1.950084219165756,932.7798533471208,924.9795164704576,NY,UP,0.5307692307692378
USDCLP.mg,2025-11-28 16:00:00,2025-11-28 16:00:00,BLOCK,STATE=TRANSITION|QL=NONE|LF=NONE,,blocked,NONE,928.35,928.5,925.5,925.5,928.0967048710602,1.981521918535116,932.0597487081304,924.13366103399,NY,DOWN,0.0
USDCLP.mg,2025-11-28 17:00:00,2025-11-28 17:00:00,ALLOW,STATE=TRANSITION|QL=TRANSITION_UNCLASSIFIED|LF=LOOK_FOR_transition_repricing_near_vwap,TRANSITION_PERSISTENCE,transition_persistence_flat,NONE,925.55,928.8,924.8,928.8,928.0381287726356,1.9772393772497043,931.9926075271352,924.0836500181364,NY,FLAT,0.5970149253731303
USDCLP.mg,2025-11-28 18:00:00,2025-11-28 18:00:00,BLOCK,STATE=BALANCE|QL=NONE|LF=NONE,,blocked,NONE,928.8,928.8,926.9,927.3,927.8917054263565,1.9750302835852007,931.8417659935268,923.941644859186,NY_PM,DOWN,0.4032258064516099
USDCLP.mg,2025-11-28 19:00:00,2025-11-28 19:00:00,BLOCK,STATE=BALANCE|QL=NONE|LF=NONE,,blocked,NONE,927.25,927.6,927.0,927.6,927.8186002522068,1.9700644996319303,931.7587292514704,923.8784712529427,NY_PM,FLAT,0.5283018867924589
USDCLP.mg,2025-11-28 20:00:00,2025-11-28 20:00:00,BLOCK,STATE=BALANCE|QL=NONE|LF=NONE,,blocked,NONE,927.3,927.3,927.0,927.0,927.7370350690754,1.9712041004896137,931.6794432700548,923.7946268680962,NY_PM,DOWN,0.4150943396226447
USDCLP.mg,2025-12-01 13:00:00,2025-12-01 13:00:00,BLOCK,STATE=TRANSITION|QL=NONE|LF=NONE,,blocked,NONE,925.9,926.4,924.4,925.1,925.3,1.9465351430090805,929.1930702860184,921.406929713982,NY,DOWN,0.1228070175438666
USDCLP.mg,2025-12-01 14:00:00,2025-12-01 14:00:00,BLOCK,STATE=TRANSITION|QL=NONE|LF=NONE,,blocked,NONE,925.15,926.6,924.2,925.7,925.448538011696,1.9256081031111023,929.2997542179182,921.5973218054736,NY,UP,0.2542372881355942
USDCLP.mg,2025-12-01 15:00:00,2025-12-01 15:00:00,BLOCK,STATE=BALANCE|QL=NONE|LF=NONE,,blocked,NONE,925.6,928.1,925.3,927.15,926.0225260416668,1.8112555858218904,929.6450372133104,922.400014870023,NY,DOWN,0.4999999999999903
USDCLP.mg,2025-12-01 16:00:00,2025-12-01 16:00:00,BLOCK,STATE=BALANCE|QL=NONE|LF=NONE,,blocked,NONE,927.15,927.4,926.0,926.05,926.0561139028476,1.7362947221182512,929.528703347084,922.583524458611,NY,DOWN,0.3135593220338841
USDCLP.mg,2025-12-01 17:00:00,2025-12-01 17:00:00,BLOCK,STATE=BALANCE|QL=NONE|LF=NONE,,blocked,NONE,926.0,929.45,925.6,928.8,926.4314197530864,1.737349062099912,929.9061178772862,922.9567216288866,NY,UP,0.7796610169491401
USDCLP.mg,2025-12-01 18:00:00,2025-12-01 18:00:00,BLOCK,STATE=BALANCE|QL=NONE|LF=NONE,,blocked,NONE,928.75,929.15,928.15,929.1,926.6712609970674,1.7303071543092146,930.131875305686,923.210646688449,NY_PM,UP,0.907407407407407
USDCLP.mg,2025-12-01 19:00:00,2025-12-01 19:00:00,BLOCK,STATE=TRANSITION|QL=NONE|LF=NONE,,blocked,NONE,929.0,929.55,928.8,929.5,926.8571601941748,1.7773426854037833,930.4118455649824,923.3024748233672,NY_PM,UP,0.990654205607485
USDCLP.mg,2025-12-01 20:00:00,2025-12-01 20:00:00,BLOCK,STATE=TRANSITION|QL=NONE|LF=NONE,,blocked,NONE,929.2,929.2,929.15,929.2,926.9737060041408,1.8109744155263072,930.5956548351932,923.351757173088,NY_PM,UP,0.9345794392523524
USDCLP.mg,2025-12-01 21:00:00,2025-12-01 21:00:00,BLOCK,STATE=TRANSITION|QL=NONE|LF=NONE,,blocked,NONE,929.2,929.2,928.4,928.5,927.0304753309264,1.823354243101159,930.6771838171288,923.3837668447242,NY_PM,UP,0.8037383177570145
USDCLP.mg,2025-12-02 13:00:00,2025-12-02 13:00:00,BLOCK,STATE=BALANCE|QL=NONE|LF=NONE,,blocked,NONE,928.0,928.3,926.6,927.7,927.5333333333334,1.7614483210117442,931.0562299753568,924.01043669131,NY,UP,0.6542056074766467
USDCLP.mg,2025-12-02 14:00:00,2025-12-02 14:00:00,BLOCK,STATE=BALANCE|QL=NONE|LF=NONE,,blocked,NONE,928.1,928.5,926.4,926.7,927.2655105973026,1.7496309380676764,930.764772473438,923.7662487211672,NY,DOWN,0.4672897196261761
USDCLP.mg,2025-12-02 15:00:00,2025-12-02 15:00:00,BLOCK,STATE=BALANCE|QL=NONE|LF=NONE,,blocked,NONE,926.6,927.45,925.2,925.2,926.8031124497992,1.755515861498815,930.3141441727968,923.2920807268016,NY,DOWN,0.1869158878504704
USDCLP.mg,2025-12-02 16:00:00,2025-12-02 16:00:00,BLOCK,STATE=TRANSITION|QL=TRANSITION_UNCLASSIFIED|LF=LOOK_FOR_transition_dislocated_from_vwap,TRANSITION_RESOLUTION,transition_resolution,SHORT,925.1,925.1,923.25,923.95,926.180909090909,1.7763289296692184,929.7335669502476,922.6282512315706,NY,DOWN,0.1111111111111191
USDCLP.mg,2025-12-02 17:00:00,2025-12-02 17:00:00,BLOCK,STATE=TRANSITION|QL=NONE|LF=NONE,,blocked,NONE,924.05,926.15,923.3,923.65,925.8835503472222,1.7946157392448732,929.472781825712,922.2943188687324,NY,DOWN,0.0634920634920603
USDCLP.mg,2025-12-02 18:00:00,2025-12-02 18:00:00,BLOCK,STATE=TRANSITION|QL=TRANSITION_UNCLASSIFIED|LF=LOOK_FOR_transition_dislocated_from_vwap,TRANSITION_RESOLUTION,transition_resolution,SHORT,923.7,925.3,923.0,923.0,925.651352265044,1.813232143266389,929.2778165515768,922.0248879785112,NY_PM,DOWN,0.0
USDCLP.mg,2025-12-02 19:00:00,2025-12-02 19:00:00,BLOCK,STATE=TREND|QL=NONE|LF=NONE,,blocked,NONE,922.8,923.7,922.8,922.8,925.4790974529348,1.839837519686842,929.1587724923083,921.799422413561,NY_PM,DOWN,0.0
USDCLP.mg,2025-12-02 20:00:00,2025-12-02 20:00:00,BLOCK,STATE=TREND|QL=NONE|LF=NONE,,blocked,NONE,922.5,922.8,922.0,922.2,925.2881153305206,1.8719420147839692,929.0319993600884,921.5442313009526,NY_PM,DOWN,0.0264900662251717
USDCLP.mg,2025-12-02 21:00:00,2025-12-02 21:00:00,BLOCK,STATE=TREND|QL=NONE|LF=NONE,,blocked,NONE,921.7,922.1,921.7,922.0,925.1257520325204,1.90183338561638,928.9294188037532,921.3220852612876,NY_PM,DOWN,0.0382165605095487
USDCLP.mg,2025-12-03 13:00:00,2025-12-03 13:00:00,BLOCK,STATE=TREND|QL=NONE|LF=NONE,,blocked,NONE,918.7,920.2,918.5,918.9,919.2,1.8798070363182688,922.9596140726364,915.4403859273634,NY,DOWN,0.0373831775700911
USDCLP.mg,2025-12-03 14:00:00,2025-12-03 14:00:00,BLOCK,STATE=TREND|QL=NONE|LF=NONE,,blocked,NONE,918.8,920.9,918.5,920.6,919.7668161434976,1.8898142603205808,923.5464446641388,915.9871876228566,NY,DOWN,0.1962616822429919
USDCLP.mg,2025-12-03 15:00:00,2025-12-03 15:00:00,BLOCK,STATE=TREND|QL=NONE|LF=NONE,,blocked,NONE,920.7,921.0,917.2,918.4,919.333488372093,1.8844616614674683,923.102411695028,915.564565049158,NY,DOWN,0.1061946902654811
USDCLP.mg,2025-12-03 16:00:00,2025-12-03 16:00:00,BLOCK,STATE=TREND|QL=NONE|LF=NONE,,blocked,NONE,918.3,921.35,918.0,920.55,919.4692532942898,1.889032963615605,923.247319221521,915.6911873670588,NY,DOWN,0.2964601769911436
USDCLP.mg,2025-12-03 17:00:00,2025-12-03 17:00:00,BLOCK,STATE=TREND|QL=NONE|LF=NONE,,blocked,NONE,920.65,920.85,917.5,917.5,919.2568198005698,1.887930621723632,923.0326810440172,915.4809585571226,NY,DOWN,0.0292682926829223
USDCLP.mg,2025-12-03 18:00:00,2025-12-03 18:00:00,BLOCK,STATE=TRANSITION|QL=NONE|LF=NONE,,blocked,NONE,917.8,919.5,917.6,919.0,919.241183067003,1.876510378944322,922.9942038248917,915.4881623091144,NY_PM,DOWN,0.2011173184357506
USDCLP.mg,2025-12-03 19:00:00,2025-12-03 19:00:00,BLOCK,STATE=TRANSITION|QL=NONE|LF=NONE,,blocked,NONE,918.9,919.3,918.8,919.0,919.2310332871012,1.87689491212038,922.984823111342,915.4772434628604,NY_PM,FLAT,0.2011173184357506
USDCLP.mg,2025-12-03 20:00:00,2025-12-03 20:00:00,BLOCK,STATE=TRANSITION|QL=NONE|LF=NONE,,blocked,NONE,918.8,919.0,918.3,918.8,919.2139626352016,1.876913624619884,922.9677898844412,915.4601353859616,NY_PM,DOWN,0.1975308641975218
USDCLP.mg,2025-12-03 21:00:00,2025-12-03 21:00:00,BLOCK,STATE=TRANSITION|QL=NONE|LF=NONE,,blocked,NONE,918.7,919.1,918.45,919.0,919.2099845995892,1.8672747266131955,922.9445340528156,915.4754351463628,NY_PM,UP,0.2769230769230699
USDCLP.mg,2025-12-04 13:00:00,2025-12-04 13:00:00,BLOCK,STATE=BALANCE|QL=NONE|LF=NONE,,blocked,NONE,918.6,918.6,918.1,918.6,918.4333333333334,1.866529211354704,922.1663917560428,914.700274910624,NY,DOWN,0.25
USDCLP.mg,2025-12-04 14:00:00,2025-12-04 14:00:00,BLOCK,STATE=BALANCE|QL=NONE|LF=NONE,,blocked,NONE,918.4,918.65,917.0,917.2,917.7358880778588,1.7963059725943709,921.3285000230476,914.1432761326702,NY,DOWN,0.0392156862745185
USDCLP.mg,2025-12-04 15:00:00,2025-12-04 15:00:00,ALLOW,STATE=TRANSITION|QL=TRANSITION_UNCLASSIFIED|LF=LOOK_FOR_transition_repricing_near_vwap,TRANSITION_PERSISTENCE,transition_persistence,SHORT,917.0,918.9,917.0,917.35,917.7430704898449,1.6924264117967946,921.1279233134384,914.3582176662512,NY,DOWN,0.0804597701149473
USDCLP.mg,2025-12-04 16:00:00,2025-12-04 16:00:00,BLOCK,STATE=BALANCE|QL=NONE|LF=NONE,,blocked,NONE,917.4,918.5,916.85,918.1,917.8128661916072,1.6012167156108248,921.0152996228288,914.6104327603856,NY,DOWN,0.2777777777777778
USDCLP.mg,2025-12-04 17:00:00,2025-12-04 17:00:00,ALLOW,STATE=TRANSITION|QL=TRANSITION_UNCLASSIFIED|LF=LOOK_FOR_transition_repricing_near_vwap,TRANSITION_PERSISTENCE,transition_persistence,SHORT,917.9,918.3,917.1,917.6,917.8054174067496,1.4983254798544534,920.8020683664585,914.8087664470409,NY,DOWN,0.1666666666666666
USDCLP.mg,2025-12-04 18:00:00,2025-12-04 18:00:00,ALLOW,STATE=TRANSITION|QL=TRANSITION_UNCLASSIFIED|LF=LOOK_FOR_transition_repricing_near_vwap,TRANSITION_PERSISTENCE,transition_persistence,SHORT,917.5,919.3,916.65,916.65,917.7506146572103,1.4415278910901017,920.6336704393908,914.8675588750302,NY_PM,DOWN,0.0
USDCLP.mg,2025-12-04 19:00:00,2025-12-04 19:00:00,ALLOW,STATE=TRANSITION|QL=TRANSITION_UNCLASSIFIED|LF=LOOK_FOR_transition_repricing_near_vwap,TRANSITION_PERSISTENCE,transition_persistence,SHORT,916.6,917.6,916.55,917.35,917.7477174340812,1.4414703284607993,920.6306580910028,914.8647767771596,NY_PM,DOWN,0.1860465116279198
USDCLP.mg,2025-12-04 20:00:00,2025-12-04 20:00:00,BLOCK,STATE=TRANSITION|QL=NONE|LF=NONE,,blocked,NONE,917.4,917.5,917.4,917.5,917.7528311425682,1.441117923875202,920.6350669903186,914.8705952948178,NY_PM,UP,0.3220338983050952
USDCLP.mg,2025-12-04 21:00:00,2025-12-04 21:00:00,BLOCK,STATE=TRANSITION|QL=NONE|LF=NONE,,blocked,NONE,917.45,917.7,917.0,917.0,917.7357353374592,1.3683331089981927,920.4724015554556,914.999069119463,NY_PM,DOWN,0.1636363636363801
USDCLP.mg,2025-12-05 13:00:00,2025-12-05 13:00:00,BLOCK,STATE=BALANCE|QL=NONE|LF=NONE,,blocked,NONE,917.7,917.7,917.0,917.25,917.3166666666666,1.3442580135446554,920.005182693756,914.6281506395773,NY,DOWN,0.254545454545471
USDCLP.mg,2025-12-05 14:00:00,2025-12-05 14:00:00,BLOCK,STATE=BALANCE|QL=NONE|LF=NONE,,blocked,NONE,917.3,919.05,916.4,918.75,917.9698924731182,1.348713750048906,920.667319973216,915.2724649730204,NY,UP,0.8103448275862211
USDCLP.mg,2025-12-05 15:00:00,2025-12-05 15:00:00,BLOCK,STATE=BALANCE|QL=NONE|LF=NONE,,blocked,NONE,918.65,918.9,917.5,918.4,917.960632183908,1.3521070148738663,920.6648462136556,915.2564181541602,NY,UP,0.6896551724137985
USDCLP.mg,2025-12-05 16:00:00,2025-12-05 16:00:00,BLOCK,STATE=TRANSITION|QL=TRANSITION_UNCLASSIFIED|LF=LOOK_FOR_transition_dislocated_from_vwap,TRANSITION_RESOLUTION,transition_resolution,LONG,918.35,921.5,918.2,921.0,918.4919607843136,1.402537425809537,921.2970356359328,915.6868859326946,NY,UP,0.901960784313726
USDCLP.mg,2025-12-05 17:00:00,2025-12-05 17:00:00,BLOCK,STATE=TRANSITION|QL=NONE|LF=NONE,,blocked,NONE,920.9,921.1,919.0,920.5,918.8399646999496,1.4250033655186456,921.6899714309868,915.9899579689124,NY,UP,0.8039215686274519
USDCLP.mg,2025-12-05 18:00:00,2025-12-05 18:00:00,BLOCK,STATE=TRANSITION|QL=NONE|LF=NONE,,blocked,NONE,920.2,923.7,920.0,922.5,919.3731884057972,1.4994712906909444,922.372130987179,916.3742458244152,NY_PM,UP,0.8356164383561597
USDCLP.mg,2025-12-05 19:00:00,2025-12-05 19:00:00,BLOCK,STATE=TRANSITION|QL=NONE|LF=NONE,,blocked,NONE,922.45,923.0,922.45,923.0,919.7189908796704,1.5730862789956468,922.865163437662,916.5728183216792,NY_PM,UP,0.9041095890410904
USDCLP.mg,2025-12-05 20:00:00,2025-12-05 20:00:00,BLOCK,STATE=TRANSITION|QL=NONE|LF=NONE,,blocked,NONE,922.95,923.3,922.7,922.95,919.9426953981008,1.6292839643659884,923.2012633268328,916.6841274693688,NY_PM,UP,0.8972602739726037
USDCLP.mg,2025-12-09 13:00:00,2025-12-09 13:00:00,BLOCK,STATE=TRANSITION|QL=NONE|LF=NONE,,blocked,NONE,924.05,925.3,924.0,924.7,924.6666666666666,1.6281210003043476,927.9229086672754,921.410424666058,NY,UP,0.9325842696629314
USDCLP.mg,2025-12-09 14:00:00,2025-12-09 14:00:00,BLOCK,STATE=TRANSITION|QL=NONE|LF=NONE,,blocked,NONE,924.75,926.15,924.0,926.15,925.2845098039217,1.5882654777410288,928.4610407594035,922.1079788484396,NY,UP,1.0
USDCLP.mg,2025-12-09 15:00:00,2025-12-09 15:00:00,BLOCK,STATE=TRANSITION|QL=NONE|LF=NONE,,blocked,NONE,926.65,928.05,925.75,925.95,925.6881196581196,1.585431472748016,928.8589826036158,922.5172567126236,NY,UP,0.8197424892703937
USDCLP.mg,2025-12-09 16:00:00,2025-12-09 16:00:00,BLOCK,STATE=TRANSITION|QL=NONE|LF=NONE,,blocked,NONE,926.0,927.8,925.1,926.4,925.854699453552,1.583956645642056,929.022612744836,922.6867861622678,NY,UP,0.858369098712448
USDCLP.mg,2025-12-09 17:00:00,2025-12-09 17:00:00,BLOCK,STATE=TREND|QL=NONE|LF=NONE,,blocked,NONE,926.9,929.1,926.2,928.5,926.2112851405624,1.6134382591273118,929.4381616588169,922.9844086223076,NY,UP,0.9527559055118094
USDCLP.mg,2025-12-09 18:00:00,2025-12-09 18:00:00,BLOCK,STATE=TREND|QL=NONE|LF=NONE,,blocked,NONE,928.4,928.4,925.4,925.6,926.2159047619048,1.612186432979558,929.440277627864,922.9915318959456,NY_PM,UP,0.6982758620689661
USDCLP.mg,2025-12-09 19:00:00,2025-12-09 19:00:00,BLOCK,STATE=TREND|QL=NONE|LF=NONE,,blocked,NONE,925.9,926.2,924.9,925.0,926.184278215223,1.622417668831381,929.4291135528856,922.9394428775604,NY_PM,UP,0.6238532110091715
USDCLP.mg,2025-12-09 20:00:00,2025-12-09 20:00:00,BLOCK,STATE=TREND|QL=NONE|LF=NONE,,blocked,NONE,925.2,925.3,925.2,925.2,926.1718344519016,1.629629617576499,929.4310936870544,922.9125752167486,NY_PM,DOWN,0.613861386138617
USDCLP.mg,2025-12-09 21:00:00,2025-12-09 21:00:00,BLOCK,STATE=TREND|QL=NONE|LF=NONE,,blocked,NONE,925.1,925.3,925.0,925.3,926.1668810916178,1.6283070181010435,929.42349512782,922.9102670554156,NY_PM,DOWN,0.582417582417576
USDCLP.mg,2025-12-10 13:00:00,2025-12-10 13:00:00,BLOCK,STATE=TREND|QL=NONE|LF=NONE,,blocked,NONE,923.9,924.1,922.65,922.65,923.1333333333332,1.6300846685542214,926.3935026704418,919.8731639962248,NY,DOWN,0.0300751879699146
USDCLP.mg,2025-12-10 14:00:00,2025-12-10 14:00:00,ALLOW,STATE=TRANSITION|QL=TRANSITION_UNCLASSIFIED|LF=LOOK_FOR_transition_repricing_near_vwap,TRANSITION_PERSISTENCE,transition_persistence,SHORT,922.65,924.35,922.2,923.7,923.3845045045044,1.5959340431827902,926.57637259087,920.1926364181388,NY,DOWN,0.2173913043478268
USDCLP.mg,2025-12-10 15:00:00,2025-12-10 15:00:00,ALLOW,STATE=TRANSITION|QL=TRANSITION_UNCLASSIFIED|LF=LOOK_FOR_transition_repricing_near_vwap,TRANSITION_PERSISTENCE,transition_persistence,SHORT,923.65,925.5,923.5,923.75,923.5875835721108,1.557464119558294,926.7025118112272,920.472655332994,NY,DOWN,0.2246376811594144
USDCLP.mg,2025-12-10 16:00:00,2025-12-10 16:00:00,ALLOW,STATE=TRANSITION|QL=TRANSITION_UNCLASSIFIED|LF=LOOK_FOR_transition_repricing_near_vwap,TRANSITION_PERSISTENCE,transition_persistence,SHORT,923.7,924.3,922.4,922.7,923.5489278752436,1.5124132346450867,926.5737543445338,920.5241014059536,NY,DOWN,0.0724637681159422
USDCLP.mg,2025-12-10 17:00:00,2025-12-10 17:00:00,ALLOW,STATE=TRANSITION|QL=TRANSITION_UNCLASSIFIED|LF=LOOK_FOR_transition_repricing_near_vwap,TRANSITION_PERSISTENCE,transition_persistence,SHORT,922.6,924.35,922.5,922.75,923.5330379123584,1.4770753060059003,926.4871885243704,920.5788873003468,NY,DOWN,0.0797101449275299
USDCLP.mg,2025-12-10 18:00:00,2025-12-10 18:00:00,ALLOW,STATE=TRANSITION|QL=TRANSITION_UNCLASSIFIED|LF=LOOK_FOR_transition_repricing_near_vwap,TRANSITION_PERSISTENCE,transition_persistence,SHORT,922.8,923.8,922.4,922.85,923.5298454221166,1.459603118065743,926.449051658248,920.6106391859852,NY_PM,DOWN,0.0942028985507216
USDCLP.mg,2025-12-10 19:00:00,2025-12-10 19:00:00,ALLOW,STATE=TRANSITION|QL=TRANSITION_UNCLASSIFIED|LF=LOOK_FOR_transition_repricing_near_vwap,TRANSITION_PERSISTENCE,transition_persistence,LONG,922.9,923.1,922.8,923.0,923.5358540630184,1.4592695566912848,926.454393176401,920.6173149496358,NY_PM,UP,0.115942028985501
USDCLP.mg,2025-12-10 20:00:00,2025-12-10 20:00:00,BLOCK,STATE=TREND|QL=NONE|LF=NONE,,blocked,NONE,922.9,923.4,922.5,922.6,923.5214713430285,1.4618278798921631,926.4451271028126,920.597815583244,NY_PM,DOWN,0.0645161290322551
USDCLP.mg,2025-12-10 21:00:00,2025-12-10 21:00:00,BLOCK,STATE=TREND|QL=NONE|LF=NONE,,blocked,NONE,922.5,922.8,921.65,921.65,923.4491122780696,1.4658350581823023,926.3807823944342,920.517442161705,NY_PM,DOWN,0.0
USDCLP.mg,2025-12-11 13:00:00,2025-12-11 13:00:00,ALLOW,STATE=TRANSITION|QL=TRANSITION_UNCLASSIFIED|LF=LOOK_FOR_transition_repricing_near_vwap,TRANSITION_PERSISTENCE,transition_persistence,SHORT,920.8,920.8,919.2,919.8,919.9333333333336,1.437333133820906,922.8079996009752,917.0586670656916,NY,DOWN,0.0952380952380815
USDCLP.mg,2025-12-11 14:00:00,2025-12-11 14:00:00,BLOCK,STATE=TREND|QL=NONE|LF=NONE,,blocked,NONE,919.85,920.25,917.8,917.8,919.1212598425196,1.416563175664986,921.9543861938496,916.2881334911896,NY,DOWN,0.0
USDCLP.mg,2025-12-11 15:00:00,2025-12-11 15:00:00,BLOCK,STATE=TREND|QL=NONE|LF=NONE,,blocked,NONE,917.85,919.4,916.4,917.45,918.6453358208954,1.379118298356977,921.4035724176092,915.8870992241816,NY,DOWN,0.1153846153846226
USDCLP.mg,2025-12-11 16:00:00,2025-12-11 16:00:00,BLOCK,STATE=TREND|QL=NONE|LF=NONE,,blocked,NONE,917.4,917.4,913.0,913.2,917.2891937669376,1.4448018828328826,920.1787975326034,914.3995900012718,NY,DOWN,0.0160000000000036
USDCLP.mg,2025-12-11 17:00:00,2025-12-11 17:00:00,BLOCK,STATE=TRANSITION|QL=NONE|LF=NONE,,blocked,NONE,913.25,916.7,913.25,913.95,916.8597998137805,1.4376681937841005,919.7351362013484,913.9844634262122,NY,DOWN,0.0760000000000036
USDCLP.mg,2025-12-11 18:00:00,2025-12-11 18:00:00,BLOCK,STATE=TRANSITION|QL=NONE|LF=NONE,,blocked,NONE,913.85,915.55,913.55,914.0,916.6390248226952,1.4187833012133817,919.476591425122,913.8014582202684,NY_PM,DOWN,0.0881057268722465
USDCLP.mg,2025-12-11 19:00:00,2025-12-11 19:00:00,BLOCK,STATE=TRANSITION|QL=NONE|LF=NONE,,blocked,NONE,913.95,914.7,913.6,913.6,916.4775630011454,1.4698029004326003,919.4171688020108,913.5379572002802,NY_PM,DOWN,0.0528634361233499
USDCLP.mg,2025-12-11 20:00:00,2025-12-11 20:00:00,BLOCK,STATE=TRANSITION|QL=NONE|LF=NONE,,blocked,NONE,913.6,914.0,913.5,913.5,916.3628362151776,1.5085071917716475,919.379850598721,913.3458218316345,NY_PM,DOWN,0.0462962962962964
USDCLP.mg,2025-12-11 21:00:00,2025-12-11 21:00:00,BLOCK,STATE=TRANSITION|QL=TRANSITION_UNCLASSIFIED|LF=LOOK_FOR_transition_dislocated_from_vwap,TRANSITION_RESOLUTION,transition_resolution,SHORT,913.6,914.0,912.8,912.8,916.2383064516127,1.5707015278220209,919.3797095072568,913.0969033959688,NY_PM,DOWN,0.0
USDCLP.mg,2025-12-12 13:00:00,2025-12-12 13:00:00,BLOCK,STATE=TRANSITION|QL=NONE|LF=NONE,,blocked,NONE,914.9,915.7,914.5,914.6,914.9333333333332,1.5573126740435863,918.0479586814204,911.818707985246,NY,UP,0.169811320754723
USDCLP.mg,2025-12-12 14:00:00,2025-12-12 14:00:00,BLOCK,STATE=TRANSITION|QL=NONE|LF=NONE,,blocked,NONE,914.55,915.5,913.6,915.2,914.8537414965988,1.54735179552124,917.9484450876412,911.7590379055562,NY,UP,0.2400000000000091
USDCLP.mg,2025-12-12 15:00:00,2025-12-12 15:00:00,BLOCK,STATE=TRANSITION|QL=NONE|LF=NONE,,blocked,NONE,915.25,915.3,912.7,912.7,914.1633879781422,1.5556486329289727,917.274685244,911.0520907122842,NY,DOWN,0.0
USDCLP.mg,2025-12-12 16:00:00,2025-12-12 16:00:00,ALLOW,STATE=TRANSITION|QL=TRANSITION_UNCLASSIFIED|LF=LOOK_FOR_transition_repricing_near_vwap,TRANSITION_PERSISTENCE,transition_persistence,SHORT,912.8,913.2,910.3,913.2,913.7120042872456,1.5557233860897264,916.8234510594248,910.600557515066,NY,DOWN,0.2914572864321686
USDCLP.mg,2025-12-12 17:00:00,2025-12-12 17:00:00,BLOCK,STATE=TREND|QL=NONE|LF=NONE,,blocked,NONE,913.0,913.35,908.7,910.8,913.1350797266516,1.580755256795189,916.296590240242,909.9735692130612,NY,DOWN,0.1962616822429834
USDCLP.mg,2025-12-12 18:00:00,2025-12-12 18:00:00,BLOCK,STATE=TREND|QL=NONE|LF=NONE,,blocked,NONE,910.7,911.25,908.5,909.0,912.6681363903584,1.6468775964778066,915.961891583314,909.374381197403,NY_PM,DOWN,0.056179775280899
USDCLP.mg,2025-12-12 19:00:00,2025-12-12 19:00:00,BLOCK,STATE=TREND|QL=NONE|LF=NONE,,blocked,NONE,908.95,909.6,908.7,908.7,912.354772182254,1.7047795615914572,915.764331305437,908.9452130590712,NY_PM,DOWN,0.0243902439024444
USDCLP.mg,2025-12-12 20:00:00,2025-12-12 20:00:00,BLOCK,STATE=TREND|QL=NONE|LF=NONE,,blocked,NONE,908.5,908.8,908.0,908.0,912.0766707168896,1.7767110166709468,915.6300927502314,908.5232486835476,NY_PM,DOWN,0.0
USDCLP.mg,2025-12-15 13:00:00,2025-12-15 13:00:00,BLOCK,STATE=TREND|QL=NONE|LF=NONE,,blocked,NONE,906.5,907.9,906.1,907.8,907.2666666666668,1.7838236171835995,910.834313901034,903.6990194322996,NY,DOWN,0.1770833333333258
USDCLP.mg,2025-12-15 14:00:00,2025-12-15 14:00:00,BLOCK,STATE=TREND|QL=NONE|LF=NONE,,blocked,NONE,907.9,911.1,907.7,907.9,908.1361904761904,1.7801013648037431,911.696393205798,904.575987746583,NY,DOWN,0.1874999999999948
USDCLP.mg,2025-12-15 15:00:00,2025-12-15 15:00:00,BLOCK,STATE=TRANSITION|QL=TRANSITION_UNCLASSIFIED|LF=LOOK_FOR_transition_dislocated_from_vwap,TRANSITION_RESOLUTION,transition_resolution,LONG,907.8,912.1,907.8,911.8,908.9780678851174,1.844157069105859,912.6663820233292,905.2897537469056,NY,UP,0.5937499999999915
USDCLP.mg,2025-12-15 16:00:00,2025-12-15 16:00:00,BLOCK,STATE=TRANSITION|QL=TRANSITION_UNCLASSIFIED|LF=LOOK_FOR_transition_dislocated_from_vwap,TRANSITION_RESOLUTION,transition_resolution,LONG,911.9,913.8,910.2,913.6,909.6590527577936,1.9478078366671645,913.554668431128,905.7634370844594,NY,UP,0.7812499999999981
USDCLP.mg,2025-12-15 17:00:00,2025-12-15 17:00:00,BLOCK,STATE=TRANSITION|QL=TRANSITION_UNCLASSIFIED|LF=LOOK_FOR_transition_dislocated_from_vwap,TRANSITION_RESOLUTION,transition_resolution,LONG,913.7,916.2,912.8,914.5,910.277869227252,2.0563760107780715,914.390621248808,906.1651172056958,NY,UP,0.8316831683168275
USDCLP.mg,2025-12-15 18:00:00,2025-12-15 18:00:00,BLOCK,STATE=TRANSITION|QL=NONE|LF=NONE,,blocked,NONE,914.55,915.6,912.75,913.9,910.6644802867384,2.117892311188416,914.9002649091152,906.4286956643616,NY_PM,UP,0.7722772277227661
USDCLP.mg,2025-12-15 19:00:00,2025-12-15 19:00:00,ALLOW,STATE=TRANSITION|QL=TRANSITION_UNCLASSIFIED|LF=LOOK_FOR_transition_dislocated_from_vwap,TRANSITION_RESOLUTION,transition_resolution,LONG,914.0,914.5,913.9,914.5,910.9492189802536,2.184660134660716,915.3185392495748,906.579898710932,NY_PM,UP,0.8316831683168275
USDCLP.mg,2025-12-15 20:00:00,2025-12-15 20:00:00,BLOCK,STATE=TREND|QL=NONE|LF=NONE,,blocked,NONE,914.7,914.7,914.7,914.7,911.158083083083,2.247569885042039,915.6532228531672,906.662943312999,NY_PM,UP,0.8514851485148518
USDCLP.mg,2025-12-15 21:00:00,2025-12-15 21:00:00,BLOCK,STATE=TREND|QL=NONE|LF=NONE,,blocked,NONE,915.0,915.1,914.9,915.0,911.32528810611,2.3076862762357457,915.9406606585816,906.7099155536386,NY_PM,UP,0.881188118811877
USDCLP.mg,2025-12-16 13:00:00,2025-12-16 13:00:00,ALLOW,STATE=TRANSITION|QL=TRANSITION_UNCLASSIFIED|LF=LOOK_FOR_transition_repricing_near_vwap,TRANSITION_PERSISTENCE,transition_persistence,SHORT,914.3,914.3,912.0,912.4,912.9,2.307349328888164,917.5146986577764,908.2853013422236,NY,DOWN,0.6237623762376179
USDCLP.mg,2025-12-16 14:00:00,2025-12-16 14:00:00,ALLOW,STATE=TRANSITION|QL=TRANSITION_UNCLASSIFIED|LF=LOOK_FOR_transition_repricing_near_vwap,TRANSITION_PERSISTENCE,transition_persistence,SHORT,912.5,913.15,911.0,912.55,912.7,2.276917966636438,917.2538359332729,908.146164066727,NY,DOWN,0.6386138613861304
USDCLP.mg,2025-12-16 15:00:00,2025-12-16 15:00:00,ALLOW,STATE=TRANSITION|QL=TRANSITION_UNCLASSIFIED|LF=LOOK_FOR_transition_repricing_near_vwap,TRANSITION_PERSISTENCE,transition_persistence,SHORT,912.5,914.75,911.0,913.4,912.9009111617312,2.264139371524936,917.4291899047812,908.3726324186812,NY,DOWN,0.7227722772277166
USDCLP.mg,2025-12-16 16:00:00,2025-12-16 16:00:00,ALLOW,STATE=TRANSITION|QL=TRANSITION_UNCLASSIFIED|LF=LOOK_FOR_transition_repricing_near_vwap,TRANSITION_PERSISTENCE,transition_persistence,SHORT,913.35,914.15,912.6,913.3,912.9431259044862,2.215525837437544,917.3741775793612,908.5120742296112,NY,DOWN,0.658823529411754
USDCLP.mg,2025-12-16 17:00:00,2025-12-16 17:00:00,BLOCK,STATE=TRANSITION|QL=NONE|LF=NONE,,blocked,NONE,913.1,916.4,913.0,915.55,913.3101802757158,2.186730451456305,917.6836411786284,908.9367193728032,NY,UP,0.901162790697672
USDCLP.mg,2025-12-16 18:00:00,2025-12-16 18:00:00,BLOCK,STATE=BALANCE|QL=NONE|LF=NONE,,blocked,NONE,915.5,915.5,913.5,913.5,913.3783263598328,2.136983141758528,917.6522926433498,909.1043600763156,NY_PM,DOWN,0.5322580645161276
USDCLP.mg,2025-12-16 19:00:00,2025-12-16 19:00:00,BLOCK,STATE=BALANCE|QL=NONE|LF=NONE,,blocked,NONE,913.0,913.5,913.0,913.5,913.4227366966138,2.137128059867151,917.696992816348,909.1484805768796,NY_PM,UP,0.4629629629629649
USDCLP.mg,2025-12-16 20:00:00,2025-12-16 20:00:00,BLOCK,STATE=BALANCE|QL=NONE|LF=NONE,,blocked,NONE,913.4,914.0,913.2,914.0,913.478693349029,2.1338830984758044,917.7464595459804,909.2109271520774,NY_PM,UP,0.5555555555555579
USDCLP.mg,2025-12-16 21:00:00,2025-12-16 21:00:00,BLOCK,STATE=BALANCE|QL=NONE|LF=NONE,,blocked,NONE,914.1,914.5,914.1,914.5,913.541722193747,2.139866947798355,917.8214560893437,909.2619882981504,NY_PM,UP,0.6481481481481509
USDCLP.mg,2025-12-17 13:00:00,2025-12-17 13:00:00,ALLOW,STATE=TRANSITION|QL=TRANSITION_UNCLASSIFIED|LF=LOOK_FOR_transition_repricing_near_vwap,TRANSITION_PERSISTENCE,transition_persistence,LONG,915.8,917.55,915.8,917.3,916.8833333333332,2.138928329910795,921.1611899931548,912.6054766735116,NY,UP,0.961832061068702
USDCLP.mg,2025-12-17 14:00:00,2025-12-17 14:00:00,BLOCK,STATE=TRANSITION|QL=NONE|LF=NONE,,blocked,NONE,917.35,917.5,915.5,916.8,916.6917840375586,2.107373908560243,920.9065318546792,912.477036220438,NY,UP,0.8854961832061061
USDCLP.mg,2025-12-17 15:00:00,2025-12-17 15:00:00,BLOCK,STATE=TREND|QL=NONE|LF=NONE,,blocked,NONE,916.8,917.8,915.1,917.4,916.7361111111112,2.111584016123348,920.959279143358,912.5129430788644,NY,UP,0.9411764705882384
USDCLP.mg,2025-12-17 16:00:00,2025-12-17 16:00:00,BLOCK,STATE=TREND|QL=NONE|LF=NONE,,blocked,NONE,917.3,919.5,916.4,918.0,917.032551143201,2.1151852024270643,921.2629215480551,912.8021807383468,NY,UP,0.8235294117647058
USDCLP.mg,2025-12-17 17:00:00,2025-12-17 17:00:00,ALLOW,STATE=TRANSITION|QL=TRANSITION_UNCLASSIFIED|LF=LOOK_FOR_transition_repricing_near_vwap,TRANSITION_PERSISTENCE,transition_persistence,LONG,918.1,918.1,915.7,916.1,916.9966228070176,2.114695484070185,921.226013775158,912.7672318388773,NY,UP,0.6000000000000026
USDCLP.mg,2025-12-17 18:00:00,2025-12-17 18:00:00,BLOCK,STATE=TREND|QL=NONE|LF=NONE,,blocked,NONE,916.0,918.8,916.0,918.5,917.146618357488,2.124950299261599,921.3965189560112,912.8967177589648,NY_PM,UP,0.8550724637681154
USDCLP.mg,2025-12-17 19:00:00,2025-12-17 19:00:00,ALLOW,STATE=TRANSITION|QL=TRANSITION_UNCLASSIFIED|LF=LOOK_FOR_transition_repricing_near_vwap,TRANSITION_PERSISTENCE,transition_persistence,LONG,918.4,918.4,917.8,917.8,917.20287258248,2.1276506453761512,921.4581738732325,912.9475712917276,NY_PM,UP,0.7384615384615315
USDCLP.mg,2025-12-17 20:00:00,2025-12-17 20:00:00,ALLOW,STATE=TRANSITION|QL=TRANSITION_UNCLASSIFIED|LF=LOOK_FOR_transition_repricing_near_vwap,TRANSITION_PERSISTENCE,transition_persistence,LONG,917.7,917.7,917.4,917.4,917.2223754233188,2.12706785683677,921.4765111369924,912.9682397096452,NY_PM,UP,0.6769230769230734
USDCLP.mg,2025-12-17 21:00:00,2025-12-17 21:00:00,ALLOW,STATE=TRANSITION|QL=TRANSITION_UNCLASSIFIED|LF=LOOK_FOR_transition_repricing_near_vwap,TRANSITION_PERSISTENCE,transition_persistence_flat,NONE,917.5,917.5,917.2,917.35,917.234638047138,2.126916696845806,921.4884714408296,912.9808046534464,NY_PM,FLAT,0.6692307692307727
USDCLP.mg,2025-12-18 13:00:00,2025-12-18 13:00:00,ALLOW,STATE=TRANSITION|QL=TRANSITION_UNCLASSIFIED|LF=LOOK_FOR_transition_repricing_near_vwap,TRANSITION_PERSISTENCE,transition_persistence_flat,NONE,918.0,918.25,917.75,918.0,918.0,2.1249888765831466,922.2499777531664,913.7500222468336,NY,FLAT,0.7619047619047602
USDCLP.mg,2025-12-18 14:00:00,2025-12-18 14:00:00,ALLOW,STATE=TRANSITION|QL=TRANSITION_UNCLASSIFIED|LF=LOOK_FOR_transition_repricing_near_vwap,TRANSITION_PERSISTENCE,transition_persistence,LONG,917.9,919.5,917.7,919.0,918.5533333333332,2.124976236833328,922.8032858069998,914.3033808596664,NY,UP,0.907407407407407
USDCLP.mg,2025-12-18 15:00:00,2025-12-18 15:00:00,ALLOW,STATE=TRANSITION|QL=TRANSITION_UNCLASSIFIED|LF=LOOK_FOR_transition_repricing_near_vwap,TRANSITION_PERSISTENCE,transition_persistence,SHORT,919.2,919.3,915.2,916.3,917.7396825396823,2.13151451333943,922.0027115663612,913.4766535130036,NY,DOWN,0.2727272727272586
USDCLP.mg,2025-12-18 16:00:00,2025-12-18 16:00:00,BLOCK,STATE=TRANSITION|QL=NONE|LF=NONE,,blocked,NONE,916.3,916.5,913.7,914.75,917.0482064741904,2.152158834077823,921.352524142346,912.7438888060348,NY,DOWN,0.1810344827586142
USDCLP.mg,2025-12-18 17:00:00,2025-12-18 17:00:00,BLOCK,STATE=TREND|QL=NONE|LF=NONE,,blocked,NONE,914.8,915.0,910.2,910.7,916.0364720652856,2.269514512669068,920.5755010906236,911.4974430399474,NY,DOWN,0.0537634408602153
USDCLP.mg,2025-12-18 18:00:00,2025-12-18 18:00:00,BLOCK,STATE=TRANSITION|QL=TRANSITION_UNCLASSIFIED|LF=LOOK_FOR_transition_dislocated_from_vwap,TRANSITION_RESOLUTION,transition_resolution,SHORT,910.75,911.9,909.8,910.45,915.4227116984824,2.3552392090291003,920.1331901165408,910.7122332804244,NY_PM,DOWN,0.0670103092783595
USDCLP.mg,2025-12-18 19:00:00,2025-12-18 19:00:00,BLOCK,STATE=TREND|QL=NONE|LF=NONE,,blocked,NONE,910.4,910.6,910.4,910.5,915.0335338949056,2.4277994906120157,919.8891328761296,910.1779349136816,NY_PM,DOWN,0.0721649484536126
USDCLP.mg,2025-12-18 20:00:00,2025-12-18 20:00:00,BLOCK,STATE=TREND|QL=NONE|LF=NONE,,blocked,NONE,910.6,910.6,910.3,910.3,914.7531770302412,2.490461570457565,919.7341001711565,909.772253889326,NY_PM,DOWN,0.051546391752577
USDCLP.mg,2025-12-18 21:00:00,2025-12-18 21:00:00,BLOCK,STATE=TREND|QL=NONE|LF=NONE,,blocked,NONE,910.2,910.5,910.0,910.4,914.551606248158,2.5416855287883684,919.6349773057348,909.4682351905813,NY_PM,DOWN,0.0618556701030948
USDCLP.mg,2025-12-19 13:00:00,2025-12-19 13:00:00,BLOCK,STATE=TREND|QL=NONE|LF=NONE,,blocked,NONE,910.5,911.5,910.0,911.5,911.0,2.4943107045114385,915.9886214090228,906.0113785909772,NY,DOWN,0.1752577319587667
USDCLP.mg,2025-12-19 14:00:00,2025-12-19 14:00:00,BLOCK,STATE=TREND|QL=NONE|LF=NONE,,blocked,NONE,911.45,913.0,911.05,911.9,911.5138364779874,2.4721052429636337,916.4580469639146,906.5696259920602,NY,UP,0.216494845360826
USDCLP.mg,2025-12-19 15:00:00,2025-12-19 15:00:00,BLOCK,STATE=TREND|QL=NONE|LF=NONE,,blocked,NONE,912.0,912.0,909.5,909.5,911.0605263157894,2.456909724044165,915.9743457638776,906.146706867701,NY,DOWN,0.0
USDCLP.mg,2025-12-19 16:00:00,2025-12-19 16:00:00,BLOCK,STATE=TREND|QL=NONE|LF=NONE,,blocked,NONE,909.4,909.5,907.85,908.0,910.3949172576832,2.447858469862701,915.2906341974086,905.4992003179578,NY,DOWN,0.0128755364806847
USDCLP.mg,2025-12-19 17:00:00,2025-12-19 17:00:00,BLOCK,STATE=TREND|QL=NONE|LF=NONE,,blocked,NONE,907.85,910.0,907.2,909.2,910.1901550387596,2.4232642111635605,915.0366834610868,905.3436266164326,NY,DOWN,0.1652892561983483
USDCLP.mg,2025-12-19 18:00:00,2025-12-19 18:00:00,BLOCK,STATE=TREND|QL=NONE|LF=NONE,,blocked,NONE,909.3,910.25,908.0,910.1,910.1670703575548,2.3818565572914068,914.9307834721376,905.403357242972,NY_PM,DOWN,0.3118279569892463
USDCLP.mg,2025-12-19 19:00:00,2025-12-19 19:00:00,ALLOW,STATE=TRANSITION|QL=TRANSITION_UNCLASSIFIED|LF=LOOK_FOR_transition_repricing_near_vwap,TRANSITION_PERSISTENCE,transition_persistence_flat,NONE,910.2,911.5,910.0,911.5,910.2485307621672,2.39156220295862,915.0316551680844,905.46540635625,NY_PM,FLAT,0.5512820512820487
USDCLP.mg,2025-12-19 20:00:00,2025-12-19 20:00:00,ALLOW,STATE=TRANSITION|QL=TRANSITION_UNCLASSIFIED|LF=LOOK_FOR_transition_repricing_near_vwap,TRANSITION_PERSISTENCE,transition_persistence,SHORT,911.4,912.0,910.0,910.0,910.217734553776,2.390063980427061,914.99786251463,905.4376065929218,NY_PM,DOWN,0.4827586206896511
USDCLP.mg,2025-12-22 13:00:00,2025-12-22 13:00:00,ALLOW,STATE=TRANSITION|QL=TRANSITION_UNCLASSIFIED|LF=LOOK_FOR_transition_repricing_near_vwap,TRANSITION_PERSISTENCE,transition_persistence,SHORT,907.55,907.55,906.5,906.5,906.85,2.383731128934989,911.61746225787,902.08253774213,NY,DOWN,0.0
USDCLP.mg,2025-12-22 14:00:00,2025-12-22 14:00:00,ALLOW,STATE=TRANSITION|QL=TRANSITION_UNCLASSIFIED|LF=LOOK_FOR_transition_repricing_near_vwap,TRANSITION_PERSISTENCE,transition_persistence,SHORT,906.3,908.1,906.2,907.3,907.1125000000002,2.384096812797238,911.8806936255946,902.3443063744056,NY,DOWN,0.1617647058823406
USDCLP.mg,2025-12-22 15:00:00,2025-12-22 15:00:00,ALLOW,STATE=TRANSITION|QL=TRANSITION_UNCLASSIFIED|LF=LOOK_FOR_transition_repricing_near_vwap,TRANSITION_PERSISTENCE,transition_persistence,SHORT,907.35,908.0,906.2,907.35,907.1583333333334,2.364972286751472,911.8882779068364,902.4283887598305,NY,DOWN,0.1691176470588213
USDCLP.mg,2025-12-22 16:00:00,2025-12-22 16:00:00,BLOCK,STATE=BALANCE|QL=NONE|LF=NONE,,blocked,NONE,907.3,908.0,907.0,907.7,907.2118055555557,2.311803578462571,911.8354127124808,902.5881983986304,NY,DOWN,0.2205882352941191
USDCLP.mg,2025-12-22 17:00:00,2025-12-22 17:00:00,BLOCK,STATE=BALANCE|QL=NONE|LF=NONE,,blocked,NONE,907.8,910.4,907.1,909.55,907.6969019607844,2.268946603154324,912.234795167093,903.1590087544756,NY,DOWN,0.4926470588235193
USDCLP.mg,2025-12-22 18:00:00,2025-12-22 18:00:00,BLOCK,STATE=BALANCE|QL=NONE|LF=NONE,,blocked,NONE,909.65,910.8,909.65,910.5,908.0551897983393,2.215006572525435,912.4852029433902,903.6251766532883,NY_PM,UP,0.7413793103448255
USDCLP.mg,2025-12-22 19:00:00,2025-12-22 19:00:00,ALLOW,STATE=TRANSITION|QL=TRANSITION_UNCLASSIFIED|LF=LOOK_FOR_transition_repricing_near_vwap,TRANSITION_PERSISTENCE,transition_persistence,LONG,910.4,910.55,908.1,908.1,908.1162374821172,2.214469173980874,912.5451758300792,903.6872991341556,NY_PM,UP,0.3275862068965504
USDCLP.mg,2025-12-22 20:00:00,2025-12-22 20:00:00,BLOCK,STATE=BALANCE|QL=NONE|LF=NONE,,blocked,NONE,908.5,909.0,908.5,909.0,908.2064393939396,2.2156214722662013,912.637682338472,903.7751964494072,NY_PM,UP,0.4827586206896511
USDCLP.mg,2025-12-22 21:00:00,2025-12-22 21:00:00,BLOCK,STATE=BALANCE|QL=NONE|LF=NONE,,blocked,NONE,909.1,909.2,908.4,909.0,908.2712401507366,2.1839929844391164,912.6392261196148,903.9032541818584,NY_PM,UP,0.4827586206896511
USDCLP.mg,2025-12-23 13:00:00,2025-12-23 13:00:00,BLOCK,STATE=TRANSITION|QL=NONE|LF=NONE,,blocked,NONE,906.45,906.65,905.0,905.05,905.5666666666668,2.114962486868755,909.7965916404042,901.3367416929292,NY,DOWN,0.0071428571428506
USDCLP.mg,2025-12-23 14:00:00,2025-12-23 14:00:00,BLOCK,STATE=BALANCE|QL=NONE|LF=NONE,,blocked,NONE,905.2,906.9,905.2,906.9,906.0748148148148,2.0306431699294567,910.1361011546738,902.013528474956,NY,DOWN,0.2714285714285682
USDCLP.mg,2025-12-23 15:00:00,2025-12-23 15:00:00,ALLOW,STATE=TRANSITION|QL=TRANSITION_UNCLASSIFIED|LF=LOOK_FOR_transition_repricing_near_vwap,TRANSITION_PERSISTENCE,transition_persistence,SHORT,906.9,906.9,905.0,906.2,906.0566666666668,1.9754536918022392,910.0075740502712,902.1057592830624,NY,DOWN,0.2068965517241474
USDCLP.mg,2025-12-23 16:00:00,2025-12-23 16:00:00,BLOCK,STATE=BALANCE|QL=NONE|LF=NONE,,blocked,NONE,906.1,906.8,905.1,905.8,906.0089855072464,1.9041845170556653,909.817354541358,902.2006164731353,NY,DOWN,0.1379310344827518
USDCLP.mg,2025-12-23 17:00:00,2025-12-23 17:00:00,BLOCK,STATE=TRANSITION|QL=NONE|LF=NONE,,blocked,NONE,905.7,906.1,904.6,905.65,905.9407777777778,1.8273670735205547,909.595511924819,902.2860436307368,NY,DOWN,0.1693548387096719
USDCLP.mg,2025-12-23 18:00:00,2025-12-23 18:00:00,BLOCK,STATE=BALANCE|QL=NONE|LF=NONE,,blocked,NONE,905.6,908.3,905.55,907.5,906.1512583892618,1.753663022667748,909.6585844345972,902.6439323439264,NY_PM,DOWN,0.4677419354838724
USDCLP.mg,2025-12-23 19:00:00,2025-12-23 19:00:00,BLOCK,STATE=BALANCE|QL=NONE|LF=NONE,,blocked,NONE,907.3,907.3,907.0,907.2,906.25923180593,1.7619867075796831,909.7832052210896,902.7352583907708,NY_PM,UP,0.4193548387096857
USDCLP.mg,2025-12-23 20:00:00,2025-12-23 20:00:00,BLOCK,STATE=BALANCE|QL=NONE|LF=NONE,,blocked,NONE,907.1,907.3,906.8,907.3,906.337180930931,1.7704488228440072,909.878078576619,902.796283285243,NY_PM,UP,0.4354838709677357
USDCLP.mg,2025-12-23 21:00:00,2025-12-23 21:00:00,BLOCK,STATE=TRANSITION|QL=NONE|LF=NONE,,blocked,NONE,907.2,907.6,907.0,907.5,906.4025306254032,1.7775588140192484,909.9576482534416,902.8474129973646,NY_PM,UP,0.487394957983195
USDCLP.mg,2025-12-24 13:00:00,2025-12-24 13:00:00,ALLOW,STATE=TRANSITION|QL=TRANSITION_UNCLASSIFIED|LF=LOOK_FOR_transition_repricing_near_vwap,TRANSITION_PERSISTENCE,transition_persistence,SHORT,904.1,904.9,904.1,904.4,904.4666666666668,1.7757200734639431,908.0181068135946,900.9152265197388,NY,DOWN,0.0588235294117555
USDCLP.mg,2025-12-24 14:00:00,2025-12-24 14:00:00,ALLOW,STATE=TRANSITION|QL=TRANSITION_UNCLASSIFIED|LF=LOOK_FOR_transition_repricing_near_vwap,TRANSITION_PERSISTENCE,transition_persistence,SHORT,904.6,905.2,903.3,903.45,904.0535852713176,1.7399481597349604,907.5334815907876,900.5736889518478,NY,DOWN,0.0254237288135743
USDCLP.mg,2025-12-24 15:00:00,2025-12-24 15:00:00,ALLOW,STATE=TRANSITION|QL=TRANSITION_UNCLASSIFIED|LF=LOOK_FOR_transition_repricing_near_vwap,TRANSITION_PERSISTENCE,transition_persistence,SHORT,903.4,905.6,903.0,905.0,904.287748015873,1.7448248244954283,907.777397664864,900.7980983668822,NY,DOWN,0.377358490566041
USDCLP.mg,2025-12-24 16:00:00,2025-12-24 16:00:00,ALLOW,STATE=TRANSITION|QL=TRANSITION_UNCLASSIFIED|LF=LOOK_FOR_transition_repricing_near_vwap,TRANSITION_PERSISTENCE,transition_persistence,SHORT,905.1,905.9,904.0,904.0,904.2917666666668,1.7440539107906734,907.779874488248,900.8036588450854,NY,DOWN,0.1886792452830205
USDCLP.mg,2025-12-26 13:00:00,2025-12-26 13:00:00,ALLOW,STATE=TRANSITION|QL=TRANSITION_UNCLASSIFIED|LF=LOOK_FOR_transition_repricing_near_vwap,TRANSITION_PERSISTENCE,transition_persistence,SHORT,901.5,902.1,900.8,902.1,901.6666666666666,1.7432634347839748,905.1531935362344,898.1801397970987,NY,DOWN,0.1733333333333424
USDCLP.mg,2025-12-26 14:00:00,2025-12-26 14:00:00,ALLOW,STATE=TRANSITION|QL=TRANSITION_UNCLASSIFIED|LF=LOOK_FOR_transition_repricing_near_vwap,TRANSITION_PERSISTENCE,transition_persistence,SHORT,902.05,903.8,902.05,903.5,902.413988095238,1.7452244532620529,905.9044370017622,898.923539188714,NY,DOWN,0.360000000000006
USDCLP.mg,2025-12-26 15:00:00,2025-12-26 15:00:00,ALLOW,STATE=TRANSITION|QL=TRANSITION_UNCLASSIFIED|LF=LOOK_FOR_transition_repricing_near_vwap,TRANSITION_PERSISTENCE,transition_persistence,SHORT,903.4,904.4,903.25,903.6,902.7113231552164,1.750386782089287,906.2120967193948,899.2105495910378,NY,DOWN,0.3733333333333424
USDCLP.mg,2025-12-26 16:00:00,2025-12-26 16:00:00,BLOCK,STATE=TRANSITION|QL=TRANSITION_UNCLASSIFIED|LF=LOOK_FOR_transition_dislocated_from_vwap,TRANSITION_RESOLUTION,transition_resolution,LONG,903.5,906.2,903.2,906.0,903.301860841424,1.799713774861214,906.9012883911464,899.7024332917016,NY,UP,0.6933333333333394
USDCLP.mg,2025-12-26 17:00:00,2025-12-26 17:00:00,ALLOW,STATE=TRANSITION|QL=TRANSITION_UNCLASSIFIED|LF=LOOK_FOR_transition_repricing_near_vwap,TRANSITION_PERSISTENCE,transition_persistence,SHORT,905.9,905.9,901.5,902.5,903.2657769869514,1.7966174577705456,906.8590119024924,899.6725420714104,NY,DOWN,0.2500000000000041
USDCLP.mg,2025-12-26 18:00:00,2025-12-26 18:00:00,ALLOW,STATE=TRANSITION|QL=TRANSITION_UNCLASSIFIED|LF=LOOK_FOR_transition_repricing_near_vwap,TRANSITION_PERSISTENCE,transition_persistence,LONG,902.6,904.9,902.5,904.9,903.413436329588,1.8053111014220316,907.0240585324322,899.802814126744,NY_PM,UP,0.6029411764705855
USDCLP.mg,2025-12-26 19:00:00,2025-12-26 19:00:00,ALLOW,STATE=TRANSITION|QL=TRANSITION_UNCLASSIFIED|LF=LOOK_FOR_transition_dislocated_from_vwap,TRANSITION_RESOLUTION,transition_resolution,LONG,905.0,906.2,905.0,906.15,903.5822119102862,1.8458454265582924,907.2739027634028,899.8905210571696,NY_PM,UP,0.7867647058823484
USDCLP.mg,2025-12-26 20:00:00,2025-12-26 20:00:00,BLOCK,STATE=TRANSITION|QL=TRANSITION_UNCLASSIFIED|LF=LOOK_FOR_transition_dislocated_from_vwap,TRANSITION_RESOLUTION,transition_resolution,LONG,906.1,906.55,906.1,906.5,903.7355401844532,1.880179710743738,907.4958996059408,899.9751807629658,NY_PM,UP,0.9913043478260948
USDCLP.mg,2025-12-29 13:00:00,2025-12-29 13:00:00,BLOCK,STATE=TRANSITION|QL=NONE|LF=NONE,,blocked,NONE,906.5,906.5,906.1,906.1,906.2333333333332,1.8771058146532529,909.9875449626396,902.4791217040269,NY,UP,0.9217391304347944
USDCLP.mg,2025-12-29 14:00:00,2025-12-29 14:00:00,ALLOW,STATE=TRANSITION|QL=TRANSITION_UNCLASSIFIED|LF=LOOK_FOR_transition_repricing_near_vwap,TRANSITION_PERSISTENCE,transition_persistence,LONG,906.1,910.0,905.9,909.4,908.1804597701148,1.8867205924117143,911.9539009549384,904.4070185852914,NY,UP,0.93478260869565
USDCLP.mg,2025-12-29 15:00:00,2025-12-29 15:00:00,BLOCK,STATE=TRANSITION|QL=NONE|LF=NONE,,blocked,NONE,909.3,909.3,908.1,908.8,908.2079189686924,1.8892502419210169,911.9864194525344,904.4294184848504,NY,UP,0.8695652173913001
USDCLP.mg,2025-12-29 16:00:00,2025-12-29 16:00:00,BLOCK,STATE=TRANSITION|QL=NONE|LF=NONE,,blocked,NONE,908.9,910.0,908.9,909.4,908.2849696969696,1.897408372598356,912.0797864421664,904.4901529517728,NY,UP,0.93478260869565
USDCLP.mg,2025-12-29 17:00:00,2025-12-29 17:00:00,BLOCK,STATE=TRANSITION|QL=TRANSITION_UNCLASSIFIED|LF=LOOK_FOR_transition_dislocated_from_vwap,TRANSITION_RESOLUTION,transition_resolution,LONG,909.6,913.5,909.6,912.9,908.9171635049684,1.982576606120273,912.882316717209,904.952010292728,NY,UP,0.949999999999998
USDCLP.mg,2025-12-29 18:00:00,2025-12-29 18:00:00,BLOCK,STATE=TRANSITION|QL=NONE|LF=NONE,,blocked,NONE,912.95,916.4,912.95,913.75,909.5675945753036,2.059475034134508,913.6865446435723,905.4486445070344,NY_PM,UP,0.8221476510067126
USDCLP.mg,2025-12-29 19:00:00,2025-12-29 19:00:00,BLOCK,STATE=TRANSITION|QL=NONE|LF=NONE,,blocked,NONE,913.8,914.3,913.8,914.3,910.0241887905604,2.1141233427814794,914.2524354761234,905.7959421049976,NY_PM,UP,0.859060402684562
USDCLP.mg,2025-12-29 20:00:00,2025-12-29 20:00:00,BLOCK,STATE=TRANSITION|QL=NONE|LF=NONE,,blocked,NONE,914.5,915.0,914.35,915.0,910.380291603821,2.0494640263863886,914.4792196565936,906.2813635510482,NY_PM,UP,0.9060402684563772
USDCLP.mg,2025-12-29 21:00:00,2025-12-29 21:00:00,BLOCK,STATE=TRANSITION|QL=NONE|LF=NONE,,blocked,NONE,915.0,915.0,914.5,914.6,910.6275076653526,1.9589965856320255,914.5455008366166,906.7095144940886,NY_PM,UP,0.8705035971223052
USDCLP.mg,2025-12-30 13:00:00,2025-12-30 13:00:00,BLOCK,STATE=TRANSITION|QL=NONE|LF=NONE,,blocked,NONE,912.8,913.0,911.3,912.6,912.3,1.8153756368012877,915.9307512736026,908.6692487263977,NY,UP,0.66666666666667
USDCLP.mg,2025-12-30 14:00:00,2025-12-30 14:00:00,ALLOW,STATE=TRANSITION|QL=TRANSITION_UNCLASSIFIED|LF=LOOK_FOR_transition_repricing_near_vwap,TRANSITION_PERSISTENCE,transition_persistence,SHORT,912.5,913.0,910.35,910.45,911.5191287878788,1.6780086720940923,914.875146132067,908.1631114436906,NY,DOWN,0.4333333333333398
USDCLP.mg,2025-12-30 15:00:00,2025-12-30 15:00:00,BLOCK,STATE=TRANSITION|QL=NONE|LF=NONE,,blocked,NONE,910.4,910.95,908.7,909.3,910.8883865248226,1.5603287496250688,914.0090440240728,907.7677290255724,NY,DOWN,0.3238095238095216
USDCLP.mg,2025-12-30 16:00:00,2025-12-30 16:00:00,BLOCK,STATE=TRANSITION|QL=TRANSITION_UNCLASSIFIED|LF=LOOK_FOR_transition_dislocated_from_vwap,TRANSITION_RESOLUTION,transition_resolution,SHORT,909.4,909.5,902.0,902.7,909.1563078703704,1.8673758211068527,912.891059512584,905.4215562281566,NY,DOWN,0.0486111111111143
